time,Dynamic_hardening_term,Dynamic_hardening_term_avg,Energy,Ep_eff,F_norm,Phi,Prager_term,Prager_term_avg,Static_hardening_term,Static_hardening_term_avg,backstress01,backstress02,backstress03,backstress04,backstress05,backstress06,backstress07,backstress08,backstress09,backstress10,backstress11,backstress12,backstress_avg,entropy_generation_rate,gamma_dot_average,phi_1,phi_2,slip_resistance_avg,ssd,strain_xx,strain_yy,strain_zz,stress_xx,stress_yy,stress_zz,vonmises
0,0,0,0,0,0,0,0,0,0,0,0,0,0,0,0,0,0,0,0,0,0,0,0,0,0,0,0,0,0,0,0,0,0,0,0,0
0.0165,-1.6866867060786e-294,-5.622289020262e-295,7.3179792494471e-173,0,1.7320544275189,0,2.6349274384275e-166,6.3131962781786e-146,2.9764820834424e-168,-7.1315495589012e-148,-2.0841332379017e-168,2.0841332379257e-168,1.4980536475896e-147,1.4980536475896e-147,-5.0124116207033e-158,-5.0124116206677e-158,2.0841332379018e-168,-2.0841332379256e-168,5.0124116207034e-158,5.0124116206677e-158,1.4980536475896e-147,1.4980536475896e-147,4.9935121586321e-148,5.3221901495559e-154,6.3131962781786e-152,5.9186892897486e-20,0,360.31469625632,100000000,-4.4788392714074e-41,-1.0230296878993e-05,1.6499863875692e-05,0.68029634769995,7.1187854312108e-10,1.7776071802828,1.5535091676413
0.1165,-1.3420872015908e-184,-4.4736240052956e-185,4.072553087913e-117,8.8516270835616e-110,1.7320763626565,0,2.0768112990152e-111,5.02612485462e-91,2.9451885080315e-113,-7.1276478795774e-93,-2.0622214713615e-113,2.0622214713385e-113,1.4972340606435e-92,1.4972340606383e-92,-5.0408884905152e-103,-5.0408884905213e-103,2.0622214713562e-113,-2.0622214713439e-113,5.0408884904946e-103,5.0408884905419e-103,1.497234060642e-92,1.4972340606397e-92,4.9937743484526e-93,2.9923226761294e-98,5.02612485462e-97,-1.0539534755743e-16,0,360.31469625632,100000000,-1.3109745502982e-34,-7.2248969130971e-05,0.00011649321438788,4.8033622752986,1.4839883792684e-08,12.553645257281,10.971170953437
0.2165,-8.4690773490974e-156,-2.8230257830345e-156,1.8104570945481e-102,1.6443617554883e-95,1.7320982908083,0,4.9679968018817e-97,1.2143946123283e-76,7.6161343904927e-99,-1.8615514418712e-78,-5.3328185363624e-99,5.3328185363492e-99,3.9103758652171e-78,3.9103758652121e-78,-1.3246619455111e-88,-1.3246619455104e-88,5.3328185363484e-99,-5.3328185363632e-99,1.3246619455105e-88,1.324661945511e-88,3.9103758652131e-78,3.910375865216e-78,1.3124861891396e-78,1.343875512008e-83,1.2143946123283e-82,-3.474906586475e-16,0,360.31469625632,100000000,-1.9984014443253e-17,-0.00013429695968682,0.00021647656722967,8.9265276798647,2.7583452945617e-08,23.334253393851,20.39304828045
0.3165,-1.3808544149467e-138,-4.6028480498156e-139,9.9653626062637e-94,3.7581345151771e-87,1.7321202119799,0,1.8705318564254e-88,4.6183355981576e-68,3.2332409659286e-90,-7.9810710833759e-70,-2.2639158491172e-90,2.2639158491213e-90,1.6765041803851e-69,1.6765041803857e-69,-5.7140529483109e-80,-5.7140529483082e-80,2.2639158491226e-90,-2.2639158491159e-90,5.7140529483061e-80,5.714052948313e-80,1.6765041803866e-69,1.6765041803842e-69,5.6771434182261e-70,7.4729590099608e-75,4.6183355981576e-74,-2.3351150126455e-16,0,360.31469625632,100000000,-3.3306690738755e-17,-0.0001963742692107,0.00031644992439993,13.049793019449,4.0351252894647e-08,34.119433588567,29.819143147987
0.4165,-2.9248944430604e-126,-9.7496481435265e-127,1.7762605853428e-87,4.4903749613081e-81,1.7321421261624,0,2.5335654090692e-82,6.3182080358433e-62,4.9570061382814e-84,-1.2357057007614e-63,-3.4708965025736e-84,3.4708965025801e-84,2.5957239967038e-63,2.5957239967055e-63,-8.9011078438326e-74,-8.9011078438318e-74,3.4708965025799e-84,-3.4708965025738e-84,8.9011078438321e-74,8.9011078438323e-74,2.5957239967056e-63,2.5957239967037e-63,8.8620288685962e-64,1.3456571445045e-68,6.3182080358433e-68,1.1716888894952e-17,0,360.31469625632,100000000,-4.1744385725906e-17,-0.00025848092378377,0.00041641328789696,17.173158751667,5.3129293316898e-08,44.909187841285,39.249457557634
0.5165,-1.1963839132426e-116,-3.9879463774771e-117,1.3157595534927e-82,2.5283021651278e-76,1.7321640333466,0,1.5133569237341e-77,3.8119233194743e-57,3.3278355468995e-79,-8.377707309572e-59,-2.3301509900643e-79,2.3301509900643e-79,1.7598216053729e-58,1.759821605373e-58,-6.0715049897272e-69,-6.071504989728e-69,2.3301509900638e-79,-2.3301509900649e-79,6.0715049897289e-69,6.0715049897263e-69,1.7598216053727e-58,1.7598216053732e-58,6.0496923159316e-59,1.0070060507491e-63,3.8119233194743e-63,-6.3508201159835e-17,0,360.31469625632,100000000,-5.3290705182007e-17,-0.00032061694952404,0.00051636665971897,21.296625334583,6.5924181755884e-08,55.70351815399,48.683993512793
0.6165,-9.0953141642804e-109,-3.0317713880917e-109,1.2849239498722e-78,1.7628203970469e-72,1.7321859335236,0,1.2381526832442e-73,3.1500507028583e-53,3.0315896975241e-75,-7.7072409237098e-55,-2.1227195982479e-75,2.1227195982501e-75,1.618983403713e-54,1.6189834037123e-54,-5.6196577243643e-65,-5.6196577243567e-65,2.1227195982481e-75,-2.12271959825e-75,5.6196577243601e-65,5.619657724361e-65,1.6189834037131e-54,1.6189834037123e-54,5.5973442004976e-55,9.9348275985995e-60,3.1500507028583e-59,1.3438789381345e-16,0,360.31469625632,100000000,-6.5725203057809e-17,-0.00038278237258742,0.00061631004186292,25.42019322665,7.8728257527673e-08,66.502426530703,58.122753018618
0.7165,-4.3532387346501e-102,-1.4510795782166e-102,3.079638683789e-75,3.2268242306644e-69,1.7322078266842,0,2.5533368536481e-70,6.561325364112e-50,6.8980684311694e-72,-1.7710045830807e-51,-4.8300286350957e-72,4.8300286351009e-72,3.7201730895501e-51,3.7201730895507e-51,-1.2991778622143e-61,-1.2991778622138e-61,4.8300286350977e-72,-4.830028635099e-72,1.2991778622143e-61,1.2991778622138e-61,3.7201730895507e-51,3.7201730895502e-51,1.292282527469e-51,2.4055234655839e-56,6.561325364112e-56,2.9648754969316e-16,0,360.31469625632,100000000,-8.5709217501062e-17,-0.00044497721916804,0.00071624343632552,29.543862886793,9.1558773900189e-08,77.305914977634,67.565738082126
0.8165,-2.7310364866137e-96,-9.1034549553805e-97,2.6310071905398e-72,2.4207333492773e-66,1.7322297128193,0,1.9141900491672e-67,4.9683044449111e-47,5.6593060617619e-69,-1.4672971578985e-48,-3.9626470229832e-69,3.9626470229852e-69,3.0822051243318e-48,3.0822051243335e-48,-1.0829379601172e-58,-1.0829379601178e-58,3.9626470229865e-69,-3.9626470229819e-69,1.0829379601176e-58,1.0829379601174e-58,3.0822051243328e-48,3.0822051243325e-48,1.0749228026776e-48,2.0761481686685e-53,4.9683044449111e-53,1.5824062020777e-16,0,360.31469625632,100000000,-1.1235457009207e-16,-0.00050720151549537,0.00081616684510272,33.667634774322,1.0440066484824e-07,88.113985503027,77.012950712103
0.9165,-3.6126791905836e-91,-1.2042263968614e-91,1.020335428583e-69,6.781839034958e-64,1.7322515919199,0,6.6133933714764e-65,1.7337511175457e-44,2.1243421677507e-66,-5.5621336216075e-46,-1.487464730652e-66,1.4874647306507e-66,1.1683820593844e-45,1.1683820593842e-45,-4.130116139646e-56,-4.1301161396473e-56,1.4874647306513e-66,-1.4874647306513e-66,4.1301161396461e-56,4.1301161396472e-56,1.1683820593841e-45,1.1683820593844e-45,4.0884453839079e-46,8.1340214263253e-51,1.7337511175457e-50,1.7477905647361e-16,0,360.31469625632,100000000,-1.1590728377087e-16,-0.0005694552878384,0.00091608027018969,37.791509348994,1.1726125622735e-07,98.926640117272,86.464392919162
1.0165,-1.3958623988362e-86,-4.6528746627871e-87,2.1197764130729e-67,1.0499860794522e-61,1.7322734639768,0,1.2387713849399e-62,3.2801400097696e-42,4.2960612468957e-64,-1.1359232831257e-43,-3.0081027823504e-64,3.0081027823511e-64,2.3861210016335e-43,2.3861210016333e-43,-8.486020611977e-54,-8.486020611975e-54,3.008102782351e-64,-3.0081027823505e-64,8.4860206119752e-54,8.4860206119769e-54,2.3861210016337e-43,2.3861210016332e-43,8.3736153007874e-44,1.7071748114868e-48,3.2801400097696e-48,-1.8800558543521e-16,0,360.31469625632,100000000,-1.3056222769592e-16,-0.00063173856250151,0.0010159837135815,41.915487070999,1.3014075957309e-07,109.74388083289,95.920066715744
1.1165,-1.9889472762545e-82,-6.6298242541849e-83,2.6558149235315e-65,1.276210226479e-59,1.732295328981,0,1.4130000910256e-60,3.7790426350376e-40,5.2613896949419e-62,-1.404883311598e-41,-3.684025918351e-62,3.6840259183473e-62,2.951098568404e-41,2.9510985684031e-41,-1.0559139653436e-51,-1.0559139653437e-51,3.6840259183477e-62,-3.6840259183506e-62,1.0559139653436e-51,1.0559139653436e-51,2.951098568403e-41,2.9510985684041e-41,1.0382023338113e-41,2.160781720824e-46,3.7790426350376e-46,-1.7674387691558e-16,0,360.31469625632,100000000,-1.4921397450962e-16,-0.0006940513658287,0.0011158771772727,46.039568400945,1.4303209107701e-07,120.56570966449,105.37997411611
1.2165,-1.2420050652998e-78,-4.1400168843336e-79,2.1903921150039e-63,9.4737030437232e-58,1.7323171869233,0,1.0695656980653e-58,2.8892493199785e-38,4.2553604469847e-60,-1.1474588548499e-39,-2.9796040756474e-60,2.9796040756461e-60,2.4103526292144e-39,2.410352629214e-39,-8.6767606305022e-50,-8.6767606305024e-50,2.9796040756466e-60,-2.9796040756469e-60,8.6767606305015e-50,8.6767606305031e-50,2.4103526292141e-39,2.4103526292143e-39,8.4980357125444e-40,1.80036129241e-44,2.8892493199785e-44,-3.4766801929391e-16,0,360.31469625632,100000000,-1.6786572132332e-16,-0.00075639372420121,0.0012157606632558,50.163753799873,1.5593783940546e-07,131.39212862883,114.84411713631
1.3165,-3.8759763372014e-75,-1.2919921124003e-75,1.2711918649583e-61,5.0893004298862e-56,1.7323390377946,0,5.7356486439972e-57,1.5649397112632e-36,2.4278437382767e-58,-6.6112302138741e-38,-1.6999765795937e-58,1.6999765795935e-58,1.3887553406381e-37,1.3887553406379e-37,-5.0296068611711e-48,-5.0296068611704e-48,1.6999765795935e-58,-1.6999765795937e-58,5.0296068611704e-48,5.0296068611711e-48,1.3887553406381e-37,1.388755340638e-37,4.9055724562417e-38,1.0555362966998e-42,1.5649397112632e-42,-1.7267015132182e-16,0,360.31469625632,100000000,-1.9939605522268e-16,-0.00081876566403717,0.001315634173525,54.28804372926,1.6885997082823e-07,142.22313974477,124.31249779427
1.4165,-6.6959361609911e-72,-2.2319787203299e-72,5.4676393456767e-60,2.0752344680602e-54,1.7323608815856,0,2.2928209890655e-55,6.3186209876477e-35,1.0286452146183e-56,-2.8287057494086e-36,-7.2025754623042e-57,7.2025754623041e-57,5.9419806745514e-36,5.9419806745505e-36,-2.1650596788605e-46,-2.16505967886e-46,7.2025754623034e-57,-7.2025754623048e-57,2.1650596788601e-46,2.1650596788604e-46,5.9419806745511e-36,5.9419806745507e-36,2.1024543240662e-36,4.5865459903578e-41,6.3186209876477e-41,-3.3992697908993e-16,0,360.31469625632,100000000,-2.2248869413488e-16,-0.00088116721179257,0.001415497710072,58.412438651015,1.8179428520238e-07,153.05874503333,133.78511810972
1.5165,-6.9450609190828e-69,-2.315020306361e-69,1.8162407316899e-58,5.8477655853705e-53,1.7323827182873,0,7.1139763565965e-54,1.9801643001235e-33,3.3712500681896e-55,-9.3621071528986e-35,-2.3605498449183e-55,2.3605498449182e-55,1.9666046843943e-34,1.9666046843941e-34,-7.2091678596475e-45,-7.2091678596462e-45,2.3605498449179e-55,-2.3605498449186e-55,7.2091678596468e-45,7.2091678596469e-45,1.9666046843942e-34,1.9666046843942e-34,6.968901361478e-35,1.5391561691654e-39,1.9801643001235e-39,-7.1851523956272e-17,0,360.31469625632,100000000,-2.3447910280083e-16,-0.00094359839396235,0.0015153512748885,62.536939027492,1.9476294710522e-07,163.89894651767,143.26198010423
1.6165,-4.6178416170515e-66,-1.5392805390166e-66,4.816870400875e-57,1.4981520474872e-51,1.7324045478904,0,1.7699671705978e-52,4.9761130588804e-32,8.8329255652314e-54,-2.4771229826034e-33,-6.1848159144067e-54,6.18481591441e-54,5.2034457434081e-33,5.2034457434088e-33,-1.9190559454541e-43,-1.9190559454539e-43,6.1848159144096e-54,-6.1848159144071e-54,1.9190559454539e-43,1.919055945454e-43,5.203445743409e-33,5.2034457434078e-33,1.8463874850903e-33,4.123796065941e-38,4.9761130588804e-38,6.9725229995577e-17,0,360.31469625632,100000000,-2.5002222514559e-16,-0.0010060592370793,0.0016151948699661,66.661545321442,2.0773158593281e-07,174.74374622305,152.7430858012
1.7165,-2.0768643542571e-63,-6.9228811808563e-64,1.0480707056017e-55,2.7641887129456e-50,1.7324263703858,0,3.6267469474508e-51,1.0298597102527e-30,1.900752560338e-52,-5.3830552675295e-32,-1.3309072512512e-52,1.3309072512512e-52,1.130764851607e-31,1.130764851607e-31,-4.1956239620795e-42,-4.1956239620794e-42,1.3309072512513e-52,-1.3309072512512e-52,4.1956239620793e-42,4.1956239620796e-42,1.1307648516071e-31,1.130764851607e-31,4.0172712217759e-32,9.0645302162481e-37,1.0298597102527e-36,-2.0706062431677e-16,0,360.31469625632,100000000,-2.5934809855244e-16,-0.0010685497677131,0.0017150284972957,70.786257996096,2.2072535861094e-07,185.59314617691,162.2284372259
1.8165,-6.6055683264802e-61,-2.2018561088272e-61,1.9135774753076e-54,4.4043497005527e-49,1.7324481857642,0,6.2571365516242e-50,1.7946170933661e-29,3.4353717786059e-51,-9.8251041682993e-31,-2.4054478769593e-51,2.4054478769589e-51,2.0638618599934e-30,2.0638618599933e-30,-7.704272848347e-41,-7.7042728483475e-41,2.4054478769588e-51,-2.4054478769594e-51,7.7042728483477e-41,7.7042728483468e-41,2.0638618599932e-30,2.0638618599935e-30,7.3403538720274e-31,1.6719482377578e-35,1.7946170933661e-35,-3.7585410456604e-17,0,360.31469625632,100000000,-2.8510527272374e-16,-0.0011310700124722,0.0018148521588678,74.911077515094,2.337411340199e-07,196.44714840882,171.71803640541
1.9165,-1.5422295610457e-58,-5.1407652034854e-59,2.9877392344186e-53,7.1352021924399e-48,1.7324699940165,0,9.2596237531872e-49,2.6824054813286e-28,5.3137346993825e-50,-1.5346995643933e-29,-3.7206778989554e-50,3.720677898956e-50,3.2237906522349e-29,3.223790652235e-29,-1.2107201246463e-39,-1.2107201246462e-39,3.7206778989556e-50,-3.7206778989558e-50,1.2107201246463e-39,1.2107201246462e-39,3.223790652235e-29,3.223790652235e-29,1.147724926779e-29,2.637187965839e-34,2.6824054813286e-34,3.0392994624371e-16,0,360.31469625632,100000000,-2.9887203822909e-16,-0.0011936199980039,0.0019146658566705,79.036004342502,2.467597065208e-07,207.30575495047,181.21188536865
2.0165,-2.7279982445106e-56,-9.0933274817019e-57,4.0535139686601e-52,7.7604823190613e-47,1.7324917951333,0,1.1939534481168e-47,3.493437431752e-27,7.1467136870723e-49,-2.0844423660896e-28,-5.0041300836392e-49,5.0041300836386e-49,4.3785806491568e-28,4.378580649157e-28,-1.6543801630398e-38,-1.65438016304e-38,5.0041300836391e-49,-5.0041300836387e-49,1.6543801630399e-38,1.6543801630399e-38,4.3785806491568e-28,4.378580649157e-28,1.5602763666647e-28,3.6145251019184e-33,3.493437431752e-33,-1.601939343743e-16,0,360.31469625632,100000000,-3.22852855561e-16,-0.0012561997509936,0.0020144695926934,83.16103894287,2.5980753408952e-07,218.16896783578,190.70998614646
2.1165,-3.7558977258256e-54,-1.2519659086083e-54,4.8445046083781e-51,1.0296946218236e-45,1.7325135891056,0,1.3595009132074e-46,4.0177150694427e-26,8.472078231603e-48,-2.4953610863389e-27,-5.9321505528332e-48,5.9321505528342e-48,5.2417567129955e-27,5.2417567129957e-27,-1.9925213582482e-37,-1.9925213582481e-37,5.9321505528344e-48,-5.932150552833e-48,1.992521358248e-37,1.9925213582482e-37,5.2417567129959e-27,5.2417567129953e-27,1.8694309008456e-27,4.3640496146496e-32,4.0177150694427e-32,-2.3388651383172e-16,0,360.31469625632,100000000,-3.361755318565e-16,-0.001318809298164,0.0021142633689246,87.286181781137,2.7286687633049e-07,229.03678910077,200.21234077146
2.2165,-4.1195193067911e-52,-1.3731731022636e-52,5.1606661075328e-50,1.0429359395372e-44,1.7325353759239,0,1.3828684527072e-45,4.1277569953999e-25,8.9562847076812e-47,-2.6639814409103e-26,-6.2711920059724e-47,6.2711920059722e-47,5.5959607119125e-26,5.5959607119124e-26,-2.140050799996e-36,-2.140050799996e-36,6.2711920059723e-47,-6.2711920059723e-47,2.140050799996e-36,2.140050799996e-36,5.5959607119125e-26,5.5959607119124e-26,1.997297051616e-26,4.6964138601257e-31,4.1277569953999e-31,-2.1527827465917e-16,0,360.31469625632,100000000,-3.539391002505e-16,-0.0013814486662774,0.0022140471873514,91.411433322695,2.8592483680839e-07,239.90922078361,209.71895127817
2.3165,-3.6727384181902e-50,-1.2242461393967e-50,4.9502943557976e-49,8.3052316618696e-44,1.732557155579,0,1.2692173113947e-44,3.8265062762621e-24,8.5294934937954e-46,-2.5620425744022e-25,-5.9723527287389e-46,5.9723527287387e-46,5.38182787929e-25,5.3818278792897e-25,-2.0706260236987e-35,-2.0706260236985e-35,5.9723527287387e-46,-5.9723527287389e-46,2.0706260236985e-35,2.0706260236987e-35,5.3818278792899e-25,5.3818278792897e-25,1.9222400377131e-25,4.5510486301232e-30,3.8265062762621e-30,-1.4336677592564e-16,0,360.31469625632,100000000,-3.717026686445e-16,-0.0014441178821343,0.0023138210499615,95.53679403342,2.9902330665228e-07,250.78626492471,219.22981970296
2.4165,-2.7088087339572e-48,-9.0293624465231e-49,4.3141082148925e-48,6.2831423817531e-43,1.7325789280617,0,1.0603174552091e-43,3.2287551485854e-23,7.3827672006254e-45,-2.2394532657494e-24,-5.169414792141e-45,5.169414792142e-45,4.7041966204595e-24,4.7041966204597e-24,-1.8208698529905e-34,-1.8208698529904e-34,5.1694147921417e-45,-5.1694147921413e-45,1.8208698529904e-34,1.8208698529904e-34,4.7041966204597e-24,4.7041966204594e-24,1.6813195808258e-24,4.0067375733601e-29,3.2287551485854e-29,1.5103967958827e-16,0,360.31469625632,100000000,-3.8102854205135e-16,-0.0015068169725733,0.002413584958741,99.662264379552,3.121200786439e-07,261.66792356655,228.74494808405
2.5165,-1.6784705454967e-46,-5.5949018183216e-47,3.4425424700495e-47,4.8344894898581e-42,1.7326006933627,0,8.1247206837124e-43,2.4988487257021e-22,5.8531551950237e-44,-1.792967977483e-23,-4.0983802175544e-44,4.0983802175553e-44,3.7663094065261e-23,3.7663094065263e-23,-1.4666623721653e-33,-1.4666623721653e-33,4.0983802175551e-44,-4.0983802175546e-44,1.4666623721653e-33,1.4666623721653e-33,3.7663094065263e-23,3.7663094065261e-23,1.3469373367277e-23,3.2299674177799e-28,2.4988487257021e-28,2.801645026246e-16,0,360.31469625632,100000000,-3.9923619965521e-16,-0.0015695459644719,0.0025133389156758,103.78784482785,3.2525210714429e-07,272.55419875388,238.26433846157
2.6165,-8.8575182012889e-45,-2.9525060670964e-45,2.5327419571124e-46,3.5332637770236e-41,1.7326224514726,0,5.7489780275589e-42,1.7858873803508e-21,4.2797132106615e-43,-1.3239048081298e-22,-2.9966558847261e-43,2.9966558847263e-43,2.7809950845883e-22,2.7809950845884e-22,-1.0895175513266e-32,-1.0895175513266e-32,2.9966558847265e-43,-2.996655884726e-43,1.0895175513266e-32,1.0895175513266e-32,2.7809950845884e-22,2.7809950845883e-22,9.9513018951992e-23,2.4006470272714e-27,1.7858873803508e-27,1.9008782744566e-16,0,360.31469625632,100000000,-4.1655567883936e-16,-0.0016323048847469,0.0026130829227513,107.91353584546,3.3838594521662e-07,283.44509253356,247.7879928775
2.7165,-4.0292234938811e-43,-1.3430744979604e-43,1.7285528802312e-45,2.1289847877708e-40,1.7326442023821,0,3.7790945953724e-41,1.1857213610554e-20,2.9035938199094e-42,-9.0706307551595e-22,-2.0330968639696e-42,2.0330968639697e-42,1.9053771380927e-21,1.9053771380927e-21,-7.5098965253036e-32,-7.5098965253034e-32,2.0330968639697e-42,-2.0330968639697e-42,7.5098965253035e-32,7.5098965253034e-32,1.9053771380927e-21,1.9053771380927e-21,6.8216969615751e-22,1.6551529170832e-26,1.1857213610554e-26,-2.3771600840239e-16,0,360.31469625632,100000000,-4.2676973066591e-16,-0.0016950937603532,0.002712816981952,112.0393379,3.515485005295e-07,294.34060695466,257.31591337568
2.8165,-1.5970506543542e-41,-5.3235021811808e-42,1.1003274529007e-44,1.4621029475754e-39,1.732665946082,0,2.3201781808083e-40,7.3527068044789e-20,1.8378460361175e-41,-5.7978932781054e-21,-1.2868600927819e-41,1.2868600927819e-41,1.2179057443077e-20,1.2179057443077e-20,-4.8293070029169e-31,-4.8293070029169e-31,1.2868600927819e-41,-1.2868600927819e-41,4.829307002917e-31,4.8293070029169e-31,1.2179057443077e-20,1.2179057443077e-20,4.3625662738961e-21,1.0643759448156e-25,7.3527068044789e-26,2.1417775682174e-16,0,360.31469625632,100000000,-4.3165471197426e-16,-0.0017579126182855,0.0028125410952619,116.16525145952,3.6471323067153e-07,305.24074406841,266.84810200187
2.9165,-5.5691648289096e-40,-1.8563882763032e-40,6.5648909490364e-44,7.6902160653113e-39,1.7326876825628,0,1.336807912819e-39,4.2788347578867e-19,1.0905431171124e-40,-3.4742681193126e-20,-7.6359846760321e-41,7.6359846760317e-41,7.2980493031064e-20,7.2980493031058e-20,-2.9113552373655e-30,-2.9113552373652e-30,7.6359846760314e-41,-7.6359846760323e-41,2.9113552373653e-30,2.9113552373655e-30,7.2980493031061e-20,7.298049303106e-20,2.6154024089803e-20,6.4153126485287e-25,4.2788347578867e-25,-4.4676766430344e-16,0,360.31469625632,100000000,-4.4986236957811e-16,-0.0018207614855761,0.002912255264665,120.29127699255,3.779056351642e-07,316.14550592828,276.38456080369
3.0165,-1.7234429128505e-38,-5.7448097095018e-39,3.6872539167467e-43,4.1991522250769e-38,1.7327094118152,0,7.2593460319221e-39,2.3468437263968e-18,6.0930071080226e-40,-1.9602501938417e-19,-4.2663245659651e-40,4.266324565966e-40,4.1177025116618e-19,4.1177025116619e-19,-1.6525696955602e-29,-1.65256969556e-29,4.2663245659653e-40,-4.2663245659657e-40,1.6525696955602e-29,1.65256969556e-29,4.1177025116619e-19,4.1177025116619e-19,1.4763106924043e-19,3.6400732508282e-24,2.3468437263968e-24,1.549843257636e-16,0,360.31469625632,100000000,-4.6318504587362e-16,-0.0018836403892977,0.0030119594921437,124.417414968,3.9110289030283e-07,327.05489458985,285.92529183062
3.1165,-4.7701444122534e-37,-1.5900481374177e-37,1.9573356328658e-42,2.3030211906805e-37,1.7327311338298,0,3.7298403924209e-38,1.2178860459808e-17,3.2179890751755e-39,-1.0454990608279e-18,-2.253236472735e-39,2.2532364727354e-39,2.1961758362456e-18,2.1961758362457e-18,-8.8672197961033e-29,-8.8672197961029e-29,2.2532364727354e-39,-2.2532364727351e-39,8.867219796103e-29,8.8672197961033e-29,2.1961758362457e-18,2.1961758362455e-18,7.8771617142825e-19,1.9520399749196e-23,1.2178860459808e-23,1.6108134799629e-16,0,360.31469625632,100000000,-4.7606363295927e-16,-0.0019465493565612,0.0031116537796806,128.54366585531,4.043361800675e-07,337.96891211101,295.4702971341
3.2165,-1.1892248844646e-35,-3.9640829482152e-36,9.8552544207297e-42,1.1172823703647e-36,1.7327528485973,0,1.8195778405613e-37,6.000899423984e-17,1.6123084984182e-38,-5.2898872399539e-18,-1.128938672279e-38,1.128938672279e-38,1.111193971198e-17,1.111193971198e-17,-4.5136193020616e-28,-4.5136193020617e-28,1.1289386722791e-38,-1.1289386722789e-38,4.5136193020615e-28,4.5136193020618e-28,1.111193971198e-17,1.111193971198e-17,3.9871458626279e-18,9.929037065475e-23,6.000899423984e-23,-2.2473392315647e-16,0,360.31469625632,100000000,-4.8805404162522e-16,-0.0020094884145173,0.0032113381292572,132.6700301243,4.1757607521301e-07,348.88756055173,305.0195787674
3.3165,-2.6877050377214e-34,-8.9590167924045e-35,4.7219464317268e-41,4.6132317833096e-36,1.7327745561082,0,8.4551568861508e-37,2.8164124124883e-16,7.6882366249757e-38,-2.5473236638215e-17,-5.3833045326507e-38,5.3833045326507e-38,5.350909328557e-17,5.350909328557e-17,-2.1866358425709e-27,-2.1866358425709e-27,5.3833045326506e-38,-5.3833045326508e-38,2.186635842571e-27,2.1866358425709e-27,5.350909328557e-17,5.350909328557e-17,1.9207021638557e-17,4.8059117762864e-22,2.8164124124883e-22,-1.587883875513e-16,0,360.31469625632,100000000,-4.9826809345177e-16,-0.0020724575903555,0.0033110125428546,136.79650824527,4.3083164090677e-07,359.81084197426,314.57313878572
3.4165,-5.5388889691457e-33,-1.8462963230487e-33,2.1592814505329e-40,1.9938037758985e-35,1.7327962563532,0,3.7532084914902e-36,1.2627160728545e-15,3.4994459798425e-37,-1.170888998266e-16,-2.4503126430649e-37,2.4503126430647e-37,2.4595699998826e-16,2.4595699998826e-16,-1.0111626391204e-26,-1.0111626391203e-26,2.4503126430647e-37,-2.4503126430649e-37,1.0111626391204e-26,1.0111626391204e-26,2.4595699998826e-16,2.4595699998826e-16,8.8316766256663e-17,2.2201330325362e-21,1.2627160728545e-21,1.5002844870241e-16,0,360.31469625632,100000000,-5.0981441290787e-16,-0.002135456911305,0.0034106770224537,140.92310068898,4.4409027234171e-07,370.73875844305,324.13097924618
3.5165,-1.0464180087544e-31,-3.4880600291816e-32,9.4494220013749e-40,9.4224868518001e-35,1.7328179493228,0,1.5957458111419e-35,5.4224397980829e-15,1.5245225134752e-36,-5.1512098272045e-16,-1.0674709113736e-36,1.0674709113736e-36,1.0820633871234e-15,1.0820633871234e-15,-4.4753460441433e-26,-4.4753460441431e-26,1.0674709113736e-36,-1.0674709113736e-36,4.4753460441431e-26,4.4753460441432e-26,1.0820633871234e-15,1.0820633871234e-15,3.8866930523036e-16,9.8149830893263e-21,5.4224397980829e-21,-1.6810402399833e-16,0,360.31469625632,100000000,-5.2713389209202e-16,-0.0021984864046342,0.0035103315700342,145.04980792662,4.5738490647148e-07,381.67131202473,333.69310220774
3.6165,-1.8211756406812e-30,-6.0705854689367e-31,3.9671889577979e-39,3.9724425509067e-34,1.7328396350076,0,6.5141494766765e-35,2.2357143899411e-14,6.3723555222906e-36,-2.1743741935874e-15,-4.4619243709759e-36,4.4619243709767e-36,4.567491489788e-15,4.5674914897884e-15,-1.9004781971711e-25,-1.9004781971712e-25,4.4619243709767e-36,-4.461924370976e-36,1.9004781971712e-25,1.9004781971711e-25,4.5674914897883e-15,4.5674914897881e-15,1.6411243955314e-15,4.1627595335694e-20,2.2357143899411e-20,1.5711508889221e-16,0,360.31469625632,100000000,-5.4933835258453e-16,-0.0022615460976514,0.0036099761875752,149.17663042986,4.7069508123585e-07,392.60850478819,343.25950973134
3.7165,-2.9329931243194e-29,-9.7766437477324e-30,1.6015035832285e-38,1.5782268975336e-33,1.7328613133981,0,2.5588879936372e-34,8.8702737681797e-14,2.5614135275122e-35,-8.8261803097364e-15,-1.7935021676956e-35,1.7935021676953e-35,1.8540278656244e-14,1.8540278656244e-14,-7.7608941582943e-25,-7.7608941582947e-25,1.7935021676954e-35,-1.7935021676954e-35,7.7608941582944e-25,7.7608941582946e-25,1.8540278656244e-14,1.8540278656244e-14,6.6636076478674e-15,1.6976182640539e-19,8.8702737681797e-20,1.7733933636387e-16,0,360.31469625632,100000000,-5.7154281307703e-16,-0.002324636017704,0.0037096108770559,153.3035686708,4.840242678793e-07,403.55033880451,352.83020387981
3.8165,-4.3891031670333e-28,-1.4630343890111e-28,6.2294158941303e-38,5.5909028436838e-33,1.7328829844849,0,9.6924537817435e-34,3.3934870798126e-13,9.9214817855414e-35,-3.4524576786912e-14,-6.9470231565465e-35,6.9470231565468e-35,7.252234280917e-14,7.2522342809171e-14,-3.0540547588285e-24,-3.0540547588285e-24,6.9470231565466e-35,-6.9470231565467e-35,3.0540547588285e-24,3.0540547588284e-24,7.252234280917e-14,7.2522342809171e-14,2.6072824566308e-14,6.6707197860628e-19,3.3934870798126e-19,-1.1556557102725e-16,0,360.31469625632,100000000,-5.7776006201493e-16,-0.0023877561921792,0.0038092356404543,157.43062312199,4.9736403246301e-07,414.496816147,362.40518671788
3.9165,-6.1263172977716e-27,-2.0421057659239e-27,2.3392549156248e-37,2.15308883002e-32,1.7329046482585,0,3.5467065925623e-33,1.2541919424613e-12,3.7104261034381e-34,-1.3038698839923e-13,-2.5980409598497e-34,2.5980409598496e-34,2.73890971319e-13,2.7389097131899e-13,-1.1603562136604e-23,-1.1603562136604e-23,2.5980409598496e-34,-2.5980409598498e-34,1.1603562136604e-23,1.1603562136604e-23,2.7389097131899e-13,2.7389097131899e-13,9.8494324969457e-14,2.5305546989053e-18,1.2541919424613e-18,8.2403013849874e-17,0,360.31469625632,100000000,-5.9907634408773e-16,-0.0024509066485046,0.0039088504797475,161.55779425645,5.1071780735141e-07,425.44793889118,371.9844603122
4.0165,-8.004063565143e-26,-2.6680211883807e-26,8.4955516168149e-37,6.8624886760623e-32,1.7329263047094,0,1.255983115107e-32,4.4858876977356e-12,1.3421216430541e-33,-4.7627842235395e-13,-9.3975379230019e-34,9.3975379230024e-34,1.0004706859045e-12,1.0004706859045e-12,-4.2640838558157e-23,-4.2640838558155e-23,9.3975379230024e-34,-9.3975379230018e-34,4.2640838558155e-23,4.2640838558157e-23,1.0004706859045e-12,1.0004706859045e-12,3.5987331471267e-13,9.2841495811107e-18,4.4858876977356e-18,-1.6151180134146e-16,0,360.31469625632,100000000,-6.0662586065519e-16,-0.0025140874141472,0.0040084553969133,165.68508254768,5.241025953144e-07,436.40370911487,381.56802673138
4.1165,-9.8202803813008e-25,-3.2734267937669e-25,2.988857725044e-36,2.4227099264052e-31,1.7329479538282,0,4.3113297669024e-32,1.55525375896e-11,4.7032049596637e-33,-1.6854714573392e-12,-3.2931848761123e-33,3.2931848761127e-33,3.5405021639702e-12,3.5405021639703e-12,-1.5180746013921e-22,-1.5180746013921e-22,3.2931848761127e-33,-3.2931848761124e-33,1.5180746013921e-22,1.5180746013921e-22,3.5405021639704e-12,3.5405021639702e-12,1.2738457465414e-12,3.2996487891445e-17,1.55525375896e-17,2.3597774469356e-16,0,360.31469625632,100000000,-6.1950444774084e-16,-0.0025772985166131,0.0041080503939277,169.81248846959,5.3750133679981e-07,447.36412889803,391.15588804592
4.2165,-1.1348877340896e-23,-3.782959113632e-24,1.0201937896506e-35,7.3828253006077e-31,1.7329695956052,0,1.4366758950097e-31,5.2344832250158e-11,1.5991602501186e-32,-5.7873248988675e-12,-1.1197322666855e-32,1.1197322666856e-32,1.2156857500504e-11,1.2156857500505e-11,-5.2439143041179e-22,-5.2439143041179e-22,1.1197322666856e-32,-1.1197322666855e-32,5.2439143041179e-22,5.2439143041179e-22,1.2156857500505e-11,1.2156857500504e-11,4.3749718482139e-12,1.1377756587826e-16,5.2344832250158e-17,4.8953811222705e-17,0,360.31469625632,100000000,-6.2572169667874e-16,-0.0026405399834493,0.004207635472766,173.94001249655,5.5090335034646e-07,458.32920032291,400.74804632826
4.3165,-1.2388463343669e-22,-4.129487781223e-23,3.3833054830309e-35,2.5392171035243e-30,1.7329912300311,0,4.6540580875486e-31,1.7126608340702e-10,5.2832441789943e-32,-1.9308336028175e-11,-3.699328431631e-32,3.6993284316315e-32,4.0559100062327e-11,4.055910006233e-11,-1.7600609429027e-21,-1.7600609429027e-21,3.6993284316313e-32,-3.6993284316312e-32,1.7600609429027e-21,1.7600609429026e-21,4.0559100062329e-11,4.0559100062328e-11,1.4599560375752e-11,3.8117659378003e-16,1.7126608340702e-16,2.6302778183766e-17,0,360.31469625632,100000000,-6.3948846218409e-16,-0.0027038118422433,0.0043072106354041,178.06765510345,5.6432948268499e-07,469.29892547403,410.3445036528
4.4165,-1.280722846672e-21,-4.2690761555732e-22,1.09158024442e-34,8.1502640460021e-30,1.7330128570962,0,1.4675531734428e-30,5.4545325968424e-10,1.6982202994432e-31,-6.2675295444494e-11,-1.1890941293006e-31,1.1890941293007e-31,1.3165575612833e-10,1.3165575612834e-10,-5.7475599710033e-21,-5.7475599710035e-21,1.1890941293007e-31,-1.1890941293006e-31,5.7475599710035e-21,5.7475599710033e-21,1.3165575612833e-10,1.3165575612833e-10,4.740069314285e-11,1.2423709548681e-15,5.4545325968424e-16,2.4272004313293e-16,0,360.31469625632,100000000,-6.4881433559094e-16,-0.0027671141206212,0.0044067758838166,182.1954167656,5.7778903946148e-07,480.27330643812,419.94526209584
4.5164999999999,-1.2569724860232e-20,-4.1899082867439e-21,3.4305373553053e-34,7.2519464293894e-16,1.733034476791,0,4.5099384686612e-30,1.6930041026246e-09,5.3174825395882e-31,-1.9818306256298e-10,-3.7233021372761e-31,3.7233021372764e-31,4.1630343771838e-10,4.1630343771839e-10,-1.8283403608804e-20,-1.8283403608803e-20,3.7233021372763e-31,-3.7233021372761e-31,1.8283403608804e-20,1.8283403608803e-20,4.1630343771839e-10,4.1630343771837e-10,1.4991473440056e-10,3.9442818952422e-15,1.6930041026246e-15,-5.8638816067481e-17,0,360.31469625632,100000000,-6.6835426082434e-16,-0.0028304468462518,0.0045063312199772,186.32329795875,5.9125288218715e-07,491.25234530416,429.55032373565
4.6164999999999,-1.1738686287192e-19,-3.912895429064e-20,1.0513842838659e-33,2.7614589291055e-15,1.733056089106,0,1.3522380989793e-29,5.1270060462383e-09,1.623812856988e-30,-6.1115932308196e-10,-1.1369940260167e-30,1.1369940260167e-30,1.2838015716495e-09,1.2838015716495e-09,-5.6721468497697e-20,-5.6721468497697e-20,1.1369940260168e-30,-1.1369940260167e-30,5.6721468497696e-20,5.6721468497698e-20,1.2838015716495e-09,1.2838015716494e-09,4.6240024277799e-10,1.2211724729587e-14,5.1270060462383e-15,-7.8653063340532e-17,0,360.31469625632,100000000,-6.8256511553955e-16,-0.0028938100468423,0.0046058766458592,190.45129915908,6.0471903060671e-07,502.23604416326,439.15969065233
4.7164999999999,-1.0453526661727e-18,-3.4845088872419e-19,3.1457354315955e-33,8.4978610268765e-15,1.7330776940315,0,3.9600522317789e-29,1.5164720599037e-08,4.8411754755245e-30,-1.8400396969173e-09,-3.3897918537116e-30,3.3897918537118e-30,3.86518828329e-09,3.86518828329e-09,-1.7179948378982e-19,-1.7179948378982e-19,3.389791853712e-30,-3.3897918537115e-30,1.7179948378981e-19,1.7179948378982e-19,3.8651882832901e-09,3.8651882832899e-09,1.3924294424379e-09,3.6910252136914e-14,1.5164720599037e-14,-4.2374204306832e-16,0,360.31469625632,100000000,-6.927791673661e-16,-0.0029572037501414,0.0047054121634359,194.57942084322,6.1821430980344e-07,513.22440510873,448.77336492784
4.8164999999999,-8.8945478218312e-18,-2.9648492739438e-18,9.1977855485895e-33,2.4630108676497e-14,1.7330992915579,0,1.1338204593486e-28,4.3853089453804e-08,1.4105493519128e-29,-5.4140523903711e-09,-9.8766688514923e-30,9.8766688514929e-30,1.1372761087404e-08,1.1372761087404e-08,-5.0853151903206e-19,-5.0853151903206e-19,9.8766688514929e-30,-9.8766688514923e-30,5.0853151903206e-19,5.0853151903206e-19,1.1372761087404e-08,1.1372761087404e-08,4.0977703802479e-09,1.0902270438637e-13,4.3853089453804e-14,1.9345125294893e-16,0,360.31469625632,100000000,-7.052136652419e-16,-0.0030206279839387,0.0048049377746795,198.70766348809,6.3173371279822e-07,524.21743023566,458.3913486457
4.9164999999999,-7.2446451825919e-17,-2.4148817275306e-17,2.6306108351544e-32,7.0688113001351e-14,1.7331208816758,0,3.1767799614494e-28,1.2409806653339e-07,4.020305124238e-29,-1.5582993134843e-08,-2.8150183005089e-29,2.815018300509e-29,3.2733642966666e-08,3.2733642966667e-08,-1.4724690778503e-18,-1.4724690778503e-18,2.815018300509e-29,-2.8150183005089e-29,1.4724690778503e-18,1.4724690778503e-18,3.2733642966667e-08,3.2733642966666e-08,1.1796472435819e-08,3.1499139453272e-13,1.2409806653339e-13,-1.2100389647786e-16,0,360.31469625632,100000000,-7.1631589548815e-16,-0.0030840827760704,0.0049044534815613,202.83602757063,6.4526624549141e-07,535.21512164028,468.01364389039
5.0164999999999,-5.6585841435802e-16,-1.8861947145268e-16,7.3659557352485e-32,1.9950317492227e-13,1.7331424643753,0,8.717838998461e-28,3.4396025831822e-07,1.1218862742821e-28,-4.3913523615932e-08,-7.8554495134063e-29,7.8554495134064e-29,9.2244769089841e-08,9.2244769089842e-08,-4.1743858991205e-18,-4.1743858991206e-18,7.8554495134067e-29,-7.8554495134061e-29,4.1743858991206e-18,4.1743858991206e-18,9.2244769089842e-08,9.2244769089841e-08,3.3248557094258e-08,8.9100298806197e-13,3.4396025831822e-13,5.9330104123942e-17,0,360.31469625632,100000000,-7.3319128546245e-16,-0.0031475681544221,0.0050039592860528,206.96451356702,6.5881593590344e-07,546.21748141779,477.6402527455
5.1164999999999,-4.2453711872716e-15,-1.4151237290906e-15,2.0209927531258e-31,5.5132550860242e-13,1.733164039647,0,2.3451266384432e-27,9.3451618003912e-07,3.0677551319484e-28,-1.2126280709277e-07,-2.1480426413037e-28,2.1480426413038e-28,2.5472471162391e-07,2.5472471162392e-07,-1.1596316367391e-17,-1.1596316367391e-17,2.1480426413038e-28,-2.1480426413037e-28,1.1596316367391e-17,1.1596316367391e-17,2.5472471162392e-07,2.5472471162391e-07,9.1827478202839e-08,2.4695756576094e-12,9.3451618003912e-13,2.9192909771799e-16,0,360.31469625632,100000000,-7.4118489123975e-16,-0.003211084146948,0.0051034551901242,211.09312195079,6.723999168763e-07,557.22451165737,487.27117728925
5.2164999999999,-3.0642114306411e-14,-1.0214038102137e-14,5.4375887341223e-31,1.4955585315772e-12,1.733185607481,0,6.1886456579034e-27,2.4907881596774e-06,8.2265252064368e-28,-3.2838303330404e-07,-5.7602142847572e-28,5.7602142847569e-28,6.8980155965355e-07,6.8980155965354e-07,-3.1591511766944e-17,-3.1591511766945e-17,5.7602142847571e-28,-5.760214284757e-28,3.1591511766944e-17,3.1591511766945e-17,6.8980155965355e-07,6.8980155965355e-07,2.4871026349547e-07,6.7122944341322e-12,2.4907881596774e-12,-5.8309115726173e-17,0,360.31469625632,100000000,-7.5317529990571e-16,-0.0032746307817149,0.0052029411957453,215.22185318768,6.8597619439144e-07,568.23621442839,496.90641958259
5.3164999999999,-2.1308661984792e-13,-7.102887328264e-14,1.4357444213741e-30,3.9829710408587e-12,1.7332071678675,0,1.6032960554983e-26,6.5174102916562e-06,2.1650025378413e-27,-8.7272997509989e-07,-1.5159351283882e-27,1.5159351283882e-27,1.8332570106413e-06,1.8332570106414e-06,-8.4462902964015e-17,-8.4462902964018e-17,1.5159351283882e-27,-1.5159351283882e-27,8.4462902964017e-17,8.4462902964016e-17,1.8332570106413e-06,1.8332570106414e-06,6.6108669734493e-07,1.790392884383e-11,6.5174102916562e-12,-5.6148909003078e-16,0,360.31469625632,100000000,-7.6205708410271e-16,-0.0033382080870107,0.005302417304886,219.35070772301,6.9960169189409e-07,579.25259174672,506.54598163952
5.4164999999999,-1.429655379354e-12,-4.7655179311797e-13,3.7229072637074e-30,1.0418933497642e-11,1.7332287207965,0,4.0805602290484e-26,1.6753313590617e-05,5.5956549950526e-27,-2.277872541181e-06,-3.9180785357413e-27,3.9180785357412e-27,4.7849001691382e-06,4.7849001691382e-06,-2.2177426287827e-16,-2.2177426287827e-16,3.9180785357412e-27,-3.9180785357412e-27,2.2177426287827e-16,2.2177426287828e-16,4.7849001691382e-06,4.7849001691382e-06,1.7257233372392e-06,4.6898548461347e-11,1.6753313590617e-11,9.338428895628e-17,0,360.31469625632,100000000,-7.7804429565731e-16,-0.0034018160916199,0.0054018835195143,223.47968595028,7.1325618360126e-07,590.27364549074,516.18986535377
5.5164999999999,-9.2664679558458e-12,-3.0888226519488e-12,9.4865856461415e-30,2.6785396504057e-11,1.7332502662572,0,1.0209313312946e-25,4.2334677576326e-05,1.4212863174085e-26,-5.8427424940588e-06,-9.9518491013192e-27,9.9518491013189e-27,1.2273267727947e-05,1.2273267727947e-05,-5.7226002503619e-16,-5.7226002503619e-16,9.9518491013185e-27,-9.9518491013193e-27,5.7226002503619e-16,5.7226002503618e-16,1.2273267727947e-05,1.2273267727947e-05,4.4271021746061e-06,1.2072363055888e-10,4.2334677576326e-11,-8.8183431803538e-17,0,360.31469625632,100000000,-7.9314332879221e-16,-0.0034654548254777,0.0055013398415989,227.60878813479,7.2700101464238e-07,601.29937719712,525.83807231997
5.6164999999999,-5.8095625818163e-11,-1.9365208606055e-11,2.3770209845131e-29,6.7716682560925e-11,1.7332718042373,0,2.5125306082732e-25,0.00010522733828145,3.5499513151998e-26,-1.4737154063776e-05,-2.4856764870793e-26,2.4856764870794e-26,3.0956873002129e-05,3.0956873002128e-05,-1.4520609529008e-15,-1.4520609529008e-15,2.4856764870792e-26,-2.4856764870794e-26,1.4520609529008e-15,1.4520609529008e-15,3.0956873002129e-05,3.095687300213e-05,1.116799990347e-05,3.0557598256886e-10,1.0522733828145e-10,-2.2536201847629e-16,0,360.31469625632,100000000,-8.0335738061876e-16,-0.0035291243212519,0.0056007862731071,231.7380142311,7.4091830355408e-07,612.32978757236,535.4906034061
5.7164999999999,-3.5271817156575e-10,-1.1757272385525e-10,5.8601627489088e-29,1.6844710863255e-10,1.7332933347208,0,6.0857968564623e-25,0.00025742437513483,8.7243080850907e-26,-3.6574377380883e-05,-6.1087619371834e-26,6.1087619371835e-26,7.6828154934944e-05,7.6828154934938e-05,-3.6252924827951e-15,-3.6252924827955e-15,6.108761937183e-26,-6.1087619371831e-26,3.6252924827953e-15,3.6252924827953e-15,7.6828154934943e-05,7.682815493495e-05,2.7720160415141e-05,7.6102191357106e-10,2.5742437513483e-10,-1.2648314135554e-16,0,360.31469625632,100000000.00001,-8.1223916481576e-16,-0.0035928246180469,0.0057002228160058,235.86736345318,7.5523751899009e-07,623.36487534206,545.14745774643
5.8164999999999,-2.0760934877707e-09,-6.9203116259031e-10,1.4222780953132e-28,4.1251562210662e-10,1.7333148576831,0,1.4516256608322e-24,0.00062014968195862,2.1108212935143e-25,-8.9361233567087e-05,-1.4779974123167e-25,1.4779974123165e-25,0.00018771225074246,0.00018771225074241,-8.9107060104868e-15,-8.9107060104892e-15,1.4779974123163e-25,-1.4779974123164e-25,8.9107060104877e-15,8.9107060104883e-15,0.00018771225074245,0.00018771225074249,6.7736557623133e-05,1.8658118902858e-09,6.2014968195862e-10,1.4547079944337e-16,0,360.31469625633,100000000.00002,-8.3222317925902e-16,-0.0036565557699879,0.0057996494722618,239.99683327738,7.7045338221139e-07,634.404634581,554.80863040458
5.9164999999999,-1.1859027352192e-08,-3.9530091173987e-09,3.4000812025955e-28,9.9506774539884e-10,1.7333363730799,0,3.4115374132804e-24,0.0014719394155138,5.0305473283225e-25,-0.00021505914268174,-3.5223900557773e-25,3.5223900557759e-25,0.00045175333983302,0.00045175333983274,-2.1573641284091e-14,-2.1573641284104e-14,3.5223900557746e-25,-3.5223900557758e-25,2.1573641284095e-14,2.1573641284099e-14,0.00045175333983293,0.00045175333983321,0.00016303667623079,4.5056396421834e-09,1.4719394155138e-09,-1.0609470617712e-16,0,360.31469625636,100000000.00004,-8.5531581817122e-16,-0.0037203178658157,0.0058990662438401,244.12641716431,7.8773297848399e-07,645.44904860961,564.47410703114
6.0164999999999,-6.58029889473e-08,-2.1934329649115e-08,8.0101989830433e-28,2.3654385157913e-09,1.7333578808218,0,7.903491739352e-24,0.0034437401205222,1.1815216293295e-24,-0.00051005149517928,-8.2730163662423e-25,8.2730163662352e-25,0.0010714144191256,0.0010714144191241,-5.1475006069961e-14,-5.1475006070039e-14,8.2730163662275e-25,-8.2730163662342e-25,5.1475006069988e-14,5.1475006070009e-14,0.0010714144191251,0.0010714144191267,0.00038671700972186,1.0721792320551e-08,3.4437401205222e-09,-6.1728432221269e-17,0,360.31469625642,100000000.0001,-8.6952667288642e-16,-0.003784111072964,0.0059984731327069,248.25609942653,8.0972722083583e-07,656.49807623757,574.14385182265
6.1164999999999,-3.5497303732856e-07,-1.1832434577638e-07,1.8606015514149e-27,5.5438040588389e-09,1.7333793807183,0,1.8057765687897e-23,0.0079448941933389,2.7361403790295e-24,-0.0011926308062548,-1.9158459374889e-24,1.9158459374847e-24,0.0025052408523284,0.0025052408523197,-1.2109843342682e-13,-1.2109843342725e-13,1.9158459374805e-24,-1.9158459374844e-24,1.2109843342696e-13,1.2109843342709e-13,0.0025052408523255,0.0025052408523343,0.00090434833162926,2.5152101634755e-08,7.9448941933389e-09,2.9088486416208e-16,0,360.31469625655,100000000.00024,-8.7574392182432e-16,-0.0038479357353424,0.0060978701408264,252.3858438291,8.4234038638707e-07,667.55162119642,583.8177807649
6.2164999999999,-1.8628149816411e-06,-6.2093832721603e-07,4.2629736498924e-27,1.281443229572e-08,1.7334008723559,0,4.070751074317e-23,0.018079278150015,6.2502996731446e-24,-0.0027503464909029,-4.3764608456034e-24,4.376460845581e-24,0.005777379177969,0.005777379177922,-2.8102516392281e-13,-2.8102516392511e-13,4.376460845559e-24,-4.3764608455798e-24,2.8102516392358e-13,2.8102516392424e-13,0.0057773791779533,0.0057773791780003,0.0020857707715271,5.8183151509502e-08,1.8079278150015e-08,-3.2019493827332e-16,0,360.31469625686,100000000.00057,-8.8640206286072e-16,-0.00391179258716,0.0061972572701628,256.5155686287,8.9852360890876e-07,678.6094651783,593.49570301833
6.3164999999999,-9.5121136920264e-06,-3.170704564036e-06,9.6382292600116e-27,2.9220463278017e-08,1.7334223548342,0,9.057812504142e-23,0.040581395472196,1.4089998100655e-23,-0.00625675039728,-9.8658189570125e-24,9.8658189568974e-24,0.013142932930986,0.013142932930742,-6.4357342110293e-13,-6.4357342111493e-13,9.8658189567838e-24,-9.8658189568908e-24,6.4357342110693e-13,6.435734211104e-13,0.013142932930905,0.013142932931149,0.0047454467380778,1.3272540066478e-07,4.0581395472196e-08,4.2846502873977e-17,0,360.31469625757,100000000.00129,-9.0283336362518e-16,-0.003975683213428,0.006296634522679,260.64509274552,1.006261927224e-06,689.67112337123,603.17719445714
6.4164999999999,-4.7239306840511e-05,-1.5746435613809e-05,2.1510902714495e-26,6.5729813964611e-08,1.7334438262089,0,1.9900266444097e-22,0.089813795467336,3.1356882339117e-23,-0.014039745685607,-2.1956094103496e-23,2.1956094102918e-23,0.029491896623093,0.02949189662186,-1.4549930804108e-12,-1.454993080472e-12,2.1956094102348e-23,-2.1956094102886e-23,1.4549930804312e-12,1.4549930804489e-12,0.029491896622681,0.029491896623915,0.010649706084693,2.9844047149126e-07,8.9813795467337e-08,2.3512066822916e-16,0,360.31469625913,100000000.0029,-9.1748830755023e-16,-0.0040396110241248,0.0063960019003384,264.7740217393,1.2246560258217e-06,700.73553830515,612.86132966331
6.5164999999999,-0.00022771342248273,-7.5904474164172e-05,4.7403147949961e-26,1.4578061261679e-07,1.7334652823418,0,4.3180688916806e-22,0.19572309486888,6.891350573777e-23,-0.031055986605044,-4.825324790386e-23,4.8253247901038e-23,0.065236220582871,0.065236220576824,-3.2484062283454e-12,-3.2484062286491e-12,4.825324789825e-23,-4.8253247900879e-23,3.2484062284468e-12,3.2484062285343e-12,0.065236220580854,0.065236220586902,0.023560120919584,6.6055368710606e-07,1.9572309486889e-07,1.0071054832972e-16,0,360.31469626257,100000000.00644,-9.2770235937678e-16,-0.0041035832657376,0.0064953594051028,268.90151202955,1.6743761023957e-06,711.80044649682,622.5461274769
6.6164999999999,-0.0010602026879129,-0.00035340089600396,1.0315243676941e-25,3.1830649760559e-07,1.7334867146155,0,9.2544674060368e-22,0.41863348250434,1.495953743333e-22,-0.067601092553832,-1.0474670539422e-22,1.047467053808e-22,0.1420028879282,0.14200288789953,-7.1633632203721e-12,-7.16336322184e-12,1.0474670536754e-22,-1.0474670538003e-22,7.1633632208617e-12,7.1633632212854e-12,0.14200288791864,0.14200288794731,0.05129189126027,1.4344489396669e-06,4.1863348250436e-07,-5.2203320371763e-17,0,360.31469627,100000000.01406,-9.4901864144958e-16,-0.0041676150186981,0.0065947070389346,273.02580161396,2.5874962312787e-06,722.86111724884,632.22744689543
6.7164999999999,-0.0047175629736154,-0.0015725209915165,2.2160413039784e-25,6.8191154273585e-07,1.7335081056994,0,1.9586148275588e-21,0.8729808482685,3.2076514208352e-22,-0.14424865241406,-2.2459980457625e-22,2.2459980451427e-22,0.30300878946819,0.30300878933815,-1.5603040588953e-11,-1.5603040595845e-11,2.2459980445302e-22,-2.2459980451066e-22,1.5603040591252e-11,1.5603040593242e-11,0.30300878942486,0.3030087895549,0.10946835354555,3.0353739806987e-06,8.7298084826856e-07,-6.2238622276687e-17,0,360.31469628569,100000000.03011,-9.6411767458449e-16,-0.0042317366043466,0.0066940448037944,277.14333888886,4.3597066915701e-06,733.90801003116,641.89693622353
6.8164999999999,-0.019657268532181,-0.0065524228467081,4.696490527593e-25,1.4237308065259e-06,1.7335294227631,0,4.090351209044e-21,1.752287496551,6.7917783791008e-22,-0.29944466720196,-4.7556043246267e-22,4.755604321866e-22,0.62901361359734,0.6290136130432,-3.3559128935077e-11,-3.3559128966343e-11,4.7556043191304e-22,-4.755604321697e-22,3.3559128945505e-11,3.3559128954532e-11,0.62901361341294,0.62901361396708,0.22730620504991,6.1776434597332e-06,1.7522874965512e-06,1.4989822954157e-16,0,360.31469631783,100000000.06287,-1.0249578963339e-15,-0.0042960054623497,0.0067933727016424,281.24738178102,7.4973564705729e-06,744.92300458751,651.538732663
6.9164999999999,-0.074088521472029,-0.024696173843216,9.8038807004171e-25,2.8630988107081e-06,1.7335506098983,0,8.4165027694162e-21,3.3139959518972,1.4189088449374e-21,-0.59675728505657,-9.9352020406044e-22,9.9352020288567e-22,1.2535486430163,1.2535486408684,-7.1212007096496e-11,-7.1212007232289e-11,9.9352020171566e-22,-9.9352020280777e-22,7.1212007141792e-11,7.1212007180991e-11,1.2535486423032,1.2535486444512,0.45317926706405,1.1831492420552e-05,3.3139959518978e-06,-5.1160255050652e-17,0,360.31469638057,100000000.12643,-1.1821654766209e-15,-0.0043605194221053,0.006892690734439,285.32642235706,1.2171608543099e-05,755.87515411393,661.12574428532
7.0164999999999,-0.2407542995213,-0.080251433283859,2.0111535579659e-24,5.4515790463862e-06,1.7335715882688,0,1.7024568380448e-20,5.7385887620815,2.9205283376272e-21,-1.1198702920621,-2.0449544182603e-21,2.0449544135592e-21,2.3524000787459,2.3524000715086,-1.4885875844666e-10,-1.4885875900288e-10,2.0449544088386e-21,-2.044954413208e-21,1.4885875863223e-10,1.4885875879276e-10,2.3524000763524,2.3524000835897,0.85093591132189,2.0709582708458e-05,5.738588762083e-06,-2.5038701847584e-17,0,360.3146964944,100000000.24074,-1.3904433160405e-15,-0.0044254164689085,0.0069919989041439,289.36418211326,1.7260075806448e-05,766.72064927342,670.61961803833
7.1164999999999,-0.64455206145036,-0.21485068761439,4.0447110218624e-24,9.6504730841586e-06,1.7335922777513,0,3.3774265313468e-20,8.8751450462793,5.911012023727e-21,-1.9385692460677,-4.1388915871023e-21,4.1388915697475e-21,4.0721594955351,4.072159475272,-3.0591656829737e-10,-3.0591657040655e-10,4.1388915521071e-21,-4.1388915682321e-21,3.059165690012e-10,3.0591656960978e-10,4.0721594888725,4.0721595091356,1.4741387878071,3.2301682374163e-05,8.8751450462819e-06,-1.295429566666e-16,0,360.31469668114,100000000.42616,-1.6546763959013e-15,-0.0044908369183002,0.007091297212715,293.34402254009,2.0277092980994e-05,777.41464850854,679.98109487595
7.2164999999999,-1.3998763283748,-0.46662544420287,7.9662506787112e-24,1.5714105042247e-05,1.7336126348881,0,6.5644431012958e-20,12.215853267117,1.1744177383707e-20,-3.0588954942829,-8.2232749413114e-21,8.2232748830628e-21,6.4255173463274,6.4255173001165,-6.1699685683436e-10,-6.1699686412649e-10,8.2232748229311e-21,-8.2232748770309e-21,6.1699685926842e-10,6.169968613718e-10,6.4255173312468,6.4255173774575,2.3279488626768,4.4735776209229e-05,1.221585326712e-05,-7.0867191234697e-17,0,360.31469695395,100000000.69393,-1.9673151996358e-15,-0.0045568570215845,0.0071905856621114,297.25675634364,1.9942698917061e-05,787.93227643164,689.18839012462
7.3164999999999,-2.5308432146736,-0.84361440812896,1.5377478088102e-23,2.3602370267035e-05,1.7336326678988,0,1.2509631703923e-19,15.303369519918,2.2891406669271e-20,-4.4144535890749,-1.6028566766104e-20,1.6028566588907e-20,9.273003316182,9.2730032288082,-1.2204954642105e-09,-1.2204954870889e-09,1.6028566402826e-20,-1.6028566567329e-20,1.2204954718496e-09,1.2204954784464e-09,9.2730032879095,9.2730033752831,3.3620484607787,5.6287174925718e-05,1.5303369519921e-05,-2.5510340345701e-16,0,360.31469731215,100000001.04228,-2.2759572004816e-15,-0.0046234626532667,0.0072898642542902,301.10380517665,1.780968904452e-05,798.27715415876,698.24466203562
7.4164999999999,-3.9943327910393,-1.3314442697503,2.9144281816651e-23,3.3122618046285e-05,1.7336524115439,0,2.341438997327e-19,18.030417010049,4.3797877476802e-20,-5.9133999666109,-3.0667281215156e-20,3.0667280722553e-20,12.421690764965,12.421690622259,-2.369257435812e-09,-2.3692575013888e-09,3.0667280196315e-20,-3.0667280653436e-20,2.3692574577152e-09,2.3692574766168e-09,12.42169071919,12.421690861896,4.5062867286827,6.6529382418529e-05,1.8030417010052e-05,-4.4715156250297e-16,0,360.31469774708,100000001.46269,-2.5814905768585e-15,-0.0046905932352286,0.0073891329912085,304.8920906134,1.5908358920101e-05,808.46770874105,707.16603098028
7.5164999999999,-5.7519045774206,-1.9173015357935,5.4321257999826e-23,4.4103368491485e-05,1.733671896683,0,4.3113219864023e-19,20.51717530478,8.2351558240831e-20,-7.4832953298282,-5.7662575250593e-20,5.7662573981857e-20,15.719413665652,15.719413455609,-4.5188882899055e-09,-4.5188884638631e-09,5.766257260431e-20,-5.7662573781187e-20,4.5188883480266e-09,4.5188883981501e-09,15.719413598847,15.719413808889,5.7051275922209,7.5897289349582e-05,2.0517175304783e-05,-7.7374505930502e-16,0,360.31469825046,100000001.94759,-2.876365812199e-15,-0.0047581949833621,0.0074883918748227,308.62777388564,1.4927707410812e-05,818.52035184175,715.96685558621
7.6164999999999,-7.7936793336963,-2.5978931263455,9.9679027761913e-23,5.6455279132017e-05,1.7336911397101,0,7.8178603122087e-19,22.907881319432,1.5235026116998e-19,-9.0814750046102,-1.0667567962471e-19,1.066756765554e-19,19.076550579345,19.076550291546,-8.4784922644576e-09,-8.4784926973955e-09,1.0667567317184e-19,-1.066756760179e-19,8.4784924091486e-09,8.4784925338531e-09,19.076550488553,19.076550776351,6.925792220137,8.4925687855791e-05,2.2907881319436e-05,-1.4439161970454e-15,0,360.31469881777,100000002.49305,-3.1610269957131e-15,-0.0048262394047459,0.0075876409070888,312.31405753853,1.4679971489169e-05,828.443555879,724.65454575895
7.7164999999999,-10.126826014936,-3.3756086932761,1.80188153687e-22,7.0155536662861e-05,1.7337101453689,0,1.3969508296539e-18,25.295497288317,2.7756835342496e-19,-10.686338139905,-1.9435341093479e-19,1.9435340388082e-19,22.447726744359,22.447726369134,-1.5663214312369e-08,-1.5663215334989e-08,1.9435339599233e-19,-1.9435340253111e-19,1.566321465423e-08,1.5663214948697e-08,22.447726626916,22.447727002141,8.1516687745416,9.3961743166734e-05,2.5295497288321e-05,-1.7410434597827e-15,0,360.3146994477,100000003.09805,-3.4359182166106e-15,-0.0048947183880386,0.0076868800899624,315.95174687052,1.4835875823887e-05,838.2393508458,733.2308717847
7.8164999999999,-12.763099910512,-4.2543666665851,3.2099277315823e-22,8.5218575597124e-05,1.7337289119091,0,2.4606240004566e-18,27.726686642351,4.9834881902217e-19,-12.287314713829,-3.4894393487456e-19,3.489439193409e-19,25.810738764106,25.810738292015,-2.8510224381811e-08,-2.8510226694746e-08,3.4894390172826e-19,-3.489439161233e-19,2.8510225155233e-08,2.8510225821045e-08,25.810738617489,25.810739089579,9.3746300117644,0.00010318047377559,2.7726686642356e-05,-2.8178793549532e-15,0,360.3147001408,100000003.76323,-3.747668841926e-15,-0.0049636351889859,0.0077861094253973,319.54030460772,1.5177231477544e-05,847.90615420116,741.69444118868
7.9164999999999,-15.713710724829,-5.2379036146326,5.6365606805514e-22,0.00010167631553939,1.7337474345512,0,4.2734801445114e-18,30.222239185621,8.8211357576547e-19,-13.878767643711,-6.1765609266941e-19,6.1765605968583e-19,29.153745376434,29.153744798042,-5.1152558011611e-08,-5.1152563053784e-08,6.1765602177897e-19,-6.1765605233696e-19,5.1152559698115e-08,5.1152561149134e-08,29.153745198196,29.153745776587,10.590347325951,0.00011266017856592,3.0222239185626e-05,-4.1124047515408e-15,0,360.31470089849,100000004.49,-4.0452086125267e-15,-0.0050329983712338,0.0078853289153485,323.07856289381,1.5596484853211e-05,857.44068361658,750.04237312362
8.0164999999999,-18.988397455895,-6.3294658703268,9.7579936112652e-22,0.00011956833962837,1.733765707204,0,7.3192475565033e-18,32.791288238497,1.539842172874e-18,-15.457121709901,-1.0781977893078e-18,1.0781977214644e-18,32.469236469588,32.46923577538,-9.0492323744363e-08,-9.049233438975e-08,1.0781976424393e-18,-1.0781977052785e-18,9.0492327305985e-08,9.0492330368532e-08,32.469236257345,32.469236951552,11.796080306603,0.00012243546862135,3.2791288238503e-05,-4.6541578368136e-15,0,360.3147017226,100000005.28011,-4.3347547773509e-15,-0.0051028188021785,0.0079845385617688,326.56507718029,1.6048169641553e-05,866.83890838648,758.27113129432
8.1164999999999,-22.59569352676,-7.531897908269,1.6657056363759e-21,0.00013893774077413,1.7337837231891,0,1.2364092093826e-17,35.438295764777,2.6514711250256e-18,-17.019689840342,-1.8565606139796e-18,1.8565604783426e-18,35.751567575029,35.751566755392,-1.5788084139345e-07,-1.5788086323752e-07,1.856560318198e-18,-1.8565604438017e-18,1.578808487038e-07,1.578808549861e-07,35.751567326466,35.751568146101,12.989772121586,0.00013252343443176,3.5438295764784e-05,-6.0104061212912e-15,0,360.31470261511,100000006.13546,-4.6207482284973e-15,-0.0051731083848197,0.0080837383666116,329.99827591453,1.651420679109e-05,876.09645209796,766.3768765042
8.2164999999999,-26.543204860831,-8.8477350365253,2.8040304107291e-21,0.00015982948905601,1.733801475526,0,2.060266299068e-17,38.165887025859,4.5043707002886e-18,-18.564223802324,-3.1539612977638e-18,3.1539610335131e-18,38.99601605034,38.996015095561,-2.717034656023e-07,-2.7170350928313e-07,3.1539607171938e-18,-3.1539609618456e-18,2.7170348022463e-07,2.7170349278307e-07,38.996015763219,38.996016717996,14.16970311616,0.00014293428689713,3.8165887025866e-05,-6.6030077991663e-15,0,360.3147035781,100000007.05803,-4.9151793746325e-15,-0.0052438795603592,0.0081829283318292,333.37651938586,1.6986775498242e-05,885.20875104656,774.35560536074
8.3164999999999,-30.83769197312,-10.279230760377,4.6554614777335e-21,0.00018228975561522,1.733818957049,0,3.3868634570002e-17,40.975854175602,7.5506151519018e-18,-20.088737797912,-5.2869423468884e-18,5.2869418442325e-18,42.198410523714,42.198409423984,-4.6128639225586e-07,-4.6128647755033e-07,5.2869412339959e-18,-5.2869416992769e-18,4.6128642081668e-07,4.6128644533108e-07,42.198410195885,42.198411295612,15.334354910924,0.00015367512276663,4.097585417561e-05,-7.8689372413411e-15,0,360.31470461371,100000008.04987,-5.1652015997851e-15,-0.0053151451029704,0.0082821084593737,336.69812410798,1.7461486027196e-05,894.17111996825,782.20320783378
8.4164999999999,-35.485015835354,-11.82833873735,7.623978872481e-21,0.00020636555740107,1.7338361604684,0,5.4932296325793e-17,43.869472353491,1.2490710407499e-17,-21.591429438169,-8.7459981970121e-18,8.7459972620371e-18,45.354964892369,45.354963637804,-7.726960050148e-07,-7.7269616791354e-07,8.7459961103618e-18,-8.7459969756489e-18,7.7269605957746e-07,7.7269610637991e-07,45.354964521795,45.354965776357,16.482349623913,0.00016475110233071,4.38694723535e-05,-9.0334745206741e-15,0,360.31470572412,100000009.11306,-5.4085624867932e-15,-0.0053869180127541,0.008381278751196,339.96137564458,1.7934931875029e-05,902.97878671202,789.91549762081
8.5164999999999,-40.490017675596,-13.496672710424,1.2316243607579e-20,0.00023210449628603,1.7338530784157,0,8.7912679335752e-17,46.847582498347,2.039377833428e-17,-23.070637098402,-1.4279728275763e-17,1.4279726573116e-17,48.462188742989,48.462187323637,-1.2771904383591e-06,-1.2771907430327e-06,1.4279724444093e-17,-1.4279726019543e-17,1.2771905404402e-06,1.2771906279446e-06,48.462188327757,48.462189747105,17.612417130748,0.00017616574786829,4.6847582498356e-05,-9.5555733776189e-15,0,360.31470691155,100000010.24968,-5.6541438198554e-15,-0.005459211437848,0.0084804392092463,343.1645380407,1.8403933179002e-05,911.62691782402,797.4882345567
8.6164999999999,-45.856369195537,-15.285456580456,1.9628504636804e-20,0.00025955451719181,1.7338697034837,0,1.3883629636691e-16,49.910596923668,3.2866857502666e-17,-24.524813352948,-2.3013381457512e-17,2.3013378418968e-17,51.516831548823,51.516829954688,-2.0833060295952e-06,-2.0833065882209e-06,2.3013374559721e-17,-2.3013377370771e-17,2.0833062168223e-06,2.0833063772037e-06,51.516831087164,51.516832681293,18.72337469082,0.00018792095085488,4.9910596923678e-05,-1.0361328613014e-14,0,360.3147081782,100000011.46187,-5.9188209889478e-15,-0.0055320386027924,0.0085795898354752,346.3058625768,1.8865256188282e-05,920.11064235958,804.91714547444
8.7164999999999,-51.586407764959,-17.195469470989,3.0863124163967e-20,0.00028876365945398,1.7338860282692,0,2.1637796079979e-16,53.058476786515,5.2288817896498e-17,-25.952507302599,-3.661264323194e-17,3.6612637913783e-17,54.515845546689,54.515843767759,-3.3538096899521e-06,-3.3538106949047e-06,3.6612631048298e-17,-3.6612635967464e-17,3.3538100268797e-06,3.3538103152887e-06,54.515845037006,54.51584681593,19.814113398164,0.00020001687313292,5.3058476786526e-05,-8.3810293378753e-15,0,360.31470952633,100000012.75174,-6.2048144401223e-15,-0.0056054127353117,0.008678730631832,349.38359677485,1.9315514310662e-05,928.42507642722,812.19794570941
8.8164999999999,-57.680962384249,-19.226987715766,4.7881190738103e-20,0.0003197797911471,1.7339020454171,0,3.3282016274292e-16,56.290697020218,8.2127135356566e-17,-27.352352741494,-5.7505441297501e-17,5.7505432162858e-17,57.456360880361,57.456358906628,-5.3290041628679e-06,-5.3290059379442e-06,5.7505420167892e-17,-5.7505428615889e-17,5.3290047581973e-06,5.329005267413e-06,57.456360321247,57.456362294975,20.883589108096,0.0002124518006377,5.6290697020229e-05,-4.671305566918e-15,0,360.31471095814,100000014.1214,-6.4863669992111e-15,-0.0056793469884013,0.0087778616002657,352.39599402743,1.9751145700173e-05,936.56534946545,819.32636212374
8.9164999999999,-64.139173844759,-21.379724912163,7.32974700646e-20,0.00035265032133436,1.7339177476682,0,5.0526465402818e-16,59.606204608675,1.2735802252673e-16,-28.723060540433,-8.9176121431992e-17,8.9176106025971e-17,60.335669600976,60.335667422465,-8.3581069296733e-06,-8.3581100099932e-06,8.9176085431528e-17,-8.9176099677375e-17,8.3581079631284e-06,8.3581088463991e-06,60.335668991238,60.335671169743,21.930816593483,0.00022522197175111,5.9606204608687e-05,-5.315372308681e-15,0,360.31471247585,100000015.57296,-6.7554850604417e-15,-0.0057538543562221,0.0088769827427246,355.34132403258,2.0168410816998e-05,944.5266327449,826.29815808204
9.0164999999999,-70.958312440188,-23.652771158303,1.107228440266e-19,0.0003874218875079,1.7339331279116,0,7.571215678467e-16,63.003373330747,1.9501160280075e-16,-30.063414229965,-1.3654717854409e-16,1.3654715302002e-16,63.151216388877,63.15121399569,-1.294059148865e-05,-1.2940596742828e-05,1.3654711825432e-16,-1.3654714185297e-16,1.2940593252098e-05,1.2940594758035e-05,63.151215727572,63.151218120753,22.954866151073,0.0002383213920686,6.300337333076e-05,-4.2736134352141e-15,0,360.31471408162,100000017.10846,-7.027711746165e-15,-0.0058289475829663,0.0089760940611564,358.21788413326,2.0563375829318e-05,952.30417036258,833.10916061195
9.1164999999999,-78.133597194425,-26.044532795671,1.6505710371859e-19,0.00042414001697751,1.7339481792404,0,1.119885914971e-15,66.479957307772,2.9486323088053e-16,-31.372268083403,-2.0646331967556e-16,2.0646327811985e-16,65.900594526832,65.900591909176,-1.977942374727e-05,-1.9779432560528e-05,2.0646322039031e-16,-2.0646325880627e-16,1.9779426706397e-05,1.9779429231234e-05,65.900593813288,65.900596430938,23.954862121579,0.00025174164445714,6.6479957307786e-05,-2.3584812975424e-15,0,360.31471577757,100000018.72993,-7.2915007369331e-15,-0.0059046390643339,0.0090751955575083,361.02401160666,2.0931952097177e-05,959.89331285076,839.75528985711
9.2164999999998,-85.658021357978,-28.552674241238,2.4283122157889e-19,0.00046284876219016,1.7339628950123,0,1.6351873006697e-15,70.033045475225,4.4028889009832e-16,-32.648547187884,-3.0829041367186e-16,3.0829034716448e-16,68.581546049312,68.581543197538,-2.9847975788615e-05,-2.98479903318e-05,3.0829025283154e-16,-3.0829031430653e-16,2.9847980673595e-05,2.984798483789e-05,68.581545283156,68.581548134925,24.929982931474,0.00026547170257001,7.003304547524e-05,-2.9459600466487e-15,0,360.31471756577,100000020.4393,-7.5663919579906e-15,-0.0059809407416182,0.0091742872337267,363.75809690521,2.126993871527e-05,967.28955340202,846.2325908234
9.3164999999998,-93.522189720551,-31.174063758296,3.5259286220958e-19,0.00050359031116708,1.7339772689136,0,2.3570655371641e-15,73.659019089184,6.4929599064679e-16,-33.891249108203,-4.5463725671312e-16,4.5463715205312e-16,71.191965237577,71.191962142226,-4.4471976901273e-05,-4.4472000518188e-05,4.5463700031317e-16,-4.5463709704356e-16,4.4471984837431e-05,4.4471991596388e-05,71.191964418771,71.191967514119,25.879462353924,0.00027949775602871,7.36590190892e-05,-1.8383500296664e-15,0,360.31471944817,100000022.23843,-7.8195228078231e-15,-0.0060578639887397,0.0092733690917576,366.41859780606,2.157305151199e-05,974.48856659332,852.537267316
9.4164999999998,-101.71417403311,-33.904725263826,5.0532191619601e-19,0.00054640457545237,1.7339912950269,0,3.3543829863167e-15,77.353514453371,9.4573011771318e-16,-35.09944682148,-6.6220053814085e-16,6.6220037616126e-16,73.72990478426,73.729901436102,-6.5427093037146e-05,-6.5427130790995e-05,6.6220013581064e-16,-6.6220028550419e-16,6.5427105729439e-05,6.5427116528385e-05,73.729903913127,73.729907261282,26.802591742517,0.00029380305584204,7.7353514453388e-05,-8.9757477440379e-16,0,360.31472142664,100000024.1291,-8.0779827282497e-15,-0.0061354194929468,0.0093724411335469,369.00405438343,2.1837011634557e-05,981.48624937282,858.66571786028
9.5164999999998,-110.21939344519,-36.739798474228,7.148545376321e-19,0.00059132875922454,1.7340049679021,0,4.7132360513122e-15,81.111393134216,1.3606428752391e-15,-36.272292645253,-9.52722605639e-16,9.5272235904012e-16,76.193584044739,76.193580434816,-9.5051553425037e-05,-9.5051612853675e-05,9.5272198404609e-16,-9.5272221192418e-16,9.5051573413274e-05,9.5051590402279e-05,76.193583121991,76.19358673191,27.698723025653,0.00030836778900911,8.1111393134234e-05,-1.4065308968463e-15,0,360.31472350292,100000026.11294,-8.346656700603e-15,-0.0062136171302447,0.0094715033610388,371.51310467124,2.205759499139e-05,988.27876394821,864.61457328955
9.6164999999998,-119.02052728452,-39.673509831836,9.9828514935737e-19,0.00063839691453826,1.7340182826289,0,6.5391772545885e-15,84.926721988613,1.9337859582302e-15,-37.409022907212,-1.3540376158623e-15,1.3540372465072e-15,78.581398846423,78.581394966099,-0.00013637164430745,-0.00013637173644562,1.3540366700688e-15,-1.3540370113667e-15,0.00013637167531209,0.00013637170163607,78.581397873191,78.581401753514,28.567272269152,0.00032316899152714,8.4926721988632e-05,-1.9831479968175e-15,0,360.31472567862,100000028.19146,-8.6179952083465e-15,-0.0062924658370109,0.0095705557761778,373.9445008363,2.2230727007477e-05,994.86258208517,870.38073556964
9.7164999999998,-128.09746766565,-42.699156707797,1.3763071267105e-18,0.00068763948895688,1.734031234911,0,8.9590117835171e-15,88.792765327081,2.7151726587548e-15,-38.508963118242,-1.9011649023585e-15,1.9011643580079e-15,80.891932355257,80.891928196262,-0.00019323589582547,-0.00019323603655924,1.9011634847561e-15,-1.9011639877432e-15,0.00019323594320627,0.00019323598338884,80.891931333125,80.89193549212,29.407723624929,0.00033818050906009,8.87927653271e-05,-3.355779397747e-15,0,360.31472795515,100000030.36601,-8.8906659838895e-15,-0.0063719734796362,0.0096695983809077,376.2971256349,2.2352579692639e-05,1001.234530196,875.96141731665
9.8164999999998,-137.42731921069,-45.809107308973,1.8734456835173e-18,0.00073908287314444,1.7340438211392,0,1.2121895919581e-14,92.70199142669,3.7666216927607e-15,-39.571533415843,-2.6373899647433e-15,2.6373891752551e-15,83.123966510205,83.123962064679,-0.00027045150076225,-0.00027045171258518,2.6373878712248e-15,-2.6373886007247e-15,0.00027045157211368,0.00027045163255402,83.123965441227,83.123969886755,30.219633487819,0.00035337301413815,9.270199142671e-05,-4.356809397937e-15,0,360.31473033377,100000032.63774,-9.1446850128401e-15,-0.0064521467243879,0.0097686311771714,378.57000887747,2.2419662838727e-05,1007.3918344684,881.3541813508
9.9164999999998,-146.98445258115,-48.994818521846,2.518132376982e-18,0.00079274895715452,1.7340560384637,0,1.6199447972189e-14,96.646095404686,5.1631719418467e-15,-40.596254046587,-3.6152550727152e-15,3.6152539458057e-15,85.276493539723,85.276488800256,-0.00037391410598206,-0.00037391442022196,3.6152520258204e-15,-3.6152530671432e-15,0.00037391421188933,0.00037391430149106,85.276492426448,85.276497165918,31.002634683817,0.00036871408799102,9.6646095404707e-05,-6.3447889063739e-15,0,360.31473281552,100000035.00762,-9.4160235212576e-15,-0.00653299091006,0.0098676541669115,380.76234358322,2.2428925446427e-05,1013.3321651676,886.55697952736
10.0165,-149.7317691747,-49.910648885231,3.2233347722737e-18,0.00084840405310769,1.7340643566433,0,2.0658015914133e-14,96.185192809748,6.9840042108145e-15,-41.553262098855,-4.8901520775992e-15,4.8902010970297e-15,87.286784954003,87.286779918423,-0.00050992721249741,-0.00050992437992386,4.8901477138034e-15,-4.8901997746386e-15,0.0005099273671987,0.00050992420658184,87.286780712239,87.28678574726,31.735792785434,0.0003664884283042,9.6185100932885e-05,-1.3934003610399e-14,0,360.31473540121,100000037.46534,-9.6860297624089e-15,-0.0066038226175044,0.0099503308518502,382.2008348173,-0.00015592676536636,1017.2307046865,889.97167279069
10.1165,-117.9496932864,-39.316563220431,2.5658607701064e-18,0.00089453730965433,1.7340564983735,0,1.651639315627e-14,76.330793949284,8.4639151724164e-15,-41.247335691239,-5.9263579019494e-15,5.9264351011495e-15,86.644153680583,86.644148484568,-0.00062021624137574,-0.00062021168340961,5.9263523863807e-15,-5.9264333602796e-15,0.00062021643948428,0.00062021146152134,86.644151755142,86.644156951058,31.511146106852,0.00028977291775224,7.6330793949256e-05,-1.4357497228144e-14,0,360.31473759567,100000039.50258,-9.9507069331043e-15,-0.0066176306934063,0.0099503308518505,380.53398151451,-3.6922538864463e-05,1012.7132337406,886.01493066149
10.2165,-110.61318396476,-36.871061903912,2.091613299038e-18,0.00093647004281109,1.7340493493977,0,1.3517491409882e-14,72.745214469775,9.2978832396819e-15,-40.588346104954,-6.5103105914157e-15,6.5103797602436e-15,85.259878912901,85.259873529696,-0.00068175582057599,-0.00068175185446291,6.5103043496027e-15,-6.5103777230109e-15,0.00068175604668426,0.00068175160129526,85.259877563163,85.259882946365,31.008267131574,0.000275914273678,7.2745214469763e-05,-1.708937204686e-14,0,360.31473955233,100000041.35433,-1.0212719568737e-14,-0.0066301927178742,0.0099503308518501,379.01892077454,-1.5979658997903e-05,1008.6078663117,882.41924700822
10.3165,-105.26859665065,-35.089533020771,1.7170013327008e-18,0.00097687048034565,1.7340424587287,0,1.1139381696647e-14,70.387802815815,9.6734287491751e-15,-39.920899892624,-6.7732755208945e-15,6.7733368471486e-15,83.857840476229,83.857834897353,-0.00070889697500183,-0.0007088935614462,6.7732688713071e-15,-6.7733346101049e-15,0.00070889721750279,0.00070889329000151,83.85783919877,83.857844777656,30.498345531649,0.00026679897253819,7.0387802815805e-05,-1.8946230572553e-14,0,360.31474143461,100000043.1384,-1.0479173096697e-14,-0.0066423011007804,0.0099503308518498,377.55927921789,-1.3450329856561e-05,1004.6532524263,878.95564602285
10.4165,-100.42301714483,-33.474339856172,1.4171678432286e-18,0.0010160186720203,1.7340357791433,0,9.2287241426709e-15,68.258503957284,9.7209066622217e-15,-39.271311296618,-6.806526694127e-15,6.8065809312912e-15,82.493313840653,82.493308071474,-0.00071156930583863,-0.00071156637513384,6.8065198760646e-15,-6.8065785720405e-15,0.0007115695559216,0.00071156609527589,82.493312565086,82.493318334276,30.002019725714,0.00025856959648543,6.8258503957275e-05,-2.0374850050607e-14,0,360.31474325814,100000044.86718,-1.076649881774e-14,-0.0066540387985778,0.0099503308518495,376.14494281588,-1.255534995746e-05,1000.8219134779,875.60004361459
10.5165,-95.915930078575,-31.971977475356,1.1755966745707e-18,0.0010540039942153,1.734029295643,0,7.6836226838419e-15,66.258502456268,9.5375934154485e-15,-38.640971264661,-6.678177096465e-15,6.6782249930527e-15,81.169220795081,81.169214843269,-0.00069714400318476,-0.00069714149086149,6.6781702872693e-15,-6.6782225734505e-15,0.00069714425424174,0.00069714120998312,81.169219513192,81.169225465015,29.520399685801,0.00025084447165326,6.625850245626e-05,-2.1822307099162e-14,0,360.31474502733,100000046.5446,-1.1017853313006e-14,-0.0066654321463112,0.0099503308518491,374.7726780728,-1.186705647627e-05,997.10503937824,872.34471978446
10.6165,-91.705255883946,-30.568419381939,9.7985584375019e-19,0.0010908928969353,1.7340229970943,0,6.4271267400153e-15,64.369104930095,9.1963965025828e-15,-38.02906684747,-6.4392766270729e-15,6.4393188743898e-15,79.883853650022,79.883847523207,-0.00067111649664043,-0.00067111434586967,6.4392699556154e-15,-6.4393164430913e-15,0.00067111674380223,0.00067111406941421,79.883852362374,79.883858489199,29.052868366526,0.00024355082404508,6.4369104930087e-05,-2.3554180974799e-14,0,360.31474674531,100000048.17361,-1.1266543273235e-14,-0.006676500689475,0.0099503308518487,373.44007950258,-1.1247898227692e-05,993.49607007493,869.18392657371
10.7165,-87.763072081501,-29.254358086396,8.2040281575867e-19,0.0011267446712604,1.7340168735627,0,5.3999601839754e-15,62.580199379162,8.7517803267747e-15,-37.434651193835,-6.1279613342257e-15,6.1279985616994e-15,78.635223445841,78.63521715127,-0.00063756996435946,-0.00063756812546739,6.1279548916381e-15,-6.127996156368e-15,0.00063757020412351,0.00063756785734685,78.635222154123,78.635228448704,28.598702378916,0.00023664904132418,6.2580199379155e-05,-2.4518533292208e-14,0,360.31474841486,100000049.75681,-1.1544099032327e-14,-0.006687261868362,0.0099503308518484,372.14500061389,-1.0679252336114e-05,989.98915177151,866.11253492834
10.8165,-84.065612402891,-28.021871499763,6.8985305441868e-19,0.001161613519417,1.7340109159644,0,4.5560907528942e-15,60.883452699288,8.2441952224075e-15,-36.856834138187,-5.7725546110768e-15,5.7725873877024e-15,77.421460297619,77.421453842137,-0.00059951998072101,-0.00059951841045158,5.7725484592792e-15,-5.7725850369214e-15,0.0005995202106527,0.00059951815338198,77.421459003562,77.421465459054,28.157221290162,0.00023010645301115,6.0883452699282e-05,-2.5729455247395e-14,0,360.31475003853,100000051.29661,-1.1793677171422e-14,-0.0066977316307273,0.009950330851848,370.88547914483,-1.0154615383494e-05,986.57893366967,863.12585655716
10.9165,-80.591911606555,-26.863971208213,5.8245397272273e-19,0.0011955492496211,1.7340051159491,0,3.8595360020939e-15,59.271518012124,7.7034334555978e-15,-36.294793639103,-5.3939170661802e-15,5.3939459036161e-15,76.240837422371,76.240830812447,-0.00055917428138593,-0.00055917294217461,5.3939112446435e-15,-5.3939436285284e-15,0.0005591744998796,0.00055917269794421,76.240836127602,76.240842737538,27.727796719046,0.00022389426392431,5.9271518012118e-05,-2.6729218116475e-14,0,360.31475161864,100000052.7952,-1.2048584381261e-14,-0.0067079246358276,0.0099503308518476,369.65971192803,-9.6693113224882e-06,983.26049937378,860.21958381833
11.0165,-77.32333817347,-25.774446705381,4.9369657291603e-19,0.0012285977674054,1.7339994658189,0,3.2819975671999e-15,57.737844154574,7.1511838156177e-15,-35.747770358846,-5.0072352481345e-15,5.0072606045485e-15,75.091759752722,75.09175299448,-0.00051812947687772,-0.00051812833617474,5.0072297792291e-15,-5.0072584202474e-15,0.00051812968296581,0.00051812810585806,75.091758458755,75.091765217011,27.309848225422,0.00021798680863606,5.7737844154568e-05,-2.7351814448705e-14,0,360.31475315735,100000054.25461,-1.2311485197101e-14,-0.0067178543983062,0.0099503308518472,368.46603710679,-9.2193610743529e-06,980.02931829541,857.38974713443
11.1165,-74.243269266143,-24.747757045405,4.2002594211465e-19,0.0012608014894227,1.733993958459,0,2.8010917915662e-15,56.276563575672,6.6029820219931e-15,-35.215061368692,-4.6233873206624e-15,4.623409604919e-15,73.972750714291,73.972743813534,-0.00047752048916281,-0.00047751951881578,4.6233822138776e-15,-4.6234075216213e-15,0.00047752068236405,0.00047751930294375,73.972749422531,73.972756323302,26.902838499556,0.00021236110986269,5.6276563575666e-05,-2.7896788040105e-14,0,360.31475465664,100000055.67672,-1.2569056942649e-14,-0.0067275334093384,0.0099503308518469,367.30291915429,-8.801301877703e-06,976.88120471594,854.63267911891
11.2165,-71.336824447272,-23.778942082476,3.5862381592806e-19,0.0012921997016281,1.7339885872778,0,2.3990165050686e-15,54.882402954968,6.069703178384e-15,-34.696014495294,-4.2499880790187e-15,4.2500076549532e-15,72.882440349626,72.882433311866,-0.00043813434145908,-0.00043813351715702,4.2499833342801e-15,-4.2500056789795e-15,0.00043813452165812,0.00043813331585188,72.882439061383,72.882446099157,26.50626903857,0.00020699652605407,5.4882402954963e-05,-2.8443682895054e-14,0,360.31475611834,100000057.06325,-1.2835510472619e-14,-0.0067369732415079,0.0099503308518465,366.16893590597,-8.4120872496039e-06,973.81228235322,851.94498352599
11.3165,-68.590641574006,-22.863547768942,3.0724413737202e-19,0.0013228288715263,1.7339833461549,0,2.0615395453831e-15,53.550608125916,5.5587055794879e-15,-34.190023358145,-3.8921898438856e-15,3.8922070344996e-15,71.819554893885,71.81954772436,-0.00040049694694155,-0.00040049624771904,3.8921854541535e-15,-3.8922051690901e-15,0.00040049711429378,0.00040049606080084,71.819553610378,71.819560779915,26.119676351223,0.00020187445545819,5.3550608125912e-05,-2.892723509821e-14,0,360.31475754417,100000058.41583,-1.3093526307826e-14,-0.0067461846402479,0.0099503308518462,365.0627672539,-8.049036981625e-06,970.81895347428,849.32350818441
11.4165,-65.992686734698,-21.997562800885,2.6408787961218e-19,0.0013527229215655,1.7339782293956,0,1.7772263984881e-15,52.276880311144,5.0747080812483e-15,-33.69652301146,-3.5532967963468e-15,3.5533118878224e-15,70.78290762016,70.78290032386,-0.00036493936432587,-0.00036493877212401,3.5532927496418e-15,-3.5533101338112e-15,0.00036493951918262,0.00036493859919438,70.782906342528,70.782913638841,25.742628625019,0.00019697808487211,5.227688031114e-05,-2.9443582256227e-14,0,360.31475893571,100000059.73594,-1.3361756195083e-14,-0.0067551776039212,0.0099503308518458,363.98318524779,-7.7097840634587e-06,967.89787185328,846.76532130103
11.5165,-63.532092249681,-21.177364618384,2.2770716437748e-19,0.0013819134694325,1.7339732316905,0,1.5368467962471e-15,51.057321667341,4.620463202843e-15,-33.214986104518,-3.2352362842784e-15,3.2352495297493e-15,69.771390773872,69.77138335555,-0.00033164838644466,-0.00033164788572455,3.2352325652516e-15,-3.2352478861181e-15,0.00033164852929464,0.00033164772623216,69.771389503177,69.771396921511,25.374722789896,0.0001922921751601,5.1057321667337e-05,-3.042131783055e-14,0,360.31476029443,100000061.02498,-1.3618883852319e-14,-0.0067639614542126,0.0099503308518455,362.92904539384,-7.3922239433451e-06,965.04591900497,844.26769063468
11.6165,-61.199017984173,-20.399673176474,1.9693138497578e-19,0.0014104300400122,1.7339683480806,0,1.3329161346526e-15,49.888388573124,4.1972732032963e-15,-32.744919487217,-2.9389201795713e-15,2.9389318026189e-15,68.783968442382,68.783960906576,-0.00030070514134722,-0.00030070471875104,2.9389167707135e-15,-2.9389302669504e-15,0.00030070527277099,0.00030070457204254,68.783967179619,68.783974715438,25.015581922468,0.00018780287733949,4.988838857312e-05,-3.0839993204264e-14,0,360.31476162173,100000062.28426,-1.3881340580297e-14,-0.0067725448982362,0.0099503308518451,361.89927897958,-7.094489679746e-06,962.26018322208,841.82806512728
11.7165,-58.984532125658,-19.661511204286,1.7080996268629e-19,0.001438300252986,1.7339635739253,0,1.1593391025832e-15,48.766851391225,3.8053851907504e-15,-32.285861199342,-2.664521534014e-15,2.664531731875e-15,67.819670230646,67.819662581688,-0.00027211450084231,-0.0002721141448973,2.6645184165779e-15,-2.6645303007202e-15,0.00027211462147713,0.00027211401025653,67.819668976745,67.819676625713,24.664852943765,0.00018349757421632,4.8766851391221e-05,-2.9939330554768e-14,0,360.31476291889,100000063.515,-1.4129142364573e-14,-0.0067809360835078,0.0099503308518447,360.89288628049,-6.8149106961905e-06,959.5379410233,839.44405864726
11.8165,-56.88050829307,-18.960169908103,1.4856775268408e-19,0.001465549989401,1.7339589048753,0,1.0111312644121e-15,47.689759671715,3.4442928928422e-15,-31.837377791897,-2.4116858792595e-15,2.4116948257467e-15,66.877585634385,66.877577876421,-0.00024582742802867,-0.00024582712888926,2.4116830339565e-15,-2.4116934949224e-15,0.00024582753854168,0.00024582700556723,66.877584390218,66.877592148191,24.322204570951,0.00017936474348469,4.7689759671711e-05,-3.0276047317603e-14,0,360.31476418711,100000064.71833,-1.4399592698773e-14,-0.0067891426467679,0.0099503308518444,359.90893052817,-6.5519946598546e-06,956.87664068193,837.11343555638
11.9165,-54.879536410987,-18.293179262751,1.2957012550293e-19,0.0014922035400188,1.7339543368473,0,8.8420043734207e-16,46.654411948658,3.1129663301705e-15,-31.399061936801,-2.1796920445153e-15,2.1796998926593e-15,65.956859019005,65.956851156006,-0.00022175789519816,-0.00022175764442183,2.1796894520335e-15,-2.1796986574857e-15,0.00022175799626609,0.00022175753165934,65.956857785392,65.956865648403,23.987325489596,0.00017539383893974,4.6654411948655e-05,-3.0747275635589e-14,0,360.31476542754,100000065.89534,-1.4676704371342e-14,-0.0067971717574705,0.009950330851844,358.94653253817,-6.3044005286546e-06,954.27388755741,834.83409785641
12.0165,-52.974845233722,-17.658282186309,1.1329549014492e-19,0.0015182837378159,1.7339498660021,0,7.7517418550394e-16,45.658329430091,2.8100257731319e-15,-30.97053028788,-1.9675739614208e-15,1.9675808458485e-15,65.056685126397,65.056677162164,-0.00019979562453215,-0.00019979541488504,1.9675716028039e-15,-1.9675797013385e-15,0.00019979571682624,0.00019979531192949,65.056683904104,65.05669186835,23.659922718134,0.00017157518703813,4.5658329430088e-05,-3.0995300367024e-14,0,360.31476664125,100000067.04703,-1.4937384743366e-14,-0.006805030156629,0.0099503308518437,358.00486591164,-6.0709259697185e-06,951.72743099449,832.60407370938
12.1165,-51.160234772581,-17.053412015852,9.9313570998195e-20,0.0015438120766575,1.7339454887249,0,6.812630681375e-16,44.699233003883,2.5338726452627e-15,-30.551421561649,-1.7742123228428e-15,1.7742183619094e-15,64.176305043413,64.17629698159,-0.00017981561558581,-0.00017981544087435,1.7742101797593e-15,-1.7742173029176e-15,0.00017981569976083,0.00017981534699195,64.17630383316,64.176311894995,23.339720140427,0.00016789989652501,4.4699233003881e-05,-3.1729356917046e-14,0,360.31476782923,100000068.17435,-1.5201617829287e-14,-0.0068127241916174,0.0099503308518433,357.08315273767,-5.8504807758344e-06,949.23515259052,830.42150715692
12.2165,-49.43001717021,-16.476672798901,8.7268156039423e-20,0.0015688088178627,1.7339412016071,0,6.0015174653921e-16,43.775023075592,2.2827871829875e-15,-30.141394810908,-1.5984029644815e-15,1.5984082621748e-15,63.315002575372,63.31499441946,-0.00016168520314466,-0.00016168505806997,1.5984010194094e-15,-1.5984072835134e-15,0.00016168527983118,0.00016168497255437,63.315001377836,63.31500953376,23.026457185767,0.00016435977921721,4.3775023075589e-05,-3.2130720485749e-14,0,360.31476899243,100000069.2782,-1.5468959539895e-14,-0.0068202598474231,0.009950330851843,356.18065973409,-5.6420868074811e-06,946.79505566043,828.28464888892
12.3165,-47.778964810121,-15.926321996605,7.6863336551038e-20,0.0015932930861374,1.7339370014305,0,5.2991190236701e-16,42.88376183686,2.0550004638054e-15,-29.740127867981,-1.4389072992308e-15,1.4389119468682e-15,62.472100975928,62.472092729289,-0.00014526921998944,-0.00014526910002155,1.438905535577e-15,-1.4389110433954e-15,0.00014526928978854,0.00014526902219966,62.472099791746,62.472108038398,22.719887638628,0.00016094728035798,4.2883761836857e-05,-3.2650366501044e-14,0,360.31477013174,100000070.35941,-1.5745183034916e-14,-0.0068276427747884,0.0099503308518426,355.2966947735,-5.4448525864806e-06,944.40525575348,826.19184793396
12.4165,-46.202264642004,-15.400755258836,6.78524859576e-20,0.0016172829561403,1.7339328851531,0,4.6893231128e-16,42.0236576244,1.8487467165726e-15,-29.34731593769,-1.2944889450405e-15,1.294493022776e-15,61.646959991464,61.64695165733,-0.00013043370902905,-0.00013043361029837,1.2944873472096e-15,-1.2944921894636e-15,0.00013043377250903,0.00013043353953402,61.646958821234,61.646967155382,22.419778562912,0.00015765541720202,4.2023657624397e-05,-3.2449690681721e-14,0,360.31477124802,100000071.41879,-1.6024959243833e-14,-0.0068348783156059,0.0099503308518422,354.43060374812,-5.2579725422593e-06,942.06397209643,824.14154416144
12.5165,-44.695477868286,-14.898492986381,6.0029397148117e-20,0.0016407955307764,1.7339288498953,0,4.1586246966558e-16,41.19305108617,1.6623005115046e-15,-28.962670322816,-1.1639397655354e-15,1.1639433436973e-15,60.838973183792,60.838964765273,-0.00011704852888728,-0.00011704844809098,1.1639383189613e-15,-1.1639425756793e-15,0.00011704858658179,0.00011704838378695,60.838972028078,60.838980446612,22.125909327519,0.0001544777247128,4.1193051086167e-05,-3.3376343766824e-14,0,360.31477234206,100000072.4571,-1.6258106085929e-14,-0.006841971525891,0.0099503308518419,353.5817677345,-5.08071351187e-06,939.76951985504,822.13226150093
12.6165,-43.254504266924,-14.418168438538,5.3221128036125e-20,0.0016638470121591,1.733924892929,0,3.6956697411597e-16,40.390402912173,1.4940024053106e-15,-28.585917267146,-1.0460978268995e-15,1.0461009671734e-15,60.047565499849,60.047556999938,-0.00010498911938311,-0.00010498905370454,1.0460965180486e-15,-1.0461002597813e-15,0.0001049891717905,0.00010498899530329,60.04756435918,60.047572859107,21.838070721819,0.00015140820741583,4.0390402912171e-05,-3.2686328255729e-14,0,360.3147734146,100000073.47504,-1.6507684229003e-14,-0.0068489271966071,0.0099503308518416,352.74960042371,-4.9124065735735e-06,937.5203031205,820.16260179656
12.7165,-41.875550537564,-13.958517181837,4.7282204628952e-20,0.0016864527660655,1.7339210116659,0,3.290884669133e-16,39.614282925753,1.3422758212546e-15,-28.216796903112,-9.3985921743683e-16,9.3986197391215e-16,59.272191061108,59.27218248269,-9.4137633155642e-05,-9.4137580194882e-05,9.3985803378987e-16,-9.3986132269821e-16,9.4137680739054e-05,9.4137527178383e-05,59.272189935983,59.272198514418,21.556064151118,0.00014844129660316,3.961428292575e-05,-3.3110123988672e-14,0,360.31477446639,100000074.4733,-1.6766588245698e-14,-0.0068557498725828,0.0099503308518412,351.93354578714,-4.7524424458289e-06,935.31480853952,818.23123922561
12.8165,-40.555102148776,-13.518367705781,4.2089907186821e-20,0.0017086273805959,1.7339172036482,0,2.9361743241219e-16,38.863360360622,1.2056373236624e-15,-27.855062292689,-8.4418524190783e-16,8.441876620012e-16,58.512331148886,58.512322494741,-8.4383592948152e-05,-8.4383550662317e-05,8.4418417192804e-16,-8.4418706275302e-16,8.4383636136288e-05,8.4383502551168e-05,58.512330039775,58.512338693938,21.27970090342,0.0001455718122003,3.886336036062e-05,-3.3343532316906e-14,0,360.31477549808,100000075.45252,-1.703215360075e-14,-0.0068624438697343,0.0099503308518409,351.13307595225,-4.6002588351126e-06,933.15159951758,816.33691521919
12.9165,-39.289898240376,-13.096633056957,3.7540423846061e-20,0.0017303847196624,1.7339134665397,0,2.6246749345159e-16,38.136395174231,1.0827019621876e-15,-27.500478551679,-7.5810616369568e-16,7.5810828896529e-16,57.767492364803,57.767483637612,-7.5624197727651e-05,-7.5624164379532e-05,7.5810519678587e-16,-7.5810773771312e-16,7.5624236915968e-05,7.5624120731614e-05,57.767491272148,57.767499999357,21.008801479959,0.00014279492870707,3.8136395174229e-05,-3.3657261486148e-14,0,360.31477651033,100000076.41331,-1.7287948993393e-14,-0.0068690132907668,0.0099503308518405,350.34768926538,-4.4553503702568e-06,931.02931093328,814.47843383092
13.0165,-38.076909199378,-12.692303364354,3.3545701585975e-20,0.0017517379718513,1.7339097981172,0,2.3505513951107e-16,37.432230269773,9.7218498280443e-16,-27.15282204864,-6.8072240294246e-16,6.8072426980537e-16,57.037204948061,57.037196150412,-6.7764372537e-05,-6.776434665094e-05,6.8072152939584e-16,-6.8072376282394e-16,6.7764408089201e-05,6.776430705972e-05,57.037203872277,57.037212669944,20.743194982798,0.00014010614470947,3.7432230269771e-05,-3.3729419215502e-14,0,360.31477750376,100000077.35626,-1.7545520743083e-14,-0.0068754620395221,0.0099503308518402,349.57690852248,-4.3172413851314e-06,928.94664431044,812.65465750654
13.1165,-36.91331658191,-12.304439146665,3.0030859785665e-20,0.0017726996951378,1.7339061962635,0,2.108830384573e-16,36.749784516981,8.7290090672751e-16,-26.811879670913,-6.1120389169549e-16,6.1120553205892e-16,56.321021233649,56.321012368042,-6.0716634957735e-05,-6.0716615281732e-05,6.1120310264255e-16,-6.112050658651e-16,6.0716667207458e-05,6.0716579374361e-05,56.321020175127,56.321029040752,20.482718553743,0.00013750125552982,3.6749784516979e-05,-3.3704979977646e-14,0,360.31477847895,100000078.28192,-1.7804868849818e-14,-0.0068817938341124,0.0099503308518398,348.82027934961,-4.1855049509718e-06,926.90236340005,810.86450321288
13.2165,-35.796495097645,-11.932165307097,2.6932059229252e-20,0.0017932818578774,1.7339026589603,0,1.8952625598572e-16,36.088046475944,7.8376074719394e-16,-26.477448150951,-5.4878812517465e-16,5.4878956699119e-16,55.61851423723,55.61850530608,-5.4400833916389e-05,-5.4400819389555e-05,5.4878741252816e-16,-5.4878913833848e-16,5.4400863169005e-05,5.4400786824839e-05,55.61851319634,55.618522127508,20.227216859346,0.00013497632863834,3.6088046475942e-05,-3.3351822920368e-14,0,360.31477943646,100000079.19081,-1.8081092346731e-14,-0.0068880122189603,0.0099503308518395,348.07736871885,-4.0597451349025e-06,924.89529013064,809.10693888934
13.3165,-34.723996412863,-11.574665734396,2.419474104883e-20,0.0018134958764419,1.7338991842818,0,1.7062084210586e-16,35.446068742078,7.0376795328585e-16,-26.149333447,-4.927773217043e-16,4.9277858945979e-16,54.929276354198,54.929267359841,-4.8743803221735e-05,-4.8743792946384e-05,4.9277667810407e-16,-4.9277819533049e-16,4.8743829756196e-05,4.8743763412707e-05,54.929275331287,54.929284325662,19.97654161748,0.00013252768150407,3.5446068742077e-05,-3.3070979827935e-14,0,360.31478037682,100000080.08345,-1.8355539487007e-14,-0.0068941205758526,0.0099503308518392,347.347763585,-3.9395939143502e-06,922.92430088994,807.38098019007
13.4165,-33.693534561611,-11.231178439895,2.1772167131827e-20,0.0018333526498316,1.7338957703893,0,1.5385435078887e-16,34.822962841814,6.3201352879625e-16,-25.827350172922,-4.4253500500227e-16,4.4253612014434e-16,54.252918161962,54.252909106656,-4.3678961842443e-05,-4.3678955060148e-05,4.4253442376071e-16,-4.4253575774007e-16,4.3678985913131e-05,4.3678928273394e-05,54.252917157357,54.252926212681,19.730551161479,0.00013015186160764,3.4822962841812e-05,-3.3267724527173e-14,0,360.31478130055,100000080.96032,-1.8614887594353e-14,-0.0069001221341135,0.0099503308518388,346.63106963259,-3.8247128788033e-06,920.98832310607,805.68568748815
13.5165,-32.702972779264,-10.900991168709,1.9624206950823e-20,0.0018528625915544,1.7338924155253,0,1.389579432368e-16,34.217894615211,5.6767066402139e-16,-25.511321072437,-3.974822454128e-16,3.9748322672707e-16,53.589067315538,53.589058201468,-3.9145884876007e-05,-3.9145880947081e-05,3.9748172046223e-16,-3.9748289345821e-16,3.9145906714551e-05,3.9145856648595e-05,53.589066329545,53.589075443632,19.489110038238,0.00012784562836538,3.4217894615209e-05,-3.2840831004e-14,0,360.31478220812,100000081.82187,-1.8880452950838e-14,-0.0069060199799687,0.0099503308518385,345.92691012111,-3.7147917470234e-06,919.08633209831,804.02016311646
13.6165,-31.750311600474,-10.583437432374,1.7716326444632e-20,0.0018720356590284,1.733889118009,0,1.2569979239816e-16,33.630080033328,5.0998913263191e-16,-25.201076533665,-3.5709373664127e-16,3.5709460058141e-16,52.937367527789,52.937358357072,-3.5089862915628e-05,-3.5089861301543e-05,3.5709326248339e-16,-3.5709429405589e-16,3.508988273266e-05,3.5089839256154e-05,52.937366560697,52.937375731431,19.252088637127,0.00012560593675926,3.3630080033327e-05,-3.3192737860461e-14,0,360.3147831,100000082.66854,-1.9141577415423e-14,-0.0069118170651903,0.0099503308518382,345.23492482063,-3.609540798495e-06,917.21734817315,802.38354882302
13.7165,-30.833678079572,-10.277892915656,1.6018743048499e-20,0.0018908813807445,1.7338858762319,0,1.1387955976306e-16,33.058781400929,4.5828963920093e-16,-24.896454140205,-3.2089383793334e-16,3.2089459891059e-16,52.297477626428,52.297468401113,-3.1461462697182e-05,-3.1461462945512e-05,3.2089340959134e-16,-3.2089431692229e-16,3.1461480684022e-05,3.1461442939652e-05,52.297476678508,52.297485903841,19.019362846833,0.00012342992247871,3.3058781400927e-05,-3.3146107855174e-14,0,360.31478397664,100000083.50075,-1.9399593255737e-14,-0.0069175162150764,0.0099503308518378,344.55476902792,-3.5086933145114e-06,915.3804339414,800.77502342043
13.8165,-29.951316013551,-9.9837722175377,1.4505717746603e-20,0.0019094088813862,1.7338826886528,0,1.0332375829672e-16,32.503303905417,4.1195825144307e-16,-24.597298255505,-2.8845267556366e-16,2.8845334620064e-16,51.669070680936,51.669061403009,-2.8216098194798e-05,-2.8216099926338e-05,2.8845228853718e-16,-2.8845308671782e-16,2.8216114525047e-05,2.8216081766248e-05,51.669069752443,51.669079030388,18.790813737662,0.00012131488842022,3.2503303905416e-05,-3.3456730741994e-14,0,360.31478483845,100000084.31892,-1.968070173516e-14,-0.0069231201358391,0.0099503308518374,343.88611265702,-3.4120000966044e-06,913.57469183747,799.19380061216
13.9165,-29.101577058503,-9.7005258900424,1.315496043441e-20,0.0019276269050964,1.7338795537949,0,9.3881849657753e-17,31.962992473789,3.704410115124e-16,-24.303459637539,-2.593823696974e-16,2.5938296105056e-16,51.051833193157,51.051823864541,-2.531361848881e-05,-2.5313621386556e-05,2.5938201992038e-16,-2.5938272220432e-16,2.5313633319855e-05,2.5313604896606e-05,51.051832284328,51.051841612961,18.566327267002,0.00011925829239478,3.1962992473788e-05,-3.2382939646574e-14,0,360.31478568586,100000085.12341,-1.9924506721152e-14,-0.0069286314214462,0.0099503308518371,343.22863939683,-3.3192270245287e-06,911.79926182174,797.63912697942
14.0165,-28.282912645702,-9.4276377435819,1.1947129235022e-20,0.0019455438370543,1.7338764702415,0,8.5422951496075e-17,31.437228905843,3.3323879027446e-16,-24.014795081123,-2.3333343137832e-16,2.3333395313287e-16,50.445464345944,50.445454968509,-2.2717916564076e-05,-2.2717920363803e-05,2.3333311517986e-16,-2.3333373320594e-16,2.2717930038494e-05,2.2717905384913e-05,50.445463457005,50.445472834459,18.345794005921,0.00011725773591846,3.1437228905841e-05,-3.2078142091066e-14,0,360.31478651925,100000085.91462,-2.0171420331809e-14,-0.0069340525599624,0.0099503308518368,342.58204592953,-3.2301670756326e-06,910.05331924981,796.1102801142
14.1165,-27.493866615073,-9.1646223914542,1.0865407925285e-20,0.0019631677235077,1.7338734366328,0,7.7833052956915e-17,30.925429256428,2.9990242530533e-16,-23.73116708549,-2.099913581792e-16,2.0999181881989e-16,49.849675304865,49.849665880421,-2.0396561560719e-05,-2.0396566042933e-05,2.0999107224731e-16,-2.0999161623578e-16,2.0396573807586e-05,2.0396552431113e-05,49.849674436026,49.849683860489,18.129108885075,0.00011531095397896,3.0925429256427e-05,-3.2021560071368e-14,0,360.31478733899,100000086.69288,-2.0427659816065e-14,-0.0069393859394443,0.0099503308518364,341.94604120551,-3.1446145353841e-06,908.33607289452,794.60656688627
14.2165,-26.733068491493,-8.9110230086094,9.8951484610318e-21,0.0019805062903959,1.7338704516631,0,7.1012654569361e-17,30.427041440197,2.700281658962e-16,-23.452443545006,-1.8907344481455e-16,1.8907385177519e-16,49.26418856852,49.264179098824,-1.8320455776158e-05,-1.8320460759228e-05,1.8907318616274e-16,-1.8907366508781e-16,1.8320466912263e-05,1.8320448384214e-05,49.264187719976,49.264197189691,17.916170958302,0.00011341580567411,3.0427041440196e-05,-3.2382463612798e-14,0,360.31478814545,100000087.45854,-2.0683899300513e-14,-0.0069446338534166,0.0099503308518361,341.32034576887,-3.0623818805055e-06,906.64676310726,793.127321832
14.3165,-25.99922734034,-8.6664092834974,9.0235678941616e-21,0.0019975669606807,1.7338675140773,0,6.4874763404516e-17,29.941543038205,2.4325343530581e-16,-23.178497461035,-1.7032581588778e-16,1.7032617568219e-16,48.688737363288,48.688727850045,-1.646351681467e-05,-1.646352214896e-05,1.7032558182436e-16,-1.70326003566e-16,1.6463526945629e-05,1.6463510892968e-05,48.688736535223,48.688746048483,17.706883182389,0.00011157026564119,2.9941543038204e-05,-3.1796081928739e-14,0,360.31478893896,100000088.21192,-2.0940138785149e-14,-0.0069497985059711,0.0099503308518357,340.70469112996,-2.9832987611724e-06,904.98466010681,791.67190565525
14.4165,-25.291126143926,-8.4303755435472,8.2394908435771e-21,0.0020143568704942,1.7338646226688,0,5.934318634414e-17,29.468439285619,2.1925291092695e-16,-22.909206673284,-1.5352068123941e-16,1.5352099957607e-16,48.123065078981,48.12305552385,-1.4802384626341e-05,-1.4802390189218e-05,1.535204693394e-16,-1.5352084081673e-16,1.4802393847635e-05,1.4802379945787e-05,48.123064271566,48.123073826715,17.501152211729,0.00010977241619553,2.9468439285618e-05,-3.1517442996566e-14,0,360.31478971988,100000088.95336,-2.1181723326048e-14,-0.0069548820165177,0.0099503308518354,340.09881918075,-2.907202039533e-06,903.34906238528,790.23970383055
14.5165,-24.607616648215,-8.2025390374027,7.5331302067769e-21,0.0020308828842005,1.7338617762765,0,5.4351074072373e-17,29.007261223539,1.977349161338e-16,-22.644453608999,-1.3845380953232e-16,1.3845409141473e-16,47.566924742012,47.566915146602,-1.3316152714324e-05,-1.3316158405894e-05,1.3845361761178e-16,-1.3845394490033e-16,1.3316161112235e-05,1.331614907883e-05,47.566923955406,47.566933550834,17.298888206621,0.00010802044011194,2.9007261223538e-05,-3.1653365299105e-14,0,360.3147904885,100000089.68313,-2.1444180059998e-14,-0.0069598864242172,0.009950330851835,339.50248164941,-2.8339402420663e-06,901.73929522126,788.8301253004
14.6165,-23.947614634339,-7.982538358769,6.8959000464278e-21,0.002047151608458,1.7338589737829,0,4.9839676413202e-17,28.557563999287,1.7843811274832e-16,-22.384125048576,-1.2494221232871e-16,1.249424621432e-16,47.02007852303,47.020068888904,-1.1986122473094e-05,-1.1986128212582e-05,1.2494203842129e-16,-1.2494232685605e-16,1.1986130125577e-05,1.1986119714992e-05,47.02007775738,47.020087391522,17.100004654121,0.00010631261398733,2.8557563999286e-05,-3.1548378365609e-14,0,360.31479124515,100000090.40155,-2.1721735827266e-14,-0.0069648136921181,0.0099503308518347,338.91543959118,-2.7633676360802e-06,900.15470929167,787.44260125904
14.7165,-23.310095574673,-7.7700319984274,6.3202556086972e-21,0.0020631694053626,1.7338562141114,0,4.5757276213781e-17,28.118925301334,1.61128479823e-16,-22.128111906329,-1.1282202864418e-16,1.1282225023681e-16,46.48229727641,46.482287605089,-1.0795579416015e-05,-1.0795585138684e-05,1.1282187097988e-16,-1.1282212524577e-16,1.0795586393486e-05,1.079557739209e-05,46.482296531855,46.482306203191,16.904418200484,0.00010464730213038,2.8118925301333e-05,-3.1137944438818e-14,0,360.31479199012,100000091.10889,-2.199929159472e-14,-0.0069696657110284,0.0099503308518344,338.33746291256,-2.6953546313311e-06,898.5946793745,786.0765840158
14.8165,-22.69409063738,-7.5646970124281,5.7995562689289e-21,0.0020789424047454,1.7338534962245,0,4.2058274378478e-17,27.690943916613,1.4559656240351e-16,-21.876309025217,-1.0194659854056e-16,1.0194679528438e-16,45.953360109045,45.953350402009,-9.729589930595e-06,-9.7295955851242e-06,1.0194645552636e-16,-1.019466797377e-16,9.7295962966476e-06,9.7295885186601e-06,45.953359385711,45.953369092763,16.712048494263,0.00010302295093023,2.7690943916612e-05,-3.0566124902802e-14,0,360.31479272369,100000091.80541,-2.2258195615539e-14,-0.0069744443031325,0.009950330851834,337.76832992595,-2.6297774179421e-06,897.05860313499,784.73154593159
14.9165,-22.098683006905,-7.3662277955755,5.32794789341e-21,0.0020944765156877,1.7338508191221,0,3.8702403134249e-17,27.27323839858,1.3165497281544e-16,-21.628614984461,-9.2184713534757e-17,9.218488838868e-17,45.43305397623,45.433044234916,-8.7748171428785e-06,-8.7748226891449e-06,9.2184583737109e-17,-9.2184781507438e-17,8.7748229549449e-06,8.7748162388235e-06,45.433053274235,45.433063015564,16.522818039276,0.00010143808365844,2.7273238398579e-05,-3.0652760482649e-14,0,360.31479344614,100000092.49139,-2.2514435101284e-14,-0.0069791512253842,0.0099503308518337,337.20782693284,-2.5665129561463e-06,895.54589998932,783.40697842329
15.0165,-21.52300449187,-7.1743349507382,4.9002616772376e-21,0.0021097774373159,1.7338481818391,0,3.5654048302658e-17,26.865445836632,1.1913612657791e-16,-21.384931919073,-8.3419031292504e-17,8.3419186852811e-17,44.921173302571,44.921163528379,-7.9193544620253e-06,-7.9193598692187e-06,8.3418913421456e-17,-8.3419087924737e-17,7.919359771968e-06,7.9193539772659e-06,44.921172622024,44.921182396231,16.33665205667,9.9891295667565e-05,2.6865445836631e-05,-3.1088221019706e-14,0,360.31479415774,100000093.16707,-2.2754687375653e-14,-0.0069837881726844,0.0099503308518333,336.65574783294,-2.5054567074149e-06,894.05601003914,782.10239103029
15.1165,-20.966232394477,-6.9887442453111,4.5119269912745e-21,0.002124850668928,1.7338455834442,0,3.28816644181e-17,26.467220717775,1.0789019510562e-16,-21.145165350419,-7.5544642116368e-17,7.5544780661776e-17,44.417519626053,44.417509820344,-7.1525753991676e-06,-7.1525806441967e-06,7.5544535011205e-17,-7.5544689035631e-17,7.1525802538207e-06,7.1525752584482e-06,44.417518967052,44.417528772777,16.153478355422,9.8381249950503e-05,2.6467220717774e-05,-3.1328220130858e-14,0,360.31479485873,100000093.83269,-2.3009594594126e-14,-0.0069883567808643,0.009950330851833,336.11189375765,-2.4465052951562e-06,892.58839307243,780.81731053898
15.2165,-20.427586617883,-6.8091956470054,4.1588961638645e-21,0.0021397015195039,1.7338430230383,0,3.0357269080579e-17,26.078233872196,9.7783257776981e-17,-20.909224026999,-6.8467775029152e-17,6.8467898560256e-17,43.92190126359,43.921891427688,-6.4649983013382e-06,-6.4650033674824e-06,6.8467677645436e-17,-6.8467813640614e-17,6.4650027429969e-06,6.4649984408365e-06,43.921900626224,43.921910462141,15.97322721065,9.6906673027932e-05,2.6078233872195e-05,-3.0926014320684e-14,0,360.31479554938,100000094.48849,-2.3283597648802e-14,-0.0069928586294851,0.0099503308518327,335.57607272553,-2.3895570244754e-06,891.14252762495,779.55128016052
15.3165,-19.906326990962,-6.6354424321062,3.8375794498143e-21,0.0021543351166429,1.7338404997525,0,2.8056005056523e-17,25.69817149592,8.8695636611547e-17,-20.677019774691,-6.2104631719672e-17,6.2104741993446e-17,43.434132996444,43.43412313164,-5.8481647038488e-06,-5.8481695796214e-06,6.2104543117544e-17,-6.2104663235904e-17,5.8481687707132e-06,5.8481650695434e-06,43.434132380797,43.434142245616,15.795831249154,9.5466351137224e-05,2.5698171495919e-05,-3.0904549936054e-14,0,360.31479622992,100000095.1347,-2.3555380257604e-14,-0.0069972952444716,0.0099503308518323,335.04809931898,-2.3345208741958e-06,889.71791009847,778.30385875823
15.4165,-19.401750791646,-6.4672503599187,3.5447887108439e-21,0.00216875641497,1.7338380127474,0,2.5955760410426e-17,25.326734244006,8.0520397631911e-17,-20.448467355798,-5.6380337200367e-17,5.6380435760362e-17,42.954035774138,42.95402588169,-5.2945300772297e-06,-5.294534755419e-06,5.6380256533996e-17,-5.6380362667131e-17,5.294533803806e-06,5.2945306234935e-06,42.954035180285,42.954045072748,15.621225341695,9.4059126696995e-05,2.5326734244006e-05,-3.1112893775949e-14,0,360.31479690057,100000095.77154,-2.3832491937099e-14,-0.0070016681005905,0.009950330851832,334.52779437973,-2.2813115290053e-06,888.31405393135,777.07462012089
15.5165,-18.913190451406,-6.3043969075952,3.2776885592368e-21,0.0021829702040513,1.7338355612111,0,2.4036838434515e-17,24.963636387785,7.3162003918777e-17,-20.223484336275,-5.1227996679987e-17,5.1228084882745e-17,42.481436435559,42.481426516689,-4.7973658232861e-06,-4.7973703001489e-06,5.1227923188065e-17,-5.1228016998617e-17,4.7973692407485e-06,4.7973665116749e-06,42.481435863565,42.481445782449,15.449346501515,9.2683895022053e-05,2.4963636387784e-05,-3.0716623110469e-14,0,360.31479756156,100000096.39921,-2.409716911889e-14,-0.0070059786237812,0.0099503308518316,334.01498472245,-2.2298512373205e-06,886.93048881772,775.86315227866
15.6165,-18.440011426085,-6.1466705604106,3.0337539065601e-21,0.0021969811158485,1.7338331443584,0,2.2281670386116e-17,24.608605031543,6.6535106356225e-17,-20.001990960536,-4.6587848846487e-17,4.6587927884662e-17,42.016167445967,42.016157501867,-4.3506714557111e-06,-4.3506757302969e-06,4.6587781843672e-17,-4.6587864793304e-17,4.3506745922302e-06,4.3506722539219e-06,42.016166895893,42.016176840005,15.280133788659,9.133960127061e-05,2.4608605031542e-05,-3.0886151933963e-14,0,360.31479821312,100000097.01792,-2.4349411802981e-14,-0.0070102281933529,0.0099503308518313,333.5095028647,-2.1800580895212e-06,885.56675997189,774.66905685854
15.7165,-17.98161021898,-5.9938701527923,2.8107330191022e-21,0.0022107936317506,1.7338307614295,0,2.0674565088342e-17,24.261379383496,6.0563459070875e-17,-19.783910033363,-4.2406506460202e-17,4.2406577382796e-17,41.558066648941,41.558056680774,-3.9490959816352e-06,-3.9491000552192e-06,4.2406445329419e-17,-4.240651870336e-17,3.9490988626732e-06,3.9490968626093e-06,41.558066120838,41.558076089017,15.113528219725,9.0025237603575e-05,2.4261379383495e-05,-3.1389120767386e-14,0,360.31479885544,100000097.62787,-2.4616753520377e-14,-0.0070144181440586,0.009950330851831,333.01118677265,-2.1318600246322e-06,884.22242743502,773.49194847694
15.8165,-17.537412543449,-5.8458042558533,2.6066153153412e-21,0.0022244120892064,1.7338284116888,0,1.9201490325772e-17,23.921710076436,5.517894756778e-17,-19.569166808397,-3.8636275856929e-17,3.8636339586995e-17,41.106977032138,41.106967041037,-3.5878675797074e-06,-3.5878714553175e-06,3.8636220042444e-17,-3.8636284971017e-17,3.5878702282848e-06,3.5878685208599e-06,41.106976526053,41.106986517166,14.949472682637,8.873984053793e-05,2.3921710076435e-05,-3.1347651258141e-14,0,360.31479948873,100000098.22925,-2.4863667134288e-14,-0.0070185497680485,0.0099503308518306,332.51987962062,-2.0851896694602e-06,882.89706542064,772.33145416628
15.9165,-17.10687161391,-5.7022906077295,2.4196032540969e-21,0.0022378406879881,1.7338260944239,0,1.7849881711327e-17,23.589358534465,5.0320718538392e-17,-19.357688882767,-3.5234547641494e-17,3.5234604991638e-17,40.66274650595,40.662736493019,-3.262730746642e-06,-3.2627344286651e-06,3.5234496642689e-17,-3.5234554120204e-17,3.2627331835781e-06,3.2627317291995e-06,40.662746021922,40.662756034864,14.78791185612,8.748248848009e-05,2.3589358534465e-05,-3.1269731070317e-14,0,360.31480011318,100000098.82225,-2.5118574354146e-14,-0.0070226243167169,0.0099503308518303,332.03542956444,-2.0399842781467e-06,881.59026169685,771.18721283369
16.0165,-16.689466555009,-5.5631555832983,2.248087757235e-21,0.0022510834961106,1.7338238089447,0,1.6608475326796e-17,23.264096382238,4.5934401249859e-17,-19.149406097485,-3.2163251506304e-17,3.2163303192252e-17,40.225227694282,40.225217660599,-2.9698901567609e-06,-2.9698936506163e-06,3.2163204872083e-17,-3.2163255773409e-17,2.9698924008909e-06,2.9698911651931e-06,40.225227232346,40.225237266041,14.628792133579,8.6252299425209e-05,2.3264096382237e-05,-3.1708291374606e-14,0,360.31480072898,100000099.40704,-2.5393909677825e-14,-0.0070266430024488,0.00995033085183,331.55768952748,-1.9961769327847e-06,880.30161700274,770.05887474971
16.1165,-16.284700919012,-5.4282336999766,2.0906266906964e-21,0.0022641444554277,1.7338215545822,0,1.5467160965451e-17,22.945704892772,4.1971411309769e-17,-18.9442504432,-2.9388368728967e-17,2.938841538144e-17,39.794277736568,39.794267683183,-2.7059605474664e-06,-2.705963859335e-06,2.9388326052727e-17,-2.9388371147835e-17,2.7059626158363e-06,2.7059615689974e-06,39.79427729675,39.794287350147,14.472061551067,8.5048428807154e-05,2.2945704892772e-05,-3.2222232566781e-14,0,360.31480133633,100000099.9838,-2.5663471841942e-14,-0.0070306070002703,0.0099503308518296,331.08651699773,-1.9537115843256e-06,879.03074449633,768.94610106461
16.2165,-15.892101303428,-5.2973671569298,1.9459259966701e-21,0.0022770273869281,1.7338193306881,0,1.4416853261254e-17,22.633974471553,3.8388328433218e-17,-18.742155970955,-2.6879496486132e-17,2.687953866125e-17,39.369758100311,39.369748028246,-2.4679220074657e-06,-2.4679251440686e-06,2.6879457401256e-17,-2.6879497367971e-17,2.4679239155087e-06,2.4679230316562e-06,39.369757682632,39.369767754708,14.317669719086,8.3870067490077e-05,2.2633974471553e-05,-3.218537254267e-14,0,360.31480193539,100000100.5527,-2.5938807165951e-14,-0.0070345174494106,0.0099503308518293,330.62177383626,-1.9125346290931e-06,877.77726923238,767.8485633509
16.3165,-15.511216060871,-5.1704054050247,1.8128231269401e-21,0.0022897359957497,1.7338171366332,0,1.3449378366887e-17,22.328704173873,3.5146340615676e-17,-18.543058707652,-2.4609458664503e-17,2.4609496852889e-17,38.951534403505,38.951524313762,-2.2530801038789e-06,-2.2530830722951e-06,2.4609422840303e-17,-2.4609458275501e-17,2.2530818655737e-06,2.2530811222672e-06,38.951534007983,38.951544097738,14.16556775798,8.2716439889729e-05,2.2328704173873e-05,-3.2120799622872e-14,0,360.31480252633,100000101.1139,-2.6196823010936e-14,-0.0070383754547798,0.0099503308518289,330.16332609566,-1.8725918961636e-06,876.54082766787,766.76594317002
16.4165,-15.141614093929,-5.0472047451211,1.6902724767783e-21,0.0023022738759309,1.7338149718074,0,1.2557374169449e-17,22.02970125277,3.2210747835219e-17,-18.346896575897,-2.255395835416e-17,2.2553992988919e-17,38.539476246274,38.539466139827,-2.05903033909e-06,-2.0590331466083e-06,2.2553925492243e-17,-2.2553956921668e-17,2.0590319671033e-06,2.0590313448848e-06,38.539475872919,38.539485979378,14.015708236685,8.1586802214204e-05,2.2029701252769e-05,-3.1530845301015e-14,0,360.31480310934,100000101.66757,-2.6467273353959e-14,-0.0070421820883713,0.0099503308518286,329.71104384796,-1.8338377576398e-06,875.3210671935,765.69793166198
16.5165,-14.782883728951,-4.9276279526638,1.577332560631e-21,0.0023146445149146,1.7338128356186,0,1.1734202310294e-17,21.736780735765,2.9550519072032e-17,-18.153609317986,-2.0691267674504e-17,2.0691299138208e-17,38.133457051179,38.13344692898,-1.8836264784784e-06,-1.8836291324785e-06,2.0691237505506e-17,-2.0691265392391e-17,1.8836279842939e-06,1.8836274662967e-06,38.133456699997,38.133466822208,13.86804511463,8.048044081699e-05,2.1736780735764e-05,-3.1960349369457e-14,0,360.31480368456,100000102.21385,-2.6735059161881e-14,-0.0070459383905926,0.0099503308518283,329.26480102184,-1.7962189071363e-06,874.11764568973,764.64422915624
16.6165,-14.434631662328,-4.8115439264469,1.4731547062982e-21,0.0023268512978213,1.7338107274916,0,1.0973870510663e-17,21.449765027677,2.7137897043085e-17,-17.96313842374,-1.9001951010247e-17,1.9001979641061e-17,37.733353911641,37.733343774618,-1.7249523361639e-06,-1.7249548440201e-06,1.9001923290905e-17,-1.9001948043535e-17,1.7249537301973e-06,1.7249533018056e-06,37.733353582633,37.733363719667,13.72253368659,7.9396670651781e-05,2.1449765027676e-05,-3.2230605184536e-14,0,360.31480425215,100000102.75289,-2.7021940805986e-14,-0.0070496453715242,0.0099503308518279,328.82447524773,-1.7596943395246e-06,872.93023110536,763.60454480262
16.7165,-14.096481974161,-4.6988273598329,1.3769730750233e-21,0.002338897511506,1.7338086468681,0,1.0270963909102e-17,21.168483537949,2.4948045607948e-17,-17.775427061973,-1.7468618125642e-17,1.7468644222684e-17,37.339047447972,37.339037297034,-1.5812966478254e-06,-1.5812990168318e-06,1.7468592636162e-17,-1.7468614614512e-17,1.5812979395292e-06,1.5812975880825e-06,37.339047141135,37.339057292085,13.579130530314,7.8334833822911e-05,2.1168483537948e-05,-3.2159399053497e-14,0,360.31480481228,100000103.28484,-2.7308822450249e-14,-0.0070533040121172,0.0099503308518276,328.38994771109,-1.7242226897745e-06,871.75850105766,762.57859622094
16.8165,-13.768075204439,-4.5893584328153,1.2880958407553e-21,0.0023507863484095,1.7338065932057,0,9.6205842886421e-18,20.892772330925,2.2958735310559e-17,-17.590420015369,-1.6075703981412e-17,1.6075727809462e-17,36.950421670591,36.950411506623,-1.4511306977742e-06,-1.4511329350847e-06,1.6075680523113e-17,-1.6075700044677e-17,1.4511318957309e-06,1.4511316102667e-06,36.950421385916,36.950431549898,13.437793456758,7.7294298225231e-05,2.0892772330925e-05,-3.229848072521e-14,0,360.31480536508,100000103.80984,-2.7545077924744e-14,-0.0070569152653326,0.0099503308518273,327.96110301301,-1.6897572186358e-06,870.60214245275,761.56610916834
16.9165,-13.449067486767,-4.483022523259,1.2058973842751e-21,0.0023625209102209,1.7338045659774,0,9.018296221288e-18,20.622473796806,2.1150062984371e-17,-17.408063618558,-1.4809272402789e-17,1.4809294196405e-17,36.567363849937,36.567353673801,-1.3330884020017e-06,-1.3330905145855e-06,1.4809250795981e-17,-1.4809268140884e-17,1.3330895140082e-06,1.3330892850385e-06,36.567363587411,36.567373763559,13.298481462759,7.6274456264671e-05,2.0622473796805e-05,-3.1845358825506e-14,0,360.3148059107,100000104.32803,-2.7796876521741e-14,-0.0070604800572183,0.009950330851827,327.53782903755,-1.6562681535078e-06,869.46085112439,760.56681722299
17.0165,-13.139129735988,-4.3797099361088,1.1298113769635e-21,0.0023741042113579,1.7338025646706,0,8.460079284742e-18,20.357436342593,1.9504201767838e-17,-17.228305699206,-1.3656841040794e-17,1.3656861007934e-17,36.189764392716,36.189754205258,-1.2259485801739e-06,-1.2259505747815e-06,1.3656821122885e-17,-1.3656836538378e-17,1.225949613318e-06,1.2259494326345e-06,36.189764152323,36.189774339793,13.161154686017,7.5274723656699e-05,2.0357436342592e-05,-3.2527355449568e-14,0,360.31480644929,100000104.83954,-2.80491192081e-14,-0.0070639992879406,0.0099503308518266,327.12001682585,-1.6237126973768e-06,868.33433149114,759.58046148353
17.1165,-12.837946885576,-4.279315649185,1.0593246455432e-21,0.0023855391822801,1.7338005887872,0,7.9422856170709e-18,20.097514101185,1.8005178256878e-17,-17.051095521948,-1.2607225334785e-17,1.2607243659976e-17,35.817516724144,35.817506526189,-1.1286191777405e-06,-1.1286210608791e-06,1.2607206958571e-17,-1.2607220662972e-17,1.1286201384686e-06,1.1286199989743e-06,35.817516505862,35.81752670383,13.025774362252,7.4294538295508e-05,2.0097514101184e-05,-3.2306067295226e-14,0,360.31480698097,100000105.3445,-2.8310687768019e-14,-0.0070674738327613,0.0099503308518263,326.70756045628,-1.5920568364447e-06,867.22229622978,758.6067902831
17.2165,-12.545217171067,-4.1817390743307,9.9397172306807e-22,0.0023968286726408,1.7337986378427,0,7.4616021681839e-18,19.84256665711,1.6638673863646e-17,-16.876383734981,-1.1650399424207e-17,1.165041627133e-17,35.450517175746,35.450506968099,-1.0401232247308e-06,-1.0401250026474e-06,1.1650382456343e-17,-1.1650394642505e-17,1.0401241189098e-06,1.0401240144715e-06,35.45051697955,35.450527187211,12.892302784388,7.3333359188118e-05,1.9842566657109e-05,-3.260867535035e-14,0,360.31480750589,100000105.84303,-2.8568703614412e-14,-0.0070709045429682,0.009950330851826,326.30035693017,-1.5612705442647e-06,866.12446596451,757.64555891696
17.3165,-12.260651456964,-4.0868838330446,9.3333000402311e-22,0.002407975454291,1.7337967113657,0,7.0150170916716e-18,19.592458788697,1.5391847760146e-17,-16.704122319178,-1.0777372174002e-17,1.077738768873e-17,35.08866487847,35.088654661918,-9.5958634065524e-07,-9.595880193269e-07,1.0777356493628e-17,-1.0777367331976e-17,9.59587173628e-07,9.595870989494e-07,35.088664704333,35.088674920898,12.760703263665,7.2390665452436e-05,1.9592458788696e-05,-3.2582946960427e-14,0,360.31480802416,100000106.33526,-2.8846259386186e-14,-0.0070742922467628,0.0099503308518257,325.89830606333,-1.5313175945196e-06,865.04056897114,756.69652938335
17.4165,-11.983972603332,-3.9946575453446,8.7701543147053e-22,0.0024189822241403,1.7337948088974,0,6.599789787865e-18,19.347060224409,1.4253179063291e-17,-16.534264539582,-9.9800766728366e-18,9.9800909847842e-18,34.731861660798,34.731851436109,-8.862256154548e-07,-8.8622720058256e-07,9.9800621703457e-18,-9.9800718115549e-18,8.8622639208994e-07,8.862263426001e-07,34.731861508685,34.731871733386,12.630940092574,7.1465955370563e-05,1.9347060224409e-05,-3.2152298836729e-14,0,360.31480853592,100000106.82131,-2.9121150622856e-14,-0.0070776377501051,0.0099503308518254,325.50131038228,-1.5021707007029e-06,863.97034089496,755.75947013636
17.5165,-11.71491486997,-3.9049716311614,8.246786537082e-22,0.0024298516068856,1.7337929299913,0,6.2134241733272e-18,19.106245413379,1.3212326168037e-17,-16.366764899129,-9.2512717383946e-18,9.2512849630001e-18,34.380011951528,34.380001719454,-8.1933971483782e-07,-8.1934121184575e-07,9.2512583143247e-18,-9.251266891667e-18,8.193404395748e-07,8.1934041133207e-07,34.380011821405,34.380022053491,12.502978509494,7.055874549739e-05,1.9106245413378e-05,-3.2341787288612e-14,0,360.31480904129,100000107.3013,-2.9383163272584e-14,-0.0070809418375205,0.0099503308518251,325.10927502565,-1.4738008140002e-06,862.913524482,754.8341558504
17.6165,-11.453223355272,-3.8177411232906,7.760015954743e-22,0.0024405861576127,1.7337910742127,0,5.8536448027244e-18,18.869893308617,1.2260001359722e-17,-16.201579094504,-8.5844541211235e-18,8.5844663613034e-18,34.033022687049,34.033012448324,-7.5830007483786e-07,-7.5830148887489e-07,8.5844416851632e-18,-8.5844493165725e-18,7.583007517275e-07,7.5830074133571e-07,34.033022578876,34.033032817613,12.376784664952,6.9668569818567e-05,1.8869893308616e-05,-3.2158197541009e-14,0,360.31480954039,100000107.77533,-2.9647840457717e-14,-0.0070842052728689,0.0099503308518247,324.72210765001,-1.446179238311e-06,861.86986932268,753.92036719569
17.7165,-11.198653467531,-3.7328844911603,7.3069439577865e-22,0.0024511883642804,1.7337892411381,0,5.5183755166784e-18,18.637887162246,1.1387859037928e-17,-16.038663973973,-7.9737802387532e-18,7.973791586357e-18,33.690803222772,33.690792978113,-7.0254306517579e-07,-7.0254440112028e-07,7.9737687088479e-18,-7.9737754987353e-18,7.0254369791682e-07,7.0254370245258e-07,33.690803136506,33.690813381175,12.252325589406,6.8794978955296e-05,1.8637887162246e-05,-3.2312568146033e-14,0,360.31481003333,100000108.24351,-2.991473808905e-14,-0.0070874288000777,0.0099503308518244,324.33971833991,-1.4192794787775e-06,860.83913160698,753.01789062371
17.8165,-10.950970426482,-3.65032347468,6.8849267020192e-22,0.002461660650092,1.733787430355,0,5.2057203279524e-18,18.41011433191,1.0588396064487e-17,-15.877977497122,-7.413996400115e-18,7.4140069372043e-18,33.353265248539,33.353254998649,-6.5156301420426e-07,-6.5156427667035e-07,7.4139857016643e-18,-7.4139917425144e-18,6.5156360617624e-07,6.5156362312576e-07,33.353265184135,33.353275434036,12.129569162475,6.7937539412647e-05,1.841011433191e-05,-3.2203644309743e-14,0,360.31481052023,100000108.70596,-3.0165204419759e-14,-0.0070906131438427,0.0099503308518241,323.96201952201,-1.3930788763133e-06,859.82107389085,752.12651816262
17.9165,-10.709948793332,-3.5699829275819,6.4915506083701e-22,0.0024720053757592,1.7337856414616,0,4.9139462945082e-18,18.186466098003,9.8548629095872e-18,-15.719478696375,-6.9003765897739e-18,6.9003863897473e-18,33.020322707803,33.020312453367,-6.0490599999533e-07,-6.0490719334091e-07,6.9003666549104e-18,-6.9003720286843e-18,6.0490655428839e-07,6.0490658149262e-07,33.020322665212,33.020332919658,12.008484083533,6.7095832869974e-05,1.8186466098003e-05,-3.1952904602742e-14,0,360.31481100119,100000109.16277,-3.0431657962166e-14,-0.0070937590102992,0.0099503308518238,323.58892588336,-1.3675512909426e-06,858.81546487322,751.24604722181
18.0165,-10.475372026959,-3.4917906694914,6.1246104131935e-22,0.0024822248416682,1.7337838740662,0,4.6414681567338e-18,17.966837490343,9.1811844142089e-18,-15.563127640204,-6.4286669859949e-18,6.4286761145779e-18,32.691891720344,32.691881462033,-5.6216432265134e-07,-5.6216545098703e-07,6.4286577529352e-18,-6.4286625323061e-18,5.6216484209293e-07,5.6216487769998e-07,32.691891699514,32.691901957836,11.889039843596,6.6269455508127e-05,1.7966837490343e-05,-3.2403512028285e-14,0,360.31481147632,100000109.61405,-3.0691006077354e-14,-0.0070968670876611,0.0099503308518235,323.22035429278,-1.3426710628156e-06,857.82207918258,750.37628040501
18.1165,-10.247032065063,-3.4156773463054,5.7820894849536e-22,0.0024923212899481,1.7337821277869,0,4.3868345440702e-18,17.751127124413,8.5618891160056e-18,-15.408885397943,-5.9950364748224e-18,5.9950449909394e-18,32.367890508349,32.367880246818,-5.229715823012e-07,-5.2297264950009e-07,5.9950278872837e-18,-5.9950321367236e-18,5.2297206948035e-07,5.2297211190405e-07,32.367890509226,32.367900770768,11.771206698431,6.5458017373869e-05,1.7751127124412e-05,-3.2392429157829e-14,0,360.31481194573,100000110.0599,-3.0957459620044e-14,-0.0070999380468322,0.0099503308518232,322.85622372618,-1.3184234408762e-06,856.84069717325,749.51702533175
18.2165,-10.024728928261,-3.3415762982264,5.4621421553866e-22,0.0025022969064513,1.7337804022514,0,4.1487155782954e-18,17.539237045958,7.992046200899e-18,-15.25671400611,-5.596032503671e-18,5.5960404602129e-18,32.048239325681,32.048229061572,-4.8699829560853e-07,-4.8699930531643e-07,5.5960245103465e-18,-5.5960282870822e-18,4.8699875289764e-07,4.8699880078174e-07,32.048239348207,32.048249612328,11.654955642827,6.4661141776853e-05,1.7539237045958e-05,-3.2540125895097e-14,0,360.31481240952,100000110.50042,-3.1220804538403e-14,-0.0071029725419925,0.0099503308518228,322.49645519474,-1.2947786599215e-06,855.87110473029,748.66809446645
18.3165,-9.8082703461071,-3.2694234351055,5.1630778441682e-22,0.0025121538226473,1.7337786970966,0,3.9258917218076e-18,17.331072584158,7.4672092453603e-18,-15.106576436185,-5.2285416897425e-18,5.2285491342434e-18,31.732860390179,31.732850124117,-4.5394799106935e-07,-4.5394894671528e-07,5.2285342438289e-18,-5.2285375986849e-18,4.5394842064391e-07,4.5394847283089e-07,31.732860434294,31.732870700366,11.540258385965,6.3878464719876e-05,1.7331072584158e-05,-3.2499293203629e-14,0,360.31481286779,100000110.93569,-3.1479264475595e-14,-0.0071059712111585,0.0099503308518225,322.14097167654,-1.2717242350529e-06,854.91309308304,747.8293049551
18.4165,-9.597471403045,-3.1991571184207,4.8833467806443e-22,0.0025218941174366,1.7337770119682,0,3.7172437358393e-18,17.126542211737,6.9833660059746e-18,-14.95843656373,-4.8897546627427e-18,4.8897616379768e-18,31.421677818802,31.421667551401,-4.2355373001259e-07,-4.2355463481941e-07,4.8897477215151e-18,-4.8897506996551e-18,4.2355413386904e-07,4.2355418937307e-07,31.421677884444,31.421688151856,11.427087327824,6.3109634356258e-05,1.7126542211737e-05,-3.2265194037528e-14,0,360.31481332063,100000111.36581,-3.1748382553956e-14,-0.0071089346767182,0.0099503308518222,321.78969805071,-1.2492354299473e-06,853.96645862633,747.00047846863
18.5165,-9.3921542038172,-3.1307180497514,4.6215271509384e-22,0.0025315198188876,1.7337753465208,0,3.5217436305194e-18,16.92555741303,6.5368935945945e-18,-14.812259138817,-4.577134678579e-18,4.5771412230868e-18,31.114617565509,31.114607297368,-3.9557500612239e-07,-3.9557586311736e-07,4.5771282030079e-18,-4.5771308445883e-18,3.9557538609418e-07,3.9557544407771e-07,31.114617652613,31.114627920764,11.315415536588,6.2354310478034e-05,1.692555741303e-05,-3.2202954898569e-14,0,360.31481376814,100000111.79088,-3.2000181153274e-14,-0.0071118635459486,0.0099503308518219,321.44256103489,-1.2272967306084e-06,853.03100274972,746.18144105322
18.6165,-9.1921475563962,-3.0640491650864,4.3763135166277e-22,0.0025410329059005,1.7337737004169,0,3.3384465007645e-18,16.728032558161,6.1245184501704e-18,-14.668009757688,-4.2883895916834e-18,4.2883957402366e-18,30.81160736172,30.811597093426,-3.6979498155586e-07,-3.6979579358106e-07,4.2883835460895e-18,-4.288385886836e-18,3.6979533932803e-07,3.6979539908145e-07,30.811607470218,30.811617738523,11.20521672698,6.1612164028e-05,1.672803255816e-05,-3.258931626178e-14,0,360.31481421042,100000112.21097,-3.2260417447713e-14,-0.0071147584115044,0.0099503308518216,321.09948912476,-1.2058899311888e-06,852.10653167341,745.37202298666
18.7165,-8.997286671798,-2.9990955347624,4.1465063701057e-22,0.0025504353098022,1.7337720733274,0,3.1664831549739e-18,16.53388478379,5.7432805831703e-18,-14.525654835563,-4.0214468189965e-18,4.021452603009e-18,30.512576659206,30.512566391332,-3.4601802240308e-07,-3.4601879212563e-07,4.0214411707398e-18,-4.0214432424551e-18,3.4601835952548e-07,3.4601842044946e-07,30.512576789029,30.512587056914,11.096465239493,6.0882876637292e-05,1.653388478379e-05,-3.2852242433691e-14,0,360.31481464754,100000112.62617,-3.2516656939395e-14,-0.0071176198518914,0.0099503308518213,320.76041253635,-1.1849953561221e-06,851.19285629118,744.57205864069
18.8165,-8.807412879677,-2.9358042686624,3.9310027068083e-22,0.0025597289158768,1.7337704649307,0,3.0050534537936e-18,16.343033879892,5.3905016262815e-18,-14.385161580577,-3.7744309691062e-18,3.7744364169957e-18,30.217456575335,30.217446308441,-3.2406750039116e-07,-3.2406823031309e-07,3.7744256883054e-18,-3.7744275193166e-18,3.2406781829031e-07,3.2406787988056e-07,30.21745672641,30.217466993314,10.989136020468,6.0166140186377e-05,1.6343033879891e-05,-3.3064899093353e-14,0,360.3148150796,100000113.03656,-3.2781778215408e-14,-0.0071204484319196,0.009950330851821,320.42526315083,-1.1646025841997e-06,850.2897920199,743.78138634918
18.9165,-8.622373358643,-2.874124426321,3.7287875074693e-22,0.0025689155648312,1.7337688749131,0,2.8534202850559e-18,16.155402182018,5.0637562764511e-18,-14.246497968754,-3.5456438459937e-18,3.545648983504e-18,29.926179840506,29.926169575142,-3.0378383142682e-07,-3.037845238947e-07,3.5456389052733e-18,-3.5456405208276e-18,3.0378413141677e-07,3.037841932508e-07,29.92618001276,29.926190278134,10.883204602973,5.9461656387413e-05,1.6155402182018e-05,-3.3177168732053e-14,0,360.31481550669,100000113.44224,-3.3052228562069e-14,-0.0071232447031367,0.0099503308518206,320.09397446131,-1.1446868574284e-06,849.39715865505,742.99984828152
19.0165,-8.4420208805094,-2.8140069316749,3.5389260362083e-22,0.0025779970542042,1.733767302968,0,2.7109041097104e-18,15.970914468903,4.760846759088e-18,-14.109632720001,-3.3335465688965e-18,3.3335514193809e-18,29.638680747717,29.638670484419,-2.8502272485435e-07,-2.8502338206843e-07,3.3335419431584e-18,-3.3335433657716e-18,2.8502300814644e-07,2.8502306987206e-07,29.638680941073,29.638691204381,10.77864708846,5.8769136387343e-05,1.5970914468903e-05,-3.3210412165194e-14,0,360.31481592889,100000113.84327,-3.3342218834094e-14,-0.0071260092042451,0.0099503308518203,319.76648152189,-1.1252402820478e-06,848.51478023202,742.22729032122
19.1165,-8.2662135676373,-2.7554044921759,3.3605568702896e-22,0.0025869751397175,1.7337657487958,0,2.5768780204141e-18,15.78949786507,4.4797799859463e-18,-13.974535275037,-3.1367435782811e-18,3.1367481629541e-18,29.35489510411,29.354884843404,-2.6765362022021e-07,-2.6765424424322e-07,3.1367392444981e-18,-3.136740494263e-18,2.6765388793194e-07,2.6765394925736e-07,29.35489531849,29.354905579207,10.675440129133,5.8088300390443e-05,1.578949786507e-05,-3.3129419481437e-14,0,360.31481634628,100000114.23973,-3.3609116467336e-14,-0.0071287424615032,0.00995033085182,319.44272089888,-1.1062483178633e-06,847.64248489325,741.46356194933
19.2165,-8.0948146625621,-2.6982715220008,3.1928855866874e-22,0.0025958515365738,1.7337642121039,0,2.4507632608369e-18,15.611081748091,4.2187471144147e-18,-13.841175773248,-2.9539683232786e-18,2.9539726614385e-18,29.074760184443,29.074749926842,-2.5155829092644e-07,-2.5155888369202e-07,2.9539642603081e-18,-2.9539653551661e-18,2.5155854408953e-07,2.5155860477475e-07,29.074760419767,29.074770677378,10.573560911029,5.7418877298943e-05,1.5611081748091e-05,-3.3069901114487e-14,0,360.31481675893,100000114.63171,-3.3878234546754e-14,-0.0071314449891088,0.0099503308518197,319.12263062375,-1.087690750969e-06,846.78010476035,740.70851613258
19.3165,-7.9276923091806,-2.6425640691139,3.0351790389781e-22,0.002604627920703,1.7337626926064,0,2.3320251595147e-18,15.43559766022,3.9761052481497e-18,-13.709525031393,-2.7840704484848e-18,2.7840745577122e-18,28.798214686368,28.798204432374,-2.3662959645404e-07,-2.366301597747e-07,2.7840666369004e-18,-2.7840675928824e-18,2.3662983602174e-07,2.3662989587113e-07,28.798214942554,28.798225196558,10.472987137743,5.6760604370665e-05,1.543559766022e-05,-3.2634332327185e-14,0,360.31481716694,100000115.01926,-3.4109605043464e-14,-0.0071341172895669,0.0099503308518194,318.80615014798,-1.0695632638468e-06,845.92747581128,739.96200921573
19.4165,-7.7647193449355,-2.588239745994,2.8867601650463e-22,0.0026133059299618,1.7337611900238,0,2.2201694368614e-18,15.262979224348,3.7503610476242e-18,-13.579554523136,-2.6260043180828e-18,2.6260082144155e-18,28.525198687433,28.525188437538,-2.2277036688026e-07,-2.2277090245495e-07,2.6260007400218e-18,-2.6260015714603e-18,2.2277059373397e-07,2.2277065258981e-07,28.525198964397,28.525209214302,10.373697014792,5.6113226893429e-05,1.5262979224348e-05,-3.3056553627815e-14,0,360.31481757037,100000115.40248,-3.4353854127382e-14,-0.0071367598540467,0.0099503308518191,318.4932202997,-1.0518441972764e-06,845.08443776255,739.22390081832
19.5165,-7.6057731033098,-2.5352576638014,2.7470032728093e-22,0.0026218871652843,1.7337597040828,0,2.1147388486013e-18,15.093162063956,3.5401560446423e-18,-13.451236359375,-2.4788187330788e-18,2.4788224311683e-18,28.255653603759,28.255643358444,-2.0989240522727e-07,-2.0989291464853e-07,2.4788153721043e-18,-2.4788160918218e-18,2.0989262018257e-07,2.0989267791954e-07,28.255653901415,28.25566414674,10.275669234581,5.5476497874962e-05,1.5093162063955e-05,-3.2734992748942e-14,0,360.3148179693,100000115.78141,-3.4614090422982e-14,-0.0071393731627236,0.0099503308518188,318.18378324223,-1.0345262492773e-06,844.25083395587,738.49405373544
19.6165,-7.4507352259381,-2.4835783697458,2.6153297561744e-22,0.0026303731917896,1.7337582345162,0,2.0153101322943e-18,14.926083726608,3.3442534774979e-18,-13.3245432693,-2.3416477132922e-18,2.3416512265423e-18,27.989522150257,27.989511909992,-1.9791559478958e-07,-1.9791607955033e-07,2.3416445542685e-18,-2.3416451737435e-18,1.9791579860172e-07,1.9791585512204e-07,27.989522468518,27.989532708792,10.178882961932,5.4850177746628e-05,1.4926083726607e-05,-3.2718328620818e-14,0,360.3148183638,100000116.15615,-3.4883652592107e-14,-0.007141957685105,0.0099503308518185,317.8777824338,-1.0175997919521e-06,843.42651124914,737.77233384216
19.7165,-7.2994914838381,-2.4331637874983,2.4912041993042e-22,0.0026387655398488,1.7337567810627,0,1.9214912277307e-18,14.761683610907,3.1615264836193e-18,-13.199448582189,-2.2137022298552e-18,2.2137055705452e-18,27.726748302375,27.726738067623,-1.8676710001678e-07,-1.8676756151664e-07,2.2136992588341e-18,-2.2136997883488e-18,1.8676729338564e-07,1.8676734861497e-07,27.726748641153,27.726758875916,10.083317820167,5.4234034080569e-05,1.4761683610907e-05,-3.3064273399306e-14,0,360.31481875394,100000116.52675,-3.5123460784296e-14,-0.0071445138803462,0.0099503308518182,317.57516258885,-1.0010442870664e-06,842.61131991134,737.05861000155
19.8165,-7.1519316075746,-2.3839771605794,2.3741308313588e-22,0.0026470657061088,1.7337553434668,0,1.8329187447776e-18,14.599902897358,2.9909475044081e-18,-13.075926209864,-2.0942627864894e-18,2.0942659658846e-18,27.467277259264,27.467267030473,-1.7638065079759e-07,-1.7638109034894e-07,2.0942599906081e-18,-2.0942604393788e-18,1.7638083437223e-07,1.7638088825609e-07,27.467277618467,27.467287847268,9.98895387771,5.3627841321966e-05,1.4599902897357e-05,-3.3302605828482e-14,0,360.3148191398,100000116.89327,-3.5363268976608e-14,-0.0071470421975576,0.0099503308518179,317.27586964143,-9.8485899798418e-07,841.80511352206,736.35275397654
19.9165,-7.0079491251308,-2.3359829983155,2.2636502971533e-22,0.0026552751544802,1.7337539214785,0,1.7492556544773e-18,14.440684481478,2.8315787729233e-18,-12.953950629802,-1.9826727589899e-18,1.9826757874395e-18,27.211055408285,27.211045185897,-1.6669590111747e-07,-1.6669631995102e-07,1.9826701263781e-18,-1.9826705026709e-18,1.6669607550027e-07,1.6669612800094e-07,27.211055787822,27.21106601022,9.8957716351804,5.3031380530158e-05,1.4440684481478e-05,-3.2910944127445e-14,0,360.31481952143,100000117.2558,-3.5620396648222e-14,-0.0071495430760915,0.0099503308518176,316.97985070893,-9.6902693795389e-07,841.00774887392,735.65464034454
20.0165,-6.8674412080417,-2.2891470245501,2.1593367143058e-22,0.0026633953170877,1.733752514853,0,1.6701891828616e-18,14.283972910976,2.6825637692093e-18,-12.833496868894,-1.8783324122528e-18,1.8783352992775e-18,26.9580302909,26.958020075346,-1.576578540622e-07,-1.5765825333233e-07,1.8783299319479e-18,-1.8783302431811e-18,1.5765801981262e-07,1.5765807090649e-07,26.958030690678,26.958040906242,9.8037520129783,5.244443913537e-05,1.4283972910976e-05,-3.3106701376053e-14,0,360.31481989891,100000117.61437,-3.585931666235e-14,-0.0071520169458312,0.0099503308518172,316.68705405816,-9.5354061570664e-07,840.21908587952,734.96414641585
20.1165,-6.7303085242442,-2.2434361285943,2.0607949884966e-22,0.0026714275951853,1.7337511233512,0,1.5954288875359e-18,14.129714324648,2.5431195406173e-18,-12.714540487747,-1.7806935229694e-18,1.7806962773394e-18,26.708150569699,26.708140361402,-1.4921634602792e-07,-1.492167268176e-07,1.7806911848398e-18,-1.7806914376751e-18,1.4921650366592e-07,1.4921655334122e-07,26.708150989623,26.70816119793,9.7128763392952,5.1866810702312e-05,1.4129714324648e-05,-3.3106642609019e-14,0,360.31482027231,100000117.96907,-3.6109338906846e-14,-0.0071544642274547,0.009950330851817,316.39742907181,-9.383895513831e-07,839.43898748087,734.2811521544
20.2165,-6.5964550983539,-2.1988183186524,1.9676583634308e-22,0.0026793733600386,1.7337497467386,0,1.5247049006811e-18,13.977856394981,2.4125297957142e-18,-12.597057565612,-1.6892545439861e-18,1.6892571737914e-18,26.461365996732,26.461355796105,-1.4132558378617e-07,-1.4132594711161e-07,1.689252338662e-18,-1.6892525390854e-18,1.4132573379534e-07,1.4132578205016e-07,26.461366436707,26.461376637343,9.6231263385927,5.1298294707991e-05,1.3977856394981e-05,-3.3104325434367e-14,0,360.31482064168,100000118.31995,-3.6354920259352e-14,-0.0071568853327025,0.0099503308518166,316.11092621699,-9.2356188353757e-07,838.6673195631,733.60554010204
20.3165,-6.4657881780029,-2.1552626772673,1.8795861823894e-22,0.002687233953775,1.7337483847858,0,1.4577663221796e-18,13.828348272407,2.2901386902525e-18,-12.481024685798,-1.6035562532451e-18,1.603558765958e-18,26.217627382877,26.217617190324,-1.3394372875278e-07,-1.3394407556782e-07,1.6035541720548e-18,-1.6035543254479e-18,1.3394387158324e-07,1.3394391842386e-07,26.217627842804,26.217638035366,9.53448412046,5.0738696326053e-05,1.3828348272407e-05,-3.325482628982e-14,0,360.31482100709,100000118.66707,-3.6624038340099e-14,-0.0071592806646247,0.0099503308518163,315.82749701391,-9.0905204126349e-07,837.90395087033,732.93719530499
20.4165,-6.3382181068471,-2.1127393189898,1.7962618427512e-22,0.0026950106902026,1.7337470372685,0,1.3943797498533e-18,13.681140532947,2.1753452325865e-18,-12.366418921656,-1.52317783646e-18,1.523180238991e-18,25.976886568392,25.976876384308,-1.2703252343098e-07,-1.270328546311e-07,1.5231758713723e-18,-1.5231759825766e-18,1.2703265950195e-07,1.2703270494138e-07,25.976887048173,25.976897232265,9.4469321689032,5.0187826224165e-05,1.3681140532947e-05,-3.2982936228545e-14,0,360.3148213686,100000119.01048,-3.6848303410765e-14,-0.0071616506178302,0.009950330851816,315.54709400699,-8.9484772357928e-07,837.14875292569,732.27600524358
20.5165,-6.2136582028438,-2.0712193498042,1.7173909243893e-22,0.002702704855602,1.7337457039666,0,1.3343279333046e-18,13.536185126968,2.0675982437397e-18,-12.253217823024,-1.4477333581583e-18,1.4477356569067e-18,25.739096394449,25.739086219221,-1.2055695555076e-07,-1.2055727197692e-07,1.4477315017301e-18,-1.4477315751033e-18,1.2055708525297e-07,1.2055712930973e-07,25.739096893984,25.739107069221,9.3604533319889,4.964550036585e-05,1.3536185126968e-05,-3.2585455991311e-14,0,360.31482172627,100000119.35024,-3.710987197517e-14,-0.0071639955787129,0.0099503308518157,315.26967073541,-8.8094421829996e-07,836.40159995278,731.62185976367
20.6165,-6.0920246426305,-2.0306748285889,1.6426994770395e-22,0.0027103177094874,1.7337443846649,0,1.2774085409328e-18,13.393435331311,1.9663918143451e-18,-12.141399403156,-1.3768685806338e-18,1.3768707815327e-18,25.504210675671,25.504200509677,-1.1448495591759e-07,-1.1448525835977e-07,1.3768668259621e-18,-1.3768668654291e-18,1.1448507961546e-07,1.1448512231252e-07,25.504211194858,25.50422136086,9.2750308118547,4.9111539825273e-05,1.3393435331311e-05,-3.3243854862086e-14,0,360.31482208016,100000119.68642,-3.735811786339e-14,-0.0071663159256865,0.0099503308518154,314.99518170622,-8.6732939120345e-07,835.66236880141,730.97465101142
20.7165,-5.9732363507749,-1.9910787301989,1.5719324514412e-22,0.0027178504853426,1.7337430791525,0,1.2234330293708e-18,13.252845702635,1.8712612069337e-18,-12.030942126131,-1.310258094731e-18,1.3102602032884e-18,25.272184173679,25.27217401729,-1.0878712641824e-07,-1.0878741561878e-07,1.3102564354097e-18,-1.3102564445068e-18,1.0878724445191e-07,1.0878728581576e-07,25.272184712416,25.272194868813,9.190648155089,4.8585770606815e-05,1.3252845702635e-05,-3.2953236549348e-14,0,360.31482243033,100000120.01906,-3.7605475573299e-14,-0.0071686120293973,0.0099503308518151,314.72358236746,-8.5399907626225e-07,834.93093887486,730.33427336962
20.8165,-5.8572148940727,-1.9524049102313,1.5048522613318e-22,0.0027253043913323,1.7337417872227,0,1.1722256062369e-18,13.114372032929,1.781779157526e-18,-11.921824894647,-1.2476027302216e-18,1.2476047515568e-18,25.042972571467,25.042962425046,-1.0343649501931e-07,-1.0343677167596e-07,1.2476011603016e-18,-1.2476011422171e-18,1.0343660770642e-07,1.0343664776633e-07,25.042973129652,25.042983276081,9.107289243407,4.8068023473052e-05,1.3114372032929e-05,-3.3013940464303e-14,0,360.31482277682,100000120.34822,-3.7823523395471e-14,-0.0071708842529344,0.0099503308518148,314.45482908221,-8.4094254002877e-07,834.20719205991,729.70062339648
20.9165,-5.7438843808005,-1.9146280714442,1.4412374648501e-22,0.0027326806109857,1.7337405086731,0,1.1236222781337e-18,12.977971307376,1.6975525354752e-18,-11.81402703828,-1.1886272170287e-18,1.1886291559052e-18,24.816532448725,24.816522312626,-9.84082949375e-08,-9.8408559706348e-08,1.1886257309817e-18,-1.1886256885912e-18,9.8408402574893e-08,9.840844136228e-08,24.816533026253,24.816543162359,9.0249382846755,4.75581337818e-05,1.2977971307375e-05,-3.3148937668801e-14,0,360.31482311971,100000120.67394,-3.8093529655303e-14,-0.0071731329520388,0.0099503308518145,314.18887910436,-8.2815467352727e-07,833.49101265994,729.07359976687
21.0165,-5.6331713641229,-1.8777237315583,1.3808815542076e-22,0.0027399803038597,1.7337392433055,0,1.0774699759976e-18,12.843601663264,1.6182193248791e-18,-11.707528302136,-1.1330780716122e-18,1.1330799324678e-18,24.592821258005,24.592811132575,-9.3679765466189e-08,-9.368001896435e-08,1.1330766642974e-18,-1.1330766001961e-18,9.3679868331482e-08,9.3679905879302e-08,24.59282185477,24.592831980208,8.9435798042438,4.7055941327294e-05,1.2843601663263e-05,-3.2971592036572e-14,0,360.31482345903,100000120.99629,-3.8349325060529e-14,-0.0071753584752946,0.0099503308518142,313.92569055433,-8.1562684692715e-07,832.78228732942,728.45310321504
21.116500000001,-5.5250047498527,-1.8416681925103,1.3235918442377e-22,0.0027472046061791,1.7337379909253,0,1.0336257511612e-18,12.71122235085,1.5434458947555e-18,-11.602308835856,-1.0807216855477e-18,1.0807234725209e-18,24.371797301625,24.371787187204,-8.9229972215209e-08,-8.9230215023342e-08,1.0807203521816e-18,-1.0807202687124e-18,8.9230070568176e-08,8.9230106910498e-08,24.371797917523,24.371808031951,8.8631986365423,4.6561290188912e-05,1.271122235085e-05,-3.2638778915628e-14,0,360.31482379485,100000121.31531,-3.8603788198238e-14,-0.0071775611643198,0.0099503308518139,313.66522239575,-8.0335070643496e-07,832.08090501095,727.83903647946
21.216500000001,-5.4193157084018,-1.8064385111031,1.2691884511773e-22,0.0027543546314531,1.7337367513422,0,9.9195603601392e-19,12.580793696155,1.472924528705e-18,-11.498349183008,-1.0313425957967e-18,1.0313443127517e-18,24.153419709394,24.153409606314,-8.5039644761832e-08,-8.5039877426488e-08,1.0313413319256e-18,-1.0313412312046e-18,8.5039738845714e-08,8.5039774017316e-08,24.153420344316,24.153430447403,8.7837799169787,4.6074028587338e-05,1.2580793696155e-05,-3.2678622110797e-14,0,360.31482412721,100000121.63105,-3.8895998918879e-14,-0.0071797413539504,0.0099503308518136,313.40743441335,-7.9132413200333e-07,831.38675687477,727.23130424979
21.316500000001,-5.3160375904445,-1.7720124708939,1.2175033537378e-22,0.002761431471073,1.7337355243693,0,9.5233596362403e-19,12.452277065004,1.4063711878686e-18,-11.395630270856,-9.8474191833108e-19,9.8474356887903e-19,23.937648417103,23.937638325689,-8.1091029925863e-08,-8.1091252961674e-08,9.8474071980542e-19,-9.8474060374445e-19,8.1091119968562e-08,8.1091154004605e-08,23.937649070941,23.937659162363,8.7053090741165,4.5594008745605e-05,1.2452277065004e-05,-3.3216742097714e-14,0,360.31482445617,100000121.94355,-3.9195759156198e-14,-0.0071818993724197,0.0099503308518133,313.15228719162,-7.7953635914777e-07,830.69973626009,726.6298131155
21.416500000001,-5.2151058461518,-1.7383685552723,1.1683795290751e-22,0.00276843619489,1.7337343098235,0,9.1464874106698e-19,12.325634828374,1.3435234837296e-18,-11.294133400436,-9.4073592868929e-19,9.4073751620898e-19,23.724444145696,23.724434066266,-7.7367759073399e-08,-7.7367972965119e-08,9.4073479164069e-19,-9.4073466196783e-19,7.7367845288577e-08,7.736787822433e-08,23.724444818343,23.724454897781,8.6277718220969,4.5121086755204e-05,1.2325634828374e-05,-3.3133012924327e-14,0,360.31482478178,100000122.25287,-3.9468874041028e-14,-0.0071840355415272,0.009950330851813,312.89974209345,-7.6798148204992e-07,830.0197386181,726.03447151597
21.516500000001,-5.1164579479612,-1.7054859217164,1.1216701575216e-22,0.0027753698517736,1.7337331075253,0,8.7878507211804e-19,12.200830329305,1.2841388397957e-18,-11.193840236957,-8.99154774787e-19,8.991563024426e-19,23.513768381101,23.513758313965,-7.385472802345e-08,-7.3854933227863e-08,8.9915369560691e-19,-8.9915355388449e-19,7.3854810611539e-08,7.3854842482153e-08,23.513769072446,23.513779139589,8.5511541533017,4.4655122448236e-05,1.2200830329305e-05,-3.2985281225158e-14,0,360.31482510408,100000122.55906,-3.9727333982031e-14,-0.0071861501768036,0.0099503308518127,312.64976124006,-7.5665861450747e-07,829.34666145705,725.44518969233
21.616500000001,-5.0200333166691,-1.6733443771578,1.077237889981e-22,0.0027822334701506,1.7337319172987,0,8.4464262496232e-19,12.07782785119,1.2279928233857e-18,-11.094732800526,-8.5984130883467e-19,8.5984277959236e-19,23.305583354737,23.3055733002,-7.0537988283414e-08,-7.0538185231109e-08,8.598402841549e-19,-8.5984013179587e-19,7.0538067432551e-08,7.0538098272871e-08,23.305584064671,23.305594119215,8.4754423312655,4.419597927491e-05,1.2077827851189e-05,-3.2498429740122e-14,0,360.31482542313,100000122.86215,-3.9951154964769e-14,-0.0071882435876727,0.0099503308518124,312.40230749139,-7.4555363217236e-07,828.68040428933,724.86187964117
21.716500000001,-4.925773250728,-1.641924354413,1.0349541728652e-22,0.0027890280585282,1.733730738971,0,8.1212554129274e-19,11.956592587487,1.1748776307103e-18,-10.996793457183,-8.2265002659175e-19,8.2265144323467e-19,23.099852024699,23.099841983059,-6.740464847394e-08,-6.7404837570968e-08,8.2264905326656e-19,-8.2264889154902e-19,6.7404724360825e-08,6.7404754205237e-08,23.09985275311,23.099862794757,8.4006228838286,4.3743524186508e-05,1.1956592587486e-05,-3.2487807827371e-14,0,360.31482573896,100000123.16219,-4.0183413642599e-14,-0.0071903160776094,0.0099503308518121,312.15734442781,-7.3466772764946e-07,828.02086858032,724.28445506965
21.816500000001,-4.8336208582599,-1.6112068895221,9.946986252772e-23,0.0027957546059991,1.7337295723727,0,7.8114398299576e-19,11.83709061203,1.124600710166e-18,-10.900004910212,-7.8744610339711e-19,7.8744746853905e-19,22.89653805749,22.896528029038,-6.4442784924062e-08,-6.4442966553481e-08,7.8744517848679e-19,-7.8744500856714e-19,6.4442857714748e-08,6.4442886597058e-08,22.896538804268,22.896548832727,8.326682596495,4.3297627520764e-05,1.183709061203e-05,-3.2611978474209e-14,0,360.31482605163,100000123.45923,-4.0424998193931e-14,-0.0071923679442848,0.0099503308518118,311.91483633112,-7.2399103066067e-07,827.36795769831,723.7128313517
21.916500000001,-4.7435209921168,-1.5811736001016,9.5635846449776e-23,0.0028024140827318,1.7337284173379,0,7.5161371364452e-19,11.719288850977,1.0769835103284e-18,-10.804350191721,-7.541045175147e-19,7.5410583361257e-19,22.695605810349,22.695595795368,-6.1641360524521e-08,-6.1641535047838e-08,7.5410363827048e-19,-7.5410346119512e-19,6.1641430375145e-08,6.1641458328478e-08,22.695606575379,22.695616590367,8.2536085060015,4.2858162893511e-05,1.1719288850977e-05,-3.3616623527769e-14,0,360.31482636118,100000123.7533,-4.0683014046124e-14,-0.0071943994797149,0.0099503308518115,311.67474816709,-7.1352149134416e-07,826.72157686656,723.14692548599
22.016500000001,-4.6554201876283,-1.5518066645938,9.1982797552226e-23,0.0028090074404429,1.7337272737033,0,7.2345571174904e-19,11.60315505583,1.0318603405309e-18,-10.709812654495,-7.2250925231073e-19,7.2251052167597e-19,22.497020314121,22.49701031289,-5.8990151022305e-08,-5.8990318780821e-08,7.2250841616094e-19,-7.2250823287682e-19,5.8990218079766e-08,5.8990245136491e-08,22.497021097292,22.497031098529,8.1813878940902,4.2425007094498e-05,1.1603155055829e-05,-3.3137213004016e-14,0,360.31482666766,100000124.04446,-4.0908611386096e-14,-0.0071964109703991,0.0099503308518112,311.43704556839,-7.0325069018052e-07,826.08163311682,722.58665605522
22.116500000001,-4.5692666028234,-1.5230888023414,8.85008020994e-23,0.002815535612857,1.7337261413093,0,6.9659581315582e-19,11.488657777252,9.890773331471e-19,-10.616375964108,-6.9255256964418e-19,6.9255379445315e-19,22.300747256702,22.300737269493,-5.6479678024821e-08,-5.6479839340886e-08,6.9255177418144e-19,-6.9255158554555e-19,5.6479742427402e-08,5.6479768619071e-08,22.300748057899,22.300758045115,8.1100082814834,4.1998039986313e-05,1.1488657777252e-05,-3.3485717121661e-14,0,360.3148269711,100000124.33273,-4.1157301365076e-14,-0.0071984026974572,0.0099503308518109,311.20169481772,-6.9317822683768e-07,825.44803524401,722.03194318647
22.216500000001,-4.4850099612717,-1.495003254533,8.518055883499e-23,0.0028219995161499,1.7337250199986,0,6.7096438032861e-19,11.375766340288,9.4849149781052e-19,-10.524024091282,-6.6413434763158e-19,6.6413552993517e-19,22.106752966983,22.106742994063,-5.4101148057664e-08,-5.4101303235847e-08,6.6413359060109e-19,-6.6413339738906e-19,5.4101209935606e-08,5.4101235292915e-08,22.106753786093,22.106763759021,8.0394574220455,4.157714440868e-05,1.1375766340288e-05,-3.2991569290474e-14,0,360.31482727156,100000124.61817,-4.1384675062081e-14,-0.0072003749367647,0.0099503308518106,310.96866283238,-6.8329461033898e-07,824.82069376307,721.48270851327
22.316500000001,-4.4026014970478,-1.4675337658598,8.2013337089303e-23,0.0028284000493797,1.7337239096174,0,6.4649599614708e-19,11.264450820028,9.0996985879933e-19,-10.432741304494,-6.3716147664397e-19,6.3716261837631e-19,21.915004399314,21.914994440942,-5.1846397087739e-08,-5.1846546415919e-08,6.3716075593268e-19,-6.3716055884638e-19,5.1846456563776e-08,5.184648111653e-08,21.915005236222,21.915015194601,7.9697232971306,4.1162206084544e-05,1.1264450820027e-05,-3.3006014142917e-14,0,360.31482756907,100000124.90081,-4.1625371435471e-14,-0.0072023279590769,0.0099503308518103,310.73791714818,-6.7359805457673e-07,824.19952086621,720.9388751383
22.416500000001,-4.3219939020663,-1.4406645669594,7.8990938022389e-23,0.0028347380949036,1.7337228100144,0,6.2312918039476e-19,11.154682018523,8.7338866768618e-19,-10.342512162781,-6.1154730800447e-19,6.1154841099093e-19,21.725469118401,21.725459174832,-4.9707839984107e-08,-4.9707983734499e-08,6.1154662163108e-19,-6.1154642130559e-19,4.9707897173962e-08,4.9707920951056e-08,21.725469972992,21.725479916568,7.9007941100906,4.0753113530991e-05,1.1154682018523e-05,-3.2605355677838e-14,0,360.31482786367,100000125.1807,-4.186651189817e-14,-0.0072042620301541,0.00995033085181,310.50942590447,-6.640806818806e-07,823.58443038212,720.40036759754
22.516500000001,-4.2431412754767,-1.4143803575473,7.6105658743676e-23,0.0028410145187824,1.7337217210411,0,6.0080612707498e-19,11.046431442427,8.386326841686e-19,-10.253321508791,-5.8721115042581e-19,5.8721221639038e-19,21.538115284701,21.538105356183,-4.7678424442566e-08,-4.7678562872669e-08,5.8721049653162e-19,-5.8721029354138e-19,4.7678479455405e-08,4.7678502484818e-08,21.538116156858,21.538126085384,7.8326582809608,4.0349757972928e-05,1.1046431442427e-05,-3.2872932116554e-14,0,360.31482815541,100000125.45786,-4.2087224257304e-14,-0.0072061774108822,0.0099503308518097,310.28315782948,-6.5474451397964e-07,822.97533773611,719.86711182548
22.616500000001,-4.1659990751181,-1.3886662902362,7.3350259076859e-23,0.0028472301711727,1.7337206425519,0,5.7947246089573e-19,10.939671281553,8.0559451869147e-19,-10.165154462022,-5.6407780971462e-19,5.640788402867e-19,21.352911640224,21.352901727001,-4.5751588948279e-08,-4.5751722301774e-08,5.6407718655501e-19,-5.640769814195e-19,4.5751641887138e-08,4.5751664195928e-08,21.352912529833,21.352922443064,7.7653044412977,3.995203326036e-05,1.0939671281553e-05,-3.2246969496096e-14,0,360.31482844432,100000125.73233,-4.234346375332e-14,-0.0072080743573879,0.0099503308518094,310.05908222622,-6.4557880655438e-07,822.37215991175,719.33903512136
22.716500000001,-4.0905240709155,-1.3635079550006,7.0717930759739e-23,0.0028533858867059,1.7337195744037,0,5.5907701141462e-19,10.834374388231,7.7417403111431e-19,-10.077996412293,-5.4207716771836e-19,5.4207816443901e-19,21.169827494815,21.169817597123,-4.3921224393998e-08,-4.392135290157e-08,5.4207657365496e-19,-5.420763668438e-19,4.3921275356174e-08,4.3921296970479e-08,21.169828401758,21.169838299457,7.6987214291863,3.9559835788725e-05,1.083437438823e-05,-3.276287082653e-14,0,360.31482873045,100000126.00416,-4.2600591427849e-14,-0.0072099531211534,0.0099503308518091,309.83716895873,-6.3658184361507e-07,821.77481541349,718.81606611657
22.816500000001,-4.0166743000621,-1.3388913642374,6.8202268883214e-23,0.0028594824848577,1.733718516456,0,5.3957160343539e-19,10.730514257283,7.4427778024171e-19,-9.9918330133857,-5.2114379688656e-19,5.2114476121425e-19,20.988832712798,20.98882283087,-4.2181639009711e-08,-4.2181762889833e-08,5.2114323037996e-19,-5.2114302231752e-19,4.218168808713e-08,4.2181709032178e-08,20.988833636958,20.988843518894,7.6328982843862,3.9173064421664e-05,1.0730514257283e-05,-3.3139362459023e-14,0,360.31482901383,100000126.27338,-4.286038363772e-14,-0.0072118139491239,0.0099503308518088,309.61738843858,-6.2774780638447e-07,821.18322423038,718.29813474281
22.916500000001,-3.9444090240694,-1.3148029384498,6.579724540085e-23,0.0028655207703045,1.7337174685707,0,5.2091086244858e-19,10.628065007014,7.1581851954881e-19,-9.9066501768909,-5.0121660717787e-19,5.0121754049382e-19,20.809897700057,20.809887834119,-4.0527526294199e-08,-4.0527645753856e-08,5.0121606678099e-19,-5.0121585785045e-19,4.0527573573753e-08,4.0527593873872e-08,20.809898641317,20.809908507263,7.5678242436279,3.8791620417645e-05,1.0628065007014e-05,-3.2516975291544e-14,0,360.31482929449,100000126.54003,-4.3130833988715e-14,-0.0072136570838177,0.0099503308518084,309.39971161233,-6.1907763445135e-07,820.59730780122,717.78517220155
23.016500000001,-3.8736886873761,-1.2912294924503,6.3497184536802e-23,0.0028715015332711,1.7337164306125,0,5.030520338716e-19,10.527001360541,6.887147348948e-19,-9.8224340662417,-4.8223852236704e-19,4.8223942598008e-19,20.632993391491,20.632983541765,-3.8953935669586e-08,-3.8954050904958e-08,4.8223800671891e-19,-4.8223779726603e-19,3.8953981233451e-08,3.8954000912091e-08,20.632994349733,20.633004199467,7.5034887360532,3.8415407358003e-05,1.0527001360541e-05,-3.2427935605635e-14,0,360.31482957248,100000126.80413,-4.3354210883553e-14,-0.0072154827634269,0.0099503308518081,309.18410994882,-6.1056397473104e-07,820.01698898031,717.27711093401
23.116500000001,-3.8044748776241,-1.268158222119,6.1296739948361e-23,0.0028774255498673,1.7337154024482,0,4.8595481505463e-19,10.427298627985,6.628902204127e-19,-9.739171090903,-4.6415618308294e-19,4.6415705823412e-19,20.458091238815,20.458081405518,-3.7456245607974e-08,-3.7456356805066e-08,4.6415569090294e-19,-4.6415548123953e-19,3.7456289533897e-08,3.7456308613644e-08,20.458092213921,20.458102047227,7.4398813787766,3.8044331078221e-05,1.0427298627985e-05,-3.2739385547032e-14,0,360.31482984783,100000127.06573,-4.3614891272105e-14,-0.0072172912219172,0.0099503308518078,308.97055542683,-6.0220318819028e-07,819.44219200435,716.77388459222
23.216500000001,-3.7367302874825,-1.2455766916783,5.9190873511387e-23,0.0028832935824141,1.733714383947,0,4.695811991057e-19,10.328932689311,6.3827368915004e-19,-9.6568479007398,-4.4691967417918e-19,4.4692052204594e-19,20.285163198729,20.285153382072,-3.6030139003588e-08,-3.6030246338827e-08,4.4691920426175e-19,-4.469189946687e-19,3.6030181365167e-08,3.6030199867762e-08,20.285164190582,20.285174007247,7.3769919725819,3.7678299601778e-05,1.0328932689311e-05,-3.2614504624708e-14,0,360.31483012058,100000127.32485,-4.3860028538396e-14,-0.0072190826891257,0.0099503308518075,308.75902052338,-5.9399106927619e-07,818.87284246041,716.27542801096
23.316500000001,-3.6704186779311,-1.2234728214542,5.7174835600078e-23,0.0028891063797608,1.7337133749804,0,4.538953296053e-19,10.23187997776,6.1479841535666e-19,-9.5754513805526,-4.3048227426404e-19,4.3048309596414e-19,20.11418172144,20.114171921628,-3.4671580586284e-08,-3.4671684227075e-08,4.3048182547375e-19,-4.3048161620382e-19,3.4671621453215e-08,3.467163939958e-08,20.114182729919,20.114192529739,7.3148104977471,3.731722307625e-05,1.023187997776e-05,-3.2386090284805e-14,0,360.31483039076,100000127.58154,-4.4123373462373e-14,-0.0072208573908562,0.0099503308518072,308.5494782023,-5.8592747472414e-07,818.30886725489,715.78167718051
23.416500000001,-3.6055048428961,-1.2018348760885,5.5244146746674e-23,0.0028948646775942,1.7337123754224,0,4.3886336538436e-19,10.136117463734,5.9240190561351e-19,-9.4949686447615,-4.1480022542489e-19,4.1480102201997e-19,19.945119739492,19.945109956728,-3.3376796192022e-08,-3.3376896297271e-08,4.1479979669185e-19,-4.1479958797221e-19,3.3376835630341e-08,3.3376853040601e-08,19.94512076448,19.945130547252,7.2533271099828,3.6961013711198e-05,1.0136117463734e-05,-3.190743915309e-14,0,360.3148306584,100000127.83582,-4.4384942029594e-14,-0.0072226155489686,0.0099503308518069,308.34190190299,-5.7800598061127e-07,817.75019458299,715.29256921996
23.516500000001,-3.5419545753235,-1.1806514532291,5.3394580579265e-23,0.0029005691987361,1.7337113851487,0,4.2445335463165e-19,10.041622639494,5.7102559626463e-19,-9.4153870322468,-3.9983252136995e-19,3.9983329386893e-19,19.777950656932,19.777940891412,-3.2142253723865e-08,-3.2142350444466e-08,3.9983211168562e-19,-3.998319037201e-19,3.2142291796165e-08,3.2142308689674e-08,19.777951698309,19.777961463836,7.1925321364899,3.6609585719161e-05,1.0041622639494e-05,-3.2476360621027e-14,0,360.31483092355,100000128.08772,-4.4634964277442e-14,-0.0072243573814703,0.0099503308518066,308.13626552972,-5.70224060992e-07,817.19675389961,714.80804235174
23.616500000001,-3.4797346344766,-1.1599114726299,5.1622147938459e-23,0.0029062206534343,1.7337104040376,0,4.1063511761147e-19,9.9483735042311,5.5061457485412e-19,-9.3366941013413,-3.8554071237853e-19,3.8554146174075e-19,19.612648338788,19.612638590705,-3.0964645653029e-08,-3.0964739132319e-08,3.8554032079175e-19,-3.8554011376298e-19,3.0964682418666e-08,3.0964698814028e-08,19.612649396435,19.612659144525,7.1324160721336,3.6262855258115e-05,9.948373504231e-06,-3.2093344823989e-14,0,360.31483118623,100000128.33729,-4.4876104741166e-14,-0.0072260831026009,0.0099503308518063,307.93254344106,-5.6258072102989e-07,816.64847589078,714.32803587649
23.716500000001,-3.4188127144635,-1.1396041656602,4.9923082086057e-23,0.0029118197396453,1.7337094319693,0,3.9738013736382e-19,9.8563485496603,5.3111732348565e-19,-9.2588776249602,-3.718887256013e-19,3.7188945273937e-19,19.449187100841,19.449177370383,-2.9840872923888e-08,-2.9840963298078e-08,3.7188835121465e-19,-3.7188814528592e-19,2.9840908439174e-08,2.9840924354271e-08,19.449188174638,19.449197905104,7.0729695757222,3.5920740375953e-05,9.8563485496602e-06,-3.2134764317099e-14,0,360.31483144647,100000128.58454,-4.5115912937348e-14,-0.0072277929229185,0.0099503308518059,307.73071043971,-5.5506774116245e-07,816.10529244588,713.85249014886
23.816500000001,-3.3591574139613,-1.1197190652117,4.8293824924026e-23,0.0029173671433086,1.7337084688259,0,3.8466145779541e-19,9.7655267461606,5.1248548221685e-19,-9.1819255858672,-3.5884269938905e-19,3.5884340517157e-19,19.287541699679,19.287531987029,-2.8768030139788e-08,-2.8768117538364e-08,3.5884234135541e-19,-3.5884213667242e-19,2.8768064458167e-08,2.8768079910185e-08,19.287542789507,19.287552502166,7.0141834663904,3.5583160957063e-05,9.7655267461605e-06,-3.2420450318211e-14,0,360.31483170431,100000128.8295,-4.5378369683312e-14,-0.0072294870493794,0.0099503308518056,307.53074176254,-5.4769017502923e-07,815.56713663076,713.38134655388
23.916500000001,-3.3007382070102,-1.1002459959638,4.673101414684e-23,0.0029228635386121,1.7337075144919,0,3.7245358860244e-19,9.6758875292414,4.9467363077512e-19,-9.1058261720677,-3.4637083045004e-19,3.4637151570413e-19,19.127687323023,19.127677628359,-2.7743391918181e-08,-2.7743476464282e-08,3.4637048796949e-19,-3.4637028466188e-19,2.7743425090401e-08,2.774344009585e-08,19.127688428762,19.127698123435,6.9560487200795,3.5250038670201e-05,9.6758875292413e-06,-3.2026995185343e-14,0,360.31483195978,100000129.07222,-4.5645711410662e-14,-0.0072311656854165,0.0099503308518053,307.33261307079,-5.4043499682756e-07,815.03394266149,712.91454748397
24.016500000001,-3.2435254150383,-1.0811750650588,4.523147126895e-23,0.0029283095882527,1.7337065688534,0,3.6073241660925e-19,9.5874107868879,4.7763908704434e-19,-9.0305677723446,-3.344432327504e-19,3.3444389826407e-19,18.969599580345,18.969589903842,-2.6764400313965e-08,-2.6764482124732e-08,3.3444290506726e-19,-3.3444270325005e-19,2.6764432388228e-08,2.6764446962973e-08,18.969600701875,18.969610378388,6.8985564661261,3.4921296919687e-05,9.5874107868879e-06,-3.2327702018936e-14,0,360.3148322129,100000129.31271,-4.5931704884905e-14,-0.0072328290310219,0.009950330851805,307.13630044133,-5.3330651646414e-07,814.50564587918,712.45203631691
24.116500000001,-3.1874901797038,-1.0624966530492,4.3792190442742e-23,0.0029337059436872,1.7337056317986,0,3.4947512289617e-19,9.5000768467285,4.6134172090649e-19,-8.9561389719065,-3.23031807166e-19,3.2303245369034e-19,18.81325449373,18.813244835558,-2.5828653219451e-08,-2.5828732406361e-08,3.2303149356608e-19,-3.2303129334098e-19,2.5828684241563e-08,2.5828698400843e-08,18.813255630931,18.813265289115,6.8416979839374,3.459686079601e-05,9.5000768467284e-06,-3.2145970497256e-14,0,360.31483246372,100000129.55101,-4.6197714344778e-14,-0.007234477282816,0.0099503308518047,306.9417803569,-5.2630006835649e-07,813.98218272496,711.99375739391
24.216500000001,-3.1326044368777,-1.0442014052249,4.2410328030134e-23,0.0029390532453778,1.7337047032174,0,3.3866010546117e-19,9.4138664640627,4.4574378215422e-19,-8.8825285481521,-3.1211012098682e-19,3.1211074923804e-19,18.658628488979,18.658618849303,-2.4933893657854e-08,-2.493397032703e-08,3.1210982079489e-19,-3.1210962225147e-19,2.493392367136e-08,2.4933937429815e-08,18.65862964173,18.658639281418,6.7854646997552,3.4276657029697e-05,9.4138664640627e-06,-3.1969722273526e-14,0,360.31483271225,100000129.78714,-4.6472605588921e-14,-0.0072361106341231,0.0099503308518044,306.74902969741,-5.194139668771e-07,813.46349071603,711.53965599864
24.316500000001,-3.0788408915389,-1.0262802232449,4.1083192862848e-23,0.0029443521230306,1.7337037830018,0,3.2826690693676e-19,9.3287608101835,4.308097413097e-19,-8.8097254665543,-3.0165329645827e-19,3.0165390711962e-19,18.505698386959,18.505688765942,-2.4077999894741e-08,-2.4078074147249e-08,3.0165300903566e-19,-3.0165281225246e-19,2.4078028941055e-08,2.4078042312747e-08,18.505699555141,18.505709176171,6.7298481835108,3.3960613946328e-05,9.3287608101835e-06,-3.2248951649327e-14,0,360.31483295854,100000130.02113,-4.676037542023e-14,-0.0072377292750423,0.0099503308518041,306.55802573145,-5.126437407063e-07,812.94950842233,711.08967833676
24.416500000001,-3.026172993563,-1.0087242570676,3.9808237143941e-23,0.0029496031958267,1.7337028710454,0,3.1827614701874e-19,9.2447414610462,4.1650614228609e-19,-8.7377188766561,-2.9163790761474e-19,2.9163850133831e-19,18.354441395199,18.354431792997,-2.3258976298896e-08,-2.3259048231013e-08,2.9163763235713e-19,-2.9163743740262e-19,2.3259004417419e-08,2.3259017415856e-08,18.354442578691,18.354452180906,6.6748401457659,3.3648661422897e-05,9.2447414610461e-06,-3.1866176932476e-14,0,360.3148332026,100000130.25301,-4.705613885739e-14,-0.0072393333925158,0.0099503308518038,306.36874610778,-5.0599049047374e-07,812.44017544368,710.64377151598
24.516500000001,-2.9745749144022,-0.99152489717648,3.858304794518e-23,0.0029548070726479,1.7337019672436,0,3.0866945927616e-19,9.1617903863582,4.0280146592383e-19,-8.6664981081743,-2.8204188472772e-19,2.8204246213607e-19,18.204835099696,18.204825516463,-2.2474944890215e-08,-2.2475014593691e-08,2.8204162106308e-19,-2.8204142799653e-19,2.2474972118445e-08,2.2474984756606e-08,18.204836298378,18.204845881624,6.6204324347356,3.3340730845799e-05,9.1617903863581e-06,-3.1790365389728e-14,0,360.31483344446,100000130.48281,-4.73328064586e-14,-0.0072409231703972,0.0099503308518036,306.18116884726,-4.9944588594121e-07,811.93543238778,710.20188352668
24.616500000001,-2.9240215245928,-0.97467376708336,3.7405339257464e-23,0.0029599643522966,1.7337010714936,0,2.9942943203067e-19,9.0798899390138,3.8966600351989e-19,-8.5960526672063,-2.7284442575088e-19,2.7284498743868e-19,18.056857456957,18.056847892843,-2.1724137517902e-08,-2.1724205080204e-08,2.7284417313755e-19,-2.7284398200985e-19,2.1724163891544e-08,2.1724176181895e-08,18.056858670708,18.056868234836,6.56661703339,3.3036755070144e-05,9.0798899390137e-06,-3.161966789111e-14,0,360.31483368416,100000130.71055,-4.7634343055629e-14,-0.0072424987895166,0.0099503308518033,305.99527233493,-4.9301140945074e-07,811.43522084862,709.76396322309
24.716500000001,-2.8744883720648,-0.95816271609778,3.6272944555304e-23,0.0029650756237085,1.7337001836941,0,2.9053955302085e-19,8.9990228448604,3.7707173954563e-19,-8.5263722325422,-2.6402591419915e-19,2.6402646073464e-19,17.910486786245,17.910477241395,-2.1004888617327e-08,-2.1004954121862e-08,2.6402567212401e-19,-2.6402548297848e-19,2.1004914170388e-08,2.1004926124906e-08,17.910488014945,17.910497559809,6.5133860566369,3.2736668380354e-05,8.9990228448604e-06,-3.2053583461449e-14,0,360.31483392172,100000130.93625,-4.79074579433e-14,-0.0072440604277437,0.009950330851803,305.8110353122,-4.8668566377317e-07,810.93948338554,709.3299603049
24.816500000001,-2.8259516611908,-0.94198381234363,3.5183809839272e-23,0.0029701414661617,1.7336993037456,0,2.8198415758841e-19,8.9191721927199,3.6499224281878e-19,-8.4574466520623,-2.5556784294729e-19,2.5556837487366e-19,17.765701762014,17.765692236571,-2.0315628498431e-08,-2.0315692024764e-08,2.5556761092412e-19,-2.5556742379713e-19,2.0315653263314e-08,2.0315664893505e-08,17.765703005543,17.765712531,6.4607317485693,3.2440406451763e-05,8.9191721927198e-06,-3.2094436887078e-14,0,360.31483415717,100000131.15996,-4.8165917887112e-14,-0.0072456082600499,0.0099503308518027,305.62843686941,-4.8046241844901e-07,810.44816350271,708.89982529929
24.916500000001,-2.7783882326516,-0.9261293360474,3.4135987123821e-23,0.0029751624494781,1.7336984315502,0,2.7374838014873e-19,8.8403214249563,3.5340256545981e-19,-8.3892659392402,-2.4745274347912e-19,2.4745326131584e-19,17.622481406565,17.622471900667,-1.9654877122828e-08,-1.9654938746885e-08,2.47452521047e-19,-2.4745233596864e-19,1.9654901130418e-08,1.9654912447339e-08,17.622482664802,17.622492170715,6.4086464797931,3.2147906314285e-05,8.8403214249562e-06,-3.143326683362e-14,0,360.31483439054,100000131.38168,-4.8430595079931e-14,-0.0072471424585694,0.0099503308518024,305.44745643848,-4.7434383867214e-07,809.96120562946,708.47350954371
25.016500000001,-2.731775543936,-0.9105917730384,3.3127628338253e-23,0.0029801391342204,1.7336975670116,0,2.6581810870938e-19,8.762454328123,3.4227914901995e-19,-8.3218202697366,-2.396641201584e-19,2.3966462440241e-19,17.480805082888,17.48079559667,-1.902123833045e-08,-1.9021298124703e-08,2.3966390688023e-19,-2.3966372387484e-19,1.9021261610196e-08,1.9021272624469e-08,17.480806355714,17.480815841946,6.3571227448255,3.185910631643e-05,8.762454328123e-06,-3.1670090907931e-14,0,360.31483462184,100000131.60144,-4.8675288258373e-14,-0.0072486631926575,0.0099503308518021,305.26807378581,-4.683246916925e-07,809.47855510086,708.05096516888
25.116500000001,-2.6860916505547,-0.89536380848668,3.2156979613302e-23,0.0029850720718849,1.733696710035,0,2.5817994223618e-19,8.6855550240124,3.3159973722059e-19,-8.2550999780779,-2.3218638912885e-19,2.3218688025571e-19,17.340652487686,17.340643021279,-1.8413394479966e-08,-1.841345251362e-08,2.3218618458998e-19,-2.3218600367671e-19,1.8413417059958e-08,1.8413427781795e-08,17.340653774981,17.340663241402,6.3061531595562,3.1573946090847e-05,8.6855550240124e-06,-3.1976447136812e-14,0,360.31483485111,100000131.81927,-4.8929307310294e-14,-0.0072501706289479,0.0099503308518018,305.09026900534,-4.6240210656703e-07,809.00015813893,707.63214508228
25.216500000001,-2.6413151878995,-0.88043832085558,3.1222375926455e-23,0.0029899618050873,1.7336958605271,0,2.5082115066971e-19,8.609607960954,3.2134329479162e-19,-8.1890955544226,-2.2500482148478e-19,2.2500529994977e-19,17.202003644585,17.201994198117,-1.7830101470382e-08,-1.7830157809537e-08,2.2500462529175e-19,-2.2500444648499e-19,1.7830123377423e-08,1.7830133816636e-08,17.202004946228,17.202014392711,6.255730458778,3.1292366520846e-05,8.6096079609539e-06,-3.1392466324041e-14,0,360.31483507837,100000132.0352,-4.9193984503317e-14,-0.0072516649314085,0.0099503308518015,304.91402251177,-4.5657946349593e-07,808.52596183424,707.21700295213
25.316500000001,-2.5974253537276,-0.86580837606409,3.0322236081613e-23,0.0029948088677453,1.7336950183961,0,2.4372963741377e-19,8.5345979053948,3.1148993193945e-19,-8.1237976414087,-2.181054903836e-19,2.181059566227e-19,17.064838897508,17.064829471103,-1.7270184113932e-08,-1.7270238821746e-08,2.1810530216287e-19,-2.1810512547275e-19,1.7270205373605e-08,1.7270215539628e-08,17.06484021338,17.0648496398,6.2058474937773,3.1014309707997e-05,8.5345979053947e-06,-3.1910626374638e-14,0,360.31483530364,100000132.24924,-4.9442674484848e-14,-0.0072531462613956,0.0099503308518012,304.739315034,-4.5085054499406e-07,808.05591412811,706.80549319169
25.416500000001,-2.5544018912618,-0.85146722185268,2.94550580006e-23,0.0029996137852566,1.7336941835517,0,2.3689390413119e-19,8.4605099337658,3.020208340148e-19,-8.0591970310827,-2.1147522179912e-19,2.1147567623001e-19,16.929138904227,16.929129498004,-1.6732531833001e-08,-1.6732584969837e-08,2.11475041196e-19,-2.1147486662874e-19,1.6732552469732e-08,1.6732562371633e-08,16.929140234206,16.929149640443,6.1564972299881,3.0739718940836e-05,8.4605099337658e-06,-3.1980844765973e-14,0,360.31483552696,100000132.46142,-4.9726003424817e-14,-0.0072546147777071,0.0099503308518009,304.56612760871,-4.452139194892e-07,807.5899637952,706.39757094407
25.516500000001,-2.5122250728556,-0.8374082823388,2.8619414305129e-23,0.0030043770746706,1.733693355905,0,2.3030301768996e-19,8.3873294245675,2.9291819598608e-19,-7.9952846619067,-2.0510154863986e-19,2.0510199166282e-19,16.794884630072,16.79487524415,-1.6216094656069e-08,-1.621614627964e-08,2.0510137531742e-19,-2.0510120287571e-19,1.621611469319e-08,1.6216124339689e-08,16.79488597404,16.794895359976,6.107672744705,3.0468538664416e-05,8.3873294245674e-06,-3.1789802240255e-14,0,360.31483574834,100000132.67176,-4.9995565599347e-14,-0.0072560706366337,0.0099503308518006,304.39444157411,-4.3966599036935e-07,807.12806042652,705.99319206736
25.616500000001,-2.4708756842232,-0.82362515276029,2.7813948170093e-23,0.0030090992448579,1.7336925353685,0,2.2394657911934e-19,8.3150420507209,2.8416516135678e-19,-7.9320516158406,-1.9897266797897e-19,1.9897309997773e-19,16.662057341807,16.662047976299,-1.5719879489813e-08,-1.571992965531e-08,1.9897250161707e-19,-1.9897233130039e-19,1.5719898949615e-08,1.5719908349098e-08,16.662058699644,16.662068065166,6.0593672248544,3.0200714450886e-05,8.3150420507208e-06,-3.1904261625427e-14,0,360.31483596781,100000132.88029,-5.0292661304948e-14,-0.0072575139920099,0.0099503308518003,304.22423856384,-4.3421009069508e-07,806.67015441294,705.59231312016
25.716500000001,-2.4303350092033,-0.81011159439654,2.7037369429804e-23,0.0030137807966739,1.733691721856,0,2.1781469444125e-19,8.2436337721494,2.7574576519504e-19,-7.8694891154967,-1.930774011635e-19,1.9307782250601e-19,16.53063860165,16.530629256667,-1.5242946646359e-08,-1.5242995406585e-08,1.9307724145782e-19,-1.9307707326278e-19,1.5242965550149e-08,1.5242974710681e-08,16.530639973237,16.530649318233,6.0115739648202,2.9936192970956e-05,8.2436337721493e-06,-3.1517868661577e-14,0,360.31483618539,100000133.08702,-5.0596418348762e-14,-0.0072589449952621,0.0099503308518,304.05550050108,-4.2883591343199e-07,806.21619692908,705.19489134744
25.816500000001,-2.3905848150247,-0.7968615296568,2.6288450919728e-23,0.0030184222231194,1.7336909152828,0,2.1189794724811e-19,8.1730908285422,2.6764488096982e-19,-7.8075885213641,-1.874051565891e-19,1.8740556762831e-19,16.400610261443,16.400600937093,-1.4784406606491e-08,-1.4784454011971e-08,1.8740500325027e-19,-1.8740483717088e-19,1.4784424974637e-08,1.4784433903976e-08,16.400611646661,16.400620971023,5.9642863643232,2.9674921966075e-05,8.1730908285422e-06,-3.1619686379567e-14,0,360.31483640111,100000133.29198,-5.089351405449e-14,-0.0072603637954558,0.0099503308517997,303.88820959244,-4.2355254916702e-07,805.76613991748,704.80088466678
25.916500000001,-2.3516073381209,-0.78386903735191,2.5566025042242e-23,0.003023024009496,1.7336901155653,0,2.0618737294499e-19,8.1033997325198,2.5984817091491e-19,-7.746341329106,-1.8194589494482e-19,1.8194629601944e-19,16.271954456975,16.271945153362,-1.4343417001104e-08,-1.4343463100202e-08,1.8194574769765e-19,-1.8194558372556e-19,1.4343434853088e-08,1.4343443558697e-08,16.271955855704,16.271965159329,5.9174979263559,2.9416850222123e-05,8.1033997325197e-06,-3.1831671044872e-14,0,360.31483661498,100000133.49519,-5.1193274295531e-14,-0.0072617705393459,0.0099503308517993,303.72234832308,-4.1835051895075e-07,805.31993607362,704.4102516551
26.016500000001,-2.3133852703421,-0.77112834809829,2.4868980534007e-23,0.003027586633559,1.7336893226214,0,2.0067443448736e-19,8.0345472627381,2.5234203966282e-19,-7.6857391669256,-1.7669009674766e-19,1.7669048818278e-19,16.144653602448,16.144644319673,-1.3919179794712e-08,-1.3919224633738e-08,1.7668995533031e-19,-1.7668979345507e-19,1.3919197149169e-08,1.3919205638231e-08,16.144655014569,16.144664297356,5.8712022551707,2.9161927542923e-05,8.034547262738e-06,-3.1990032966298e-14,0,360.31483682703,100000133.69667,-5.1484152752434e-14,-0.0072631653714184,0.0099503308517991,303.55789945054,-4.1322957852862e-07,804.87753883072,704.02295153545
26.116500000001,-2.2759017456731,-0.75863383989065,2.4196259428507e-23,0.0030321105656658,1.7336885363702,0,1.9535099957029e-19,7.9665204573693,2.451135909091e-19,-7.6257737929883,-1.716287319988e-19,1.7162911410656e-19,16.018690385063,16.018681123225,-1.3510938656144e-08,-1.3510982279451e-08,1.7162859616207e-19,-1.7162843637135e-19,1.351095553091e-08,1.3510963810336e-08,16.018691810459,16.018701072309,5.8253930543097,2.8910104725159e-05,7.9665204573692e-06,-3.255769782242e-14,0,360.31483703729,100000133.89644,-5.1770146228085e-14,-0.0072645484339362,0.0099503308517988,303.39484599954,-4.081902364624e-07,804.43890234524,703.63894416429
26.216500000001,-2.2391403273789,-0.74638003381719,2.35468541987e-23,0.0030365962689203,1.733687756732,0,1.9020931915706e-19,7.8993066077265,2.3815058689108e-19,-7.5664370929096,-1.6675323181066e-19,1.6675360489086e-19,15.894047759745,15.894038518938,-1.3117976502686e-08,-1.3118018952766e-08,1.6675310131733e-19,-1.6675294359709e-19,1.3117992914833e-08,1.3118000991275e-08,15.894049198295,15.894058439113,5.7800641246855,2.8661333533878e-05,7.8993066077265e-06,-3.2931090483249e-14,0,360.31483724576,100000134.09452,-5.2044593384334e-14,-0.0072659198669813,0.0099503308517985,303.23317125677,-4.0322722195219e-07,804.00398148268,703.25819001903
26.316500000001,-2.2030849955941,-0.73436158992229,2.2919805068286e-23,0.0030410441993146,1.7336869836283,0,1.8524200726265e-19,7.8328932521415,2.3144141047918e-19,-7.5077210773064,-1.6205546186322e-19,1.6205582620387e-19,15.770708943992,15.77069972431,-1.2739613205071e-08,-1.2739654522646e-08,1.620553364874e-19,-1.6205518082207e-19,1.2739629170946e-08,1.2739637050809e-08,15.77071039558,15.770719615274,5.7352093627107,2.8415566678944e-05,7.8328932521414e-06,-3.2956564888981e-14,0,360.31483745248,100000134.29094,-5.2317264183806e-14,-0.0072672798084986,0.0099503308517982,303.07285876579,-3.9834444549224e-07,803.57273180377,702.88065018598
26.416500000001,-2.1677201352862,-0.72257330319495,2.2314197480416e-23,0.0030454548058664,1.7336862169818,0,1.804420219093e-19,7.767268169917,2.2497502969523e-19,-7.4496178794048,-1.5752769755972e-19,1.575280534376e-19,15.648657412861,15.648648214392,-1.2375203441723e-08,-1.2375243665828e-08,1.5752757708622e-19,-1.5752742345891e-19,1.2375218976983e-08,1.2375226666435e-08,15.648658877367,15.648668075847,5.6908227584699,2.8172757791801e-05,7.767268169917e-06,-3.3542148115104e-14,0,360.31483765746,100000134.4857,-5.2566842344419e-14,-0.0072686283943356,0.0099503308517979,302.91389232202,-3.935347026714e-07,803.1451095509,702.5062863484
26.516500000001,-2.133030524643,-0.71101009969758,2.1729159714416e-23,0.003049828530754,1.7336854567165,0,1.7580264718511e-19,7.7024193755506,2.1874096448668e-19,-7.3921197527073,-1.5316260076195e-19,1.5316294844313e-19,15.527876894056,15.527867716888,-1.2024134691552e-08,-1.2024173859617e-08,1.5316248498576e-19,-1.5316233337836e-19,1.2024149811199e-08,1.2024157316178e-08,15.527878371364,15.527887548543,5.6468983939373,2.7932861403269e-05,7.7024193755506e-06,-3.2781105640808e-14,0,360.31483786073,100000134.67884,-5.2828855002966e-14,-0.0072699657582835,0.0099503308517976,302.75625596793,-3.8880078388133e-07,802.72107163499,702.13506077505
26.616500000001,-2.0990013238273,-0.69966703281761,2.1163860640744e-23,0.0030541658094473,1.7336847027573,0,1.7131747633311e-19,7.6383351130936,2.1272925559881e-19,-7.3352190687161,-1.489531979946e-19,1.4895353773489e-19,15.408351363156,15.408342207371,-1.1685825355463e-08,-1.1685863503385e-08,1.489530867203e-19,-1.4895293711365e-19,1.1685840073874e-08,1.1685847400101e-08,15.408352853147,15.408362008942,5.6034304412375,2.7695832921863e-05,7.6383351130935e-06,-3.337626106095e-14,0,360.31483806231,100000134.87037,-5.3087314947884e-14,-0.0072712920321165,0.0099503308517972,302.59993398824,-3.8413999113793e-07,802.30057562259,701.76693630887
26.716500000001,-2.0656180640941,-0.68853927963972,2.0617507605493e-23,0.0030584670708361,1.7336839550306,0,1.6698039580676e-19,7.5750038506659,2.0693043539894e-19,-7.278908314706,-1.4489286001628e-19,1.4489319206173e-19,15.290065038928,15.290055904608,-1.1359722997463e-08,-1.1359760159684e-08,1.4489275305758e-19,-1.448926054316e-19,1.135973732842e-08,1.1359744481407e-08,15.290066541486,15.290075675816,5.5604131609439,2.7461628612722e-05,7.5750038506659e-06,-3.2956260894613e-14,0,360.31483826221,100000135.06031,-5.3338225376291e-14,-0.0072726073456298,0.0099503308517969,302.44491090536,-3.7954761301039e-07,801.88357972338,701.40187635604
26.816500000001,-2.0328666372598,-0.67762213743575,2.0089344436404e-23,0.003062732737355,1.7336832134635,0,1.6278557023242e-19,7.5124142751303,2.0133550051806e-19,-7.2231800915584,-1.4097528266328e-19,1.409756072506e-19,15.173002378785,15.172993266008,-1.1045302697017e-08,-1.1045338906588e-08,1.4097517984252e-19,-1.4097503417631e-19,1.1045316653738e-08,1.1045323638794e-08,15.173003893792,15.173013006579,5.5178409004235,2.7230205577141e-05,7.5124142751303e-06,-3.3186530534338e-14,0,360.31483846045,100000135.24868,-5.3607343462354e-14,-0.0072739118266774,0.0099503308517966,302.29117147478,-3.7502693291428e-07,801.47004277783,701.03984487515
26.916500000001,-2.000733285493,-0.66691102026179,1.9578649562461e-23,0.0030669632251056,1.7336824779844,0,1.5872742822007e-19,7.4505552868665,1.9593588618494e-19,-7.1680271116318,-1.3719446887821e-19,1.3719478623519e-19,15.057148074306,15.057138983147,-1.0742065504863e-08,-1.0742100793508e-08,1.3719437002593e-19,-1.3719422629789e-19,1.0742079100024e-08,1.0742085922267e-08,15.057149601645,15.057158692813,5.4757080922107,2.7001521732506e-05,7.4505552868664e-06,-3.2849092911869e-14,0,360.31483865706,100000135.43549,-5.3913765042098e-14,-0.0072752056012051,0.0099503308517963,302.13870068067,-3.7057488055674e-07,801.0599242451,700.68080636665
27.016500000001,-1.9692045915134,-0.65640145569077,1.908473424121e-23,0.0030711589439756,1.7336817485227,0,1.5480064897946e-19,7.389415994977,1.9072344213784e-19,-7.1134421966991,-1.3354471184343e-19,1.3354502218934e-19,14.942487046907,14.942477977439,-1.044953699517e-08,-1.0449571393351e-08,1.3354461679795e-19,-1.3354447498586e-19,1.0449550240935e-08,1.0449556905299e-08,14.942488586462,14.942497655939,5.4340092524304,2.6775535793845e-05,7.3894159949769e-06,-3.2985670800279e-14,0,360.31483885206,100000135.62077,-5.4210860748487e-14,-0.0072764887932955,0.009950330851796,301.98748373173,-3.6619151637119e-07,800.65318419189,700.32472586302
27.116500000001,-1.9382674689555,-0.64608908160071,1.8606940884695e-23,0.0030753202977558,1.7336810250089,0,1.5100014967307e-19,7.3289857120967,1.8569041000688e-19,-7.0594182759237,-1.3002057914417e-19,1.3002088269011e-19,14.829004443588,14.828995395882,-1.0167265907409e-08,-1.0167299444379e-08,1.3002048775117e-19,-1.300203478323e-19,1.0167278815451e-08,1.0167285326691e-08,14.829005995243,14.829015042958,5.3927389792522,2.6552207253934e-05,7.3289857120966e-06,-3.283594706271e-14,0,360.31483904545,100000135.80453,-5.4509732811767e-14,-0.0072777615251907,0.0099503308517958,301.83750605669,-3.618721402743e-07,800.24978328031,699.97156891818
27.216500000001,-1.9079091531812,-0.63596964311205,1.8144641480797e-23,0.003079447684253,1.7336803073745,0,1.4732107348343e-19,7.2692539498819,1.8082940206796e-19,-7.005948383876,-1.2661689789199e-19,1.266171948413e-19,14.716685632768,14.716676606892,-9.8948228717952e-09,-9.8948555756575e-09,1.2661681000417e-19,-1.2661667195535e-19,9.8948354533189e-09,9.8948418160212e-09,14.716687196407,14.716696222292,5.3518919513751,2.6331496365944e-05,7.2692539498819e-06,-3.2812948145612e-14,0,360.31483923727,100000135.98679,-5.4821039372964e-14,-0.0072790239173345,0.0099503308517954,301.68875330046,-3.5761806988786e-07,799.8496827572,699.62130159817
27.316500000001,-1.8781171923144,-0.62603898959915,1.7697236102261e-23,0.0030835414954021,1.733679595552,0,1.4375877833669e-19,7.210210414359,1.7613338127741e-19,-6.9530256586114,-1.2332874074507e-19,1.2332903129361e-19,14.605516200246,14.605507196265,-9.6317992126848e-09,-9.6318311104433e-09,1.2332865622176e-19,-1.2332852001946e-19,9.6318114784513e-09,9.6318176970382e-09,14.605517775754,14.605526779744,5.3114629265588,2.6113364125577e-05,7.210210414359e-06,-3.2489317196139e-14,0,360.31483942753,100000136.16757,-5.5092377905329e-14,-0.0072802760884041,0.0099503308517951,301.54121132,-3.5342743307467e-07,799.45284444315,699.27389047146
27.416500000001,-1.8488794385553,-0.61629307179528,1.7264151498497e-23,0.0030876021173737,1.7336788894749,0,1.403088262462e-19,7.151845001409,1.7159564250163e-19,-6.900643339778,-1.2015141276516e-19,1.2015169710164e-19,14.495481945227,14.495472963204,-9.3778058246421e-09,-9.3778369422513e-09,1.2015133147201e-19,-1.2015119709239e-19,9.3778177849866e-09,9.3778238637244e-09,14.495483532488,14.495492514521,5.2714467401781,2.5897772253742e-05,7.151845001409e-06,-3.2838728373302e-14,0,360.31483961624,100000136.34688,-5.5370821865097e-14,-0.0072815181553409,0.0099503308517948,301.3948661804,-3.4929973203676e-07,799.05923072183,698.92930259965
27.516500000002,-1.8201840397905,-0.60672793899574,1.6844839765499e-23,0.0030916299306807,1.7336781890776,0,1.3696697324171e-19,7.0941477924544,1.6720979486356e-19,-6.8487947667756,-1.170804390566e-19,1.1708071736292e-19,14.386568876454,14.386559916449,-9.13247211634e-09,-9.1325024787509e-09,1.1708036086525e-19,-1.1708022828427e-19,9.1324837811914e-09,9.1324897241957e-09,14.386570475354,14.386579435368,5.2318383038161,2.5684683179982e-05,7.0941477924544e-06,-3.2291501081196e-14,0,360.31483980343,100000136.52474,-5.5643048575972e-14,-0.0072827502333835,0.0099503308517945,301.24970415107,-3.4523378116213e-07,798.66880452958,698.58750552835
27.616500000002,-1.7920194314528,-0.59733973634451,1.6438777088796e-23,0.0030956253102818,1.7336774942955,0,1.3372915984619e-19,7.0371090502275,1.6296974513259e-19,-6.797473376952,-1.1411155313591e-19,1.1411182558743e-19,14.278763208419,14.278754270491,-8.8954450177777e-09,-8.8954746489834e-09,1.1411147792371e-19,-1.1411134711713e-19,8.8954563966777e-09,8.8954622079197e-09,14.278764818844,14.278773756782,5.1926326038865,2.5474060026232e-05,7.0371090502275e-06,-3.2395751028031e-14,0,360.31483998911,100000136.70117,-5.5928597963192e-14,-0.0072839724360984,0.0099503308517942,301.10571170198,-3.412264257105e-07,798.28152934534,698.24846727834
27.716500000002,-1.7643743286359,-0.58812470220617,1.6045462555231e-23,0.0030995886256828,1.733676805065,0,1.3059150206917e-19,6.9807192146636,1.588696820902e-19,-6.746672703842,-1.112406859846e-19,1.1124095275041e-19,14.172051357668,14.172042441871,-8.6663880466494e-09,-8.6664169697274e-09,1.1124061363432e-19,-1.1124048457778e-19,8.6663991487693e-09,8.6664048320821e-09,14.172052979503,14.172061895308,5.1538247002881,2.5265866591047e-05,6.9807192146635e-06,-3.2372900034065e-14,0,360.3148401733,100000136.87619,-5.6187946087081e-14,-0.0072851848754101,0.009950330851794,300.96287550002,-3.3727736105215e-07,797.89736918063,697.91215633683
27.816500000002,-1.7372377184551,-0.57907916561885,1.566441702944e-23,0.0031035202410352,1.7336761213234,0,1.2755028288578e-19,6.9249688989012,1.5490406180821e-19,-6.6963863754479,-1.0846395574105e-19,1.0846421698424e-19,14.06641993918,14.066411045568,-8.4449804299823e-09,-8.4450086671351e-09,1.084638861406e-19,-1.0846375880966e-19,8.4449912641404e-09,8.4449968232238e-09,14.066421572312,14.066430465931,5.1154097250908,2.5060067334257e-05,6.9249688989012e-06,-3.1805461106805e-14,0,360.31484035601,100000137.0498,-5.6445073764961e-14,-0.0072863876616313,0.0099503308517936,300.8211824054,-3.333898434527e-07,797.51628856995,697.57854164901
27.916500000002,-1.7105988526282,-0.57019954382175,1.5295182090986e-23,0.0031074205152341,1.7336754430087,0,1.2460194417141e-19,6.8698488853534,1.5106759378097e-19,-6.6466081125491,-1.0577765799017e-19,1.0577791386806e-19,13.961855762826,13.961846891451,-8.2309162774373e-09,-8.2309438500304e-09,1.0577759103235e-19,-1.0577746540256e-19,8.2309268521141e-09,8.2309322905399e-09,13.961857407141,13.961866278524,5.0773828812443,2.4856627361887e-05,6.8698488853534e-06,-3.153524566658e-14,0,360.31484053727,100000137.22203,-5.671552411918e-14,-0.0072875809034908,0.0099503308517934,300.68061946815,-3.2955550153871e-07,797.13825256115,697.24759260964
28.016500000002,-1.6844472403158,-0.56148233986815,1.4937319029065e-23,0.0031112898020118,1.7336747700601,0,1.217430790693e-19,6.8153501219904,1.4735522785712e-19,-6.5973317270579,-1.0317825661311e-19,1.0317850727752e-19,13.858345829909,13.858336980819,-8.0239038029438e-09,-8.0239307315424e-09,1.0317819219538e-19,-1.0317806824229e-19,8.0239141262973e-09,8.0239194475145e-09,13.858347485294,13.858356334392,5.0397394413221,2.4655512411886e-05,6.8153501219903e-06,-3.192105482565e-14,0,360.31484071709,100000137.3929,-5.6957108674795e-14,-0.0072887647081631,0.0099503308517931,300.54117392471,-3.2578007132226e-07,796.76322670632,696.91927905507
28.116500000002,-1.6587726411586,-0.5529241403048,1.4590407890903e-23,0.0031151284500302,1.7336741024174,0,1.1897042476167e-19,6.7614637186456,1.4376214192035e-19,-6.5485511204112,-1.0066237516123e-19,1.006626207587e-19,13.755877329788,13.75586850303,-7.8236645915571e-09,-7.8236908959604e-09,1.0066231318551e-19,-1.0066219088468e-19,7.8236746714364e-09,7.8236798787761e-09,13.755878996131,13.755887822896,5.0024747462924,2.4456688839947e-05,6.7614637186456e-06,-3.2073581541885e-14,0,360.31484089548,100000137.56241,-5.7220453601738e-14,-0.0072899391812949,0.0099503308517928,300.40283319461,-3.2205634483267e-07,796.39117705269,696.59357125524
28.216500000002,-1.6335650585274,-0.5445216129218,1.4254046580868e-23,0.0031189368029717,1.7336734400214,0,1.1628085562259e-19,6.70818094342,1.4028373027162e-19,-6.5002602819949,-9.8226788721405e-20,9.8227029393382e-20,13.654437636566,13.654428832186,-7.6299329086432e-09,-7.6299586079175e-09,9.8226729093811e-20,-9.8226608420897e-20,7.6299427526025e-09,7.6299478492825e-09,13.654439313756,13.654448118145,4.9655842043147,2.4260123605721e-05,6.70818094342e-06,-3.2478284062813e-14,0,360.31484107247,100000137.73058,-5.7462482246652e-14,-0.0072911044270335,0.0099503308517924,300.26558487718,-3.1838863607318e-07,796.02207013375,696.27043990597
28.316500000002,-1.6088147329857,-0.5362715045734,1.392785000746e-23,0.0031227151996274,1.7336727828138,0,1.1367137673129e-19,6.6554932192134,1.3691559266922e-19,-6.4524532876038,-9.5868416241822e-20,9.5868652124902e-20,13.554014305861,13.554005523899,-7.4424550487111e-09,-7.4424801612209e-09,9.5868358872499e-20,-9.5868239803248e-20,7.4424646640221e-09,7.4424696531514e-09,13.554015993784,13.554024775754,4.9290632895626,2.4065784259497e-05,6.6554932192134e-06,-3.2335367369014e-14,0,360.31484124806,100000137.89743,-5.7723606727629e-14,-0.0072922605480523,0.0099503308517921,300.12941674835,-3.1477131316144e-07,795.65587296063,695.94985612132
28.416500000002,-1.58451213594,-0.52817063906177,1.36114492752e-23,0.0031264639739841,1.7336721307369,0,1.1113911772365e-19,6.6033921203142,1.336535239855e-19,-6.4051242979342,-9.3584313289649e-20,9.3584544515754e-20,13.454595071629,13.454586312127,-7.2609887213847e-09,-7.2610132648229e-09,9.3584258092565e-20,-9.3584140602852e-20,7.2609981150491e-09,7.261002999632e-09,13.454596770175,13.454605529686,4.8929075410727,2.3873638929129e-05,6.6033921203142e-06,-3.1744804607782e-14,0,360.31484142228,100000138.06297,-5.7997609795734e-14,-0.0072934076455767,0.0099503308517918,299.99431675755,-3.1120853278991e-07,795.29255301355,695.63179142621
28.516500000002,-1.5606479634919,-0.52021591508716,1.3304490919088e-23,0.0031301834553081,1.7336714837339,0,1.086813269646e-19,6.5518693691125,1.3049350444231e-19,-6.3582675571082,-9.137166521384e-20,9.1371891910411e-20,13.356167843075,13.356159106072,-7.0853024721903e-09,-7.0853264636064e-09,9.1371612106614e-20,-9.1371496172457e-20,7.0853116509513e-09,7.0853164338915e-09,13.356169552134,13.356178289146,4.857112561617,2.368365630742e-05,6.5518693691124e-06,-3.1930478117155e-14,0,360.31484159513,100000138.22722,-5.8260066544413e-14,-0.0072945458194098,0.0099503308517915,299.86027302461,-3.0769650504718e-07,794.9320782336,695.31621774909
28.616500000002,-1.5372131304709,-0.51240430425936,1.3006636178956e-23,0.0031338739682286,1.733670841749,0,1.0629536602122e-19,6.5009168328959,1.2743169038934e-19,-6.3118773912317,-8.9227780688181e-20,8.9228002978367e-20,13.258720701618,13.258711987149,-6.9151751359883e-09,-6.9151985918153e-09,8.9227729591906e-20,-8.9227615189503e-20,6.9151841063417e-09,6.9151887904457e-09,13.258722421078,13.258731135556,4.8216740166011,2.3495805639835e-05,6.5009168328959e-06,-3.1822716654035e-14,0,360.31484176664,100000138.39018,-5.853851050469e-14,-0.0072956751679576,0.0099503308517913,299.72727383681,-3.0423513031928e-07,794.57441701466,695.00310741499
28.716500000002,-1.5141987646421,-0.50473284916653,1.2717560311558e-23,0.0031375358328183,1.733670204727,0,1.0397870442076e-19,6.4505265207049,1.2446440559246e-19,-6.2659482069833,-8.7150085611341e-20,8.7150303614149e-20,13.162241897927,13.162233206026,-6.7503953210273e-09,-6.7504182571076e-09,8.7150036450415e-20,-8.7149923556153e-20,6.7504040892318e-09,6.7504086772131e-09,13.162243627679,13.162252319588,4.7865876329859,2.3310056712436e-05,6.4505265207049e-06,-3.1675931772912e-14,0,360.31484193681,100000138.55189,-5.883027714131e-14,-0.0072967957882521,0.0099503308517909,299.59530764594,-3.0082226394206e-07,794.21953819538,694.69243313839
28.816500000002,-1.49159620109,-0.49719866150338,1.2436951938271e-23,0.0031411693646731,1.7336695726133,0,1.0172891467733e-19,6.4006905802949,1.2158813300075e-19,-6.2204744902306,-8.513611734216e-20,8.5136331172627e-20,13.066719849016,13.066711179716,-6.5907609217334e-09,-6.5907833533437e-09,8.5136070044139e-20,-8.5135958634606e-20,6.5907694938209e-09,6.5907739883037e-09,13.066721588951,13.066730258259,4.7518491982311,2.3126379840237e-05,6.4006905802948e-06,-3.2202208744162e-14,0,360.31484210567,100000138.71234,-5.9131369651372e-14,-0.007297907775976,0.0099503308517906,299.46436306542,-2.9745715907433e-07,793.86741105151,694.38416801659
28.916500000002,-1.4693969767673,-0.48979892025404,1.2164512426298e-23,0.0031447748749891,1.7336689453543,0,9.9543667571649e-20,6.3514012951642,1.1879950696353e-19,-6.1754508046791,-8.3183519250007e-20,8.318372901936e-20,12.972143135406,12.972134488738,-6.4360786584784e-09,-6.4361006003528e-09,8.3183473745459e-20,-8.3183363797463e-20,6.4360870402635e-09,6.4360914437854e-09,12.972144885414,12.97215353209,4.7174545592622,2.2944745855806e-05,6.3514012951642e-06,-3.2408635050615e-14,0,360.31484227322,100000138.87155,-5.9413810414651e-14,-0.0072990112254861,0.0099503308517903,299.33442886754,-2.9413948263566e-07,793.51800528825,694.07828552295
29.016500000002,-1.4475928252082,-0.48253086992964,1.1899955301635e-23,0.0031483526706389,1.7336683228972,0,9.7420727670905e-20,6.302651081676,1.1609530587027e-19,-6.130871790547,-8.129003556124e-20,8.1290241377043e-20,12.87850049834,12.878491874331,-6.2861636426837e-09,-6.2861851090358e-09,8.1289991783603e-20,-8.1289883274189e-20,6.2861718397724e-09,6.2861761547883e-09,12.878502258312,12.878510882329,4.6833996214587,2.2765126098224e-05,6.302651081676e-06,-3.2322945286192e-14,0,360.31484243949,100000139.02954,-5.9692698464286e-14,-0.0073001062298351,0.0099503308517901,299.20549398067,-2.908702389758e-07,793.17129103286,693.77475950046
29.116500000002,-1.4261756713885,-0.47539181885547,1.1643005691838e-23,0.0031519030542457,1.7336677051897,0,9.5357949073799e-20,6.2544324862209,1.1347244518814e-19,-6.0867321632693,-7.9453506484089e-20,7.9453708450384e-20,12.785780837061,12.785772235739,-6.1408389657262e-09,-6.1408599702707e-09,7.9453464369541e-20,-7.9453357275995e-20,6.140846983525e-09,6.14085121241e-09,12.78578260689,12.78579120822,4.6496803476633,2.2587492402215e-05,6.2544324862209e-06,-3.1474592909553e-14,0,360.31484260448,100000139.18633,-5.9973362870798e-14,-0.007301192880794,0.0099503308517898,299.07754748661,-2.8764389085443e-07,792.82723882735,693.47356415528
29.216500000002,-1.4051376267481,-0.46837913751131,1.1393399797133e-23,0.0031554263242559,1.7336670921804,0,9.3353271370126e-20,6.2067381824939,1.1092797087354e-19,-6.0430267122276,-7.7671863595431e-20,7.7672061812868e-20,12.693973206145,12.693964627535,-5.9999353102179e-09,-5.9999558661909e-09,7.767182308276e-20,-7.7671717382628e-20,5.9999431539418e-09,5.9999472989941e-09,12.693974985724,12.693983564341,4.6162927572124,2.2411817087701e-05,6.2067381824939e-06,-3.1399007453374e-14,0,360.31484276822,100000139.34191,-6.0242925047093e-14,-0.0073022712688751,0.0099503308517895,298.95057861792,-2.8446435161219e-07,792.48581962141,693.17467405061
29.316500000002,-1.3844709843518,-0.46149025691869,1.1150884388184e-23,0.0031589227750104,1.7336664838184,0,9.1404715801988e-20,6.159560968817,1.0845905313568e-19,-5.9997502995089,-7.5943125474016e-20,7.5943320039993e-20,12.603066812894,12.603058257018,-5.8632905823199e-09,-5.8633107024983e-09,7.5943086504508e-20,-7.5942982175597e-20,5.8632982570005e-09,5.8633023204441e-09,12.603068602114,12.603077157997,4.583232924987,2.223807294954e-05,6.159560968817e-06,-3.1484594450868e-14,0,360.3148429307,100000139.49631,-6.0510710866587e-14,-0.0073033414833516,0.0099503308517891,298.82457675543,-2.8132943556073e-07,792.14700476542,692.87806410053
29.416500000002,-1.3641682141927,-0.45472266707514,1.0915216329038e-23,0.0031623926968145,1.7336658800538,0,8.9510381615785e-20,6.1128937655333,1.0606298053138e-19,-5.956897858687,-7.4265393565647e-20,7.4265584574423e-20,12.513051014772,12.513042481652,-5.7307495638388e-09,-5.7307692605586e-09,7.4265356082964e-20,-7.4265253103357e-20,5.7307570743316e-09,5.7307610583193e-09,12.513052813527,12.513061346654,4.5504969804821,2.2066233247538e-05,6.1128937655332e-06,-3.0954969847471e-14,0,360.31484309195,100000139.64953,-6.0759400850086e-14,-0.0073044036122804,0.0099503308517888,298.69953142564,-2.7823801455551e-07,791.81076600361,692.58370956404
29.516500000002,-1.3442219586302,-0.44807391543363,1.0686162123908e-23,0.003165836376006,1.733665280837,0,8.766844259466e-20,6.0667296124625,1.0373715437178e-19,-5.9144643936312,-7.2636848266788e-20,7.263703580961e-20,12.423915316909,12.423906806564,-5.6021635829391e-09,-5.602182868113e-09,7.2636812216869e-20,-7.2636710564924e-20,5.6021709339305e-09,5.6021748405466e-09,12.423917125092,12.423925635444,4.5180811068963,2.1896271696699e-05,6.0667296124625e-06,-3.1129899870735e-14,0,360.31484325199,100000139.8016,-6.1021413509909e-14,-0.0073054577425211,0.0099503308517885,298.57543229829,-2.7518936894054e-07,791.47707546744,692.29158603922
29.616500000002,-1.3246250279623,-0.44154160542677,1.0463497486503e-23,0.0031692540950214,1.7336646861194,0,8.5877143761953e-20,6.0210616664316,1.0147908342302e-19,-5.872444977338,-7.1055745213921e-20,7.105592937914e-20,12.335649369642,12.335640882089,-5.4773902023743e-09,-5.4774090875085e-09,7.1055710544877e-20,-7.1055610199241e-20,5.4773973983886e-09,5.4774012296511e-09,12.335651187148,12.335659674707,4.4859815402396,2.1728162457761e-05,6.0210616664316e-06,-3.1348086253381e-14,0,360.31484341081,100000139.95252,-6.1297192935273e-14,-0.0073065039597561,0.0099503308517882,298.45226918396,-2.7218243499273e-07,791.145905669,692.00166945747
29.716500000002,-1.3053703961251,-0.43512339503311,1.0247006930654e-23,0.0031726461324624,1.7336640958529,0,8.4134798246129e-20,5.9758831988627,9.9286378883639e-20,-5.8308347507874,-6.952041176678e-20,6.9520592639944e-20,12.248242966114,12.248234501371,-5.3562929242147e-09,-5.3563114204257e-09,6.9520378428798e-20,-6.9520279368394e-20,5.3562999696209e-09,5.3563037274843e-09,12.248244792838,12.248253257587,4.4541945684594,2.1561880127951e-05,5.9758831988627e-06,-3.1869882068038e-14,0,360.31484356844,100000140.10231,-6.1572528271449e-14,-0.0073075423485111,0.0099503308517879,298.33003203166,-2.6921615457042e-07,790.81722949462,691.71393607795
29.816500000002,-1.2864511965136,-0.42881699538425,1.0036483381074e-23,0.0031760127631592,1.73366350999,0,8.2439784298472e-20,5.9311875934155,9.7156749623072e-20,-5.789628921822,-6.8029243674301e-20,6.8029421338278e-20,12.16168603992,12.161677598002,-5.2387409101138e-09,-5.2387590281428e-09,6.8029211619552e-20,-6.8029113823602e-20,5.2387478091312e-09,5.2387514954885e-09,12.161687875758,12.161696317683,4.4227165305838,2.1397399731954e-05,5.9311875934154e-06,-3.2356261345842e-14,0,360.31484372489,100000140.25098,-6.1824770968749e-14,-0.0073085729921739,0.0099503308517876,298.20871092657,-2.6629266192246e-07,790.49102019864,691.42836248206
29.916500000002,-1.2678607179264,-0.42262016941287,9.8317278032185e-24,0.0031793542582335,1.733662928484,0,8.0790542455732e-20,5.8869683437036,9.50879976662e-20,-5.7488227640493,-6.6580701912916e-20,6.6580876447981e-20,12.075968662803,12.075960243721,-5.1246087162125e-09,-5.1246264664403e-09,6.6580671095462e-20,-6.6580574543487e-20,5.124615472917e-09,5.1246190896022e-09,12.075970507649,12.075978926738,4.3915438158835,2.1234696713165e-05,5.8869683437036e-06,-3.1848130551027e-14,0,360.31484388018,100000140.39853,-6.2086339539493e-14,-0.0073095959730126,0.0099503308517873,298.08829608774,-2.6340674892169e-07,790.16725139722,691.14492556804
30.016500000002,-1.2495924006193,-0.41653073053752,9.6325488511489e-24,0.0031826708851603,1.7336623512888,0,7.9185572839576e-20,5.8432190510433,9.3078013909982e-20,-5.7084116157658,-6.5173309687339e-20,6.5173481171276e-20,11.991081042387,11.991072646154,-5.0137760418422e-09,-5.0137934343035e-09,6.5173280063057e-20,-6.517318473487e-20,5.0137826601718e-09,5.0137862089618e-09,11.991082896138,11.991091292379,4.3606728630497,2.1073746925063e-05,5.8432190510433e-06,-3.150539350929e-14,0,360.3148440343,100000140.54499,-6.2343467218158e-14,-0.0073106113721954,0.0099503308517871,297.96877786587,-2.605606985272e-07,789.84589706235,690.86360254576
30.116500000002,-1.2316398324778,-0.41054654138659,9.4387625325122e-24,0.0031859629078276,1.7336617783587,0,7.7623432586031e-20,5.7999334222824,9.1124774059103e-20,-5.6683908789021,-6.38056495847e-20,6.3805818092891e-20,11.90701351997,11.907005146594,-4.9061274912359e-09,-4.9061445356326e-09,6.3805621111201e-20,-6.3805526986914e-20,4.9061339749962e-09,4.9061374576131e-09,11.907015382523,11.907023755906,4.3301001593879,2.0914526622896e-05,5.7999334222824e-06,-3.154921463461e-14,0,360.31484418728,100000140.69036,-6.2600594896859e-14,-0.0073116192698071,0.0099503308517867,297.85014674113,-2.5775478451399e-07,789.52693151593,690.5843709315
30.216500000002,-1.2139967452932,-0.40466551255711,9.2501918896871e-24,0.0031892305865958,1.7336612096489,0,7.6102733397866e-20,5.7571052676655,8.9226334768318e-20,-5.6287560179898,-6.2476360873417e-20,6.2476526478929e-20,11.823756568348,11.823748217838,-4.8015523475097e-09,-4.8015690532238e-09,6.2476333509968e-20,-6.247624056999e-20,4.8015587003792e-09,4.8015621184919e-09,11.8237584396,11.823766790117,4.2998222400289,2.0757012455504e-05,5.7571052676655e-06,-3.1699328366047e-14,0,360.31484433913,100000140.83466,-6.2854169861902e-14,-0.007312619744868,0.0099503308517864,297.73239332106,-2.5498677423236e-07,789.21032942404,690.30720854293
30.316500000002,-1.1966570111478,-0.39888560140966,9.0666666962614e-24,0.0031924741783555,1.733660645115,0,7.4622139213571e-20,5.7147284987659,8.7380829979934e-20,-5.5895025591489,-6.1184136938699e-20,6.118429971236e-20,11.741300789688,11.741292462051,-4.6999443582187e-09,-4.6999607343247e-09,6.1184110646151e-20,-6.1184018871189e-20,4.6999505837535e-09,4.6999539389802e-09,11.741302669538,11.741310997182,4.2698356871548,2.0601181457398e-05,5.7147284987659e-06,-3.2034462344923e-14,0,360.31484448987,100000140.97789,-6.3146380588229e-14,-0.0073136128753515,0.0099503308517862,297.61550833844,-2.5225510914099e-07,788.89606579125,690.03209349412
30.416500000002,-1.1796146388944,-0.39320481089513,8.8880231679926e-24,0.0031956939365841,1.7336600847131,0,7.3180363986529e-20,5.6727971264394,8.5586467445598e-20,-5.5506260890941,-5.9927722847089e-20,5.9927882857583e-20,11.659636913446,11.659628608687,-4.6012015318377e-09,-4.601217587114e-09,5.9927697587811e-20,-5.9927606958874e-20,4.6012076334765e-09,4.6012109273858e-09,11.659638801791,11.659647106558,4.2401371292404,2.0447011040928e-05,5.6727971264393e-06,-3.2139851178595e-14,0,360.31484463949,100000141.12007,-6.3431929976434e-14,-0.0073145987381992,0.0099503308517859,297.49948264925,-2.4956028529186e-07,788.58411595504,689.75900419072
30.516500000002,-1.1628637707467,-0.38762118841799,8.7141036875957e-24,0.0031988901114013,1.7336595284003,0,7.1776169569495e-20,5.6313052588793,8.3841525422181e-20,-5.5121222541623,-5.8705913032931e-20,5.870607034687e-20,11.578755794318,11.57874751244,-4.5052259445551e-09,-4.5052416874953e-09,5.8705888770745e-20,-5.8705799269141e-20,4.5052319256234e-09,4.5052351597365e-09,11.578757691057,11.578765972942,4.2107232403098,2.0294478988831e-05,5.6313052588792e-06,-3.2241585406622e-14,0,360.31484478802,100000141.26121,-6.3703712599154e-14,-0.00731557740934,0.0099503308517855,297.38430723069,-2.4690240018683e-07,788.27445558047,689.48791932518
30.616500000002,-1.1463986789503,-0.38213282472673,8.544756542473e-24,0.0032020629496238,1.7336589761338,0,7.0408363697597e-20,5.590247099654,8.2144349532201e-20,-5.4739867593579,-5.7517549100033e-20,5.751770378203e-20,11.498648410237,11.498640151243,-4.4119235568049e-09,-4.4119389956283e-09,5.7517525800149e-20,-5.7517437407488e-20,4.4119294205195e-09,4.4119325963114e-09,11.49865031527,11.498658574271,4.181590739207,2.0143563446721e-05,5.590247099654e-06,-3.2584062436721e-14,0,360.31484493546,100000141.40132,-6.3963948902446e-14,-0.0073165489637049,0.0099503308517852,297.26997317919,-2.4427824888213e-07,787.96706065473,689.21881787209
30.716500000002,-1.1302137625572,-0.37673785283857,8.3798356748966e-24,0.0032052126948184,1.7336584278715,0,6.9075798066269e-20,5.5496169458394,8.0493349779754e-20,-5.4362153674166,-5.6361517732231e-20,5.6361669844963e-20,11.419305860406,11.419297624296,-4.3212040389983e-09,-4.3212191816609e-09,5.6361495361187e-20,-5.6361408059373e-20,4.3212097884714e-09,4.321212907373e-09,11.419307773633,11.419316009749,4.1527363888807,1.9994242915938e-05,5.5496169458394e-06,-3.2091722135083e-14,0,360.31484508183,100000141.54041,-6.4273923197266e-14,-0.0073175134752432,0.0099503308517849,297.15647170847,-2.4169089350172e-07,787.661907482,688.95167908358
30.816500000002,-1.1143035442864,-0.37143444699301,8.2192004438902e-24,0.0032083395873547,1.7336578835721,0,6.7777366498372e-20,5.5094091861819,7.8886997713535e-20,-5.3988038978878,-5.5236748706913e-20,5.5236898311202e-20,11.340719363372,11.340711150147,-4.2329806059493e-09,-4.2329954601531e-09,5.5236727232521e-20,-5.5236641003758e-20,4.2329862441927e-09,4.2329893075922e-09,11.340721284694,11.340729497926,4.1241569956837,1.9846496246517e-05,5.5094091861819e-06,-3.2280566973732e-14,0,360.31484522713,100000141.67849,-6.4556363961092e-14,-0.0073184710169391,0.0099503308517846,297.04379414769,-2.3913649003821e-07,787.35897267833,688.68648248492
30.916500000002,-1.0986626674711,-0.36622082163443,8.062715398212e-24,0.0032114438644556,1.7336573431944,0,6.6512003195967e-20,5.4696182993062,7.732382372895e-20,-5.3617482262363,-5.4142213005975e-20,5.4142360160848e-20,11.262880255139,11.262872064795,-4.1471698595177e-09,-4.1471844327201e-09,5.4142192397268e-20,-5.4142107224054e-20,4.1471753894462e-09,4.1471783986902e-09,11.262882184455,11.262890374805,4.0958494086859,1.9700302630325e-05,5.4696182993062e-06,-3.2098390751521e-14,0,360.31484537139,100000141.81557,-6.4815267996821e-14,-0.0073194216608255,0.0099503308517844,296.93193193956,-2.3661778498006e-07,787.05823316657,688.42320787002
31.016500000002,-1.0832858930879,-0.3610952304216,7.9102500599189e-24,0.0032145257602486,1.7336568066982,0,6.5278681072847e-20,5.4302388519512,7.5802414501806e-20,-5.325044282958,-5.3076921018884e-20,5.3077065781633e-20,11.185779987305,11.18577181984,-4.063691639018e-09,-4.0637059384413e-09,5.3076901246066e-20,-5.3076817111185e-20,4.0636970634532e-09,4.0637000198489e-09,11.185781924519,11.18579009199,4.067810518999,1.9555641594314e-05,5.4302388519512e-06,-3.1892734245816e-14,0,360.3148455146,100000141.95166,-6.5080833370718e-14,-0.007320365478001,0.0099503308517841,296.82087663855,-2.3413215317436e-07,786.75966617153,688.16183529722
31.116500000002,-1.068168096871,-0.35605596526589,7.7616787179302e-24,0.0032175855058143,1.7336562740434,0,6.40764101634e-20,5.3912654972671,7.4321410546583e-20,-5.2886880527152,-5.2039920832976e-20,5.2040063259221e-20,11.109410125255,11.109401980665,-3.982468878979e-09,-3.9824829116185e-09,5.2039901867368e-20,-5.2039818753898e-20,3.9824742006528e-09,3.9824771054685e-09,11.109412070268,11.109420214865,4.0400372591163,1.9412492994002e-05,5.3912654972671e-06,-3.1991393128357e-14,0,360.31484565679,100000142.08678,-6.5326414730194e-14,-0.0073213025386434,0.0099503308517838,296.71061990909,-2.31677948444e-07,786.4632492151,687.90234508499
31.216500000002,-1.0533042665039,-0.35110135539502,7.6168802311231e-24,0.0032206233292353,1.7336557451907,0,6.2904236104285e-20,5.3526929731427,7.2879503892581e-20,-5.2526755734872,-5.1030296606294e-20,5.1030436750042e-20,11.033762346369,11.033754224646,-3.9034274738519e-09,-3.9034412464844e-09,5.1030278420292e-20,-5.1030196311597e-20,3.9034326954098e-09,3.9034355498768e-09,11.033764299084,11.033772420812,4.0125266022628,1.9270837007073e-05,5.3526929731427e-06,-3.1792174885678e-14,0,360.31484579795,100000142.22092,-6.5589315568882e-14,-0.0073222329120245,0.0099503308517835,296.60115352382,-2.2925609986828e-07,786.16896011152,687.64471780784
31.316500000002,-1.0386894988873,-0.34622976644245,7.4757378404339e-24,0.0032236394556433,1.7336552201011,0,6.1761238684902e-20,5.3145161005727,7.1475435871729e-20,-5.2170029357369,-5.004716701861e-20,5.0047304932308e-20,10.958828438274,10.958820339412,-3.8264961492975e-09,-3.8265096684894e-09,5.0047149585636e-20,-5.0047068465369e-20,3.8265012733019e-09,3.8265040786153e-09,10.958830398593,10.95883849746,3.9852755617597,1.9130654127129e-05,5.3145161005726e-06,-3.1662280756928e-14,0,360.31484593811,100000142.35411,-6.5868647708354e-14,-0.0073231566665248,0.0099503308517832,296.4924693619,-2.2686825376188e-07,785.87677696278,687.38893429224
31.416500000002,-1.0243189974825,-0.34143959956192,7.338138989552e-24,0.0032266341072658,1.7336546987364,0,6.064653046357e-20,5.2767297820676,7.0107995012137e-20,-5.181666281594,-4.9089683796495e-20,4.9089819531083e-20,10.884600297129,10.88459222112,-3.7516063397001e-09,-3.7516196118148e-09,4.9089667090958e-20,-4.9089586943052e-20,3.751611368633e-09,3.7516141259533e-09,10.884602264957,10.884610340972,3.9582811903993,1.8991925157608e-05,5.2767297820676e-06,-3.2250512865181e-14,0,360.31484607727,100000142.48635,-6.6154641185991e-14,-0.0073240738696463,0.0099503308517829,296.38455940731,-2.245096519297e-07,785.58667815404,687.13497561261
31.516500000002,-1.0101880697257,-0.33672929056533,7.2039751537615e-24,0.0032296075034717,1.7336541810586,0,5.9559255446007e-20,5.2393290000921,6.8776015031846e-20,-5.146661804053,-4.8157030308541e-20,4.81571639135e-20,10.811069925939,10.811061872774,-3.6786920715755e-09,-3.6787051027812e-09,4.8157014305796e-20,-4.8156935114455e-20,3.6786970078419e-09,3.6786997182964e-09,10.811071901181,10.811079954353,3.9315405798329,1.8854631205808e-05,5.2393290000921e-06,-3.1785599359241e-14,0,360.31484621544,100000142.61765,-6.6435749682344e-14,-0.0073249845880283,0.0099503308517826,296.27741574722,-2.2218167410738e-07,785.29864234919,686.88282308748
31.616500000002,-0.9962921245123,-0.33209730908452,7.0731416765222e-24,0.0032325598608159,1.7336536670303,0,5.8498587823034e-20,5.2023088155471,6.7478372927554e-20,-5.1119857461864,-4.7248420227075e-20,4.7248551750482e-20,10.738229432905,10.738221402571,-3.6076898525657e-09,-3.6077026488419e-09,4.7248404903386e-20,-4.7248326653088e-20,3.6076946984958e-09,3.6076973631794e-09,10.738231415465,10.738239445804,3.9050508599697,1.8718753677085e-05,5.2023088155471e-06,-3.1652935802865e-14,0,360.31484635263,100000142.74802,-6.6712417286617e-14,-0.0073258888874588,0.0099503308517823,296.17103057034,-2.1988362619926e-07,785.01264848648,686.6324582756
31.716500000002,-0.98262666974961,-0.32754215775513,6.9455376133922e-24,0.0032354913930834,1.7336531566145,0,5.7463730764464e-20,5.1656643662807,6.6213987153323e-20,-5.0776344003725,-4.6363096252895e-20,4.6363225741469e-20,10.666071029796,10.666063022283,-3.5385385657199e-09,-3.5385511328642e-09,4.6363081585394e-20,-4.6363004260894e-20,3.5385433235726e-09,3.5385459435487e-09,10.666073019579,10.666081027099,3.8788091983862,1.8584274269153e-05,5.1656643662807e-06,-3.1537501185063e-14,0,360.31484648886,100000142.87748,-6.6999298942734e-14,-0.0073267868328885,0.009950330851782,296.06539616538,-2.1761702413225e-07,784.72867577418,686.3838629722
31.816500000002,-0.96918730997419,-0.32306237142264,6.8210655829715e-24,0.0032384023113321,1.7336526497748,0,5.6453915266769e-20,5.1293908656355,6.4981815884663e-20,-5.0436041075372,-4.5500328899783e-20,4.550045639893e-20,10.594587030363,10.594579045657,-3.4711793687915e-09,-3.471191712426e-09,4.5500314866438e-20,-4.5500238452755e-20,3.4711840407561e-09,3.4711866170579e-09,10.594589027276,10.594597011989,3.8528127997479,1.845117496653e-05,5.1293908656355e-06,-3.1496632495729e-14,0,360.31484662412,100000143.00602,-6.7275078368623e-14,-0.0073276784884439,0.0099503308517817,295.96050491946,-2.1537892846073e-07,784.44670368643,686.13701920531
31.916500000002,-0.95596974403436,-0.31865651636971,6.6996316244873e-24,0.0032412928239357,1.7336521464752,0,5.5468399051639e-20,5.0934836010309,6.3780855363561e-20,-5.0098912564104,-4.4659415335694e-20,4.4659540889549e-20,10.523769848774,10.523761886859,-3.4055555982849e-09,-3.4055677238626e-09,4.4659401915272e-20,-4.4659326397692e-20,3.4055601864841e-09,3.4055627201156e-09,10.523771852723,10.523779814643,3.8270589052404,1.8319438035121e-05,5.0934836010308e-06,-3.1728975198057e-14,0,360.31484675844,100000143.13366,-6.7549969616102e-14,-0.0073285639174399,0.0099503308517813,295.85634931659,-2.1316913225631e-07,784.16671195907,685.89190923211
32.016500000002,-0.94296976283525,-0.31432318956469,6.581145061708e-24,0.0032441631366242,1.7336516466801,0,5.4506465513029e-20,5.0579379325845,6.2610138320336e-20,-4.9764922827964,-4.3839678277735e-20,4.3839801929205e-20,10.453611998079,10.453604058941,-3.3416126780091e-09,-3.3416245908201e-09,4.3839665449774e-20,-4.383959081384e-20,3.3416171845015e-09,3.3416196764383e-09,10.453614008972,10.453621948115,3.8015447920127,1.8189046016938e-05,5.0579379325845e-06,-3.1864048389977e-14,0,360.31484689182,100000143.26041,-6.7801768224692e-14,-0.0073294431823923,0.009950330851781,295.75292193618,-2.1098849799322e-07,783.88868058562,685.64851553544
32.116500000002,-0.93018324713875,-0.31006101792816,6.465518372859e-24,0.0032470134525253,1.7336511503545,0,5.3567422710243e-20,5.0227492917363,6.1468732468367e-20,-4.9434036688567,-4.3040464938169e-20,4.3040586728977e-20,10.384106088709,10.384098172332,-3.2792980319038e-09,-3.2793097370803e-09,4.3040452682945e-20,-4.304037891446e-20,3.2793024586859e-09,3.2793049098761e-09,10.384108106453,10.384116022836,3.7762677726286,1.805998172485e-05,5.0227492917363e-06,-3.1853855882412e-14,0,360.31484702427,100000143.38627,-6.8057563636178e-14,-0.0073303163450297,0.0099503308517807,295.65021545157,-2.0883670917257e-07,783.61258981326,685.40682082026
32.216500000002,-0.91760616542871,-0.30586865762135,6.3526670662789e-24,0.0032498439722044,1.7336506574636,0,5.2650602405046e-20,4.9879131799398,6.0355739068001e-20,-4.9106219424067,-4.2261146018875e-20,4.2261265989591e-20,10.315244826994,10.315236933359,-3.2185610009183e-09,-3.2185725034408e-09,4.2261134317373e-20,-4.2261061402387e-20,3.2185653499266e-09,3.2185677612922e-09,10.315246851497,10.315254745138,3.7512251945296,1.793222823757e-05,4.9879131799398e-06,-3.1999143762642e-14,0,360.3148471558,100000143.51127,-6.8334231240545e-14,-0.0073311834663057,0.0099503308517804,295.54822262859,-2.0670960219064e-07,783.33842013896,685.16680801027
32.316500000002,-0.90523457182789,-0.30174479335168,6.2425095615401e-24,0.0032526548937035,1.7336501679732,0,5.1755359140719e-20,4.9534251673568,5.9270291556162e-20,-4.8781436762244,-4.1501114751789e-20,4.1501232941873e-20,10.247021013712,10.247013142801,-3.1593527637375e-09,-3.1593640684397e-09,4.1501103585674e-20,-4.1501031510486e-20,3.1593570368507e-09,3.159359409288e-09,10.247023044884,10.247030915801,3.7264144395072,1.7805768894675e-05,4.9534251673568e-06,-3.1904031666606e-14,0,360.31484728642,100000143.63539,-6.8594911633377e-14,-0.0073320446064113,0.0099503308517801,295.44693632411,-2.0461189151527e-07,783.06615230562,684.9284602445
32.416500000002,-0.89306460407247,-0.29768813769794,6.1349670757277e-24,0.0032554464125793,1.7336496818496,0,5.0881069360721e-20,4.9192808916018,5.8211554238346e-20,-4.8459654873725,-4.0759785983035e-20,4.0759902430873e-20,10.179427542667,10.17941969446,-3.1016262611582e-09,-3.101637372732e-09,4.0759775334628e-20,-4.0759704085783e-20,3.1016304601994e-09,3.1016327945799e-09,10.179429580417,10.17943742863,3.7018329231844,1.7680587291796e-05,4.9192808916018e-06,-3.2214583971803e-14,0,360.31484741614,100000143.75866,-6.8851151134118e-14,-0.0073328998247853,0.0099503308517797,295.34634948472,-2.0254076689271e-07,782.79576729835,684.6917608741
32.516500000002,-0.88109248153786,-0.29369743045185,6.0299635146762e-24,0.0032582187219419,1.7336491990594,0,5.0027130565415e-20,4.8854760564925,5.7178721039872e-20,-4.8140840365328,-4.0036595298558e-20,4.0036710041496e-20,10.112457399288,10.112449573764,-3.045336123932e-09,-3.0453470469326e-09,4.0036585150805e-20,-4.0036514715093e-20,3.0453402506705e-09,3.0453425478417e-09,10.112459443526,10.112467269056,3.6774780945075,1.7556667275854e-05,4.8854760564925e-06,-3.2765643562038e-14,0,360.31484754496,100000143.88108,-6.9122045578803e-14,-0.0073337491801267,0.0099503308517794,295.24645514531,-2.0049449104858e-07,782.52724634075,684.45669345903
32.616500000002,-0.86931450331614,-0.28977143797735,5.9274253688939e-24,0.0032609720124911,1.7336487195695,0,4.9192960504832e-20,4.8520064308359,5.6171014313438e-20,-4.7824960273518,-3.9330998189172e-20,3.933111126355e-20,10.046103659256,10.046095856393,-2.9904386038987e-09,-2.9904493427487e-09,3.9330988525621e-20,-3.9330918890073e-20,2.9904426600518e-09,2.9904449208376e-09,10.046105709893,10.046113512762,3.6533474352459,1.7433992940413e-05,4.8520064308359e-06,-3.2645710907938e-14,0,360.3148476729,100000144.00267,-6.9376508722732e-14,-0.0073345927304051,0.0099503308517791,295.14724642772,-1.9847615168366e-07,782.26057089129,684.22324176495
32.716500000002,-0.85772704634859,-0.28590895258814,5.8272816140126e-24,0.0032637064725534,1.7336482433475,0,4.8377996406226e-20,4.8188678472656,5.5187683700192e-20,-4.7511982057981,-3.8642469253084e-20,3.8642580694268e-20,9.9803594871538,9.9803517069298,-2.9368915082459e-09,-2.9369020672405e-09,3.8642460057865e-20,-3.8642391209741e-20,2.9368954954806e-09,2.936897720683e-09,9.9803615441007,9.9803693243316,3.6294384595018,1.7312548621241e-05,4.8188678472656e-06,-3.2600946513436e-14,0,360.31484779996,100000144.12342,-6.9641185918497e-14,-0.0073354305328727,0.0099503308517788,295.04871653949,-1.9648267428469e-07,781.99572263977,683.99138976005
32.816500000002,-0.84632656359588,-0.28210879193776,5.7294636154218e-24,0.0032664222881168,1.7336477703611,0,4.7581694233782e-20,4.7860562010444,5.4228005041693e-20,-4.7201873595324,-3.7970501434043e-20,3.7970611276454e-20,9.9152181351431,9.9152103775335,-2.8846541367397e-09,-2.8846645200504e-09,3.7970492691842e-20,-3.7970424618635e-20,2.8846580566745e-09,2.8846602470736e-09,9.9152201983116,9.9152279559281,3.6057487132279,1.7192318891734e-05,4.7860562010444e-06,-3.2413217124664e-14,0,360.31484792616,100000144.24334,-6.9919629879786e-14,-0.007336262644073,0.0099503308517785,294.95085877251,-1.9451203878632e-07,781.7326835038,683.76112161203
32.916500000002,-0.83510958226976,-0.27836979843011,5.6339050370776e-24,0.003269119642867,1.7336473005787,0,4.6803527980482e-20,4.7535674489679,5.3291279340221e-20,-4.6894603172867,-3.7314605293354e-20,3.7314713570498e-20,9.8506729416593,9.8506652066395,-2.8336872217768e-09,-2.8336974334565e-09,3.7314596989392e-20,-3.7314529678819e-20,2.8336910759836e-09,2.8336932323383e-09,9.850675010962,9.8506827459889,3.5822757737542,1.7073288558729e-05,4.7535674489679e-06,-3.3018158238329e-14,0,360.3148480515,100000144.36245,-7.0196297484242e-14,-0.007337089119854,0.0099503308517782,294.85366650178,-1.9256851549329e-07,781.47143562539,683.53242168507
33.016500000002,-0.82407270210167,-0.27469083864219,5.5405417541107e-24,0.0032717987182213,1.7336468339688,0,4.6042988989187e-20,4.7213976082431,5.2376831765126e-20,-4.659013948257,-3.6674308314113e-20,3.6674415058616e-20,9.7867173301368,9.786709617681,-2.7839528711214e-09,-2.7839629151072e-09,3.6674300434127e-20,-3.6674233874131e-20,2.7839566611268e-09,2.7839587841755e-09,9.7867194054863,9.7867271179498,3.5590172493231,1.6955442658215e-05,4.7213976082431e-06,-3.2856293415975e-14,0,360.31484817599,100000144.48076,-7.0453425163478e-14,-0.0073379100153767,0.0099503308517779,294.75713318417,-1.9064908713683e-07,781.21196136761,683.30527453695
33.116500000002,-0.81321259365525,-0.27107080276185,5.4493117691451e-24,0.0032744596933623,1.7336463705005,0,4.5299585302287e-20,4.6895427553905,5.1484010702919e-20,-4.6288451615051,-3.6049154236092e-20,3.6049259479722e-20,9.7233448077521,9.7233371178337,-2.7354145131918e-09,-2.7354243933095e-09,3.6049146766314e-20,-3.6049080945056e-20,2.7354182404788e-09,2.7354203309401e-09,9.7233468890621,9.7233545789886,3.5359707786329,1.6838766451148e-05,4.6895427553904e-06,-3.2713793349709e-14,0,360.31484829964,100000144.59826,-7.0700338790894e-14,-0.0073387253851264,0.0099503308517775,294.66125235717,-1.8875182338649e-07,780.95424331124,683.07966491605
33.216500000002,-0.80252599668458,-0.26750860404048,5.3601551320524e-24,0.0032771027452716,1.7336459101432,0,4.4572841037789e-20,4.6579990251803,5.0612186848975e-20,-4.59895090537,-3.5438702419743e-20,3.5438806193439e-20,9.6605489641873,9.6605412967786,-2.688036844774e-09,-2.6880465647417e-09,3.5438695346881e-20,-3.5438630252739e-20,2.6880405107831e-09,2.6880425693567e-09,9.6605510513719,9.6605587187889,3.5131340303882,1.6723245419382e-05,4.6579990251803e-06,-3.2786918283097e-14,0,360.31484842246,100000144.71498,-7.0934373831235e-14,-0.0073395352829208,0.0099503308517772,294.56601763757,-1.8687981093216e-07,780.69826425146,682.85557775852
33.316500000002,-0.79200971854104,-0.26400317826171,5.2730138634002e-24,0.0032797280487619,1.7336454528666,0,4.3862295793992e-20,4.626762609626,4.9760752338807e-20,-4.5693281668888,-3.484252723792e-20,3.4842629571815e-20,9.5983234704136,9.5983158254863,-2.6417857810436e-09,-2.6417953444752e-09,3.4842520549141e-20,-3.4842456170699e-20,2.6417893871746e-09,2.6417914145416e-09,9.5983255633877,9.5983332083234,3.490504702857,1.6608865261828e-05,4.626762609626e-06,-3.271932961193e-14,0,360.31484854445,100000144.83091,-7.1183063815511e-14,-0.0073403397619223,0.0099503308517769,294.47142272062,-1.8503011423912e-07,780.44400719485,682.63299818563
33.416500000002,-0.78166063261481,-0.26055348322228,5.1878318808751e-24,0.003282335776509,1.7336449986408,0,4.3167504077034e-20,4.5958297569652,4.892911991754e-20,-4.5399739712372,-3.4260217494339e-20,3.4260318417787e-20,9.5366620775167,9.5366544550414,-2.596628407778e-09,-2.5966378181869e-09,3.4260211177252e-20,-3.4260147503302e-20,2.5966319553913e-09,2.5966339522149e-09,9.5366641761956,9.5366717986791,3.4680805234439,1.6495611890555e-05,4.5958297569651e-06,-3.2542611519071e-14,0,360.31484866562,100000144.94606,-7.1421983837172e-14,-0.0073411388746466,0.0099503308517766,294.37746137871,-1.8320348530761e-07,780.19145535618,682.4119115009
33.516500000002,-0.77147567680945,-0.2571584982234,5.1045549285263e-24,0.0032849260990842,1.7336445474365,0,4.2488034750052e-20,4.5651967706261,4.8116722144771e-20,-4.5108853811673,-3.3691375866818e-20,3.3691475408419e-20,9.4755586155143,9.475551015461,-2.5525329356645e-09,-2.5525421964663e-09,3.3691369909454e-20,-3.3691306928996e-20,2.5525364260823e-09,2.5525383930079e-09,9.475560719814,9.4755683198755,3.4458592482598,1.6383471426856e-05,4.5651967706261e-06,-3.2343445924707e-14,0,360.31484878599,100000145.06044,-7.16817760517e-14,-0.0073419326729721,0.0099503308517763,294.28412746012,-1.8140203869481e-07,779.94059215525,682.19230318743
33.616500000002,-0.76145185206606,-0.25381722357863,5.0231305092873e-24,0.0032874991849841,1.7336440992244,0,4.1823470507801e-20,4.5348600082732,4.7323010633813e-20,-4.4820594964605,-3.3135618374603e-20,3.3135716562224e-20,9.4150069922088,9.4149994145464,-2.5094686565963e-09,-2.5094777711126e-09,3.3135612765403e-20,-3.3135550467635e-20,2.5094720911038e-09,2.5094740287603e-09,9.4150091020458,9.4150166797161,3.4238386617046,1.6272430197598e-05,4.5348600082732e-06,-3.2299220109182e-14,0,360.31484890555,100000145.17407,-7.1919807894956e-14,-0.0073427212081492,0.009950330851776,294.19141488797,-1.7961939674379e-07,779.69140121393,681.97415890524
33.716500000002,-0.7515862209203,-0.25052868013319,4.943507820174e-24,0.0032900552006617,1.7336436539757,0,4.1173407371886e-20,4.5048158808548,4.6547455323556e-20,-4.4534934533887,-3.2592573868524e-20,3.2592670729319e-20,9.3550011920544,9.3549936367508,-2.4674059018612e-09,-2.4674148733223e-09,3.2592568596318e-20,-3.2592506970636e-20,2.4674092817079e-09,2.4674111907079e-09,9.3550033073455,9.3550108626565,3.4020165760556,1.6162474731587e-05,4.5048158808548e-06,-3.1983982163046e-14,0,360.31484902432,100000145.28694,-7.2195587321053e-14,-0.007343504530809,0.0099503308517757,294.09931765911,-1.7786018119474e-07,779.4438663532,681.7574644887
33.816500000002,-0.74187590609933,-0.24729190879616,4.8656376901445e-24,0.0032925943105562,1.733643211662,0,4.0537454206534e-20,4.4750608516824,4.5789543781401e-20,-4.4251844241867,-3.2061883542905e-20,3.2061979103337e-20,9.2955352750486,9.2955277420711,-2.4263160021349e-09,-2.4263248336829e-09,3.20618785969e-20,-3.2061817632892e-20,2.4263193285359e-09,2.4263212094759e-09,9.2955373957113,9.2955449286958,3.3803908310638,1.6053591756054e-05,4.4750608516824e-06,-3.1755957147499e-14,0,360.3148491423,100000145.39906,-7.2454047267979e-14,-0.0073442826909733,0.0099503308517754,294.00782984309,-1.7612104578565e-07,779.19797159023,681.542205944
33.916500000002,-0.73231808914718,-0.24410597008207,4.7894725204707e-24,0.0032951166771217,1.7336427722552,0,3.9915232253776e-20,4.4455914354875,4.5048780535787e-20,-4.3971296165317,-3.1543200468193e-20,3.154329475406e-20,9.236603375639,9.2365958649541,-2.3861712491911e-09,-2.3861799438826e-09,3.1543195837962e-20,-3.1543135525407e-20,2.386174523328e-09,2.3861763767892e-09,9.2366055015914,9.2366130122831,3.3589592935567,1.5945768193055e-05,4.4455914354875e-06,-3.1791322471507e-14,0,360.31484925951,100000145.51045,-7.2699628627827e-14,-0.0073450557380624,0.0099503308517751,293.91694558107,-1.7440527579372e-07,778.95370113548,681.32836944653
34.016500000002,-0.72291000909321,-0.24096994366735,4.7149662275808e-24,0.0032976224608572,1.7336423357275,0,3.9306374687717e-20,4.4164041975576,4.4324686436918e-20,-4.3693262730319,-3.1036189143358e-20,3.1036282179807e-20,9.1781997016499,9.1781922132236,-2.3469448592483e-09,-2.3469534200575e-09,3.1036184818826e-20,-3.1036125147684e-20,2.3469480822706e-09,2.3469499088193e-09,9.1782018328107,9.1782093212438,3.3377198570476,1.5838991156175e-05,4.4164041975576e-06,-3.2203477590211e-14,0,360.31484937594,100000145.6211,-7.2974519875528e-14,-0.007345823720905,0.0099503308517748,293.82665908479,-1.7271000904353e-07,778.71103938995,681.11594133858
34.116500000002,-0.71364896114714,-0.23788292795522,4.6420741881868e-24,0.0033001118203336,1.7336419020515,0,3.8710526186476e-20,4.3874957528396,4.3616798044442e-20,-4.3417716707252,-3.054052506712e-20,3.0540616878675e-20,9.1203185332282,9.1203110670256,-2.3086109378781e-09,-2.3086193676988e-09,3.0540521038549e-20,-3.0540461998966e-20,2.3086141109038e-09,2.3086159110918e-09,9.120320669517,9.1203281357263,3.3166704413525,1.5733247947105e-05,4.3874957528396e-06,-3.1985787079052e-14,0,360.31484949162,100000145.73103,-7.3250299301651e-14,-0.0073465866877453,0.0099503308517745,293.73696463551,-1.7103371150713e-07,778.46997094235,680.90490812679
34.216500000002,-0.70453229543128,-0.23484403965312,4.5707531866417e-24,0.0033025849122223,1.7336414712001,0,3.8127342521361e-20,4.3588627650933,4.2924667040735e-20,-4.3144631205853,-3.0055894327154e-20,3.0055984937726e-20,9.0629542218064,9.0629467777921,-2.2711444463979e-09,-2.2711527480466e-09,3.005589058513e-20,-3.0055832167429e-20,2.2711475705147e-09,2.2711493448798e-09,9.0629563631432,9.0629638071644,3.2958089922129,1.5628526052412e-05,4.3588627650933e-06,-3.1415082195795e-14,0,360.31484960653,100000145.84023,-7.3540733671699e-14,-0.0073473446862521,0.0099503308517742,293.64785658308,-1.6937959958217e-07,778.23048056643,680.6952564798
34.316500000002,-0.69555741574336,-0.23185241336023,4.5009613644219e-24,0.0033050418913226,1.7336410431465,0,3.7556490162493e-20,4.3305019460541,4.2247859668696e-20,-4.287397967036,-2.9581993206415e-20,2.9582082639324e-20,9.0061011890827,9.00609376722,-2.2345211696826e-09,-2.2345293459005e-09,2.9581989741837e-20,-2.9581931936521e-20,2.2345242459489e-09,2.2345259950152e-09,9.0061033353879,9.0061107572576,3.2751334809245,1.5524813140345e-05,4.3305019460541e-06,-3.2087108832459e-14,0,360.3148497207,100000145.94873,-7.3806743135212e-14,-0.0073480977635277,0.0099503308517739,293.55932934488,-1.6774510614147e-07,777.9925532183,680.48697322595
34.416500000002,-0.68672177834635,-0.22890720116411,4.4326581715964e-24,0.003307482910588,1.7336406178642,0,3.6997645899795e-20,4.3024100545903,4.1585956192861e-20,-4.2605735874743,-2.9118527805824e-20,2.9118616083816e-20,8.9497539260181,8.9497465262699,-2.1987176853271e-09,-2.1987257387826e-09,2.9118524609893e-20,-2.9118467407634e-20,2.1987207147729e-09,2.1987224390514e-09,8.9497560772128,8.9497634769679,3.2546419039731,1.5422097057623e-05,4.3024100545903e-06,-3.2067146079614e-14,0,360.31484983412,100000146.05652,-7.4090072077917e-14,-0.0073488459661154,0.0099503308517735,293.47137740489,-1.6613051563438e-07,777.7561740338,680.28004535098
34.516500000002,-0.67802289079464,-0.2260075722496,4.3658043202797e-24,0.0033099081211534,1.7336401953271,0,3.6450496479352e-20,4.2745838959195,4.0938550382832e-20,-4.2339873918012,-2.8665213682552e-20,2.8665300827817e-20,8.893906991852,8.8938996141806,-2.1637113340986e-09,-2.1637192673898e-09,2.8665210746762e-20,-2.8665154138402e-20,2.1637143177264e-09,2.1637160177152e-09,8.8939091478579,8.8939165255363,3.2343322826761,1.5320365826442e-05,4.2745838959195e-06,-3.2115640935817e-14,0,360.31484994681,100000146.16362,-7.4359634255123e-14,-0.0073495893400063,0.0099503308517733,293.38399531274,-1.6453462033608e-07,777.52132832591,680.07445999569
34.616500000002,-0.6694583107842,-0.22315271251532,4.3003617398904e-24,0.0033123176723602,1.7336397755094,0,3.5914738253743e-20,4.247020320803,4.0305249017933e-20,-4.2076368219598,-2.8221775503194e-20,2.8221861537379e-20,8.8385550131312,8.8385476574981,-2.1294801916176e-09,-2.1294880072741e-09,2.8221772819318e-20,-2.8221716795864e-20,2.1294831304032e-09,2.129484806588e-09,8.8385571738706,8.8385645295108,3.2142026628295,1.5219607641405e-05,4.247020320803e-06,-3.2361856089216e-14,0,360.31485005878,100000146.27002,-7.4622091004973e-14,-0.007350327930649,0.009950330851773,293.29717768271,-1.6295826230783e-07,777.2880015822,679.87020445381
34.716500000002,-0.66102564503445,-0.22034182420101,4.2362935342118e-24,0.0033147117117827,1.7336393583854,0,3.5390076846342e-20,4.2197162247816,3.96856714122e-20,-4.1815193514818,-2.7787946711154e-20,2.778803165538e-20,8.7836926827574,8.7836853491237,-2.096003041213e-09,-2.0960107416987e-09,2.7787944271235e-20,-2.7787888823855e-20,2.0960059361066e-09,2.096007588961e-09,8.7836948481534,8.7837021817944,3.1942511143616,1.5119810866607e-05,4.2197162247816e-06,-3.2354607398492e-14,0,360.31485017002,100000146.37574,-7.4882327308771e-14,-0.0073510617829568,0.0099503308517727,293.21091919292,-1.6140055015408e-07,777.05617946242,679.66726616979
34.816500000002,-0.6527225481974,-0.21757412552399,4.1735639401301e-24,0.0033170903852524,1.73363894393,0,3.4876226828625e-20,4.192668547424,3.9079448958745e-20,-4.1556324850419,-2.7363469207613e-20,2.7363553082494e-20,8.7293147590517,8.7293074473776,-2.063259347898e-09,-2.0632669356122e-09,2.7363467003954e-20,-2.7363412123979e-20,2.0632621998246e-09,2.0632638298105e-09,8.7293169290277,8.7293242407094,3.1744757309924,1.5020964032766e-05,4.192668547424e-06,-3.2977197006871e-14,0,360.31485028054,100000146.48077,-7.5126132311808e-14,-0.0073517909413143,0.0099503308517724,293.1252145843,-1.5986285367183e-07,776.82584779594,679.46563273664
34.916500000002,-0.64454672178923,-0.21484885032297,4.1121382879764e-24,0.0033194538368833,1.7336385321183,0,3.4372911409896e-20,4.1658742715631,3.8486224692631e-20,-4.1299737580186,-2.6948093045453e-20,2.6948175871106e-20,8.6754160648314,8.6754087750763,-2.031229233413e-09,-2.0312367106929e-09,2.6948091070609e-20,-2.6948036749526e-20,2.0312320432733e-09,2.0312336508413e-09,8.6754182393114,8.6754255290741,3.1548746298983,1.4923055834319e-05,4.1658742715631e-06,-3.275103138891e-14,0,360.31485039036,100000146.58514,-7.5381483634295e-14,-0.0073525154495868,0.0099503308517721,293.04005865983,-1.5834239604113e-07,776.59699257947,679.26529189387
35.016500000002,-0.63649591315406,-0.21216524771264,4.0519829634375e-24,0.0033218022090958,1.7336381229255,0,3.3879862139197e-20,4.1393304225839,3.790565287143e-20,-4.1045407360628,-2.6541576135568e-20,2.6541657931629e-20,8.6219914865041,8.6219842186268,-1.9998934522907e-09,-1.9999008214132e-09,2.6541574382334e-20,-2.6541520611787e-20,1.9998962209622e-09,1.9998978065515e-09,8.6219936654125,8.6220009332974,3.1354459513823,1.4826075126698e-05,4.1393304225839e-06,-3.3191023881466e-14,0,360.31485049948,100000146.68884,-7.5638611313631e-14,-0.0073532353511244,0.0099503308517718,292.95544628352,-1.5684023979525e-07,776.36959997453,679.06623152533
35.116500000002,-0.62856791445001,-0.20952258174562,3.9930653709483e-24,0.0033241356426406,1.7336377163273,0,3.3396818618707e-20,4.1130340677081,3.7337398572671e-20,-4.0793310146725,-2.6143683964993e-20,2.614376475063e-20,8.5690359731737,8.5690287271326,-1.9692333688949e-09,-1.9692406320787e-09,2.61436824264e-20,-2.6143629198178e-20,1.9692360972321e-09,1.9692376612716e-09,8.5690381564358,8.5690454024847,3.1161878585491,1.4730010923609e-05,4.1130340677081e-06,-3.2228442201882e-14,0,360.31485060791,100000146.79188,-7.5899735795847e-14,-0.0073539506887729,0.0099503308517715,292.87137237967,-1.5535535998824e-07,776.14365630526,678.86843965722
35.216500000002,-0.62076056165881,-0.20692013108254,3.9353538984839e-24,0.0033264542766222,1.7336373122996,0,3.2923528227999e-20,4.0869823152864,3.6781137307455e-20,-4.054342218776,-2.5754189326357e-20,2.5754269120283e-20,8.516544535766,8.5165373115186,-1.9392309353911e-09,-1.9392380947978e-09,2.5754187995658e-20,-2.5754135301701e-20,1.9392336242265e-09,1.9392351671344e-09,8.5165467233073,8.5165539475625,3.0970985369868,1.4634852394333e-05,4.0869823152863e-06,-3.2446347703227e-14,0,360.31485071564,100000146.89427,-7.6162636634906e-14,-0.0073546615048779,0.0099503308517712,292.78783193195,-1.5388870407393e-07,775.91914805606,678.67190445612
35.316500000002,-0.6130717336248,-0.20435718867141,3.8788178837447e-24,0.003328758248522,1.7336369108187,0,3.2459745859135e-20,4.0611723141333,3.6236554649483e-20,-4.0295720023208,-2.5372872058125e-20,2.5372950878612e-20,8.4645122461644,8.4645050436677,-1.9098686706055e-09,-1.9098757283422e-09,2.5372870928792e-20,-2.5372818761186e-20,1.9098713207502e-09,1.9098728429348e-09,8.4645144379112,8.4645216404156,3.0781761944529,1.4540588861189e-05,4.0611723141333e-06,-3.214336228244e-14,0,360.3148508227,100000146.99601,-7.6393118961647e-14,-0.007355367841294,0.0099503308517709,292.70481998262,-1.5243725960819e-07,775.6960618694,678.47661422698
35.416500000002,-0.60549935111035,-0.20183306143303,3.8234275815983e-24,0.0033310476942209,1.733636511861,0,3.2005233661495e-20,4.0356012528385,3.570334587884e-20,-4.0050180478701,-2.4999518795183e-20,2.4999596660075e-20,8.412934236362,8.4129270555728,-1.8811296397352e-09,-1.8811365978554e-09,2.4999517860898e-20,-2.4999466211869e-20,1.8811322519796e-09,1.8811337538391e-09,8.4129364322413,8.4129436130384,3.0594190605657,1.444720979691e-05,4.0356012528385e-06,-3.2383048509398e-14,0,360.31485092908,100000147.09711,-7.6627154002067e-14,-0.0073560697393899,0.0099503308517705,292.62233163167,-1.5100617477929e-07,775.47438454352,678.28255741117
35.516500000002,-0.59804137587745,-0.19934706995469,3.7691541327904e-24,0.0033333227480215,1.7336361154032,0,3.1559760796479e-20,4.0102663591061,3.5181215639889e-20,-3.9806780662046,-2.4633922729291e-20,2.4633999656016e-20,8.361805697626,8.3617985385004,-1.8529974348688e-09,-1.8530042953743e-09,2.4633921983939e-20,-2.463387084585e-20,1.8530000099831e-09,1.8530014919064e-09,8.3618078975656,8.3618150566989,3.0408253865006,1.4354704822127e-05,4.0102663591061e-06,-3.2523876035646e-14,0,360.31485103479,100000147.19757,-7.6861189042486e-14,-0.0073567672400554,0.0099503308517702,292.54036203601,-1.4959098672012e-07,775.25410303032,678.08972258459
35.616500000001,-0.59069580979263,-0.1968985481919,3.7159695338539e-24,0.0033355835426704,1.7336357214224,0,3.1123103201522e-20,3.9851648991197,3.4669877612654e-20,-3.9565497959316,-2.4275883378983e-20,2.4275959384563e-20,8.3111218796761,8.3111147421695,-1.8254561562848e-09,-1.8254629211273e-09,2.4275882816645e-20,-2.4275832181996e-20,1.8254586950197e-09,1.8254601573863e-09,8.311124083604,8.3111312211181,3.0223934446908,1.4263063702952e-05,3.9851648991197e-06,-3.277102615902e-14,0,360.31485113984,100000147.29741,-7.7121869435499e-14,-0.0073574603837098,0.0099503308517699,292.45890640875,-1.4819163546309e-07,775.03520443321,677.89809845582
35.716500000001,-0.58346069395347,-0.19448684317716,3.6638466081597e-24,0.0033378302093791,1.7336353298959,0,3.0695043362998e-20,3.9602941769157,3.4169054197103e-20,-3.9326310031003,-2.3925206368507e-20,2.3925281469566e-20,8.2608780898767,8.2608709739438,-1.7984903944914e-09,-1.798497065574e-09,2.3925205983448e-20,-2.3925155844876e-20,1.7984928975787e-09,1.7984943407592e-09,8.2608802977213,8.2608874136614,3.004121528534,1.4172276348582e-05,3.9602941769157e-06,-3.2307201307294e-14,0,360.31485124423,100000147.39662,-7.740342202137e-14,-0.0073581492103057,0.0099503308517697,292.37796001832,-1.4680837818379e-07,774.81767600503,677.70767386425
35.816500000001,-0.57633410783251,-0.19211131473463,3.6127589780425e-24,0.0033400628778459,1.7336349408012,0,3.0275370097462e-20,3.9356515337479,3.3678476209784e-20,-3.9089194808237,-2.3581703215401e-20,2.3581777428185e-20,8.2110696924417,8.2110625980369,-1.7720852129769e-09,-1.7720917921551e-09,2.3581703002071e-20,-2.3581653352343e-20,1.7720876811301e-09,1.772089105486e-09,8.2110719041322,8.2110789985439,2.9860079521033,1.4082332808887e-05,3.9356515337479e-06,-3.296678409455e-14,0,360.31485134797,100000147.49521,-7.7649891559658e-14,-0.0073588337593385,0.0099503308517694,292.2975181878,-1.4544237090682e-07,774.6015051459,677.51843777829
35.916500000001,-0.56931416844443,-0.1897713352025,3.5626810379915e-24,0.0033422816762766,1.733634554116,0,2.9863878341191e-20,3.9112343474814,3.3197882592263e-20,-3.8854130489055,-2.3245191126348e-20,2.3245264466729e-20,8.1616921076519,8.1616850347291,-1.7462261316379e-09,-1.7462326207216e-09,2.3245191079372e-20,-2.3245141911386e-20,1.7462285655525e-09,1.746229971437e-09,8.1616943231179,8.1617013960476,2.9680510498621,1.3993223272097e-05,3.9112343474814e-06,-3.2954616369793e-14,0,360.31485145107,100000147.59319,-7.7895028830314e-14,-0.0073595140698485,0.009950330851769,292.21757629407,-1.4409071382107e-07,774.38667940125,677.33037929353
36.016500000001,-0.56239902953342,-0.18746628916212,3.5135879288465e-24,0.0033444867314047,1.7336341698185,0,2.9460368947553e-20,3.8870400320016,3.2727020130863e-20,-3.8621095534727,-2.2915492800939e-20,2.2915565284427e-20,8.1127408110831,8.1127337595955,-1.7208991108574e-09,-1.7209055116118e-09,2.2915492915111e-20,-2.2915444221889e-20,1.7209015112119e-09,1.7209028989698e-09,8.112743030255,8.1127500817491,2.9502491763836,1.3904938062555e-05,3.8870400320016e-06,-3.2079482472082e-14,0,360.31485155352,100000147.69056,-7.8124178889412e-14,-0.0073601901804316,0.0099503308517687,292.13812976717,-1.4275695223913e-07,774.17318645978,677.14348763104
36.116500000001,-0.55558688077975,-0.18519557317362,3.4654555129639e-24,0.0033466781685118,1.733633787887,0,2.9064648491922e-20,3.8630660366331,3.2265643187246e-20,-3.8390068666163,-2.2592436243019e-20,2.2592507884772e-20,8.0642113328505,8.064204302751,-1.6960905362048e-09,-1.6960968503519e-09,2.2592436513297e-20,-2.2592388287986e-20,1.6960929036605e-09,1.6960942736288e-09,8.0642135556592,8.0642205857649,2.9326007060761,1.3817467638498e-05,3.8630660366331e-06,-3.2171376233995e-14,0,360.31485165535,100000147.78733,-7.8354661216143e-14,-0.0073608621292424,0.0099503308517684,292.05917408948,-1.4143822679e-07,773.96101415157,676.95775213566
36.216500000001,-0.5488759470232,-0.18295859551688,3.4182603502875e-24,0.0033488561114476,1.7336334083,0,2.8676529083642e-20,3.8393098455522,3.1813513439336e-20,-3.8161028860356,-2.2275854579287e-20,2.2275925394119e-20,8.0160992568626,8.0160922481034,-1.6717872037297e-09,-1.6717934329493e-09,2.2275855000786e-20,-2.2275807236656e-20,1.6717895389319e-09,1.6717908914393e-09,8.0161014832393,8.0161084920042,2.9151040329115,1.3730802589827e-05,3.8393098455522e-06,-3.2309637003447e-14,0,360.31485175654,100000147.8835,-7.8579370383141e-14,-0.0073615299540015,0.0099503308517681,291.98070479507,-1.4013261266278e-07,773.75015044601,676.77316227424
36.316500000001,-0.54226448750797,-0.18075477593991,3.3719796753321e-24,0.0033510206826493,1.7336330310363,0,2.8295828185109e-20,3.8157689772374,3.1370399632162e-20,-3.793395534688,-2.1965585884835e-20,2.1965655887228e-20,7.9684002200844,7.9683932326179,-1.6479763058247e-09,-1.6479824517562e-09,2.1965586452826e-20,-2.196553914326e-20,1.6479786094028e-09,1.6479799447708e-09,7.9684024499614,7.9684094374335,2.8977575701574,1.3644933636008e-05,3.8157689772373e-06,-3.2661305599399e-14,0,360.31485185712,100000147.97909,-7.883960668691e-14,-0.0073621936920004,0.0099503308517678,291.90271746897,-1.3884390310608e-07,773.54058345002,676.58970763403
36.416500000001,-0.53575079514339,-0.17858354541254,3.3265913749948e-24,0.0033531720031607,1.7336326560749,0,2.7922368437294e-20,3.7924409839133,3.0936077338228e-20,-3.7708827604462,-2.1661473015354e-20,2.1661542219464e-20,7.9211099118187,7.9211029455965,-1.6246454176344e-09,-1.6246514818775e-09,2.1661473725253e-20,-2.1661426863754e-20,1.6246476902024e-09,1.6246490087449e-09,7.9211121451286,7.9211191113565,2.8805597501157,1.355985162396e-05,3.7924409839132e-06,-3.285313775518e-14,0,360.31485195708,100000148.07409,-7.9103395704357e-14,-0.0073628533801095,0.0099503308517675,291.82520774645,-1.3757049866703e-07,773.33230140608,676.40737792099
36.516500000001,-0.5293331957826,-0.17644434588575,3.2820739671958e-24,0.0033553101926517,1.7336322833952,0,2.7555977491737e-20,3.7693234510053,3.0510328726952e-20,-3.7485625357593,-2.1363363445704e-20,2.1363431865372e-20,7.8742240729932,7.8742171279664,-1.6017824839847e-09,-1.6017884681005e-09,2.136336429307e-20,-2.1363317873255e-20,1.6017847261419e-09,1.6017860281654e-09,7.8742263096691,7.8742332547018,2.8635090238632,1.3475547525977e-05,3.7693234510053e-06,-3.3268473197224e-14,0,360.31485205643,100000148.16851,-7.9351641599455e-14,-0.00736350905478,0.0099503308517672,291.74817131238,-1.3631079840912e-07,773.12529269045,676.22616295821
36.616500000001,-0.5230100475185,-0.17433663005717,3.2384065802961e-24,0.0033574353694359,1.7336319129765,0,2.7196487848607e-20,3.7464139966145,3.0092942342845e-20,-3.7264328573189,-2.1071109114583e-20,2.1071176763343e-20,7.8277384954594,7.8277315715785,-1.5793758068121e-09,-1.5793817123243e-09,2.1071110095113e-20,-2.1071064110713e-20,1.579378019143e-09,1.5793793049473e-09,7.8277407354348,7.8277476593218,2.846603860997,1.339201243773e-05,3.7464139966145e-06,-3.316510020105e-14,0,360.31485215517,100000148.26235,-7.9614542438464e-14,-0.0073641607520543,0.0099503308517669,291.67160390054,-1.3506696993473e-07,772.91954581134,676.04605268432
36.716500000001,-0.51677973999532,-0.1722598611415,3.1955689332644e-24,0.0033595476504897,1.7336315447988,0,2.6843736700597e-20,3.7237102709862,2.9683712892042e-20,-3.7044917457318,-2.0784566275069e-20,2.0784633166155e-20,7.7816490213049,7.7816421185203,-1.5574140330716e-09,-1.5574198614678e-09,2.0784567384592e-20,-2.0784521829446e-20,1.5574162161468e-09,1.5574174860248e-09,7.7816512645142,7.7816581673052,2.8298427493838,1.3309237576244e-05,3.7237102709861e-06,-3.3630034077063e-14,0,360.31485225332,100000148.35563,-7.9897427291911e-14,-0.0073648085075661,0.0099503308517666,291.59550129296,-1.3383598396649e-07,772.71504940706,675.86703715186
36.816500000001,-0.51064069373807,-0.1702135126471,3.1535413165734e-24,0.0033616471514704,1.7336311788418,0,2.649756578252e-20,3.7012099560108,2.9282441036837e-20,-3.6827372451964,-2.0503595350746e-20,2.0503661497099e-20,7.7359515421739,7.7359446604355,-1.5358861431034e-09,-1.5358918958357e-09,2.0503596585221e-20,-2.0503551453273e-20,1.5358882974798e-09,1.5358895517177e-09,7.7359537885519,7.7359606702973,2.8132241949134,1.3227214278001e-05,3.7012099560108e-06,-3.3296098173558e-14,0,360.31485235087,100000148.44834,-8.01643249338e-14,-0.0073654523565517,0.0099503308517663,291.51985931925,-1.326185037976e-07,772.51179224435,675.68910652583
36.916500000001,-0.5045913594972,-0.16819706815741,3.1123045737914e-24,0.0033637339867335,1.7336308150859,0,2.6157821226333e-20,3.6789107647204,2.888893319791e-20,-3.6611674231853,-2.0228060797219e-20,2.0228126211499e-20,7.6906419986006,7.6906351378579,-1.5147814394382e-09,-1.5147871179244e-09,2.0228062152729e-20,-2.0228017438032e-20,1.5147835656593e-09,1.5147848045369e-09,7.6906442480827,7.690651108833,2.7967467212559,1.3145933997019e-05,3.6789107647204e-06,-3.3517357808561e-14,0,360.31485244783,100000148.54049,-8.0427669862005e-14,-0.0073660923338503,0.009950330851766,291.44467385599,-1.3141568217647e-07,772.30976321661,675.51225108213
37.016500000001,-0.49863021760672,-0.16621002111709,3.0718400838146e-24,0.0033658082693502,1.7336304535114,0,2.5824353421152e-20,3.65681044079,2.8503001363898e-20,-3.6397803701325,-1.9957830968788e-20,1.9957895663376e-20,7.6457163793519,7.6457095395537,-1.494089536024e-09,-1.4940951416486e-09,1.9957832441535e-20,-1.9957788138243e-20,1.4940916346205e-09,1.4940928584114e-09,7.6457186318739,7.64572547168,2.7804088696226,1.3065388302958e-05,3.6568104407899e-06,-3.3567184171088e-14,0,360.31485254421,100000148.63209,-8.0710110626224e-14,-0.0073667284739123,0.0099503308517657,291.36994082609,-1.3022726296236e-07,772.10895134218,675.33646120608
37.116500000001,-0.49275577735923,-0.16425187462367,3.0321297437604e-24,0.003367870111125,1.733630094099,0,2.549701687845e-20,3.6349067580578,2.8124462908034e-20,-3.6185741991245,-1.9692777990042e-20,1.9692841977052e-20,7.6011707207781,7.6011639018728,-1.4738003478562e-09,-1.4738058819712e-09,1.9692779576346e-20,-1.9692735678717e-20,1.4738024193462e-09,1.4738036283177e-09,7.6011729762764,7.6011797951897,2.76420919853,1.2985568879296e-05,3.6349067580578e-06,-3.3745088832563e-14,0,360.31485264001,100000148.72313,-8.100498588831e-14,-0.0073673608108038,0.0099503308517654,291.29565619816,-1.2905024772518e-07,771.90934576273,675.16172739095
37.216500000001,-0.48696657639456,-0.16232214122373,2.9931559524653e-24,0.0033699196226121,1.7336297368294,0,2.5175670101963e-20,3.613197520048,2.7753140411546e-20,-3.5975470455971,-1.943277763222e-20,1.9432840923503e-20,7.5570011061769,7.5569943081127,-1.4539040809944e-09,-1.4539095449203e-09,1.9432779328509e-20,-1.9432735830902e-20,1.4539061258837e-09,1.4539073202973e-09,7.5570033645883,7.5570101626606,2.7481462835687,1.2906467521514e-05,3.613197520048e-06,-3.3749378945615e-14,0,360.31485273524,100000148.81364,-8.1255452229404e-14,-0.0073679893782108,0.0099503308517651,291.22181598591,-1.2788907983531e-07,771.71093574152,674.98804023648
37.316500000001,-0.48126118010276,-0.16042034271396,2.9549015945688e-24,0.0033719569131322,1.7336293816839,0,2.4860175462189e-20,3.5916805595059,2.7388861493561e-20,-3.5766970670368,-1.9177709194096e-20,1.9177771801249e-20,7.5132036651653,7.51319688789,-1.4343912229502e-09,-1.4343966179768e-09,1.9177710996912e-20,-1.9177667893781e-20,1.4343932417328e-09,1.434394421844e-09,7.5132059264274,7.5132127037107,2.7322187171744,1.2828076135324e-05,3.5916805595059e-06,-3.4334311458762e-14,0,360.3148528299,100000148.9036,-8.1544998420961e-14,-0.0073686142094454,0.0099503308517648,291.14841624753,-1.2673997322852e-07,771.5137106618,674.81539044752
37.416500000001,-0.47563818104312,-0.15854600994742,2.9173500251799e-24,0.0033739820907895,1.7336290286435,0,2.4550399075436e-20,3.5703537379546,2.7031458647232e-20,-3.5560224426865,-1.8927455387245e-20,1.8927517321616e-20,7.4697745730621,7.4697678165231,-1.4152525334307e-09,-1.4152578608181e-09,1.8927457293231e-20,-1.8927414579128e-20,1.4152545265892e-09,1.415255692648e-09,7.4697768371128,7.4697835936597,2.716425108404,1.2750386734985e-05,3.5703537379546e-06,-3.341341014776e-14,0,360.314852924,100000148.99303,-8.1817225133323e-14,-0.0073692353374496,0.0099503308517644,291.07545308513,-1.256024464997e-07,771.3176600253,674.64376883258
37.516500000001,-0.47009619837091,-0.15669868264253,2.8804850550493e-24,0.0033759952624867,1.7336286776899,0,2.4246210686828e-20,3.5492149452213,2.668076908184e-20,-3.5355213732552,-1.8681902225473e-20,1.868196349817e-20,7.4267100502779,7.4267033144223,-1.3964790354232e-09,-1.3964842964024e-09,1.8681904231376e-20,-1.8681861900946e-20,1.3964810034288e-09,1.3964821556797e-09,7.4267123170558,7.426719052919,2.7007640827131,1.2673391441507e-05,3.5492149452213e-06,-3.3327589755543e-14,0,360.31485301754,100000149.08193,-8.204504292469e-14,-0.0073698527948024,0.0099503308517641,291.00292264415,-1.2448055350891e-07,771.12277345054,674.47316630251
37.616500000001,-0.46463387728317,-0.1548779091983,2.844290936303e-24,0.0033779965339417,1.7336283288047,0,2.39474835577e-20,3.5282620990137,2.6336634570639e-20,-3.5151920806336,-1.844093891829e-20,1.8440999540181e-20,7.384006361717,7.3839996464916,-1.3780620066071e-09,-1.3780672023809e-09,1.8440941020952e-20,-1.8440899068932e-20,1.3780639499203e-09,1.3780650886022e-09,7.3840086311611,7.3840153463938,2.6852342817392,1.2597082481031e-05,3.5282620990137e-06,-3.352880629825e-14,0,360.31485311052,100000149.1703,-8.2276857518936e-14,-0.0073704666137202,0.0099503308517638,290.93082111273,-1.2336780134222e-07,770.92904067131,674.30357386904
37.716500000001,-0.45924988847687,-0.1530832465137,2.8087523486714e-24,0.0033799860097033,1.7336279819697,0,2.3654094356887e-20,3.5074931445001,2.5998901304206e-20,-3.4950328076127,-1.8204457768213e-20,1.8204517749939e-20,7.3416598161873,7.3416531215386,-1.35999297108e-09,-1.3599981028238e-09,1.8204459964575e-20,-1.8204418385792e-20,1.3599948901504e-09,1.3599960154974e-09,7.3416620882373,7.3416687828928,2.6698343630862,1.2521452183237e-05,3.5074931445001e-06,-3.3562299012091e-14,0,360.31485320296,100000149.25816,-8.2513557094488e-14,-0.007371076826068,0.0099503308517635,290.85914472126,-1.2227063721585e-07,770.73645153525,674.1349826436
37.816500000001,-0.45394292761203,-0.15131425980873,2.7738543861567e-24,0.0033819637931658,1.7336276371671,0,2.336592305541e-20,3.4869060538447,2.5667419749075e-20,-3.4750418176072,-1.7972354071791e-20,1.797241342377e-20,7.2996667658185,7.2996600916927,-1.3422636913848e-09,-1.3422687602473e-09,1.7972356358885e-20,-1.7972315148253e-20,1.3422655866519e-09,1.3422666988927e-09,7.2996690404145,7.2996757145467,2.6545630001137,1.2446492979584e-05,3.4869060538447e-06,-3.3994284610066e-14,0,360.31485329486,100000149.34549,-8.2794221501797e-14,-0.0073716834633579,0.0099503308517632,290.78788974171,-1.211840473513e-07,770.54499600218,673.96738383585
37.916500000001,-0.44871171480009,-0.14957052245383,2.7395825442431e-24,0.0033839299865853,1.7336272943791,0,2.3082852825463e-20,3.4664988258455,2.5342044511453e-20,-3.4552173943827,-1.7744526024171e-20,1.7744584756603e-20,7.2580236054901,7.2580169518333,-1.3248661608263e-09,-1.3248711679302e-09,1.7744528399118e-20,-1.7744487551641e-20,1.3248680327197e-09,1.3248691320779e-09,7.258025882573,7.2580325362359,2.6394188817284,1.2372197401919e-05,3.4664988258455e-06,-3.3675196764535e-14,0,360.31485338621,100000149.43232,-8.3070445017001e-14,-0.0073722865567565,0.0099503308517629,290.71705248715,-1.2011082797946e-07,770.35466414276,673.8007687525
38.016500000001,-0.44355499408844,-0.14785161579814,2.7059227074586e-24,0.0033858846910933,1.7336269535883,0,2.2804769942102e-20,3.4462694854647,2.5022634205795e-20,-3.4355578417874,-1.7520874627084e-20,1.7520932749953e-20,7.2167267722662,7.2167201390241,-1.3077925960652e-09,-1.307797542508e-09,1.7520877087091e-20,-1.7520836597854e-20,1.3077944450044e-09,1.3077955316993e-09,7.2167290517774,7.2167356850251,2.6244007121787,1.2298558080708e-05,3.4462694854647e-06,-3.3368278782851e-14,0,360.31485347703,100000149.51863,-8.3341339461674e-14,-0.0073728861370903,0.0099503308517626,290.64662931119,-1.1904758539513e-07,770.16544613695,673.63512879594
38.116500000001,-0.43847153297272,-0.14615712900689,2.6728611374622e-24,0.0033878280067127,1.7336266147772,0,2.2531563689095e-20,3.4262160834878,2.4709051328079e-20,-3.4160614834875,-1.7301303600102e-20,1.7301361123188e-20,7.1757727448412,7.1757661319591,-1.2910354299789e-09,-1.2910403168334e-09,1.730130614246e-20,-1.7301266006634e-20,1.2910372563741e-09,1.2910383306198e-09,7.1757750267224,7.1757816396095,2.609507210853,1.2225567743729e-05,3.4262160834878e-06,-3.3809083119651e-14,0,360.31485356733,100000149.60445,-8.3605128478981e-14,-0.0073734822348475,0.0099503308517623,290.57661660744,-1.1799802800837e-07,769.97733227263,673.47045546308
38.216500000001,-0.43346012190537,-0.14448665889754,2.6403844614533e-24,0.0033897600323711,1.7336262779287,0,2.2263126267267e-20,3.4063366960727,2.4401162133571e-20,-3.3967266627067,-1.7085719295055e-20,1.7085776227933e-20,7.1351580429918,7.135151450415,-1.2745873047779e-09,-1.2745921330931e-09,1.7085721917134e-20,-1.7085682129971e-20,1.2745891090301e-09,1.2745901710363e-09,7.1351603271854,7.1351669197669,2.5947371120807,1.2153219214368e-05,3.4063366960727e-06,-3.3591730114855e-14,0,360.31485365709,100000149.68976,-8.383960760842e-14,-0.0073740748801844,0.0099503308517619,290.50701080901,-1.1695895922969e-07,769.79031294415,673.30674034404
38.316500000001,-0.42851957382909,-0.1428398097843,2.6084796610626e-24,0.0033916808659163,1.7336259430259,0,2.1999352706648e-20,3.3866294244177,2.4098836518907e-20,-3.3775517419701,-1.6874030613464e-20,1.6874086965511e-20,7.0948792270392,7.0948726547123,-1.2584410653685e-09,-1.25844583617e-09,1.6874033312713e-20,-1.6873993869544e-20,1.2584428478697e-09,1.2584438978417e-09,7.0948815134879,7.0948880858191,2.5800891649363,1.2081505410345e-05,3.3866294244177e-06,-3.3027235361081e-14,0,360.31485374634,100000149.77458,-8.4114942945156e-14,-0.0073746641029304,0.0099503308517616,290.43780838799,-1.1593362611886e-07,769.60437865099,673.143975121
38.416500000001,-0.42364872370715,-0.14121619332156,2.5771340615393e-24,0.0033935906041289,1.733625610052,0,2.1740140780912e-20,3.3670923943253,2.3801947908337e-20,-3.3585351028508,-1.6666148926882e-20,1.6666204707285e-20,7.0549328973171,7.0549263451846,-1.2425897529514e-09,-1.2425944672421e-09,1.6666151700825e-20,-1.6666112597063e-20,1.2425915140847e-09,1.2425925522233e-09,7.0549351859641,7.0549417381005,2.5655621330462,1.2010419342073e-05,3.3670923943253e-06,-3.2282031577372e-14,0,360.31485383507,100000149.85891,-8.4389834192668e-14,-0.0073752499325883,0.0099503308517613,290.36900585494,-1.1491664377758e-07,769.41951999634,672.98215156692
38.516500000001,-0.41884642807733,-0.13961542835529,2.546335321386e-24,0.0033954893427374,1.7336252789904,0,2.1485390925365e-20,3.3477237558803,2.3510373143943e-20,-3.3396751457215,-1.646198800004e-20,1.6462043217796e-20,7.015315693649,7.0153091616553,-1.2270265988467e-09,-1.2270312576075e-09,1.6461990846276e-20,-1.6461952077407e-20,1.2270283389868e-09,1.2270293654887e-09,7.0153179844382,7.0153245164355,2.5511547943982,1.1939954111422e-05,3.3477237558803e-06,-3.2678175057119e-14,0,360.31485392329,100000149.94276,-8.4652735031506e-14,-0.0073758323983438,0.009950330851761,290.30059975837,-1.1391303316257e-07,769.23572768579,672.82126154448
38.616500000001,-0.41411156460471,-0.1380371407738,2.5160714222771e-24,0.0033973771764309,1.7336249498247,0,2.1235006157128e-20,3.3285216830383,2.3223992379717e-20,-3.3209702895087,-1.6261463916662e-20,1.6261518580588e-20,6.976024294833,6.9760177829222,-1.2117450185376e-09,-1.2117496227278e-09,1.6261466832859e-20,-1.6261428394448e-20,1.2117467380509e-09,1.2117477531085e-09,6.9760265877088,6.9760330996229,2.5368659411547,1.1870102910162e-05,3.3285216830383e-06,-3.2991934608601e-14,0,360.31485401101,100000150.02612,-8.4928958546626e-14,-0.0073764115290654,0.0099503308517607,290.23258668429,-1.1291794691738e-07,769.05299252597,672.66129700475
38.716500000001,-0.40944303165327,-0.13648096336509,2.4863306593741e-24,0.0033992541988731,1.7336246225386,0,2.0988891998456e-20,3.3094843732975,2.2942688979299e-20,-3.3024189714512,-1.6064495007879e-20,1.6064549126609e-20,6.9370554181338,6.9370489262499,-1.1967386059231e-09,-1.1967431564811e-09,1.6064497991776e-20,-1.6064459879456e-20,1.1967403051679e-09,1.1967413089698e-09,6.9370577130412,6.9370642049283,2.5226943794673,1.1800859018716e-05,3.3094843732975e-06,-3.259011954963e-14,0,360.31485409822,100000150.10901,-8.5183421690451e-14,-0.0073769873533103,0.0099503308517604,290.1649632557,-1.1193451297667e-07,768.87130542329,672.50224998622
38.816500000001,-0.40483974786202,-0.1349465356755,2.457101631934e-24,0.0034011205027153,1.7336242971162,0,2.0746956402351e-20,3.2906100473324,2.2666349417287e-20,-3.284019646862,-1.5871001783109e-20,1.5871055365106e-20,6.8984058187828,6.8983993468696,-1.182001127772e-09,-1.1820056256159e-09,1.5871004832509e-20,-1.5870967041991e-20,1.1820028070988e-09,1.1820037998295e-09,6.8984081156672,6.8984145875838,2.5086389292956,1.173221580477e-05,3.2906100473324e-06,-3.2799173769598e-14,0,360.31485418493,100000150.19142,-8.5441881637155e-14,-0.0073775598993287,0.0099503308517601,290.09772613212,-1.1096266214705e-07,768.69065738261,672.34411261357
38.916500000001,-0.40030065173105,-0.1334335038717,2.4283732342376e-24,0.0034029761796089,1.7336239735414,0,2.0509109680683e-20,3.2718969486373,2.2394863183938e-20,-3.2657707888937,-1.568090686334e-20,1.5680959916896e-20,6.8600722894855,6.8600658374865,-1.1675265183708e-09,-1.1675309643986e-09,1.5680909976113e-20,-1.5680872503175e-20,1.1675281781223e-09,1.1675291599626e-09,6.860074588293,6.8600810402954,2.4946984242274,1.1664166721916e-05,3.2718969486373e-06,-3.2570837613553e-14,0,360.31485427115,100000150.27337,-8.5693236156482e-14,-0.0073781291950666,0.0099503308517598,290.03087200911,-1.1000108237647e-07,768.51103950598,672.18687709656
39.016500000001,-0.39582470121965,-0.13194152060682,2.4001346468337e-24,0.0034048213202194,1.7336236517986,0,2.0275264434805e-20,3.253343343202,2.2128122693156e-20,-3.2476708883073,-1.5494134916698e-20,1.549418744994e-20,6.8220516599353,6.8220452277934,-1.1533088743571e-09,-1.1533132694476e-09,1.5494138090774e-20,-1.549410093127e-20,1.1533105148687e-09,1.1533114859954e-09,6.8220539606121,6.8220603927573,2.4808717113026,1.1596705308426e-05,3.253343343202e-06,-3.2609700987178e-14,0,360.31485435688,100000150.35485,-8.5952140192363e-14,-0.0073786952681703,0.0099503308517595,289.96439761783,-1.0905112950791e-07,768.33244299145,672.03053572903
39.116500000001,-0.39141087335086,-0.13047024488848,2.3723753280687e-24,0.0034066560142376,1.7336233318722,0,2.0045335488406e-20,3.2349475191669,2.1866023193633e-20,-3.2297184532445,-1.5310612596231e-20,1.5310664617125e-20,6.7843407963359,6.7843343839941,-1.1393424497325e-09,-1.1393467947453e-09,1.5310615829601e-20,-1.5310578979453e-20,1.1393440713321e-09,1.1393450319186e-09,6.7843430988288,6.7843495111739,2.4671576508389,1.1529825185937e-05,3.2349475191669e-06,-3.3489049684128e-14,0,360.31485444212,100000150.43586,-8.6206159246924e-14,-0.0073792581459907,0.0099503308517592,289.89829972458,-1.0810974531244e-07,768.15485913176,671.8750808877
39.216500000001,-0.38705816382344,-0.12901934194963,2.345085005881e-24,0.0034084803503932,1.7336230137468,0,1.9819239822439e-20,3.21670778648,2.1608462683022e-20,-3.2119120090029,-1.5130268479812e-20,1.5130319996166e-20,6.7469366009278,6.7469302083291,-1.1256216510467e-09,-1.1256259468233e-09,1.5130271770526e-20,-1.5130235225722e-20,1.1256232540554e-09,1.1256242042712e-09,6.7469389051843,6.7469452977866,2.45355511626,1.1463520058153e-05,3.21670778648e-06,-3.3039635924101e-14,0,360.31485452689,100000150.51642,-8.6459290123052e-14,-0.0073798178555857,0.0099503308517589,289.83257513031,-1.0718150001346e-07,767.97827931311,671.72050503115
39.316500000001,-0.38276558663804,-0.12758848312379,2.3182536699059e-24,0.0034102944164664,1.7336226974073,0,1.9596896512504e-20,3.1986224765993,2.1355341825036e-20,-3.1942500978149,-1.4953033012093e-20,1.495308403156e-20,6.7098360115258,6.7098296386128,-1.1121410327482e-09,-1.112145280112e-09,1.4953036358258e-20,-1.495300011485e-20,1.1121426174799e-09,1.1121435574914e-09,6.7098383174937,6.7098446904107,2.4400629939272,1.1397783709716e-05,3.1986224765993e-06,-3.2850601702218e-14,0,360.31485461117,100000150.59653,-8.6685775646572e-14,-0.0073803744237246,0.0099503308517585,289.76722067025,-1.062595615843e-07,767.8026950141,671.56680069885
39.416500000001,-0.37853217372614,-0.12617734572148,2.2918715638063e-24,0.0034120982992999,1.7336223828386,0,1.9378226667999e-20,3.1806899421596,2.1106563869358e-20,-3.1767312786303,-1.4778838448421e-20,1.4778888978502e-20,6.6730360010605,6.6730296477754,-1.0988952926932e-09,-1.0988994924504e-09,1.4778841848197e-20,-1.4778805902305e-20,1.0988968594554e-09,1.0988977894255e-09,6.6730383086882,6.6730446619774,2.4266801829726,1.1332610004939e-05,3.1806899421596e-06,-3.3496083288274e-14,0,360.31485469498,100000150.67619,-8.6927360203214e-14,-0.0073809278768932,0.0099503308517582,289.70223321342,-1.0534978628389e-07,767.62809780447,671.41396051007
39.516500000001,-0.37435697458926,-0.12478561290983,2.2659291778679e-24,0.0034138920848114,1.7336220700257,0,1.9163153373357e-20,3.1629085566579,2.0862034574247e-20,-3.1593541269008,-1.4607618800652e-20,1.4607668848703e-20,6.6365335771267,6.6365272434118,-1.0858792678087e-09,-1.0858834207482e-09,1.4607622252255e-20,-1.4607586600059e-20,1.0858808169021e-09,1.0858817369903e-09,6.636535886363,6.6365422200822,2.413405595135,1.1267992886612e-05,3.1629085566579e-06,-3.3362692253768e-14,0,360.31485477833,100000150.7554,-8.7177826544038e-14,-0.0073814782412952,0.009950330851758,289.63760966222,-1.0444962702682e-07,767.45447934389,671.26197716281
39.616500000001,-0.37023905594537,-0.12341297359483,2.2404172418274e-24,0.0034156758580045,1.7336217589539,0,1.8951601631107e-20,3.1452767141423,2.0621662131758e-20,-3.1421172343687,-1.4439309784786e-20,1.443935935802e-20,6.6003257815394,6.600319467337,-1.0730879299017e-09,-1.0730920367961e-09,1.4439313286483e-20,-1.4439277924228e-20,1.0730894616208e-09,1.0730903719835e-09,6.6003280923339,6.600334406541,2.4002381545984,1.1203926374828e-05,3.1452767141423e-06,-3.3070448012523e-14,0,360.3148548612,100000150.83417,-8.7449609166913e-14,-0.0073820255428556,0.0099503308517577,289.573346952,-1.0355865930498e-07,767.2818313809,671.11084343291
39.716500000001,-0.36617750138472,-0.12205912230658,2.215326717958e-24,0.003417449702981,1.7336214496087,0,1.8743498306974e-20,3.1277928289179,2.0385357095459e-20,-3.1250192088579,-1.427384877036e-20,1.4273897875847e-20,6.564409689894,6.5644033951459,-1.0605163816116e-09,-1.0605204432169e-09,1.4273852320467e-20,-1.4273817244456e-20,1.0605178962445e-09,1.0605187970348e-09,6.5644120021964,6.5644182969494,2.387176797832,1.1140404565857e-05,3.1277928289179e-06,-3.3789840075617e-14,0,360.31485494362,100000150.9125,-8.7718283165311e-14,-0.0073825698072265,0.0099503308517574,289.50944205065,-1.0267779567473e-07,767.11014575175,670.96055217297
39.816500000001,-0.36217141103302,-0.12072375908698,2.1906487943623e-24,0.0034192137029517,1.7336211419756,0,1.8538772076613e-20,3.1104553352546,2.0153032310572e-20,-3.1080586740681,-1.4111174731524e-20,1.4111223376199e-20,6.5287824111352,6.5287761357834,-1.0481598524978e-09,-1.0481638695546e-09,1.4111178328406e-20,-1.4111143535005e-20,1.0481613503266e-09,1.0481622416947e-09,6.528784724896,6.5287910002532,2.3742204734335,1.1077421631049e-05,3.1104553352546e-06,-3.4285819741245e-14,0,360.31485502558,100000150.99039,-8.7985624896056e-14,-0.0073831110597896,0.0099503308517571,289.44589195821,-1.0180514923065e-07,766.93941437935,670.8110963115
39.916500000001,-0.35821990121912,-0.11940658937897,2.1663748784749e-24,0.003420967940248,1.7336208360403,0,1.8337353373977e-20,3.0932626870778,1.9924602846433e-20,-3.091234269373,-1.3951228199755e-20,1.3951276390421e-20,6.4934410871322,6.4934348311182,-1.0360136952601e-09,-1.0360176684935e-09,1.3951231841825e-20,-1.3951197327458e-20,1.036015176561e-09,1.0360160586541e-09,6.4934434023021,6.4934496583219,2.3613681419743,1.101497181565e-05,3.0932626870778e-06,-3.4102174855902e-14,0,360.31485510708,100000151.06786,-8.8274726998071e-14,-0.0073836493256583,0.0099503308517568,289.38269370641,-1.0094207615537e-07,766.76962927209,670.66246885183
40.016500000001,-0.33758204450911,-0.1125273321119,2.0417058243061e-24,0.0034227043794134,1.7336168826545,0,1.7326512484044e-20,2.9327295599355,1.9688543269595e-20,-3.0726028881517,-1.3785925236133e-20,1.3785986770147e-20,6.4543040506964,6.454297818213,-1.0234611697648e-09,-1.0234644686458e-09,1.3785928920182e-20,-1.3785908518859e-20,1.0234626339284e-09,1.0234628774886e-09,6.4543063276799,6.4543125601682,2.3472591554018,1.0416924709476e-05,2.9327295599349e-06,-3.4030956829088e-14,0,360.31485518814,100000151.14454,-8.8551838692094e-14,-0.0073736922651409,0.00993399408465,288.64044994633,-0.00014881045809691,764.77578879645,668.91721868083
40.116500000001,-0.15865720140728,-0.052885712886754,9.7442631511454e-25,0.0034238476802682,1.7335947543304,0,8.3901931209906e-21,1.4496468218169,1.8643982361625e-20,-2.9214373948951,-1.3054517694883e-20,1.3054581696445e-20,6.1367660836385,6.1367601535119,-9.6822429050594e-10,-9.6822715714403e-10,1.3054521285227e-20,-1.3054507469671e-20,9.6822567615632e-10,9.682256513453e-10,6.1367682570695,6.1367741872007,2.2330568284918,5.0776152759563e-06,1.4496468218168e-06,-3.3991298353328e-14,0,360.31485524512,100000151.19502,-8.8803193207522e-14,-0.0073101342502793,0.0098349776641943,284.48058749489,-5.048434243233e-06,753.6030004888,659.13675965682
40.216500000001,-0.074134684565719,-0.024711551056662,4.6179356097095e-25,0.0034244250910427,1.7335727164955,0,4.0349355526752e-21,0.7427074919121,1.6931245101934e-20,-2.6644196597692,-1.185525963127e-20,1.1855317171852e-20,5.5968750823868,5.5968696645444,-8.7824908243672e-10,-8.7825171326537e-10,1.1855262980395e-20,-1.1855249663415e-20,8.7825033955732e-10,8.782503471568e-10,5.5968770904149,5.5968825082617,2.037156067866,2.5669631447066e-06,7.4270749191207e-07,-3.4058949285346e-14,0,360.31485527379,100000151.22052,-8.9054991804002e-14,-0.0072464348032781,0.0097359514385159,280.34115891811,-2.0419888205367e-06,742.48962849868,649.40866406468
40.316500000001,-0.03409193823394,-0.011363974248903,2.1687173055468e-25,0.0034247221963626,1.7335507199674,0,1.9232514223961e-21,0.38253962655448,1.505293039774e-20,-2.3788893405328,-1.0540063784993e-20,1.0540114698066e-20,4.9970906033747,4.9970857539739,-7.8005894342695e-10,-7.8006129388752e-10,1.0540066824248e-20,-1.0540054611554e-20,7.8006006010856e-10,7.800600804006e-10,4.9970924167577,4.9970972661628,1.8191155871879,1.3047038253828e-06,3.8253962655447e-07,-3.419110095682e-14,0,360.31485528854,100000151.23364,-8.9324998053916e-14,-0.0071826804787834,0.0096369154056732,276.21195910846,-6.186822829303e-07,731.4080786282,639.70865724553
40.416500000001,-0.015357985350009,-0.0051193259627285,1.0080512260321e-25,0.0034248746899258,1.7335287411808,0,9.0750421982008e-22,0.19533166529156,1.3233598969503e-20,-2.0987492771818,-9.2661678299191e-21,9.2662124874618e-21,4.4086288905063,4.408624601758,-6.8529344050494e-10,-6.8529551166987e-10,9.2661705406275e-21,-9.2661596217039e-21,6.852944215773e-10,6.8529444555139e-10,4.4086305049682,4.4086347937204,1.6050320903603,6.5729253087912e-07,1.9533166529156e-07,-3.4405120087757e-14,0,360.31485529611,100000151.24037,-8.9600333372009e-14,-0.0071189127388773,0.0095378695637234,272.08809832747,9.787281865531e-08,720.34520229284,630.02522758177
40.516500000001,-0.0067661537772854,-0.0022553834258235,4.633797310028e-26,0.0034249519977533,1.7335067680678,0,4.2357585301766e-22,0.098223788286165,1.1564149690337e-20,-1.8387561301892,-8.0972192795112e-21,8.0972582614457e-21,3.8624877569037,3.8624839921248,-5.9855500497122e-10,-5.9855681682174e-10,8.0972216711511e-21,-8.0972120406925e-21,5.9855586189142e-10,5.9855588561919e-10,3.8624891809354,3.8624929457178,1.4062712680274,3.2599916569823e-07,9.8223788286165e-08,-3.4269902429389e-14,0,360.31485529995,100000151.24379,-8.986589872615e-14,-0.0070551528076241,0.0094388139107227,267.96707482096,4.6311938214394e-07,709.29427445007,620.35248737434
40.6165,-0.0029146461952569,-0.00097154819933425,2.105249177012e-26,0.0034249905280799,1.7334847942962,0,1.9544564287566e-22,0.048492447289393,1.00724550066e-20,-1.6043927018369,-7.0527344771919e-21,7.0527684139473e-21,3.370184365893,3.3701810764078,-5.211849548681e-10,-5.2118653379472e-10,7.0527365732292e-21,-7.0527281418728e-21,5.2118570103225e-10,5.2118572294976e-10,3.3701856142817,3.37018890377,1.2270675084046,1.5868150528665e-07,4.8492447289393e-08,-3.4449106698701e-14,0,360.31485530187,100000151.24549,-9.0123026384567e-14,-0.0069914118149315,0.0093397484447276,263.84757656652,6.4562190380055e-07,698.25176929911,610.68734979968
40.7165,-0.0012281699159417,-0.00040938973535909,9.4484760902755e-27,0.0034250093685777,1.7334628165464,0,8.9108075096268e-23,0.023474585030591,8.7578369684474e-21,-1.396559535795,-6.1322387472042e-21,6.132268248206e-21,2.9336103969021,2.9336075309355,-4.5307571139712e-10,-4.5307708455834e-10,6.1322405766818e-21,-6.1322332250177e-21,4.5307636005621e-10,4.5307637967089e-10,2.9336114869741,2.9336143529434,1.0681313700248,7.5706172103668e-08,2.3474585030591e-08,-3.4369345178625e-14,0,360.31485530281,100000151.24632,-9.0376601328896e-14,-0.0069276955893334,0.0092406731637936,259.72891558231,7.3212206683558e-07,687.21583843229,601.02819651117
40.8165,-0.00050657449840739,-0.00016885806360378,4.1870740701406e-27,0.0034250184001425,1.7334408331022,0,4.0124270475219e-23,0.011138620127642,7.6076918282739e-21,-1.2139780677078,-5.3269069552278e-21,5.3269325795806e-21,2.5500800992968,2.5500776066271,-3.9352971410542e-10,-3.935309070497e-10,5.3269085481324e-21,-5.3269021520945e-21,3.9353027751588e-10,3.9353029480069e-10,2.5500810487402,2.5500835414122,0.92849656610411,3.5389305159332e-08,1.1138620127642e-08,-3.4144183867193e-14,0,360.31485530327,100000151.24672,-9.064527530615e-14,-0.006864007137989,0.0091415880659759,255.61073554965,7.6863637081573e-07,676.18552454493,591.37418925683
40.9165,-0.00020465476130922,-6.8218210397271e-05,1.8312813951451e-27,0.0034250226439771,1.7334188430952,0,1.7836310620464e-23,0.0051807928119835,6.6053347176376e-21,-1.0544464441709,-4.6250563592715e-21,4.6250786066773e-21,2.2149682634047,2.2149660975996,-3.4165743029571e-10,-3.4165846610472e-10,4.6250577441898e-21,-4.6250521862461e-21,3.4165791944235e-10,3.4165793455705e-10,2.2149690890828,2.21497125489,0.80648513223753,1.6209548368371e-08,5.1807928119835e-09,-3.4370044483939e-14,0,360.31485530348,100000151.24691,-9.0920610621436e-14,-0.0068003479770113,0.0090424931493284,251.4928551881,7.7958926511995e-07,665.16034040671,581.72490128862
41.0165,-8.102750553358e-05,-2.7009150580322e-05,7.9013047019382e-28,0.0034250245989432,1.7333968460974,0,7.8238096270889e-24,0.0023625461172315,5.7335676541763e-21,-0.91548463631338,-4.0146449319727e-21,4.0146642429529e-21,1.9230653448597,1.9230634641393,-2.9655472652135e-10,-2.9655562563914e-10,4.0146461350533e-21,-4.0146413085039e-21,2.9655515109542e-10,2.9655516426144e-10,1.9230660622405,1.9230679429626,0.70020338167245,7.2764175817736e-09,2.3625461172315e-09,-3.422638476709e-14,0,360.31485530358,100000151.24699,-9.1164415602766e-14,-0.0067367188476803,0.0089433884119056,247.37518405392,7.7776224047698e-07,654.14004262311,572.08011930724
41.1165,-3.1452628057313e-05,-1.0484202101133e-05,3.3615536163599e-28,0.0034250254820235,1.7333748419051,0,3.3849252318273e-24,0.0010565251578857,4.9761950662188e-21,-0.79465015093592,-3.4843325327307e-21,3.4843492927907e-21,1.6692406467771,1.6692390141356,-2.573762205085e-10,-2.5737700086201e-10,3.4843335773508e-21,-3.4843293873856e-21,2.5737658899132e-10,2.5737660043777e-10,1.6692412697283,1.6692429023714,0.60778477261616,3.2019185357606e-09,1.0565251578857e-09,-3.4306607775417e-14,0,360.31485530362,100000151.24703,-9.1406000138021e-14,-0.0066731200970402,0.0088442738517603,243.25767786046,7.6968992715166e-07,643.12451164476,562.43973842207
41.2165,-1.1973447556937e-05,-3.9911463151168e-06,1.4095123862371e-28,0.0034250258732507,1.733352830426,0,1.4437489883423e-24,0.00046341625315449,4.3185754045582e-21,-0.68967870521795,-3.023867147089e-21,3.0238816922588e-21,1.448737820739,1.4487364036958,-2.2336069187443e-10,-2.2336136910279e-10,3.0238680538787e-21,-3.0238644171912e-21,2.2336101165765e-10,2.2336102159961e-10,1.4487383615243,1.4487397785688,0.52749825954303,1.3814232756642e-09,4.6341625315449e-10,-3.4519933350617e-14,0,360.31485530364,100000151.24705,-9.1617386606989e-14,-0.0066095518760304,0.0087451494669449,239.14031525265,7.5864482826289e-07,632.11368942347,552.80370757663
41.3165,-4.4708402544582e-06,-1.4902789719127e-06,5.8219124756189e-29,0.0034250260432658,1.7333308116221,0,6.0677927785064e-25,0.00019938777242706,3.7477351079038e-21,-0.59853490317221,-2.6241646857014e-21,2.6241773082657e-21,1.2572813176298,1.2572800878247,-1.9383518241242e-10,-1.938357701231e-10,2.6241654727317e-21,-2.6241623165562e-21,1.9383545992431e-10,1.9383546855549e-10,1.2572817870069,1.2572830168132,0.45778745364566,5.8440223193688e-10,1.9938777242706e-10,-3.476212547497e-14,0,360.31485530365,100000151.24706,-9.1846536644349e-14,-0.0065460142402414,0.008646015255512,235.02308601272,7.4621825411259e-07,621.1075477678,543.17200184843
41.4165,-1.6375231018129e-06,-5.4584061121815e-07,2.3675522841376e-29,0.0034250261157428,1.7333087854813,0,2.5115393154406e-25,8.4152791293991e-05,3.2522953461101e-21,-0.51941889948474,-2.277257690085e-21,2.2772686439923e-21,1.091090385668,1.0910893184095,-1.682102279891e-10,-1.6821073800602e-10,2.2772583731191e-21,-2.2772556340959e-21,1.6821046881401e-10,1.6821047630554e-10,1.0910907930284,1.0910918602879,0.39727592644803,2.4242228131555e-10,8.4152791293991e-11,-3.4704644964666e-14,0,360.31485530365,100000151.24706,-9.206325218383e-14,-0.006482507199941,0.0085468712155128,230.90598521278,7.3316760960167e-07,610.10607266172,533.54460872258
41.5165,-5.8828832180709e-07,-1.9609594993503e-07,9.4738750144812e-30,0.003425026146051,1.7332867520034,0,1.0232487835451e-25,3.4837762037642e-05,2.8223281938407e-21,-0.45075318561086,-1.9761946254682e-21,1.9762041312286e-21,0.9468513132925,0.9468503871177,-1.4597190662572e-10,-1.4597234921615e-10,1.9761952182233e-21,-1.976192841274e-21,1.4597211561225e-10,1.4597212211392e-10,0.94685166681316,0.94685259298884,0.34475720715062,9.8600030845853e-11,3.4837762037642e-11,-3.4896107090558e-14,0,360.31485530365,100000151.24706,-9.2276859098842e-14,-0.0064190307443293,0.0084477173449982,226.78901038337,7.198513592813e-07,599.10925667467,523.92152144826
41.6165,-2.0726835716423e-07,-6.9089395003868e-08,3.7281529452002e-30,0.0034250261584821,1.7332647111937,0,4.1011286194205e-26,1.4144105793645e-05,2.4491948886473e-21,-0.39116169792577,-1.7149266291033e-21,1.7149348781328e-21,0.82167354377677,0.82167274004434,-1.266732131702e-10,-1.2667359724673e-10,1.7149271435009e-21,-1.7149250807869e-21,1.2667339452698e-10,1.266734001693e-10,0.82167385056581,0.82167465429901,0.2991788545079,3.9314774324213e-11,1.4144105793645e-11,-3.5109132058268e-14,0,360.31485530366,100000151.24706,-9.2502900511726e-14,-0.0063555848530303,0.0083485536420188,222.6721601736,7.0642662354645e-07,588.1170953718,514.30273589659
41.7165,-7.1600086814971e-08,-2.3866675096518e-08,1.4418741874795e-30,0.003425026163482,1.7332426630598,0,1.6159999742e-26,5.6304124827404e-06,2.1253887057891e-21,-0.33944712728943,-1.4881974912058e-21,1.4882046496391e-21,0.71304201173919,0.71304131426564,-1.0992580485667e-10,-1.0992613815471e-10,1.4881979375993e-21,-1.4881961475888e-21,1.0992596223636e-10,1.0992596713279e-10,0.71304227797064,0.71304297544485,0.25962512647728,1.5363937598912e-11,5.6304124827404e-12,-3.4644962589165e-14,0,360.31485530366,100000151.24706,-9.2704072928862e-14,-0.0062921695014228,0.0082493801046241,218.5554337312,6.9296525529916e-07,577.12958565355,504.68824910738
41.8165,-2.4243435285015e-08,-8.081137914245e-09,5.4770008129628e-31,0.0034250261654538,1.7332206076106,0,6.2562625447378e-27,2.196877283102e-06,1.8443910995904e-21,-0.29456907400582,-1.2914429251169e-21,1.2914491371346e-21,0.61877125548924,0.61877065022791,-9.5392499657577e-11,-9.5392788890271e-11,1.2914433124944e-21,-1.2914417591385e-21,9.5392636230074e-11,9.539264047918e-11,0.61877148652338,0.61877209178529,0.22530028348112,5.8826885317258e-12,2.196877283102e-12,-3.4559301057787e-14,0,360.31485530366,100000151.24706,-9.2921232557542e-14,-0.006228784663051,0.0081501967308634,214.4388304217,6.7949917315615e-07,566.14672500402,495.07805863122
41.9165,-8.0427251884478e-09,-2.6809059335929e-09,2.0419151183676e-31,0.0034250261662161,1.7331985448552,0,2.3780876037659e-27,8.3984707629582e-07,1.6005435516311e-21,-0.25562409643151,-1.1207008353897e-21,1.1207062261148e-21,0.53696350717063,0.53696298193082,-8.2780619634412e-11,-8.2780870627548e-11,1.1207011715525e-21,-1.1206998235653e-21,8.2780738150604e-11,8.2780741837947e-11,0.53696370766013,0.53696423290044,0.19551333383692,2.2059730469939e-12,8.3984707629582e-13,-3.4731882232762e-14,0,360.31485530366,100000151.24706,-9.3144609435171e-14,-0.0061654303106978,0.0080510035187852,210.32234970405,6.6604145799606e-07,555.16851115804,485.47216223812
42.0165,-2.6129811171862e-09,-8.7099287888617e-10,7.4660651540121e-32,0.0034250261665042,1.733176474803,0,8.8688249951315e-28,3.1442623136996e-07,1.3889349218253e-21,-0.22182794853934,-9.7253244099816e-22,9.7253711901311e-22,0.46597138101981,0.46597092522211,-7.1836151659252e-11,-7.1836369468463e-11,9.7253273271704e-22,-9.7253156294744e-22,7.1836254506359e-11,7.18362577062e-11,0.46597155500269,0.46597201080083,0.16966445052857,8.0977940270547e-13,3.1442623136996e-13,-3.5011414966427e-14,0,360.31485530366,100000151.24706,-9.3351555012036e-14,-0.0061021064168491,0.0079518004664374,206.20599107661,6.5259515659955e-07,544.19494195681,475.87055779116
42.1165,-8.309147473352e-10,-2.7697131074835e-10,2.6752571229146e-32,0.0034250261666112,1.7331543974634,0,3.2426257091365e-28,1.1521912009015e-07,1.2053030764884e-21,-0.19249996771243,-8.4395339529623e-22,8.4395745482833e-22,0.40436507839459,0.40436468285811,-6.2338653776694e-11,-6.2338842789228e-11,8.4395364844691e-22,-8.4395263333303e-22,6.2338743026327e-11,6.2338745803117e-11,0.40436522937516,0.40436562491201,0.14723303126904,2.9082632382422e-13,1.1521912009015e-13,-3.4801409398825e-14,0,360.31485530366,100000151.24706,-9.3556724232054e-14,-0.0060388129538934,0.0078525875718679,202.08975405409,6.391667862176e-07,533.22601528625,466.27324319251
42.2165,-2.5846087047316e-10,-8.6153536166154e-11,9.386387714423e-33,0.0034250261666501,1.7331323128459,0,1.1613595947284e-28,4.1299853387631e-08,1.045949262625e-21,-0.16704944103484,-7.3237383088054e-22,7.3237735369959e-22,0.35090374882937,0.35090340558699,-5.409682408403e-11,-5.4096988107108e-11,7.3237405056206e-22,-7.3237316965691e-22,5.4096901533917e-11,5.4096903943587e-11,0.35090387984875,0.35090422309145,0.12776727123091,1.0212372861875e-13,4.1299853387631e-14,-3.4880032064983e-14,0,360.31485530366,100000151.24706,-9.3772107503905e-14,-0.005975549894205,0.0077533648331231,197.97363815816,6.2575536461572e-07,522.26172905189,456.6802163615
42.3165,-7.8586836780119e-11,-2.6195584824432e-11,3.2218664934767e-33,0.0034250261666639,1.73311022096,0,4.0709915302438e-29,1.4470686964668e-08,9.076636953326e-22,-0.14496373791175,-6.3554625588018e-22,6.3554931294526e-22,0.30451056143876,0.30451026357665,-4.6944651010624e-11,-4.6944793348114e-11,6.355464465175e-22,-6.3554568207732e-22,4.6944718220815e-11,4.6944720311901e-11,0.30451067513599,0.30451097299838,0.11087508649685,3.5037893626283e-14,1.4470686964668e-14,-3.4855980894723e-14,0,360.31485530366,100000151.24706,-9.3977720813135e-14,-0.0059123172101753,0.0076541322482497,193.85764291346,6.1236005812093e-07,511.30208116817,447.0914752252
42.4165,-2.3339251499265e-11,-7.7797420798262e-12,1.0808986300121e-33,0.0034250261666688,1.7330881218152,0,1.3953964357755e-29,4.9523565311895e-09,7.8766093958604e-22,-0.12579799670811,-5.5152030827182e-22,5.5152296116051e-22,0.26425104068977,0.26425078220819,-4.0738070794741e-11,-4.0738194313707e-11,5.5152047370487e-22,-5.5151981033177e-22,4.0738129119033e-11,4.0738130933656e-11,0.26425113935503,0.26425139783686,0.096216225989824,1.1736169360911e-14,4.9523565311895e-15,-3.4997752528475e-14,0,360.31485530366,100000151.24706,-9.4175784605797e-14,-0.0058491148742283,0.0075548898152927,189.74176784606,5.9898273233461e-07,500.34706955436,437.50701771491
42.5165,-6.7645279469163e-12,-2.2548401267842e-12,3.540758439737e-34,0.0034250261666707,1.7330660154208,0,4.672325044996e-30,1.654048023374e-09,6.8352381774559e-22,-0.10916616886014,-4.7860347990889e-22,4.7860578205759e-22,0.22931425367878,0.2293140293712,-3.5352066179713e-11,-3.5352173368163e-11,4.7860362346994e-22,-4.7860304780178e-22,3.5352116792916e-11,3.5352118367626e-11,0.22931433929945,0.22931456360724,0.083495421617839,3.8345614080423e-15,1.654048023374e-15,-3.4787240795123e-14,0,360.31485530366,100000151.24706,-9.4390279699229e-14,-0.0057859428588244,0.0074556375322979,185.62601248284,5.856196134888e-07,489.39669213295,427.9268417647
42.6165,-1.9116016356435e-12,-6.3719980842754e-13,1.1313003571054e-34,0.0034250261666711,1.7330439017863,0,1.5266941826016e-30,5.3863386292438e-10,5.9315472622909e-22,-0.094733244648618,-4.1532702844791e-22,4.1532902622816e-22,0.19899647960531,0.19899628495357,-3.0678148424334e-11,-3.0678241441335e-11,4.1532715302867e-22,-4.1532665346994e-22,3.0678192345936e-11,3.0678193712452e-11,0.19899655390602,0.19899674855795,0.072456442191299,1.2209382256559e-15,5.3863386292438e-16,-3.4981362907346e-14,0,360.31485530366,100000151.24706,-9.4599001632925e-14,-0.0057228011364615,0.0073563753973098,181.51037635132,5.722775394839e-07,478.45094682907,418.35094531095
42.7165,-5.2616898472169e-13,-1.7538945188109e-13,3.5215545157658e-35,0.0034250261666711,1.7330217809211,0,4.8626047414075e-31,1.708469164421e-10,5.1473338599794e-22,-0.08220850587728,-3.604163942325e-22,3.6041812788503e-22,0.17268703636058,0.17268686744386,-2.662217211656e-11,-2.6622252835727e-11,3.6041650234236e-22,-3.6041606883059e-22,2.662221023126e-11,2.6622211417108e-11,0.17268710083795,0.17268726975483,0.062876932758424,3.7845136116954e-16,1.708469164421e-16,-3.4850563498381e-14,0,360.31485530366,100000151.24706,-9.481394081556e-14,-0.0056596896796784,0.0072571034083718,177.39485897946,5.5895122998756e-07,467.50983157012,408.77932629195
42.8165,-1.4090949272732e-13,-4.69697728269e-14,1.0666834504725e-35,0.0034250261666711,1.7329996528347,0,1.5078705297548e-31,5.2723931969102e-11,4.4668017788286e-22,-0.07133967026642,-3.1276552768294e-22,3.1276703212823e-22,0.14985598025148,0.14985583366734,-2.310243885437e-11,-2.3102508901608e-11,3.1276562149953e-22,-3.1276524530261e-22,2.3102471929903e-11,2.310247295897e-11,0.14985603620425,0.14985618278853,0.054563935963679,1.1407076208618e-16,5.2723931969102e-17,-3.492886237464e-14,0,360.31485530366,100000151.24706,-9.5035541336348e-14,-0.0055966084610544,0.0071578215635276,173.27945989575,5.4564248194646e-07,456.57334428586,399.21198264809
42.9165,-3.6670731121334e-14,-1.2223561401092e-14,3.1398796634806e-36,0.0034250261666711,1.7329775175363,0,4.5465312486372e-32,1.5811488157817e-11,3.8762432500163e-22,-0.06190780988948,-2.7141461062029e-22,2.7141591616197e-22,0.13004343167783,0.13004330447367,-2.0048051626491e-11,-2.0048112412742e-11,2.7141469203333e-22,-2.7141436557364e-22,2.0048080329087e-11,2.0048081222101e-11,0.13004348023306,0.13004360743734,0.047350005429635,3.3392821522953e-17,1.5811488157817e-17,-3.4951533366234e-14,0,360.31485530366,100000151.24706,-9.5258918213968e-14,-0.0055335574532074,0.0070585298608202,169.1641786291,5.3234824596493e-07,445.64148290827,389.64891232162
43.0165,-9.261795812439e-15,-3.0872611823239e-15,8.9692584949808e-37,0.0034250261666711,1.7329553750355,0,1.331126054915e-32,4.6018665303584e-12,3.3637628166616e-22,-0.053722941399161,-2.3553072297498e-22,2.3553185591022e-22,0.11285031196946,0.11285020158304,-1.7397486756585e-11,-1.7397539506249e-11,2.3553079362436e-22,-2.3553051032609e-22,1.7397511664394e-11,1.7397512439342e-11,0.11285035410517,0.1128504644917,0.041089832954647,9.481279354448e-18,4.6018665303584e-18,-3.500032946334e-14,0,360.31485530366,100000151.24706,-9.5476077842655e-14,-0.0054705366287953,0.0069592282982916,165.04901470893,5.1907403959699e-07,434.71424537156,380.09011325674
43.1165,-2.2669940054298e-15,-7.5566363219272e-16,2.4826177829762e-37,0.0034250261666711,1.7329332253415,0,3.7786591789547e-33,1.2980003962532e-12,2.9190377272209e-22,-0.046620199255797,-2.0439106552879e-22,2.0439204867798e-22,0.097930304876741,0.097930209084572,-1.5097354649885e-11,-1.5097400425485e-11,2.0439112683757e-22,-2.0439088099433e-22,1.5097376264618e-11,1.5097376937109e-11,0.097930341441665,0.097930437233925,0.03565732161797,2.6072735845789e-18,1.2980003962532e-18,-3.4908607258376e-14,0,360.31485530366,100000151.24706,-9.5705671969214e-14,-0.0054075459605151,0.0068599168739828,160.93396766507,5.0581567932409e-07,423.79162961215,370.53558339956
43.2165,-5.3692704692071e-16,-1.7897542802421e-16,6.6476142796282e-38,0.0034250261666711,1.7329110684638,0,1.0383472252618e-33,3.5426265310207e-13,2.5331100072559e-22,-0.040456514889821,-1.7736840077692e-22,1.7736925394337e-22,0.084982880825372,0.084982797697944,-1.3101324381685e-11,-1.3101364105266e-11,1.7736845398003e-22,-1.7736824063987e-22,1.3101343138722e-11,1.3101343722302e-11,0.084982912556026,0.084982995683534,0.030943045847003,6.9331213062657e-19,3.5426265310207e-19,-3.4866479687882e-14,0,360.31485530366,100000151.24706,-9.5919722973431e-14,-0.0053445854211039,0.0067605955859356,156.81903702782,4.9257369617675e-07,412.87363356867,360.98532069808
43.3165,-1.2284633863537e-16,-4.0948719237845e-17,1.7189410838482e-38,0.0034250261666711,1.7328889044116,0,2.7573095311071e-34,9.3402379698396e-14,2.1982060214632e-22,-0.035107734912229,-1.5391841865861e-22,1.5391915902742e-22,0.073747243434589,0.073747171297487,-1.1369190466449e-11,-1.1369224938151e-11,1.539184648277e-22,-1.5391827969338e-22,1.1369206743606e-11,1.1369207250031e-11,0.073747270970114,0.073747343107285,0.026852047289097,1.779717763481e-19,9.3402379698396e-20,-3.4810575591015e-14,0,360.31485530366,100000151.24706,-9.6128000817919e-14,-0.005281654983338,0.0066612644321901,152.70422232793,4.7934990357143e-07,401.96025518197,351.43932310223
43.4165,-2.7101908617577e-17,-9.0339557395711e-18,4.2841989500982e-39,0.0034250261666711,1.7328667331943,0,7.0624765089795e-35,2.3745495387707e-14,1.9075798914989e-22,-0.030466120327553,-1.3356877267083e-22,1.3356941515504e-22,0.063997076368517,0.063997013768704,-9.866063009864e-12,-9.866092924042e-12,1.3356881273589e-22,-1.3356865207828e-22,9.8660771350086e-12,9.8660775744791e-12,0.063997100263554,0.063997162863426,0.023301922091984,4.4019626270948e-20,2.3745495387707e-20,-3.4530544568091e-14,0,360.31485530366,100000151.24706,-9.6342940000555e-14,-0.0052187546200332,0.0065619234107872,148.5895230966,4.661407087492e-07,391.0514923951,341.89758856383
43.5165,-5.7539597416437e-18,-1.9179835398777e-18,1.0270618609445e-39,0.0034250261666711,1.7328445548212,0,1.7413242825223e-35,5.8094338264236e-15,1.6553776156198e-22,-0.026438176377181,-1.1590956552355e-22,1.1591012306454e-22,0.05553598470904,0.055535930385586,-8.5616649313648e-12,-8.5616908905715e-12,1.1590960029158e-22,-1.1590946087461e-22,8.5616771890157e-12,8.5616775703835e-12,0.0555360054449,0.055536059768406,0.020221161065856,1.0469733531123e-20,5.8094338264236e-21,-3.5019561337205e-14,0,360.31485530366,100000151.24706,-9.6535674722696e-14,-0.0051558843040442,0.0064625725197647,144.47493886549,4.5295123505043e-07,380.14734315331,332.36011503658
43.6165,-1.1730698998982e-18,-3.9102265615303e-19,2.3630310828583e-40,0.0034250261666711,1.7328223693016,0,4.1238246929858e-36,1.3648235648059e-15,1.4365191531464e-22,-0.022942769300322,-1.0058509269205e-22,1.005855765202e-22,0.048193539027353,0.048193491886035,-7.4297221012754e-12,-7.4297446283998e-12,1.0058512286337e-22,-1.0058500187881e-22,7.4297327383349e-12,7.4297330692818e-12,0.048193557021712,0.048193604163075,0.017547709293558,2.389245994247e-21,1.3648235648059e-21,-3.4747641481388e-14,0,360.31485530366,100000151.24706,-9.6755054797432e-14,-0.0050930440082653,0.0063632117571623,140.36046916668,4.3977705608119e-07,369.24780540405,322.8269004761
43.7165,-2.2911074746434e-19,-7.6370118466454e-20,5.2051006262287e-41,0.0034250261666711,1.7328001766448,0,9.3579469142568e-37,3.0717347624131e-16,1.246596098609e-22,-0.019909492079117,-8.7286677559079e-23,8.7287097420029e-23,0.041821842471137,0.041821801562401,-6.4474341082838e-12,-6.4474536570837e-12,8.7286703741437e-23,-8.7286598752312e-23,6.4474433390114e-12,6.4474436262036e-12,0.041821858086452,0.041821898995226,0.015227716175564,5.2188610934673e-22,3.0717347624131e-22,-3.4961830015942e-14,0,360.31485530366,100000151.24706,-9.696111219587e-14,-0.0050302337056299,0.0062638411210173,136.24611353274,4.2662027994193e-07,358.35287709697,313.29794283989
43.8165,-4.2757199646825e-20,-1.4252374513265e-20,1.094761687634e-41,0.0034250261666711,1.7327779768601,0,2.0294930690412e-37,6.6059172883696e-17,1.0817828844561e-22,-0.017277246249556,-7.57464538272e-23,7.5746818178083e-23,0.036292551719182,0.036292516219014,-5.5950149970651e-12,-5.5950319613065e-12,7.5746476547972e-23,-7.5746385439522e-23,5.5950230073926e-12,5.595023256615e-12,0.036292565269986,0.036292600770187,0.013214450732248,1.0882666299562e-22,6.6059172883696e-23,-3.478683508123e-14,0,360.31485530366,100000151.24706,-9.7178715913761e-14,-0.0049674533691103,0.0061644606093677,132.13187149665,4.1347973406872e-07,347.46255618389,303.77324008734
43.9165,-7.6029916449415e-21,-2.5343258520069e-21,2.1921757476078e-42,0.0034250261666711,1.7327557699567,0,4.1945055230976e-38,1.3536114425272e-17,9.3875972370526e-23,-0.014993011212019,-6.5731969961999e-23,6.5732286141835e-23,0.031494291797366,0.031494260990697,-4.8552947252556e-12,-4.8553094466445e-12,6.5731989678845e-23,-6.5731910615897e-23,4.8553016765329e-12,4.8553018928055e-12,0.031494303556611,0.031494334363309,0.011467360314689,2.160150408385e-23,1.3536114425272e-23,-3.4760729838677e-14,0,360.31485530366,100000151.24706,-9.7387881936671e-14,-0.004904702971718,0.0060650702202504,128.01774259187,4.0035503812674e-07,336.57684061883,294.25279017971
44.0165,-1.2841572602042e-21,-4.2805159351262e-22,4.1658864523186e-43,0.0034250261666711,1.7327335559439,0,8.2356641018652e-39,2.6345918183897e-18,8.1464574039202e-23,-0.013010776252003,-5.7041506985158e-23,5.7041781362669e-23,0.027330412683366,0.027330385949665,-4.2133733120395e-12,-4.2133860871048e-12,5.7041524095228e-23,-5.704145548524e-23,4.2133793442843e-12,4.2133795319633e-12,0.027330422887914,0.027330449621641,0.009951253763881,4.0685665429793e-24,2.6345918183897e-24,-3.5138797391828e-14,0,360.31485530366,100000151.24706,-9.7605485654562e-14,-0.0048419824865028,0.0059656699517018,123.90372635228,3.8724817161435e-07,325.69572835801,284.73659108016
44.1165,-2.0531414542913e-22,-6.8437910631529e-23,7.4866323534775e-44,0.0034250261666711,1.732711334831,0,1.5308835224922e-39,4.853998306061e-19,7.0694094088257e-23,-0.011290613759028,-4.9500015304865e-23,4.9500253406761e-23,0.023717042511989,0.023717019312766,-3.6563207119568e-12,-3.6563317980231e-12,4.9500030152801e-23,-4.9499970613781e-23,3.6563259466749e-12,3.6563261095408e-12,0.023717051367387,0.023717074566632,0.0086355925649521,7.2457943704108e-25,4.853998306061e-25,-3.4801827888651e-14,0,360.31485530366,100000151.24706,-9.7816872123519e-14,-0.0047792918865542,0.0058662598017575,119.78982231221,3.7415886963058e-07,314.81921735979,275.22464075371
44.2165,-3.0955480136873e-23,-1.0318471677049e-23,1.2674288279754e-44,0.0034250261666711,1.7326891066271,0,2.6838347151316e-40,8.433423542934e-20,6.1347585719339e-23,-0.0097978749758244,-4.2955588740307e-23,4.295579536261e-23,0.020581398167391,0.020581378035352,-3.1729163685743e-12,-3.1729259889452e-12,4.295560162519e-23,-4.2955549957858e-23,3.1729209112072e-12,3.1729210525405e-12,0.020581405852012,0.02058142598407,0.0074938757183068,1.2154454405867e-25,8.433423542934e-26,-3.4558102554117e-14,0,360.31485530366,100000151.24706,-9.802070907591e-14,-0.0047166311449999,0.0057668397684528,115.67603000644,3.6108573612503e-07,303.94730558473,265.71693716726
44.3165,-4.382736015681e-24,-1.4609087930205e-24,2.0125506072458e-45,0.0034250261666711,1.7326668713415,0,4.4188037916617e-41,1.3759330294315e-20,5.3236784799775e-23,-0.0085024920779994,-3.7276404717497e-23,3.7276584022141e-23,0.017860319232913,0.017860301762542,-2.7534232019212e-12,-2.753431550377e-12,3.7276415898861e-23,-3.7276371062498e-23,2.7534271439699e-12,2.7534272666174e-12,0.017860325901546,0.017860343371933,0.0065031059373213,1.9121586899762e-26,1.3759330294315e-26,-3.4927330682284e-14,0,360.31485530366,100000151.24706,-9.8244085953525e-14,-0.0046540002350061,0.0056674098498223,111.5623489702,3.4802644723093e-07,293.07999099555,256.21347828958
44.4165,-5.7997136849265e-25,-1.9332334454496e-25,2.9831435891165e-46,0.0034250261666711,1.7326446289834,0,6.8006156370991e-42,2.0981867996095e-21,4.619831771023e-23,-0.0073783725261671,-3.2348069003621e-23,3.2348224602291e-23,0.015498995768274,0.015498980607672,-2.3893914771805e-12,-2.389398721882e-12,3.234807870669e-23,-3.234803979817e-23,2.3893948980486e-12,2.3893950044808e-12,0.015499001555243,0.01549901671586,0.0056433264203612,2.8078545795411e-27,2.0981867996095e-27,-3.4909413463782e-14,0,360.31485530366,100000151.24706,-9.8459025136161e-14,-0.0045913991297781,0.0055679700439,107.44877873914,3.3498731845398e-07,282.21727155715,246.7142620913
44.5165,-7.1358707734602e-26,-2.3786178526157e-26,4.1056384073785e-47,0.0034250261666711,1.732622379562,0,9.7321202456388e-43,2.9748850011832e-22,4.0090410555079e-23,-0.0064028734911455,-2.8071311495656e-23,2.8071446522534e-23,0.013449864288109,0.013449851131899,-2.0734886040181e-12,-2.0734948908933e-12,2.8071319915877e-23,-2.8071286151476e-23,2.0734915726112e-12,2.073491664972e-12,0.013449869309979,0.013449882466202,0.0048972188664459,3.8279584330322e-28,2.9748850011832e-28,-3.4907266553596e-14,0,360.31485530366,100000151.24706,-9.8681513835364e-14,-0.0045288278025597,0.0054685203487193,103.33531884936,3.219617147901e-07,271.35914523657,237.21928654491
44.6165,-8.1154976568831e-27,-2.7051590344254e-27,5.2150597932166e-48,0.0034250261666711,1.7326001230864,0,1.2874400094333e-43,3.8987372494407e-23,3.4790033450046e-23,-0.005556345765712,-2.4359986650145e-23,2.4360103825038e-23,0.011671649703837,0.011671638287018,-1.7993514382442e-12,-1.7993568939279e-12,2.4359993957123e-23,-2.4359964656733e-23,1.7993540143578e-12,1.7993540945075e-12,0.011671654061763,0.011671665478593,0.0042497546375031,4.8161353281727e-29,3.8987372494407e-29,-3.5305944177637e-14,0,360.31485530366,100000151.24706,-9.8899561642467e-14,-0.0044662862266329,0.0053690607623129,99.221968837414,3.0895425303864e-07,260.50561000304,227.72854962476
44.7165,-8.4749266260462e-28,-2.8249680189691e-28,6.0725764491306e-49,0.0034250261666711,1.7325778595658,0,1.5639690805338e-44,4.6917013402071e-24,3.0190422365281e-23,-0.0048217379760571,-2.1139338277339e-23,2.113943996047e-23,0.010128533930972,0.010128524023577,-1.5614581107594e-12,-1.5614628451439e-12,2.1139344618258e-23,-2.113931919169e-23,1.5614603462835e-12,1.5614604158366e-12,0.010128537712734,0.010128547620138,0.0036878920406689,5.5543809101017e-30,4.6917013402071e-30,-3.5055637968969e-14,0,360.31485530366,100000151.24706,-9.912604714456e-14,-0.0044037743753178,0.0052695912827133,95.108728240281,2.9596493261822e-07,249.65666382792,218.24204930707
44.8165,-8.0659142595595e-29,-2.6886305444157e-29,6.4327539160429e-50,0.0034250261666711,1.7325555890094,0,1.7316180493488e-45,5.1455713950815e-25,2.6198928607033e-23,-0.0041842531206788,-1.8344493747952e-23,1.8344581987495e-23,0.0087894344153532,0.0087894258178207,-1.3550168020737e-12,-1.3550209105224e-12,1.8344499250534e-23,-1.8344477185628e-23,1.3550187420379e-12,1.3550188023953e-12,0.0087894376971259,0.0087894462946666,0.0032003136330759,5.8271534182494e-31,5.1455713950815e-31,-3.5141027269108e-14,0,360.31485530366,100000151.24706,-9.9334769078256e-14,-0.0043412922219735,0.0051701119079517,90.995596595377,2.8298864525633e-07,238.81230468473,208.75978356989
44.9165,-6.9368416797514e-30,-2.3122737139976e-30,6.1453539624666e-51,0.0034250261666711,1.7325333114263,0,1.7325659118863e-46,5.0994974606929e-26,2.2735152620645e-23,-0.0036310505184745,-1.591915728173e-23,1.591923385507e-23,0.0076273780458551,0.0076273705850074,-1.1758692220114e-12,-1.1758727872797e-12,1.5919162056812e-23,-1.591914290912e-23,1.1758709054918e-12,1.1758709578693e-12,0.0076273808937427,0.0076273883545974,0.0027771982577326,5.5128935320562e-32,5.0994974606929e-32,-3.4805936899633e-14,0,360.31485530366,100000151.24706,-9.9551928706939e-14,-0.004278839739996,0.0050706226360603,86.882573440562,2.700303193274e-07,227.97253054914,199.28175039312
45.0165,-5.3384681193866e-31,-1.7794838005859e-31,5.2419219780651e-52,0.0034250261666711,1.7325110268257,0,1.5512969007639e-47,4.5223881446867e-27,1.9729324524564e-23,-0.0031509871624533,-1.3814475997122e-23,1.3814542446656e-23,0.0066189578424716,0.0066189513680271,-1.0204068504226e-12,-1.0204099443246e-12,1.3814480140888e-23,-1.3814463524724e-23,1.020408311329e-12,1.0204083567817e-12,0.0066189603138383,0.006618966788289,0.0024100232186744,4.6566673598263e-33,4.5223881446867e-33,-3.4833640777468e-14,0,360.31485530366,100000151.24706,-9.9764647443523e-14,-0.004216416902821,0.0049711234650688,82.769658314132,2.5708902190749e-07,217.13733939895,189.80794775852
45.1165,-3.6351965555842e-32,-1.2117281620504e-32,3.9467190383743e-53,0.0034250261666711,1.7324887352166,0,1.2290659478144e-48,3.5486621484913e-28,1.7120898754913e-23,-0.0027343932692286,-1.1988055881205e-23,1.1988113545406e-23,0.0057438614759923,0.005743855857538,-8.8549825175991e-13,-8.8550093661529e-13,1.1988059477121e-23,-1.198804505779e-23,8.8549951951899e-13,8.8549955896231e-13,0.0057438636206182,0.0057438692390778,0.0020913926106563,3.4717922404243e-34,3.5486621484913e-34,-3.5034413214168e-14,0,360.31485530366,100000151.24706,-9.9986692053514e-14,-0.0041540236839224,0.0048716143930064,78.656850754812,2.4416191904822e-07,206.30672921412,180.33837364967
45.2165,-2.1618253404635e-33,-7.20605903462e-34,2.5881645028063e-54,0.0034250261666711,1.7324664366081,0,8.504598831846e-50,2.4318843940626e-29,1.4857334512949e-23,-0.002372877503246,-1.0403107858802e-23,1.0403157899185e-23,0.0049844621223738,0.0049844572467387,-7.6842599943847e-13,-7.6842832932751e-13,1.04031109793e-23,-1.0403098466358e-23,7.6842709958636e-13,7.6842713381486e-13,0.0049844639834574,0.0049844688590971,0.0018148883454798,2.2543688739375e-35,2.4318843940626e-35,-3.5101229343027e-14,0,360.31485530366,100000151.24706,-1.001998548793e-13,-0.0040916600568101,0.0047720954179035,74.544150301771,2.3125386047723e-07,195.48069797674,170.87302605201
45.3165,-1.1057529763559e-34,-3.685829384522e-35,1.4554068959337e-55,0.0034250261666711,1.7324441310095,0,5.0616564050542e-51,1.4333953642125e-30,1.2893037450287e-23,-0.0020591579524329,-9.0277067603222e-24,9.027750184836e-24,0.0043254634104989,0.0043254591794744,-6.6683193946396e-13,-6.6683396131698e-13,9.0277094682571e-24,-9.0276986096581e-24,6.6683289416064e-13,6.6683292386376e-13,0.0043254650255275,0.004325469256556,0.0015749408742172,1.255212997513e-36,1.4333953642125e-36,-3.5062233191456e-14,0,360.31485530366,100000151.24706,-1.0044055123611e-13,-0.0040293259950338,0.0046725665377884,70.431556494602,2.183592453555e-07,184.65924367102,161.41190295278
45.4165,-4.7776229466085e-36,-1.5925345715791e-36,6.8900869082789e-57,0.0034250261666711,1.7324218184296,0,2.5448476748117e-52,7.1368290475598e-32,1.1188441274552e-23,-0.0017869154506574,-7.8341482618972e-24,7.8341859452301e-24,0.0037535913116047,0.0037535876399664,-5.7866969078897e-13,-5.786714453316e-13,7.8341506118145e-24,-7.8341411888373e-24,5.7867051926463e-13,5.7867054504069e-13,0.0037535927131094,0.0037535963847511,0.0013667170013284,5.8836013987714e-38,7.1368290475598e-38,-3.4911612072937e-14,0,360.31485530366,100000151.24706,-1.0066570447057e-13,-0.00396702147218,0.0045730277506893,66.319068873339,2.0548390052907e-07,173.84236428332,151.9550023411
45.5165,-1.706702793357e-37,-5.6889847220996e-38,2.6865674002188e-58,0.0034250261666711,1.7323994988776,0,1.0578794316861e-53,2.9378989221554e-33,9.7092107764968e-24,-0.0015506662925132,-6.7983908448525e-24,6.7984235460495e-24,0.0032573267641926,0.0032573235779839,-5.0216342562562e-13,-5.0216494819912e-13,6.7983928840858e-24,-6.798384706926e-24,5.0216414456802e-13,5.0216416693622e-13,0.0032573279804036,0.0032573311666153,0.0011860225309401,2.2713736125114e-39,2.9378989221554e-39,-3.4862047079813e-14,0,360.31485530366,100000151.24706,-1.0089973948922e-13,-0.0039047464618736,0.0044734790546336,62.206686978439,1.9262248575674e-07,163.0300578021,142.50232220786
45.616499999999,-4.9121329173291e-39,-1.6373700077506e-39,8.4032582539923e-60,0.0034250261666711,1.7323771723626,0,3.5431444555166e-55,9.7439393233275e-35,8.4255502253788e-24,-0.0013456517765583,-5.8995715340446e-24,5.8995999117969e-24,0.0028266736487595,0.0028266708838014,-4.3577209943768e-13,-4.3577342071083e-13,5.8995733036697e-24,-5.8995662076171e-24,4.3577272332828e-13,4.3577274273916e-13,0.0028266747041745,0.0028266774691353,0.0010292177843184,7.0339367404521e-41,9.7439393233275e-41,-3.4830637862502e-14,0,360.31485530366,100000151.24706,-1.0110979369055e-13,-0.0038425009377769,0.0043739204476486,58.094410350799,1.797776487795e-07,152.22232221797,133.05386054583
45.716499999999,-1.1037357514464e-40,-3.6791005904763e-41,2.0417907971105e-61,0.0034250261666711,1.7323548388936,0,9.2647955217627e-57,2.5229872708789e-36,7.3116032017996e-24,-0.0011677423521084,-5.1195856607249e-24,5.1196102866375e-24,0.0024529574387272,0.0024529550393258,-3.7815841010671e-13,-3.7815955669355e-13,5.1195871963867e-24,-5.1195810385075e-24,3.7815895151236e-13,3.7815896835691e-13,0.0024529583546051,0.0024529607540088,0.00089314428682705,1.6920381293742e-42,2.5229872708789e-42,-3.488430946021e-14,0,360.31485530366,100000151.24706,-1.0133805554948e-13,-0.0037802848735896,0.0042743519277605,53.982238531742,1.6694988235604e-07,141.41915552364,123.60961534954
45.816499999999,-1.8622087855021e-42,-6.2073284543123e-43,3.7036301707461e-63,0.0034250261666711,1.7323324984797,0,1.8191236939656e-58,4.9052797569394e-38,6.3449317789999e-24,-0.0010133544388395,-4.4427221852042e-24,4.4427435553103e-24,0.0021286504718533,0.0021286483896781,-3.2816186102544e-13,-3.2816285602135e-13,4.4427235178353e-24,-4.442718174093e-24,3.2816233085153e-13,3.2816234546905e-13,0.0021286512666424,0.0021286533488195,0.0007750611476463,3.0385281939822e-44,4.9052797569394e-44,-3.4891380218207e-14,0,360.31485530366,100000151.24706,-1.0155743562421e-13,-0.0037180982430495,0.004174773492995,49.870171063017,1.541375972346e-07,130.62055571393,114.16958461539
45.916499999999,-2.2465160303982e-44,-7.4883415536612e-45,4.7710192419207e-65,0.0034250261666711,1.7323101511297,0,2.5539807912476e-60,6.8191517824809e-40,5.5060645619081e-24,-0.00087937824372096,-3.8553472337274e-24,3.8553657784789e-24,0.0018472203226128,0.0018472185157233,-2.8477538553564e-13,-2.8477624898254e-13,3.8553483901705e-24,-3.8553437529275e-24,2.8477579324573e-13,2.8477580593067e-13,0.0018472210123224,0.0018472228192136,0.00067258985076744,3.8750044535213e-46,6.8191517824809e-46,-3.4737453455487e-14,0,360.31485530366,100000151.24706,-1.0177681569893e-13,-0.0036559410199315,0.0040751851413772,45.758207486807,1.4134077467668e-07,119.82652078577,104.73376634156
46.016499999999,-1.8201240655096e-46,-6.0670397116053e-47,4.0944568335868e-67,0.0034250261666711,1.7322877968528,0,2.4082126063116e-62,6.3665947574746e-42,4.7781044802154e-24,-0.0007631151213147,-3.3456294751246e-24,3.3456455680635e-24,0.001602998221358,0.0016029966533584,-2.4712506186294e-13,-2.4712581115302e-13,3.3456304786737e-24,-3.3456264545234e-24,2.4712541566944e-13,2.471254266773e-13,0.0016029988198807,0.0016030003878818,0.00058366634520276,3.2920843530498e-48,6.3665947574746e-48,-3.4925931078574e-14,0,360.31485530366,100000151.24706,-1.0199619577366e-13,-0.003593813178048,0.0039755868709318,41.646347345719,1.2856127935866e-07,109.03704873822,95.302158528055
46.116499999999,-9.1238861771975e-49,-3.0412727244022e-49,2.1529209843647e-69,0.0034250261666711,1.732265435658,0,1.4049854875482e-64,3.6776584583526e-44,4.1463884353624e-24,-0.00066222321570641,-2.903301805581e-24,2.9033157708629e-24,0.0013910648698594,0.001391063509166,-2.1445250995234e-13,-2.1445316017833e-13,2.9033026764503e-24,-2.9032991843353e-24,2.1445281698187e-13,2.1445282653437e-13,0.001391065389251,0.0013910667499457,0.00050649946937741,1.7135770577473e-50,3.6776584583526e-50,-3.4774502123346e-14,0,360.31485530366,100000151.24706,-1.0221069086709e-13,-0.0035317146912489,0.0038759786796829,37.534590182786,1.1579800289634e-07,98.252137572419,85.874759176681
46.216499999999,-2.5341619849652e-51,-8.4471354984898e-52,6.1973765634965e-72,0.0034250261666711,1.7322430675542,0,4.541911791523e-67,1.177093998006e-46,3.5981919458011e-24,-0.00057467028914985,-2.5194545412044e-24,2.519466660128e-24,0.001207151353242,0.0012071501724467,-1.8609961562848e-13,-1.8610017988771e-13,2.5194552969356e-24,-2.5194522665152e-24,1.8609988206546e-13,1.8609989035502e-13,0.0012071518039646,0.001207152984761,0.00043953487225734,4.8828091914608e-53,1.177093998006e-52,-3.4746787247291e-14,0,360.31485530366,100000151.24706,-1.0243273547708e-13,-0.0034696455334203,0.0037763605656538,33.422935541467,1.0304910243094e-07,87.471785291609,76.45156629105
46.316499999999,-3.3455574627385e-54,-1.115175057153e-54,8.3514801767742e-75,0.0034250261666711,1.7322206925504,0,6.9791497178337e-70,1.7907311535503e-49,3.1224728412827e-24,-0.00049869278726401,-2.1863559527272e-24,2.1863664694007e-24,0.0010475531524144,0.0010475521277327,-1.614952743839e-13,-1.6149576404207e-13,2.1863566085426e-24,-2.1863539787759e-24,1.6149550559509e-13,1.6149551278868e-13,0.0010475535435466,0.0010475545682293,0.0003814237044863,6.5131910134742e-56,1.7907311535503e-55,-3.5040476038475e-14,0,360.31485530366,100000151.24706,-1.0263746060788e-13,-0.003407605678487,0.0036767325268674,29.311382965647,9.0316017857803e-08,76.695989901132,67.032577876572
46.416499999999,-1.6811825672914e-57,-5.6038786748636e-58,4.1997705498634e-78,0.0034250261666711,1.7321983106555,0,4.0822681019563e-73,1.0369593303363e-52,2.709648843477e-24,-0.0004327603162451,-1.8972965274223e-24,1.8973056536801e-24,0.00090905552496469,0.0009090546357568,-1.4014388777888e-13,-1.4014431269906e-13,1.897297096532e-24,-1.8972948144484e-24,1.401440884215e-13,1.4014409466402e-13,0.00090905586438512,0.00090905675359386,0.00033099544888641,3.2419091547668e-59,1.0369593303363e-58,-3.5051775509535e-14,0,360.31485530366,100000151.24706,-1.0287771287547e-13,-0.0033455951004104,0.0035770945613458,25.199931999636,7.7600201212777e-08,65.924749408422,57.617791940459
46.516499999999,-2.2902155991646e-61,-7.6339486920087e-62,5.5734090365512e-82,0.0034250261666711,1.7321759218786,0,6.4736438915452e-77,1.6278256732074e-56,2.3514045527902e-24,-0.00037554481656742,-1.6464538212447e-24,1.6464617409145e-24,0.0007888687514941,0.00078886797984891,-1.216153807392e-13,-1.2161574948043e-13,1.6464543151121e-24,-1.6464523347441e-24,1.2161555485474e-13,1.2161556027193e-13,0.00078886904603955,0.00078886981768547,0.00028723434305445,4.2580129219299e-63,1.6278256732074e-62,-3.4754621564544e-14,0,360.31485530366,100000151.24706,-1.0309487250415e-13,-0.003283613773189,0.0034774466671107,21.088582188161,6.4900187978819e-08,55.158061822998,48.207206491718
46.616499999999,-4.8445821515997e-66,-1.6148335095666e-66,1.1050002242001e-86,0.0034250261666711,1.7321535262285,0,1.5942927899546e-81,3.9680036896952e-61,2.0405239535717e-24,-0.00032589381224775,-1.4287751789512e-24,1.4287820515568e-24,0.00068457194307029,0.00068457127344477,-1.0553653867286e-13,-1.0553685866259e-13,1.4287756075241e-24,-1.4287738889817e-24,1.0553668976848e-13,1.0553669446946e-13,0.00068457219867371,0.00068457286829986,0.00024925891914071,8.3541847044629e-68,3.9680036896952e-67,-3.4961256710527e-14,0,360.31485530366,100000151.24706,-1.033106998652e-13,-0.0032216616708575,0.0033777888421832,16.977333076377,5.2216763148994e-08,44.395925156467,38.800819541163
46.716499999999,-5.775050719251e-72,-1.9249741365032e-72,1.1624685198603e-92,0.0034250261666711,1.7321311237141,0,2.2131277321143e-87,5.450732519195e-67,1.7707450639063e-24,-0.00028280719684039,-1.2398759598637e-24,1.239881923838e-24,0.00059406427793145,0.00059406369683753,-9.15834899118e-14,-9.1583767595493e-14,1.2398763317747e-24,-1.2398748404418e-24,9.1583621030975e-14,9.1583625110438e-14,0.0005940644997414,0.00059406508083588,0.00021630424868595,8.6951264995293e-74,5.450732519195e-73,-3.495250985287e-14,0,360.31485530366,100000151.24706,-1.0351631317442e-13,-0.0031597387674881,0.0032781210845838,12.866184209857,3.9547559115934e-08,33.638337422511,29.398629101426
46.816499999999,-4.4593516575438e-80,-1.4864023853473e-80,7.1166948954311e-101,0.0034250261666711,1.7321087143445,0,1.9910871311896e-95,4.8501148516478e-75,1.5366338022447e-24,-0.00024541708856969,-1.0759512192649e-24,1.0759563947385e-24,0.00051552268521467,0.00051552218094752,-7.9475182054474e-14,-7.947542302544e-14,1.0759515420053e-24,-1.0759502478424e-24,7.9475295838304e-14,7.9475299378419e-14,0.00051552287769899,0.00051552338196662,0.00018770653487903,5.2636851472587e-82,4.8501148516478e-81,-3.4879492871488e-14,0,360.31485530366,100000151.24706,-1.0374635139019e-13,-0.00309784503719,0.0031784433923323,8.755135134594,2.6893205600711e-08,22.885296636893,20.000633187037
46.916499999999,-4.5692982335862e-93,-1.5230093079201e-93,4.514934657594e-114,0.0034250261666711,1.7320862981283,0,2.3813100102475e-108,5.726692241696e-88,1.3334745302027e-24,-0.00021297034882749,-9.3369906644922e-25,9.3370355767042e-25,0.00044736512334379,0.0004473646857461,-6.8967720805078e-14,-6.896792991713e-14,9.3369934651994e-25,-9.3369822345912e-25,6.8967819545481e-14,6.8967822617555e-14,0.00044736529037964,0.00044736572797775,0.00016288974188134,3.2959009690859e-95,5.726692241696e-94,-3.5019573841746e-14,0,360.31485530366,100000151.24706,-1.0396617555413e-13,-0.0030359804541089,0.0030787557634482,4.644185397005,1.4257447075132e-08,12.136800817453,10.606829814948
47.016499999999,-1.42231088071e-129,-4.7395243697872e-130,1.9318821725042e-151,0.0034250261666711,1.7320638750747,0,8.8724291305335e-145,2.053628086242e-124,1.1571748260575e-24,-0.00018481337346758,-8.1025398711155e-25,8.1025788454491e-25,0.00038821863265049,0.00038821825290793,-5.9849444828968e-14,-5.9849626294152e-14,8.1025423015391e-25,-8.1025325557383e-25,5.9849530514825e-14,5.9849533180738e-14,0.0003882187776024,0.00038821915734533,0.00014135396303627,1.3556082692349e-132,2.053628086242e-130,-3.4925143832561e-14,0,360.31485530366,100000151.24706,-1.041877760749e-13,-0.0029741449924272,0.0029790581959497,0.5333345439179,1.6351074669611e-09,1.3928479840947,1.2172170291516
47.116499999999,-2.3405028119582e-103,-7.8024228414947e-104,2.3923751465861e-124,0.0034250261666711,1.7320414404502,0.75481639370229,-1.6383400187189e-118,-3.8958508253021e-98,1.004183717507e-24,-0.00016037903369017,-7.0312958991222e-25,7.0313297206246e-25,0.00033689190342021,0.00033689157388375,-5.1936696725286e-14,-5.1936854198798e-14,7.0312980082173e-25,-7.0312895509175e-25,5.193677108254e-14,5.193677339599e-14,0.0003368920292079,0.00033689235874467,0.00012266542993197,1.7264918031776e-105,-3.8958508253021e-104,-150.03732466612,46.669120319414,360.31485530366,100000151.24706,-1.0448531585678e-13,-0.0029123468879053,0.0028793506878554,-3.57686835007,-2.1666439432777e-08,-9.3436927508721,8.1656244258558
47.216499999999,-2.3015427509049e-85,-7.6721309082196e-86,5.9766124760236e-106,0.0034250261666711,1.7320189850786,1.1065235251486,-1.9048796866867e-100,-4.4144286167796e-80,8.7141998892887e-25,-0.00013917522593343,-6.1016840720941e-25,6.1017134220354e-25,0.00029235122381539,0.00029235093784715,-4.5070115055948e-14,-4.5070251709793e-14,6.1016859023444e-25,-6.1016785631892e-25,4.5070179582385e-14,4.5070181589973e-14,0.00029235133297262,0.00029235161894114,0.00010644776023228,4.2012974933028e-87,-4.4144286167796e-86,-150.03930358015,46.673028339197,360.31485530366,100000151.24706,-1.0481571824174e-13,-0.0028506021114206,0.0027796332371828,-7.6853587301624,-4.6517715634322e-08,-20.067262899125,17.536694776145
47.316499999999,-1.0249189297482e-75,-3.4164886130033e-76,4.8082554596512e-96,0.0034250261666711,1.7319965087721,1.3707890408043,-9.9878532160034e-91,-2.2652916752654e-70,7.5620903213807e-25,-0.00012077478625442,-5.2949767795001e-25,5.2950022490682e-25,0.00025369929404255,0.00025369904588233,-3.9111368247019e-14,-3.9111486833777e-14,5.2949783677719e-25,-5.2949719989308e-25,3.9111424242377e-14,3.911142598454e-14,0.00025369938876803,0.00025369963692848,9.2374238325036e-05,3.3065494366053e-77,-2.2652916752654e-76,-150.04128419496,46.676939715565,360.31485530366,100000151.24706,-1.0513546248566e-13,-0.0027889109696398,0.0026799058419485,-11.792113243979,-7.1321987671175e-08,-30.777746917952,26.895891136346
47.416499999999,-4.2470348584242e-69,-1.4157065420926e-69,3.1599140299335e-89,0.0034250261666711,1.7319740115537,1.5917765666019,-4.8689190760826e-84,-1.0816905805461e-63,6.5623018470131e-25,-0.00010480707968657,-4.5949247394945e-25,4.5949468417159e-25,0.00022015755897205,0.00022015734362124,-3.3940430909817e-14,-3.394053381815e-14,4.59492611778e-25,-4.5949205909672e-25,3.3940479501996e-14,3.3940481013827e-14,0.00022015764117382,0.00022015785652483,8.0161385148085e-05,2.1276590246878e-70,-1.0816905805461e-69,-150.04326714888,46.680855704547,360.31485530366,100000151.24706,-1.0545076583749e-13,-0.0027272734022525,0.0025801685001687,-15.897132948301,-9.6079405189415e-08,-41.475156825081,36.243225325981
47.516499999999,-4.5879060013366e-64,-1.5293262873405e-64,5.0507090289624e-84,0.0034250261666711,1.7319514934462,1.785627185116,-6.1857057473079e-79,-1.3465287170806e-58,5.6946960035051e-25,-9.0950473133421e-05,-3.987426997482e-25,3.9874461775555e-25,0.00019105039671258,0.00019105020983344,-2.945314628393e-14,-2.945323558669e-14,3.9874281935436e-25,-3.987423397434e-25,2.9453188451707e-14,2.9453189763658e-14,0.00019105046804641,0.00019105065492573,6.9563200578165e-05,3.3308745240361e-65,-1.3465287170806e-64,-150.04525027288,46.684774836977,360.31485530366,100000151.24706,-1.057873854714e-13,-0.0026656893490578,0.0024804212098594,-20.000418898302,-1.2078751919676e-07,-52.159504625381,45.57870915375
47.616499999999,-5.2400544041967e-60,-1.7467078860847e-60,8.1743047268012e-80,0.0034250261666711,1.7319289544727,1.9604076144648,-8.3075732438525e-75,-1.7722353900162e-54,4.9417968463455e-25,-7.8925856802142e-05,-3.4602468944894e-25,3.4602635387539e-25,0.00016579150974629,0.00016579134757455,-2.5559128236396e-14,-2.5559205732385e-14,3.460247932419e-25,-3.4602437704059e-25,2.5559164829146e-14,2.5559165967643e-14,0.00016579157164903,0.00016579173382093,6.0366208315122e-05,5.2808291324753e-61,-1.7722353900162e-60,-150.0472362744,46.688698448265,360.31485530366,100000151.24706,-1.061195642132e-13,-0.0026041587499638,0.0023806639690354,-24.101972147552,-1.4545008148102e-07,-62.830802310888,54.902354416569
47.716499999999,-1.3029380228253e-56,-4.3431759882339e-57,2.796349983344e-76,0.0034250261666711,1.7319063946559,2.1208378890428,-2.4287940149662e-71,-5.0780176826085e-51,4.2884389360765e-25,-6.849102217219e-05,-3.0027655875291e-25,3.0027800312455e-25,0.00014387211530007,0.00014387197456915,-2.2179940638836e-14,-2.2180007889034e-14,3.0027664882334e-25,-3.0027628764825e-25,2.2179972393638e-14,2.2179973381613e-14,0.00014387216901861,0.00014387230974966,5.2385155887846e-05,1.7698004172353e-57,-5.0780176826085e-57,-150.04922386038,46.692625146693,360.31485530366,100000151.24706,-1.0645573975791e-13,-0.0025426815449866,0.0022808967757117,-28.201793748021,-1.7006625746909e-07,-73.489061860822,64.214172899462
47.816499999999,-1.0753376916573e-53,-3.5844946175171e-54,3.1077389079608e-73,0.0034250261666711,1.7318838140186,2.2699626552445,-2.3567819822082e-68,-4.8294799930345e-48,3.7214618650415e-25,-5.9435783256065e-05,-2.6057681571822e-25,2.6057806912862e-25,0.00012485069707484,0.00012485057495004,-1.9247517450215e-14,-1.9247575809224e-14,2.6057689388038e-25,-2.6057658045647e-25,1.9247545006695e-14,1.924754586405e-14,0.00012485074369122,0.00012485086581614,4.545928316499e-05,1.9269937647752e-54,-4.8294799930345e-54,-150.05121317349,46.696557212566,360.31485530366,100000151.24706,-1.0679013894577e-13,-0.0024812576742513,0.002181119627902,-32.299884750078,-1.9463587823934e-07,-84.134295241612,73.514176375559
47.916499999999,-3.8504849156587e-51,-1.283506353993e-51,1.474229471419e-70,0.0034250261666711,1.7318612125837,2.40988160091,-9.9216596660584e-66,-1.9927651480698e-45,3.2294451709341e-25,-5.1577742881115e-05,-2.2612579940255e-25,2.2612688709881e-25,0.00010834411190496,0.00010834400592635,-1.6702791681401e-14,-1.6702842324731e-14,2.2612586723084e-25,-2.2612559524489e-25,1.6702815594622e-14,1.6702816338626e-14,0.00010834415235816,0.00010834425833687,3.9449084208113e-05,8.9560712689941e-52,-1.9927651480698e-51,-150.05320417256,46.700492687987,360.31485530366,100000151.24706,-1.071001132271e-13,-0.0024198870779904,0.0020813325236197,-36.396246202505,-2.1916023200049e-07,-94.766514406922,82.8023766061
48.016499999999,-7.1669124126581e-49,-2.3889899447311e-49,3.5889548970952e-68,0.0034250261666711,1.7318385903737,2.5421152562259,-2.1711338791108e-63,-4.2742318421151e-43,2.8024782975852e-25,-4.4758618713735e-05,-1.9622957251398e-25,1.9623051640527e-25,9.4019872211353e-05,9.401978024424e-05,-1.4494505625148e-14,-1.4494549572893e-14,1.9622963137465e-25,-1.9622939534813e-25,1.4494526376788e-14,1.4494527022427e-14,9.4019907316212e-05,9.4019999283412e-05,3.423349724215e-05,2.1362207850022e-49,-4.2742318421151e-49,-150.05519683489,46.704431778817,360.31485530366,100000151.24706,-1.0742074564946e-13,-0.0023585696965441,0.0019815354608774,-40.490879152482,-2.4363268483494e-07,-105.38573129766,92.07878534046
48.116499999999,-7.8790905310001e-47,-2.6263827220888e-47,5.1075356454887e-66,0.0034250261666711,1.7318159474115,2.6678066636355,-2.8061460271101e-61,-5.4148623838959e-41,2.4319609693712e-25,-3.8841055022108e-05,-1.7028594362411e-25,1.7028676272297e-25,8.1589448796195e-05,8.1589368988109e-05,-1.2578178386275e-14,-1.2578216523663e-14,1.7028599470278e-25,-1.7028578988146e-25,1.2578196394329e-14,1.2578196954607e-14,8.1589479259819e-05,8.1589559067982e-05,2.9707466141565e-05,2.9786628529751e-47,-5.4148623838959e-47,-150.05719112144,46.708375016603,360.31485530366,100000151.24706,-1.0775159212366e-13,-0.0022973054703602,0.0018817284376873,-44.583784645616,-2.6806121718388e-07,-115.99195784202,101.34341431616
48.216499999999,-5.618430770089e-45,-1.8728228725803e-45,4.6747096216637e-64,0.0034250261666711,1.7317932837197,2.7878408469541,-2.3524737260999e-59,-4.4495057588305e-39,2.1104299582412e-25,-3.3705855957692e-05,-1.4777233739266e-25,1.4777304819797e-25,7.0802459079104e-05,7.0802389822493e-05,-1.0915209915298e-14,-1.0915243010519e-14,1.4777238171819e-25,-1.4777220397642e-25,1.0915225542496e-14,1.0915226028699e-14,7.0802485515115e-05,7.0802554771792e-05,2.5779824313878e-05,2.671164406626e-45,-4.4495057588305e-45,-150.059187283,46.712321821733,360.31485530366,100000151.24706,-1.0808776766838e-13,-0.0022360943399941,0.0017819114520611,-48.674963725925,-2.9244437983561e-07,-126.58520595549,110.59627525888
48.316499999999,-2.7889987042743e-43,-9.2967204362e-44,2.9573053193082e-62,0.0034250261666711,1.7317705993209,2.9029196609446,-1.3728743285327e-57,-2.5452503001033e-37,1.8314087539792e-25,-2.9249584626217e-05,-1.2823526847696e-25,1.2823588530628e-25,6.1441623710075e-05,6.1441563609921e-05,-9.4721034983112e-15,-9.4721322179929e-15,1.2823530694219e-25,-1.2823515269977e-25,9.4721170594279e-15,9.47211748135e-15,6.1441646650965e-05,6.1441706751175e-05,2.2371458356206e-05,1.6556979980539e-43,-2.5452503001033e-43,-150.06118522969,46.716273259504,360.31485530366,100000151.24706,-1.0843593362176e-13,-0.0021749362461074,0.0016820845020096,-52.76441743585,-3.1678040730438e-07,-137.16548754087,119.83737988251
48.416499999999,-1.0179354460653e-41,-3.393137939495e-42,1.3672394314691e-60,0.0034250261666711,1.7317478942377,3.0136108418531,-5.8907889464365e-56,-1.0705030242433e-35,1.5892771096497e-25,-2.5382479586933e-05,-1.1128120710213e-25,1.1128174238008e-25,5.3318389971635e-05,5.3318337817359e-05,-8.2197910419453e-15,-8.2198159645808e-15,1.1128124048185e-25,-1.1128110663191e-25,8.2198028101387e-15,8.2198031762782e-15,5.3318409879496e-05,5.3318462033822e-05,1.9413714495875e-05,7.5001604199914e-42,-1.0705030242433e-41,-150.06318477714,40.960228013222,360.31485530366,100000151.24706,-1.0875123697362e-13,-0.0021138311294687,0.001582247585543,-56.852146816252,-3.4107064919105e-07,-147.73281448832,129.06673988914
48.516499999999,-2.8521624639222e-40,-9.5072602226966e-41,4.8273683580475e-59,0.0034250261666711,1.7317251684927,3.1203813604095,-1.9404251794882e-54,-3.4564272624788e-34,1.3791578345186e-25,-2.2026646812741e-05,-9.6568652299677e-26,9.6569116808205e-26,4.6269133813617e-05,4.6269088554689e-05,-7.1330475628028e-15,-7.1330691904017e-15,9.6568681266239e-26,-9.6568565112679e-26,7.1330577751163e-15,7.1330580928483e-15,4.6269151089448e-05,4.626919634842e-05,1.684701571647e-05,2.594650248116e-40,-3.4564272624788e-40,-150.06518638213,40.96418755306,360.31485530366,100000151.24706,-1.0908385980467e-13,-0.0020527789309532,0.0014824007006716,-60.938152906424,-3.6531262899899e-07,-158.28719867534,138.28436696908
48.616499999999,-6.3513441495132e-39,-2.1171256315655e-39,1.3484794399907e-57,0.0034250261666711,1.7317024221082,3.223620812752,-5.0799194857055e-53,-8.8696060015515e-33,1.1968185541497e-25,-1.9114490692352e-05,-8.3801253147956e-26,8.3801656243534e-26,4.0151864019175e-05,4.0151824743956e-05,-6.189983087595e-15,-6.1900018557962e-15,8.3801278284832e-26,-8.3801177488003e-26,6.1899919497325e-15,6.1899922254569e-15,4.0151879010958e-05,4.0151918286214e-05,1.4619661714469e-05,7.1015971491477e-39,-8.8696060015515e-39,-150.06718930553,40.968150012266,360.31485530366,100000151.24706,-1.0941426218967e-13,-0.0019917795915424,0.0013825438454036,-65.022436744094,-3.8951278131839e-07,-168.82865196684,147.49027280091
48.716499999999,-1.1562981755693e-37,-3.854346054342e-38,3.0673460383637e-56,0.0034250261666711,1.7316796551069,3.3236582613022,-1.0872490567168e-51,-1.8607758460541e-31,1.0385864588565e-25,-1.6587352470584e-05,-7.2721839457537e-26,7.2722189259608e-26,3.4843362114979e-05,3.4843328032361e-05,-5.3716017294657e-15,-5.3716180163118e-15,7.2721861271051e-26,-7.2721773800632e-26,5.3716094199347e-15,5.3716096592054e-15,3.484337512469e-05,3.484340920734e-05,1.2686787514335e-05,1.5827719572513e-37,-1.8607758460541e-37,-150.0691939661,40.972117286151,360.31485530366,100000151.24706,-1.0972956554154e-13,-0.0019308330523221,0.001282677017749,-69.104999365416,-4.1366609425933e-07,-179.35718621511,156.68446905146
48.816499999999,-1.7616812428757e-36,-5.8722980106601e-37,5.8184275324417e-55,0.0034250261666711,1.7316568675112,3.4207746369316,-1.9473960501949e-50,-3.2669094749744e-30,9.0127432331335e-26,-1.4394328701286e-05,-6.3107241663208e-26,6.3107545217739e-26,3.0236700415597e-05,3.0236670839062e-05,-4.6614190590962e-15,-4.6614331926487e-15,6.3107260592745e-26,-6.3107184686842e-26,4.6614257328037e-15,4.6614259404403e-15,3.0236711705286e-05,3.0236741281849e-05,1.100945976572e-05,2.9417472315569e-36,-3.2669094749744e-36,-150.07120083172,40.976088357746,360.31485530366,100000151.24706,-1.1006130019418e-13,-0.0018699392544864,0.0011828002157146,-73.185841804986,-4.3776875080018e-07,-189.87281325989,165.86696737586
48.916499999999,-2.2904020093585e-35,-7.6347070502379e-36,9.3888685931155e-54,0.0034250261666711,1.7316340593434,3.5152120536895,-2.9765033134034e-49,-4.8944855213329e-29,7.8211630715683e-26,-1.2491245913302e-05,-5.4763795581161e-26,5.4764059002566e-26,2.6239088208698e-05,2.6239062542495e-05,-4.0451300634061e-15,-4.0451423283531e-15,5.4763812008012e-26,-5.4763746137674e-26,4.0451358547787e-15,4.0451360349636e-15,2.6239098005771e-05,2.6239123671999e-05,9.5538925197617e-06,4.6511163337424e-35,-4.8944855213329e-35,-150.07320957019,40.980063941086,360.31485530366,100000151.24706,-1.1039347893603e-13,-0.0018090981393321,0.0010829134373083,-77.264965095852,-4.6183195305964e-07,-200.37554492837,175.03777941756
49.016499999999,-2.583307752836e-34,-8.6110621341717e-35,1.3106288156677e-52,0.0034250261666711,1.7316112306259,3.6071809265475,-3.9467408099185e-48,-6.3614636664068e-28,6.7871224342864e-26,-1.0839770836457e-05,-4.7523441484905e-26,4.7523670079208e-26,2.2770002697408e-05,2.2769980424548e-05,-3.510321003631e-15,-3.5103316470221e-15,4.7523455739952e-26,-4.752339857837e-26,3.5103260293228e-15,3.5103261856853e-15,2.2770011199203e-05,2.2770033472084e-05,8.290766688059e-06,6.3616207358857e-34,-6.3614636664068e-34,-150.07521949411,40.984043141245,360.31485530366,100000151.24706,-1.1075718801178e-13,-0.0017483096482627,0.00098301668053702,-81.342370269493,-4.8584832848845e-07,-210.8653930352,184.19691680831
49.116499999999,-2.5633870452088e-33,-8.5446579691276e-34,1.6055308798923e-51,0.0034250261666711,1.7315883813811,3.6968654941381,-4.6040992902795e-47,-7.274123475106e-27,5.8897929267643e-26,-9.4066382651046e-06,-4.1240338924683e-26,4.1240537296398e-26,1.9759567051879e-05,1.9759547723728e-05,-3.0462193688174e-15,-3.0462286050394e-15,4.1240351295062e-26,-4.1240301690848e-26,3.0462237300595e-15,3.0462238657492e-15,1.9759574429647e-05,1.9759593757817e-05,7.1946394763862e-06,7.6357309376745e-33,-7.274123475106e-33,-150.07723130537,40.98802596085,360.31485530366,100000151.24706,-1.1109602809178e-13,-0.0016875737227864,0.00088310994340642,-85.418058355844,-5.0981736533384e-07,-221.34236938252,193.34439116826
49.216499999999,-2.2649533719192e-32,-7.5498738185231e-33,1.7472972119572e-50,0.0034250261666711,1.7315655116311,3.7844281627274,-4.7825347213106e-46,-7.4064711637471e-26,5.1110998889488e-26,-8.1629810062899e-06,-3.578792910364e-26,3.5788101248511e-26,1.7147142899644e-05,1.7147126126878e-05,-2.6434768881136e-15,-2.6434849032092e-15,3.5787939838524e-26,-3.5787896792512e-26,2.6434806727533e-15,2.6434807905034e-15,1.7147149301993e-05,1.7147166074774e-05,6.2434318975262e-06,8.1422099444909e-32,-7.4064711637471e-32,-150.07924489025,40.992013000489,360.31485530366,100000151.24706,-1.1142465411997e-13,-0.001626890304515,0.00078319322392253,-89.492030383295,-5.3374172700902e-07,-231.80648576001,202.48021410588
49.316499999999,-1.800691568695e-31,-6.0023275915698e-32,1.7074240388362e-49,0.0034250261666711,1.7315426213984,3.8700129650785,-4.4699944397672e-45,-6.7854240672777e-25,4.435358322379e-26,-7.083748415865e-06,-3.1056385638979e-26,3.1056535024474e-26,1.4880108903643e-05,1.4880094348415e-05,-2.2939812311362e-15,-2.2939881865512e-15,3.1056394954597e-26,-3.1056357599724e-26,2.2939845154064e-15,2.2939846175887e-15,1.4880114459533e-05,1.4880129014775e-05,5.4179840403382e-06,7.7957884420553e-31,-6.7854240672777e-31,-150.08126051445,40.996004086621,360.31485530366,100000151.24706,-1.1175328014815e-13,-0.0015662593351656,0.00068326652009012,-93.564287378688,-5.5762014402381e-07,-242.25775394486,211.60439721806
49.416499999999,-1.2998648515023e-30,-4.3328983939619e-31,1.512043182643e-48,0.0034250261666711,1.731519710705,3.9537483451256,-3.79345660702e-44,-5.6444478242287e-24,3.8489569516009e-26,-6.1472018102952e-06,-2.6950402359517e-26,2.6950531994667e-26,1.2912800825196e-05,1.2912788194323e-05,-1.9906926035432e-15,-1.9906986393787e-15,2.6950410443512e-26,-2.6950378027349e-26,1.9906954535981e-15,1.9906955422708e-15,1.2912805646539e-05,1.2912818277423e-05,4.7016691369678e-06,6.7643411444168e-30,-5.6444478242287e-30,-150.08327777946,40.999998711163,360.31485530366,100000151.24706,-1.1208279435476e-13,-0.0015056807565591,0.00058332982991375,-97.63483036733,-5.8145541615352e-07,-252.69618570184,220.71695209011
49.516499999999,-8.5879975923551e-30,-2.8626757848004e-30,1.2233747822556e-47,0.0034250261666711,1.7314967795733,4.0357494224378,-2.946447040353e-43,-4.2973505267115e-23,3.3400840560117e-26,-5.3344765903691e-06,-2.3387273579842e-26,2.3387386075851e-26,1.120559172187e-05,1.1205580760932e-05,-1.7275019464039e-15,-1.7275071842379e-15,2.3387280595047e-26,-2.3387252464644e-26,1.7275044196513e-15,1.7275044966005e-15,1.120559590578e-05,1.1205606866728e-05,4.0800586544614e-06,5.3624461364545e-29,-4.2973505267115e-29,-150.08529667953,41.003998731042,360.31485530366,100000151.24706,-1.1240387086638e-13,-0.0014451545106201,0.00048338315139704,-101.70366037298,-6.0524478743584e-07,-263.12179278328,229.81789029573
49.616499999999,-5.229570192251e-29,-1.7431959048436e-29,9.1082116557863e-47,0.0034250261666711,1.7314738280252,4.1161198505373,-2.1093231054557e-42,-3.015507894572e-22,2.8984895496385e-26,-4.6292022567955e-06,-2.0295228182566e-26,2.0295325805411e-26,9.7240937529391e-06,9.7240842411539e-06,-1.4991078831144e-15,-1.4991124284513e-15,2.0295234270287e-26,-2.0295209859021e-26,1.4991100293723e-15,1.499110096148e-15,9.7240973836922e-06,9.7241068954865e-06,3.5406316648179e-06,3.9118127170198e-28,-3.015507894572e-28,-150.087317446,41.008001871824,360.31485530366,100000151.24706,-1.127200623967e-13,-0.0013846805393767,0.00038342648254336,-105.77077841789,-6.2898876783089e-07,-273.53458692912,238.90722339713
49.716499999999,-2.9533709943039e-28,-9.8446019195196e-29,6.2796563087227e-46,0.0034250261666711,1.731450856083,4.1949533547069,-1.4004452239305e-41,-1.962447692384e-21,2.515278516492e-26,-4.0171726637642e-06,-1.7611983952565e-26,1.7612068668635e-26,8.4384655146237e-06,8.4384572603973e-06,-1.3009099352356e-15,-1.3009138796308e-15,1.7611989235425e-26,-1.7611968051587e-26,1.3009117977355e-15,1.3009118556828e-15,8.4384686653527e-06,8.438476919587e-06,3.0725226393997e-06,2.6425408364752e-27,-1.962447692384e-27,-150.08933983464,41.01200972141,360.31485530366,100000151.24706,-1.1305268522779e-13,-0.0013242587849603,0.00028345982135527,-109.83618552274,-6.5269105363304e-07,-283.93457986692,247.98496294493
49.816499999999,-1.5554232981784e-27,-5.1847606363649e-28,4.0319576971573e-45,0.0034250261666711,1.7314278637686,4.2723350143668,-8.6709839296125e-41,-1.1910069586368e-20,2.1827320427342e-26,-3.4860598684805e-06,-1.5283493043545e-26,1.5283566559253e-26,7.3228109529457e-06,7.3228037900154e-06,-1.1289158563284e-15,-1.1289192792328e-15,1.5283497627955e-26,-1.5283479244845e-26,1.1289174725861e-15,1.1289175228721e-15,7.3228136871149e-06,7.322820850052e-06,2.6663025875947e-06,1.6624248801009e-26,-1.1910069586368e-26,-150.09136482447,41.016020849148,360.31485530366,100000151.24706,-1.1336665631206e-13,-0.0012638891896058,0.0001834831658346,-113.89988270672,-6.7634317249796e-07,-294.32178331188,257.05112047828
49.916499999999,-7.6772127218088e-27,-2.5590787220876e-27,2.4230459913205e-44,0.0034250261666711,1.7314048511042,4.3483423400399,-5.0314793454908e-40,-6.7741512785502e-20,1.8941517367322e-26,-3.0251658128239e-06,-1.3262853307226e-26,1.3262917103379e-26,6.3546577466783e-06,6.3546515307633e-06,-9.7966121723785e-16,-9.7966418759796e-16,1.3262857285528e-26,-1.326284133286e-26,9.796626198091e-16,9.7966266344679e-16,6.3546601193614e-06,6.3546663352822e-06,2.3137891312667e-06,9.7887505698414e-26,-6.7741512785502e-26,-150.09339069602,41.020036549426,360.31485530366,100000151.24706,-1.1368906509132e-13,-0.0012035716956503,8.3496513982855e-05,-117.96187098748,-6.9995434777979e-07,-304.69620896688,266.10570752483
50.016499999999,-3.5670459546535e-26,-1.1890188473536e-26,1.3691053096021e-43,0.0034250261666711,1.7313818181117,4.4230461837409,-2.7483615485193e-39,-3.6269840134793e-19,1.6437248052085e-26,-2.6252068353225e-06,-1.1509363556343e-26,1.1509418917968e-26,5.5145046535953e-06,5.5144992594902e-06,-8.5013962305507e-16,-8.501422007021e-16,1.1509367008671e-26,-1.1509353165115e-26,8.5014084019154e-16,8.5014087805987e-16,5.5145067125846e-06,5.5145121066949e-06,2.0078816893763e-06,5.4192762365467e-25,-3.6269840134793e-25,-150.09541898383,41.024056318584,360.31485530366,100000151.24706,-1.1401680294112e-13,-0.0011433062455336,-1.6500136199083e-05,-122.02215138116,-7.2352152291404e-07,-315.05786852245,275.14873560075
50.116499999999,-1.5663861540827e-25,-5.2213022594968e-26,7.3031591841792e-43,0.0034250261666711,1.7313587648131,4.4965115132389,-1.4188541497016e-38,-1.8353605609906e-18,1.4264069677537e-26,-2.2781266729279e-06,-9.987703731888e-27,9.9877517741195e-27,4.7854287023434e-06,4.7854240213962e-06,-7.3774215613635e-16,-7.3774439299112e-16,9.9877067277819e-27,-9.9876947144907e-27,7.3774321235448e-16,7.3774324521621e-16,4.7854304891125e-06,4.7854351700642e-06,1.7424184529406e-06,2.8323916024464e-24,-1.8353605609906e-24,-150.0974482663,41.028080196368,360.31485530366,100000151.24706,-1.1435031395063e-13,-0.0010830927817974,-0.00011650678671098,-126.08072490238,-7.4704503482265e-07,-325.40677365688,284.18021621077
50.216499999999,-6.5244261068024e-25,-2.1748148199597e-25,3.6913295366133e-42,0.0034250261666711,1.7313356912304,4.5687980742732,-6.9479347699588e-38,-8.8094846118448e-18,1.2378208512814e-26,-1.9769341859368e-06,-8.6672234609324e-27,8.6672651514719e-27,4.1527443177105e-06,4.1527402556341e-06,-6.4020482539658e-16,-6.4020676651545e-16,8.6672260607374e-27,-8.6672156357306e-27,6.4020574197149e-16,6.4020577048855e-16,4.1527458682498e-06,4.1527499303301e-06,1.5120522694194e-06,1.4026932166119e-23,-8.8094846118448e-24,-150.09948014326,41.032108240592,360.31485530366,100000151.24706,-1.146904862983e-13,-0.0010229312470868,-0.00021652343955323,-130.13759256424,-7.7052235160807e-07,-335.74293603612,293.2001608482
50.316499999999,-2.5861972621974e-24,-8.6206811829033e-25,1.7737961163622e-41,0.0034250261666711,1.7313125973853,4.6399609599244,-3.2378021767483e-37,-4.0239767143974e-17,1.0741678178123e-26,-1.7155625373971e-06,-7.5213246746357e-27,7.521360853244e-27,3.6037075131445e-06,3.6037039881176e-06,-5.5556296336309e-16,-5.5556464784548e-16,7.5213269307189e-27,-7.5213178840085e-27,5.5556375875708e-16,5.5556378350388e-16,3.603708858686e-06,3.6037123837163e-06,1.3121429364999e-06,6.6041991732608e-23,-4.0239767143974e-23,-150.10151340322,41.036140414994,360.31485530366,100000151.24706,-1.1502000050494e-13,-0.00096282158414735,-0.00031655009672698,-134.19275537833,-7.9395467623884e-07,-346.06636731393,302.20858099491
50.416499999999,-9.7847789675829e-24,-3.2616017179163e-24,8.1281790425197e-41,0.0034250261666711,1.7312894832998,4.7100511025736,-1.4401764116903e-36,-1.754407436772e-16,9.3215144955616e-27,-1.4887469904844e-06,-6.5269258506767e-27,6.5269572460896e-27,3.127259192148e-06,3.127256133167e-06,-4.8211165242196e-16,-4.8211311419793e-16,6.5269278084818e-27,-6.5269199578423e-27,4.8211234265644e-16,4.8211236413145e-16,3.1272603597947e-06,3.1272634187786e-06,1.1386637357818e-06,2.9651422379789e-22,-1.754407436772e-22,-150.10354897038,41.040176429594,360.31485530366,100000151.24706,-1.1533663612449e-13,-0.00090276373582661,-0.000416586760234,-138.24621435475,-8.1734446866453e-07,-356.37707913179,311.2054881214
50.516499999999,-3.5431643576215e-23,-1.181057872833e-23,3.561687276661e-40,0.0034250261666711,1.7312663489958,4.7791157009347,-6.1310203405123e-36,-7.320763361495e-16,8.0891115006503e-27,-1.2919188623471e-06,-5.663997088428e-27,5.6640243330347e-27,2.7138023879195e-06,2.7137997333683e-06,-4.183713831334e-16,-4.1837265164709e-16,5.6639987873905e-27,-5.6639919746888e-27,4.1837198211156e-16,4.1837200074735e-16,2.713803401191e-06,2.7138060557448e-06,9.8812032368869e-07,1.273043002722e-21,-7.320763361495e-22,-150.10558568429,41.044216371224,360.31485530366,100000151.24706,-1.1567014713402e-13,-0.00084275764507337,-0.00051663343207628,-142.29797050209,-8.4068985525198e-07,-366.67508311901,320.19089368678
50.616499999999,-1.2310136837832e-22,-4.103389429009e-23,1.4962118691706e-39,0.0034250261666711,1.7312431944949,4.8471985923379,-2.50427435954e-35,-2.930984911532e-15,7.0196452397097e-27,-1.1211134983237e-06,-4.9151566517926e-27,4.9151802943735e-27,2.355008954163e-06,2.3550066505715e-06,-3.6305825287929e-16,-3.6305935368203e-16,4.9151581261343e-27,-4.9151522141439e-27,3.6305877266619e-16,3.6305878883813e-16,2.3550098334692e-06,2.3550121370628e-06,8.574803458211e-07,5.2397987488449e-21,-2.930984911532e-21,-150.10762488496,41.048261312907,360.31485530366,100000151.24706,-1.1598323003991e-13,-0.00078280325493739,-0.00061669011425638,-146.34802482743,-8.639926523408e-07,-376.96039089269,329.16480913883
50.716499999998,-4.1129816901843e-22,-1.3709973227821e-22,6.0397069256447e-39,0.0034250261666711,1.7312200198189,4.9143405786052,-9.8368072662765e-35,-1.1284780394823e-14,6.0915737455941e-27,-9.7289041274959e-07,-4.2653208521376e-27,4.2653413689189e-27,2.0436518130149e-06,2.0436498139826e-06,-3.1505810455703e-16,-3.1505905982198e-16,4.2653221315558e-27,-4.2653170011931e-27,3.150585556226e-16,3.1505856965644e-16,2.0436525760675e-06,2.0436545751016e-06,7.4411235689122e-07,2.0723866812659e-20,-1.1284780394823e-20,-150.10966544222,41.052309870387,360.31485530366,100000151.24706,-1.1630608290841e-13,-0.00072290050856953,-0.00071675680877808,-150.39637833636,-8.8724914739978e-07,-387.23301405774,338.12724591398
50.816499999998,-1.324293373336e-21,-4.4143220424156e-22,2.3477583659257e-38,0.0034250261666711,1.7311968249896,4.9805797123982,-3.7235805378167e-34,-4.1870310155045e-14,5.2862031157163e-27,-8.4426398732006e-07,-3.7014002160619e-27,3.7014180203076e-27,1.7734593801511e-06,1.7734576454121e-06,-2.7340408438307e-16,-2.7340491335188e-16,3.7014013263278e-27,-3.7013968742532e-27,2.7340447581299e-16,2.7340448799141e-16,1.7734600423201e-06,1.7734617770607e-06,6.4573281557813e-07,7.8929786288657e-20,-4.1870310155045e-20,-150.11170794268,41.056362596822,360.31485530366,100000151.24706,-1.166329325798e-13,-0.00066304934922047,-0.0008168335176452,-154.44303203299,-9.1046319590111e-07,-397.49296420697,347.07821543734
50.916499999998,-4.1170386082375e-21,-1.3723494909154e-21,8.8056644467603e-38,0.0034250261666711,1.7311736100286,5.0459515497462,-1.360947761716e-33,-1.5000044747993e-13,4.5873109376479e-27,-7.326433295706e-07,-3.2120358079451e-27,3.2120512582819e-27,1.5389892316222e-06,1.5389877262344e-06,-2.3725716669586e-16,-2.372578860662e-16,3.2120367714232e-27,-3.2120329079592e-27,2.372575063746e-16,2.372575169429e-16,1.5389898062456e-06,1.5389913116349e-06,5.6036008549195e-07,2.9005572711426e-19,-1.5000044747993e-19,-150.11375235001,41.060419213548,360.31485530366,100000151.24706,-1.1694645957491e-13,-0.00060324972024277,-0.00091692024286276,-158.48798691993,-9.3363485787211e-07,-407.74025292102,356.01772912273
51.016499999998,-1.238039689313e-20,-4.1268086558899e-21,3.1925159379485e-37,0.0034250261666711,1.7311503749576,5.1104893735112,-4.8114046798697e-33,-5.1978991423149e-13,3.9808194298908e-27,-6.3578007520278e-07,-2.7873703630663e-27,2.7873837707084e-27,1.3355184575151e-06,1.3355171511562e-06,-2.058892532739e-16,-2.0588987753585e-16,2.7873711991665e-27,-2.7873678464902e-27,2.058895480435e-16,2.0588955721456e-16,1.3355189561677e-06,1.3355202625278e-06,4.8627451202491e-07,1.0303466042865e-18,-5.1978991423149e-19,-150.11579855716,41.064480567036,360.31485530366,100000151.24706,-1.1724222300161e-13,-0.00054350156508746,-0.0010170169864358,-162.5312439983,-9.5676319150689e-07,-417.97489176844,364.9457983727
51.116499999998,-3.6070390246788e-20,-1.2023491107793e-20,1.1207230115569e-36,0.0034250261666711,1.7311271197982,5.1742243917761,-1.648048023147e-32,-1.7451383933769e-12,3.4545115636752e-27,-5.5172306770942e-07,-2.4188495160436e-27,2.4188611510653e-27,1.1589484620563e-06,1.1589473284142e-06,-1.7866850612651e-16,-1.7866904785438e-16,2.4188502416163e-27,-2.4188473321888e-27,1.7866876192444e-16,1.7866876988297e-16,1.1589488947832e-06,1.1589500284263e-06,4.2198375947295e-07,3.5438773699865e-18,-1.7451383933769e-18,-150.11784656794,41.068545544186,360.31485530366,100000151.24706,-1.1756463178092e-13,-0.00048380482730556,-0.0011171237503696,-166.57280426774,-9.7984761512343e-07,-428.1968923057,373.86243457855
51.216499999998,-1.0197627679801e-19,-3.399216909119e-20,3.8153696483911e-36,0.0034250261666711,1.7311038445719,5.2371859145127,-5.4777349425358e-32,-5.6854422617786e-12,2.9977839829416e-27,-4.7877895665045e-07,-2.099048795367e-27,2.0990588921549e-27,1.0057221964221e-06,1.0057212126673e-06,-1.5504661648255e-16,-1.5504708658817e-16,2.099049425057e-27,-2.0990469002519e-27,1.5504683846126e-16,1.5504684536756e-16,1.0057225719429e-06,1.0057235556987e-06,3.6619267558524e-07,1.1820784693152e-17,-5.6854422617786e-18,-150.119896367,41.072615381771,360.31485530366,100000151.24706,-1.178768265084e-13,-0.00042415945054838,-0.0012172405366708,-170.61266872642,-1.0028876408313e-06,-438.40626607717,382.76764912031
51.316499999998,-2.8015413379334e-19,-9.3384918485816e-20,1.2614752224233e-35,0.0034250261666711,1.7310805493004,5.2994015113666,-1.7692276513831e-31,-1.7999040900883e-11,2.6014303490911e-27,-4.1547778645522e-07,-1.8215219213541e-27,1.8215306833656e-27,8.7275187463898e-07,8.7275102097134e-07,-1.3454774822037e-16,-1.3454815617276e-16,1.8215224679393e-27,-1.8215202768288e-27,1.3454794085105e-16,1.3454794684416e-16,8.7275220052734e-07,8.7275305419579e-07,3.1777697475407e-07,3.8292776916563e-17,-1.7999040900883e-17,-150.12194817109,38.196689111478,360.31485530366,100000151.24706,-1.1819657075246e-13,-0.00036456537856611,-0.0013173673473464,-174.65083837101,-1.0258863704183e-06,-448.60302461522,391.66145336682
51.416499999998,-7.4888829212337e-19,-2.4962997484425e-19,4.0561268431427e-35,0.0034250261666711,1.7310572340051,5.3608971529686,-5.5602391863718e-31,-5.544478430509e-11,2.2574466626518e-27,-3.6054249821254e-07,-1.5806644923361e-27,1.5806720963089e-27,7.5735490909417e-07,7.5735416836552e-07,-1.1675891804197e-16,-1.1675927205784e-16,1.580664967116e-27,-1.5806630653465e-27,1.1675908520455e-16,1.1675909040501e-16,7.5735519194385e-07,7.5735593267321e-07,2.7575991873475e-07,1.2063609529596e-16,-5.544478430509e-17,-150.1240017211,38.200766976673,360.31485530366,100000151.24706,-1.1851986771019e-13,-0.00030502255520851,-0.0014175041844042,-178.68731419675,-1.0488403946548e-06,-458.78717944016,400.54385867571
51.516499999998,-1.950228940023e-18,-6.5007770594401e-19,1.2699370021617e-34,0.0034250261666711,1.7310338987075,5.4216973378282,-1.7024202352811e-30,-1.6639288242492e-10,1.9588430042975e-27,-3.1286065938703e-07,-1.3715821656433e-27,1.3715887654798e-27,6.5719452601712e-07,6.5719388344573e-07,-1.0132157747822e-16,-1.0132188468681e-16,1.3715825790503e-27,-1.3715809276612e-27,1.0132172253931e-16,1.013217270513e-16,6.5719477161178e-07,6.5719541418378e-07,2.3929071439223e-07,3.7006216141553e-16,-1.6639288242492e-16,-150.12605722205,38.20484916831,360.31485530366,100000151.24706,-1.1884671738161e-13,-0.00024553092442383,-0.0015176510498522,-182.72209719736,-1.071753491652e-06,-468.9587420603,409.41487639343
51.616499999998,-4.9530201950339e-18,-1.6510102087245e-18,3.8761587687302e-34,0.0034250261666711,1.731010543429,5.4818252065657,-5.0839883557664e-30,-4.8704875129474e-10,1.6994255579889e-27,-2.7145494246608e-07,-1.1899380300426e-27,1.1899437608303e-27,5.7021775294266e-07,5.7021719598417e-07,-8.7924116982882e-17,-8.7924383567594e-17,1.189938392946e-27,-1.1899369567667e-27,8.7924242862955e-17,8.7924246775784e-17,5.702179664761e-07,5.7021852343512e-07,2.0762198973523e-07,1.1066746727265e-15,-4.8704875129474e-16,-150.12811416073,38.208935106071,360.31485530366,100000151.24706,-1.1915047441411e-13,-0.00018609043025924,-0.0016178079456995,-186.75518836513,-1.0946221508192e-06,-479.11772397198,418.27451785526
51.716499999998,-1.2278062318413e-17,-4.0926959132374e-18,1.1546421955152e-33,0.0034250261666709,1.730987168191,5.5413026449948,-1.4824335882202e-29,-1.3920095407403e-09,1.4734567157626e-27,-2.3544403655548e-07,-1.0317146106907e-27,1.0317195939771e-27,4.9457330958203e-07,4.9457282813841e-07,-7.6294852974815e-17,-7.629508429248e-17,1.031714937662e-27,-1.0317136823321e-27,7.6294962205359e-17,7.6294965593439e-17,4.9457349604507e-07,4.9457397748914e-07,1.8008004552011e-07,3.229913518886e-15,-1.3920095407403e-15,-150.1301734891,38.213026386746,360.31485530366,100000151.24706,-1.194711068366e-13,-0.00012670101685945,-0.0017179748739553,-190.78658869086,-1.1174476641266e-06,-489.26413665952,427.1227943853
51.816499999998,-2.9713634864181e-17,-9.9045650960485e-18,3.3602161110433e-33,0.0034250261666688,1.730963773015,5.6001503773571,-4.224911195072e-29,-3.8885061471736e-09,1.2749533600041e-27,-2.0397317204924e-07,-8.9272252527478e-28,8.9272687844329e-28,4.2846566781225e-07,4.2846525526411e-07,-6.6194619847066e-17,-6.6194820521822e-17,8.927228431787e-28,-8.9272172828691e-28,6.6194714617132e-17,6.619471753674e-17,4.2846583284433e-07,4.2846624539284e-07,1.5601210553327e-07,9.2094751539119e-15,-3.8885061471736e-15,-150.13223444945,38.217121317029,360.31485530366,100000151.24706,-1.1979618015118e-13,-6.7362628467995e-05,-0.0018181518366297,-194.81629916384,-1.1402312751888e-06,-499.39799159519,435.95971729646
51.916499999998,-7.0092443366675e-17,-2.3364194264567e-17,9.5627000710939e-33,0.0034250261666646,1.7309403579222,5.658388050836,-1.1779938043055e-28,-1.0626875918916e-08,1.0960038571956e-27,-1.7606199872926e-07,-7.6742204012883e-28,7.6742589715166e-28,3.6983550402337e-07,3.6983516033341e-07,-5.740697453041e-17,-5.7407148510316e-17,7.6742241077746e-28,-7.6742137265443e-28,5.7407056719091e-17,5.7407059197208e-17,3.6983565598218e-07,3.698359996724e-07,1.3467096197736e-07,2.5678612180646e-14,-1.0626875918916e-14,-150.13429759385,38.221220223786,360.31485530366,100000151.24706,-1.2011947710893e-13,-8.0752094254753e-06,-0.0019183388357336,-198.84432077198,-1.1629749336901e-06,-509.51930023949,444.78529789064
52.016499999998,-1.6006022346572e-16,-5.3353510187649e-17,2.6636764242616e-32,0.0034250261666535,1.7309169229339,5.7160343123217,-3.2161618720083e-28,-2.8437869527111e-08,9.2252983620086e-28,-1.5024027472451e-07,-6.459554598608e-28,6.4595902181888e-28,3.1559442632813e-07,3.1559416634477e-07,-4.9721299582598e-17,-4.9721450126129e-17,6.4595603899173e-28,-6.4595494674942e-28,4.9721370767239e-17,4.97213727709e-17,3.1559458144821e-07,3.1559484143165e-07,1.1493883305141e-07,7.008014037514e-14,-2.8437869527111e-14,-150.13636149437,38.225323488626,360.31485530366,100000151.24706,-1.2045032358325e-13,5.1161295830813e-05,-0.002018535873278,-202.87065450156,-1.1856731355524e-06,-519.6280740406,453.59954745831
52.116499999998,-3.4548932729076e-16,-1.1516331173826e-16,7.2684290471197e-32,0.0034250261666249,1.7308934680714,5.7731068782833,-8.605291556328e-28,-7.4579669864779e-08,7.2356641959343e-28,-1.2365569358337e-07,-5.0664112617231e-28,5.0664478722885e-28,2.5975087357537e-07,2.5975074821729e-07,-4.289761441973e-17,-4.2897743929167e-17,5.0664231435247e-28,-5.0664085831949e-28,4.2897675833574e-17,4.2897677191616e-17,2.5975106877618e-07,2.5975119413396e-07,9.4651142786356e-08,1.873594795021e-13,-7.4579669864779e-14,-150.13842882466,38.229430862134,360.31485530366,100000151.24706,-1.2077317645179e-13,0.00011034694276761,-0.0021187429512747,-206.89530133719,-1.2083320467586e-06,-529.72432443426,462.40247727839
52.216499999998,-6.4605598129678e-16,-2.15352262713e-16,1.9444942550244e-31,0.0034250261665511,1.730869993356,5.8296225984848,-2.2582298351302e-27,-1.9183059258854e-07,4.2444606285448e-28,-8.9898407778161e-08,-2.9719669420784e-28,2.9720135455387e-28,1.8884030328678e-07,1.8884045210028e-07,-3.6586815101854e-17,-3.6586924602974e-17,2.9719951597878e-28,-2.9719692867415e-28,3.6586867477027e-17,3.6586867687369e-17,1.8884062754429e-07,1.8884047872953e-07,6.8947488541196e-08,4.9109163225214e-13,-1.9183059258854e-13,-150.14049725332,38.233543222716,360.31485530366,100000151.24706,-1.2109514114193e-13,0.00016948178676154,-0.0022189600717359,-210.91826226146,-1.2309437268407e-06,-539.8080628429,471.19409861749
52.316499999998,-6.1263328554786e-16,-2.042105556609e-16,5.1039761203348e-31,0.0034250261663638,1.7308464988089,5.8855975141903,-5.8165837098141e-27,-4.8429693133701e-07,-1.5923657504755e-28,-3.37665662265e-08,1.1149878248463e-28,-1.1149094928655e-28,7.0929665232467e-08,7.0930444033369e-08,-3.0145567467022e-17,-3.0145655262845e-17,-1.1149174300479e-28,1.1149737311369e-28,3.0145610611397e-17,3.0145608377596e-17,7.0930335169346e-08,7.0929556364886e-08,2.6303372654263e-08,1.2629448531638e-12,-4.8429693133701e-13,-150.14256740305,38.23765925258,360.31485530366,100000151.24706,-1.2142465534863e-13,0.00022856588310552,-0.0023191872366754,-214.9395382541,-1.25351501517e-06,-549.87930067357,479.97442272809
52.416499999998,3.6498804907304e-15,1.2166348234917e-15,1.3153968039113e-30,0.0034250261658961,1.7308229844512,5.9410469114227,-1.4715308885051e-26,-1.2008983919952e-06,-1.4815211731536e-27,8.1128679779901e-08,1.0373646933925e-27,-1.037348388294e-27,-1.7041955694036e-07,-1.7041727180802e-07,-2.2207606336724e-17,-2.2207664746021e-17,-1.0373470237781e-27,1.0373604115111e-27,2.2207638094427e-17,2.2207630232945e-17,-1.7041801797548e-07,-1.7042030311704e-07,-6.0867771141667e-08,3.1889781333544e-12,-1.2008983919952e-12,-150.14463975755,38.24177960051,360.31485530366,100000151.24706,-1.2172708011353e-13,0.00028759928703294,-0.0024194244481063,-218.95913028999,-1.2760393389587e-06,-559.93804931298,488.74346084427
52.516499999998,3.741453553966e-14,1.2471568960594e-14,3.3307671461927e-30,0.0034250261647492,1.7307994503042,5.9959853697535,-3.6589779031002e-26,-2.9267722997794e-06,-4.6468091861266e-27,3.4123422656295e-07,3.25370489388e-27,-3.2536672940361e-27,-7.1679795065201e-07,-7.1679204953253e-07,-9.7021216542078e-18,-9.7021293670378e-18,-3.253660944087e-27,3.2536935528724e-27,9.7021354547936e-18,9.7021143638071e-18,-7.1679429534744e-07,-7.1680019648986e-07,-2.5810780041486e-07,7.9114692010426e-12,-2.9267722997794e-12,-150.14671448771,38.245905487337,360.31485530366,100000151.24706,-1.2204860071446e-13,0.00034658205376227,-0.0025196717080428,-222.97703933454,-1.2985240004203e-06,-569.98432011595,497.50122417156
52.616499999998,2.494576434215e-13,8.315289598785e-14,8.2917910710844e-30,0.0034250261619828,1.7307758963892,6.0504268070262,-8.9476921789875e-26,-7.0150624194783e-06,-1.2301699968035e-26,9.4921866277916e-07,8.6136729239385e-27,-8.6135834039181e-27,-1.9939317004714e-06,-1.9939171978905e-06,1.4361766537072e-17,1.436186198468e-17,-8.6135651172297e-27,8.6136443895452e-27,-1.4361787314877e-17,-1.4361839421658e-17,-1.9939230010514e-06,-1.9939375036881e-06,-7.1909315460414e-07,1.9296493565548e-11,-7.0150624194783e-12,-150.14879038652,38.250034067549,360.31485530366,100000151.24706,-1.2236967722618e-13,0.00040551423860858,-0.0026199290185,-226.9932663329,-1.3209504303245e-06,-580.01812437863,506.2477238637
52.716499999998,1.4710547468721e-12,4.9035356317684e-13,2.0306331804756e-29,0.0034250261554176,1.7307523227277,6.1043845203082,-2.1531806545739e-25,-1.6545935860999e-05,-3.0691264535706e-26,2.3732223405433e-06,2.1490078489751e-26,-2.1489864971524e-26,-4.9851976728336e-06,-4.9851629820056e-06,6.5820473836636e-17,6.5820795524581e-17,-2.1489818020505e-26,2.1490008638071e-26,-6.5820568582984e-17,-6.5820692604216e-17,-4.9851771623898e-06,-4.9852118533503e-06,-1.7988425444352e-06,4.6299648347231e-11,-1.6545935860999e-11,-150.15086947019,38.254167947013,360.31485530366,100000151.24706,-1.2266988154505e-13,0.00046439589723603,-0.0027201963814936,-231.0078121859,-1.3433115466016e-06,-590.03947327851,514.98297097029
52.816499999998,8.1740816224568e-12,2.7247046660678e-12,4.8948834805201e-29,0.0034250261400821,1.7307287293417,6.1578712232141,-5.1016650472241e-25,-3.8424834118855e-05,-7.432819289192e-26,5.6784245958527e-06,5.2044732542446e-26,-5.2044227894141e-26,-1.1928114359906e-05,-1.1928032970456e-05,1.8014263077323e-16,1.8014345983195e-16,-5.2044112727121e-26,5.2044564844868e-26,-1.8014288987431e-16,-1.8014317836492e-16,-1.1928066633759e-05,-1.192814802352e-05,-4.3052456019443e-06,1.0934616209136e-10,-3.8424834118855e-11,-150.15295104547,38.25830667654,360.31485530366,100000151.24706,-1.2297941173732e-13,0.00052322708621602,-0.0028204737990393,-235.02067769626,-1.3655721100389e-06,-600.0483777407,523.70697632029
52.916499999998,4.3644799995976e-11,1.4548323479103e-11,1.1620287411081e-28,0.0034250261047979,1.7307051162546,6.2108990794693,-1.1907942518124e-24,-8.7907195133704e-05,-1.7643963377824e-25,1.3252839997472e-05,1.2354334257355e-25,-1.2354216488188e-25,-2.7838951287657e-05,-2.783876344602e-05,4.3570747798495e-16,4.357094444132e-16,-1.2354188945408e-25,1.2354294654693e-25,-4.3570810452005e-16,-4.3570876379038e-16,-2.7838841790854e-05,-2.7839029633207e-05,-1.0049722617527e-05,2.5432639588798e-10,-8.7907195133704e-11,-150.15503751358,38.262450142436,360.31485530366,100000151.24707,-1.2330537323036e-13,0.00058200786425319,-0.0029207612731541,-239.03186345043,-1.3876576440876e-06,-610.04484814427,532.41975026614
53.016499999998,2.2554965188185e-10,7.5183507399671e-11,2.7181843863282e-28,0.0034250260247969,1.7306814834925,6.2634797320887,-2.7395193103999e-24,-0.00019821991641661,-4.1201042127759e-25,3.0373561759688e-05,2.8849041964957e-25,-2.8848770852361e-25,-6.38027837617e-05,-6.3802356713463e-05,1.0033310669317e-15,1.0033355600671e-15,-2.884870618076e-25,2.8848949843462e-25,-1.00333250958e-15,-1.0033339928844e-15,-6.3802536081887e-05,-6.3802963131751e-05,-2.3035669080224e-05,5.8286020658072e-10,-1.9821991641661e-10,-150.15713127817,38.266600937591,360.31485530366,100000151.24707,-1.236268938313e-13,0.00064073829485293,-0.003021058805855,-243.04136956348,-1.4094179105428e-06,-620.02889368891,541.12130213186
53.116499999998,1.1317031917729e-09,3.7723583686148e-10,6.2681756826868e-28,0.0034250258459609,1.7306578310876,6.3156243265274,-6.2148889484193e-24,-0.0004407449100143,-9.4791591329838e-25,6.8540310391202e-05,6.6373237810433e-25,-6.6372622173545e-25,-0.00014397595317724,-0.00014397499606223,2.2501942319956e-15,2.2502042713013e-15,-6.6372472679277e-25,6.6373026569974e-25,-2.250197467374e-15,-2.250200756663e-15,-0.00014397540066285,-0.00014397635778152,-5.1988196149429e-05,1.3168407862304e-09,-4.407449100143e-10,-150.15923831932,38.270761378365,360.31485530367,100000151.24708,-1.2393509175595e-13,0.00069941845200375,-0.0031213663991599,-247.04919513437,-1.4305038100361e-06,-630.00052104375,549.81163903579
53.216499999998,5.522551159691e-09,1.8408573376769e-09,1.4256262789558e-27,0.0034250254516292,1.7306341590852,6.3673435242064,-1.3909511864974e-23,-0.00096680473987991,-2.1505488735005e-24,0.00015247610556843,1.5058180626e-24,-1.5058042691793e-24,-0.00032029169490825,-0.00032028957900084,4.9550414353552e-15,4.9550634931285e-15,-1.5058008628528e-24,1.5058132848956e-24,-4.9550485597768e-15,-4.9550557538413e-15,-0.00032029047894089,-0.00032029259485642,-0.00011566734131741,2.9342437242324e-09,-9.6680473987991e-10,-150.16137614219,38.27493552992,360.31485530369,100000151.24709,-1.2425794462453e-13,0.00075804843218187,-0.0032216840550873,-251.05533709992,-1.4501991658648e-06,-639.9597315072,558.49076341606
53.316499999998,2.6239604322888e-08,8.7465674634774e-09,3.1993701770977e-27,0.0034250245936098,1.7306104675579,6.4186474989129,-3.0725442981047e-23,-0.0020930610124302,-4.8139200635966e-24,0.00033463872054002,3.3707151721221e-24,-3.3706846686414e-24,-0.00070294293315642,-0.00070293831708847,1.0748070151648e-14,1.0748117919134e-14,-3.370677012383e-24,3.3707045087464e-24,-1.0748085605374e-14,-1.0748101131861e-14,-0.00070294029201146,-0.00070294490809711,-0.00025388283577013,6.4511468281184e-09,-2.0930610124302e-09,-150.16357810475,38.27913660974,360.31485530372,100000151.24713,-1.2456481028154e-13,0.00081662837932599,-0.0033220117756566,-255.05978785377,-1.4669920328685e-06,-649.90651511166,567.15866789449
53.416499999998,1.2149739772665e-07,4.0499282416495e-08,7.0876081185067e-27,0.0034250227505851,1.7305867566359,6.4695459009682,-6.7014803460728e-23,-0.0044738214813233,-1.0637094033313e-23,0.00072491837252581,7.4481116120054e-24,-7.4480450044145e-24,-0.0015227653172296,-0.0015227553756027,2.2998941099351e-14,2.2999043171253e-14,-7.4480280201675e-24,7.4480881162044e-24,-2.2998974167674e-14,-2.2999007249733e-14,-0.0015227596534163,-0.0015227695950811,-0.00055003824124497,1.3999763044393e-08,-4.4738214813233e-09,-150.1659130771,38.283392333012,360.3148553038,100000151.24721,-1.2482060567943e-13,0.00087515853618015,-0.0034223495628877,-259.06253036255,-1.4777537337771e-06,-659.84083854254,575.81532475185
53.516499999998,5.4862398716969e-07,1.828753322717e-07,1.5505416646923e-26,0.0034250188411891,1.7305630265667,6.5200477593765,-1.4437714645967e-22,-0.0094441743163402,-2.3211485749051e-23,0.0015506420706874,1.6252722266513e-23,-1.6252578598853e-23,-0.0032572824894253,-0.0032572613455233,4.8587799985237e-14,4.8588015349803e-14,-1.6252541396664e-23,1.625267113606e-23,-4.8587869846068e-14,-4.8587939462e-14,-0.0032572704944557,-0.0032572916384386,-0.0011766864401012,2.9997497460326e-08,-9.4441743163402e-09,-150.1685073466,38.287749843007,360.31485530397,100000151.24739,-1.2508483877228e-13,0.00093363934848194,-0.0035226974188002,-263.0635282751,-1.4760974973036e-06,-669.76262069435,584.46066463392
53.616499999998,2.4171339059468e-06,8.0571422386509e-07,3.3510194752808e-26,0.0034250106500999,1.7305392778364,6.5701612642461,-3.073543470375e-22,-0.019693722738473,-5.0038602561618e-23,0.0032762243986817,3.5037115332764e-23,-3.503680912857e-23,-0.0068820447815939,-0.0068820003659781,1.013958868614e-13,1.0139633575745e-13,-3.5036728635939e-23,3.5037005400379e-23,-1.0139603265195e-13,-1.0139617739084e-13,-0.0068820196893194,-0.0068820641051058,-0.0024863792679887,6.3477749772702e-08,-1.9693722738473e-08,-150.17164204743,38.292314981358,360.31485530432,100000151.24775,-1.2535928591692e-13,0.00099207167366857,-0.0036230553454157,-267.06270615025,-1.4491627934633e-06,-679.67168385121,593.09453402511
53.716499999998,1.0392725301507e-05,3.4642542005896e-06,7.1569545991921e-26,0.003424993696123,1.7305155114085,6.6198933198772,-6.4675325711476e-22,-0.04056762616341,-1.066064599076e-22,0.0068383383588797,7.4646025457815e-23,-7.4645380362776e-23,-0.014364629593554,-0.014364537443095,2.0910629305224e-13,2.091072177326e-13,-7.4645208267956e-23,7.4645791854047e-23,-2.0910659371449e-13,-2.0910689113733e-13,-0.014364577747377,-0.01436466989819,-0.0051902535019209,1.3265988510392e-07,-4.056762616341e-08,-150.17586925117,38.297295268589,360.31485530506,100000151.2485,-1.2557822191024e-13,0.0010504571931303,-0.0037234233447555,-271.05991048327,-1.3714543036228e-06,-689.56765754826,601.71661150674
53.816499999998,4.3591819398935e-05,1.4530658036455e-05,1.5110100336715e-25,0.00342495903633,1.7304917291882,6.6692486655829,-1.3456239807706e-21,-0.082524026582561,-2.2453177123404e-22,0.014100200912824,1.572175287884e-22,-1.5721618502611e-22,-0.029618914535144,-0.029618725784346,4.263030808656e-13,4.2630496390333e-13,-1.5721582132232e-22,1.572170380157e-22,-4.2630369382755e-13,-4.2630429807445e-13,-0.029618808769933,-0.029618997521458,-0.010703066431318,2.7371412171884e-07,-8.2524026582562e-08,-150.18227093431,38.303099295865,360.31485530656,100000151.25003,-1.2582247098833e-13,0.0011087992131789,-0.0038238014188419,-275.05483414519,-1.1933995995427e-06,-699.44979236005,610.32624556519
53.916499999998,0.00017812668955996,5.9375771181344e-05,3.1542536471286e-25,0.0034248890984356,1.7304679349046,6.7182282036395,-2.7688224317686e-21,-0.16562118432017,-4.6763715444689e-22,0.028708718472962,3.274403298225e-22,-3.2743756157469e-22,-0.060305598903793,-0.060305217652869,8.5941164102101e-13,8.5941543306491e-13,-3.2743680155869e-22,3.2743931018255e-22,-8.5941287674197e-13,-8.5941409076221e-13,-0.060305386133185,-0.060305767385571,-0.021794361915797,5.5702009102897e-07,-1.6562118432017e-07,-150.19294505813,38.310515230882,360.31485530959,100000151.25312,-1.2605917054945e-13,0.001167104187677,-0.0039241895696978,-279.04687306501,-8.2131883978492e-07,-709.31660706419,618.92214728373
54.016499999998,0.00070679673798062,0.00023559972422959,6.5113836232132e-25,0.0034247500274605,1.730444135735,6.7668259405431,-5.6351956471567e-21,-0.32724054361926,-9.6331752805471e-22,0.057653821786983,6.7451656430046e-22,-6.7451092373933e-22,-0.12110774521038,-0.12110698770925,1.7136121766636e-12,1.7136197298808e-12,-6.7450935304239e-22,6.745144688836e-22,-1.7136146406462e-12,-1.7136170533386e-12,-0.1211073241659,-0.12110808166991,-0.043773540319467,1.1156344409298e-06,-3.2724054361926e-07,-150.21182158296,38.321023385388,360.31485531562,100000151.25926,-1.2631230141054e-13,0.0012253845190583,-0.0040245877993458,-283.0348632322,-8.6116099374786e-08,-719.16524187536,627.50182706082
54.116499999998,0.0027055826254098,0.00090186390819091,1.3291650486729e-24,0.0034244783948341,1.7304203451311,6.8150237155476,-1.1343511284619e-20,-0.63390251081329,-1.9629303767087e-21,0.11393022741088,1.3744471635338e-21,-1.3744357965004e-21,-0.2393220787369,-0.23932060542804,3.3799068531065e-12,3.379921736056e-12,-1.3744325856931e-21,1.3744429036648e-21,-3.3799117131403e-12,-3.3799164565599e-12,-0.23932126318171,-0.23932273649607,-0.086514186921875,2.1897783955844e-06,-6.3390251081332e-07,-150.24595173165,38.337270090174,360.31485532743,100000151.27125,-1.265743140543e-13,0.0012836634327712,-0.0041249961098106,-287.01662436957,1.2929749783122e-06,-728.99033770531,636.06061858888
54.216499999998,0.0098718425538393,0.0032906248478656,2.6820823078146e-24,0.003423960416817,1.7303965872521,6.8627830574785,-2.2577315178616e-20,-1.1947970932558,-3.9562601245424e-21,0.22054877225984,2.7701799982939e-21,-2.7701573505754e-21,-0.46328519832613,-0.46328241784047,6.5941434292337e-12,6.5941724380094e-12,-2.7701508586042e-21,2.7701714319774e-21,-6.5941529114409e-12,-6.594162136562e-12,-0.46328366575626,-0.46328644625191,-0.16750928232602,4.1797308934254e-06,-1.1947970932559e-06,-150.30704402968,38.363637144929,360.31485535001,100000151.29412,-1.2682211584053e-13,0.0013419826210964,-0.0042254145031164,-290.98824731138,3.708934689346e-06,-738.78228912065,644.59015750719
54.316499999998,0.033647421132162,0.011215841280936,5.3460157036584e-24,0.0034230060283462,1.7303729025288,6.9100352613101,-4.4398415267002e-20,-2.1639819241625,-7.8842531701464e-21,0.41504831517678,5.5205673016523e-21,-5.5205227245256e-21,-0.87185126701665,-0.87184624874346,1.2721650140587e-11,1.2721706056065e-11,-5.5205097449883e-21,5.5205502675752e-21,-1.2721668435268e-11,-1.2721686177654e-11,-0.87184851375948,-0.87185353204967,-0.31532141644625,7.6599237746229e-06,-2.1639819241627e-06,-150.41190635333,38.406364805757,360.31485539178,100000151.33627,-1.2708146394137e-13,0.0014004118312599,-0.0043258429812889,-294.94320709008,7.5121152564979e-06,-748.52507735961,653.07649458517
54.416499999998,0.10402158873217,0.034673959167459,1.0512747458255e-23,0.0034213332752042,1.7303493511001,6.9566760410787,-8.6160234338537e-20,-3.6994218563975,-1.5524686159949e-20,0.75056793110662,1.0870411228934e-20,-1.0870324662505e-20,-1.5766442245345,-1.5766357416945,2.425380330923e-11,2.4253909829739e-11,-1.0870299018118e-20,1.0870377757824e-20,-2.4253838192585e-11,-2.4253871916277e-11,-1.5766395945173,-1.5766480773834,-0.5704465358042,1.3234340062696e-05,-3.6994218563981e-06,-150.57846436227,38.471985502408,360.31485546542,100000151.41014,-1.2734880564062e-13,0.0014590547770081,-0.0044262815463538,-298.87183467674,1.2535574931702e-05,-758.19499928519,661.4989896258
54.516499999998,0.28179431450135,0.093931664451502,2.0363467327623e-23,0.0034185978635221,1.7303260067151,7.0025785930672,-1.6475002609321e-19,-5.8511498138784,-3.0171670067585e-20,1.2855566809622,2.1126253730144e-20,-2.112608813719e-20,-2.7004420596781,-2.700428942191,4.5649358943545e-11,4.5649559310679e-11,-2.1126038116682e-20,2.1126188807279e-20,-4.5649424615366e-11,-4.5649487903861e-11,-2.7004349425314,-2.7004480600533,-0.97755803363364,2.112107126966e-05,-5.8511498138797e-06,-150.81406323179,35.682883770733,360.31485558679,100000151.53093,-1.276072655464e-13,0.001518038596129,-0.0045267302003374,-302.76234327542,1.7511588503223e-05,-767.763229414,669.83254420366
54.616499999998,0.65124919507121,0.21708349721032,3.8802514544766e-23,0.0034144936985213,1.7303029354891,7.0476345761318,-3.0999683766458e-19,-8.4465753363077,-5.7802975955921e-20,2.0581005069638,4.0473739964998e-20,-4.0473428348236e-20,-4.3232478556617,-4.3232296047779,8.4724687811099e-11,8.4725059559929e-11,-4.047333213802e-20,4.0473615800317e-20,-8.4724809750102e-11,-8.4724926893799e-11,-4.3232380201473,-4.3232562710705,-1.5659829463054,3.0708815235957e-05,-8.4465753363098e-06,-151.1025735763,35.792608525353,360.31485577055,100000151.71216,-1.2787416313839e-13,0.0015774771915606,-0.0046271889452665,-306.60428774916,2.0493514334297e-05,-777.20434715603,678.0550297875
54.716499999998,1.2785095417725,0.42617052513703,7.2703750535534e-23,0.0034088716337112,1.7302801705373,7.0918007487761,-5.7374779250375e-19,-11.149565926986,-1.09059079197e-19,3.0608770185049,7.6363348320348e-20,-7.6362771627957e-20,-6.4296799294928,-6.4296570628015,1.5492541736333e-10,1.5492609712497e-10,-7.6362589318901e-20,7.6363114380778e-20,-1.5492564049665e-10,-1.5492585418754e-10,-6.4296676969626,-6.4296905636926,-2.3304759039079,4.0754979862919e-05,-1.1149565926988e-05,-151.40917803644,33.027989992049,360.31485602452,100000151.96042,-1.2812418533481e-13,0.0016374274930898,-0.0047276577831692,-310.39263240345,2.0700879625845e-05,-786.50630358706,686.15596810565
54.816499999998,2.1766529684178,0.72555190584382,1.340333174859e-22,0.0034017627808319,1.7302577066806,7.1351060820375,-1.0451557257826e-18,-13.690673065629,-2.02587841661e-19,4.2438900059507,1.4185234239118e-19,-1.4185129202759e-19,-8.9147161363934,-8.9146898463328,2.7903634418018e-10,2.7903756897063e-10,-1.4185095179515e-19,1.4185190824897e-19,-2.790367464925e-10,-2.7903713060784e-10,-8.9147021783426,-8.9147284684385,-3.233070963839,5.0243387265078e-05,-1.3690673065631e-05,-151.7044485638,33.13823529989,360.31485634795,100000152.27434,-1.2837021072646e-13,0.0016978803640716,-0.0048281367160733,-314.12852933731,1.9292339751754e-05,-795.67225870287,694.13812830212
54.916499999998,3.3222542420778,1.1074192126089,2.4340456103787e-22,0.0033932898470715,1.7302355190541,7.1776146155425,-1.875980059708e-18,-15.998452708862,-3.7066271197562e-19,5.5431228592412,2.5953864407291e-19,-2.5953675889341e-19,-11.643883274002,-11.643854789905,4.9520892212854e-10,4.952110975225e-10,-2.5953613332087e-19,2.5953785015707e-19,-4.9520963714707e-10,-4.9521031781494e-10,-11.643868262295,-11.643896746423,-4.2248701997386,5.889143711408e-05,-1.5998452708865e-05,-151.9796342936,33.24034242794,360.31485673533,100000152.64849,-1.2862467381316e-13,0.0017587927299069,-0.0049286257460079,-317.81626099536,1.7847069530637e-05,-804.71301620646,702.01093456869
55.016499999998,4.6918871803097,1.5639637280275,4.3589542153632e-22,0.0033835688357741,1.7302135840138,7.2193859628839,-3.3214763662076e-18,-18.135324072822,-6.6848731190581e-19,6.9059239193485,4.6807592031316e-19,-4.6807258236712e-19,-14.506581435312,-14.506551657025,8.6660962947381e-10,8.6661344099045e-10,-4.6807144831242e-19,4.6807448857529e-19,-8.666108830254e-10,-8.6661207296784e-10,-14.506565852151,-14.506595630467,-5.2655341067352,6.6921991336335e-05,-1.8135324072825e-05,-152.24099552288,33.336754481344,360.31485718112,100000153.07776,-1.2888624232727e-13,0.0018201236430984,-0.0050291248750026,-321.45986750837,1.7100052435781e-05,-813.63873869861,709.78324987145
55.116499999998,6.2770447817065,2.0923497980756,7.7040757464021e-22,0.0033726680774784,1.730191887963,7.2604595496561,-5.8053752696007e-18,-20.190998087797,-1.1893520602206e-18,8.2984491803182,8.3278627621873e-19,-8.3278044092028e-19,-17.431718045674,-17.431687514852,1.4965999967435e-09,1.4966065895572e-09,-8.3277841234097e-19,8.3278372797221e-19,-1.4966021662871e-09,-1.4966042201043e-09,-17.431702177378,-17.431732708228,-6.3290852020588,7.4665887961456e-05,-2.0190998087801e-05,-152.49849939337,27.671148448872,360.31485768191,100000153.55912,-1.291273827369e-13,0.0018818494958022,-0.0051296341050873,-325.06174762456,1.7056577884587e-05,-822.4555358205,717.46040582456
55.216499999998,8.0803766608575,2.6934606345747,1.3445238627822e-21,0.0033606113534533,1.7301704267748,7.3008564458214,-1.0021817290789e-17,-22.232070169871,-2.0889538122682e-18,9.7017742419459,1.46268890702e-18,-1.4626788303939e-18,-20.379540600835,-20.379509610663,2.5522610475339e-09,2.5522723126815e-09,-1.4626752473822e-18,1.4626844278891e-18,-2.5522647566937e-09,-2.5522682587139e-09,-20.379524601789,-20.379555591988,-7.4009836644975,8.2370781958171e-05,-2.2232070169875e-05,-152.76006586837,22.006371161451,360.31485823641,100000154.09153,-1.2937207585845e-13,0.0019439630123948,-0.0052301534382927,-328.62277089894,1.7486371282501e-05,-831.16575905333,725.04446073332
55.316499999998,10.108869612073,3.3696251709546,2.3177804291818e-21,0.0033473938765109,1.7301492024278,7.3405860597605,-1.7093186474757e-17,-24.296829767271,-3.6238829262153e-18,11.105865784971,2.5374488058791e-18,-2.5374316123231e-18,-23.328973158407,-23.328941862656,4.30035931453e-09,4.3003783389861e-09,-2.5374253601716e-18,2.5374410266448e-18,-4.3003655818096e-09,-4.3003714839389e-09,-23.328957110804,-23.328988406582,-8.4735195978873,9.0179703727855e-05,-2.4296829767276e-05,-153.03070654959,19.224171684851,360.31485884476,100000154.67519,-1.296256507617e-13,0.0020064674423675,-0.0053306828766502,-332.14282810931,1.8185044491813e-05,-839.76936169438,732.53538458125
55.416499999998,12.370043435959,4.1233500073375,3.9476125473665e-21,0.0033329955962841,1.7301282201837,7.3796515666725,-2.8811152922858e-17,-26.404568368902,-6.2117176925978e-18,12.505226668572,4.3494549838028e-18,-4.3494259900971e-18,-26.268468447297,-26.268436930153,7.1616174482161e-09,7.1616492139883e-09,-4.3494152080065e-18,4.349441629214e-18,-7.1616279180733e-09,-7.1616377534632e-09,-26.268452398134,-26.268483915304,-9.5424717314031,9.8164964581813e-05,-2.6404568368907e-05,-153.31343442065,19.325560344937,360.31485950782,100000155.311,-1.2988277837564e-13,0.0020693716888262,-0.0054312224221919,-335.62128822623,1.9029386073479e-05,-848.26502288235,739.93203806014
55.516499999998,14.87075802948,4.9569217755406,6.6440866476384e-21,0.003317389009575,1.7301074869232,7.4180530565403,-4.7999625276162e-17,-28.564535675692,-1.0523602125349e-17,13.896496996692,7.368643594152e-18,-7.3685952661697e-18,-29.190968680209,-29.190936992809,1.1791531978066e-08,1.1791584434981e-08,-7.368576884126e-18,7.3686209270981e-18,-1.1791549275607e-08,-1.179156548586e-08,-29.19095266011,-29.190984347536,-10.60526328139,0.00010636137013647,-2.8564535675697e-05,-153.61021797601,19.431159323539,360.31486022685,100000156.00016,-1.3015189639494e-13,0.0021326874383284,-0.0055317720769501,-339.05726629323,1.9958077939635e-05,-856.6508050407,747.23274509497
55.616499999998,17.617137054237,5.8723816957001,1.1052038831042e-20,0.0033005429978045,1.7300870103264,7.4557890707546,-7.9053509789966e-17,-30.781350256866,-1.7624944793423e-17,15.277315687464,1.234101549161e-17,-1.2340935855448e-17,-32.091514173156,-32.091482350603,1.9199130200613e-08,1.9199215892852e-08,-1.2340904867023e-17,1.2340977444181e-17,-1.9199158469503e-08,-1.9199184899777e-08,-32.091498204936,-32.091530027517,-11.66008579485,0.00011478640536058,-3.0781350256872e-05,-153.92259713311,16.661432266918,360.31486100329,100000156.74406,-1.3041346489411e-13,0.0021964277470788,-0.0056323318429581,-342.44975491921,2.0944008030879e-05,-864.92447608472,754.43557339449
55.716499999997,20.61473503604,6.8715812761669,1.8172556072014e-20,0.0032824245275283,1.7300667985087,7.4928572823334,-1.2872697140516e-16,-33.057640605947,-2.9186350838095e-17,16.645823264036,2.0436331188052e-17,-2.0436201442481e-17,-34.966198911059,-34.966166979893,3.091914424397e-08,3.0919282746808e-08,-2.0436149777042e-17,2.0436268019674e-17,-3.0919189952435e-08,-3.0919232591704e-08,-34.966183013417,-34.966214944611,-12.705516273381,0.00012345011772844,-3.3057640605953e-05,-154.25199678372,13.896783891721,360.31486183866,100000157.54415,-1.3066481933766e-13,0.0022606064130988,-0.0057329017222495,-345.79768250225,2.197584403706e-05,-873.08365190122,761.53845849635
55.816499999997,23.868654574334,7.9562213832398,2.9540012449663e-20,0.0032629993795867,1.7300468598648,7.5292547894634,-2.0727003126809e-16,-35.395167973933,-4.7795524758271e-17,18.000448614865,3.34665057145e-17,-3.3466296691302e-17,-37.811722617752,-37.811690599278,4.9258265324139e-08,4.9258486851052e-08,-3.346621148648e-17,3.3466401964998e-17,-4.9258338458258e-08,-4.9258406533022e-08,-37.811706806903,-37.811738825403,-13.740352991801,0.00013235932409112,-3.539516797394e-05,-154.59988264567,11.137631630759,360.31486273454,100000158.40193,-1.3091972649091e-13,0.0023252377063919,-0.005833481716859,-349.09993817258,2.3048676607215e-05,-881.12585729267,768.53925682023
55.916499999997,27.383578626142,9.1278630024064,4.7476237164362e-20,0.0032422324854214,1.7300272029963,7.5649782526951,-3.3004335166245e-16,-37.795258574112,-7.7412122617796e-17,19.339811750179,5.420409691739e-17,-5.420376390445e-17,-40.625186486782,-40.625154398688,7.7642560559262e-08,7.7642911238092e-08,-5.4203624892466e-17,5.4203928322504e-17,-7.764267636855e-08,-7.7642783939618e-08,-40.625170777258,-40.625202865378,-14.763540699341,0.0001415192275581,-3.7795258574119e-05,-154.96781857447,11.264408310436,360.31486369257,100000159.31897,-1.3117774226446e-13,0.0023903362439784,-0.0059340718288212,-352.35538327872,2.4159902426481e-05,-889.04855396386,775.43577002715
56.016499999997,31.163747718101,10.387919642317,7.5449914773457e-20,0.0032200881176271,1.7300078366702,7.6000239733153,-5.1977809470748e-16,-40.258957837726,-1.2402183634132e-16,20.662673139534,8.6840296413853e-17,-8.6839771686932e-17,-43.403986760123,-43.403954617387,1.2110086581028e-07,1.2110141530902e-07,-8.6839547288978e-17,8.684002531394e-17,-1.2110104733068e-07,-1.2110121559687e-07,-43.403971165237,-43.404003307998,-15.774131708447,0.00015093399011545,-4.0258957837734e-05,-155.35751985955,11.39758960877,360.3148647144,100000160.29684,-1.3142732033863e-13,0.0024559169185507,-0.0060346720601724,-355.56285787507,2.5307610343336e-05,-896.84915624682,782.22575870302
56.116499999997,35.212909352319,11.737640470046,1.1857696993969e-19,0.0031965300304193,1.7299887697885,7.6343879504358,-8.096902842982e-16,-42.787080527947,-1.9656372123138e-16,21.967903069003,1.3763424593673e-16,-1.3763342813442e-16,-46.145750360022,-46.145718175509,1.869279886703e-07,1.8692884108752e-07,-1.3763306969649e-16,1.37633814526e-16,-1.8692827032716e-07,-1.869285309094e-07,-46.145734892173,-46.145767076712,-16.771262390689,0.00016060691372843,-4.2787080527956e-05,-155.77088070689,11.537700700126,360.3148658017,100000161.33713,-1.3168444792482e-13,0.0025219948453525,-0.006135282412948,-358.7211854841,2.6489980123468e-05,-904.52504256299,788.9069523295
56.216499999997,39.534253936976,13.178088954614,1.8430627902374e-19,0.0031715215855587,1.7299700113603,7.6680659307009,-1.2477056754139e-15,-45.380221941934,-3.0822610886035e-16,23.254460987364,2.1582043782324e-16,-2.1581917704237e-16,-48.84829150369,-48.848259288566,2.8558169291052e-07,2.8558300214218e-07,-2.1581861043359e-16,2.1581975834552e-16,-2.8558212560202e-07,-2.855825251695e-07,-48.848276174582,-48.848308389729,-17.754137347233,0.00017054047524152,-4.5380221941944e-05,-156.20999874478,5.9253177214744,360.31486695618,100000162.44147,-1.3195267773647e-13,0.0025885853141038,-0.0062359028891854,-361.82917734877,2.7705019453403e-05,-912.07356558978,795.47705812495
56.316499999997,44.130343206965,14.710119007188,2.8334416400199e-19,0.0031450258775032,1.729951570474,7.7010534559916,-1.9020989517492e-15,-48.038753135137,-4.7823124677633e-16,24.521380762432,3.3485832291186e-16,-3.3485640009764e-16,-51.509580732789,-51.50954849685,4.3187830659343e-07,4.3188029775551e-07,-3.3485551361691e-16,3.3485726359707e-16,-4.3187896477617e-07,-4.3187957148494e-07,-51.5095655536,-51.509597789562,-18.722018113153,0.00018073630130485,-4.8038753135148e-05,-156.67721768071,3.2010858116423,360.31486817956,100000163.61149,-1.3220625259926e-13,0.0026557037408672,-0.0063365334909218,-364.885636645,2.8950438465089e-05,-919.49206227859,801.93376975403
56.416499999997,49.00303344687,16.334349388731,4.3088005118585e-19,0.003117005863921,1.7299334562682,7.7333459115127,-2.8688956860777e-15,-50.762808300027,-7.3425646920133e-16,25.767759909833,5.1412761862134e-16,-5.1412471748284e-16,-54.127722287458,-54.127690039371,6.4656274613833e-07,6.4656574507051e-07,-5.1412334466999e-16,5.1412598376246e-16,-6.4656373758344e-07,-6.4656464992996e-07,-54.127707268973,-54.127739517083,-19.674214906182,0.00019119511382496,-5.0762808300038e-05,-155.73516095987,-2.394273262122,360.31486947354,100000164.84882,-1.3245893927849e-13,0.0027233656175645,-0.0064371742201953,-367.88936286416,3.022357106012e-05,-926.77786423353,808.27477634889
56.516499999997,54.153394628117,18.051136755701,6.4818335226609e-19,0.0030874245048739,1.7299156779002,7.764938575543,-4.2814205264137e-15,-53.552267544717,-1.1156689751466e-15,26.992751700506,7.8119330648012e-16,-7.8118897579012e-16,-56.700937527358,-56.700905274861,9.583387944946e-07,9.5834326789825e-07,-7.8118687130389e-16,7.8119080856172e-16,-9.583402735564e-07,-9.5834163240407e-07,-56.700922680069,-56.700954932588,-20.610080580467,0.00020191665805655,-5.3552267544729e-05,-153.38678392171,-2.2199411832593,360.31487083986,100000166.15509,-1.3272539271794e-13,0.0027915864579051,-0.0065378250790448,-370.83915647772,3.1521304694347e-05,-933.92830872358,814.49777207962
56.616499999997,59.581626345926,19.860547639038,9.646465856314e-19,0.0030562449127232,1.7298982445122,7.7958266716326,-6.3223920673226e-15,-56.406736696734,-1.677780087131e-15,28.19555944668,1.1747844719382e-15,-1.1747780757003e-15,-59.227552928822,-59.227520678882,1.4064532597972e-06,1.4064598691681e-06,-1.174774881899e-15,1.1747806931372e-15,-1.4064554452353e-06,-1.4064574499513e-06,-59.227538263014,-59.227570512976,-21.529006248441,0.00021289961938505,-5.6406736696747e-05,-153.95541159229,-2.0349969234941,360.31487228022,100000167.53195,-1.3299184615193e-13,0.0028603817389556,-0.0066384860695095,-373.73382395402,3.28400335777e-05,-940.94075049664,820.60046642027
56.716499999997,65.286971543652,21.762329685583,1.420350141589e-18,0.0030234305141012,1.7298811651946,7.8260054237579,-9.2389534293541e-15,-59.325525177975,-2.4973501107139e-15,29.375432483538,1.748648817333e-15,-1.7486394699516e-15,-61.705991643979,-61.705959402917,2.043931436624e-06,2.0439411098177e-06,-1.7486346711918e-15,1.748643157017e-15,-2.0439346352411e-06,-2.0439375650806e-06,-61.705977169792,-61.706009410875,-22.430418200818,0.00022414153270616,-5.9325525177988e-05,-151.68481422768,-10.478390111865,360.31487379633,100000168.98099,-1.3324408872561e-13,0.0029297668378378,-0.0067391571936291,-376.57218317243,3.417562146034e-05,-947.81257450411,826.58059520517
56.816499999997,71.26762921794,23.755882559796,2.0692177106971e-18,0.0029889452247762,1.7298644489462,7.85547011475,-1.3360975824228e-14,-62.307622771073,-3.6795924526316e-15,30.531663498602,2.5764569587612e-15,-2.5764434420856e-15,-64.13476789086,-64.13473566446,2.9415590134919e-06,2.9415730384888e-06,-2.5764363030423e-15,2.5764485628152e-15,-2.9415636510875e-06,-2.9415678931759e-06,-64.134753618343,-64.134785844764,-23.313775858151,0.00023563868749109,-6.2307622771087e-05,-143.69928472642,-10.268918621608,360.31487538986,100000170.50382,-1.3348966995543e-13,0.0029997569632376,-0.0068398384534444,-379.35306926297,3.5523352608067e-05,-954.54120960265,832.43593253329
56.916499999997,77.520667538839,25.840228983777,2.9828158527367e-18,0.0029527536378089,1.7298481046312,7.8842161481602,-1.9122867898185e-14,-65.351676011622,-5.3669302493144e-15,31.663586949343,3.7579338343689e-15,-3.7579144933578e-15,-66.512483629471,-66.512451423062,4.1926948857892e-06,4.192715031969e-06,-3.757903976887e-15,3.7579215013065e-15,-4.1927015471693e-06,-4.1927076326522e-06,-66.512469568624,-66.512501775054,-24.178570555238,0.00024738603133525,-6.5351676011637e-05,-140.08371668484,-10.045197309013,360.31487706247,100000172.102,-1.3374635340971e-13,0.0030703670815679,-0.0069405298509964,-382.07534088463,3.687791131608e-05,-961.12414326445,838.164303548
57.016499999997,84.041939070135,28.013986477374,4.2548241502341e-18,0.0029148212249866,1.7298321409332,7.9122391135857,-2.7088954889572e-14,-68.455964920025,-7.7497442709406e-15,32.770578369678,5.4263844080708e-15,-5.4263570219254e-15,-68.837827105025,-68.837794923552,5.9189778336466e-06,5.9190065065987e-06,-5.426341681161e-15,5.4263664659609e-15,-5.9189873136594e-06,-5.9189959638017e-06,-68.837813265831,-68.837845447324,-25.024325005739,0.0002593770747386,-6.8455964920041e-05,-132.20372230156,-12.685617515952,360.31487881575,100000173.77705,-1.3399459916318e-13,0.0031416118377924,-0.0070412313883269,-384.73788694182,3.8233366489387e-05,-967.55893729465,843.76359809111
57.116499999997,90.826000027633,30.275340444258,6.0061619293938e-18,0.00287511455112,1.729816566306,7.939534855343,-3.7982249936977e-14,-71.618380802492,-1.1079310636636e-14,33.852054406928,7.757752683965e-15,-7.7577143099953e-15,-71.1095729256,-71.109540773683,8.2769554785865e-06,8.2769959150993e-06,-7.7576921485474e-15,7.757726831284e-15,-8.2769688463502e-06,-8.2769810305444e-06,-71.109559318047,-71.109591469985,-25.850593325765,0.00027160379995333,-7.1618380802509e-05,-127.26575414382,-15.308310366602,360.31488065128,100000175.53046,-1.3424995033815e-13,0.0032135054710679,-0.0071419430674784,-387.33963372521,3.9583157170472e-05,-973.84324452214,849.23178520162
57.216499999997,97.866035746334,32.62201932765,8.3907025450947e-18,0.0028336015003615,1.7298013889219,7.9660995442432,-5.2716121794865e-14,-74.836405877826,-1.568305433833e-14,34.907473458992,1.098130225547e-14,-1.0981249043777e-14,-73.326583400606,-73.326551282585,1.1465614624612e-05,1.1465671134929e-05,-1.0981217337147e-14,1.0981265358145e-14,-1.1465633303234e-05,-1.1465650311016e-05,-73.326570034709,-73.326602152751,-26.656961516783,0.00028405657686307,-7.4836405877844e-05,-123.83726679853,-17.911073503262,360.31488257054,100000177.36363,-1.3449775199078e-13,0.0032860617255205,-0.0072426648904938,-389.87955244807,4.0920110594555e-05,-979.97482639614,854.56692840066
57.316499999997,105.15379474655,35.051272632358,1.1601436954938e-17,0.0027902515132668,1.7297866166165,7.9919297520824,-7.2427973150186e-14,-78.107095528152,-2.1982134124517e-14,35.936336800558,1.5391929278602e-14,-1.5391856256985e-14,-75.487810906508,-75.487778826479,1.5734727215878e-05,1.5734805480484e-05,-1.5391811327716e-14,1.5391877114832e-14,-1.5734753080015e-05,-1.5734776609225e-05,-75.487797792314,-75.487829872366,-27.443048322795,0.00029672408903929,-7.8107095528171e-05,-119.04689793053,-26.251302811297,360.31488457496,100000179.27792,-1.3475132679746e-13,0.0033592937566613,-0.0073433968594167,-392.35666713595,4.2236447794772e-05,-985.95157138718,859.76720167427
57.416499999997,112.67953395178,37.55985266405,1.5876866813473e-17,0.0027450358328587,1.7297722568324,8.0170225283199,-9.8513596292291e-14,-81.427063996436,-3.0511222399224e-14,36.938190099817,2.1364012401053e-14,-2.1363913231433e-14,-77.592301072866,-77.592269034709,2.1393846240234e-05,2.1393953668233e-05,-2.1363850170179e-14,2.1363939345098e-14,-2.139388173375e-05,-2.1393913996947e-05,-77.59228822046,-77.592320258638,-28.20850638647,0.00030959327323618,-8.1427063996456e-05,-112.90470338398,-28.805890762742,360.31488666589,100000181.2746,-1.3500134888497e-13,0.003433214034107,-0.0074441389762917,-394.7700628106,4.3523847065795e-05,-991.77151405407,864.83090603385
57.516499999997,120.4319777315,40.144000876864,2.1507317894789e-17,0.0026979277574824,1.7297583165605,8.0413754782702,-1.3266039469995e-13,-84.792474378557,-4.1940150180118e-14,37.912625235238,2.9366568611747e-14,-2.9366435321911e-14,-79.639196598648,-79.639164606055,2.8821693253381e-05,2.8821839408837e-05,-2.9366347646671e-14,2.93664672479e-14,-2.8821741529124e-05,-2.8821785380137e-05,-79.639184018156,-79.63921601077,-28.953023635074,0.00032264927569931,-8.4792474378578e-05,-101.10242230468,-28.45109604188,360.31488884458,100000183.35485,-1.3524470962911e-13,0.0035078342414708,-0.0075448912431633,-397.11889389445,4.4773466079769e-05,-997.43285460224,869.75648650253
57.616499999997,128.39829347231,42.799439730482,2.8840774023899e-17,0.0026489028977582,1.7297448022805,8.0649868419917,-1.7687718940458e-13,-88.199033750882,-5.7096856063791e-14,38.859282326897,3.9979322161778e-14,-3.9979144859335e-14,-81.62774151927,-81.627709575751,3.8475578115914e-05,3.8475775217288e-05,-3.9979024105649e-14,3.9979182820297e-14,-3.8475643199202e-05,-3.8475702281357e-05,-81.627729220847,-81.627761164386,-29.676324830888,0.00033587542865241,-8.8199033750904e-05,-80.77379705683,-30.94236912445,360.31489111218,100000185.51974,-1.3550805438282e-13,0.0035831651744679,-0.0076456536620769,-399.40239274516,4.5976041996896e-05,-1002.933978721,874.54254934276
57.716499999997,136.56408632924,45.521370940514,3.8287748923704e-17,0.0025979394344731,1.7297317199007,8.0878555729105,-2.3351791849861e-13,-91.641994250089,-7.6990819298038e-14,39.777851899661,5.390911246165e-14,-5.3908879040707e-14,-83.55728575058,-83.557253859481,5.0900388531849e-05,5.0900652027699e-05,-5.390871427683e-14,5.3908922669685e-14,-5.0900475508577e-05,-5.0900554425589e-05,-83.557273744406,-83.557305635525,-30.378173222896,0.00034925325024579,-9.1641994250111e-05,-60.574988808012,-30.514121894234,360.3148934697,100000187.77024,-1.3578028091634e-13,0.003659216638473,-0.0077464262350786,-401.61987821488,4.7121990804281e-05,-1008.273477451,879.18787930922
57.816499999997,144.91341564199,48.304480950662,5.0324649355709e-17,0.0025450183738039,1.7297190746987,8.1099814150914,-3.0529624582488e-13,-95.116160861248,-1.0283588627247e-13,40.668077097134,7.2005877253035e-14,-7.2005573108096e-14,-85.427289739485,-85.427257903988,6.6736590628966e-05,6.6736939850459e-05,-7.2005350371089e-14,7.2005621095633e-14,-6.6736705858381e-05,-6.6736810368121e-05,-85.427278035746,-85.427309871263,-31.05837223782,0.00036276247102284,-9.5116160861272e-05,-36.205021201219,-35.799408844343,360.31489591804,100000190.10719,-1.360454020187e-13,0.0037359973469387,-0.0078472089642151,-403.7707641133,4.8201507242756e-05,-1013.4501667994,883.69145668117
57.916499999997,153.42883521266,51.142954358596,6.5495049472633e-17,0.0024901237958687,1.7297068712631,8.1313649779432,-3.9528798257162e-13,-98.615906572486,-1.3607113881083e-13,41.529755866238,9.5277264650938e-14,-9.5276872416616e-14,-87.237329052896,-87.23729727602,8.6726602352469e-05,8.6727061239888e-05,-9.5276574068084e-14,9.5276922040142e-14,-8.6726753703512e-05,-8.6726890933913e-05,-87.237317661769,-87.237349438662,-31.716767149267,0.00037638108958757,-9.861590657251e-05,-17.766363200039,-41.02949112669,360.31489845796,100000192.53129,-1.3629675635246e-13,0.0038135148222453,-0.0079480018515341,-405.8545674407,4.9204705047026e-05,-1018.4631067886,888.05247380154
58.016499999997,162.09145922197,54.030495888079,8.4408304765124e-17,0.0024332430922708,1.7296951134376,8.1520078070576,-5.0691835017054e-13,-102.13519541857,-1.7837822840777e-13,42.362743033475,1.2490077063815e-13,-1.2490026997714e-13,-88.987098739124,-88.987067023724,0.00011171884997458,0.00011171944787101,-1.248998739809e-13,1.2490031649202e-13,-0.00011171904708339,-0.00011171922576857,-88.987087670753,-88.987119386169,-32.353246664689,0.00039008545962808,-0.00010213519541859,27.834429126703,-40.43320301973,360.31490109007,100000195.0431,-1.3654677841639e-13,0.0038917753006807,-0.0080488048990833,-407.87091624686,5.0121778868941e-05,-1023.3116195988,892.27035082845
58.116499999997,170.8810550116,56.960361316434,1.0773499366109e-16,0.0023743671880556,1.7296838042683,8.1719124498055,-6.439315181268e-13,-105.66761376001,-2.3169344290886e-13,43.166952195486,1.6223218821121e-13,-1.6223155567618e-13,-90.676417299203,-90.676385647961,0.00014266880550215,0.00014266957800289,-1.622310348046e-13,1.6223159154928e-13,-0.00014266906004674,-0.00014266929078016,-90.676406563678,-90.676438214934,-32.967744371015,0.00040385040976243,-0.00010566761376004,48.725874669279,-39.75604967074,360.31490381479,100000197.64302,-1.3680301772806e-13,0.0039707836433502,-0.0081496181089114,-409.81955696171,5.0943171352766e-05,-1027.995306449,896.34475038831
58.216499999997,179.77616328254,59.925397540706,1.3619879117456e-16,0.0023134907433714,1.7296729459561,8.1910825142876,-8.1034055728276e-13,-109.20640992951,-2.9821271123585e-13,43.942357349382,2.0880911173634e-13,-2.0880832073383e-13,-92.305230111562,-92.305198526977,0.00018063633865831,0.00018063732849987,-2.0880764171438e-13,2.0880833470342e-13,-0.00018063666464502,-0.00018063696014493,-92.305219718884,-92.305251303482,-33.56023998202,0.00041764939682785,-0.00010920640992953,52.070583458376,-38.978846205304,360.31490663239,100000200.33128,-1.3707257971605e-13,0.004050543254873,-0.0082504414830674,-411.70036104194,5.1659745325915e-05,-1032.5140628474,900.27559081222
58.316499999997,188.75424547227,62.918091703373,1.7056455194725e-16,0.0022506123301262,1.7296625398143,8.2095227202404,-1.0103569479817e-12,-112.7445421299,-3.8038781434497e-13,44.68899419232,2.6634828389656e-13,-2.663473047812e-13,-93.873612161915,-93.873580646293,0.00022677880800923,0.00022678006597642,-2.6634642740051e-13,2.6634728073261e-13,-0.00022677922206357,-0.00022677959744487,-93.873602121975,-93.873633637608,-34.130760333511,0.00043145469225416,-0.00011274454212993,49.343942038579,-38.075606653469,360.31490954297,100000203.10795,-1.3733281583204e-13,0.0041310560117216,-0.0083512750236012,-413.5133307764,5.2262982088741e-05,-1036.8680918467,904.06305763793
58.416499999997,197.79185719444,65.930629005689,2.1162260301734e-16,0.0021857345790841,1.7296525862322,8.2272389405516,-1.2483000292536e-12,-116.27473419197,-4.8091227607069e-13,45.406961025567,3.3673571647697e-13,-3.3673451680375e-13,-95.38176994235,-95.381738497786,0.00028233946407674,0.00028234104990212,-3.3673339299177e-13,3.3673443245692e-13,-0.00028233998573017,-0.00028234045877499,-95.381760264892,-95.381791709462,-34.679380076836,0.00044523760006573,-0.00011627473419199,60.652358978663,-37.010103539611,360.31491254641,100000205.97291,-1.3758949923735e-13,0.004212322202003,-0.0084521187325633,-415.2586040978,5.2745168961676e-05,-1041.0579149511,907.70761307027
58.516499999997,206.86484570454,68.954958529608,2.6016950614926e-16,0.0021188642931486,1.7296430846473,8.2442382321419,-1.5284881889826e-12,-119.78953851471,-6.0269576409579e-13,46.096419205811,4.2200876591911e-13,-4.2200731087761e-13,-96.830042399331,-96.8300110277,0.00034863094005686,0.00034863292328233,-4.2200588379968e-13,4.2200713629225e-13,-0.00034863159201945,-0.00034863218343789,-96.830033093922,-96.830064465555,-35.206222026915,0.00045896870391716,-0.00011978953851473,57.130717558227,-35.729951468443,360.31491564242,100000208.92586,-1.3784707082585e-13,0.0042943404783726,-0.0085529726120046,-416.93645826071,5.3099581266933e-05,-1045.0843803456,911.2100031152
58.616499999997,215.94856841923,71.982866077541,3.1698582571504e-16,0.0020500125230643,1.7296340335256,8.2605288551214,-1.8551150642517e-12,-123.28140522093,-7.4882633312566e-13,46.757593095806,5.2432969596185e-13,-5.2432794901054e-13,-98.218900830043,-98.218869532976,0.00042701385440385,0.00042701631517124,-5.2432615220017e-13,5.2432764492537e-13,-0.00042701466281183,-0.00042701539648334,-98.218891906036,-98.2189232031,-35.711457128148,0.00047261813940623,-0.00012328140522096,53.098378703731,-34.156224041296,360.31491883051,100000211.96632,-1.381019778859e-13,0.0043771078255754,-0.0086538366639769,-418.5473122598,5.3320647326997e-05,-1048.9486681593,914.57126213563
58.716499999997,225.01812861495,75.006052738672,3.8281170635818e-16,0.0019791946023955,1.7296254303508,8.276120279327,-2.2321154121221e-12,-126.74275628124,-9.2252046779455e-13,47.390769477635,6.4595069762719e-13,-6.4594862133849e-13,-99.548947649871,-99.548916428747,0.00051887082974199,0.00051887385947771,-6.4594637790669e-13,6.4594813737275e-13,-0.00051887182436883,-0.00051887272755393,-99.548939116375,-99.548970337492,-36.195304010053,0.00048615588678332,-0.00012674275628127,59.972302161465,-32.170337903338,360.31492210999,100000215.09361,-1.3836443447153e-13,0.0044606195438771,-0.0087547108905324,-420.09172788486,5.3404128150605e-05,-1052.6522925215,917.79271462101
58.816499999997,234.04862363333,78.016217624119,4.5832129839726e-16,0.0019064301394206,1.729617271624,8.291023177592,-2.6630264837625e-12,-130.16606311759,-1.127061594777e-12,47.996296404073,7.8917083531468e-13,-7.8916839243152e-13,-100.82091397957,-100.8208828355,0.00062557652519365,0.00062558022715214,-7.8916561439051e-13,7.8916766518916e-13,-0.00062557773961321,-0.00062557884312549,-100.82090584542,-100.82093698948,-36.658028113813,0.00049955207819677,-0.00013016606311762,63.213707637482,-29.606645196215,360.31492547996,100000218.30686,-1.3861623292761e-13,0.0045448692493316,-0.008855595293724,-421.57040933465,5.3347216908046e-05,-1056.1971002332,920.87597401555
58.916499999997,243.01540025591,81.005142991935,5.4409724244128e-16,0.0018317429644985,1.7296095528726,8.3052494053778,-3.1508515576742e-12,-133.54392599521,-1.3657284817759e-12,48.574581477698,9.5628591165811e-13,-9.5628306635055e-13,-102.03565603035,-102.03562496415,0.00074846456191493,0.0007484690515475,-9.5627965408988e-13,9.5628201748025e-13,-0.00074846603360594,-0.00074846737193429,-102.03564830407,-102.03567937025,-37.099940381752,0.00051277731278893,-0.00013354392599524,72.704712198512,-26.182483471391,360.31492893933,100000221.60502,-1.3886625504101e-13,0.0046298488914841,-0.0089564898756052,-422.98420134272,5.3148651579429e-05,-1059.5852659478,923.82293851379
59.016499999997,251.89431143692,83.964779824603,6.4060651692488e-16,0.0017551610324548,1.7296022686706,8.3188119667111,-3.6979326577191e-12,-136.86915337217,-1.6417156663928e-12,49.126089561566,1.1495327516788e-12,-1.1495294709782e-12,-103.19415029493,-103.19411930713,0.00088879247088772,0.00088879787600708,-1.1495253129293e-12,1.1495280052513e-12,-0.00088879424127015,-0.00088879585264257,-103.19414298471,-103.19417397248,-37.521395512523,0.0005258029723791,-0.0001368691533722,82.405000412942,-50.266353763483,360.31493248684,100000224.98685,-1.3911316854702e-13,0.0047155487887285,-0.0090573946382303,-424.33408580164,5.2808791301794e-05,-1062.8192838333,926.63578379967
59.116499999997,260.6619683274,86.887331837315,7.4817894914952e-16,0.001676716280604,1.7295954126679,8.3317249666865,-4.3058393352109e-12,-140.13483930502,-1.9580486983103e-12,49.651339939936,1.3710298551953e-12,-1.3710261105724e-12,-104.29748758331,-104.29745667414,0.0010477059856481,0.0010477124463636,-1.3710210830928e-12,1.3710241140489e-12,-0.0010477081000437,-0.0010477100264252,-104.29748069698,-104.29751160611,-37.922789796048,0.00053860153016424,-0.00014013483930505,113.58315135482,-89.687192637655,360.31493612101,100000228.45095,-1.3937118430348e-13,0.0048019576810951,-0.0091583095836541,-425.62117690725,5.2329608559092e-05,-1065.9019557731,929.31695277761
59.216499999997,269.29598152951,89.765335895959,8.6698958798792e-16,0.0015964444440989,1.7295889776307,8.3440035511279,-4.9752797231871e-12,-143.33443702004,-2.3174974754431e-12,50.150902961888,1.6227167146115e-12,-1.6227124836508e-12,-105.34686597238,-105.34683514173,0.0012262041222136,0.0012262117906202,-1.622706451154e-12,1.6227098220106e-12,-0.0012262066297254,-0.0012262089167445,-105.34685951738,-105.34689034797,-38.304558553185,0.00055114684488777,-0.00014333443702007,124.30739208662,-128.58195398486,360.31493984021,100000231.99574,-1.39642966849e-13,0.0048890627998486,-0.0092592347139317,-426.84671488123,5.171470270201e-05,-1068.8363762438,931.86914241779
59.316499999997,277.77518576929,92.591736908109,9.9704594031211e-16,0.0015143848313359,1.72958295549,8.3556638343148,-5.7060389169487e-12,-146.46182684864,-2.722491260839e-12,50.625396213929,1.9062943095518e-12,-1.9062895776687e-12,-106.34358276604,-106.34355201352,0.0014251065214589,0.0014251155610703,-1.9062823930164e-12,1.9062860947825e-12,-0.0014251094747672,-0.0014251121715686,-106.34357674941,-106.34360750187,-38.667173215261,0.00056341443325793,-0.00014646182684867,112.18241279232,-129.88600994798,360.31494364262,100000235.61948,-1.3990986444034e-13,0.0049768499528579,-0.0093601700311195,-428.01205836422,5.0969212759963e-05,-1071.6259140924,934.29528790836
59.416499999997,286.07984268293,95.359955418486,1.138180799737e-15,0.0014305800631254,1.7295773373994,8.3667228159685,-6.4969481948194e-12,-149.51137689377,-3.1750390502499e-12,51.075480279498,2.2231693480296e-12,-2.2231641101704e-12,-107.28902558765,-107.28899491251,0.0016450244703886,0.0016450350553153,-2.2231556153355e-12,2.223159626983e-12,-0.0016450279254645,-0.0016450310844867,-107.28902001598,-107.28905069104,-39.011138087615,0.00057538171404577,-0.00014951137689379,100.20857906821,-107.14337826665,360.31494752627,100000239.32028,-1.401749857057e-13,0.0050653036243072,-0.0094611155372739,-429.11867560486,5.0099740576101e-05,-1074.2741915107,936.59854437262
59.516499999997,294.19181714506,98.063946385035,1.2900510691e-15,0.0013450757801825,1.7295721137993,8.3771982889552,-7.3458867993784e-12,-152.47799503367,-3.6766588083933e-12,51.501854153332,2.5744047174733e-12,-2.5743989797317e-12,-108.18466274738,-108.18463214856,0.0018863368710258,0.0018863491849063,-2.5743890067288e-12,2.5743932935251e-12,-0.0018863408867649,-0.0018863445634451,-108.18465762684,-108.18468822557,-39.336986849007,0.00058702821822934,-0.0001524779950337,89.686528865157,-79.759191537583,360.31495148907,100000243.09615,-1.4045342968216e-13,0.0051544070869969,-0.0095620712344524,-430.1681345982,4.911421100227e-05,-1076.7850605697,938.78226646762
59.616499999997,302.09472348307,100.69824791705,1.4521426262372e-15,0.0012579203241974,1.7295672744888,8.3871087393611,-8.2498161094153e-12,-155.35717116544,-4.2283187140179e-12,51.905250386127,2.9606783443264e-12,-2.9606721254159e-12,-109.03203304311,-109.03200251922,0.0021491721995155,0.0021491864342212,-2.960660497487e-12,2.9606650095018e-12,-0.0021491768373004,-0.0021491810897125,-109.0320283794,-109.03205890317,-39.645278844476,0.00059833576071486,-0.00015535717116546,81.07533649962,-58.215851921597,360.31495552879,100000246.94493,-1.4069012931178e-13,0.0052441425252008,-0.0096630371247128,-431.1620923501,4.802169046273e-05,-1079.1625777316,940.84998622719
59.716499999997,309.77403894915,103.25801909914,1.6237809364707e-15,0.0011691643982516,1.7295628087008,8.3964732407409,-9.2048442071878e-12,-158.1450089158,-4.8303929791631e-12,52.286430039682,3.3822522585148e-12,-3.3822455910371e-12,-109.83273516314,-109.8327047125,0.0024333972106111,0.0024334135647511,-3.3822321240685e-12,3.3822367949186e-12,-0.0024334025338101,-0.002433407422242,-109.83273096153,-109.83276141203,-39.936595232855,0.00060928857045324,-0.00015814500891582,74.251882381741,-46.218817821106,360.31495964306,100000250.8644,-1.4094015166082e-13,0.0053344911658272,-0.0097640132101134,-432.10228346118,4.6832216162309e-05,-1081.4109767965,942.80538954532
59.816499999997,317.21718299137,105.739066415,1.8041468034294e-15,0.0010788607126884,1.729558705182,8.4053113444434,-1.0206317232198e-11,-160.83824642744,-5.4826340822035e-12,52.646177535294,3.8389531508693e-12,-3.8389460823253e-12,-110.58841686478,-110.58838648539,0.0027386128157776,0.0027386314930386,-3.8389305864645e-12,3.8389353323499e-12,-0.002738618889193,-0.0027386244756745,-110.58841313007,-110.58844350929,-40.211535052185,0.00061987337727962,-0.00016083824642747,68.84391654456,-38.746213151632,360.31496382947,100000254.85222,-1.4121015807181e-13,0.0054254334155173,-0.0098649994927135,-432.99050823506,4.5556586803117e-05,-1083.5346407649,944.65229171999
59.916499999997,324.41356195237,108.13785864685,1.9922963955673e-15,0.00098706362264373,1.7295549522746,8.413642967928,-1.1248932627865e-11,-163.434266163,-6.1841624344488e-12,52.985295477539,4.3301651375523e-12,-4.3301577310561e-12,-111.3007641011,-111.30073379069,0.0030641572208855,0.0030641784282478,-4.3301400124879e-12,4.3301447315598e-12,-0.0030641641101647,-0.0030641704579554,-111.30076083764,-111.30079114785,-40.470711265748,0.00063007945513745,-0.00016343426616303,64.485867465422,-33.659110132286,360.31496808548,100000258.90599,-1.4148504951606e-13,0.0055169490012597,-0.0099659959745729,-433.82862051857,4.4206122704862e-05,-1085.5380731065,946.39461248148
60.016499999997,318.75752678671,106.2525048967,2.1183506766714e-15,0.00089418079184132,1.7295553464848,8.4151537650066,-1.1956693710591e-11,-159.70827913696,-6.9282618404664e-12,53.276105530185,4.8511841693337e-12,-4.8511778666087e-12,-111.91163573299,-111.91160550997,0.0034068848147285,0.003406908139873,-4.8511563869581e-12,4.8511623158587e-12,-0.0034068925803856,-0.0034068991443245,-111.91163316438,-111.91166338643,-40.694795484412,0.00061482530594746,-0.00015970807253303,143.17032220063,-153.03402642205,360.31497240853,100000263.00772,-1.4175860874698e-13,0.0055993778773217,-0.010050335852201,-433.97187100166,0.00073660412975369,-1085.8583859286,946.67266953354
60.116499999997,260.87987158394,86.959959819514,1.5367544668972e-15,0.00081508320500655,1.7295730143386,8.3885809585722,-8.7276608806329e-12,-132.65296939146,-7.3356454761073e-12,52.495622165459,5.1364333571262e-12,-5.1364291624733e-12,-110.27215205207,-110.27212220145,0.003598573534194,0.0035985976133934,-5.1364042691748e-12,5.1364118367461e-12,-0.0035985818287406,-0.0035985879954968,-110.2721498343,-110.27217968464,-40.105703929127,0.0005091821435634,-0.00013265296939138,63.99808746519,-39.228457905228,360.31497615271,100000266.50069,-1.4203216797912e-13,0.005629594352349,-0.010050335852201,-431.30290409701,-0.00015426748623223,-1079.4777617649,941.1228966537
60.216499999997,242.35735643254,80.785787103676,1.1469355621113e-15,0.0007423680141244,1.7295892369248,8.3640767857706,-6.5510690275778e-12,-125.56599750068,-7.3501463732446e-12,51.520924916855,5.1465871370034e-12,-5.1465832872672e-12,-108.22470355008,-108.22467377664,0.0036109036617901,0.0036109281002583,-5.1465582615026e-12,5.1465652497548e-12,-0.0036109120564633,-0.0036109183587893,-108.22470168503,-108.2247314582,-39.361124710062,0.00048146583892522,-0.00012556599750062,59.88357367669,-32.010198181951,360.31497954805,100000269.7118,-1.4229506908725e-13,0.0056573377198328,-0.010050335852201,-428.84717052382,-9.8746636993485e-05,-1073.602467013,936.01315387926
60.316499999997,226.96455631334,75.654853121,8.6693158004522e-16,0.00067316882087258,1.7296046637756,8.3406896714987,-4.9788827401265e-12,-119.77745519852,-7.122376406962e-12,50.580423362697,4.9871023412269e-12,-4.9870988820627e-12,-106.24908659534,-106.24905684368,0.0035100518297198,0.0035100758214749,-4.987074587776e-12,4.9870808506049e-12,-0.0035100600481469,-0.0035100662785287,-106.24908510082,-106.24911485221,-38.642438195529,0.00045883969774005,-0.00011977745519848,57.664475294589,-29.780976886912,360.3149827767,100000272.76765,-1.42556637943e-13,0.0056837190586558,-0.010050335852202,-426.5094107035,-8.6163744973172e-05,-1068.006413278,931.14610104636
60.416499999997,213.21125798729,71.070419868405,6.6255817946633e-16,0.00060705890713187,1.7296193920097,8.318284357891,-3.8251804893553e-12,-114.55995465527,-6.7495316202772e-12,49.679452993626,4.7260358084451e-12,-4.726032764323e-12,-104.35650889895,-104.35647916135,0.0033395487193986,0.0033395717387362,-4.7260096999181e-12,4.7260152188402e-12,-0.0033395565868612,-0.0033395625984109,-104.35650775576,-104.35653749308,-37.953962296325,0.00043846372000253,-0.00011455995465523,55.863907338902,-27.723759807414,360.31498586038,100000275.68707,-1.4282531223792e-13,0.0057089046192419,-0.010050335852202,-424.27532128283,-7.701379485541e-05,-1062.6558664358,926.49245278136
60.516499999997,200.81058426243,66.936861564882,5.1147501677283e-16,0.00054375232883653,1.7296334866476,8.2967716178009,-2.9678940714084e-12,-109.80773683005,-6.2965406531301e-12,48.814986087642,4.4088507144869e-12,-4.4088480764235e-12,-102.54061042094,-102.54058069487,0.003129063631119,0.0031290853594343,-4.4088265207854e-12,4.4088313261845e-12,-0.0031290710431813,-0.0031290767441314,-102.54060960827,-102.54063933405,-37.293391670766,0.00041992081618914,-0.00010980773683001,54.332622908223,-26.001329118954,360.31498881267,100000278.48269,-1.4307844342009e-13,0.0057330057311543,-0.010050335852202,-422.13533251458,-6.9334564287975e-05,-1057.5282551947,922.03259446205
60.616499999997,189.56951370495,63.189837714149,3.9849445604654e-16,0.00048300680545206,1.729647002761,8.2760758645707,-2.3236171113117e-12,-105.455952364,-5.8066607316539e-12,47.984051399228,4.0658358667717e-12,-4.0658336073751e-12,-100.79514975643,-100.79512004033,0.0028987752673588,0.0028987955302205,-4.0658136931114e-12,4.0658178395284e-12,-0.00289878216812,-0.0028987875058442,-100.79514925553,-100.79517897133,-36.658454286922,0.00040295434437425,-0.00010545595236397,53.007776206614,-24.823911209557,360.31499164497,100000281.16522,-1.4334134457279e-13,0.0057561166891781,-0.010050335852202,-420.08133510881,-6.2778534060178e-05,-1052.6044491933,917.74990043948
60.716499999996,179.33217955455,59.77739271731,3.1311390453701e-16,0.0004246125027816,1.7296599880305,8.2561315762726,-1.8343884169043e-12,-101.45246854278,-5.3084038210629e-12,47.184040559006,3.7169554092395e-12,-3.716953492517e-12,-99.114647759087,-99.114618051905,0.0026622808996251,0.0026622996219414,-3.7169352551006e-12,3.7169388074598e-12,-0.0026622872664492,-0.002662292215614,-99.114647553267,-99.114677260149,-36.047155313789,0.00038735807015495,-0.00010145246854275,51.846580484645,-23.907188872189,360.31499436717,100000283.74391,-1.436197888544e-13,0.0057783191306155,-0.010050335852203,-418.10630435893,-5.7131624294172e-05,-1047.8678730139,913.62996527241
60.816499999996,169.97001029536,56.656669393152,2.4796421755129e-16,0.0003683861624192,1.7296724840836,8.2368814753006,-1.4593461352597e-12,-97.75418278162,-4.8201907956885e-12,46.412661814208,3.3751076818416e-12,-3.3751060689934e-12,-97.494290368277,-97.494260669362,0.0024285886735497,0.0024286058477757,-3.3750894805595e-12,3.3750925061803e-12,-0.0024285945062855,-0.0024285990603603,-97.494290442637,-97.494320141251,-35.457742151469,0.00037296159507728,-9.7754182781595e-05,50.817678801601,-23.182485424144,360.31499698789,100000286.22687,-1.4386270600468e-13,0.005799684327935,-0.010050335852203,-416.20410403535,-5.2230709434924e-05,-1043.3040444181,909.66020251547
60.916499999996,161.37586285218,53.791953375992,1.9780606369955e-16,0.0003141666304072,1.729684527515,8.2182751450275,-1.1693045547928e-12,-94.32507664034,-4.3535189246054e-12,45.667889349908,3.048343100682e-12,-3.0483417534139e-12,-95.929822153097,-95.929792462105,0.0022034986539007,0.0022035143174439,-3.0483267460916e-12,3.0483293101851e-12,-0.0022035039672502,-0.0022035081324206,-95.929822494238,-95.929852184928,-34.888665660647,0.00035962261910406,-9.4325076640317e-05,49.897443259284,-21.490525696985,360.31499951472,100000288.62121,-1.4410384680271e-13,0.0058202749348299,-0.010050335852203,-414.36933703339,-4.7948073888104e-05,-1038.9002226998,905.82953914833
61.016499999996,153.45967343157,51.153223395547,1.5886898696724e-16,0.00026181131223288,1.7296961506943,8.2002679327899,-9.4316672063641e-13,-91.134787403968,-3.9151388837106e-12,44.947922007692,2.7413885065572e-12,-2.7413873888785e-12,-94.417459596687,-94.417429913528,0.0019905690884342,0.0019905833075929,-2.7413738708923e-12,2.7413760341742e-12,-0.0019905739065483,-0.001990577697352,-94.417460192509,-94.417489875367,-34.338548567447,0.00034722126107023,-9.1134787403948e-05,49.067717527367,-20.983760040691,360.31500195434,100000290.93322,-1.4436985660032e-13,0.0058401463702661,-0.010050335852203,-412.59722694239,-4.4182449844961e-05,-1034.6451298268,902.12817325268
61.116499999996,146.1451392715,48.715045193154,1.2840917232525e-16,0.00021119332557895,1.7297073824152,8.1828200684311,-7.6551369391834e-13,-88.157517704461,-3.5085625592144e-12,44.251149867806,2.4567029322504e-12,-2.4567020113525e-12,-92.953820898598,-92.953791223386,0.0017917974086567,0.0017918102672307,-2.4566898780865e-12,2.4566916956726e-12,-0.0017918017613186,-0.0017918051975224,-92.953821738117,-92.95385141303,-33.806159888197,0.00033565572568646,-8.8157517704442e-05,48.314291665267,-20.532089768858,360.31500431273,100000293.16851,-1.4462165554644e-13,0.005859347929884,-0.010050335852204,-410.88352290767,-4.0852661152426e-05,-1030.5287264141,898.54737933489
61.216499999996,139.36715268095,46.455716201357,1.0440921253359e-16,0.00016219918995148,1.7297182484219,8.1658959487488,-6.2496099830952e-13,-85.371191268263,-3.1351132203766e-12,43.57612696528,2.1952129358045e-12,-2.1952121823879e-12,-91.535868662199,-91.535838995211,0.0016081027746257,0.0016081143658847,-2.195201323922e-12,2.1952028449869e-12,-0.0016081066945716,-0.0016081097989475,-91.535869735403,-91.535899402093,-33.290394050365,0.0003248389505575,-8.5371191268246e-05,47.62587039828,-20.133570795271,360.31500659522,100000295.33209,-1.4489255033131e-13,0.0058779236876585,-0.010050335852204,-409.22442241925,-3.7893003105413e-05,-1026.5420298939,895.07935031772
61.316499999996,133.06979410855,44.356596566589,8.5371535392672e-17,0.00011472693458199,1.7297287718403,8.1494635512357,-5.1302315159003e-13,-82.75679169796,-2.794659501102e-12,42.921548818528,1.9568265360817e-12,-1.9568259243599e-12,-90.16086269119,-90.160833032836,0.0014396691911125,0.0014396796121877,-1.9568162305267e-12,1.956817498405e-12,-0.0014396727121706,-0.0014396755089245,-90.160863988912,-90.16089364697,-32.79025369762,0.00031469598159204,-8.2756791697944e-05,46.993357727748,-20.012351522557,360.31500880657,100000297.42847,-1.4515722786953e-13,0.0058959132341774,-0.010050335852204,-407.61650806825,-3.5249799863049e-05,-1022.6769655687,891.71706810513
61.416499999996,127.20474612776,42.401580477459,7.0174506726988e-17,6.868453581591e-05,1.7297389735341,8.1334939496799,-4.2331955033047e-13,-80.297839207932,-2.4861290089353e-12,42.286233771516,1.7407928429482e-12,-1.7407923504717e-12,-88.826320796917,-88.826291147716,0.0012861898502704,0.0012861991982977,-1.740783714167e-12,1.7407847666981e-12,-0.0012861930060888,-0.0012861955197657,-88.826322310737,-88.826351959644,-32.304835414037,0.00030516189710577,-8.0297839207918e-05,46.40934096047,-19.773392532135,360.31501095112,100000299.4617,-1.4542190540969e-13,0.0059133522862755,-0.010050335852204,-406.05669530596,-3.2878854506989e-05,-1018.9262435653,888.45419665535
61.516499999996,121.73002810404,40.576674386994,5.7971038449178e-17,2.3988617667284e-05,1.7297488724008,8.1179609108153,-3.5101274905785e-13,-77.979972573489,-2.2078672450741e-12,41.669107386749,1.5459533738952e-12,-1.5459529812822e-12,-87.529986014225,-87.529956374783,0.001147041021759,0.001147049391288,-1.5459453005477e-12,1.5459461705419e-12,-0.0011470438449589,-0.0011470460996937,-87.529987736381,-87.530017375531,-31.833317783369,0.0002961801501773,-7.7979972573476e-05,45.867708551326,-19.477702263573,360.31501303277,100000301.43547,-1.4566304622334e-13,0.005930273194364,-0.010050335852205,-404.5421889562,-3.0743497870922e-05,-1015.2832563974,885.28499296127
61.616499999996,116.60897782864,38.869657557169,4.8116381391244e-17,1.9436654053554e-05,1.7297584856201,8.1028405560491,-2.9240690913642e-13,-75.79061219372,-1.9578873334904e-12,41.069189300357,1.3709169149534e-12,-1.3709166055821e-12,-86.269798989232,-86.269769360225,0.0010214054175952,0.0010214128989122,-1.3709097848283e-12,1.3709105005779e-12,-0.0010214079392288,-0.0010214099582501,-86.269800912543,-86.269830541261,-31.374951332687,0.00028770123329171,-7.5790612193708e-05,45.363370222999,-19.204470119892,360.31501505508,100000303.35313,-1.4591662153624e-13,0.0059467053676431,-0.010050335852205,-403.07044675448,-2.881307646175e-05,-1011.7419930711,882.20423240752
61.716499999996,111.8094252638,37.269806640589,4.0116188852488e-17,6.166044333949e-05,1.7297678288635,8.0881110758892,-2.4465790656281e-13,-73.718686321548,-1.7340423640653e-12,40.485582080368,1.2141801957669e-12,-1.2141799554603e-12,-85.043874574976,-85.043844957134,0.00090835917645349,0.00090836585455997,-1.2141739060908e-12,1.2141744918839e-12,-0.00090836142567993,-0.00090836323099585,-85.043876692781,-85.043906310338,-30.929050008996,0.00027968159384384,-7.3718686321537e-05,44.892045790303,-18.952721216593,360.31501702129,100000305.21773,-1.4616930867187e-13,0.0059626756328617,-0.010050335852205,-401.63914857625,-2.7061822208081e-05,-1008.2969665866,879.20714576796
61.816499999996,107.30301710988,35.767670536094,3.3588811394643e-17,0.00010274609551147,1.7297769164722,8.0737524873775,-2.0556211359537e-13,-71.754406939284,-1.5341427587862e-12,39.917461727072,1.0742100696889e-12,-1.0742098864117e-12,-83.850481876465,-83.85045227056,0.00080693258411255,0.00080693853817294,-1.0742045270364e-12,1.0742050036461e-12,-0.00080693458803012,-0.00080693620024565,-83.850484182567,-83.850513788187,-30.49498391244,0.00027208274671004,-7.1754406939274e-05,44.450123608047,-18.720158642148,360.31501893436,100000307.03207,-1.4642954532504e-13,0.0059782085388664,-0.010050335852205,-400.2461703072,-2.546791493505e-05,-1004.9431523701,876.28936570134
61.916499999996,103.06466079896,34.354885053323,2.8237683617263e-17,0.00014275175242474,1.7297857616087,8.0597464268754,-1.7340116795063e-13,-69.88908498974,-1.3560345560547e-12,39.364069528915,9.4949832864928e-13,-9.4949819222634e-13,-82.688027143137,-82.687997549977,0.00071615181279511,0.00071615711591426,-9.494934485971e-13,9.4949383373459e-13,-0.00071615359638133,-0.00071615503461,-82.688029631754,-82.688059224632,-30.072173066729,0.0002648705429725,-6.988908498973e-05,44.034515563934,-18.504600651956,360.31502079702,100000308.79872,-1.4669644331715e-13,0.0059933266166148,-0.010050335852206,-398.88956152823,-2.4012797738454e-05,-1001.6759356887,873.44688105364
62.016499999996,99.072063813797,33.024019352274,2.3830935273349e-17,0.00018173094322078,1.7297943763873,8.0460759721059,-1.4682695882192e-13,-68.114977056366,-1.1976499501231e-12,38.824705044652,8.3859709099866e-13,-8.3859699285931e-13,-81.555039027162,-81.55500944758,0.0006350669504026,0.00063507166963289,-8.3859279762393e-13,8.3859310634789e-13,-0.00063506853652979,-0.00063506981837128,-81.555041692888,-81.555071272191,-29.660082051306,0.00025801456337099,-6.8114977056357e-05,43.642569400792,-18.304125946923,360.31502261177,100000310.52004,-1.469442454739e-13,0.006008050602345,-0.010050335852206,-397.56752635695,-2.2680592831179e-05,-998.49106649939,870.67599761999
62.116499999996,95.305349661448,31.768447934519,2.0186219887714e-17,0.00021973307658753,1.7298027719865,8.0327254885595,-1.2477575592466e-13,-66.425157361879,-1.057038206869e-12,38.298720026968,7.401404488178e-13,-7.4014038176812e-13,-80.450155819386,-80.450126254234,0.00056277015114214,0.00056277434764597,-7.401366741103e-13,7.4013691919257e-13,-0.0005627715606433,-0.00056277270220675,-80.450158657155,-80.450188222031,-29.25821535384,0.00025148761212628,-6.6425157361871e-05,43.271992567715,-18.11707798074,360.31502438093,100000312.19822,-1.4717961313332e-13,0.0060223996300798,-0.010050335852206,-396.27840691727,-2.1457645669348e-05,-995.38462048663,867.97330428533
62.216499999996,91.746735922469,30.582243326229,1.7159343058952e-17,0.00025680386888183,1.7298109587465,8.0196804963122,-1.064036322503e-13,-64.813410294643,-9.3238279169874e-13,37.785513137637,6.5285646092636e-13,-6.5285641894833e-13,-79.372114347974,-79.372084798116,0.00049840670171862,0.00049841043103249,-6.5285314416195e-13,6.5285333641001e-13,-0.00049840795348583,-0.00049840896944386,-79.372117353024,-79.372146902609,-28.866113328264,0.00024526529211003,-6.4813410294635e-05,42.92079801603,-17.942029893969,360.31502610664,100000313.83526,-1.4745006384075e-13,0.0060363913984545,-0.010050335852206,-395.02066901007,-2.0332169968797e-05,-992.35296528549,865.33564367045
62.316499999996,88.38026289185,29.460085625153,1.4635679770323e-17,0.00029298571692033,1.7298189462537,8.0069275540335,-9.1037567198428e-14,-63.274139683617,-8.2200891081617e-13,37.284525331626,5.7557243330736e-13,-5.7557241138356e-13,-78.319740282257,-78.319710748568,0.00044118104513184,0.00044118435749282,-5.7556952041507e-13,5.7556966895433e-13,-0.00044118215623419,-0.00044118305989646,-78.319743450107,-78.319772983526,-28.483348664598,0.00023932564635924,-6.3274139683609e-05,42.587246870319,-17.777748609937,360.31502779087,100000315.43305,-1.477111886751e-13,0.0060500423159225,-0.010050335852207,-393.79288963739,-1.929393900454e-05,-989.39273107011,862.76008657211
62.416499999996,85.191563714575,28.397185879115,1.2523654156872e-17,0.00032831802386695,1.7298267434153,7.994454157554,-7.8138182024614e-14,-61.802291828166,-7.2438449169503e-13,36.795235809492,5.0721560564504e-13,-5.0721559960659e-13,-77.291939630319,-77.291910113677,0.00039035925586617,0.00039036219657255,-5.072130485888e-13,5.0721316110816e-13,-0.0003903602416779,-0.00039036104507632,-77.291942956745,-77.291972473118,-28.109523293484,0.00023364885405572,-6.1802291828159e-05,42.269808502369,-17.623166430537,360.31502943548,100000316.99333,-1.4798918889971e-13,0.0060633676276685,-0.010050335852207,-392.59374609588,-1.8334042801663e-05,-986.5007848391,860.24390961568
62.516499999996,82.167668743825,27.389220872069,1.0749755243242e-17,0.00036283748521426,1.729834358524,7.9822486508178,-6.7271165141522e-14,-60.393289884625,-6.3811677954691e-13,36.31715845478,4.4681076817192e-13,-4.4681077456743e-13,-76.287691255392,-76.287661756676,0.00034526905883186,0.00034527166861802,-4.4680852436058e-13,4.4680860732494e-13,-0.00034526993316426,-0.00034527064714405,-76.287694736398,-76.287724234847,-27.744265661734,0.0002282169714583,-6.0393289884619e-05,41.967135301986,-17.477354993096,360.31503104217,100000318.51771,-1.4825386644821e-13,0.0060763815269589,-0.010050335852207,-391.42200640508,-1.7444685212887e-05,-983.6742078455,857.78457564049
62.616499999996,79.296838282948,26.432277371411,9.2547042451812e-18,0.0003965783406622,1.7298417993152,7.9703001474227,-5.8085232332782e-14,-59.042977684026,-5.6194611109161e-13,35.849838687191,3.9347590205541e-13,-3.9347591803845e-13,-75.306040265619,-75.306010785709,0.00030529818942573,0.00030530050483702,-3.934739337889e-13,3.9347399262242e-13,-0.00030529896465809,-0.00030529959897051,-75.306043897425,-75.306073377072,-27.387228325912,0.00022301371015233,-5.9042977684019e-05,41.678033966563,-17.339501802081,360.31503261255,100000320.0077,-1.4851721172922e-13,0.0060890972531955,-0.010050335852207,-390.27652087608,-1.6619040691546e-05,-980.9102757143,855.37971642065
62.716499999996,76.56841898843,25.5228042623,7.9904907474168e-18,0.00042957259672899,1.7298490730178,7.9585984612493,-5.0295032436229e-14,-57.747571421347,-4.947379796025e-13,35.392850673734,3.4641662333038e-13,-3.464166465633e-13,-74.346092155782,-74.346062695552,0.00026989167470007,0.00026989372845825,-3.4641489728632e-13,3.4641493652987e-13,-0.00026989236190668,-0.00026989292530066,-74.346095934803,-74.346125394773,-27.038085819723,0.00021802424643451,-5.7747571421341e-05,41.401441996446,-17.208893630176,360.31503414812,100000321.46473,-1.4878011292112e-13,0.0061015271785648,-0.010050335852208,-389.15621465982,-1.5851083413226e-05,-978.20644086699,853.02711739088
62.816499999996,73.972720092477,24.657571288502,6.9180684476835e-18,0.0004618502241393,1.7298561863991,7.9471340449265,-4.3667818172477e-14,-56.503617946278,-4.3547417957536e-13,34.945794849257,3.0491998238105e-13,-3.0492001095302e-13,-73.407007598932,-73.40697815925,0.00023854845514198,0.00023855027649475,-3.0491846914342e-13,3.0491849258952e-13,-0.00023854906421311,-0.00023854956452381,-73.407011521761,-73.407040961187,-26.696532758049,0.00021323505680053,-5.6503617946272e-05,41.136411556884,-17.084902887564,360.31503565028,100000322.8901,-1.49021697831e-13,0.0061136828848565,-0.010050335852208,-388.06008113866,-1.5135492408468e-05,-975.56031693456,850.72470410025
62.916499999996,71.500906304061,23.833633352753,6.0055544814469e-18,0.0004934393333915,1.7298631458046,7.9358979350759,-3.8012999965792e-14,-55.307958615973,-3.8324358223968e-13,34.508295705409,2.6834800493739e-13,-2.6834803729472e-13,-72.48799780188,-72.487968383608,0.00021081764796838,0.00021081926301907,-2.68346678567e-13,2.6834668937517e-13,-0.00021081818772398,-0.000210818631957,-72.488001865278,-72.488031283297,-26.362282146282,0.00020863377541818,-5.5307958615968e-05,40.882091060348,-16.96697482328,360.31503712034,100000324.28508,-1.4929303671795e-13,0.0061255752317743,-0.010050335852208,-386.98717604827,-1.4467554691794e-05,-972.96966489066,848.4705301608
63.016499999996,69.144904809531,23.048299516937,5.2268153585086e-18,0.00052436633137783,1.7298699571934,7.9248817034482,-3.317391938477e-14,-54.157697856589,-3.3723292059593e-13,34.079999813372,2.3613123974094e-13,-2.3613127462799e-13,-71.588320351737,-71.588290955727,0.000186294665209,0.00018629609722424,-2.3613007738634e-13,2.3613007818161e-13,-0.00018629514350459,-0.00018629553791507,-71.588324552617,-71.588353948376,-26.03506386845,0.00020420907020691,-5.4157697856584e-05,40.637718450052,-16.854618562566,360.31503855953,100000325.65081,-1.4955149701778e-13,0.0061372144178712,-0.010050335852208,-385.93661223334,-1.3843079624207e-05,-970.43238067942,846.26276649513
63.116499999996,66.897324236358,22.299105990004,4.5603512804706e-18,0.00055465606149233,1.7298766261705,7.9140774131914,-2.9021340420178e-14,-53.050175723728,-2.9671783741429e-13,33.660574050789,2.0776249033632e-13,-2.0776252674553e-13,-70.707275491397,-70.707246118491,0.00016461733517678,0.00016461860487119,-2.0776147188321e-13,2.0776146483996e-13,-0.00016461775900117,-0.00016461810916741,-70.707279826815,-70.70730919947,-25.714623331511,0.00019995053471433,-5.3050175723724e-05,40.402605360695,-16.747392507576,360.31503996901,100000326.98841,-1.4980684869306e-13,0.0061486100350472,-0.010050335852209,-384.90755495592,-1.3258326887876e-05,-967.94648414502,844.09969171528
63.216499999996,64.751383814086,21.583792514956,3.9884119093346e-18,0.00058433192930459,1.7298831580148,7.9034775796107,-2.5448276919896e-14,-51.982943877205,-2.6105435908313e-13,33.249704007725,1.8279084504322e-13,-1.8279088217297e-13,-69.844202771097,-69.84417342213,0.00014546212831897,0.00014546325411672,-1.8278995279973e-13,1.8278993971303e-13,-0.00014546250388387,-0.00014546281477524,-69.844207238241,-69.84423658696,-25.400720246566,0.00019584859347571,-5.19829438772e-05,40.176125734322,-16.644903830457,360.31504134988,100000328.29889,-1.5005731538695e-13,0.006159771117428,-0.010050335852209,-383.89921768662,-1.2709964815587e-05,-965.51010910033,841.97968349138
63.316499999996,62.700851254658,20.90028166228,3.4962925407123e-18,0.00061341601557191,1.7298895577053,7.8930751348667,-2.2365864294567e-14,-50.953744478016,-2.2967089314504e-13,32.847092550018,1.608160736154e-13,-1.6081611083444e-13,-68.998478030591,-68.998448706384,0.00012854055354508,0.00012854155181889,-1.6081529203047e-13,1.6081527437668e-13,-0.00012854088636682,-0.00012854116240617,-68.99848262677,-68.998511950732,-25.09312753043,0.00019189441891,-5.0953744478012e-05,39.95771720793,-16.546802178406,360.31504270317,100000329.58324,-1.5029978847494e-13,0.0061707061853097,-0.010050335852209,-382.91085831984,-1.2194993411565e-05,-963.12149439431,839.90121078845
63.416499999996,60.739988118487,20.246660618636,3.0717715471001e-18,0.0006419291781125,1.7298958299437,7.8828633961405,-1.970005112851e-14,-49.960491597848,-2.0206080105318e-13,32.452458521443,1.4148342666967e-13,-1.414834634873e-13,-68.169510672915,-68.169481374276,0.00011359576570368,0.00011359665099211,-1.4148274208199e-13,1.4148272107012e-13,-0.00011359606067743,-0.00011359630579793,-68.169515395551,-68.169544693947,-24.791630313368,0.00018807985813196,-4.9960491597844e-05,39.746857206948,-16.452766215273,360.31504402986,100000330.84238,-1.5054670245493e-13,0.0061814232847671,-0.010050335852209,-381.94177576132,-1.1710724980118e-05,-960.77897585826,837.86282686683
63.516499999996,58.863501628025,19.621165124711,2.7046589401911e-18,0.00066989114385113,1.7299019791758,7.8728360368593,-1.738893738444e-14,-49.001254795369,-1.7777556514784e-13,32.065535568635,1.2447885118923e-13,-1.2447888723017e-13,-67.356741196007,-67.356711923732,0.0001003994065177,0.00010040019172207,-1.2447825160372e-13,1.2447822821899e-13,-0.0001003996679846,-0.00010039988568153,-67.356746042628,-67.356775314663,-24.496025040694,0.00018439736831333,-4.9001254795366e-05,39.543082465586,-16.362512880516,360.31504533086,100000332.07718,-1.5079983368373e-13,0.0061919300234359,-0.010050335852209,-380.99130684515,-1.12547391146e-05,-958.48097902783,835.86316295688
63.616499999996,57.066502052612,19.022165270169,2.386432710944e-18,0.00069732059216931,1.7299080096101,7.8629870606288,-1.5380624689567e-14,-48.074244567133,-1.5641854642327e-13,31.68607107486,1.0952461969915e-13,-1.0952465468261e-13,-66.559638952992,-66.559609707866,8.8748688186335e-05,8.8749384748413e-05,-1.0952409458859e-13,1.0952406962919e-13,-8.8748919994025e-05,-8.8749113371545e-05,-66.559643921227,-66.559673166115,-24.206118657608,0.00018083995943831,-4.807424456713e-05,39.345965316237,-16.275782671892,360.31504660704,100000333.28846,-1.5105740580446e-13,0.0062022336029095,-0.01005033585221,-380.05882354148,-1.0824852683305e-05,-956.22601255136,833.90092253007
63.716499999996,55.344464922682,18.448152898388,2.1099447954289e-18,0.00072423523054232,1.729913925235,7.853310777569,-1.3631473831868e-14,-47.177799425526,-1.3763931461049e-13,31.313825190558,9.6375360178923e-14,-9.6375393901022e-14,-65.777700115747,-65.777670898539,7.8463719671557e-05,7.8464337733595e-05,-9.6374900308042e-14,9.6374874416288e-14,-7.8463925228613e-05,-7.8464097042075e-05,-65.777705203314,-65.777734420286,-23.921727868042,0.00017740114347499,-4.7177799425523e-05,39.155109796529,-16.192340278881,360.31504785924,100000334.47701,-1.5131098112214e-13,0.0062123408481312,-0.01005033585221,-379.14373042262,-1.041908559854e-05,-954.01266220691,831.97487609908
63.816499999996,53.693197443831,17.897730411136,1.8691824877263e-18,0.00075065186331545,1.7299197298347,7.8438017827887,-1.2104687346777e-14,-46.310374393932,-1.2112852243393e-13,30.948569950142,8.4814467006291e-14,-8.4814499325462e-14,-65.010445819629,-65.010416631099,6.9385069397223e-05,6.9385617945607e-05,-8.4814064276156e-14,8.4814037964702e-14,-6.9385251721971e-05,-6.9385404415959e-05,-65.010451024338,-65.010480212634,-23.642678459441,0.00017407488913375,-4.6310374393929e-05,38.970160706433,-16.111974605263,360.31504908824,100000335.64357,-1.5157032959935e-13,0.00622225823412,-0.01005033585221,-378.2454623587,-1.0035648201047e-05,-951.83958546129,830.08385648903
63.916499999996,52.10880857173,17.369600793559,1.6590741775204e-18,0.00077658645436558,1.7299254270028,7.8344549367648,-1.0769152618513e-14,-45.470530738388,-1.0661329011444e-13,30.590088465852,7.4650869176807e-14,-7.465090000161e-14,-64.257420470098,-64.257391310989,6.1371553938269e-05,6.1372040932267e-05,-7.465051648727e-14,7.4650490161238e-14,-6.1371715702494e-05,-6.1371851445004e-05,-64.257425789835,-64.257454948711,-23.368804686483,0.00017085558149889,-4.5470530738385e-05,38.790781926077,-16.034488477117,360.31505029478,100000336.78884,-1.5183545123609e-13,0.0062319919103139,-0.010050335852211,-377.36348241804,-9.6729126025837e-06,-949.7055065118,828.22675452801
64.016499999996,50.587682288571,16.862558706309,1.4753306520969e-18,0.00080205418429604,1.7299310201561,7.8252653474268,-9.5984945116616e-15,-44.656926782143,-9.38530631862e-14,30.238174190588,6.5716129938614e-14,-6.5716159217643e-14,-63.518190194218,-63.518161065262,5.4298239696485e-05,5.4298672183403e-05,-6.5715821066913e-14,6.5715795042497e-14,-5.4298383264485e-05,-5.4298503977569e-05,-63.518195626947,-63.518224755672,-23.099948707533,0.00016773798592719,-4.4656926782141e-05,38.61666750834,-15.959703670036,360.31505147957,100000337.91349,-1.5208858246397e-13,0.0062415477227861,-0.010050335852211,-376.49727995078,-9.3294018680559e-06,-947.60921175963,826.40251511302
64.116499999996,49.126453686198,16.375482513266,1.3143150353839e-18,0.00082706950273839,1.7299365125458,7.8162283537677,-8.5702971202537e-15,-43.868309671064,-8.2635905650417e-14,29.892630242641,5.7861851250976e-14,-5.7861878964504e-14,-62.792341422181,-62.792312324096,4.8054643118744e-05,4.8055027336753e-05,-5.7861580744687e-14,5.7861555264792e-14,-4.8054770582179e-05,-4.8054877969348e-05,-62.792346965938,-62.792376063795,-22.835960068423,0.00016471721569186,-4.3868309671061e-05,38.447535662052,-15.887458066863,360.31505264329,100000339.01817,-1.5235725681398e-13,0.006250931234558,-0.010050335852211,-375.64636883599,-9.0037688620834e-06,-945.54954566992,824.61013361169
64.216499999996,47.721987516466,15.907327131654,1.1729358656201e-18,0.00085164617626005,1.7299419072686,7.8073395108257,-7.6654624826995e-15,-43.103507976011,-7.2775190802339e-14,29.553268786114,5.0957356694447e-14,-5.095738284753e-14,-62.079479585831,-62.07945051932,4.2543114392032e-05,4.2543455861853e-05,-5.0957119777184e-14,5.0957095024539e-14,-4.2543227600967e-05,-4.2543323171689e-05,-62.07948523872,-62.079514305003,-22.576695228818,0.00016178870292265,-4.3103507976009e-05,38.283125866058,-15.817601122995,360.31505378657,100000340.10347,-1.5262859569906e-13,0.0062601477442058,-0.010050335852211,-374.81028587625,-8.6947755106225e-06,-943.52540697902,822.84865256596
64.316499999996,46.371358913638,15.457117606172,1.0485589309512e-18,0.00087579733232138,1.7299472072767,7.7985945758985,-6.8676805874569e-15,-42.36142503226,-6.4106653294484e-14,29.219910461485,4.4887627319382e-14,-4.4887651936189e-14,-61.379227922487,-61.379198888242,3.7677389506646e-05,3.7677693113211e-05,-4.4887419807792e-14,4.4887395915943e-14,-3.7677490097179e-05,-3.7677575188725e-05,-61.379233682673,-61.379262716693,-22.322017126911,0.00015894817244792,-4.2361425032258e-05,38.123194100729,-15.749996151491,360.31505491003,100000341.16998,-1.5288039465868e-13,0.0062692023029217,-0.010050335852212,-373.98858932423,-8.4012981123731e-06,-941.53574521352,821.11715866657
64.416499999996,45.071836037875,15.023943323491,9.3893436080563e-19,0.00089953549967154,1.7299524153869,7.7899894958707,-6.1629900968301e-15,-41.641032933202,-5.6485767813942e-14,28.892383861459,3.9551466190291e-14,-3.9551489309463e-14,-60.691226373932,-60.69119737263,3.3381295935024e-05,3.3381566000109e-05,-3.9551284421056e-14,3.9551261483544e-14,-3.3381385353843e-05,-3.3381461150755e-05,-60.691232239641,-60.69126124072,-22.071794778755,0.00015619161821197,-4.1641032933199e-05,37.967516888832,-15.68451625464,360.31505601426,100000342.21826,-1.5313530224254e-13,0.0062780997302021,-0.010050335852212,-373.18085752888,-8.1223074973672e-06,-939.57955749136,819.41477997274
64.516499999996,43.820864415869,14.606952792463,8.421361632113e-19,0.00092287264553063,1.7299575342892,7.781520395543,-5.5394132459496e-15,-40.941367101092,-4.9785421918513e-14,28.570525047769,3.4859868900821e-14,-3.4859890571679e-14,-60.015130571393,-60.015101603698,2.9587597795616e-05,2.9587838142397e-05,-3.4859709666481e-14,3.4859687744512e-14,-2.9587677321807e-05,-2.9587744873231e-05,-60.015136540908,-60.01516550838,-21.825902908891,0.00015351528196331,-4.0941367101089e-05,37.815884582525,-15.621044154594,360.31505709982,100000343.24883,-1.5341019384063e-13,0.0062868446282763,-0.010050335852212,-372.38668768883,-7.8568518442774e-06,-937.65588557622,817.74068335207
64.616499999996,42.616052789565,14.205348927024,7.5651194656633e-19,0.00094582020986152,1.7299625665542,7.7731835668718,-4.9866515730244e-15,-40.261521372649,-4.3893852925735e-14,28.254177105096,3.0734578979105e-14,-3.0734599258581e-14,-59.350610898512,-59.350581965076,2.6236967160771e-05,2.6237181171141e-05,-3.0734439471699e-14,3.0734418600517e-14,-2.623703792517e-05,-2.6237098160268e-05,-59.350616970168,-59.350645903384,-21.584221609367,0.00015091563396845,-4.0261521372646e-05,37.668105184701,-15.559472184473,360.31505816722,100000344.26219,-1.5368419726005e-13,0.0062954413954073,-0.010050335852212,-371.60569470371,-7.6040635626568e-06,-935.76381316251,816.09407212068
64.716499999996,41.455160304184,13.818384775549,6.8064099953517e-19,0.00096838913700858,1.7299675146407,7.7649754590318,-4.4958316809847e-15,-39.600643541906,-3.8712821160157e-14,27.943189728679,2.7106808791659e-14,-2.7106827741817e-14,-58.697351625076,-58.697322726538,2.3277069052904e-05,2.3277259718328e-05,-2.7106686553227e-14,2.7106666747418e-14,-2.3277132055257e-05,-2.3277185796899e-05,-58.697357797261,-58.697386695581,-21.346636024503,0.00014838935552435,-3.9600643541904e-05,37.523995116361,-15.499701091254,360.315059217,100000345.25883,-1.5395420387635e-13,0.0063038942381696,-0.010050335852213,-370.83751011338,-7.3631443132383e-06,-933.90246336828,814.47418386417
64.816499999996,40.33608488918,13.445359647819,6.1329924975311e-19,0.00099058990494197,1.7299723809021,7.7568926692259,-4.0592922638399e-15,-38.957931310738,-3.4155994253762e-14,27.637418842535,2.3916108227124e-14,-2.391612591317e-14,-58.055050105048,-58.055021242032,2.0661748602291e-05,2.0661918568896e-05,-2.3916001106279e-14,2.3915982364156e-14,-2.0661804726453e-05,-2.0661852703381e-05,-58.055056376194,-58.055085238994,-21.113036059063,0.00014593332307398,-3.8957931310736e-05,37.383383392282,-15.441635947129,360.31506024963,100000346.23921,-1.5422909547374e-13,0.0063122071827957,-0.010050335852213,-370.08178111724,-7.1333532784202e-06,-932.07099641746,812.88028842317
64.916499999996,39.256852704423,13.085615597093,5.5342989951301e-19,0.0010124325523284,1.7299771675925,7.7489319341757,-3.6704052604337e-15,-38.332628604365,-3.0147519505896e-14,27.336726245582,2.1109365059669e-14,-2.1109381548377e-14,-57.423416033218,-57.423387206336,1.8350309775763e-05,1.8350461384289e-05,-2.1109271173497e-14,2.1109253480724e-14,-1.8350359803165e-05,-1.8350402660777e-05,-57.423422401804,-57.42345122847,-20.883316107763,0.00014354459375692,-3.8332628604363e-05,37.246111411936,-15.385190716677,360.31506126559,100000347.20378,-1.5447867398595e-13,0.0063203840856751,-0.010050335852213,-369.33816966687,-6.9140095207592e-06,-930.26860749406,811.3116860282
65.016499999996,38.215608538845,12.738534219654,5.0011875890572e-19,0.0010339267036196,1.7299818768724,7.7410901222321,-3.3234253061182e-15,-37.724022213601,-2.6620763505606e-14,27.040979283212,1.8639922429883e-14,-1.8639937788352e-14,-56.802170755298,-56.802141965151,1.6306876002678e-05,1.630701132386e-05,-1.8639840130535e-14,1.8639823463109e-14,-1.6306920624238e-05,-1.6306958934162e-05,-56.802177219845,-56.802206009779,-20.657374804221,0.00014122039224425,-3.77240222136e-05,37.112033333488,-15.330286110261,360.31506226532,100000348.15296,-1.5474113108502e-13,0.0063284286430887,-0.010050335852213,-368.60635162458,-6.7044853384241e-06,-928.49452475325,809.76770557096
65.116499999996,37.21060706137,12.403533738449,4.52573476185e-19,0.0010550815923342,1.7299865108141,7.73336422605,-3.0133627101855e-15,-37.13143872924,-2.3517200279162e-14,26.750050542093,1.6466800323311e-14,-1.6466814618005e-14,-56.191046626837,-56.191017874013,1.4499823905455e-05,1.4499944771343e-05,-1.6466728168721e-14,1.6466712495414e-14,-1.4499863732123e-05,-1.4499898000693e-05,-56.191053185909,-56.191081938521,-20.435114787688,0.00013895809872155,-3.7131438729238e-05,36.981009282675,-15.276847034417,360.31506324925,100000349.08716,-1.5499381822123e-13,0.0063363444002348,-0.010050335852214,-367.88601598274,-6.5041947077717e-06,-926.74800747507,808.24770299963
65.216499999996,36.240204837824,12.080066342065,4.1010600945649e-19,0.0010759060826893,1.7299910714066,7.7257513557808,-2.7358760395122e-15,-36.554241740214,-2.07854311371e-14,26.463817566224,1.4554009265272e-14,-1.4554022561282e-14,-55.589786416752,-55.589757701828,1.2901282175642e-05,1.2901390207314e-05,-1.4553945993492e-14,1.4553931277845e-14,-1.2901317747721e-05,-1.2901348423491e-05,-55.58979306895,-55.589821783665,-20.216442486001,0.00013675523790836,-3.6554241740213e-05,36.852907317213,-15.224803068342,360.3150642178,100000350.00676,-1.5525094624934e-13,0.0063441347596181,-0.010050335852214,-367.17686413822,-6.3126010939934e-06,-925.02834434894,806.75105982771
65.316499999997,35.302853036196,11.767615753142,3.7211780088729e-19,0.0010964086897209,1.7299955605599,7.7182487327369,-2.4871810821786e-15,-35.991829268839,-1.8380321154527e-14,26.182162592483,1.286994568253e-14,-1.2869958043024e-14,-54.998142751829,-54.998114075368,1.1486688416459e-05,1.1486785048527e-05,-1.2869890189254e-14,1.2869876391195e-14,-1.1486720211842e-05,-1.1486747692242e-05,-54.998149495791,-54.998178172044,-20.001267913457,0.00013460946900878,-3.5991829268837e-05,36.727606260877,-15.174090088006,360.31506517136,100000350.91216,-1.5550407747432e-13,0.0063518029888483,-0.010050335852214,-366.47860921766,-6.1292040714024e-06,-923.33485187762,805.27718174685
65.416499999997,34.397090751109,11.465695003202,3.3808720949879e-19,0.0011165975980215,1.7299999801095,7.7108536834905,-2.2639735275201e-15,-35.443631419349,-1.6262238826819e-14,25.904972304038,1.1386859508597e-14,-1.1386870994421e-14,-54.415877598737,-54.415848961292,1.0234397495764e-05,1.0234483998052e-05,-1.1386810827465e-14,1.1386797904613e-14,-1.0234425937221e-05,-1.0234450574445e-05,-54.415884433136,-54.415913070376,-19.789504482336,0.00013251857649995,-3.5443631419348e-05,36.604988709107,-15.12464717493,360.31506611032,100000351.8037,-1.5575676460987e-13,0.0063593522279068,-0.010050335852214,-365.790975449,-5.9535389772896e-06,-921.66687289076,803.82549733478
65.516499999997,33.521538887012,11.17384439371,3.0755883594694e-19,0.0011364806792086,1.7300043318205,7.7035636343685,-2.0633631587907e-15,-34.909108219282,-1.4396386905138e-14,25.632137600185,1.0080385633331e-14,-1.0080396302734e-14,-53.84276178054,-53.842733182651,9.1253356188184e-06,9.1254131155113e-06,-1.0080342918692e-14,1.0080330827402e-14,-9.1253610804255e-06,-9.1253831866448e-06,-53.842768704083,-53.842797301769,-19.581068826972,0.00013048046167767,-3.4909108219281e-05,36.4849479297,-15.076416583721,360.31506703504,100000352.68173,-1.5600367858546e-13,0.0063667854959137,-0.010050335852214,-365.11369757549,-5.7851723563129e-06,-920.02377515867,802.39545685041
65.616499999997,32.67489454669,10.891629625577,2.8013443576626e-19,0.0011560655082269,1.7300086173906,7.6963761063137,-1.8828177302265e-15,-34.387747635966,-1.2752213739456e-14,25.363553381262,8.9291317240683e-15,-8.9291416325198e-15,-53.278574524901,-53.278545967097,8.1426949387383e-06,8.1427644253188e-06,-8.9290942358839e-15,8.9290829320726e-15,-8.1427177515632e-06,-8.1427376035395e-06,-53.278581536326,-53.278610093928,-19.37588063937,0.00012849313488944,-3.4387747635965e-05,36.367381324401,-15.029345496911,360.31506794587,100000353.54659,-1.5625192482844e-13,0.0063741056974477,-0.010050335852215,-364.44652030883,-5.623704822619e-06,-918.40495009863,800.98653110939
65.716499999997,31.855925875817,10.618640080679,2.5546516919118e-19,0.0011753593785782,1.7300128384545,7.6892887100825,-1.7201150084126e-15,-33.879063750541,-1.1302895649612e-14,25.099118347488,7.9143157807247e-15,-7.9143249808178e-15,-52.723103041511,-52.72307452431,7.2716640764222e-06,7.271726434625e-06,-7.9142828713573e-15,7.9142723111547e-15,-7.2716845335405e-06,-7.2717023767054e-06,-52.723110139586,-52.723138656587,-19.173862515444,0.00012655470838589,-3.3879063750539e-05,36.252190560986,-14.98338150798,360.31506884316,100000354.39861,-1.5651482601513e-13,0.0063813156284461,-0.010050335852215,-363.78919781826,-5.4687627488782e-06,-916.8098115659,799.59821043322
65.816499999997,31.063467321651,10.354487241422,2.3324497801054e-19,0.0011943693165643,1.7300169965862,7.6822991417507,-1.5733017109797e-15,-33.382595075856,-1.0024881916561e-14,24.838734810619,7.0194475377007e-15,-7.0194560791111e-15,-52.176142126465,-52.176113650375,6.499190423558e-06,6.4992464345851e-06,-7.0194186403495e-15,7.0194087806006e-15,-6.4992087844847e-06,-6.4992248365483e-06,-52.176149309989,-52.176177785879,-18.974939811072,0.00012466338973672,-3.3382595075854e-05,36.13928621618,-14.938479515417,360.31506972723,100000355.23808,-1.5678705307498e-13,0.0063884179817228,-0.010050335852215,-363.1414932527,-5.3199944009408e-06,-915.23779472312,798.2300036665
65.916499999997,30.296415266689,10.098803235292,2.1320491475023e-19,0.0012131020946189,1.7300210933029,7.6754051785067,-1.4406582843224e-15,-32.89790300436,-8.8974949460286e-15,24.582308517443,6.230048497608e-15,-6.2300564271036e-15,-51.637493791481,-51.637465356999,5.8137705554737e-06,5.8138209116656e-06,-6.2300231161906e-15,6.2300139148366e-15,-5.8137870500746e-06,-5.8138015042163e-06,-51.637501059279,-51.637529493563,-18.779040507187,0.00012281747575677,-3.2897903004359e-05,36.028580568212,-14.894594824202,360.31507059841,100000356.06532,-1.5704196065543e-13,0.0063954153521324,-0.010050335852215,-362.50317829338,-5.1770739763102e-06,-913.68835498157,796.88143725672
66.016499999997,29.553724003715,9.851239493207,1.9510827821416e-19,0.0012315642437986,1.730025130067,7.6686046747067,-1.3206686344712e-15,-32.424570374983,-7.9025790146612e-15,24.329748484202,5.533405982575e-15,-5.5334133440623e-15,-51.106966916099,-51.10693852371,5.205265488423e-06,5.2053108035676e-06,-5.5333836828742e-15,5.5333750992346e-15,-5.2052803203677e-06,-5.2052933480576e-06,-51.106974267023,-51.107002659214,-18.586095083226,0.00012101534689875,-3.2424570374982e-05,35.919992641967,-14.851684958152,360.31507145698,100000356.88061,-1.5730308548459e-13,0.0064023102414091,-0.010050335852216,-361.87403273491,-5.0396964043688e-06,-912.16096700928,795.55205439202
66.116499999997,28.834402020604,9.6114655111123,1.7874643311872e-19,0.0012497620654991,1.7300291082894,7.6618955581747,-1.2119940677354e-15,-31.962200147526,-7.0241917738211e-15,24.080966841163,4.9183571245375e-15,-4.9183639591355e-15,-50.58437692118,-50.584348571361,4.6647378820105e-06,4.6647787004468e-06,-4.9183375264552e-15,4.9183295214302e-15,-4.6647512318206e-06,-4.6647629853137e-06,-50.584384354106,-50.58441270373,-18.396036398343,0.00011925546206772,-3.1962200147524e-05,35.813445159521,-14.809711316427,360.31507230325,100000357.68422,-1.5755266399406e-13,0.0064091050627007,-0.010050335852216,-361.25384409184,-4.9075792716271e-06,-910.65512380033,794.24141419227
66.216499999997,28.137508568245,9.379167705962,1.639352112547e-19,0.0012677016424495,1.7300330293315,7.6552758267286,-1.1134508163962e-15,-31.510414176243,-6.2483333669992e-15,23.835878686533,4.3750991926685e-15,-4.3751055388042e-15,-50.069545462045,-50.069517155261,4.1843086153082e-06,4.1843454199654e-06,-4.3750819634505e-15,4.3750744996573e-15,-4.184320643047e-06,-4.1843312575886e-06,-50.069552975875,-50.069581282465,-18.208799579749,0.00011753635382445,-3.1510414176242e-05,35.708864265062,-14.76863645613,360.3150731375,100000358.47643,-1.5779868978963e-13,0.0064158021448288,-0.010050335852216,-360.64240722992,-4.7804537661663e-06,-909.17033580153,792.94909094991
66.316499999997,27.462150485767,9.1540483574571,1.5051180789665e-19,0.0012853888490443,1.730036894508,7.6487435449132,-1.0239906229695e-15,-31.068852072921,-5.5627086218494e-15,23.594401949103,3.8950230797281e-15,-3.8950289732454e-15,-49.562300139937,-49.562271876643,3.7570304582191e-06,3.7570636777157e-06,-3.8950079280372e-15,3.8950009698943e-15,-3.7570413058664e-06,-3.7570509016411e-06,-49.562307733596,-49.562335996697,-18.024321917742,0.00011585662393967,-3.106885207292e-05,35.606179451244,-14.728424205883,360.31507396001,100000359.25749,-1.5804338331733e-13,0.0064224037362873,-0.010050335852216,-360.03952401929,-4.6580722886648e-06,-907.70613009137,791.67467341627
66.416499999997,26.807479261247,8.9358246282799,1.3833210076778e-19,0.0013028293610561,1.7300407050886,7.6422968409294,-9.4268393869031e-16,-30.637170152424,-4.956518314581e-15,23.356457258933,3.4705671449401e-15,-3.4705726192191e-15,-49.06247423039,-49.062446011031,3.3767768210285e-06,3.3768068359416e-06,-3.4705538156718e-15,3.4705473294417e-15,-3.3767866145761e-06,-3.3767952984315e-06,-49.062481902824,-49.06251012199,-17.842542766871,0.00011421493927158,-3.0637170152422e-05,35.505326807605,-14.689042219382,360.31507477103,100000360.02766,-1.5829429409376e-13,0.0064289120090011,-0.010050335852217,-359.44500300843,-4.5401994103833e-06,-906.26204960821,790.41776413072
66.516499999997,26.172688307754,8.7242276561144,1.2726833020334e-19,0.0013200286647768,1.7300444623005,7.635933903742,-8.6870536050947e-16,-30.215040453785,-4.4202759800862e-15,23.121967825552,3.0950889440468e-15,-3.0950940301289e-15,-48.56990642737,-48.569878252384,3.0381437978742e-06,3.0381709462751e-06,-3.0950772137954e-15,3.0950711675937e-15,-3.0381526491759e-06,-3.0381605161457e-06,-48.569914177548,-48.569942352343,-17.663403452846,0.00011261002793947,-3.0215040453784e-05,35.406242397874,-14.650459338267,360.31507557083,100000360.78718,-1.5854786940523e-13,0.0064353290618657,-0.010050335852217,-358.85865911746,-4.4266091983129e-06,-904.83765242371,789.17797878906
66.616499999997,25.557010436343,8.5190017113047,1.1720708859324e-19,0.0013369920656262,1.7300481673302,7.6296529803549,-8.0132098812718e-16,-29.802149830342,-3.9456471621137e-15,22.890859323126,2.7627526719323e-15,-2.762757398648e-15,-48.084440602063,-48.084412471875,2.7363639269138e-06,2.7363885092574e-06,-2.7627423450258e-15,2.762736708805e-15,-2.736371935318e-06,-2.7363790699693e-06,-48.084448428973,-48.084476558969,-17.486847184781,0.00011104067576773,-2.9802149830341e-05,35.308865802385,-14.612645039753,360.31507635964,100000361.53628,-1.5881032650068e-13,0.0064416569240767,-0.010050335852217,-358.2803133491,-4.317107997339e-06,-903.43251105846,787.95494564866
66.716499999997,24.959715509225,8.3199034145808,1.0804757510714e-19,0.0013537246962659,1.7300518213251,7.6234523732421,-7.3987743072008e-16,-29.398199102909,-3.525308369972e-15,22.663059782114,2.4684304038003e-15,-2.4684347978977e-15,-47.605925575281,-47.605897490309,2.4672302738728e-06,2.4672525573153e-06,-2.468421308832e-15,2.4684160543453e-15,-2.4672375276638e-06,-2.4672440052878e-06,-47.605933477931,-47.605961562712,-17.312818972387,0.00010950572297707,-2.9398199102908e-05,35.213141591433,-14.57557132214,360.31507713772,100000362.27519,-1.5906612225775e-13,0.0064478975582706,-0.010050335852217,-357.70979251622,-4.2114920426465e-06,-902.04621183677,786.74830496763
66.816499999997,24.380108259199,8.1267010102038,9.9700078364581e-20,0.0013702315242528,1.7300554253955,7.6173304379236,-6.8379223356265e-16,-29.002902271966,-3.1528233369874e-15,22.438499486977,2.207615451077e-15,-2.2076195373487e-15,-47.134214902598,-47.134186863252,2.2270296088241e-06,2.2270498310371e-06,-2.2076074378727e-15,2.2076025386232e-15,-2.2270361864949e-06,-2.2270420741596e-06,-47.134222880016,-47.134250919174,-17.141265547799,0.00010800406110665,-2.9002902271965e-05,35.119014468611,-14.539211080588,360.31507790529,100000363.00413,-1.5930104582176e-13,0.0064540528634851,-0.010050335852218,-357.1469289851,-4.1095789287733e-06,-900.67835427823,785.55770847588
66.916499999997,23.817526260459,7.9391736895667,9.2084655263788e-20,0.0013865173592639,1.7300589806164,7.6112855806756,-6.3254552856448e-16,-28.615985782595,-2.8225344660715e-15,22.217110879527,1.9763463513614e-15,-1.9763501527686e-15,-46.66916667132,-46.669138677999,2.0124835906747e-06,2.0125019632138e-06,-1.9763392883271e-15,1.9763347195055e-15,-2.01248956205e-06,-2.0124949195316e-06,-46.669174722552,-46.669202715685,-16.97213529171,0.00010653463014291,-2.8615985782594e-05,35.026433401659,-14.503539619265,360.31507866257,100000363.72331,-1.5957860194969e-13,0.0064601246779524,-0.010050335852218,-356.5915604326,-4.0112035254335e-06,-899.32855052284,784.38281887545
67.016499999997,23.271338039916,7.7571109616343,8.5129978915449e-20,0.0014025868599202,1.7300624880285,7.6053162563675,-5.8567274166211e-16,-28.237187839541,-2.5294676036217e-15,21.998828467544,1.7711401909027e-15,-1.7711437286954e-15,-46.210643308523,-46.210615361618,1.8206970018995e-06,1.8207137131813e-06,-1.7711339627048e-15,1.7711297011201e-15,-1.8207024291283e-06,-1.8207073097346e-06,-46.210651432631,-46.210679379351,-16.805378163527,0.0001050964158447,-2.823718783954e-05,34.93534926934,-14.468532615654,360.31507940979,100000364.43293,-1.5982773636799e-13,0.0064661147817406,-0.010050335852218,-356.04352961728,-3.9161949966264e-06,-897.99642478837,783.22330936881
67.116499999997,22.740941316617,7.580312066084,7.8772332568781e-20,0.0014184445402378,1.73006594864,7.5994209664159,-5.4275821409802e-16,-27.866257767065,-2.2692485084762e-15,21.783588738305,1.5889341159801e-15,-1.5889374098127e-15,-45.758511399421,-45.758483499312,1.6491121893771e-06,1.649127407309e-06,-1.5889286215164e-15,1.5889246455212e-15,-1.6491171278086e-06,-1.6491215791076e-06,-45.758519595484,-45.758547495407,-16.640945635296,0.00010368844724367,-2.7866257767064e-05,34.845714487633,-14.434167456974,360.31508014715,100000365.1332,-1.6008752892709e-13,0.0064720248992461,-0.010050335852218,-355.50268416266,-3.8244041229691e-06,-896.68161285694,782.07886321252
67.216499999997,22.225761360183,7.4085854261192,7.2954729782122e-20,0.0014340947757309,1.7300693634282,7.5935982568483,-5.0342961523935e-16,-27.502955411295,-2.0380295812452e-15,21.571330076717,1.4270340286196e-15,-1.4270370966616e-15,-45.312641515384,-45.312613662447,1.4954689673685e-06,1.495482841673e-06,-1.4270291792456e-15,1.4270254686583e-15,-1.4954734663261e-06,-1.4954775307905e-06,-45.312649782499,-45.312677635252,-16.47879062913,0.00010230979431109,-2.7502955411294e-05,34.757484748842,-14.400421688828,360.31508087486,100000365.82431,-1.6033977196941e-13,0.0064778567015548,-0.010050335852219,-354.9688763523,-3.7356897464896e-06,-895.38376158949,780.94917329524
67.316499999998,21.725249458234,7.2417481376087,6.7626143925145e-20,0.0014495418091873,1.7300727333403,7.5878467164696,-4.6735304198526e-16,-27.14705058091,-1.8324255941693e-15,21.361992687751,1.2830695845006e-15,-1.2830724435413e-15,-44.872908051015,-44.872880245613,1.357769327194e-06,1.3577819914637e-06,-1.283065302477e-15,1.2830618385033e-15,-1.3577734306593e-06,-1.3577771462367e-06,-44.872916388292,-44.87294419351,-16.31886745793,0.00010095956577467,-2.7147050580909e-05,34.670617667673,-14.36727468831,360.31508159311,100000366.50645,-1.6060666995547e-13,0.0064836118086737,-0.010050335852219,-354.44196293587,-3.6499116502179e-06,-894.10252846599,779.833941738
67.416499999998,21.23888148505,7.0796254919772,6.2740832501174e-20,0.0014647897561402,1.7300760592949,7.5821649751252,-4.3422871456643e-16,-26.798322524051,-1.6494573154674e-15,21.15551852291,1.1549547185997e-15,-1.1549573841479e-15,-44.439189069675,-44.439161312168,1.2342463763313e-06,1.2342579498454e-06,-1.1549509357357e-15,1.1549477008894e-15,-1.2342501235482e-06,-1.2342535241661e-06,-44.439197476242,-44.439225233567,-16.161131769196,9.9636907077084e-05,-2.679832252405e-05,34.585071148034,-14.334706182728,360.3150823021,100000367.1798,-1.608464784995e-13,0.0064892917916469,-0.010050335852219,-353.92180494537,-3.5669436296853e-06,-892.83758114997,778.73287951565
67.516499999998,20.766156563197,6.9220505300744,5.825774383332e-20,0.0014798426100536,1.7300793421832,7.5765517020533,-4.0378719119954e-16,-26.45655943802,-1.4865020574022e-15,20.951851210469,1.0408530188379e-15,-1.0408555052151e-15,-44.011366156962,-44.011338447698,1.1233369986344e-06,1.1233475879648e-06,-1.0408496753036e-15,1.0408466533289e-15,-1.1233404246432e-06,-1.1233435406557e-06,-44.011374631959,-44.011402341041,-16.005540491707,9.8340998462863e-05,-2.6456559438019e-05,34.500807589489,-14.302698841623,360.31508300201,100000367.84453,-1.6112714325062e-13,0.0064948981745589,-0.010050335852219,-353.40826752095,-3.4866609275036e-06,-891.58859707563,777.64570609799
67.616499999998,20.306595811487,6.7688636248372,5.4139995383963e-20,0.0014947042472406,1.7300825828701,7.5710056043223,-3.7578603469046e-16,-26.121558009873,-1.3412502961972e-15,20.750935989268,9.3914735125004e-16,-9.3914967167903e-16,-43.589324281622,-43.589296620945,1.0236577882202e-06,1.0236674886532e-06,-9.3914439453812e-16,9.3914157033382e-16,-1.02366092433e-06,-1.0236637829137e-06,-43.589332824207,-43.589360484703,-15.852051784935,9.7071053186055e-05,-2.6121558009872e-05,34.417788583402,-14.271233148546,360.31508369302,100000368.50081,-1.613807185597e-13,0.0065004324364359,-0.01005033585222,-352.90121974575,-3.4089499997262e-06,-890.35526305629,776.57214910932
67.716499999998,19.859741172552,6.6199120904723,5.0354414475284e-20,0.0015093784315309,1.7300857821953,7.565525425346,-3.5000687334129e-16,-25.793122985186,-1.2116676164201e-15,20.552719645813,8.4841321335823e-16,-8.4841538004493e-16,-43.172951663427,-43.172924051669,9.3398386321979e-07,9.3399276001284e-07,-8.4841059737523e-16,8.4840795692092e-16,-9.3398673742612e-07,-9.339893629305e-07,-43.172960272766,-43.172987884343,-15.700624990962,9.582631582816e-05,-2.5793122985185e-05,34.335978417713,-14.240292689869,360.31508437531,100000369.14882,-1.6164139929596e-13,0.0065058960130468,-0.01005033585222,-352.4005344891,-3.3337070029384e-06,-889.13727491245,775.51194400518
67.816499999998,19.425154314823,6.4750498164546,4.6871133430965e-20,0.0015238688187012,1.7300889409739,7.5601099434755,-3.2625280625258e-16,-25.471066763877,-1.0959613242259e-15,20.357150454511,7.6739535669087e-16,-7.6739738090162e-16,-42.76213964764,-42.76211208513,8.5323021287164e-07,8.5323838236645e-07,-7.6739304096242e-16,7.6739057124785e-16,-8.5323285022556e-07,-8.5323526448386e-07,-42.762148322916,-42.762175885247,-15.551220588825,9.4606060721742e-05,-2.5471066763877e-05,34.255341998389,-14.209860952687,360.31508504905,100000369.78871,-1.6189941549675e-13,0.0065112902986184,-0.01005033585222,-351.90608825769,-3.2608215095244e-06,-887.93433711911,774.46483376576
67.916499999998,19.002415602352,6.3341369241328,4.36632322522e-20,0.001538178960687,1.730092059998,7.5547579706583,-3.0434610988959e-16,-25.155209019649,-9.9255115445236e-16,20.164178120845,6.9498727582512e-16,-6.9498916795839e-16,-42.356782585638,-42.356755072692,7.8043527308912e-07,7.8044278369682e-07,-6.9498522480044e-16,6.9498291375781e-16,-7.8043769602442e-07,-7.8043991862869e-07,-42.356791326044,-42.356818838811,-15.403800151075,9.3409590466518e-05,-2.5155209019648e-05,34.175847265967,-14.179922098082,360.3150857144,100000370.42065,-1.6214366493183e-13,0.0065166166474588,-0.01005033585222,-351.41776105402,-3.1901959199376e-06,-886.7461624701,773.43056860406
68.016499999998,18.591123128815,6.1970394447295,4.0706422863351e-20,0.0015523123095845,1.7300951400372,7.5494683511649,-2.8412620849783e-16,-24.845376342953,-9.0004356730609e-16,19.973753727307,6.3021321086989e-16,-6.3021498052309e-16,-41.956777721345,-41.956750258278,7.1474646232315e-07,7.1475337539681e-07,-6.302113933132e-16,6.3020922975279e-16,-7.1474869094559e-07,-7.1475073949081e-07,-41.956786526088,-41.956813988979,-15.258326302467,9.223623453732e-05,-2.4845376342953e-05,34.097460951849,-14.150460722836,360.31508637152,100000371.04477,-1.6239501979406e-13,0.0065218763755055,-0.010050335852221,-350.93543624208,-3.1217433732506e-06,-885.57247175927,772.4089056888
68.116499999998,18.190891810123,6.0636290168805,3.7978769757108e-20,0.0015662722214577,1.7300981818393,7.5442399603759,-2.6544787588929e-16,-24.541401904612,-8.1720919248283e-16,19.785829681922,5.7221235378804e-16,-5.7221400981955e-16,-41.562025083099,-41.561997670214,6.5540744183863e-07,6.5541381244625e-07,-5.7221074224601e-16,5.7220871579514e-16,-6.5540949418213e-07,-6.5541138448274e-07,-41.562033951397,-41.562061364106,-15.114762680619,9.1085347972847e-05,-2.4541401904611e-05,34.020154729714,-14.121463522652,360.31508702058,100000371.66124,-1.6262949926609e-13,0.0065270707617933,-0.010050335852221,-350.45900041931,-3.0553696182009e-06,-884.412993477,771.39960888055
68.216499999998,17.801352532244,5.933782602573,3.5460442555442e-20,0.0015800619599615,1.7301011861317,7.5390717036281,-2.4817964039341e-16,-24.243125139544,-7.4296303304677e-16,19.600359669228,5.2022498710852e-16,-5.2022653769524e-16,-41.172427380683,-41.172400018278,6.0174689295823e-07,6.0175277056786e-07,-5.2022355744406e-16,5.2022165848949e-16,-6.0174878521189e-07,-6.0175053149381e-07,-41.172436311766,-41.172463673996,-14.973073898554,8.9956310142956e-05,-2.4243125139544e-05,33.94389811579,-14.092915821586,360.31508766172,100000372.27019,-1.6290838765891e-13,0.0065322010498548,-0.010050335852221,-349.98834329487,-2.9909960983291e-06,-883.26746352151,770.40244848079
68.316499999998,17.422151349835,5.8073822200253,3.3133496588005e-20,0.001593684699792,1.7301041536215,7.5339625151144,-2.322023684123e-16,-23.950391448583,-6.7634708920043e-16,19.41729860357,4.7358031705098e-16,-4.7358176974161e-16,-40.787889907208,-40.787862595575,5.5316862884413e-07,5.5317405793123e-07,-4.735790480352e-16,4.7357726766891e-16,-5.5317037555325e-07,-5.5317199062443e-07,-40.787898900317,-40.787926211776,-14.833225509005,8.8848523586636e-05,-2.3950391448582e-05,33.868663676778,-14.06480529915,360.31508829509,100000372.87176,-1.6316462750184e-13,0.0065372684490514,-0.010050335852221,-349.52335757382,-2.9285379985393e-06,-882.13562492373,769.41720099273
68.416499999998,17.052948732535,5.684314692448,3.0981678095513e-20,0.0016071435299725,1.7301070849968,7.5289113568364,-2.1740800517683e-16,-23.663051917594,-6.1651510400092e-16,19.236602584549,4.3168579244193e-16,-4.3168715420625e-16,-40.408320445542,-40.408293184964,5.0914288040164e-07,5.091479009878e-07,-4.316846653969e-16,4.3168299536516e-16,-5.0914449464602e-07,-5.0914599004779e-07,-40.408329499927,-40.408356760333,-14.695183970372,8.7761412917626e-05,-2.3663051917594e-05,33.794424243966,-14.037118920627,360.31508892083,100000373.4661,-1.6340399195458e-13,0.0065422741358421,-0.010050335852221,-349.06393884654,-2.8679244793214e-06,-881.01722758531,768.44364889354
68.516499999998,16.693418855407,5.5644714115282,2.8990251103084e-20,0.0016204414569869,1.7301099809271,7.5239172176047,-2.0369845403316e-16,-23.380963052455,-5.6271916984837e-16,19.05822885455,3.940177265477e-16,-3.9401900382214e-16,-40.033629179079,-40.033601969834,4.691986152527e-07,4.6920326338372e-07,-3.9401672503363e-16,3.9401515768936e-16,-4.6920010880476e-07,-4.6920149494633e-07,-40.033638294003,-40.033665503077,-14.558916614264,8.6694423791918e-05,-2.3380963052455e-05,33.721154009954,-14.009844327052,360.31508953909,100000374.05334,-1.6367932763309e-13,0.006547219254993,-0.010050335852222,-348.6099854835,-2.8090823230255e-06,-879.91202802878,767.48158041718
68.616499999998,16.343248930666,5.4477481146697,2.7145843385893e-20,0.0016335814077667,1.7301128420641,7.5189791120856,-1.9098457795171e-16,-23.103986528961,-5.1429796681263e-16,18.882135758189,3.6011306152409e-16,-3.6011426025384e-16,-39.663728606561,-39.66370144892,4.3291676575568e-07,4.329210739259e-07,-3.6011217106542e-16,3.601106993236e-16,-4.3291814922072e-07,-4.3291943549873e-07,-39.663737781296,-39.663764938766,-14.42439161451,8.5647021933627e-05,-2.310398652896e-05,33.648827862967,-13.982970350439,360.31509015,100000374.63359,-1.6392002435305e-13,0.0065521049207293,-0.010050335852222,-348.16139853487,-2.7519402971002e-06,-878.81978915926,766.53078934724
68.716499999998,16.002138577909,5.3340446750703,2.5436309274679e-20,0.001646566232542,1.7301156690421,7.5140960798906,-1.7918530898718e-16,-22.83198895671,-4.7066643213036e-16,18.708282703597,3.2956213497484e-16,-3.2956326065261e-16,-39.29853346075,-39.298506354977,3.9992425702399e-07,3.9992825455317e-07,-3.2956134282027e-16,3.2955996011643e-16,-3.999255399647e-07,-3.9992673486945e-07,-39.298542694576,-39.298569800178,-14.291577957573,8.4618692215415e-05,-2.2831988956709e-05,33.577422422456,-13.956486053797,360.31509075369,100000375.207,-1.641975804772e-13,0.0065569322178349,-0.010050335852222,-347.71808163469,-2.6964420435667e-06,-877.74028003703,765.59107481922
68.816499999998,15.669799230228,5.2232649037594,2.3850607331831e-20,0.0016593987075618,1.730118462479,7.5092671847078,-1.6822685319568e-16,-22.564841655959,-4.3130668498289e-16,18.536630125441,3.0200232546031e-16,-3.0200338316215e-16,-38.937960630748,-38.937933577104,3.6988873906301e-07,3.6989245243127e-07,-3.0200162037263e-16,3.0200032062409e-16,-3.6988993011005e-07,-3.6989104132011e-07,-38.937969922958,-38.937996976433,-14.160445414293,8.3608937789552e-05,-2.2564841655959e-05,33.506914394393,-13.930380199106,360.3150913503,100000375.77368,-1.6447202797668e-13,0.0065617022027021,-0.010050335852222,-347.27994090939,-2.6425128266185e-06,-876.67327566044,764.66224113182
68.916499999998,15.345953573992,5.1153163628606,2.2378691173389e-20,0.0016720815376932,1.7301212229765,7.504491513472,-1.5804198005178e-16,-22.30242044683,-3.9576005238439e-16,18.367139449578,2.7711246900621e-16,-2.7711346342443e-16,-38.581929087755,-38.58190208649,3.4251393872066e-07,3.4251739186617e-07,-2.7711184107809e-16,2.7711061864802e-16,-3.4251504567091e-07,-3.4251608013724e-07,-38.581938437648,-38.581965438744,-14.030964512874,8.2617279267214e-05,-2.230242044683e-05,33.437280447633,-13.904642501716,360.31509193994,100000376.33375,-1.6474958410042e-13,0.0065664159043361,-0.010050335852223,-346.84688489046,-2.5901033406965e-06,-875.61855675872,763.74409756678
69.016499999998,15.030335019755,5.0101101892233,2.1011411925627e-20,0.0016846173589039,1.7301239511212,7.4997681755698,-1.4856938675115e-16,-22.044605449564,-3.6362006104598e-16,18.199773059264,2.546079519907e-16,-2.5460888746427e-16,-38.230359814077,-38.230332865439,3.1753555732308e-07,3.1753877190688e-07,-2.5460739248333e-16,2.5460624214724e-16,-3.1753658722695e-07,-3.1753755124787e-07,-38.230369220963,-38.230396169434,-13.903106513064,8.1643253940909e-05,-2.2044605449564e-05,33.36850099215,-13.879263575425,360.31509252274,100000376.88732,-1.6501337345844e-13,0.0065710743253092,-0.010050335852223,-346.41882443099,-2.5391545715224e-06,-874.57590959356,762.83645821644
69.116499999998,14.72268720273,4.9075609279184,1.9740430989112e-20,0.0016970087406357,1.7301266474844,7.4950963020812,-1.3975312894455e-16,-21.791280895834,-3.3452627676444e-16,18.034494262819,2.3423639747022e-16,-2.3423727801269e-16,-37.883175735214,-37.883148839443,2.9471764881142e-07,2.9472064445312e-07,-2.3423589867175e-16,2.3423481558655e-16,-2.9471860805059e-07,-2.9471950733854e-07,-37.883185198411,-37.883212094015,-13.776843381446,8.0686415050044e-05,-2.1791280895834e-05,33.300554115218,-13.854233685596,360.31509309883,100000377.43452,-1.6524874110683e-13,0.0065756784426778,-0.010050335852223,-345.99567262588,-2.4896127388931e-06,-873.54512576979,761.9391418191
69.216499999999,14.422763510631,4.8075863748498,1.8558141944278e-20,0.0017092581880738,1.7301293126232,7.4904750450535,-1.3154211046574e-16,-21.542334949909,-3.0815888750385e-16,17.871267262696,2.1577387224067e-16,-2.157747015659e-16,-37.54030165488,-37.54027481221,2.7384942105883e-07,2.7385221554645e-07,-2.1577342734226e-16,2.1577240701742e-16,-2.7385031541534e-07,-2.7385115515643e-07,-37.540311173713,-37.540338016217,-13.652147767801,7.974633108495e-05,-2.1542334949908e-05,33.233420920126,-13.829544048185,360.31509366831,100000377.97546,-1.6550808957234e-13,0.0065802292088573,-0.010050335852223,-345.57734473548,-2.4414267334283e-06,-872.52600205418,761.05197160157
69.316499999999,14.130326637179,4.710107427925,1.7457600573685e-20,0.001721368144319,1.7301319470807,7.4859035768062,-1.2388962550811e-16,-21.297659539169,-2.8423393915069e-16,17.71005712586,1.9902155090217e-16,-1.9902233244796e-16,-37.201664192785,-37.201637403446,2.5474240995597e-07,2.5474501943292e-07,-1.9902115388912e-16,1.990201921601e-16,-2.5474324467377e-07,-2.5474402958087e-07,-37.20167376659,-37.201700555764,-13.528992982473,7.8822585127389e-05,-2.1297659539168e-05,33.167080745287,-13.805185600842,360.3150942313,100000378.51023,-1.6577099075134e-13,0.0065847275524591,-0.010050335852224,-345.16375811263,-2.3945487215782e-06,-871.51834020206,760.1747751283
69.416499999999,13.845148159785,4.61504794628,1.6432462097285e-20,0.0017333409924653,1.7301345513866,7.4813810892649,-1.167529474702e-16,-21.057150193537,-2.6249914414897e-16,17.550829755418,1.8380278105552e-16,-1.8380351800536e-16,-36.867191725035,-36.86716498925,2.3722798192731e-07,2.3723042105908e-07,-1.838024266119e-16,1.8380151961544e-16,-2.3722876176716e-07,-2.3722949612732e-07,-36.867201353154,-36.867228088775,-13.40735297469,7.7914774225849e-05,-2.1057150193537e-05,33.101514846807,-13.781148814333,360.31509478792,100000379.03894,-1.6601035520203e-13,0.0065891743790908,-0.010050335852224,-344.75483213279,-2.3489287207035e-06,-870.5219467912,759.30738415713
69.516499999999,13.56700813987,4.5223346170542,1.5476924824665e-20,0.0017451790575903,1.7301371260576,7.4769067933249,-1.100929593728e-16,-20.820705893271,-2.4273019305949e-16,17.393551863446,1.6996050064741e-16,-1.6996119595049e-16,-36.536814327057,-36.536787645043,2.211551258786e-07,2.2115740800143e-07,-1.6996018407234e-16,1.6995932822369e-16,-2.211558551669e-07,-2.2115654288368e-07,-36.536824008839,-36.536850690691,-13.287202311798,7.7022508803417e-05,-2.0820705893271e-05,33.036706478261,-13.757426912594,360.31509533827,100000379.56171,-1.6627858545115e-13,0.0065935705721252,-0.010050335852224,-344.35048812695,-2.3045241283217e-06,-869.53663306308,758.44963450119
69.616499999999,13.295694744143,4.4318968291514,1.4585679522281e-20,0.0017568846086618,1.7301396715979,7.4724799182387,-1.0387382134681e-16,-20.588228924182,-2.2472750770649e-16,17.238190944922,1.5735496451611e-16,-1.5735562090569e-16,-36.210463718847,-36.210437090816,2.0638850026674e-07,2.0639063752038e-07,-1.5735468165025e-16,1.573538736221e-16,-2.0638918293919e-07,-2.0638982757052e-07,-36.21047345365,-36.21050008152,-13.168516159349,7.61454120947e-05,-2.0588228924181e-05,32.972638654808,-13.734011768697,360.31509588245,100000380.07862,-1.6655170068138e-13,0.006597916993433,-0.010050335852224,-343.95064931783,-2.2612948505716e-06,-868.56221477037,757.60136589629
69.716499999999,13.03100388607,4.3436665537258,1.3753863873719e-20,0.0017684598603646,1.7301421884993,7.4680997110308,-9.8062671198354e-17,-20.359624740595,-2.0831338212923e-16,17.084715252743,1.4586174247893e-16,-1.4586236248924e-16,-35.888073212475,-35.888046638635,1.9280670510677e-07,1.9280870855301e-07,-1.4586148964004e-16,1.45860726343e-16,-1.9280734474731e-07,-1.9280794953928e-07,-35.888082999665,-35.888109573345,-13.051270261999,7.5283119612854e-05,-2.0359624740595e-05,32.909294594272,-13.710896306399,360.31509642057,100000380.58978,-1.6679550602353e-13,0.0066022144840868,-0.010050335852225,-343.55524075815,-2.2191938393317e-06,-867.598512031,756.76242187413
69.816499999999,12.772738885912,4.2575782308649,1.2977021485517e-20,0.0017799069748521,1.7301446772421,7.4637654359369,-9.2629354532692e-17,-20.134801835021,-1.9332946417338e-16,16.933093773755,1.3536995593667e-16,-1.353705419184e-16,-35.569577661757,-35.56955114231,1.8030075235509e-07,1.8030263208371e-07,-1.3536972986291e-16,1.3536900842757e-16,-1.8030135223067e-07,-1.8030192014786e-07,-35.569587500707,-35.569614019995,-12.935440925202,7.4435278642801e-05,-2.0134801835021e-05,32.846657176247,-13.688072384842,360.31509695273,100000381.09528,-1.6703220593812e-13,0.0066064638650375,-0.010050335852225,-343.16418927178,-2.1781903739895e-06,-866.64534918833,755.93264964067
69.916499999999,12.520710148291,4.1735686621091,1.2251064951867e-20,0.0017912280634255,1.7301471382951,7.4594763738628,-8.7546181304295e-17,-19.91367161423,-1.7963453635678e-16,16.783296205758,1.2578072403042e-16,-1.2578127816508e-16,-35.254913413928,-35.254886949069,1.6877271129324e-07,1.6877447651677e-07,-1.2578052183066e-16,1.2577983959095e-16,-1.6877327438488e-07,-1.6877380813746e-07,-35.254923304016,-35.254949768716,-12.82100499763,7.360154775944e-05,-1.991367161423e-05,32.784711478719,-13.665533221353,360.31509747903,100000381.59522,-1.6730310072168e-13,0.0066106659377597,-0.010050335852225,-342.77742339742,-2.1382383940512e-06,-865.70255467674,755.11189995929
70.016499999999,12.274734856233,4.091576908467,1.1572242547041e-20,0.0018024251881467,1.730149572116,7.4552318218681,-8.2787706014469e-17,-19.696148281385,-1.6710255972714e-16,16.635292935404,1.1700579394616e-16,-1.1700631825909e-16,-34.944018263232,-34.943991853154,1.58134508336e-07,1.5813616747456e-07,-1.1700561305622e-16,1.1700496753411e-16,-1.5813503736666e-07,-1.5813553943469e-07,-34.944028203845,-34.944054613766,-12.707939854294,7.2781596369456e-05,-1.9696148281385e-05,32.723442304218,-13.643272033816,360.31509799956,100000382.08968,-1.6756200509635e-13,0.0066148214848716,-0.010050335852225,-342.39487333402,-2.0993082928301e-06,-864.76996089269,754.30002703874
70.116499999999,12.034636681085,4.0115441937211,1.0937108165497e-20,0.0018135003633839,1.730151979152,7.4510310926695,-7.8330529105521e-17,-19.482148724428,-1.5562094888149e-16,16.489055017001,1.0896633307916e-16,-1.0896682945165e-16,-34.636831406387,-34.636805051275,1.4830686315044e-07,1.4830842390768e-07,-1.0896617122341e-16,1.0896556011476e-16,-1.4830736060984e-07,-1.4830783326507e-07,-34.636841396916,-34.636867751871,-12.596223380337,7.1975104277464e-05,-1.9482148724428e-05,32.662835205796,-13.62128264268,360.31509851442,100000382.57875,-1.6782535036292e-13,0.0066189312707339,-0.010050335852225,-342.01647088925,-2.0613620989002e-06,-863.84740407142,753.49688842583
70.216499999999,11.80024550655,3.9334138124392,1.03424941676e-20,0.0018244555572972,1.7301543598399,7.4468735141631,-7.4153117340417e-17,-19.271592409085,-1.4508905022173e-16,16.344554152133,1.0159186350486e-16,-1.0159233368521e-16,-34.333293399779,-34.333267099816,1.3921834513494e-07,1.3921981456616e-07,-1.0159171866246e-16,1.0159113982395e-16,-1.3921881330193e-07,-1.3921925862734e-07,-34.333303439625,-34.333329739432,-12.485833955467,7.1181761270227e-05,-1.9271592409085e-05,32.60287535897,-13.599558491381,360.3150990237,100000383.06253,-1.6811445280345e-13,0.0066229960420182,-0.010050335852226,-341.64214942897,-2.0243734009683e-06,-862.93472416777,752.70234490194
70.316499999999,11.571397166918,3.8571310427175,9.7854868328913e-21,0.0018352926932653,1.7301567146063,7.4427584289657,-7.0235641241785e-17,-19.064401277644,-1.354167989399e-16,16.201762670071,9.4819321596735e-17,-9.4819767210459e-17,-34.033346118319,-34.033319873681,1.3080453621106e-07,1.3080592078427e-07,-9.4819191971885e-17,9.4818643408991e-17,-1.3080497717355e-07,-1.3080539708094e-07,-34.033356206887,-34.03338245137,-12.376750438987,7.040126672332e-05,-1.9064401277644e-05,32.543550076619,-13.578093773498,360.31509952749,100000383.5411,-1.683822389617e-13,0.0066270165282582,-0.010050335852226,-341.27184382975,-1.9883024909466e-06,-862.03176474236,751.91626038398
70.416499999999,11.347933198091,3.7826430631905,9.2634041499529e-21,0.001846013651256,1.7301590438684,7.4386851939742,-6.6559827834546e-17,-18.860499652267,-1.2652353322705e-16,16.060653508956,8.8592227732431e-17,-8.8592650291592e-17,-33.7369327159,-33.736906526759,1.2300728755292e-07,1.2300859320366e-07,-8.8592111728251e-17,8.8591591584144e-17,-1.2300770322584e-07,-1.2300809947159e-07,-33.736942852602,-33.736969041589,-12.268952155417,6.9633329225447e-05,-1.8860499652266e-05,32.484845016773,-13.556881998468,360.31510002587,100000384.01453,-1.6863847880028e-13,0.0066309934423762,-0.010050335852226,-340.90549043239,-1.9531235576634e-06,-861.13837285183,751.138501829
70.516499999999,11.129700600857,3.7098988741215,8.7737757058069e-21,0.0018566202691438,1.7301613480337,7.4346531799414,-6.310882715604e-17,-18.659814142861,-1.1833694682532e-16,15.921200197674,8.2859952868149e-17,-8.2860353779994e-17,-33.443997587341,-33.443971453864,1.1577405935135e-07,1.1577529153197e-07,-8.2859849063669e-17,8.2859355608959e-17,-1.1577445149274e-07,-1.1577482569205e-07,-33.444007771594,-33.444033904918,-12.162418880643,6.8877666220582e-05,-1.8659814142861e-05,32.426747321214,-13.535917581374,360.31510051894,100000384.48291,-1.6890759722574e-13,0.0066349274811901,-0.010050335852226,-340.5430269977,-1.9188046750624e-06,-860.2543989434,750.36893914252
70.616499999999,10.916551615849,3.638849222387,8.3143244620877e-21,0.0018671143439759,1.7301636275008,7.4306617710683,-5.9867091152943e-17,-18.462273559472,-1.1079216334964e-16,15.783376838447,7.7577070376456e-17,-7.7577450951331e-17,-33.154486331812,-33.154460254161,1.0905733400261e-07,1.0905849772656e-07,-7.757697750635e-17,7.7576509129642e-17,-1.0905770422811e-07,-1.0905805786773e-07,-33.15449656304,-33.154522640538,-12.057130828617,6.8134003667639e-05,-1.8462273559472e-05,32.369245991152,-13.515194823601,360.31510100677,100000384.94633,-1.6917049840203e-13,0.0066388193259018,-0.010050335852227,-340.18439266407,-1.885323506833e-06,-859.37969675369,749.60744509052
70.716499999999,10.708343509175,3.5694465300243,7.8829502267327e-21,0.0018774976331914,1.7301658826593,7.4267103646118,-5.6820263721288e-17,-18.267808828403,-1.0383091782295e-16,15.647158090068,7.2702782955197e-17,-7.2703144413833e-17,-32.868345717607,-32.868319695941,1.0281409425107e-07,1.0281519413273e-07,-7.2702699891935e-17,7.270225509111e-17,-1.0281444404689e-07,-1.0281477849671e-07,-32.86835599524,-32.868382016753,-11.953068638542,6.7402075714728e-05,-1.8267808828403e-05,32.312327358276,-13.494709053079,360.31510148945,100000385.40485,-1.6942362961551e-13,0.006642669642565,-0.010050335852227,-339.82952790607,-1.8526505401488e-06,-858.51412321098,748.85389521454
70.816499999999,10.504938368572,3.501644826279,7.4777146539291e-21,0.0018877718557928,1.7301681138902,7.4227983705072,-5.3955080802731e-17,-18.076352912553,-9.7400832641582e-17,15.512519151748,6.820041565666e-17,-6.8200759136881e-17,-32.585523648228,-32.585497682701,9.700535881568e-08,9.700639910625e-08,-6.8200341394779e-17,6.8199918768954e-17,-9.7005689550345e-08,-9.7006006073718e-08,-32.585533971701,-32.585559937076,-11.850213362532,6.6681624389789e-05,-1.8076352912553e-05,32.255980399765,-13.474454105391,360.31510196706,100000385.85856,-1.6967143175827e-13,0.0066464790825366,-0.010050335852227,-339.47837449534,-1.820757779842e-06,-857.6575383416,748.10816775023
70.916499999999,10.306202909105,3.4353996828393,7.0968276194375e-21,0.0018979386934745,1.7301703215662,7.4189252110036,-5.1259279540634e-17,-17.887840735097,-9.1454776740685e-17,15.379435747585,6.4036967173608e-17,-6.4037293736495e-17,-32.305969129758,-32.305943220519,9.1595768911516e-08,9.159675353138e-08,-6.4036900815837e-17,6.4036499057947e-17,-9.1596081846387e-08,-9.1596381609533e-08,-32.305979498511,-32.306005407599,-11.748546453748,6.5972399304277e-05,-1.7887840735097e-05,32.200193900293,-13.454425892075,360.31510243967,100000386.30752,-1.6993388884475e-13,0.0066502482829101,-0.010050335852227,-339.13087546257,-1.7896231537388e-06,-856.80980517948,747.3701435487
71.016499999999,10.112008288149,3.3706681521645,6.7386348360793e-21,0.0019079997917086,1.730172506052,7.4150903203149,-4.8721515614377e-17,-17.702209106813,-8.5950298090549e-17,15.247884111588,6.018271247177e-17,-6.0183023107349e-17,-32.02963223939,-32.029606386584,8.6553219853549e-08,8.6554152421445e-08,-6.0182653216804e-17,6.0182271106752e-17,-8.6553516152347e-08,-8.6553800232811e-08,-32.029642652869,-32.029668505524,-11.648049754946,6.5274157371012e-05,-1.7702209106813e-05,32.144956785359,-13.434618909397,360.31510290737,100000386.75181,-1.7019812228781e-13,0.0066539778669336,-0.010050335852227,-338.7869750608,-1.7592236805336e-06,-855.97078967922,746.63970600099
71.116499999999,9.9222299289806,3.3074087086799,6.4016065885983e-21,0.0019179567607917,1.7301746677042,7.4112931442811,-4.6331287963722e-17,-17.519396656513,-8.0849120850878e-17,15.117840973241,5.6610850695989e-17,-5.6611146328459e-17,-31.756464095115,-31.756438298884,8.1848532612005e-08,8.1849416471367e-08,-5.6610797827685e-17,5.6610434226031e-17,-8.1848813349388e-08,-8.1849082743691e-08,-31.756474552773,-31.756500348854,-11.548705487455,6.4586662534138e-05,-1.7519396656512e-05,32.090258228768,-13.415028811582,360.31510337022,100000387.19151,-1.7043793082412e-13,0.0066576684444118,-0.010050335852228,-338.44661873014,-1.72953386802e-06,-855.14036063227,745.9167409652
71.2165,9.7367473527529,3.2455811927701,6.0843274798768e-21,0.0019278111768512,1.730176806872,7.4075331400438,-4.407887019768e-17,-17.339343764876,-7.6116699558147e-17,14.989283543603,5.3297193011082e-17,-5.3297474503634e-17,-31.486416826525,-31.486391087005,7.7455160789581e-08,7.7455999032347e-08,-5.329714588893e-17,5.3296799731054e-17,-7.7455426958885e-08,-7.7455682589448e-08,-31.486427327818,-31.486453067188,-11.450496240552,6.3909685512298e-05,-1.7339343764876e-05,32.036088056872,-13.395650923218,360.3151038283,100000387.62668,-1.706768511818e-13,0.0066613206120944,-0.010050335852228,-338.10975306432,-1.7005342794945e-06,-854.31838958642,745.20113669641
71.3165,9.5554440179831,3.185146757275,5.7854870893491e-21,0.0019375645828176,1.7301789238971,7.4038097757321,-4.1955248038182e-17,-17.161992500757,-7.172182364049e-17,14.862189501905,5.0219885682144e-17,-5.0220153841403e-17,-31.219443546646,-31.219417863969,7.3348929020448e-08,7.3349724508584e-08,-5.0219843732844e-17,5.0219514023569e-17,-7.3349181540696e-08,-7.3349424262107e-08,-31.219454091034,-31.219479773563,-11.353404961217,6.3243003551466e-05,-1.7161992500757e-05,31.98243545192,-13.376481675838,360.31510428168,100000388.05738,-1.7095307503289e-13,0.0066649349540485,-0.010050335852228,-337.77632577749,-1.672204296936e-06,-853.50475076774,744.49278377888
71.4165,9.3782071675858,3.1260678164997,5.5038714582095e-21,0.0019472184893598,1.730181019114,7.4001225301604,-3.995206224031e-17,-16.987286560604,-6.7636266361984e-17,14.736536982604,4.7359164264432e-17,-4.7359419844551e-17,-30.95549832476,-30.955472699053,6.9507799256867e-08,6.9508554641858e-08,-4.7359126974449e-17,4.7358812783069e-17,-6.95080389791e-08,-6.9508269583799e-08,-30.95550891171,-30.955534537268,-11.25741494425,6.2586400189872e-05,-1.6987286560604e-05,31.929290393083,-13.357515590367,360.31510473044,100000388.4837,-1.7120975895854e-13,0.0066685120420181,-0.010050335852228,-337.44628567293,-1.6445236339128e-06,-852.69932100574,743.79157506097
71.5165,9.204927682817,3.0683079975291,5.2383553219034e-21,0.0019567743757886,1.7301830928501,7.3964708925365,-3.8061556467231e-17,-16.815171210406,-6.3834473007019e-17,14.612304562911,4.4697135269257e-17,-4.469737897569e-17,-30.694536160187,-30.694510591575,6.5911661819905e-08,6.5912379560407e-08,-4.4697102178244e-17,4.4696802633928e-17,-6.5911889532918e-08,-6.5912108756345e-08,-30.69454678917,-30.694572357634,-11.162509822731,6.1939665032771e-05,-1.6815171210405e-05,31.876645296969,-13.338748967466,360.31510517464,100000388.90568,-1.7145578474294e-13,0.0066720524357712,-0.010050335852229,-337.11958261245,-1.6174710126378e-06,-851.90197966096,743.09740559219
71.6165,9.0354999439045,3.0118320937736,4.9878950201402e-21,0.0019662336909255,1.7301851454262,7.3928543621801,-3.6276529662376e-17,-16.645593230304,-6.0293283737282e-17,14.489471250747,4.2217582107716e-17,-4.2217814600705e-17,-30.436512957006,-30.43648744561,6.2542148452712e-08,6.2542830830568e-08,-4.2217552802689e-17,4.2217267090243e-17,-6.2542364888258e-08,-6.2542573413533e-08,-30.436523627498,-30.436549138747,-11.068673558826,6.1302593537551e-05,-1.6645593230303e-05,31.824488955126,-13.320177629904,360.31510561435,100000389.3234,-1.717009223487e-13,0.0066755566834348,-0.010050335852229,-336.79616748752,-1.5910285182816e-06,-851.11260855534,742.41017256259
71.7165,8.8698216968188,2.9566060205568,4.751522020127e-21,0.0019755978539439,1.7301871771563,7.3892724482514,-3.4590292495909e-17,-16.478500861333,-5.6991687100171e-17,14.368016473134,3.9905792496637e-17,-3.9906014394421e-17,-30.181385499655,-30.181360045592,5.938246493376e-08,5.9383114068522e-08,-3.9905766606818e-17,3.9905493962763e-17,-5.9382670771255e-08,-5.9382869233429e-08,-30.181396211138,-30.181421665056,-10.97589043491,6.0674986807155e-05,-1.6478500861332e-05,31.772813852015,-13.301798000373,360.31510604963,100000389.73692,-1.7197847846656e-13,0.0066790253218178,-0.010050335852229,-336.47599219064,-1.5651779562356e-06,-850.33109190482,741.72977524428
71.8165,8.7077939259679,2.9025967726818,4.528336996696e-21,0.0019848682551793,1.730189188348,7.3857246694877,-3.2996627515408e-17,-16.313843754439,-5.3910600646627e-17,14.247920064959,3.7748404846607e-17,-3.774861672839e-17,-29.929111429332,-29.929086032714,5.6417241088862e-08,5.6417858950999e-08,-3.7748382038858e-17,3.774812174781e-17,-5.6417436959676e-08,-5.6417625949597e-08,-29.92912218129,-29.929147577764,-10.884145044984,6.0056651392369e-05,-1.6313843754439e-05,31.721610381214,-13.283605952967,360.31510648055,100000390.14629,-1.722311655884e-13,0.0066824588767204,-0.010050335852229,-336.15900958813,-1.5399038567232e-06,-849.55731625425,741.05611493472
71.9165,8.5493207327077,2.8497723839344,4.3175044177071e-21,0.0019940462569114,1.7301911793027,7.3822105539514,-3.1489752660793e-17,-16.151572921949,-5.1032675538598e-17,14.129162258138,3.57332714476e-17,-3.5733473856287e-17,-29.679649221235,-29.679623882171,5.3632396288686e-08,5.3632984711579e-08,-3.5733251422371e-17,3.5733002813687e-17,-5.3632582780027e-08,-5.3632762847859e-08,-29.679660013159,-29.679685352079,-10.793422286398,5.9447399103597e-05,-1.6151572921949e-05,31.670870607523,-13.265598573369,360.31510690718,100000390.55159,-1.7248474088844e-13,0.0066858578632372,-0.01005033585223,-335.84517349374,-1.5151835622977e-06,-848.79117041486,740.3890949024
72.0165,8.3943092189995,2.7981018883016,4.118247588389e-21,0.0020031331941198,1.7301931503157,7.3787296387841,-3.0064287838124e-17,-15.991640690732,-4.8342122396102e-17,14.011723671146,3.3849336526616e-17,-3.384952997135e-17,-29.43295816257,-29.432932881165,5.1015018737352e-08,5.1015579428218e-08,-3.3849319014361e-17,3.3849081459042e-17,-5.1015196395805e-08,-5.1015368054231e-08,-29.432968993953,-29.432994275216,-10.703707351846,5.8847046829248e-05,-1.5991640690732e-05,31.620585552184,-13.247771050531,360.31510732957,100000390.95287,-1.7273742800984e-13,0.0066892227860452,-0.01005033585223,-335.53443864327,-1.4910109502202e-06,-848.03254540352,739.72862033406
72.1165,8.2426693761783,2.7475552828958,3.9298441126688e-21,0.0020121303752135,1.7301951016764,7.3752814699706,-2.8715224275376e-17,-15.834000657363,-4.582455595935e-17,13.895585298896,3.2086527479691e-17,-3.2086712438186e-17,-29.188998331285,-29.18897310764,4.8553257050885e-08,4.8553791600723e-08,-3.2086512237677e-17,3.2086285145501e-17,-4.8553426385635e-08,-4.8553590112783e-08,-29.189009201626,-29.189034425129,-10.614985721636,5.8255416361938e-05,-1.5834000657363e-05,31.570747351485,-13.230121135198,360.31510774778,100000391.35018,-1.7298745059577e-13,0.0066925541396843,-0.01005033585223,-335.2267606698,-1.4673598848566e-06,-847.2813343842,739.07459828375
72.2165,8.094313978761,2.6981034925564,3.7516217344173e-21,0.0020210390827352,1.7301970336682,7.3718656021103,-2.743789641578e-17,-15.678607645548,-4.3466856427761e-17,13.78072850296,3.043565778109e-17,-3.0435834701801e-17,-28.947730575534,-28.947705409748,4.6236222794629e-08,4.6236732687291e-08,-3.0435644590571e-17,3.0435427407438e-17,-4.6236384280393e-08,-4.6236540522504e-08,-28.947741484336,-28.947766649981,-10.527243156216,5.7672334233374e-05,-1.5678607645547e-05,31.521349543444,-13.212645295291,360.31510816188,100000391.74358,-1.7323836135989e-13,0.0066958524088307,-0.01005033585223,-334.92209608048,-1.4442253552235e-06,-846.53743261169,738.42693762386
72.3165,7.9491584824484,2.6497183358506,3.5829545232301e-21,0.0020298605740436,1.7301989465692,7.368481598196,-2.6227956114065e-17,-15.525417664565,-4.1257045588829e-17,13.667135002121,2.8888340248411e-17,-2.8888509552528e-17,-28.709116493823,-28.70909138599,4.4053902799525e-08,4.4054389419992e-08,-2.888832891211e-17,2.8888121117584e-17,-4.405405687923e-08,-4.4054206053093e-08,-28.709127440593,-28.709152548287,-10.440465688957,5.709763155334e-05,-1.5525417664565e-05,31.472382830204,-13.195339318495,360.31510857193,100000392.13313,-1.7347905807196e-13,0.0066991180685545,-0.010050335852231,-334.62040223305,-1.421584401069e-06,-845.80073737659,737.78554899738
72.4165,7.8071209267801,2.6023724926255,3.4232593752602e-21,0.0020385960819709,1.7302008406518,7.3651290293999,-2.508134894124e-17,-15.374387869979,-3.9184176071263e-17,13.554786863213,2.7436909497319e-17,-2.7437071580623e-17,-28.473118415782,-28.473093365993,4.1997080209962e-08,4.1997544851901e-08,-2.7436899837196e-17,2.743670094223e-17,-4.1997227297188e-08,-4.1997369792371e-08,-28.473129400032,-28.473154449682,-10.354639619152,5.6531143857399e-05,-1.5374387869979e-05,31.42384001946,-13.178200422141,360.31510897797,100000392.51889,-1.7373485381692e-13,0.0067023515845741,-0.010050335852231,-334.32163731383,-1.3994276078612e-06,-845.07114795269,737.15034477207
72.5165,7.6681218418296,2.5560394729059,3.2719928004876e-21,0.0020472468154598,1.7302027161832,7.3618074748675,-2.399429240798e-17,-15.225476525737,-3.72382322517e-17,13.443666492286,2.607435255616e-17,-2.6074507790733e-17,-28.239699383589,-28.239674391932,4.0057263333465e-08,4.0057707206134e-08,-2.607434441142e-17,2.6074153956245e-17,-4.0057403814676e-08,-4.0057539995562e-08,-28.239710404834,-28.239735396354,-10.269751505265,5.5972710960011e-05,-1.5225476525737e-05,31.375714090167,-13.161225951109,360.31510938008,100000392.9009,-1.7401596264662e-13,0.0067055534135006,-0.010050335852231,-334.0257603163,-1.3777397393373e-06,-844.3485655458,736.52123899602
72.6165,7.5320841588362,2.5106935871056,3.1286479713823e-21,0.0020558139601786,1.7302045734255,7.3585165215172,-2.2963255940638e-17,-15.078642967791,-3.5410041515438e-17,13.333756626041,2.4794246730472e-17,-2.4794395466291e-17,-28.008823133997,-28.008798200554,3.8226621466386e-08,3.8227045700961e-08,-2.4794239955794e-17,2.479405750797e-17,-3.8226755702973e-08,-3.8226885910626e-08,-28.008834191756,-28.008859125061,-10.185788158391,5.542217681358e-05,-1.5078642967791e-05,31.327998196914,-13.144412506321,360.3151097783,100000393.27922,-1.7428241653215e-13,0.0067087240030743,-0.010050335852231,-333.73273102032,-1.3565098037565e-06,-843.63289324439,735.89814735468
72.7165,7.3989331245489,2.4663099174739,2.9927520100693e-21,0.0020642986791175,1.7302064126354,7.3552557638464,-2.1984942457951e-17,-14.933847569108,-3.3691194722505e-17,13.22504032355,2.3590703913109e-17,-2.3590846479514e-17,-27.780454080921,-27.780429205774,3.6497926961676e-08,3.6498332617036e-08,-2.359069837707e-17,2.3590523529663e-17,-3.6498055291825e-08,-3.6498179845705e-08,-27.780465174717,-27.780490049726,-10.102736635924,5.4879389372892e-05,-1.4933847569107e-05,31.280686344093,-13.127757354239,360.31511017268,100000393.65391,-1.7456441353979e-13,0.006711863792392,-0.010050335852231,-333.4425099721,-1.335724218475e-06,-842.92403597169,735.28098712927
72.8165,7.2685962191915,2.4228642907535,2.8638634932608e-21,0.0020727021131638,1.7302082340651,7.3520248037445,-2.1056271410683e-17,-14.791051706168,-3.2073974863318e-17,13.117500958234,2.2458320628731e-17,-2.2458457335788e-17,-27.554557298604,-27.554532481831,3.4864502886093e-08,3.4864890954127e-08,-2.2458316212396e-17,2.2458148582303e-17,-3.4864625626495e-08,-3.4864744826025e-08,-27.554568427965,-27.554593244601,-10.020584235429,5.4344200465345e-05,-1.4791051706167e-05,31.233771435619,-13.111257947878,360.31511056329,100000394.025,-1.7484330192271e-13,0.0067149732121289,-0.010050335852232,-333.15505846477,-1.3153682334149e-06,-842.22190043947,734.66967715653
72.9165,7.1410030778069,2.3803332519588,2.7415701560879e-21,0.0020810253816604,1.7302100379617,7.3488232503115,-2.0174363158665e-17,-14.650217726743,-3.0551293005113e-17,13.0111222101,2.1392133183307e-17,-2.1392264323076e-17,-27.331098505299,-27.331073746974,3.3320175686171e-08,3.332054709664e-08,-2.1392129778972e-17,2.1391969005361e-17,-3.3320293133592e-08,-3.3320407259601e-08,-27.331109669756,-27.331134427944,-9.939318488711,5.3816465666116e-05,-1.4650217726743e-05,31.187245361179,-13.0949109318,360.31511095016,100000394.39255,-1.7507955774126e-13,0.0067180526847525,-0.010050335852232,-332.87033851944,-1.2954363487265e-06,-841.5263951033,734.06413778986
73.0165,7.0160854148238,2.3386940392329,2.6254867781362e-21,0.0020892695829445,1.7302118245677,7.3456507196818,-1.9336524574353e-17,-14.511308918921,-2.9116630733695e-17,12.905888058221,2.0387577361669e-17,-2.0387703209378e-17,-27.110044047484,-27.110019347677,3.1859232345903e-08,3.1859587970912e-08,-2.0387574871742e-17,2.0387420614599e-17,-3.1859344778623e-08,-3.185945409467e-08,-27.110055246571,-27.110079946241,-9.858927156073,5.3296044178203e-05,-1.4511308918921e-05,31.141103643504,-13.078714077981,360.31511133336,100000394.75661,-1.7536111065897e-13,0.0067211026247291,-0.010050335852232,-332.5883128675,-1.2759113806287e-06,-840.83743011914,733.46429086157
73.1165,6.8937769517003,2.297924559729,2.5152532353952e-21,0.002097435794871,1.7302135941211,7.3425068348545,-1.854023576389e-17,-14.374289481312,-2.7763988385725e-17,12.801782773461,1.9440452179607e-17,-1.944057299474e-17,-26.891360884564,-26.891336243344,3.047638157569e-08,3.0476722233792e-08,-1.9440450515605e-17,1.9440302454389e-17,-3.0476489254828e-08,-3.047659400842e-08,-26.891372117819,-26.891396758904,-9.7793982207495,5.2782798717043e-05,-1.4374289481312e-05,31.095339752904,-13.062664152704,360.31511171294,100000395.11723,-1.7560313963677e-13,0.0067241234387251,-0.010050335852232,-332.3089449325,-1.2567862047536e-06,-840.15491730142,732.87005964638
73.216500000001,6.7740133474793,2.2580033664622,2.4105327048367e-21,0.0021055250753183,1.7302153468554,7.339391225528,-1.7783137817524e-17,-14.239124494366,-2.6487838447061e-17,12.698790911408,1.8546887253254e-17,-1.8547003280567e-17,-26.67501657404,-26.674991991471,2.9166718622055e-08,2.9167045082024e-08,-1.8546886334906e-17,1.8546744167299e-17,-2.9166821792782e-08,-2.9166922216496e-08,-26.675027841006,-26.675052423439,-9.7007198835122,5.227659539946e-05,-1.4239124494366e-05,31.049946421093,-13.046759461901,360.31511208893,100000395.47444,-1.7582784913516e-13,0.0067271155258,-0.010050335852233,-332.03219881327,-1.2380484881234e-06,-839.47877008229,732.28136882608
73.316500000001,6.6567321322069,2.2189096361147,2.311010008395e-21,0.0021135384626786,1.7302170829998,7.3363035279407,-1.7063021500883e-17,-14.105779892893,-2.5283083563592e-17,12.596897305539,1.7703313398147e-17,-1.7703424868605e-17,-26.460979257144,-26.460954733287,2.7925693331929e-08,2.7926006316237e-08,-1.7703313152589e-17,1.7703176593336e-17,-2.7925792224586e-08,-2.7925888537103e-08,-26.460990557365,-26.461015081087,-9.6228805574464,5.177730363726e-05,-1.4105779892893e-05,31.004918711209,-13.030996586831,360.3151124614,100000395.82831,-1.7607831580747e-13,0.0067300792775953,-0.010050335852233,-331.75803926739,-1.2196861910374e-06,-838.8089034723,731.69814445523
73.416500000001,6.5418726429636,2.1806231477135,2.2163900847495e-21,0.0021214769763327,1.7302188027791,7.3332433847156,-1.6377816809599e-17,-13.974222439531,-2.4145018673275e-17,12.49608706059,1.6906436113972e-17,-1.6906543245625e-17,-26.249217644918,-26.249193179832,2.6749081144758e-08,2.6749381332778e-08,-1.6906436475031e-17,1.6906305254853e-17,-2.674917597589e-08,-2.6749268382944e-08,-26.249228977943,-26.249253442895,-9.5458688628858,5.1284796034514e-05,-1.3974222439531e-05,30.960251826563,-13.015374196817,360.31511283038,100000396.17887,-1.7635098694001e-13,0.0067330150785151,-0.010050335852233,-331.48643169518,-1.2016927851184e-06,-838.14523402215,731.12031392801
73.516500000001,6.4293759624016,2.1431242621435,2.1263965783311e-21,0.002129341617111,1.7302205064143,7.3302104447095,-1.5725583316598e-17,-13.844419699131,-2.3069296823369e-17,12.396345546121,1.6153211649682e-17,-1.6153314648482e-17,-26.039701004688,-26.039676598429,2.5632956720534e-08,2.5633244751486e-08,-1.6153212557233e-17,1.6153086421824e-17,-2.5633047693835e-08,-2.5633136389094e-08,-26.039712370071,-26.039736776197,-9.4696736224943,5.079894828843e-05,-1.3844419699131e-05,30.915939000947,-12.999888701138,360.31511319593,100000396.52617,-1.7664852706809e-13,0.0067359233059032,-0.010050335852233,-331.21734212419,-1.1840565464848e-06,-837.48767978562,730.54780594589
73.616500000001,6.3191848598979,2.1063939025306,2.0407705358224e-21,0.0021371333677385,1.7302221941221,7.3272043628686,-1.5104501246859e-17,-13.716340014462,-2.2051898285493e-17,12.29765839029,1.5440825377779e-17,-1.5440924438331e-17,-25.832399146995,-25.832374799616,2.4573669942991e-08,2.4573946418667e-08,-1.5440826777163e-17,1.5440705486255e-17,-2.4573757250179e-08,-2.4573842416058e-08,-25.832410544292,-25.832434891538,-9.3942838565097,5.0319639095283e-05,-1.3716340014461e-05,30.871975108064,-12.984538970255,360.3151135581,100000396.87025,-1.7691498095122e-13,0.0067388043302154,-0.010050335852233,-330.95073719414,-1.1667680919572e-06,-836.83616028393,729.98055048671
73.716500000001,6.2112437347961,2.0704135353234,1.959269201372e-21,0.0021448531932684,1.7302238661154,7.3242248000867,-1.4512863220864e-17,-13.589952482363,-2.1089102624288e-17,12.200011473808,1.4766672236695e-17,-1.4766767542968e-17,-25.627282412892,-25.627258124442,2.3567824064662e-08,2.3568089551942e-08,-1.4766674078203e-17,1.4766557404691e-17,-2.356790788629e-08,-2.3567989694698e-08,-25.627293841663,-25.62731812998,-9.3196887781257,4.9846750058146e-05,-1.3589952482363e-05,30.82835437296,-12.969321797788,360.31511391691,100000397.21115,-1.7718321119093e-13,0.0067416585151838,-0.010050335852234,-330.68658414238,-1.1498207478485e-06,-836.19059647078,729.41847877424
73.816500000001,6.1054985619786,2.0351651521496,1.8816649024457e-21,0.0021525020415011,1.7302255226031,7.3212714230675,-1.3949066612542e-17,-13.465226931001,-2.0177463413486e-17,12.103390924073,1.4128339026923e-17,-1.4128430752899e-17,-25.424321661619,-25.424297432145,2.2612255785019e-08,2.2612510818191e-08,-1.4128341265326e-17,1.4128228994458e-17,-2.2612336291219e-08,-2.2612414904253e-08,-25.424333121425,-25.424357350766,-9.245877789007,4.9380165598886e-05,-1.3465226931001e-05,30.785072616016,-12.954235469369,360.31511427243,100000397.54892,-1.774430037354e-13,0.0067444862179776,-0.010050335852234,-330.42485078967,-1.1332053837745e-06,-835.55091069866,728.86152324888
73.916500000001,6.0018968395551,2.0006312523796,1.8077440189889e-21,0.0021600808433909,1.7302271637905,7.318343904192,-1.3411606472563e-17,-13.342133897978,-1.9313785326951e-17,12.007783109473,1.3523588370077e-17,-1.352367668037e-17,-25.223488258641,-25.223464088187,2.1704017074754e-08,2.1704262157667e-08,-1.352359096421e-17,1.3523482892829e-17,-2.1704094425927e-08,-2.1704169996515e-08,-25.223499749049,-25.22352391937,-9.1728404749405,4.8919772873443e-05,-1.3342133897978e-05,30.742123935867,-12.93927816243,360.31511462469,100000397.8836,-1.7769480267385e-13,0.0067472877893592,-0.010050335852234,-330.16550552656,-1.1169097933246e-06,-834.91702668604,728.30961753917
74.016500000001,5.9003875385413,1.9667948263523,1.7373060291682e-21,0.0021675905134413,1.7302287898792,7.3154419213893,-1.2899068971718e-17,-13.220644609158,-1.8495103361993e-17,11.913174633866,1.2950344161004e-17,-1.2950429211426e-17,-25.024754064053,-25.024729952661,2.084035857865e-08,2.0840594186697e-08,-1.2950347073387e-17,1.2950243009224e-17,-2.0840432926105e-08,-2.0840505598599e-08,-25.024765584633,-25.024789695894,-9.1005666016152,4.8465461689938e-05,-1.3220644609158e-05,30.699503715736,-12.924447567877,360.31511497373,100000398.21522,-1.7797902012434e-13,0.0067500635738354,-0.010050335852234,-329.90851729999,-1.1009299207705e-06,-834.28886948577,727.76269643428
74.116500000001,5.8009210544728,1.9336393392468,1.6701626255789e-21,0.0021750319500873,1.7302304010673,7.3125651580112,-1.2410125323321e-17,-13.100730958281,-1.7718663978748e-17,11.819552331215,1.2406678361518e-17,-1.240676029961e-17,-24.828091421308,-24.828067369016,2.0018714446733e-08,2.0018941028697e-08,-1.2406681558014e-17,1.2406581319033e-17,-2.0018785933278e-08,-2.0018855844005e-08,-24.828102971632,-24.828127023793,-9.0290461105234,4.8017124429793e-05,-1.3100730958281e-05,30.657206567805,-12.909740849616,360.3151153196,100000398.54383,-1.7821882865359e-13,0.0067528139098032,-0.010050335852235,-329.65385560042,-1.0852586653962e-06,-833.66636545408,727.22069585705
74.216500000001,5.7034491609033,1.9011487155812,1.6061368962785e-21,0.0021824060360677,1.7302319975492,7.3097133027107,-1.194352614663e-17,-12.982365487376,-1.6981907962762e-17,11.726903260383,1.1890799000727e-17,-1.1890877966258e-17,-24.633473146279,-24.633449153123,1.9236688458854e-08,1.9236906438614e-08,-1.1890802450237e-17,1.1890705864016e-17,-1.9236757219342e-08,-1.9236824497117e-08,-24.633484725922,-24.633508718949,-8.9582691149827,4.7574655971977e-05,-1.2982365487376e-05,30.615228804049,-12.895157173909,360.31511566234,100000398.86947,-1.7847551257257e-13,0.0067555391296934,-0.010050335852235,-329.40149044916,-1.0698867504232e-06,-833.04944222082,726.68355283815
74.316500000001,5.6079249646302,1.8693073242888,1.5450625656519e-21,0.002189713638785,1.7302335795162,7.3068860493232,-1.1498096237735e-17,-12.865521367814,-1.6282454838715e-17,11.635214700073,1.140103926147e-17,-1.14011153869e-17,-24.440872516644,-24.440848582657,1.8492041321515e-08,1.8492251099629e-08,-1.1401042935657e-17,1.1400949838819e-17,-1.8492107483354e-08,-1.8492172249951e-08,-24.440884125186,-24.440908059044,-8.8882258962743,4.7137953619713e-05,-1.2865521367814e-05,30.573564759724,-12.880694058246,360.31511600199,100000399.19217,-1.7872287061788e-13,0.0067582395601084,-0.010050335852235,-329.15139238658,-1.054801678113e-06,-832.43802866037,726.15120549073
74.416500000001,5.514302862602,1.8380999643527,1.486783290167e-21,0.0021969556106565,1.730235147156,7.3040830967523,-1.1072729714463e-17,-12.750172381986,-1.5618088681626e-17,11.54447414393,1.0935847545287e-17,-1.0935920956197e-17,-24.250263261575,-24.250239386788,1.7782679028004e-08,1.7782880983177e-08,-1.0935851418326e-17,1.0935761655999e-17,-1.7782742711626e-08,-1.7782805082219e-08,-24.250274898598,-24.250298773257,-8.8189068998929,4.6706917029649e-05,-1.2750172381986e-05,30.532210718597,-12.866349641091,360.31511633859,100000399.51197,-1.7896179096794e-13,0.0067609155219562,-0.010050335852235,-328.90353245996,-1.0400037748414e-06,-831.83205486348,725.62359298596
74.516500000001,5.4225385004596,1.8075118509869,1.4311520049053e-21,0.0022041327894542,1.7302367006531,7.3013041488578,-1.0666385507636e-17,-12.636292905699,-1.4986745188057e-17,11.454669295755,1.049377841963e-17,-1.0493849235128e-17,-24.06161955171,-24.06159573615,1.7106642183942e-08,1.7106836674393e-08,-1.0493782467978e-17,1.0493695893298e-17,-1.710670350324e-08,-1.7106763586815e-08,-24.061631216799,-24.061655032231,-8.7503027318981,4.6281448143767e-05,-1.2636292905699e-05,30.491161805158,-12.852122090572,360.31511667217,100000399.82891,-1.7922868893793e-13,0.00676356733058,-0.010050335852235,-328.65788221211,-1.0254844353563e-06,-831.2314521098,725.10065552913
74.616500000001,5.3325887326032,1.7775286023254,1.3780303169036e-21,0.0022112459986348,1.730238240189,7.2985489143473,-1.0278083171886e-17,-12.523857891129,-1.4386499884582e-17,11.365788064876,1.0073484361391e-17,-1.0073552694492e-17,-23.874915989409,-23.874892233101,1.6462096209968e-08,1.64622835747e-08,-1.0073488563591e-17,1.0073405037229e-17,-1.6462155272706e-08,-1.646221317244e-08,-23.874927682152,-23.874951438332,-8.6824041553722,4.5861451123486e-05,-1.2523857891129e-05,30.450413955875,-12.838009768607,360.31511700279,100000400.14303,-1.795146827437e-13,0.0067661952958849,-0.010050335852236,-328.41441367016,-1.0112363224541e-06,-830.63615284129,724.58233433656
74.716500000001,5.244411583771,1.7481362266145,1.3272879416694e-21,0.0022182960476615,1.7302397659419,7.2958171066707,-9.906898991447e-18,-12.412842850437,-1.3815557363511e-17,11.277818561633,9.6737082197353e-18,-9.673774177709e-18,-23.690127599281,-23.690103902248,1.5847322342104e-08,1.5847502902082e-08,-9.6737125562238e-18,9.6736319459528e-18,-1.5847379250291e-08,-1.5847435063904e-08,-23.690139319269,-23.690163016175,-8.615202086973,4.5446832286325e-05,-1.2412842850437e-05,30.409962681825,-12.824011221979,360.31511733046,100000400.45435,-1.7978246889159e-13,0.0067687997224604,-0.010050335852236,-328.17309933485,-9.9724970432915e-07,-830.04609063635,724.06857161307
74.816500000001,5.1579662120737,1.7193211098916,1.278802179545e-21,0.0022252837323146,1.730241278087,7.2931084439189,-9.5519623584179e-18,-12.303223840046,-1.3272241447408e-17,11.190749093015,9.2932763292494e-18,-9.2933400139564e-18,-23.507229819014,-23.507206181276,1.5260709358158e-08,1.5260883417408e-08,-9.2932807821927e-18,9.2932029624763e-18,-1.5260764208401e-08,-1.5260818028491e-08,-23.507241565842,-23.507265203453,-8.5486875935989,4.5037500045088e-05,-1.2303223840046e-05,30.369803989874,-12.810124092898,360.31511765523,100000400.76293,-1.8001161927795e-13,0.0067713809097026,-0.010050335852236,-327.93391216993,-9.8352381672373e-07,-829.46120018495,723.55931053038
74.916500000001,5.0732128732001,1.6910700040536,1.2324574288911e-21,0.0022322098349957,1.7302427767965,7.290422648722,-9.2124524029871e-18,-12.194977445027,-1.275498619404e-17,11.104568158392,8.9310922115883e-18,-8.9311537197868e-18,-23.326198490411,-23.326174911986,1.4700745965456e-08,1.4700913812088e-08,-8.9310967647303e-18,8.9310216163389e-18,-1.4700798849289e-08,-1.4700850763634e-08,-23.326210263675,-23.326233841974,-8.4828518891282,4.4633364847568e-05,-1.2194977445027e-05,30.329933657647,-12.796346840606,360.31511797714,100000401.06878,-1.8025542460798e-13,0.0067739391519243,-0.010050335852236,-327.69682559197,-9.700486114537e-07,-828.88141726377,723.05449520545
75.016500000001,4.990112886168,1.66337001544,1.1881447333009e-21,0.0022390751250214,1.7302442622398,7.2877594481545,-8.8875948567441e-18,-12.088080764592,-1.2262327662569e-17,11.019264445369,8.5861308101332e-18,-8.5861902337693e-18,-23.147009850682,-23.146986331585,1.4166013791513e-08,1.4166175698673e-08,-8.5861354486574e-18,8.5860628583097e-18,-1.4166064795698e-08,-1.4166114887548e-08,-23.147021649982,-23.147045168954,-8.4176863312524,4.423433912045e-05,-1.2088080764592e-05,30.29034808062,-12.782678080599,360.31511829623,100000401.37195,-1.805116644356e-13,0.0067764747384725,-0.010050335852236,-327.46181346041,-9.5681951971215e-07,-828.30667871284,722.55407068021
75.116500000002,4.9086286001546,1.6362085937768,1.1457613602816e-21,0.0022458803589101,1.7302457345833,7.2851185736398,-8.5766591316723e-18,-11.982511397683,-1.1792896369845e-17,10.934826825769,8.257433207861e-18,-8.2574906343405e-18,-22.969640524005,-22.969617064249,1.3655180924865e-08,1.3655337151625e-08,-8.257437918266e-18,8.2573677782924e-18,-1.365523013168e-08,-1.3655278480018e-08,-22.969652348944,-22.969675808575,-8.353182418406,4.3840337213626e-05,-1.1982511397683e-05,30.251042857273,-12.769116017045,360.31511861252,100000401.67246,-1.8077323333349e-13,0.006778987953837,-0.010050335852237,-327.22885006788,-9.4382907394791e-07,-827.73692241226,722.05798290131
75.216500000002,4.8287233625904,1.6095735215416,1.1052104090279e-21,0.0022526262806601,1.7302471939909,7.2824997608591,-8.2789555987139e-18,-11.878247429222,-1.1345410372849e-17,10.851244351712,7.9441017836528e-18,-7.9441572960957e-18,-22.794067513289,-22.794044112884,1.3166995958282e-08,1.316714675047e-08,-7.9441065536383e-18,7.9440387616663e-18,-1.3167043445785e-08,-1.3167090125583e-08,-22.794079363474,-22.794102763754,-8.2893317867709,4.3451275347053e-05,-1.1878247429222e-05,30.212015302562,-12.755659465725,360.31511892605,100000401.97036,-1.810499012642e-13,0.0067814790777543,-0.010050335852237,-326.99791013088,-9.3107423844596e-07,-827.17208725989,721.56617870065
75.316500000002,4.7503614883707,1.5834529037,1.0664004451302e-21,0.0022593136220204,1.7302486406235,7.2799027496623,-7.9938330512524e-18,-11.775267416741,-1.0918668919809e-17,10.768506251805,7.6452957667803e-18,-7.6453494442587e-18,-22.620268192174,-22.620244851129,1.2700282491146e-08,1.2700428082119e-08,-7.6453005851441e-18,7.6452350438018e-18,-1.2700328333422e-08,-1.2700373415871e-08,-22.620280067212,-22.620303408133,-8.2261262073658,4.3067071559125e-05,-1.1775267416741e-05,30.173259966833,-12.742306420323,360.31511923686,100000402.26567,-1.8132301648099e-13,0.0067839483853136,-0.010050335852237,-326.76896878054,-9.1854791383032e-07,-826.61211314943,721.07860577644
75.416500000002,4.6735082301849,1.5578351578151,1.0292451602243e-21,0.0022659431027539,1.7302500746394,7.2773272839809,-7.7206763399604e-18,-11.673550377523,-1.0511546618215e-17,10.686601927436,7.3602271533326e-18,-7.3602790710949e-18,-22.448220297239,-22.448197015559,1.2253934051804e-08,1.2254074663171e-08,-7.3602320098765e-18,7.3601686265163e-18,-1.2253978319196e-08,-1.2254021871923e-08,-22.448232196742,-22.448255478299,-8.1635575832134,4.2687645656964e-05,-1.1673550377523e-05,30.134775422338,-12.729055541155,360.31511954498,100000402.55842,-1.8159790805432e-13,0.0067863961470582,-0.010050335852237,-326.54200155383,-9.0624782573608e-07,-826.05694094924,720.59521267468
75.516500000002,4.5981297498653,1.5327090044983,9.9366305472979e-22,0.0022725154308941,1.7302514961944,7.2747731117437,-7.4589041664083e-18,-11.573075776082,-1.0122988073112e-17,10.605520949161,7.0881569519316e-18,-7.0882071816126e-18,-22.277901920422,-22.277878698111,1.1826909404381e-08,1.1827045246679e-08,-7.0881618373764e-18,7.0881005238141e-18,-1.1826952163707e-08,-1.1826994250982e-08,-22.277913844004,-22.277937066193,-8.1016179465826,4.2312919168079e-05,-1.1573075776082e-05,30.096555636168,-12.715905007979,360.31511985044,100000402.84865,-1.8187013509212e-13,0.0067888226290804,-0.010050335852238,-326.31698438483,-8.9416263013778e-07,-825.50651248166,720.11594877123
75.616500000002,4.5241930907874,1.5080634582087,9.5957714200365e-22,0.0022790313029937,1.7302529054417,7.2722399847943,-7.2079670240427e-18,-11.473823512145,-9.7520029536296e-18,10.5252530532,6.8283917292985e-18,-6.8284403391167e-18,-22.10929150165,-22.109268338709,1.141822820782e-08,1.1418359481149e-08,-6.8283966352058e-18,6.8283373074769e-18,-1.1418269522575e-08,-1.1418310205497e-08,-22.109303448928,-22.109326611747,-8.0402994563069,4.1942815293945e-05,-1.1473823512144e-05,30.058599246332,-12.702854267962,360.31512015328,100000403.13639,-1.8213658896992e-13,0.006791228093119,-0.010050335852238,-326.09389359639,-8.8229180767662e-07,-824.9607705029,719.64076425426
75.716500000002,4.4516661512162,1.4838878183681,9.2691467233579e-22,0.0022854914043673,1.7302543025319,7.2697276588116,-6.9673452758117e-18,-11.375773908995,-9.3976614498027e-18,10.445788138003,6.5802804291038e-18,-6.5803274840466e-18,-21.942367821633,-21.942344718061,1.1026966997855e-08,1.1027093892465e-08,-6.580285347805e-18,6.5802279259352e-18,-1.1027006928399e-08,-1.102704626508e-08,-21.942379792227,-21.942402895678,-7.9795943951656,4.1577258864975e-05,-1.1375773908995e-05,30.020901984962,-12.689901182148,360.31512045352,100000403.42166,-1.8240792782872e-13,0.0067936127966515,-0.010050335852238,-325.87270589191,-8.7063076626261e-07,-824.41965868349,719.16961010736
75.816500000002,4.3805176585827,1.4601716607873,8.9560687535249e-22,0.0022918964093277,1.7302556876133,7.2672358932313,-6.7365473586579e-18,-11.278907702167,-9.0590900854167e-18,10.367116260935,6.3432114401093e-18,-6.3432570021068e-18,-21.777109994898,-21.777086950692,1.065225546533e-08,1.0652378162176e-08,-6.3432163646408e-18,6.3431607724308e-18,-1.0652294069063e-08,-1.0652332114792e-08,-21.77712198843,-21.777145032515,-7.919495167348,4.1216176296862e-05,-1.1278907702167e-05,29.983460194766,-12.677044451844,360.3151207512,100000403.7045,-1.8266372356491e-13,0.0067959769929834,-0.010050335852238,-325.65339834735,-8.5917495811113e-07,-823.88312158923,718.70243809284
75.916500000002,4.3107171446648,1.4369048293929,8.6558871950451e-22,0.0022982469814155,1.7302570608319,7.2647644511702,-6.5151081058501e-18,-11.183206028552,-8.7354678559043e-18,10.289227635026,6.1166098919095e-18,-6.1166540199982e-18,-21.613497462959,-21.613474478113,1.0293273006615e-08,1.0293391677878e-08,-6.1166148159539e-18,6.1165609807766e-18,-1.0293310338147e-08,-1.0293347145545e-08,-21.613509479054,-21.613532463779,-7.8599942959706,4.0859495548526e-05,-1.1183206028552e-05,29.946271384591,-12.664283347841,360.31512104635,100000403.98494,-1.8289775892951e-13,0.0067983209313373,-0.010050335852239,-325.43594840352,-8.4791589338318e-07,-823.35110466266,718.23920073571
76.016500000002,4.242234921607,1.4140774282333,8.3679868740974e-22,0.0023045437736228,1.730258422331,7.2623130993521,-6.3025871787491e-18,-11.0886504158,-8.4260226632632e-18,10.212112625815,5.8999351586487e-18,-5.8999779091253e-18,-21.45150998769,-21.451487062197,9.9492455241082e-09,9.9493603336801e-09,-5.8999400764802e-18,5.8998879290905e-18,-9.9492816354119e-09,-9.9493172545825e-09,-21.451522025976,-21.451544951349,-7.8010844206654,4.0507146081182e-05,-1.10886504158e-05,29.909332264631,-12.651616243549,360.31512133901,100000404.263,-1.8315932782483e-13,0.0068006448569373,-0.010050335852239,-325.22033385847,-8.3685089355904e-07,-822.82355420494,717.7798513079
76.116500000002,4.1750420587937,1.3916798137704,8.0917856593063e-22,0.0023107874286114,1.730259772252,7.2598816080361,-6.0985676003606e-18,-10.995222772138,-8.1300280226201e-18,10.13576174827,5.6926785529462e-18,-5.6927199795122e-18,-21.29112764486,-21.291104778711,9.6194424567237e-09,9.6195535606628e-09,-5.6926834593819e-18,5.6926329337374e-18,-9.6194773972796e-09,-9.6195118759444e-09,-21.291139704967,-21.291162570997,-7.7427582952299,4.0159058819036e-05,-1.0995222772138e-05,29.872639084287,-12.639041375667,360.31512162919,100000404.53872,-1.8341867627382e-13,0.0068029490110931,-0.010050335852239,-325.00653286021,-8.2597977430782e-07,-822.30041735838,717.32434381302
76.216500000002,4.1091103604835,1.3697025874241,7.82673249933e-22,0.0023169785789243,1.7302611107339,7.2574697509458,-5.9026543834607e-18,-10.902905376432,-7.8468000174424e-18,10.060165663797,5.4943611939251e-18,-5.494401347823e-18,-21.13233081784,-21.132308011023,9.3031740220511e-09,9.30328156901e-09,-5.4943660842795e-18,5.4943171173719e-18,-9.3032078389847e-09,-9.3032412226134e-09,-21.132342899402,-21.1323657061,-7.685008785337,3.9815166110925e-05,-1.0902905376432e-05,29.836189621716,-12.626557918921,360.31512191693,100000404.81212,-1.8368290970382e-13,0.00680523363128,-0.010050335852239,-324.79452389947,-8.1529378933894e-07,-821.78164208918,716.87263297144
76.316500000002,4.0444123442168,1.348136588375,7.5723055876308e-22,0.0023231178471929,1.7302624379134,7.2550773052012,-5.7144732467064e-18,-10.811680868599,-7.575694482531e-18,9.9853151773122,5.304532034734e-18,-5.3045709648755e-18,-20.975100191462,-20.975077443962,8.999788653474e-09,8.9998927851012e-09,-5.3045369047777e-18,5.3044894364745e-18,-8.9998213916836e-09,-8.9998537236153e-09,-20.975112294113,-20.975135041494,-7.6278288663018,3.9475401693307e-05,-1.0811680868599e-05,29.799980086287,-12.614165045713,360.31512220225,100000405.08322,-1.8395558082852e-13,0.006807498951219,-0.010050335852239,-324.58428580276,-8.0478789353144e-07,-821.26717717084,716.42467420577
76.416500000002,3.9809212199557,1.3269728866109,7.3280106456153e-22,0.0023292058463386,1.7302637539252,7.2527040512521,-5.5336694126948e-18,-10.72153224032,-7.3161043958608e-18,9.9112012343982,5.1227660363047e-18,-5.1228037893915e-18,-20.81941674604,-20.819394057842,8.7086706169836e-09,8.7087714683002e-09,-5.1227708822268e-18,5.1227248551218e-18,-8.7087023192606e-09,-8.7087336408178e-09,-20.819428869419,-20.819451557498,-7.5712116209072,3.9139700654427e-05,-1.072153224032e-05,29.764008039106,-12.601861039782,360.3151224852,100000405.35207,-1.8422292288241e-13,0.0068097452009519,-0.01005033585224,-324.37579772558,-7.9446242321919e-07,-820.75697216783,715.98042362671
76.516500000002,3.9186108699257,1.3062027762072,7.0933793157617e-22,0.002335243179768,1.7302650589019,7.2503497728125,-5.3599064822198e-18,-10.632442826042,-7.0674574620557e-18,9.8378149185287,4.9486624752937e-18,-4.9486990959311e-18,-20.665261751541,-20.665239122628,8.4292377937339e-09,8.429335493488e-09,-4.9486672936668e-18,4.9486226529394e-18,-8.4292685008757e-09,-8.4292988514713e-09,-20.665273895289,-20.665296524085,-7.5151502372837,3.8807999399578e-05,-1.0632442826042e-05,29.728270499226,-12.5896449536,360.31512276579,100000405.61867,-1.8452135118069e-13,0.0068119726069177,-0.01005033585224,-324.16903914575,-7.843129252693e-07,-820.25097741978,715.5398380193
76.616500000002,3.8574558291529,1.2858177688399,6.8679676572146e-22,0.002341230441565,1.7302663529738,7.2480142567981,-5.1928653795713e-18,-10.544396294318,-6.8292138718502e-18,9.7651474483634,4.7818433752485e-18,-4.7818789060528e-18,-20.512616761907,-20.512594192257,8.1609396155782e-09,8.1610342865775e-09,-4.7818481629974e-18,4.7818048562798e-18,-8.1609693664941e-09,-8.1609987837327e-09,-20.512628925666,-20.512651495198,-7.4596380068429,3.8480235617676e-05,-1.0544396294318e-05,29.692763720871,-12.577515159762,360.31512304405,100000405.88307,-1.8479224594765e-13,0.0068141813920255,-0.01005033585224,-323.963989857,-7.7433159000235e-07,-819.74914402608,715.1028748295
76.716500000002,3.7974312665909,1.2658095874937,6.6513547367461e-22,0.0023471682166767,1.7302676362696,7.2456972932636,-5.0322433640005e-18,-10.457376639239,-6.6008642233025e-18,9.693190175112,4.6219520510346e-18,-4.6219865327339e-18,-20.361463609509,-20.361441099102,7.9032551418967e-09,7.9033469013221e-09,-4.6219568054068e-18,4.6219147826592e-18,-7.9032839737081e-09,-7.9033124934803e-09,-20.361475792926,-20.361498303216,-7.4046683222632,3.8156348248244e-05,-1.0457376639239e-05,29.657486228409,-12.565470999287,360.31512332001,100000406.14527,-1.8502539313148e-13,0.0068163717757248,-0.01005033585224,-323.76062996267,-7.6451727203989e-07,-819.25142383073,714.66949215103
76.816500000002,3.7385129669515,1.2461701604063,6.4431413085527e-22,0.0023530570810953,1.7302689089155,7.2433986753429,-4.8777531028635e-18,-10.37136817236,-6.3819275917714e-18,9.6219345799589,4.4686517574261e-18,-4.4686852289561e-18,-20.211784399747,-20.211761948559,7.65569126702e-09,7.6557802267197e-09,-4.4686564759656e-18,4.4686156893579e-18,-7.655719215154e-09,-7.6557468717259e-09,-20.21179660247,-20.211819053541,-7.3502346755224,3.7836277450216e-05,-1.037136817236e-05,29.622434841111,-12.553511258454,360.31512359369,100000406.40532,-1.8526964254525e-13,0.0068185439740758,-0.01005033585224,-323.55893986958,-7.5486696082385e-07,-818.75776940773,714.23964871268
76.916500000002,3.6806773130756,1.2268916151919,6.2429485767274e-22,0.0023588976020347,1.7302701710362,7.2411181991901,-4.7291218022028e-18,-10.286355514696,-6.1719497368396e-18,9.5513722715577,4.3216244335873e-18,-4.3216569321811e-18,-20.063561505781,-20.063539113786,7.417781048436e-09,7.4178673152025e-09,-4.3216291141098e-18,4.3215895179108e-18,-7.4178081467136e-09,-7.4178349728107e-09,-20.06357372746,-20.063596119339,-7.2963306559834,3.7519964571078e-05,-1.0286355514696e-05,29.587607018757,-12.541635023169,360.31512386513,100000406.66324,-1.8553920504366e-13,0.0068206981998155,-0.010050335852241,-323.358900282,-7.453753009743e-07,-818.26813404676,713.81330386584
77.016500000002,3.6239012689066,1.2079662731651,6.0504170350372e-22,0.0023646903381035,1.7302714227543,7.238855663922,-4.5860903910841e-18,-10.202323589025,-5.9705014353839e-18,9.4814949835803,4.1805695358827e-18,-4.1806010971557e-18,-19.916777563384,-19.916755230555,7.1890821467744e-09,7.189165822606e-09,-4.180574176453e-18,4.1805357269254e-18,-7.1891084274939e-09,-7.1891344543803e-09,-19.916789803672,-19.916812136386,-7.2429499485215,3.7207352117193e-05,-1.0202323589025e-05,29.552999398558,-12.529840452523,360.31512413435,100000406.91904,-1.8581587296914e-13,0.0068228346624245,-0.010050335852241,-323.16049219585,-7.36042639666e-07,-817.78247173918,713.39041757229
77.116500000003,3.5681623630301,1.189386643855,5.8652053785759e-22,0.0023704358394736,1.7302726641906,7.2366108715624,-4.448412755938e-18,-10.119257612455,-5.7771769309474e-18,9.4122945723329,4.0452029521217e-18,-4.045233610152e-18,-19.771415465934,-19.771393192242,6.9691753693084e-09,6.9692565516548e-09,-4.0452075510335e-18,4.0451702063341e-18,-6.9692008633236e-09,-6.9692261208766e-09,-19.771427724488,-19.771449998067,-7.1900863317034,3.6898383725103e-05,-1.0119257612455e-05,29.518609979867,-12.518127450533,360.31512440137,100000407.17276,-1.860650073633e-13,0.0068249535681914,-0.010050335852241,-322.96369689304,-7.2686519150394e-07,-817.30073716448,712.97095039249
77.216500000003,3.5134386727277,1.1711454196891,5.6869894825321e-22,0.0023761346480437,1.7302738954638,7.2343836269868,-4.3158550216303e-18,-10.03714308915,-5.5915924903964e-18,9.3437630144237,3.9152559909252e-18,-3.9152857783285e-18,-19.627458359517,-19.62743614493,6.7576633093764e-09,6.7577420913705e-09,-3.9152605466816e-18,3.9152242667684e-18,-6.7576880461703e-09,-6.7577125629507e-09,-19.627470635995,-19.627492850469,-7.1377336760046,3.6593004133502e-05,-1.003714308915e-05,29.484436619743,-12.506494406158,360.31512466622,100000407.42441,-1.8629637818872e-13,0.0068270551202746,-0.010050335852241,-322.76849593587,-7.1783165992406e-07,-816.82288567693,712.55486347391
77.316500000003,3.4597088085706,1.153235470858,5.5154614436427e-22,0.0023817872976005,1.7302751166912,7.2321737378701,-4.1881948762092e-18,-9.9559658033345,-5.4133850596315e-18,9.2758924044915,3.790474440449e-18,-3.7905033884517e-18,-19.484889638152,-19.484867482637,6.5541690747474e-09,6.554245545424e-09,-3.7904789517455e-18,3.790443698289e-18,-6.554193082502e-09,-6.5542168858203e-09,-19.484901932214,-19.484924087617,-7.0858859420745,3.6291159156251e-05,-9.9559658033344e-06,29.450476422355,-12.494940719294,360.31512492892,100000407.67403,-1.8654418031462e-13,0.006829139518764,-0.010050335852242,-322.57487116166,-7.0894759421804e-07,-816.34887329268,712.14211853984
77.416500000003,3.4069518994946,1.135649840341,5.3503286801159e-22,0.0023873943139739,1.7302763279882,7.2299810146335,-4.0652209364166e-18,-9.8757118124746,-5.2422110108091e-18,9.2086749529869,3.6706176911847e-18,-3.6706458296899e-18,-19.343692939134,-19.343670842656,6.3583350985041e-09,6.3584093430056e-09,-3.6706221568928e-18,3.6705878931923e-18,-6.3583584041657e-09,-6.358381520145e-09,-19.343705250442,-19.343727346808,-7.034537179041,3.5992795656077e-05,-9.8757118124745e-06,29.416726523471,-12.483465413897,360.3151251895,100000407.92163,-1.868195159712e-13,0.0068312069607411,-0.010050335852242,-322.38280467745,-7.0020719327055e-07,-815.87865667714,711.73267787839
77.516500000003,3.355147578353,1.1183817390894,5.1913130861457e-22,0.0023929562151904,1.7302775294683,7.2278052703944,-3.9467321512857e-18,-9.7963674406426,-5.0777449741652e-18,9.1421029840063,3.5554579179978e-18,-3.5554852756503e-18,-19.203852138479,-19.203830101002,6.16982202653e-09,6.1698941263013e-09,-3.5554623371506e-18,3.555429028055e-18,-6.1698446558713e-09,-6.169867109506e-09,-19.2038644667,-19.203886504066,-6.9836815228559,3.5697861519e-05,-9.7963674406426e-06,29.383185431266,-12.472067271733,360.31512544799,100000408.16724,-1.8709041073536e-13,0.0068332576403352,-0.010050335852242,-322.19227885485,-6.9160867948883e-07,-815.41219313254,711.32650433169
77.616500000003,3.3042759679424,1.1014245413691,5.0381502374998e-22,0.0023984735116212,1.7302787212436,7.2256463209164,-3.8325372413971e-18,-9.7179192721184,-4.919678748111e-18,9.0761689331792,3.4447793169734e-18,-3.4448059212196e-18,-19.065351346493,-19.065329367977,5.9883076761544e-09,5.9883777091262e-09,-3.4447836887514e-18,3.4447513005851e-18,-5.9883296538328e-09,-5.9883514690447e-09,-19.065363691293,-19.065385669697,-6.9333131946799,3.5406305629664e-05,-9.7179192721183e-06,29.349850171782,-12.460745376902,360.3151257044,100000408.41089,-1.8737684862155e-13,0.0068352917487827,-0.010050335852242,-322.00327632496,-6.8314637021154e-07,-814.94944058603,710.92356128553
77.716500000003,3.2543176674571,1.0847717802452,4.8905886446959e-22,0.0024039467061283,1.7302799034242,7.2235039845608,-3.7224541713767e-18,-9.6403541451302,-4.7677202817754e-18,9.0108653455992,3.3383773929882e-18,-3.3384032701341e-18,-18.928174903418,-18.928152983825,5.8134860609352e-09,5.8135541016974e-09,-3.3383817167078e-18,3.3383502171993e-18,-5.8135074105481e-09,-5.8135286102387e-09,-18.928187264468,-18.928209183951,-6.8834264993032,3.5118077847205e-05,-9.6403541451302e-06,29.31671862969,-12.449498777937,360.31512595876,100000408.65258,-1.876068871778e-13,0.0068373094744799,-0.010050335852243,-321.81577997346,-6.7482287053437e-07,-814.49035757774,710.52381265901
77.816500000003,3.2052537394044,1.0684171432204,4.7483890512217e-22,0.0024093762942053,1.7302810761189,7.2213780822395,-3.6163096539032e-18,-9.5636591458691,-4.6215927247001e-18,8.9461848738143,3.236058294304e-18,-3.236083469569e-18,-18.792307375219,-18.792285514506,5.645066476929e-09,5.645132596894e-09,-3.2360625694053e-18,3.2360319276205e-18,-5.6450872210656e-09,-5.645107827166e-09,-18.792319752192,-18.792341612794,-6.8340158236088,3.4833128982182e-05,-9.563659145869e-06,29.283788781753,-12.438326513181,360.31512621109,100000408.89235,-1.8786934424604e-13,0.0068393110030391,-0.010050335852243,-321.6297729361,-6.6662780827093e-07,-814.03490324953,710.1272228947
77.916500000003,3.1570656968909,1.0523544679976,4.6113237727438e-22,0.0024147627641162,1.7302822394347,7.2192684373686,-3.5139386823566e-18,-9.4878216025595,-4.4810335387371e-18,8.8821202758564,3.1376381907153e-18,-3.1376626882834e-18,-18.657733549437,-18.657711747561,5.4827726461923e-09,5.4828369137505e-09,-3.1376424167517e-18,3.1376126030307e-18,-5.4827928064834e-09,-5.4828128400011e-09,-18.657745942007,-18.657767743773,-6.7850756350678,3.4551410773722e-05,-9.4878216025595e-06,29.25105812856,-12.427227995766,360.31512646142,100000409.13021,-1.8813046904634e-13,0.00684129651734,-0.010050335852243,-321.44523859368,-6.5856437878768e-07,-813.58303733364,709.73375694877
78.016500000003,3.1097354913223,1.0365777383788,4.4791760758391e-22,0.0024201065970309,1.7302833934771,7.2171748758232,-3.415184091155e-18,-9.4128290797347,-4.3457936676564e-18,8.8186644133172,3.0429426921052e-18,-3.0429665351739e-18,-18.524438431151,-18.524416688067,5.3263419135603e-09,5.3264043942258e-09,-3.0429468687337e-18,3.0429178546305e-18,-5.3263615107241e-09,-5.3263809917879e-09,-18.524450838995,-18.52447258197,-6.7366004802687,3.4272875867468e-05,-9.4128290797346e-06,29.218524574398,-12.416202207701,360.31512670977,100000409.36619,-1.8838182388371e-13,0.0068432661975821,-0.010050335852243,-321.26216056757,-6.5062653997216e-07,-813.13472014176,709.34338028155
78.116500000003,3.0632455005206,1.021081080305,4.3517395931789e-22,0.0024254082671569,1.7302845383501,7.2150972258936,-3.3198961416222e-18,-9.3386693727862,-4.2156367603255e-18,8.7558102494727,2.9518063045132e-18,-2.9518295153392e-18,-18.39240723904,-18.3923855547,5.1755244930426e-09,5.1755852495917e-09,-2.9518104314853e-18,2.9517821897114e-18,-5.1755435469291e-09,-5.1755624948309e-09,-18.392419661837,-18.392441346067,-6.6885849834852,3.3997477794557e-05,-9.3386693727862e-06,29.186185867252,-12.405248310645,360.31512695616,100000409.60031,-1.8862207649048e-13,0.0068452202213345,-0.010050335852244,-321.0805227153,-6.4281370180286e-07,-812.68991255444,708.95605884825
78.216500000003,3.0175785171348,1.0058587579931,4.2288177727978e-22,0.0024306682418679,1.730285674156,7.2130353182413,-3.2279321317406e-18,-9.2653305024372,-4.0903384436308e-18,8.6935508474425,2.8640719210319e-18,-2.864094520975e-18,-18.261625401511,-18.261603775868,5.0300827604595e-09,5.0301418530617e-09,-2.8640759981854e-18,2.8640485025556e-18,-5.0301012900923e-09,-5.0301197233268e-09,-18.261637838943,-18.261659464476,-6.6410238452695,3.3725170950352e-05,-9.2653305024372e-06,29.154039946856,-12.394365383093,360.31512720061,100000409.83258,-1.8886721407824e-13,0.0068471587635837,-0.010050335852244,-320.90030912613,-6.3512554054458e-07,-812.24857601043,708.57175908975
78.316500000003,2.9727177375046,0.99090517022311,4.1102233595481e-22,0.00243588698183,1.7302868009958,7.210988985858,-3.1391560284848e-18,-9.1928007096557,-3.9696856416252e-18,8.6318793683976,2.779590345072e-18,-2.7796123546364e-18,-18.132078552939,-18.132056985943,4.8897905891988e-09,4.8898480755405e-09,-2.7795943723233e-18,2.7795675977048e-18,-4.8898086128141e-09,-4.8898265491168e-09,-18.132091004691,-18.132112571578,-6.5939118410828,3.3455910574819e-05,-9.1928007096556e-06,29.12208497432,-12.383552603305,360.31512744314,100000410.06304,-1.8913677657221e-13,0.0068490819967837,-0.010050335852244,-320.72150411688,-6.2755279417635e-07,-811.81067249676,708.19044792388
78.416500000003,2.928646750797,0.9762148467178,3.9957779064626e-22,0.0024410649411248,1.7302879189691,7.2089580640238,-3.0534381211418e-18,-9.1210684504924,-3.8534759376582e-18,8.5707890698126,2.6982198437233e-18,-2.6982412825968e-18,-18.003752529996,-18.003731021595,4.7544327262e-09,4.7544886616016e-09,-2.6982238210605e-18,2.6981977433245e-18,-4.7544502612838e-09,-4.7544677176665e-09,-18.003764995753,-18.003786504045,-6.5472438199606,3.3189652732654e-05,-9.1210684504923e-06,29.090318883436,-12.372809139019,360.31512768377,100000410.2917,-1.8937658508877e-13,0.006850990090902,-0.010050335852244,-320.54409222774,-6.2010075072692e-07,-811.37616453861,707.81209273673
78.516500000003,2.8853495285054,0.96178244464203,3.8853113142906e-22,0.002446202567369,1.7302890281739,7.2069423902667,-2.9706546944175e-18,-9.0501223911627,-3.7415169764851e-18,8.5102733037495,2.6198257291093e-18,-2.6198466162004e-18,-17.876633368041,-17.876611918183,4.6238042054776e-09,4.623858643005e-09,-2.6198296565857e-18,2.6198042525612e-18,-4.6238212688014e-09,-4.6238382615861e-09,-17.876645847492,-17.876667297242,-6.5010147032008,3.2926354294331e-05,-9.0501223911626e-06,29.058739152562,-12.362134387355,360.31512792253,100000410.51857,-1.8965014438494e-13,0.0068528832134643,-0.010050335852244,-320.36805821817,-6.1276204688156e-07,-810.94501518959,707.43666137408
78.616500000003,2.8428104142607,0.94760274520643,3.7786613973993e-22,0.0024513003018322,1.7302901287069,7.2049418043238,-2.8906877200697e-18,-8.9799514032317,-3.6336259035954e-18,8.4503255151842,2.544279965803e-18,-2.5443003192766e-18,-17.750707297611,-17.750685906239,4.4977097967057e-09,4.4977627872749e-09,-2.544283843531e-18,2.5442590909619e-18,-4.4977264043596e-09,-4.4977429492104e-09,-17.750719790446,-17.750741181709,-6.4552194830855,3.2665972917567e-05,-8.9799514032317e-06,29.027344306927,-12.351527463125,360.31512815944,100000410.74368,-1.8990816055844e-13,0.0068547615296014,-0.010050335852245,-320.193387063,-6.055349797541e-07,-810.51718802231,707.06412213331
78.716500000003,2.8010141139666,0.93367065037926,3.6756734744324e-22,0.0024563585795518,1.7302912206633,7.2029561481025,-2.8134245659518e-18,-8.9105445589787,-3.5296288392043e-18,8.3909392403708,2.471460802514e-18,-2.4714806398243e-18,-17.625960740978,-17.625939408037,4.3759634865549e-09,4.3760150790323e-09,-2.4714646306596e-18,2.4714405081629e-18,-4.3759796539795e-09,-4.3759957659331e-09,-17.62597324689,-17.625994579723,-6.4098532216314,3.2408467029449e-05,-8.9105445589786e-06,28.996131538514,-12.340987380492,360.31512839451,100000410.96705,-1.9015507450136e-13,0.0068566252020906,-0.010050335852245,-320.0200639485,-5.9842284639087e-07,-810.09264711901,706.69444375513
78.816500000003,2.7599456862023,0.91998117968701,3.5761999821385e-22,0.0024613778294443,1.7302923041371,7.2009852656427,-2.7387577213546e-18,-8.8418911267901,-3.4293603845416e-18,8.3321081052406,2.4012524263899e-18,-2.4012717643129e-18,-17.502380308793,-17.502359034226,4.2583879906431e-09,4.2584382319396e-09,-2.4012562051681e-18,2.4012326921944e-18,-4.2584037326594e-09,-4.2584194261537e-09,-17.502392827476,-17.502414101938,-6.3649110493663,3.2153795808718e-05,-8.8418911267901e-06,28.965100683071,-12.330513479137,360.31512862777,100000411.1887,-1.9042730152887e-13,0.0068584743913996,-0.010050335852245,-319.8480742686,-5.9141455383192e-07,-809.67135706247,706.32759541577
78.916500000003,2.7195905329513,0.90652946712471,3.4801001110256e-22,0.0024663584744158,1.730293379221,7.1990290030802,-2.6665845377189e-18,-8.7739805668052,-3.3326631582547e-18,8.2738258238351,2.3335446384043e-18,-2.3335634930678e-18,-17.37995279679,-17.379931580536,4.1448142941129e-09,4.1448632292735e-09,-2.3335483680739e-18,2.3335254448704e-18,-4.1448296249506e-09,-4.1448449138524e-09,-17.379965327942,-17.37998654409,-6.3203881641322,3.1901919168983e-05,-8.7739805668052e-06,28.934248910436,-12.320105234139,360.31512885923,100000411.40864,-1.9067599182797e-13,0.0068603092557273,-0.010050335852245,-319.67740362118,-5.8451633765725e-07,-809.25328292714,705.96354671924
79.016500000004,2.679934390592,0.89331075815215,3.3872394614493e-22,0.0024713009314685,1.7302944460061,7.1970872086109,-2.5968069837402e-18,-8.7068025266097,-3.2393873609029e-18,8.2160861967791,2.2682325484136e-18,-2.268250935326e-18,-17.258665182578,-17.258644024579,4.0350812189927e-09,4.0351288912818e-09,-2.2682362292732e-18,2.2682138768484e-18,-4.0350961523176e-09,-4.0351110499482e-09,-17.2586777259,-17.258698883794,-6.2762798299186,3.1652797742142e-05,-8.7068025266097e-06,28.903574118861,-12.309761835273,360.31512908892,100000411.6269,-1.9092423803751e-13,0.0068621299510454,-0.010050335852245,-319.50803780448,-5.77720142106e-07,-808.8383902705,705.60226768975
79.116500000004,2.6409633211485,0.88032040677776,3.2974897188936e-22,0.0024762056118059,1.7302955045827,7.1951597324551,-2.5293314140029e-18,-8.6403468370304,-3.1493903656657e-18,8.1588831097832,2.2052162885702e-18,-2.2052342226475e-18,-17.1385046225,-17.138483522692,3.9290350166243e-09,3.9290814676058e-09,-2.2052199209541e-18,2.2051981210442e-18,-3.9290495655634e-09,-3.9290640847231e-09,-17.138517177693,-17.138538277396,-6.2325813757181,3.1406392862202e-05,-8.6403468370304e-06,28.873075080863,-12.299482613652,360.31512931685,100000411.84348,-1.9120357049138e-13,0.0068639366311379,-0.010050335852246,-319.33996281353,-5.7102825128177e-07,-808.4266451245,705.24372876439
79.216500000004,2.6026637038261,0.86755387273675,3.210728347319e-22,0.0024810729209346,1.7302965550394,7.1932464268234,-2.4640683503588e-18,-8.5746035081138,-3.0625363335311e-18,8.1022105321795,2.1444007438753e-18,-2.1444182394672e-18,-17.019458448553,-17.019437406873,3.8265289835606e-09,3.8265742531751e-09,-2.1444043281496e-18,2.1443830631864e-18,-3.8265431607269e-09,-3.8265573137187e-09,-17.01947101532,-17.019492056896,-6.1892881944085,3.1162666549781e-05,-8.5746035081138e-06,28.842749648534,-12.289266562794,360.31512954305,100000412.05842,-1.9146958026865e-13,0.0068657294476402,-0.010050335852246,-319.17316483666,-5.6443160282078e-07,-808.01801398729,704.88790078582
79.316500000004,2.565022226771,0.85500671874499,3.1268382994352e-22,0.0024859032587649,1.7302975974637,7.1913471458826,-2.4009322752488e-18,-8.5095627251361,-2.97869585135e-18,8.0460625154897,2.0856952987433e-18,-2.0857123696581e-18,-16.90151416538,-16.901493181763,3.7274230994518e-09,3.7274672260889e-09,-2.0856988353033e-18,2.0856780883835e-18,-3.7274369169671e-09,-3.7274507156185e-09,-16.901526743428,-16.901547726941,-6.1463957416577,3.0921581496763e-05,-8.5095627251361e-06,28.812596054211,-12.27911347679,360.31512976752,100000412.27173,-1.9173292551029e-13,0.0068675085500765,-0.010050335852246,-319.00763025218,-5.5793675188491e-07,-807.61246381508,704.53475499526
79.416500000004,2.5280258790954,0.84267460784028,3.0457077429364e-22,0.0024906970197087,1.7302986319421,7.1894617457234,-2.339841436298e-18,-8.4452148447807,-2.8977455912645e-18,7.9904331920244,2.0290135985329e-18,-2.0290302580606e-18,-16.78465944733,-16.784638521711,3.6315836855359e-09,3.6316267061034e-09,-2.0290170877991e-18,2.0289968426561e-18,-3.6315971550528e-09,-3.6316106107373e-09,-16.784672036367,-16.784692961884,-6.1038995348547,3.0683101051578e-05,-8.4452148447806e-06,28.782612751796,-12.269022354783,360.3151299903,100000412.48342,-1.9197717491551e-13,0.0068692740858982,-0.010050335852246,-318.84334562503,-5.5153997249164e-07,-807.20996201423,704.18426302556
79.516500000004,2.4916619431218,0.8305533007969,2.9672298017038e-22,0.002495454592775,1.7302996585596,7.1875900843276,-2.2807176614866e-18,-8.3815503913687,-2.8195679901221e-18,7.9353167735129,1.9742733250709e-18,-1.9742895860056e-18,-16.668882135581,-16.66886126789,3.5388830824486e-09,3.5389250324381e-09,-1.9742767674867e-18,1.9742570084626e-18,-3.5388962151713e-09,-3.5389093388279e-09,-16.668894735317,-16.668915602904,-6.0617951520617,3.0447189204699e-05,-8.3815503913686e-06,28.752797976405,-12.258992459648,360.31513021139,100000412.69351,-1.922160952499e-13,0.0068710262005196,-0.010050335852247,-318.68029770351,-5.4523461316409e-07,-806.81047643345,703.83639689448
79.616500000004,2.4559179868585,0.81863865361812,2.8913023111025e-22,0.002500176361664,1.7303006774001,7.1857320215361,-2.2234861842853e-18,-8.3185600532153,-2.7440509475832e-18,7.8807075497587,1.9213959852666e-18,-1.9214118599278e-18,-16.554170235308,-16.554149425478,3.4491993461499e-09,3.449240259699e-09,-1.9213993812954e-18,1.9213800933148e-18,-3.4492121528541e-09,-3.4492249550067e-09,-16.554182845456,-16.554203655184,-6.0200782309878,3.0213810574616e-05,-8.3185600532152e-06,28.723149993849,-12.24902336743,360.31513043082,100000412.90202,-1.9246611781418e-13,0.006872765037353,-0.010050335852247,-318.51847341617,-5.390249008115e-07,-806.41397535618,703.49112899798
79.716500000004,2.4207818567081,0.80692661510504,2.8178275865645e-22,0.0025048627048582,1.7303016885466,7.183887419019,-2.1680754781906e-18,-8.2562346791083,-2.6710875417298e-18,7.8265998873288,1.8703067119794e-18,-1.8703222122323e-18,-16.440511912941,-16.440491160901,3.3624159608543e-09,3.362455870806e-09,-1.8703100621023e-18,1.8702912306477e-18,-3.3624284519057e-09,-3.3624409426811e-09,-16.440524533215,-16.440545285153,-5.9787444679868,2.9982930394285e-05,-8.2562346791083e-06,28.693667177679,-12.239114178346,360.3151306486,100000413.10896,-1.9271702855651e-13,0.0068744907378443,-0.010050335852247,-318.35785986866,-5.3290485214507e-07,-806.02042749315,703.14843210383
79.816500000004,2.3862416703667,0.79541322448996,2.7467122046211e-22,0.0025095139957129,1.7303026920807,7.1820561402445,-2.114417100072e-18,-8.1945652748215,-2.6005757610564e-18,7.772988228268,1.8209340763582e-18,-1.820949213633e-18,-16.327895493455,-16.327874799133,3.2784215679177e-09,3.2784605058766e-09,-1.8209373810719e-18,1.8209189921598e-18,-3.2784337532902e-09,-3.2784459424353e-09,-16.327908123572,-16.327928817793,-5.9377896170759,2.9754514497713e-05,-8.1945652748214e-06,28.664347983627,-12.229264483219,360.31513086475,100000413.31436,-1.9293818532147e-13,0.0068762034415068,-0.010050335852247,-318.19844434073,-5.2687710022032e-07,-805.62980197515,702.80827934526
79.916500000004,2.3522858099445,0.78409460914333,2.6778667957071e-22,0.0025141306025429,1.7303036880829,7.1802380504494,-2.0624455418563e-18,-8.1335429997687,-2.5324182518087e-18,7.7198670888413,1.7732099109271e-18,-1.7732246962372e-18,-16.216309457733,-16.216288821057,3.1971097097105e-09,3.1971477060964e-09,-1.7732131707416e-18,1.7731952109e-18,-3.1971215990031e-09,-3.197133495901e-09,-16.216322097412,-16.216342733988,-5.8972094889737,2.9528529307087e-05,-8.1335429997686e-06,28.635190884149,-12.219473671542,360.31513107929,100000413.51823,-1.9318731970629e-13,0.0068779032859549,-0.010050335852247,-318.04021428324,-5.2093541928945e-07,-805.24206834586,702.47064421477
80.016500000004,2.3189029152797,0.77296698234472,2.6112058480237e-22,0.0025187128887094,1.7303046766328,7.1784330166106,-2.0120980900506e-18,-8.0731591637258,-2.4665220797048e-18,7.667231058301,1.7270691427415e-18,-1.7270835867009e-18,-16.105742439975,-16.10572186087,3.1183785875664e-09,3.1184156716655e-09,-1.7270723581785e-18,1.7270548144252e-18,-3.1183901900193e-09,-3.1184018037055e-09,-16.105755088936,-16.105775667942,-5.8569999501594,2.930494182016e-05,-8.0731591637258e-06,28.606194547989,-12.209740933059,360.31513129224,100000413.72058,-1.9343512182311e-13,0.0068795904069364,-0.010050335852248,-317.88315731525,-5.1507906695646e-07,-804.8571965549,702.13550055802
80.116500000004,2.2860818774231,0.76202664111149,2.5466475217985e-22,0.0025232612127039,1.7303056578086,7.1766409074154,-1.9633146926344e-18,-8.0134052235702,-2.4027985051411e-18,7.6150747976812,1.6824496359863e-18,-1.6824637488264e-18,-15.996183225165,-15.996162703555,3.0421308329613e-09,3.0421670329745e-09,-1.6824528075772e-18,1.6824356673995e-18,-3.0421421574712e-09,-3.042153496648e-09,-15.996195883132,-15.996216404642,-5.8171569219511,2.9083719597716e-05,-8.0134052235701e-06,28.577356996085,-12.200065653459,360.31513150361,100000413.92143,-1.9366826899564e-13,0.0068812649383635,-0.010050335852248,-317.72726122118,-5.0930836474272e-07,-804.4751569509,701.8028225679
80.216500000004,2.2538118323744,0.75126996411046,2.4841134734495e-22,0.0025277759282294,1.7303066316879,7.1748615932353,-1.9160378329835e-18,-7.9542727803208,-2.3411627710442e-18,7.5633930386179,1.6392920434293e-18,-1.6393058350147e-18,-15.887620746594,-15.887600282403,2.9682732911274e-09,2.9683086342166e-09,-1.6392951717137e-18,1.6392784230491e-18,-2.9682843462626e-09,-2.968295419313e-09,-15.887633413292,-15.887653877383,-5.7776763796043,2.886483075217e-05,-7.9542727803208e-06,28.548676783676,-12.190447519403,360.31513171341,100000414.12079,-1.9390807750594e-13,0.0068829270123466,-0.010050335852248,-317.57251394805,-5.0362025337743e-07,-804.09592027503,701.47258477879
80.316500000004,2.2220821549092,0.74069340960052,2.4235286888956e-22,0.0025322573842823,1.7303075983468,7.1730949460976,-1.8702124102817e-18,-7.8957535759602,-2.2815339025893e-18,7.5121805821909,1.5975396661834e-18,-1.5975531460271e-18,-15.780044083426,-15.780023676576,2.8967168163631e-09,2.8967513286949e-09,-1.5975427517077e-18,1.5975263829246e-18,-2.8967276103769e-09,-2.8967384253786e-09,-15.780056758582,-15.780077165332,-5.7385543514279,2.8648243935357e-05,-7.8957535759602e-06,28.520152808595,-12.18088578447,360.31513192167,100000414.31869,-1.9414300103456e-13,0.0068845767592217,-0.010050335852248,-317.41890360272,-4.9801523893025e-07,-803.71945765427,701.1447620608
80.416500000004,2.1908824526482,0.73029351345539,2.3648213256789e-22,0.0025367059252304,1.7303085578607,7.171340839659,-1.8257856261948e-18,-7.8378394905591,-2.2238345180581e-18,7.4614322977935,1.5571383212678e-18,-1.5571514985456e-18,-15.673442458324,-15.673422108736,2.827376078345e-09,2.827409785133e-09,-1.5571413645839e-18,1.5571253644647e-18,-2.8273866191892e-09,-2.8273971839269e-09,-15.673455141667,-15.673475491156,-5.6997869179195,2.8433928327473e-05,-7.837839490559e-06,28.491783495082,-12.171379932642,360.31513212839,100000414.51514,-1.943819213657e-13,0.006886214307583,-0.010050335852249,-317.26641844926,-4.9249000614239e-07,-803.34574059507,700.81932961422
80.516500000004,2.1602025602607,0.72006688723195,2.3079225632783e-22,0.0025411218908908,1.7303095103039,7.1695991491794,-1.7827068773651e-18,-7.7805225393711,-2.1679906501545e-18,7.4111431220218,1.5180362164938e-18,-1.518049100058e-18,-15.567805235118,-15.567784942711,2.7601693787946e-09,2.760202304339e-09,-1.5180392181578e-18,1.5180235758812e-18,-2.7601796741323e-09,-2.7601899961102e-09,-15.56781792638,-15.567838218687,-5.661370210918,2.8221853625897e-05,-7.7805225393711e-06,28.463567176497,-12.161929489914,360.31513233361,100000414.71014,-1.9464349024618e-13,0.0068878397843106,-0.010050335852249,-317.11504690626,-4.8704305774776e-07,-802.97474097706,700.496262964
80.616500000004,2.1300325338429,0.71001021629587,2.2527664612009e-22,0.0025455056166043,1.7303104557497,7.1678697514962,-1.7409276534358e-18,-7.723794870031,-2.1139315771457e-18,7.3613080575857,1.480183832228e-18,-1.4801964306206e-18,-15.463121916515,-15.463101681208,2.6950184778917e-09,2.6950506456176e-09,-1.480186792799e-18,1.4801714979245e-18,-2.6950285351091e-09,-2.6950386215625e-09,-15.463134615429,-15.463154850636,-5.6233004127706,2.8011990034425e-05,-7.7237948700309e-06,28.43550255159,-12.152533590796,360.31513253732,100000414.90372,-1.9491394091049e-13,0.0068894533145994,-0.010050335852249,-316.96477754438,-4.8167318550247e-07,-802.60643104694,700.17553795454
80.716500000004,2.1003626454556,0.70012025800099,2.1992898244032e-22,0.0025498574333113,1.7303113942703,7.1661525249994,-1.7004014402926e-18,-7.6676487598288,-2.0615896632381e-18,7.3119221722491,1.4435338096237e-18,-1.4435461310889e-18,-15.359382141876,-15.359361963587,2.6318484298704e-09,2.6318798623638e-09,-1.4435367296629e-18,1.4435217721149e-18,-2.6318582560885e-09,-2.6318681139948e-09,-15.359394848177,-15.359415026368,-5.585573755524,2.7804308252784e-05,-7.6676487598288e-06,28.407587691897,-12.143191724996,360.31513273955,100000415.0959,-1.952145896407e-13,0.0068910550219879,-0.010050335852249,-316.81559908374,-4.7638151861528e-07,-802.24078341239,699.85713074428
80.816500000004,2.0711833778166,0.69039383992018,2.147432075626e-22,0.0025541776676224,1.7303123259372,7.1644473496068,-1.6610836282246e-18,-7.6120766130703,-2.0109002076304e-18,7.2629805977822,1.408040844927e-18,-1.4080528974231e-18,-15.256575685012,-15.256555563656,2.5705874272601e-09,2.5706181463026e-09,-1.4080437249966e-18,1.4080290950501e-18,-2.5705970293456e-09,-2.570606665435e-09,-15.256588398438,-15.256608519695,-5.5481865201231,2.7598779466482e-05,-7.6120766130703e-06,28.379822267668,-12.133903669101,360.31513294032,100000415.28668,-1.9548992528559e-13,0.0068926450283858,-0.010050335852249,-316.66750039156,-4.7116165210522e-07,-801.87777103631,699.54101780079
80.916500000004,2.042485419113,0.68082785811612,2.0971351342363e-22,0.0025584666418906,1.7303132508208,7.1627541067396,-1.6229314247204e-18,-7.5570709583916,-1.9618013017318e-18,7.2144785289411,1.3736615895004e-18,-1.3736733807113e-18,-15.154692452043,-15.154672387536,2.5111666532788e-09,2.5111966798805e-09,-1.3736644301631e-18,1.3736501184292e-18,-2.5111760378545e-09,-2.5111854586198e-09,-15.154705172332,-15.154725236742,-5.5111350356319,2.7395375336496e-05,-7.5570709583915e-06,28.352204089348,-12.124668745163,360.31513313963,100000415.47607,-1.9574438873722e-13,0.0068942234540993,-0.01005033585225,-316.52047047965,-4.660165090991e-07,-801.51736723084,699.2271758955
81.016500000005,2.0142596580071,0.67141927547649,2.0483433012803e-22,0.0025627246742805,1.7303141689907,7.1610726792994,-1.5859037716924e-18,-7.5026244463241,-1.9142336940583e-18,7.1664112224661,1.3403545552229e-18,-1.340366092569e-18,-15.053722479292,-15.053702471548,2.4535201419079e-09,2.4535494963389e-09,-1.3403573570407e-18,1.3403433544536e-18,-2.4535293153628e-09,-2.4535385270692e-09,-15.053735206187,-15.053755213835,-5.4744156784686,2.7194067989901e-05,-7.502624446324e-06,28.324732353255,-12.115486300356,360.3151333375,100000415.66411,-1.9600862215111e-13,0.0068957904178592,-0.01005033585225,-316.37449850215,-4.6094264115173e-07,-801.1595456519,698.91558209895
81.116500000005,1.986497178742,0.66216512008263,2.0010031503265e-22,0.0025669520788363,1.7303150805154,7.1594029516443,-1.5499612668273e-18,-7.448729846782,-1.8681406623561e-18,7.1187739961,1.30808002495e-18,-1.3080913155988e-18,-14.953655931225,-14.953635980156,2.3975846452124e-09,2.3976133470327e-09,-1.3080827884838e-18,1.3080690862878e-18,-2.3975936137107e-09,-2.3976026224054e-09,-14.953668664469,-14.953688615441,-5.4380248716545,2.6994830010215e-05,-7.448729846782e-06,28.297405698646,-12.106355992587,360.31513353395,100000415.85079,-1.9629061913302e-13,0.0068973460368468,-0.01005033585225,-316.22957375318,-4.5593850787735e-07,-800.80428029356,698.60621377594
81.216500000005,1.9591892563897,0.65306248362546,1.9550634238171e-22,0.0025711491655492,1.7303159854627,7.1577448095666,-1.5150660888677e-18,-7.3953800466371,-1.8234678925287e-18,7.0715622276249,1.2767999677384e-18,-1.276811018614e-18,-14.854483098425,-14.854463203943,2.3432995074942e-09,2.3433275755825e-09,-1.2768026935472e-18,1.2767892832844e-18,-2.3433082769852e-09,-2.3433170885055e-09,-14.854495837763,-14.854515732148,-5.4019590840794,2.6797634428083e-05,-7.395380046637e-06,28.270222513037,-12.097277374969,360.31513372898,100000416.03613,-1.9654108578066e-13,0.0068988904267173,-0.01005033585225,-316.08568566457,-4.5100639024225e-07,-800.45154548254,698.29904858073
81.316500000005,1.9323273522394,0.64410851986839,1.9104749346365e-22,0.0025753162404218,1.7303168838993,7.1560981402706,-1.4811819266171e-18,-7.3425680473907,-1.7801633639707e-18,7.0247713539194,1.246477958556e-18,-1.246488776349e-18,-14.756194395614,-14.75617455763,2.2906065458952e-09,2.290633998476e-09,-1.2464806471963e-18,1.2464675206952e-18,-2.2906151221212e-09,-2.2906237421032e-09,-14.756207140794,-14.756226978681,-5.3662148297801,2.6602454712326e-05,-7.3425680473906e-06,28.243181366827,-12.088249564432,360.31513392263,100000416.22014,-1.967782297516e-13,0.0069004237016265,-0.010050335852251,-315.94282380367,-4.4614082823255e-07,-800.10131587303,697.99406445251
81.416500000005,1.9059031093035,0.63530044314907,1.867190472581e-22,0.0025794536055335,1.7303177758913,7.1544628323502,-1.4482739114454e-18,-7.2902869628672,-1.7381772409386e-18,6.9783968700348,1.2170791022193e-18,-1.2170896933958e-18,-14.658780359711,-14.658760578134,2.239449937086e-09,2.239476791756e-09,-1.2170817542446e-18,1.2170689036085e-18,-2.2394583255911e-09,-2.2394667594777e-09,-14.658793110482,-14.658812891962,-5.3307886672355,2.640926476108e-05,-7.2902869628671e-06,28.216281786123,-12.079272486466,360.31513411489,100000416.40284,-1.9702070279268e-13,0.0069019459742548,-0.010050335852251,-315.80097787115,-4.4134333381466e-07,-799.75356644136,697.69123961076
81.516500000005,1.8799083479503,0.62663552692393,1.825164715492e-22,0.0025835615591021,1.7303186615039,7.1528387757681,-1.4163085531271e-18,-7.2385300169887,-1.6974617696079e-18,6.9324343282852,1.1885699613128e-18,-1.1885803321229e-18,-14.562231647921,-14.56221192266,2.1897761097015e-09,2.1898023834542e-09,-1.1885725772731e-18,1.1885599948698e-18,-2.1897843158391e-09,-2.1897925688877e-09,-14.562244404034,-14.562264129198,-5.2956771986712,2.6218038893246e-05,-7.2385300169887e-06,28.189521565174,-12.070345343685,360.31513430579,100000416.58425,-1.9728138349097e-13,0.0069034573558308,-0.010050335852251,-315.6601376989,-4.3661209386735e-07,-799.40827248095,697.3905525509
81.616500000005,1.8543350616547,0.61811110235158,1.7843541447822e-22,0.002587640395546,1.7303195408012,7.1512258618346,-1.3852536788195e-18,-7.1872905415901,-1.6579711804947e-18,6.8868793373631,1.1609184878636e-18,-1.1609286443501e-18,-14.466539035876,-14.46651936684,2.1415336422052e-09,2.141559351455e-09,-1.1609210683051e-18,1.1609087467564e-18,-2.1415416711459e-09,-2.1415497484353e-09,-14.466551797085,-14.466571466025,-5.2608770693835,2.6028751840092e-05,-7.18729054159e-06,28.16289988848,-12.061468003738,360.31513449533,100000416.76437,-1.9755361050834e-13,0.0069049579561541,-0.010050335852251,-315.52029324793,-4.3194407432417e-07,-799.06540959727,697.09198203987
81.716500000005,1.8291754128519,0.6097245569106,1.7447169651142e-22,0.0025916904055451,1.7303204138468,7.1496239831863,-1.3550783750116e-18,-7.1365619742476,-1.6196615959317e-18,6.8417275614634,1.1340939585562e-18,-1.1341039065624e-18,-14.3716934158,-14.371673802894,2.0946731658798e-09,2.0946983264846e-09,-1.1340965040207e-18,1.134084436193e-18,-2.0946810226183e-09,-2.0946889290563e-09,-14.37170618186,-14.37172579467,-5.2263849670706,2.5841378736921e-05,-7.1365619742476e-06,28.136415968174,-12.052640031962,360.31513468353,100000416.94321,-1.9782006436558e-13,0.0069064478836186,-0.010050335852251,-315.3814346063,-4.2734109242437e-07,-798.72495370286,696.79550711182
81.816500000005,1.8044217289336,0.60147333306515,1.7062130280455e-22,0.0025957118760988,1.7303212807033,7.1480330337671,-1.325752932312e-18,-7.0863378562787,-1.5824909423143e-18,6.7969747194294,1.1080669132868e-18,-1.1080766584639e-18,-14.277685794708,-14.277666237837,2.0491472726648e-09,2.0491718999479e-09,-1.1080694243115e-18,1.1080576033061e-18,-2.0491549620271e-09,-2.0491627023565e-09,-14.277698565375,-14.27771812215,-5.1921976211799,2.565589511537e-05,-7.0863378562787e-06,28.110067816477,-12.043860352726,360.31513487041,100000417.1208,-1.9805143517487e-13,0.0069079272452359,-0.010050335852252,-315.24355198717,-4.228017268162e-07,-798.38688101265,696.501107064
81.916500000005,1.7800664983162,0.59335492695436,1.6688037593716e-22,0.0025997050905851,1.7303221414326,7.1464529088076,-1.2972487928838e-18,-7.0366118306474,-1.5464188668483e-18,6.7526165839165,1.0828090968699e-18,-1.0828186446843e-18,-14.184507292653,-14.184487791723,2.0049104275752e-09,2.0049345363458e-09,-1.0828115739869e-18,1.0827999931311e-18,-2.0049179542248e-09,-2.0049255330303e-09,-14.184520067688,-14.184539568522,-5.1583118022693,2.5472276895383e-05,-7.0366118306474e-06,28.083855005156,-12.03512920683,360.31513505597,100000417.29713,-1.9828813505429e-13,0.0069093961466556,-0.010050335852252,-315.10663572681,-4.1832300921454e-07,-798.05116803914,696.20876145262
82.016500000005,1.7561023666319,0.58536688712247,1.632452090013e-22,0.0026036703288165,1.7303229960957,7.1448835048055,-1.2695385004191e-18,-6.9873776399895,-1.5114066585443e-18,6.7086489805673,1.0582934037176e-18,-1.0583027594584e-18,-14.092149140993,-14.092129695908,1.9619188854505e-09,1.9619424900239e-09,-1.058295847454e-18,1.0582845002927e-18,-1.961926253895e-09,-1.9619336756091e-09,-14.092161920156,-14.092181365147,-5.1247243213765,2.5290500377615e-05,-6.9873776399895e-06,28.057775884802,-12.026445516603,360.31513524023,100000417.47224,-1.9854437485856e-13,0.0069108546921877,-0.010050335852252,-314.97067628263,-4.1390332559101e-07,-797.71779158776,695.91845008878
82.116500000005,1.7325221330284,0.57750681328568,1.5971223902538e-22,0.002607607867097,1.730323844753,7.143324719507,-1.2425956525162e-18,-6.9386291247161,-1.4774171732234e-18,6.6650677872053,1.0344938253292e-18,-1.0345029941142e-18,-14.000602680699,-14.00058329136,1.9201306118019e-09,1.9201537260184e-09,-1.0344962362064e-18,1.0344851164938e-18,-1.9201378263989e-09,-1.9201450953078e-09,-14.000615463753,-14.000634852997,-5.0914320294036,2.5110542236151e-05,-6.9386291247161e-06,28.031829215969,-12.017809188397,360.3151354232,100000417.64612,-1.987713047746e-13,0.0069123029848235,-0.010050335852252,-314.83566423136,-4.0954473101121e-07,-797.38672875235,695.63015303455
82.216500000005,1.7093187465444,0.56977235512386,1.562780407125e-22,0.0026115179782754,1.7303246874641,7.1417764518879,-1.2163948553108e-18,-6.890360221068,-1.4444147623108e-18,6.6218689330424,1.0113854004316e-18,-1.0113943872141e-18,-13.909859360685,-13.909840026995,1.8795052075349e-09,1.879527844778e-09,-1.0113877789655e-18,1.0113768806571e-18,-1.8795122724977e-09,-1.8795193927468e-09,-13.909872147395,-13.909891480991,-5.0584318165114,2.4932379511041e-05,-6.8903602210679e-06,28.00601431776,-12.009219811565,360.3151356049,100000417.81878,-1.9905108130623e-13,0.0069137411262574,-0.010050335852253,-314.70159026715,-4.052456376315e-07,-797.05795691076,695.34385059911
82.316500000005,1.6864853026091,0.56216121111356,1.5293932048173e-22,0.0026154009318004,1.7303255242876,7.1402386021351,-1.1909116802825e-18,-6.8425649593255,-1.4123652052083e-18,6.5790483979041,9.8894416762653e-19,-9.8895297720142e-19,-13.819910736186,-13.819891458046,1.8400038373411e-09,1.8400260105547e-09,-9.8894651432699e-19,9.8893583157242e-19,-1.8400107567443e-09,-1.8400177323436e-09,-13.819923526319,-13.819942804365,-5.0257206115271,2.4755989601415e-05,-6.8425649593254e-06,27.980329793817,-12.000676864761,360.31513578534,100000417.99025,-1.992931102546e-13,0.006915169216905,-0.010050335852253,-314.56844519977,-4.0100226356318e-07,-796.73145372033,695.0595233349
82.416500000005,1.6640150396113,0.55467112738465,1.4969291079152e-22,0.002619256993772,1.7303263552817,7.1387110716287,-1.166122623085e-18,-6.7952374619755,-1.3812356450484e-18,6.536602211466,9.6714712040518e-19,-9.6715575741465e-19,-13.730748467152,-13.730729244461,1.8015891615617e-09,1.8016108832671e-09,-9.671494357761e-19,9.6713896291161e-19,-1.8015959393466e-09,-1.8016027741757e-09,-13.730761260476,-13.730780483073,-4.9932953813615,2.4581350258454e-05,-6.7952374619755e-06,27.954775282435,-11.992180192375,360.31513596453,100000418.16053,-1.9958310083725e-13,0.0069165873559254,-0.010050335852253,-314.43621995283,-3.9681702793027e-07,-796.40719711378,694.77715203393
82.516500000005,1.6419013355691,0.54729989661018,1.4653576473394e-22,0.0026230864269939,1.7303271805037,7.1371937629241,-1.1420050643223e-18,-6.7483719419579,-1.3509945276454e-18,6.4945264525067,9.4597216440161e-19,-9.4598063334094e-19,-13.642364316677,-13.642345149334,1.7642252713405e-09,1.7642465536521e-09,-9.459744489407e-19,9.459641804824e-19,-1.7642319113198e-09,-1.7642386091328e-09,-13.642377112963,-13.642396280212,-4.9611531304383,2.4408439578654e-05,-6.7483719419578e-06,27.929349198083,-11.983729399491,360.31513614247,100000418.32964,-1.998468901561e-13,0.0069179956412391,-0.010050335852253,-314.30490556201,-3.9268694963954e-07,-796.08516529488,694.49671772412
82.616500000005,1.6201377048874,0.54004535692527,1.4346495088429e-22,0.0026268894910234,1.7303280000103,7.1356865797349,-1.1185372321603e-18,-6.7019627009512,-1.3216115434693e-18,6.4528172481743,9.2539807676267e-19,-9.2540638198553e-19,-13.554750149462,-13.554731037366,1.72787762689e-09,1.7278984815309e-09,-9.2540033096133e-19,9.2539026159857e-19,-1.727884132753e-09,-1.7278906971834e-09,-13.554762948483,-13.554782060485,-4.9292909001331,2.4237235997246e-05,-6.7019627009512e-06,27.904049930724,-11.975323526103,360.3151363192,100000418.49758,-2.0010401813642e-13,0.0069193941695482,-0.010050335852253,-314.17449317337,-3.8861109072499e-07,-795.76533673436,694.21820166567
82.716500000005,1.5987177951904,0.53290539087162,1.4047764839281e-22,0.0026306664422223,1.7303288138573,7.1341894269157,-1.0956981666775e-18,-6.6560041276695,-1.2930575724782e-18,6.4114707732631,9.0540446751936e-19,-9.0541261324296e-19,-13.467897930292,-13.46787887334,1.6925129987089e-09,1.692533437025e-09,-9.0540669186254e-19,9.0539681645157e-19,-1.6925193740259e-09,-1.6925258085909e-09,-13.467910731822,-13.467929788679,-4.8977057682215,2.406771828166e-05,-6.6560041276695e-06,27.878877013121,-11.966962588747,360.31513649471,100000418.66436,-2.0035892567031e-13,0.0069207830363541,-0.010050335852254,-314.04497404163,-3.8458865783372e-07,-795.44769016584,693.94158534756
82.816500000005,1.5776353842607,0.52587792437697,1.3757114230832e-22,0.002634417533804,1.7303296221,7.1327022104453,-1.0734676858862e-18,-6.6104906962814,-1.2653046316566e-18,6.3704832495117,8.8597174285318e-19,-8.8597973316322e-19,-13.381799722563,-13.381780720652,1.6580994115962e-09,1.6581194445708e-09,-8.8597393781932e-19,8.859642513772e-19,-1.658105659823e-09,-1.6581119679279e-09,-13.381812526378,-13.381831528195,-4.8663948483421,2.389986552545e-05,-6.6104906962813e-06,27.853829202944,-11.958645884019,360.31513666901,100000418.83001,-2.006182740959e-13,0.0069221623359772,-0.010050335852254,-313.9163395286,-3.8062071270318e-07,-795.13220458192,693.66685048413
82.916500000006,1.5568843770188,0.51896092574845,1.3474281911679e-22,0.0026381430158827,1.7303304247929,7.1312248374103,-1.0518263532977e-18,-6.5654169647197,-1.2383258251129e-18,6.3298509449037,8.6708107015373e-19,-8.6708890900921e-19,-13.296447686814,-13.29642873984,1.624606091315e-09,1.6246257295817e-09,-8.6708323621472e-19,8.6707373391351e-19,-1.6246122157971e-09,-1.6246184007393e-09,-13.296460492692,-13.296479439573,-4.8353552894631,2.3733657141821e-05,-6.5654169647197e-06,27.828905391308,-11.950373448619,360.31513684213,100000418.99452,-2.008833956808e-13,0.0069235321615737,-0.010050335852254,-313.78858110145,-3.7670491776163e-07,-794.8188592302,693.3939790116
83.016500000006,1.5364588026246,0.51215240470621,1.3199016249099e-22,0.0026418431355196,1.73033122199,7.129757215989,-1.0307554470094e-18,-6.5207775731984,-1.2120952966e-18,6.2895701729899,8.4871434477391e-19,-8.4872203601164e-19,-13.211834079302,-13.211815187159,1.5920034137702e-09,1.5920226676261e-09,-8.4871648239498e-19,8.4870715955621e-19,-1.592009417747e-09,-1.59201548272e-09,-13.211846887024,-13.211865779073,-4.804584275364,2.3569072857919e-05,-6.5207775731984e-06,27.804104625093,-11.942144433165,360.31513701407,100000419.15792,-2.0111476648538e-13,0.0069248926051544,-0.010050335852254,-313.66169033118,-3.7283844262206e-07,-794.5076336095,693.12295308483
83.116500000006,1.5163528116195,0.5054504114309,1.2931074923382e-22,0.0026455181367693,1.7303320137444,7.1282992554355,-1.010236930186e-18,-6.4765672426283,-1.1865881843307e-18,6.249637292218,8.3085415839129e-19,-8.3086170573028e-19,-13.127951250594,-13.127932413177,1.5602628565695e-09,1.5602817359872e-09,-8.3085626803102e-19,8.3084712012025e-19,-1.5602687431779e-09,-1.5602746912753e-09,-13.127964059941,-13.127982897266,-4.7740790241234,2.3406092708765e-05,-6.4765672426283e-06,27.779426112875,-11.933958698827,360.31513718484,100000419.3202,-2.0138077624791e-13,0.0069262437576017,-0.010050335852255,-313.53565889106,-3.6902408444013e-07,-794.19850746606,692.85375507399
83.216500000006,1.4965606731595,0.49885303564156,1.2670224541011e-22,0.0026491682607245,1.7303328001087,7.1268508660642,-9.9025342289924e-19,-6.4327807731429,-1.1617805779658e-18,6.2100487052762,8.1348376889121e-19,-8.1349117593683e-19,-13.044791644189,-13.044772861391,1.5293569528449e-09,1.5293754674848e-09,-8.1348585100149e-19,8.1347687362313e-19,-1.5293627251234e-09,-1.5293685593422e-09,-13.044804454945,-13.044823237651,-4.7438367876178,2.3244697031596e-05,-6.4327807731429e-06,27.754868708322,-11.925815789087,360.31513735445,100000419.48139,-2.0163168697692e-13,0.0069275857086866,-0.010050335852255,-313.41047855509,-3.6526090393767e-07,-793.89146078994,692.58636756141
83.316500000006,1.4770767723135,0.49235840569464,1.2416240265513e-22,0.0026527937455612,1.7303335811348,7.1254119592344,-9.7078817524145e-19,-6.3894130426244,-1.1376494776617e-18,6.1708008584478,7.9658707169132e-19,-7.9659434193941e-19,-12.962347795162,-12.962329066875,1.4992592472208e-09,1.4992774064421e-09,-7.9658912671737e-19,7.9658031560983e-19,-1.499264908113e-09,-1.4992706313572e-09,-12.962360607112,-12.962379335307,-4.7138548510282,2.3084866460206e-05,-6.3894130426244e-06,27.730431875632,-11.917715416806,360.31513752292,100000419.64149,-2.0188215361631e-13,0.0069289185470858,-0.010050335852255,-313.28614119649,-3.6154171877062e-07,-793.5864738113,692.32077333834
83.416500000006,1.4578956074369,0.48596468770882,1.2168905465222e-22,0.002656394826581,1.7303343568741,7.1239824473357,-9.5182504165986e-19,-6.3464590052993,-1.1141727550681e-18,6.1318902409785,7.8014857243246e-19,-7.8015570927313e-19,-12.880612328833,-12.880593654949,1.4699442538173e-09,1.4699620666889e-09,-7.8015060081279e-19,7.8014195184368e-19,-1.4699498061751e-09,-1.4699554212592e-09,-12.880625141765,-12.880643815558,-4.6841305323575,2.2926581919559e-05,-6.3464590052992e-06,27.706114101401,-11.909657467507,360.31513769026,100000419.80051,-2.0216503876758e-13,0.006930242360398,-0.010050335852255,-313.16263878625,-3.5787572832441e-07,-793.28352699695,692.05695540201
83.516500000006,1.4390117875966,0.4796700847067,1.1928011376959e-22,0.0026599717362552,1.7303351273771,7.1225622437725,-9.3334845643807e-19,-6.3039136902935,-1.0913291161758e-18,6.0933133844557,7.6415336096432e-19,-7.6416036768562e-19,-12.799577959467,-12.799559339877,1.4413874161874e-09,1.4414048914985e-09,-7.641553631307e-19,7.6414687229236e-19,-1.4413928627746e-09,-1.4413983724266e-09,-12.799590773169,-12.799609392669,-4.654661181955,2.2769824620252e-05,-6.3039136902935e-06,27.681914789576,-11.901641495825,360.31513785647,100000419.95846,-2.0245236481054e-13,0.0069315572351599,-0.010050335852256,-313.03996339162,-3.5425031760868e-07,-792.98260104672,691.79489695241
83.616500000006,1.4204200300833,0.47347283578535,1.1693356785049e-22,0.0026635247042658,1.730335892694,7.12115126295,-9.1534341028699e-19,-6.2617722003154,-1.0690980659169e-18,6.0550668621951,7.485870865584e-19,-7.4859396635002e-19,-12.719237488983,-12.719218923576,1.4135650690895e-09,1.413582215359e-09,-7.4858906293595e-19,7.4858072634103e-19,-1.4135704125845e-09,-1.4135758194491e-09,-12.719250303246,-12.719268868562,-4.6254441820491,2.2614576053456e-05,-6.2617722003153e-06,27.657832457868,-11.89366661026,360.31513802157,100000420.11536,-2.0270594007315e-13,0.0069328632568621,-0.010050335852256,-312.91810717478,-3.5067822929516e-07,-792.6836768902,691.53458138945
83.716500000006,1.4021151579671,0.4673712153017,1.1464747714702e-22,0.0026670539575471,1.7303366528743,7.1197494202603,-8.9779542797138e-19,-6.2200297102839,-1.0474598744284e-18,6.0171472886423,7.3343593428579e-19,-7.3344269024232e-19,-12.639583805694,-12.639565294362,1.3864544020028e-09,1.3864712274898e-09,-7.3343788529293e-19,7.3342969917022e-19,-1.3864596450023e-09,-1.3864649516438e-09,-12.639596620311,-12.639615131555,-4.5964769462891,2.2460817985658e-05,-6.2200297102839e-06,27.633866641081,-11.885733020923,360.31513818556,100000420.27121,-2.0296617667347e-13,0.006934160509965,-0.010050335852256,-312.79706239135,-3.4714843429566e-07,-792.38673568323,691.27599230998
83.816500000006,1.3840920977247,0.46136353208157,1.1241997139226e-22,0.002670559720326,1.7303374079667,7.1183566320675,-8.8069054693716e-19,-6.1786814660291,-1.0263955448931e-18,5.9795513187822,7.1868660249895e-19,-7.1869323762327e-19,-12.560609883076,-12.560591425705,1.3600334243006e-09,1.3600499370131e-09,-7.186885285475e-19,7.1868048923783e-19,-1.360038569322e-09,-1.3600437782271e-09,-12.560622697841,-12.560641155123,-4.567756919295,2.230853245368e-05,-6.1786814660291e-06,27.610016534538,-11.877840096837,360.31513834847,100000420.42602,-2.0320376472369e-13,0.0069354490779135,-0.010050335852256,-312.67682138907,-3.436637646428e-07,-792.09175880469,691.0191135049
83.916500000006,1.3663458769266,0.45544812864865,1.1024924700285e-22,0.0026740422141619,1.7303381580196,7.1169728156947,-8.6401529688206e-19,-6.1377227830218,-1.0058867828766e-18,5.9422756475608,7.0432628136168e-19,-7.043327985681e-19,-12.482308778541,-12.482290375021,1.3342809319961e-09,1.3342971396999e-09,-7.0432818285684e-19,7.043202868093e-19,-1.3342859814805e-09,-1.3342910950611e-09,-12.482321593251,-12.482339996683,-4.5392815762147,2.2157701759802e-05,-6.1377227830218e-06,27.586280925142,-11.869987556381,360.31513851029,100000420.57981,-2.0344357321955e-13,0.0069367290431523,-0.010050335852257,-312.55737660643,-3.4022694678211e-07,-791.7987278532,690.76392895635
84.016500000006,1.3488716219814,0.44962338047276,1.0813356440645e-22,0.0026775016579854,1.7303389030807,7.1155978894104,-8.4775668022871e-19,-6.0971490451289,-9.8591596708537e-19,5.9053170093167,6.9034263237367e-19,-6.9034903449095e-19,-12.404673632253,-12.40465528247,1.3091764759856e-09,1.3091923862126e-09,-6.9034450971409e-19,6.9033675348228e-19,-1.3091814323003e-09,-1.3091864528962e-09,-12.404686446706,-12.4047047964,-4.5110484222905,2.200830846699e-05,-6.0971490451289e-06,27.562659059178,-11.86217496927,360.31513867104,100000420.73257,-2.0371802067333e-13,0.006938000487141,-0.010050335852257,-312.43872057139,-3.36828658258e-07,-791.50762464401,690.51042283501
84.116500000006,1.331664555934,0.44388769523566,1.0607124548718e-22,0.0026809382681368,1.730339643197,7.1142317724153,-8.3190215345243e-19,-6.0569557033823,-9.6646612147295e-19,5.8686721772216,6.7672376883901e-19,-6.767300586133e-19,-12.327697665947,-12.327679369788,1.2847003317127e-09,1.2847159517695e-09,-6.7672562241685e-19,6.7671800265527e-19,-1.2847051971541e-09,-1.2847101270351e-09,-12.327710479942,-12.327728776013,-4.4830549924311,2.1860335394177e-05,-6.0569557033822e-06,27.539150172557,-11.854402247688,360.31513883073,100000420.88433,-2.0397825727201e-13,0.0069392634903687,-0.010050335852257,-312.32084590005,-3.3347560930703e-07,-791.21843120583,690.2585794973
84.216500000006,1.3147199963113,0.4382395121133,1.0406067114311e-22,0.002684352258404,1.7303403784153,7.1128743848284,-8.1643960921935e-19,-6.0171382747445,-9.4752088862634e-19,5.8323379627322,6.6345823723146e-19,-6.6346441732911e-19,-12.251374181779,-12.251355939131,1.2608334701864e-09,1.2608488071619e-09,-6.634600674324e-19,6.6345258089308e-19,-1.2608382469822e-09,-1.2608430883511e-09,-12.251386995119,-12.25140523768,-4.4552988507934,2.1713765611538e-05,-6.0171382747445e-06,27.515753025015,-11.846668647929,360.31513898937,100000421.03509,-2.0428023825601e-13,0.0069405181323662,-0.010050335852257,-312.20374529532,-3.3016768850467e-07,-790.93112977763,690.00838348262
84.316500000006,1.2980333530479,0.43267730108397,1.0210027895318e-22,0.0026877438400586,1.7303411087815,7.1115256476759,-8.0135735931848e-19,-5.9776923410185,-9.2906450436807e-19,5.7963112150481,6.5053499941064e-19,-6.505410724209e-19,-12.17569656119,-12.175678371937,1.2375575302842e-09,1.2375725910572e-09,-6.50536806614e-19,6.5052945014313e-19,-1.2375622205961e-09,-1.2375669755904e-09,-12.175709373677,-12.175727562842,-4.4277775903678,2.1568582436295e-05,-5.9776923410184e-06,27.492467517891,-11.83897461179,360.31513914697,100000421.18486,-2.0452981671278e-13,0.0069417644917234,-0.010050335852258,-312.08741154579,-3.2689786106328e-07,-790.6457028059,689.75981951099
84.416500000006,1.2816001264343,0.4271995622448,1.0018856094406e-22,0.0026911132218932,1.730341834341,7.1101854828772,-7.8664411831689e-19,-5.9386135476483,-9.110817735148e-19,5.7605888205868,6.3794341564815e-19,-6.379493840857e-19,-12.100658263798,-12.100640127826,1.2148547922811e-09,1.2148695835272e-09,-6.3794520022688e-19,6.3793797076166e-19,-1.2148593982065e-09,-1.2148640689012e-09,-12.100671075238,-12.100689211123,-4.4004888325775,2.1424769428129e-05,-5.9386135476483e-06,27.469291953973,-11.831318804811,360.31513930353,100000421.33365,-2.0478738877495e-13,0.0069430026461008,-0.010050335852258,-311.97183752442,-3.2366897104371e-07,-790.36213294148,689.51287248022
84.516500000006,1.2654159051203,0.42180482514594,9.832406145443e-23,0.0026944606102563,1.7303425551389,7.1088538132325,-7.7228898792121e-19,-5.8998976025723,-8.9355804673172e-19,5.7251677024562,6.2567322842078e-19,-6.2567909472831e-19,-12.026252826293,-12.026234743486,1.1927081525402e-09,1.1927226807392e-09,-6.2567499074159e-19,6.2566788530715e-19,-1.1927126761149e-09,-1.1927172645243e-09,-12.026265636493,-12.026283719214,-4.3734302268755,2.1282310384791e-05,-5.8998976025723e-06,27.446225819391,-11.823701597566,360.31513945908,100000421.48147,-2.0505295444246e-13,0.006944232672242,-0.010050335852258,-311.85701618729,-3.2048216697254e-07,-790.0804030366,689.26752746342
84.616500000006,1.249476364181,0.41649164814596,9.6505375092876e-23,0.0026977862090881,1.7303432712195,7.1075305624113,-7.5828144201875e-19,-5.8615402751572,-8.7647919843111e-19,5.6900448199429,6.1371454693518e-19,-6.1372031348574e-19,-11.952473861365,-11.952455831606,1.1711010993141e-09,1.1711153707564e-09,-6.1371628735854e-19,6.1370930306506e-19,-1.1711055425142e-09,-1.1711100505941e-09,-11.952486670133,-11.952504699806,-4.3465994503534,2.1141189338005e-05,-5.8615402751571e-06,27.423268300553,-11.81612259033,360.31513961361,100000421.62832,-2.0529542747062e-13,0.0069454546459881,-0.010050335852258,-311.74294057247,-3.1733402964843e-07,-789.80049614209,689.02376970652
84.716500000006,1.2337772632376,0.41125861778551,9.4731144784923e-23,0.0027010902199537,1.7303439826267,7.1062156549407,-7.4461131236562e-19,-5.823537395188,-8.5983160566311e-19,5.6552171680119,6.0205783234698e-19,-6.020635014463e-19,-11.879315056646,-11.879297079818,1.1500176896006e-09,1.1500317103939e-09,-6.0205955122725e-19,6.0205268526709e-19,-1.1500220543448e-09,-1.1500264839943e-09,-11.879327863793,-11.879345840535,-4.3199942073592,2.1001390549598e-05,-5.823537395188e-06,27.400418397886,-11.808581122645,360.31513976713,100000421.77422,-2.055538877099e-13,0.0069466686422933,-0.010050335852258,-311.62960379891,-3.1422724578463e-07,-789.52239550478,688.78158462604
84.816500000006,1.2183144445885,0.40610434816414,9.3000059900971e-23,0.0027043728420784,1.730344689404,7.1049090161929,-7.3126877486107e-19,-5.7858848517114,-8.4360212794957e-19,5.6206817768134,5.9069388364041e-19,-5.9069945752916e-19,-11.806770173681,-11.806752249666,1.1294425270046e-09,1.1294563030798e-09,-5.9069558132587e-19,5.9068883097086e-19,-1.1294468151558e-09,-1.1294511682194e-09,-11.806782979018,-11.806800902948,-4.2936122291212,2.0862898507071e-05,-5.7858848517114e-06,27.377675614247,-11.801077187504,360.31513991967,100000421.91918,-2.0583233196322e-13,0.0069478747352331,-0.010050335852259,-311.51699906519,-3.1115445974938e-07,-789.24608456437,688.54095780631
84.916500000007,1.2030838314132,0.40102748034199,9.1310854466628e-23,0.0027076342723795,1.7303453915941,7.1036105723737,-7.1824433642088e-19,-5.7485785920449,-8.2777808801348e-19,5.5864357111906,5.7961382413498e-19,-5.7961930499086e-19,-11.734833046888,-11.734815175568,1.1093607405543e-09,1.1093742776715e-09,-5.7961550096793e-19,5.7960886356674e-19,-1.1093649539216e-09,-1.109369232191e-09,-11.734845850229,-11.734863721465,-4.2674512733706,2.0725697919807e-05,-5.7485785920449e-06,27.35503953723,-11.793610798528,360.31514007121,100000422.0632,-2.0609700945062e-13,0.0069490729980191,-0.010050335852259,-311.40511964841,-3.081226658599e-07,-788.97154695091,688.30187499736
85.016500000007,1.188081426017,0.39602668175433,8.9662305449196e-23,0.0027108747055002,1.7303460892395,7.1023202505115,-7.0552882240428e-19,-5.7116146207734,-8.1234725336302e-19,5.5524760702047,5.6880908859055e-19,-5.688144785304e-19,-11.663497582566,-11.663479763822,1.0897579644311e-09,1.0897712681854e-09,-5.6881074490739e-19,5.6880421788302e-19,-1.0897621047715e-09,-1.0897663099872e-09,-11.663510383727,-11.663528202387,-4.2415091239801,2.0589773715223e-05,-5.7116146207734e-06,27.332508778274,-11.786181288308,360.31514022178,100000422.2063,-2.0634836426128e-13,0.0069502635030117,-0.010050335852259,-311.29395890311,-3.0512734335249e-07,-788.6987664821,688.06432211249
85.116500000007,1.1733033081205,0.39110064564156,8.8053231117026e-23,0.0027140943338408,1.7303467823821,7.1010379784461,-6.9311336457041e-19,-5.6749889987913,-7.9729781868691e-19,5.5187999866633,5.5827141088045e-19,-5.5827671196225e-19,-11.592757757901,-11.592739991614,1.070620318567e-09,1.070633394394e-09,-5.5827304701177e-19,5.5826662785911e-19,-1.0706243875876e-09,-1.0706285214407e-09,-11.592770556699,-11.592788322902,-4.2157835906028,2.045511103509e-05,-5.6749889987913e-06,27.310082724936,-11.77878830032,360.31514037139,100000422.34848,-2.0658106732468e-13,0.0069514463217315,-0.010050335852259,-311.18351026021,-3.0217176283708e-07,-788.42772716069,687.82828522607
85.216500000007,1.1587456331738,0.3862480904873,8.6482489467097e-23,0.0027172933475906,1.7303474710632,7.0997636848176,-6.8098938953041e-19,-5.6386978422796,-7.8261838902249e-19,5.4854046266588,5.4799281220582e-19,-5.479980264305e-19,-11.522607619995,-11.522589906045,1.0519343900709e-09,1.0519472432517e-09,-5.4799442847641e-19,5.4798811475992e-19,-1.0519383894299e-09,-1.0519424535638e-09,-11.522620416249,-11.522638130116,-4.1902725083195,2.0321695231632e-05,-5.6386978422796e-06,27.28776000105,-11.77143158559,360.31514052004,100000422.48974,-2.068044445143e-13,0.0069526215248711,-0.010050335852259,-311.07376722586,-2.9924658604733e-07,-788.15841317185,687.59375057122
85.316500000007,1.1444046307327,0.38146775947694,8.4948976720488e-23,0.002720471934759,1.7303481553238,7.0984972990553,-6.6914860769426e-19,-5.6027373218054,-7.6829796365937e-19,5.4522871891131,5.3796558982476e-19,-5.379707191381e-19,-11.453041284915,-11.45302362318,1.0336872154424e-09,1.0336998511092e-09,-5.3796718655376e-19,5.3796097590519e-19,-1.0336911467511e-09,-1.0336951427632e-09,-11.453054078444,-11.453071740095,-4.1649737372912,2.0189511864064e-05,-5.6027373218054e-06,27.265540838594,-11.764110805149,360.31514066773,100000422.63011,-2.0706468110789e-13,0.0069537891823072,-0.01005033585226,-310.96472338044,-2.9636339084098e-07,-787.89080888064,687.36070453762
85.416500000007,1.1302766028568,0.37675841996387,8.345162587955e-23,0.0027236302812056,1.7303488352043,7.0972387513677,-6.5758300266582e-19,-5.5671036613613,-7.5432592074337e-19,5.4194449053302,5.28182306272e-19,-5.2818735256642e-19,-11.384052936745,-11.384035327106,1.0158662635392e-09,1.01587868668e-09,-5.2818388377298e-19,5.2817777388918e-19,-1.0158701283637e-09,-1.0158740578063e-09,-11.384065727373,-11.384083336929,-4.1398851624171,2.0058546694921e-05,-5.5671036613613e-06,27.24342404568,-11.756825913487,360.31514081449,100000422.76958,-2.073231413442e-13,0.0069549493631118,-0.01005033585226,-310.85637237754,-2.9351153180401e-07,-787.62489882956,687.12913366937
85.516500000007,1.1163579225629,0.37211886295398,8.1989405346721e-23,0.0027267685706705,1.7303495107447,7.0959879727315,-6.4628482108766e-19,-5.5317931375058,-7.4069200254745e-19,5.3868750385568,5.1863577904554e-19,-5.186407441618e-19,-11.315636826673,-11.315619269007,9.9845941926139e-10,9.9847163472447e-10,-5.1863733762653e-19,5.1863132626742e-19,-9.9846321912366e-10,-9.9846708350621e-10,-11.315649614223,-11.315667171806,-4.1150046929992,1.9928785686754e-05,-5.5317931375057e-06,27.221409150411,-11.749576354668,360.31514096031,100000422.90816,-2.0760780284346e-13,0.0069561021355643,-0.01005033585226,-310.7487079429,-2.9069619345965e-07,-787.36066773609,686.89902466283
85.616500000007,1.1026450322934,0.36754790259486,8.0561317599151e-23,0.0027298869848036,1.7303501819845,7.0947448948817,-6.3524656289133e-19,-5.4968020784078,-7.2738630137779e-19,5.354574883549,5.0931907073803e-19,-5.0932395646683e-19,-11.247787272071,-11.247769766258,9.8145496791975e-10,9.814669804185e-10,-5.0932061070165e-19,5.0931469568817e-19,-9.8145870429929e-10,-9.814625050893e-10,-11.24780005637,-11.247817562101,-4.0903302624107,1.9800214998488e-05,-5.4968020784078e-06,27.199494703039,-11.742362257079,360.31514110521,100000423.04587,-2.0788580300415e-13,0.0069572475671605,-0.01005033585226,-310.64172387343,-2.8791356689131e-07,-787.09810049019,686.67036436452
85.716500000007,1.089134442449,0.36304437568699,7.9166397920505e-23,0.0027329857031935,1.7303508489629,7.0935094503011,-6.2446097196555e-19,-5.462126863056,-7.1439924608551e-19,5.3225417661484,5.0022547959222e-19,-5.0023028767582e-19,-11.180498655613,-11.180481201528,9.6484158025726e-10,9.6485339437444e-10,-5.0022700123572e-19,5.0022118044793e-19,-9.6484525459248e-10,-9.64848993217e-10,-11.180511436486,-11.180528890489,-4.0658598277726,1.9672820982376e-05,-5.462126863056e-06,27.177680482348,-11.735182669397,360.3151412492,100000423.1827,-2.0811539744053e-13,0.0069583857246265,-0.010050335852261,-310.53541403625,-2.8516468858553e-07,-786.83718215207,686.44313976909
85.816500000007,1.075822729925,0.35860714119564,7.7803713182396e-23,0.002736064903396,1.7303515117184,7.092281572211,-6.1392102718479e-19,-5.4277639203241,-7.017215891546e-19,5.2907730428616,4.9134853045993e-19,-4.9135326259366e-19,-11.113765424385,-11.113748021906,9.4860829809302e-10,9.4861991828502e-10,-4.913500340753e-19,4.9134430545043e-19,-9.4861191178254e-10,-9.4861558962947e-10,-11.113778201662,-11.113795604059,-4.0415913696327,1.9546590180436e-05,-5.427763920324e-06,27.155965583898,-11.728038003955,360.31514139228,100000423.31868,-2.0835342957144e-13,0.0069595166739268,-0.010050335852261,-310.42977236768,-2.8244886647639e-07,-786.57789794979,686.21733801728
85.916500000007,1.0627065367115,0.35423507978435,7.6472360678519e-23,0.0027391247609621,1.7303521702893,7.0910611945604,-6.0361993382367e-19,-5.3937097282003,-6.8934439434024e-19,5.2592661004501,4.8268196614622e-19,-4.8268662398002e-19,-11.047582089027,-11.047564738031,9.3274452056098e-10,9.3275595116187e-10,-4.8268345202027e-19,4.8267781355102e-19,-9.3274807496496e-10,-9.3275169338426e-10,-11.047594862538,-11.047612213454,-4.0175228916513,1.9421509321491e-05,-5.3937097282003e-06,27.134349638943,-11.720927480978,360.31514153445,100000423.4538,-2.0861810705452e-13,0.0069606404802767,-0.010050335852261,-310.32479287233,-2.7976774645637e-07,-786.32023327693,685.99294639388
86.016500000007,1.0497825685043,0.34992709335185,7.5171467004577e-23,0.0027421654494657,1.7303528247132,7.0898482520175,-5.9355111530429e-19,-5.3599608129233,-6.7725902483064e-19,5.2280183555236,4.7421973912043e-19,-4.7422432426022e-19,-10.981943222879,-10.981925923241,9.172399909158e-10,9.1725123614119e-10,-4.7422120753489e-19,4.7421565726758e-19,-9.1724348735709e-10,-9.1724704766203e-10,-10.981955992457,-10.981973292014,-3.9936524202917,1.9297565317866e-05,-5.3599608129233e-06,27.112831837865,-11.713851353571,360.31514167574,100000423.58807,-2.0888145226955e-13,0.0069617572081511,-0.010050335852261,-310.22046962213,-2.771155771358e-07,-786.06417369038,685.76995232583
86.116500000007,1.0370475933666,0.34568210458616,7.3900186985296e-23,0.0027451871405301,1.7303534750276,7.0886426799593,-5.8370820528812e-19,-5.3265137482255,-6.6545713190922e-19,5.1970272541434,4.6595600357726e-19,-4.6596051758634e-19,-10.916843461146,-10.916826212743,9.0208478388069e-10,9.0209584783159e-10,-4.6595745480884e-19,4.6595199084183e-19,-9.0208822364611e-10,-9.0209172711439e-10,-10.916856226624,-10.916873474947,-3.9699780045165,1.9174745262485e-05,-5.3265137482255e-06,27.09141129756,-11.706808798454,360.31514181615,100000423.72151,-2.0912436938047e-13,0.0069628669212962,-0.010050335852262,-310.11679675545,-2.7449630071793e-07,-785.80970490817,685.54834338028
86.216500000007,1.0244984404049,0.34149905652291,7.265770264382e-23,0.0027481900038552,1.7303541212694,7.0874444144627,-5.7408504007676e-19,-5.2933651545004,-6.5393064409289e-19,5.1662902714284,4.5788510783146e-19,-4.578895522318e-19,-10.852277500072,-10.852260302778,8.8726929351239e-10,8.8728018017878e-10,-4.5788654215195e-19,4.5788116263393e-19,-8.872726778538e-10,-8.8727612572874e-10,-10.852290261285,-10.8523074585,-3.9464977154866,1.9053036425692e-05,-5.2933651545004e-06,27.070087390119,-11.699799971995,360.31514195568,100000423.85411,-2.0938949095147e-13,0.0069639696827383,-0.010050335852262,-310.01376847618,-2.7190969463906e-07,-785.55681280717,685.32810726264
86.316500000007,1.0121319984884,0.33737691211874,7.1443222213681e-23,0.0027511742072435,1.730354763475,7.0862533922956,-5.64675651324e-19,-5.260511698055,-6.4267175672547e-19,5.1358049111708,4.5000158703098e-19,-4.5000596330453e-19,-10.788240096131,-10.788222949821,8.7278422156046e-10,8.7279493482479e-10,-4.5000300470732e-19,4.4999770783584e-19,-8.727875516959e-10,-8.7279094518745e-10,-10.788252852916,-10.788269999148,-3.9232096462678,1.8932426252387e-05,-5.260511698055e-06,27.048859510109,-11.692824475266,360.31514209434,100000423.98589,-2.0964661891624e-13,0.0069650655547942,-0.010050335852262,-309.91137905281,-2.6935073452657e-07,-785.30548342107,685.10923181481
86.416500000007,0.99994521499782,0.33331465383402,7.0255979190422e-23,0.0027541399166254,1.7303554016805,7.0850695509073,-5.5547425903784e-19,-5.2279500903694,-6.3167292200455e-19,5.1055687054558,4.4230015617388e-19,-4.4230446576377e-19,-10.72472606523,-10.724708969778,8.5862056629844e-10,8.5863110993907e-10,-4.4230155746822e-19,4.4229634148814e-19,-8.5862384341319e-10,-8.5862718369905e-10,-10.724738817426,-10.7247559128,-3.9001119115404,1.8812902359187e-05,-5.2279500903694e-06,27.027726466674,-11.685881839928,360.31514223214,100000424.11686,-2.0991129639716e-13,0.0069661545990814,-0.010050335852262,-309.80962281761,-2.6682706563426e-07,-785.0557029382,684.89170501325
86.516500000007,0.98793509459294,0.32931128322218,6.9095231420797e-23,0.0027570872960853,1.7303560359216,7.0838928284199,-5.4647526485676e-19,-5.1956770873216,-6.2092683942263e-19,5.0755792142883,4.3477570341504e-19,-4.3477994772679e-19,-10.661730281924,-10.661713237205,8.447696118062e-10,8.447799895006e-10,-4.3477708858485e-19,4.3477195178691e-19,-8.4477283705382e-10,-8.4477612528037e-10,-10.661743029371,-10.661760074013,-3.8772026473137,1.869445253147e-05,-5.1956770873216e-06,27.006688523873,-11.67897233324,360.31514236909,100000424.24701,-2.1016886845026e-13,0.0069672368765266,-0.010050335852263,-309.70849416575,-2.6432775814602e-07,-784.80745769948,684.67551496726
86.616500000007,0.97609869802083,0.32536582053246,6.7960260228884e-23,0.002760016507886,1.7303566662337,7.0827231636195,-5.376732455964e-19,-5.1636894884885,-6.1042644660311e-19,5.0458340252248,4.2742328364959e-19,-4.2742746405226e-19,-10.599247678643,-10.599230684529,8.3122291768313e-10,8.3123313301103e-10,-4.2742465294775e-19,4.2741959366712e-19,-8.3122609218642e-10,-8.3122932946974e-10,-10.599260421182,-10.599277415219,-3.8544800106449,1.857706472069e-05,-5.1636894884885e-06,26.985744666017,-11.67209541963,360.3151425052,100000424.37636,-2.1039757470429e-13,0.0069683124473752,-0.010050335852263,-309.60798755442,-2.6186400600714e-07,-784.56073419633,684.46064991709
86.716500000007,0.96443314094617,0.32147730431992,6.6850369577003e-23,0.002762927712493,1.7303572926515,7.0815604959478,-5.2906294705074e-19,-5.1319841364291,-6.0016491051376e-19,5.0163307530121,4.202381123605e-19,-4.2024223018779e-19,-10.537273244932,-10.537256301297,8.1797230917344e-10,8.1798236561992e-10,-4.2023946603536e-19,4.2023448265033e-19,-8.1797543402543e-10,-8.1797862145223e-10,-10.537285982407,-10.537302925966,-3.8319421793631,1.8460727041641e-05,-5.131984136429e-06,26.964894115941,-11.66525088357,360.31514264047,100000424.50492,-2.1065070586441e-13,0.006969381371202,-0.010050335852263,-309.50809750206,-2.5942555079902e-07,-784.31551906876,684.24709823234
86.816500000008,0.9529355928105,0.31764479106527,6.5764885259635e-23,0.0027658210685991,1.7303579152096,7.0804047654932,-5.2063927803487e-19,-5.1005579159948,-5.9013561904036e-19,4.987067039231,4.1321555971843e-19,-4.1321961626971e-19,-10.475802026704,-10.47578513342,8.0500986768541e-10,8.0501976864378e-10,-4.1321689801387e-19,4.1321198894451e-19,-8.0501294395028e-10,-8.0501608257878e-10,-10.47581475896,-10.475831652168,-3.8095873517972,1.8345427769812e-05,-5.1005579159948e-06,26.944136075865,-11.6584384687,360.31514277491,100000424.63269,-2.1091449516511e-13,0.0069704437069186,-0.010050335852263,-309.40881858749,-2.5701573695397e-07,-784.07179910332,684.03484841013
86.916500000008,0.94160327571117,0.31386735480108,6.4703154129148e-23,0.0027686967331479,1.7303585339422,7.0792559129831,-5.1239730466048e-19,-5.0694077536147,-5.8033217290427e-19,4.9580405519467,4.0635114492234e-19,-4.0635514146375e-19,-10.414829125506,-10.414812282445,7.923279216872e-10,7.9233767046184e-10,-4.063524680779e-19,4.0634763178482e-19,-7.9233095040115e-10,-7.9233404126202e-10,-10.414841852388,-10.414858695373,-3.7874137465086,1.8231155338664e-05,-5.0694077536147e-06,26.923470562464,-11.651657875036,360.31514290853,100000424.75967,-2.1117784037616e-13,0.0069714995127823,-0.010050335852264,-309.31014544913,-2.5463370548103e-07,-783.82956123115,683.82388907343
87.016500000008,0.93043346331777,0.3101440867508,6.366454335238e-23,0.002771554861357,1.7303591488829,7.0781138797747,-5.0433224483773e-19,-5.0385306166643,-5.7074837790845e-19,4.9292489853608,3.9964053077016e-19,-3.9964446853556e-19,-10.354349697784,-10.354332904819,7.7991903796254e-10,7.7992863777159e-10,-3.9964183902107e-19,3.9963707400421e-19,-7.7992202013466e-10,-7.7992506423175e-10,-10.354362419141,-10.354379212031,-3.7654196020255,1.8117898337203e-05,-5.0385306166643e-06,26.902896050752,-11.644909021213,360.31514304133,100000424.88589,-2.1142297792917e-13,0.0069725488464063,-0.010050335852264,-309.2120727842,-2.5228110936746e-07,-783.5887925261,683.61420896941
87.116500000008,0.91942347980522,0.30647409497282,6.2648439696163e-23,0.002774395606741,1.7303597600651,7.0769786078484,-4.9643946298899e-19,-5.0079235127884,-5.6137823749795e-19,4.9006900594757,3.930795184496e-19,-3.9308339864157e-19,-10.294358954185,-10.294342211188,7.6777601321169e-10,7.6778546718972e-10,-3.9308081202688e-19,3.930761168243e-19,-7.6777894982478e-10,-7.6778194813604e-10,-10.294371669866,-10.294388412789,-3.7436031765865,1.8005645507397e-05,-5.0079235127884e-06,26.882412592299,-11.638191418307,360.31514317332,100000425.01133,-2.1165923369755e-13,0.0069735917647675,-0.010050335852264,-309.11459534795,-2.4995250179151e-07,-783.34948020289,683.40579696786
87.216500000008,0.90857069881148,0.30285650401335,6.1654248840497e-23,0.0027772191211343,1.7303603675218,7.0758500397981,-4.8871446496528e-19,-4.9775834892549,-5.5221594561984e-19,4.8723615197573,3.8666404253864e-19,-3.866678663294e-19,-10.234852158842,-10.234835465683,7.5589186598128e-10,7.5590117718179e-10,-3.8666532166918e-19,3.8666069485597e-19,-7.5589475799266e-10,-7.5589771147084e-10,-10.234864868698,-10.234881561783,-3.7219627478829,1.7894385741705e-05,-4.9775834892549e-06,26.862019287299,-11.631505059035,360.31514330452,100000425.13601,-2.1191947028281e-13,0.0069746283242147,-0.010050335852264,-309.01770795289,-2.4765606323445e-07,-783.11161161513,683.19864205943
87.316500000008,0.89787254242542,0.29929045456889,6.0681394718983e-23,0.0027800255547129,1.7303609712858,7.0747281188249,-4.8115289316273e-19,-4.9475076323434,-5.4325587987022e-19,4.8442611368074,3.8039016620706e-19,-3.8039393473935e-19,-10.175824628689,-10.175807985239,7.4425982891007e-10,7.4426900030797e-10,-3.8039143111367e-19,3.8038687130084e-19,-7.4426267725236e-10,-7.4426558682582e-10,-10.175837332573,-10.175853975949,-3.7004966128082,1.7784108080732e-05,-4.9475076323434e-06,26.841715152697,-11.62484974241,360.31514343492,100000425.25994,-2.1216549601293e-13,0.0069756585804776,-0.010050335852265,-308.92140546801,-2.4538188821529e-07,-782.87517425365,682.99273335422
87.416500000008,0.88732648018557,0.29577510315236,5.9729318884069e-23,0.0027828150560168,1.7303615713891,7.0736127887283,-4.7375052182094e-19,-4.9176930666805,-5.3449259491525e-19,4.816386706039,3.7425407660983e-19,-3.7425779099777e-19,-10.117271732778,-10.117255138909,7.3287334127634e-10,7.328823757703e-10,-3.7425532751132e-19,3.7425083334471e-19,-7.3287614685818e-10,-7.3287901343161e-10,-10.117284430544,-10.11730102434,-3.6792030872105,1.7674801710699e-05,-4.9176930666805e-06,26.821500305185,-11.618225166841,360.31514356453,100000425.38313,-2.1240752493972e-13,0.0069766825886739,-0.010050335852265,-308.82568281808,-2.4313620456926e-07,-782.64015574454,682.78806008004
87.516500000008,0.87693002811773,0.29230962177261,5.8797479897674e-23,0.0027855877719711,1.7303621678639,7.0725039938992,-4.6650325250775e-19,-4.8881369546852,-5.2592081617404e-19,4.7887360473561,3.6825208046379e-19,-3.6825574179375e-19,-10.059188891609,-10.059172347189,7.2172604183417e-10,7.2173494224892e-10,-3.6825331757505e-19,3.6824888773434e-19,-7.2172880554095e-10,-7.2173162999608e-10,-10.059201583112,-10.059218127457,-3.6580805056476,1.7566455961311e-05,-4.8881369546852e-06,26.801373973218,-11.611631103876,360.31514369336,100000425.50557,-2.12666429256e-13,0.0069777004033195,-0.010050335852265,-308.73053498288,-2.4091937991695e-07,-782.40654384755,682.58461158106
87.616500000008,0.86668074777853,0.2888931976153,5.7885352744308e-23,0.0027883438479072,1.7303627607416,7.0714016793123,-4.5940710976906e-19,-4.8588364959239,-5.1753543375257e-19,4.7613070048411,3.6238059980019e-19,-3.6238420913161e-19,-10.001571576466,-10.001555081367,7.1081176192665e-10,7.1082053101519e-10,-3.6238182333229e-19,3.6237745652998e-19,-7.1081448462125e-10,-7.1081726781749e-10,-10.001584261564,-10.001600756589,-3.6371272211481,1.7459060303299e-05,-4.8588364959239e-06,26.781335211533,-11.605067359633,360.31514382142,100000425.62727,-2.1292799810715e-13,0.006978712078334,-0.010050335852265,-308.63595699651,-2.3872036387819e-07,-782.17432645423,682.38237731611
87.716500000008,0.85657624533712,0.28552503273701,5.699242826784e-23,0.0027910834275839,1.7303633500536,7.0703057905187,-4.524582369526e-19,-4.8297889265804,-5.0933149661695e-19,4.7340974464442,3.5663616788481e-19,-3.5663972625094e-19,-9.9444153087757,-9.944398862866,7.0012451886378e-10,7.0013315930953e-10,-3.5663737804503e-19,3.5663307302548e-19,-7.001272013872e-10,-7.0012994416236e-10,-9.9444279873258,-9.9444444331622,-3.6163416049744,1.7352604346387e-05,-4.8297889265804e-06,26.761383673815,-11.59853375877,360.31514394871,100000425.74825,-2.1319978100965e-13,0.0069797176670503,-0.010050335852266,-308.54194394666,-2.365528267418e-07,-781.94349158629,682.18134685736
87.816500000008,0.84661417065951,0.28220434375985,5.6118212628353e-23,0.0027938066532077,1.7303639358306,7.0692162736385,-4.4565289217879e-19,-4.8009915188269,-5.0130420699629e-19,4.7071052636801,3.5101542529877e-19,-3.5101893370747e-19,-9.8877156594599,-9.8876992626096,6.8965850955436e-10,6.8966702397314e-10,-3.5101662229068e-19,3.5101237782922e-19,-6.8966115272634e-10,-6.8966385589723e-10,-9.8877283313228,-9.8877447281004,-3.5957220463907,1.7247077836893e-05,-4.8009915188269e-06,26.741518952277,-11.592029997203,360.31514407525,100000425.86851,-2.1344580673753e-13,0.0069807172222219,-0.010050335852266,-308.44849097393,-2.3440792073523e-07,-781.71402739389,681.98150988875
87.916500000008,0.83679221642593,0.27893036157741,5.5262226780664e-23,0.0027965136654532,1.7303645181032,7.0681330753539,-4.3898744447133e-19,-4.7724415802833,-4.9344891500466e-19,4.6803283713262,3.4551511617285e-19,-3.4551857560733e-19,-9.831468248308,-9.8314519003862,6.7940810438042e-10,6.7941649532253e-10,-3.4551630019641e-19,3.4551211509839e-19,-6.7941070900012e-10,-6.7941337336319e-10,-9.8314809133454,-9.8314972611947,-3.5752669524325,1.7142470655663e-05,-4.7724415802833e-06,26.721740406619,-11.585555718465,360.31514420103,100000425.98804,-2.1371359283625e-13,0.0069817107960297,-0.010050335852266,-308.35559327113,-2.3228795037523e-07,-781.48592215396,681.78285620456
88.016500000008,0.82710811726737,0.27570233106689,5.4424005972387e-23,0.0027992046034825,1.7303650969018,7.067056142902,-4.3245837003134e-19,-4.7441364534801,-4.8576111347322e-19,4.6537647071278,3.4013208456894e-19,-3.4013549598843e-19,-9.7756687433548,-9.7756524442306,6.6936784130491e-10,6.6937611125701e-10,-3.4013325582053e-19,3.4012912892049e-19,-6.693704081515e-10,-6.6937303448342e-10,-9.7756814014299,-9.7756977004819,-3.5549747476817,1.7038772816011e-05,-4.7441364534801e-06,26.702047437392,-11.579111167892,360.31514432606,100000426.10687,-2.1395828629561e-13,0.0069826984400906,-0.010050335852266,-308.26324608261,-2.3019389177494e-07,-781.2591642686,681.58537570802
88.116500000008,0.81755964891361,0.27251951080503,5.360309926058e-23,0.0028018796049655,1.7303656722562,7.0659854240682,-4.2606224864801e-19,-4.7160735152829,-4.782364329834e-19,4.6274122315076,3.3486327100217e-19,-3.3486663534262e-19,-9.7203128602716,-9.7202966098137,6.5953242020243e-10,6.5954057158941e-10,-3.3486442967467e-19,3.348603598355e-19,-6.5953495003565e-10,-6.5953753909391e-10,-9.7203255112488,-9.720341761635,-3.534843874044,1.6935974461528e-05,-4.7160735152829e-06,26.68243896596,-11.572695521941,360.31514445035,100000426.225,-2.1419587432716e-13,0.0069836802054643,-0.010050335852267,-308.17144470361,-2.2811944751384e-07,-781.03374226348,681.38905840991
88.216500000008,0.80814462736912,0.26938117279348,5.279906904694e-23,0.0028045388060985,1.7303662441959,7.0649208671788,-4.197957602461e-19,-4.6882501763853,-4.7087063709217e-19,4.6012689272778,3.2970570909772e-19,-3.2970902727246e-19,-9.6653963617614,-9.6653801598381,6.4989669740359e-10,6.499047325904e-10,-3.2970685538057e-19,3.297028414927e-19,-6.4989919096438e-10,-6.499017434878e-10,-9.6654090055065,-9.6654252073586,-3.5148727905299,1.6834065864142e-05,-4.6882501763853e-06,26.662914762515,-11.566308965669,360.31514457391,100000426.34243,-2.1442768919854e-13,0.0069846561426603,-0.010050335852267,-308.08018447957,-2.2607138204611e-07,-780.80964478622,681.19389442715
88.316500000008,0.79886090810288,0.2662866021887,5.2011490630313e-23,0.0028071823416238,1.7303668127503,7.0638624210945,-4.1365568156059e-19,-4.6606638807808,-4.6365961774172e-19,4.5753327993582,3.2465652237661e-19,-3.24659795277e-19,-9.6109150569657,-9.6108989034452,6.4045568044447e-10,6.4046360173781e-10,-3.2465765645586e-19,3.2465369743649e-19,-6.4045813845544e-10,-6.4046065516475e-10,-9.6109276933461,-9.610943846796,-3.4950599730384,1.6733037422095e-05,-4.6606638807808e-06,26.64347460211,-11.559951200526,360.31514469674,100000426.45916,-2.1469458711705e-13,0.0069856263016454,-0.010050335852267,-307.98946080551,-2.2404556885798e-07,-780.58686060482,680.99987398144
88.416500000008,0.78970638525697,0.2632350970382,5.1239951775759e-23,0.0028098103448477,1.7303673779483,7.0628100352043,-4.0763888293337e-19,-4.6333121052505,-4.5659939084552e-19,4.5496018744983,3.1971292116505e-19,-3.197161496611e-19,-9.5568648008815,-9.5568486956316,6.3120452301257e-10,6.3121233266257e-10,-3.1971404322346e-19,3.1971013801577e-19,-6.3120694617856e-10,-6.3120942777693e-10,-9.556877429766,-9.5568935349458,-3.4754039141452,1.663287965799e-05,-4.6333121052505e-06,26.624117781557,-11.553622039419,360.31514481884,100000426.57521,-2.1495393551854e-13,0.0069865907318513,-0.010050335852267,-307.89926912541,-2.2204294140378e-07,-780.36537860623,680.80698739801
88.516500000008,0.78067899087106,0.26022596802205,5.0484052299666e-23,0.0028124229476592,1.7303679398186,7.0617636594181,-4.0174232522818e-19,-4.6061923588519,-4.4968609204328e-19,4.5240742010024,3.1487219962205e-19,-3.1487538456303e-19,-9.503241493784,-9.5032254366725,6.2213852008102e-10,6.2214622028293e-10,-3.1487330983914e-19,3.1486945741156e-19,-6.2214090908965e-10,-6.2214335626315e-10,-9.503254115043,-9.5032701720848,-3.4559031228928,1.653358321684e-05,-4.6061923588519e-06,26.604843647232,-11.547321171291,360.31514494023,100000426.69059,-2.1524037336136e-13,0.00698754948218,-0.010050335852268,-307.80960493153,-2.2006446339488e-07,-780.14518779472,680.61522510419
88.616500000008,0.77177669412613,0.25725853820072,4.9743403670221e-23,0.0028150202805484,1.7303684983894,7.0607232441611,-3.9596305685852e-19,-4.5793021824251,-4.4291597261783e-19,4.4987478484604,3.101317328804e-19,-3.101348750954e-19,-9.4500410806606,-9.4500250715549,6.1325310322372e-10,6.132606961194e-10,-3.1013283143249e-19,3.1012903077801e-19,-6.1325545874583e-10,-6.1325787216393e-10,-9.4500536941656,-9.4500697032021,-3.4365561245843,1.6435138864179e-05,-4.5793021824251e-06,26.585651546335,-11.54104860975,360.31514506092,100000426.80528,-2.1555523291316e-13,0.0069885026010122,-0.010050335852268,-307.72046376387,-2.1810500008657e-07,-779.92627729045,680.42457762822
88.716500000008,0.76299750060658,0.25433214276915,4.9017628622855e-23,0.0028176024726239,1.7303690536888,7.0596887403666,-3.9029821092633e-19,-4.5526391481223,-4.3628539556697e-19,4.4736209074812,3.0548897429615e-19,-3.0549207459468e-19,-9.3972595506512,-9.3972435894188,6.0454383610349e-10,6.0455132378298e-10,-3.0549006135645e-19,3.0548631149192e-19,-6.0454615879365e-10,-6.045485391097e-10,-9.3972721562755,-9.3972881174393,-3.4173614605804,1.6337537484264e-05,-4.5526391481223e-06,26.566541249839,-11.534804098197,360.31514518089,100000426.91931,-2.1582923625722e-13,0.0069894501362121,-0.010050335852268,-307.63184120949,-2.1616905237915e-07,-779.70863632794,680.23503559783
88.816500000009,0.75433945157636,0.2514461288155,4.8306360789577e-23,0.0028201696516304,1.7303696057446,7.0586600994709,-3.8474500246276e-19,-4.5262008589317,-4.2979083182401e-19,4.4486914894307,3.0094145280226e-19,-3.0094451197475e-19,-9.3448929364982,-9.344877023006,5.9600641012663e-10,5.9601379462962e-10,-3.0094252854091e-19,3.009388285064e-19,-5.9600870062359e-10,-5.9601104847529e-10,-9.3449055341162,-9.3449214475402,-3.3983176880986,1.6240770078256e-05,-4.5262008589317e-06,26.54751183863,-11.528587327451,360.31514530017,100000427.03267,-2.1606460383956e-13,0.006990392135137,-0.010050335852268,-307.54373290199,-2.1425546092386e-07,-779.4922542548,680.04658973921
88.916500000009,0.74580062326515,0.24859985508313,4.7609244341555e-23,0.0028227219439662,1.7303701545842,7.0576372734058,-3.7930072576662e-19,-4.4999849481723,-4.2342885662081e-19,4.4239577261744,2.9648677036194e-19,-2.9648978918029e-19,-9.2929373140048,-9.2929214481197,5.8763664025707e-10,5.8764392357432e-10,-2.9648783494607e-19,2.9648418380417e-19,-5.8763889918421e-10,-5.8764121519404e-10,-9.2929499034924,-9.2929657693098,-3.3794233800172,1.6144827762297e-05,-4.4999849481723e-06,26.528563226554,-11.522398267151,360.31514541876,100000427.14538,-2.1632706086321e-13,0.0069913286446404,-0.010050335852269,-307.45613452083,-2.1236155946122e-07,-779.27712053008,679.85923087553
89.016500000009,0.73737912618463,0.24579269174274,4.6925933645654e-23,0.0028252594747002,1.7303707002347,7.0566202145937,-3.7396275184626e-19,-4.4739890790891,-4.1719614598702e-19,4.3994177698212,2.9212259951743e-19,-2.9212557873554e-19,-9.2413888014974,-9.2413729830863,5.7943046098325e-10,5.7943764505797e-10,-2.9212365311124e-19,2.9212004994647e-19,-5.7943268894902e-10,-5.7943497372467e-10,-9.2414013827321,-9.241417201076,-3.3606771246789,1.6049701765956e-05,-4.4739890790891e-06,26.50969500497,-11.51623659795,360.31514553666,100000427.25744,-2.1660994599011e-13,0.0069922597110805,-0.010050335852269,-307.36904179082,-2.1049236404746e-07,-779.063224723,679.67294992588
89.116500000009,0.72907310444432,0.24302402016436,4.6256092932408e-23,0.0028277823675886,1.7303712427231,7.0556088759409,-3.6872852594532e-19,-4.4482109443604,-4.1108947338064e-19,4.3750697924734,2.8784668103068e-19,-2.8784962138491e-19,-9.1902435593013,-9.1902277882307,5.7138392243226e-10,5.7139100916145e-10,-2.8784772379547e-19,2.8784416771369e-19,-5.7138612003062e-10,-5.7138837416536e-10,-9.1902561321616,-9.1902719031657,-3.3420775257005,1.5955383430353e-05,-4.4482109443604e-06,26.490906268533,-11.510102288615,360.31514565389,100000427.36884,-2.168950515626e-13,0.0069931853803261,-0.010050335852269,-307.28245048156,-2.0863745368006e-07,-778.85055651157,679.48773790404
89.216500000009,0.72088073509461,0.24029323269821,4.5599395976844e-23,0.0028302907450912,1.7303717820758,7.054603210832,-3.6359556516384e-19,-4.4226482656858,-4.0510570644385e-19,4.3509119859806,2.8365682161181e-19,-2.8365972382148e-19,-9.1394977892218,-9.1394820653582,5.6349318662491e-10,5.6350017786061e-10,-2.8365785370602e-19,2.8365434383384e-19,-5.6349535443569e-10,-5.6349757850882e-10,-9.139510353588,-9.1395260773858,-3.3236232017842,1.5861864206583e-05,-4.4226482656858e-06,26.472196594249,-11.503995157797,360.31514577043,100000427.47961,-2.171748280641e-13,0.0069941056977622,-0.010050335852269,-307.1963564068,-2.0680812895708e-07,-778.63910568121,679.30358591721
89.316500000009,0.71280022747398,0.23759973245727,4.4955525790231e-23,0.0028327847283883,1.7303723183193,7.0536031731244,-3.5856145615972e-19,-4.3972987933255,-3.992418038793e-19,4.326942561695,2.7955089173181e-19,-2.7955375649969e-19,-9.0891477340323,-9.0891320572418,5.5575452386607e-10,5.5576142141665e-10,-2.7955191331112e-19,2.7954844879532e-19,-5.5575666245539e-10,-5.5575885703263e-10,-9.0891602897857,-9.0891759665109,-3.3053127865312,1.5769135653961e-05,-4.3972987933255e-06,26.453565748762,-11.497914771742,360.31514588631,100000427.58974,-2.1745504865438e-13,0.0069950207082974,-0.01005033585227,-307.11075542397,-2.0499863824113e-07,-778.42886212341,679.12048516502
89.416500000009,0.70482982257697,0.23494293310657,4.4324174323161e-23,0.002835264437396,1.7303728514795,7.0526087171419,-3.5362385293412e-19,-4.372160305685,-3.9349481244177e-19,4.3031597502313,2.7552682351617e-19,-2.7552965152887e-19,-9.0391896769684,-9.039174047117,5.4816430926502e-10,5.4817111489639e-10,-2.7552783473353e-19,2.7552441474051e-19,-5.4816641918567e-10,-5.4816858481952e-10,-9.0392022239919,-9.0392178537784,-3.2871449282582,1.5677189438431e-05,-4.372160305685e-06,26.435012614221,-11.491861000319,360.31514600153,100000427.69925,-2.1775525325863e-13,0.006995930456368,-0.01005033585227,-307.02564343359,-2.0320604585977e-07,-778.21981583438,678.93842693817
89.516500000009,0.69696779243596,0.23232225865701,4.3705042179502e-23,0.0028377299907825,1.7303733815821,7.0516197976694,-3.4878047469734e-19,-4.3472306089066,-3.8786186404074e-19,4.279561801231,2.7158260871606e-19,-2.715854006445e-19,-8.9896199412331,-8.9896043581869,5.4071901938083e-10,5.4072573481761e-10,-2.7158360972173e-19,2.7158023343697e-19,-5.4072110117263e-10,-5.4072323840273e-10,-8.9896324794109,-8.9896480623927,-3.269118289817,1.5586017331011e-05,-4.3472306089066e-06,26.416537308341,-11.485833796727,360.31514611608,100000427.80812,-2.1801682210116e-13,0.0069968349859459,-0.01005033585227,-306.94101637873,-2.0143676863386e-07,-778.01195691381,678.75740261745
89.616500000009,0.68921243950945,0.22973714326155,4.3097838339848e-23,0.0028401815059833,1.7303739086528,7.0506363699476,-3.4402910380447e-19,-4.3225075364285,-3.8234017294915e-19,4.2561469831276,2.6771629675382e-19,-2.6771905325368e-19,-8.9404348895046,-8.9404193531295,5.3341522898736e-10,5.3342185591401e-10,-2.6771728769545e-19,2.6771395432303e-19,-5.3341728317754e-10,-5.3341939253101e-10,-8.9404474187223,-8.9404629550335,-3.2512315484154,1.5495611206113e-05,-4.3225075364285e-06,26.398139609585,-11.479833088221,360.31514622999,100000427.91638,-2.1828238774612e-13,0.0069977343405432,-0.01005033585227,-306.85687024452,-1.9968553867604e-07,-777.80527556357,678.57740367264
89.716500000009,0.68156209609504,0.22718703101958,4.2502279895749e-23,0.0028426190992168,1.7303744327166,7.0496583896674,-3.3936758377145e-19,-4.2979889486228,-3.7692703311434e-19,4.2329135829195,2.6392599284017e-19,-2.6392871455226e-19,-8.8916309234576,-8.8916154336191,5.2624960795387e-10,5.2625614801576e-10,-2.6392697386284e-19,2.6392368262489e-19,-5.2625163505737e-10,-5.262537170492e-10,-8.891643443602,-8.8916589333768,-3.2334833954435,1.5405963040151e-05,-4.2979889486228e-06,26.3798180784,-11.473858547154,360.31514634325,100000428.02402,-2.1857726327847e-13,0.0069986285632186,-0.010050335852271,-306.77320105758,-1.97952539331e-07,-777.59976208645,678.39842166127
89.816500000009,0.67401512374241,0.22467137578114,4.1918091792454e-23,0.0028450428854994,1.7303749537986,7.0486858129641,-3.3479381735356e-19,-4.2736727323585,-3.7161981556669e-19,4.2098599059413,2.6020985615968e-19,-2.6021254371034e-19,-8.8432044832845,-8.8431890398482,5.1921891823589e-10,5.1922537304044e-10,-2.6021082740593e-19,2.6020757754219e-19,-5.1922091875577e-10,-5.1922297388908e-10,-8.8432169942439,-8.8432324376167,-3.2158725362995,1.5317064909884e-05,-4.2736727323585e-06,26.361572583274,-11.467910204671,360.31514645586,100000428.13105,-2.1882728580016e-13,0.0069995176965823,-0.010050335852271,-306.69000488554,-1.9624164457709e-07,-777.39540688488,678.22044822768
89.916500000009,0.66656991268603,0.22218964095781,4.1345006581203e-23,0.0028474529786602,1.7303754719235,7.0477185964125,-3.3030576469474e-19,-4.2495568006187,-3.6641596592227e-19,4.1869842756409,2.5656609812215e-19,-2.5656875212362e-19,-8.795152047226,-8.7951366500573,5.1232001097266e-10,5.123263820903e-10,-2.5656705973201e-19,2.5656385049938e-19,-5.1232198540034e-10,-5.1232401416676e-10,-8.7951645488896,-8.7951799459952,-3.1983976902188,1.5228908990952e-05,-4.2495568006187e-06,26.343402885056,-11.461987545524,360.31514656784,100000428.23748,-2.1908752237321e-13,0.0070004017828025,-0.010050335852271,-306.60727783653,-1.9454531955012e-07,-777.19220045975,678.04347510187
90.016500000009,0.63126375761475,0.2104208840676,3.8961978282721e-23,0.0028498394820439,1.7303797114306,7.0390313462861,-3.1202945254028e-19,-4.0487015536578,-3.6111768010196e-19,4.161924888112,2.5285597423841e-19,-2.5285883509362e-19,-8.7425123963638,-8.7424970551981,5.0529478120547e-10,5.053007552739e-10,-2.5285692587064e-19,2.5285399940881e-19,-5.0529672903574e-10,-5.0529841918803e-10,-8.7425249394383,-8.7425402805373,-3.1794050203266,1.4475967546906e-05,-4.0487015536568e-06,68.72717106566,-16.338202423728,360.31514667919,100000428.34287,-2.193273308121e-13,0.0069915276339144,-0.010033669324485,-305.85848146034,0.000172057042518,-775.33674706461,676.42689773529
90.116500000009,0.32774101935378,0.10924683485503,1.9698209359628e-23,0.0028514915123795,1.730403143185,6.9913363904692,-1.5987745721481e-19,-2.2005817672928,-3.42235075167e-19,3.9755069280572,2.3963421577913e-19,-2.3963701975965e-19,-8.350923984372,-8.3509093347939,4.7995986234215e-10,4.7996542578862e-10,-2.3963512321651e-19,2.3963243070426e-19,-4.7996171282975e-10,-4.7996320640914e-10,-8.3509360687912,-8.3509507183049,-3.0385615974412,7.773925434542e-06,-2.2005817672925e-06,26.368661975292,-11.475003897119,360.31514676076,100000428.41582,-2.1957024759348e-13,0.0069338755355572,-0.0099326660079689,-301.79711154076,-1.2151719367967e-05,-765.35482073686,667.73318847396
90.216500000009,0.17184821267012,0.057282641102589,9.9159284016988e-24,0.0028524156231933,1.7304263980062,6.9436118974573,-8.1572584951801e-20,-1.2552961845506,-3.1175244931727e-19,3.6542477361453,2.1829018492532e-19,-2.1829273278755e-19,-7.6760889542223,-7.6760754755678,4.3844635116307e-10,4.3845145037917e-10,-2.1829101698239e-19,2.1828854670093e-19,-4.3844804176118e-10,-4.3844942274372e-10,-7.6761001821918,-7.6761136607876,-2.7937401018987,4.3852502003753e-06,-1.2552961845505e-06,26.359087140255,-11.474066964238,360.31514680615,100000428.45663,-2.1984114191128e-13,0.0068759054787024,-0.0098316728920928,-297.75887272106,-7.2655138961798e-06,-755.42144123411,659.08152434829
90.316500000009,0.089373688928837,0.029791175658161,4.9558495581638e-24,0.0028529472288041,1.7304495481836,6.8957197015249,-4.1327754202033e-20,-0.7252962871263,-2.780427361789e-19,3.2892232381803,1.9468652856353e-19,-1.9468879929047e-19,-6.909320812467,-6.9093086489311,3.9201638806922e-10,3.9202095580647e-10,-1.9468727475155e-19,1.9468506157692e-19,-3.9201789972534e-10,-3.9201914277767e-10,-6.9093310422871,-6.9093432057702,-2.5150542567717,2.5061125236485e-06,-7.2529628712627e-07,26.354187291517,-11.474726400981,360.31514683223,100000428.4801,-2.201147007182e-13,0.0068177407406258,-0.0097306899747964,-293.73240280993,-4.8306130261238e-06,-745.50863556095,650.4473862638
90.416500000009,0.045703801181924,0.015234570746033,2.456075000392e-24,0.0028532540685736,1.7304726299892,6.8475870081769,-2.0765899672773e-20,-0.41739317973593,-2.4507043230681e-19,2.9228466850631,1.7159920512981e-19,-1.7160120653281e-19,-6.1397125690201,-6.1397017262965,3.4620680023393e-10,3.4621083850971e-10,-1.7159986559713e-19,1.7159790921306e-19,-3.4620813528848e-10,-3.4620923728646e-10,-6.1397217647029,-6.1397326073795,-2.2351254573338,1.4263388104747e-06,-4.1739317973592e-07,26.352024875316,-11.47631568874,360.31514684729,100000428.49365,-2.2037316046296e-13,0.0067594431716226,-0.0096297172540196,-289.71195678529,-3.4817040098515e-06,-735.60233345458,641.81852254154
90.516500000009,0.022886712833656,0.0076288884057673,1.2059986926977e-24,0.0028534296156192,1.7304956635962,6.7991698285831,-1.0340005217586e-20,-0.23717785012528,-2.1456421431457e-19,2.575777207862,1.5023864211511e-19,-1.5024039475378e-19,-5.4106606618841,-5.4106510782752,3.0354746187646e-10,3.0355100474182e-10,-1.5023922211732e-19,1.5023750609128e-19,-3.0354863244984e-10,-3.0354960079017e-10,-5.4106688461949,-5.4106784297624,-1.9698431014639,8.0136158497943e-07,-2.3717785012527e-07,26.35156574012,-11.478481023605,360.31514685592,100000428.5014,-2.2063250836728e-13,0.0067010471662321,-0.0095287547277038,-285.69433114622,-2.6952220322816e-06,-725.69467843805,633.1880910628
90.616500000009,0.011204380315498,0.0037347851757059,5.8636562854405e-25,0.0028535285374442,1.7305186607751,6.7504391359597,-5.099078016183e-21,-0.13248245396582,-1.8713541475616e-19,2.257503458561,1.3103289774052e-19,-1.3103442671168e-19,-4.7420968887619,-4.7420884688954,2.6501002397482e-10,2.6501311815137e-10,-1.3103340465404e-19,1.3103190624468e-19,-2.6501104594778e-10,-2.650118924258e-10,-4.7421041187878,-4.7421125386179,-1.7265133843059,4.4242362014232e-07,-1.3248245396582e-07,26.352183102545,-11.481009230232,360.31514686078,100000428.50577,-2.2088430674279e-13,0.0066425727880084,-0.0094278023937907,-281.67765086665,-2.2267224635003e-06,-715.78106407437,624.55207933433
90.71650000001,0.0053609146756608,0.0017869673768809,2.8215755454173e-25,0.0028535832673654,1.7305416284893,6.701374400965,-2.489159053724e-21,-0.072587538556428,-1.6285476242779e-19,1.9714043761496,1.1403149704431e-19,-1.1403282791963e-19,-4.1411190225181,-4.1411116563943,2.3078180512166e-10,2.3078450021298e-10,-1.1403193880083e-19,1.1403063385629e-19,-2.3078269510448e-10,-2.3078343279224e-10,-4.1411253742158,-4.1411327403079,-1.5077495620714,2.394962981464e-07,-7.2587538556428e-08,26.353475115152,-11.483763818061,360.31514686348,100000428.50819,-2.2110501886594e-13,0.006584031900226,-0.0093268602502225,-277.66080246839,-1.9452494608657e-06,-705.85874855312,615.90809839667
90.81650000001,0.0025079264123641,0.00083597341175945,1.3431649206762e-25,0.0028536129547316,1.7305645708343,6.6519600883191,-1.2023207256829e-21,-0.038977909384249,-1.415473000123e-19,1.7174934331456,9.9111934515905e-20,-9.9113091452492e-20,-3.6077553592538,-3.6077489338209,2.0067606709329e-10,2.0067841088218e-10,-9.9112318821341e-20,9.9111184102267e-20,-2.0067684097994e-10,-2.006774827038e-10,-3.6077609168941,-3.6077673422993,-1.3135794635431,1.2700967279672e-07,-3.8977909384249e-08,26.355181452708,-11.486656692735,360.31514686495,100000428.5095,-2.2136569901317e-13,0.0065254314742199,-0.0092259282949423,-273.64312773423,-1.7747033650328e-06,-695.926105832,607.25473085206
90.91650000001,0.0011479661016327,0.00038265437949931,6.3227932657389e-26,0.0028536287359336,1.7305874901791,6.6021835766441,-5.7441474531628e-22,-0.02051041261153,-1.2294067921185e-19,1.4940098230216,8.6083511004846e-20,-8.6084515975983e-20,-3.1383071569499,-3.1383015630543,1.7434620727088e-10,1.7434824367671e-10,-8.6083844983686e-20,8.6082859156693e-20,-1.7434687962064e-10,-1.7434743727879e-10,-3.1383120059806,-3.1383175998521,-1.1426669631945,6.597786598039e-08,-2.051041261153e-08,26.357135825456,-11.489631898672,360.31514686573,100000428.5102,-2.2159751335891e-13,0.0064667755351649,-0.0091250065258936,-269.62424323656,-1.669302040856e-06,-685.98218402394,598.59114636181
91.01650000001,0.00051455482967227,0.0001715178143121,2.9421457923679e-26,0.0028536369577137,1.7306103878625,6.5520338701907,-2.7133463164835e-22,-0.010578778784616,-1.0673764446846e-19,1.2983592014188,7.4738087145892e-20,-7.4738959733445e-20,-2.7273247504527,-2.7273198866803,1.513948048812e-10,1.5139657327521e-10,-7.4738377210439e-20,7.4737521171819e-20,-1.5139538872178e-10,-1.5139587303275e-10,-2.7273289729688,-2.7273338367202,-0.99303412531559,3.3580829960011e-08,-1.0578778784616e-08,26.359234352631,-11.492653999503,360.31514686614,100000428.51056,-2.2180579097494e-13,0.006408066350021,-0.0090240949410203,-265.60392990571,-1.601427887809e-06,-676.02643488866,589.91686610498
91.11650000001,0.00022602414251331,7.5341169499772e-05,1.3527862219529e-26,0.0028536411571737,1.7306332646197,6.5015007934796,-1.2667669990899e-22,-0.0053502604773561,-9.2649749693427e-20,1.1276610843394,6.487369196622e-20,-6.4874449421696e-20,-2.3687574124043,-2.3687531868469,1.3142686295317e-10,1.3142839813995e-10,-6.4873943800231e-20,6.4873200675832e-20,-1.3142736978953e-10,-1.3142779025424e-10,-2.3687610845727,-2.3687653101119,-0.86248152261584,1.675300721739e-08,-5.3502604773561e-09,26.361413855282,-11.495701817935,360.31514686635,100000428.51075,-2.2204604301317e-13,0.0063493051559825,-0.0089231935382677,-261.5820651469,-1.5546590379341e-06,-666.05854736129,581.23161781676
91.21650000001,9.7361394815106e-05,3.2453703765012e-05,6.1437735731342e-27,0.0028536432609761,1.7306561208411,6.4505744913598,-5.842984156699e-23,-0.0026544775131819,-8.0411577989103e-20,0.97905339772785,5.630447960162e-20,-5.6305137024453e-20,-2.0565930878819,-2.0565894185894,1.1407388078419e-10,1.1407521328734e-10,-5.6304698198515e-20,5.6304053198261e-20,-1.1407432070045e-10,-1.1407468566378e-10,-2.0565962787425,-2.0565999480192,-0.7488222152271,8.1958219393684e-09,-2.6544775131819e-09,26.363637287574,-11.498762553005,360.31514686645,100000428.51084,-2.2231338449273e-13,0.0062904926008977,-0.0088223023155811,-257.55858169765,-1.5194641073202e-06,-656.07834654225,572.53524782456
91.31650000001,4.1149209543977e-05,1.3716361804293e-05,2.754915370624e-27,0.0028536442951177,1.7306789567239,6.3992451219064,-2.6616352395431e-23,-0.0012924637572488,-6.9785399001209e-20,0.84984890772551,4.8863990399166e-20,-4.8864560955892e-20,-1.7851869905602,-1.785183805227,9.9003013164511e-11,9.9004169631185e-11,-4.886418012312e-20,4.886362034031e-20,-9.9003394961325e-11,-9.9003711714493e-11,-1.7851897617245,-1.7851929470441,-0.65000205197428,3.9333669487572e-09,-1.2924637572488e-09,26.36588299077,-11.501829140996,360.3151468665,100000428.51088,-2.2256873556345e-13,0.0062316290034833,-0.0087214212709064,-253.53344325969,-1.4904548377624e-06,-646.08573380332,563.82766888682
91.41650000001,1.7070929524278e-05,5.6902920907763e-06,1.2191788609221e-27,0.002853644794087,1.7307017723605,6.3475026684088,-1.1969082527294e-23,-0.00061777788125303,-6.0561323938171e-20,0.73760417626914,4.2405259466042e-20,-4.2405754613299e-20,-1.5494064502293,-1.5494036854845,8.5918860243687e-11,8.591986387604e-11,-4.2405424119695e-20,4.2404938319112e-20,-8.5919191582603e-11,-8.5919466477176e-11,-1.5494088561143,-1.5494116208471,-0.56415281191727,1.8524683763554e-09,-6.1777788125303e-10,26.368142611395,-11.504898000005,360.31514686653,100000428.51091,-2.228311920614e-13,0.0061727145030766,-0.0086205504021904,-249.5066304422,-1.4646570821556e-06,-636.0806522,555.10883006923
91.51650000001,6.9534261685783e-06,2.3178012567708e-06,5.3225979314593e-28,0.0028536450304652,1.7307245677876,6.2953368225572,-5.3111232090271e-24,-0.00028994986785389,-5.2555494019921e-20,0.64013922662764,3.6799548216599e-20,-3.6799977911182e-20,-1.3446722219807,-1.344669822514,7.4561820849981e-11,7.4562691820409e-11,-3.6799691107466e-20,3.679926952258e-20,-7.4562108391441e-11,-7.456234695102e-11,-1.3446743103262,-1.3446767097826,-0.48960748321872,8.5635810311779e-10,-2.8994986785389e-10,26.37040493778,-11.50796649546,360.31514686654,100000428.51092,-2.2307632908017e-13,0.0061137491435299,-0.0085196897073802,-245.47813286847,-1.4404840466324e-06,-626.06306702902,546.37869981063
91.61650000001,2.7813941609254e-06,9.2712830669566e-07,2.2912838840507e-28,0.0028536451404323,1.7307473430124,6.2427369085591,-2.3245072893058e-24,-0.00013364495182525,-4.5607544516458e-20,0.55553118612152,3.1934568683805e-20,-3.1934941573164e-20,-1.166945132075,-1.1669430497314,6.4705018807632e-11,6.4705774639618e-11,-3.1934692685819e-20,3.1934326833423e-20,-6.4705268337163e-11,-6.4705475360701e-11,-1.166946944583,-1.1669490269176,-0.42489553741687,3.8863505004773e-10,-1.3364495182525e-10,26.372668682627,-11.511033887081,360.31514686655,100000428.51092,-2.2331524885002e-13,0.0060547329189943,-0.0084188391844238,-241.44794485843,-1.4170982463396e-06,-616.03295518248,537.63725665008
91.71650000001,1.0926461767322e-06,3.6421414533281e-07,9.7213188204167e-29,0.0028536451906762,1.7307700980276,6.1896918296674,-1.0029761605393e-24,-6.0498537151919e-05,-3.957793199864e-20,0.48209552174403,2.7712612050919e-20,-2.7712935642527e-20,-1.0126866615672,-1.012684854483,5.6150799794112e-11,5.6151455702898e-11,-2.771271965983e-20,2.7712402174589e-20,-5.6151016335011e-11,-5.6151195989646e-11,-1.0126882345679,-1.0126900416443,-0.36872865376056,1.7315476594952e-10,-6.0498537151919e-11,26.374932380087,-11.514098914473,360.31514686655,100000428.51092,-2.2355283635227e-13,0.0059956657982927,-0.0083179988312698,-237.4160631256,-1.3940792442494e-06,-605.99029946351,528.88448427539
91.81650000001,4.2154160150192e-07,1.4051337182751e-07,4.0629724397599e-29,0.0028536452132225,1.7307928328184,6.1361900261184,-4.2643332508516e-25,-2.6895900679645e-05,-3.4345386463628e-20,0.41836247642527,2.4048764620657e-20,-2.4049045430949e-20,-0.87880944845398,-0.87880788026512,4.8727271553896e-11,4.872784074709e-11,-2.4048858003091e-20,2.4048582491738e-20,-4.8727459466576e-11,-4.8727615369744e-11,-0.87881081354574,-0.87881238172783,-0.3199827379073,7.5738857119342e-11,-2.6895900679645e-11,26.377194358745,-11.517161917545,360.31514686655,100000428.51092,-2.237748807322e-13,0.0059365477375826,-0.0082171686458671,-233.38248557732,-1.3712107940019e-06,-595.93508562187,520.12036894076
91.91650000001,1.5969758963408e-07,5.3232336762642e-08,1.6718789396863e-29,0.0028536452231585,1.7308155473665,6.0822194381186,-1.7856111273178e-25,-1.1741592144762e-05,-2.9804591059667e-20,0.36305272622019,2.0869283150119e-20,-2.0869526834686e-20,-0.76262615330946,-0.76262479244357,4.2285093246281e-11,4.2285587187136e-11,-2.0869364186644e-20,2.0869125100397e-20,-4.2285256315236e-11,-4.2285391606676e-11,-0.76262733794822,-0.76262869880823,-0.27767932525828,3.2519554075419e-11,-1.1741592144762e-11,26.379454510204,-11.520222598902,360.31514686655,100000428.51092,-2.2400713916405e-13,0.0058773786867921,-0.0081163486261661,-229.34721070392,-1.3483940420735e-06,-585.86730084347,511.34489815093
92.01650000001,5.9397991830691e-08,1.9799256725439e-08,6.769639445454e-30,0.0028536452274581,1.7308382416516,6.0277674702464,-7.3597003214543e-26,-5.0325110992315e-06,-2.5864116986991e-20,0.31505422459386,1.8110148860926e-20,-1.8110360327944e-20,-0.66180081853614,-0.66179963758802,3.6694587228208e-11,3.6695015865239e-11,-1.8110219183659e-20,1.8110011706997e-20,-3.6694728737841e-11,-3.6694846142443e-11,-0.66180184656493,-0.66180302750795,-0.24096788166239,1.3703370611216e-11,-5.0325110992315e-12,26.38171254077,-11.523280581746,360.31514686655,100000428.51092,-2.2423051581174e-13,0.005818158592818,-0.0080155387701163,-225.31023727436,-1.3255761754999e-06,-575.78693299682,502.55806000463
92.11650000001,2.1684355338598e-08,7.2280907094722e-09,2.6956917871718e-30,0.0028536452292846,1.7308609156529,5.9728209551891,-2.9841465305644e-26,-2.1171154446036e-06,-2.2444607382962e-20,0.27340107364415,1.5715795789009e-20,-1.571597929788e-20,-0.57430448539133,-0.57430346057599,3.1843183342135e-11,3.1843555308928e-11,-1.5715856814365e-20,1.5715676768275e-20,-3.1843306142731e-11,-3.1843408025241e-11,-0.57430537750892,-0.57430640231984,-0.20910964882829,5.6656540201732e-12,-2.1171154446036e-12,26.383968542089,-11.526336159692,360.31514686655,100000428.51092,-2.2446455060051e-13,0.0057588874010854,-0.0079147390756696,-221.27156418785,-1.3027324378769e-06,-565.69397026528,493.75984287426
92.21650000001,7.767432819117e-09,2.5891340585446e-09,1.0549912843992e-30,0.0028536452300465,1.7308835693489,5.917366115581,-1.1896034153628e-26,-8.7389835752373e-07,-1.9477190261153e-20,0.23725467376613,1.3637999518777e-20,-1.3638158765825e-20,-0.49837559709461,-0.49837470777044,2.7633177553076e-11,2.7633500341927e-11,-1.3638052475942e-20,1.3637896233855e-20,-2.7633284118133e-11,-2.7633372530701e-11,-0.49837637126691,-0.49837726058724,-0.1814632295166,2.2975453274083e-12,-8.7389835752373e-13,26.386222328204,-11.529389268325,360.31514686655,100000428.51093,-2.2470657899512e-13,0.0056995650562874,-0.007813949540777,-217.23119040272,-1.2798565783507e-06,-555.58840097078,484.95023525217
92.31650000001,2.7289134738078e-09,9.0963413564264e-10,4.0552351689214e-31,0.0028536452303577,1.730906202718,5.8613885231531,-4.6593628046073e-27,-3.5380074592123e-07,-1.6902096263676e-20,0.20588711468596,1.1834909328278e-20,-1.1835047521158e-20,-0.4324851101427,-0.43248433839662,2.3979775841751e-11,2.3980055954465e-11,-1.1834955283941e-20,1.1834819698732e-20,-2.3979868317768e-11,-2.3979945041251e-11,-0.43248578196203,-0.43248655370479,-0.1574718855882,9.1346268360397e-13,-3.5380074592123e-13,26.388474028378,-11.532439707388,360.31514686655,100000428.51093,-2.2493039973218e-13,0.0056401915027341,-0.007713170163391,-213.18911490335,-1.2569413253751e-06,-545.47021349163,476.12922567921
92.41650000001,9.3989469341736e-10,3.132969251291e-10,1.5299238169779e-31,0.0028536452304827,1.7309288157386,5.8048730546021,-1.7918313379395e-27,-1.4042156779656e-07,-1.4667456920968e-20,0.17866664276266,1.0270206726318e-20,-1.0270326648612e-20,-0.37530596701918,-0.3753052973062,2.0809391580274e-11,2.0809634659075e-11,-1.0270246606149e-20,1.0270128946764e-20,-2.0809471829967e-11,-2.080953840978e-11,-0.37530655001714,-0.37530721972722,-0.13665242336666,3.558950024947e-13,-1.4042156779656e-13,26.390723542213,-11.535487650084,360.31514686655,100000428.51093,-2.2515200002324e-13,0.0055807666845115,-0.0076124009414645,-209.14533668476,-1.2339843908668e-06,-535.33939622417,467.29680271114
92.51650000001,3.1718520764501e-10,1.0572794950261e-10,5.6609635090028e-32,0.002853645230532,1.7309514083888,5.7478038436873,-6.7608376611353e-28,-5.4607616818345e-08,-1.2728260808099e-20,0.15504499380301,8.9123745493189e-21,-8.9124786165922e-21,-0.32568648758912,-0.32568590641941,1.8058165667205e-11,1.8058376608368e-11,-8.9124091566074e-21,8.9123070530619e-21,-1.8058235307023e-11,-1.8058293084268e-11,-0.32568699350861,-0.32568757467581,-0.11858550548913,1.3580622906588e-13,-5.4607616818345e-14,26.392970886569,-11.538532996681,360.31514686655,100000428.51093,-2.2538603481223e-13,0.0055212905455495,-0.0075116418729509,-205.09985474577,-1.2109879814155e-06,-525.19593756586,458.45295490402
92.61650000001,1.0481641433487e-10,3.4938650872124e-11,2.0527620432165e-32,0.002853645230551,1.7309739806469,5.6901642290626,-2.5009457465952e-28,-2.0794826035128e-08,-1.1045447280864e-20,0.13454637505284,7.7340623920263e-21,-7.7341527004826e-21,-0.28262722474277,-0.28262672040997,1.5670681261753e-11,1.5670864314217e-11,-7.7340924238579e-21,7.7340038195033e-21,-1.5670741694435e-11,-1.5670791832905e-11,-0.28262766377431,-0.28262816810493,-0.10290722396214,5.0724438806518e-14,-2.0794826035128e-14,26.395216127546,-11.541575861254,360.31514686655,100000428.51093,-2.2561118781709e-13,0.0054617630296604,-0.0074108929558045,-201.05266808606,-1.187944051282e-06,-515.03982590784,449.59767080767
92.716500000011,3.3895150990488e-11,1.1298332492686e-11,7.2887761198093e-33,0.0028536452305583,1.7309965324909,5.6319366973319,-9.0626573677979e-29,-7.7490643278925e-09,-9.5851198473448e-21,0.11675789242801,6.7115358074131e-21,-6.7116141761162e-21,-0.24526085590028,-0.24526041824573,1.3598847977163e-11,1.3599006828115e-11,-6.7115618687124e-21,6.7114849788103e-21,-1.3598900419993e-11,-1.3598943929615e-11,-0.24526123688713,-0.2452616745398,-0.089301778528799,1.8531814401177e-14,-7.7490643278925e-15,26.397459233318,-11.544616212803,360.31514686655,100000428.51093,-2.258318999299e-13,0.0054021840805427,-0.0073101541879796,-197.00377570471,-1.1648607090576e-06,-504.87104963133,440.73093896255
92.816500000011,1.0718086621591e-11,3.5726789009321e-12,2.5319538689394e-33,0.0028536452305612,1.7310190638991,5.5731028207671,-3.2142477832138e-29,-2.8236746708934e-09,-8.3178634637336e-21,0.10132123833501,5.8241982747337e-21,-5.8242662822478e-21,-0.21283472250274,-0.21283434271085,1.1800933392668e-11,1.1801071241809e-11,-5.8242208904477e-21,5.8241541662212e-21,-1.1800978901989e-11,-1.180101665917e-11,-0.21283505311902,-0.21283543290928,-0.077495119159429,6.6175130170166e-15,-2.8236746708934e-15,26.399700153302,-11.547653925582,360.31514686655,100000428.51093,-2.2606371427302e-13,0.0053425536417942,-0.0072094255674322,-192.95317659973,-1.141729770984e-06,-494.68959710645,431.85274789869
92.916500000011,3.3114422211422e-12,1.1038087857646e-12,8.5967642397975e-34,0.0028536452305623,1.7310415748495,5.5136431890517,-1.1147476184191e-29,-1.0053106397182e-09,-7.2181520594926e-21,0.087925476285524,5.0541763464812e-21,-5.0542353626672e-21,-0.18469567342117,-0.18469534384186,1.0240722523159e-11,1.0240842147154e-11,-5.0541959721535e-21,5.0541380695905e-21,-1.0240762015656e-11,-1.024079478093e-11,-0.18469596032641,-0.18469628990429,-0.067249427405474,2.3077542670827e-15,-1.0053106397182e-15,26.401938889239,-11.550689198471,360.31514686655,100000428.51093,-2.2628087367225e-13,0.0052828716569105,-0.0071087070921175,-188.90086976779,-1.1185588449617e-06,-484.49545669153,422.96308613515
93.016500000011,9.9874393470025e-13,3.3291300396286e-13,2.8500893009829e-34,0.0028536452305623,1.7310640653201,5.453537334335,-3.7767818018366e-30,-3.4940004140059e-10,-6.2638343813153e-21,0.076300778550052,4.3859596344587e-21,-4.3860108480674e-21,-0.16027691031321,-0.16027662430785,8.8867883795786e-12,8.8868921879893e-12,-4.3859766654052e-21,4.3859264181865e-21,-8.886822650741e-12,-8.8868510840912e-12,-0.16027715928648,-0.1602774452906,-0.058358326675038,7.8525608697165e-16,-3.4940004140059e-16,26.404175559118,-11.55372183932,360.31514686655,100000428.51093,-2.2651846117523e-13,0.0052231380692886,-0.0070079987599927,-184.8468542042,-1.0953418085956e-06,-474.28861673305,414.06194217992
93.116500000011,2.9377267112814e-13,9.7923726935692e-14,9.2164405895776e-35,0.0028536452305623,1.7310865352889,5.3927636487691,-1.2487100267675e-30,-1.1843113384264e-10,-5.4356878090016e-21,0.066212991384798,3.8060883900308e-21,-3.8061328326472e-21,-0.13908657137475,-0.13908632318239,7.7118589540796e-12,7.711949037897e-12,-3.8061031693022e-21,3.8060595653086e-21,-7.7118886942241e-12,-7.7119133683783e-12,-0.13908678743106,-0.13908703562235,-0.050642725471601,2.6045629320354e-16,-1.1843113384264e-16,26.406410055754,-11.556751893232,360.31514686655,100000428.51093,-2.2674761098326e-13,0.0051633528222225,-0.0069073005690147,-180.79112890272,-1.0720856172941e-06,-464.06906556506,405.14930452943
93.216500000011,8.4185347204437e-14,2.8061635828952e-14,2.9037193252724e-35,0.0028536452305623,1.7311089847339,5.3312992935963,-4.024489207587e-31,-3.9108998774462e-11,-4.717031159717e-21,0.057458918642262,3.3028823882566e-21,-3.302920955079e-21,-0.12069782412349,-0.12069760874484,6.6922678905138e-12,6.6923460642774e-12,-3.3028952135486e-21,3.302857374474e-21,-6.69229369869e-12,-6.6923151106544e-12,-0.12069801161483,-0.12069822699255,-0.043947210084325,8.4119888141957e-17,-3.9108998774462e-17,26.408642492661,-11.559779529307,360.31514686655,100000428.51093,-2.2698075759424e-13,0.0051035158589075,-0.0068066125171415,-176.73369285562,-1.0487798502841e-06,-453.83679150956,396.22516166888
93.316500000011,2.3476813723713e-14,7.8255624727456e-15,8.9023221953282e-36,0.0028536452305623,1.7311314136329,5.2691200986936,-1.2628462198504e-31,-1.2567967150814e-11,-4.0933886829589e-21,0.049862228879432,2.8662056559417e-21,-2.8662391238135e-21,-0.10474026789757,-0.1047400809943,5.8074777798121e-12,5.8075456181596e-12,-2.8662167855915e-21,2.8661839492514e-21,-5.8075001758685e-12,-5.8075187569399e-12,-0.10474043060052,-0.10474061750298,-0.038136914157423,2.6424244070034e-17,-1.2567967150814e-17,26.410872724881,-11.562804638067,360.31514686655,100000428.51093,-2.2720591059949e-13,0.005043627122437,-0.0067059346023314,-172.67454505375,-1.0254369546982e-06,-443.59178287633,387.28950207208
93.416500000011,6.363385638761e-15,2.1211167867314e-15,2.6524171147839e-36,0.0028536452305623,1.731153821964,5.2062004513254,-3.8532259810329e-32,-3.9255436936234e-12,-3.5521984787364e-21,0.043269903567326,2.4872623049864e-21,-2.4872913480441e-21,-0.090892472987968,-0.090892310795334,5.0396664799344e-12,5.0397253493195e-12,-2.4872719631763e-21,2.4872434681551e-21,-5.0396859149902e-12,-5.0397020394433e-12,-0.090892614179837,-0.090892776371771,-0.033094802118406,8.06314958207e-18,-3.9255436936234e-18,26.413100902272,-11.565827325856,360.31514686655,100000428.51093,-2.2743683676454e-13,0.0049836865558043,-0.0066052668225437,-168.61368448641,-1.0020463763934e-06,-433.33402796287,378.34231420142
93.516500000011,1.6742052679565e-15,5.5806523287117e-16,7.6693925443435e-37,0.0028536452305623,1.731176209705,5.1425131726521,-1.141656946019e-32,-1.190161677984e-12,-3.082559465913e-21,0.037549154876879,2.1584193586986e-21,-2.1584445619503e-21,-0.078875506160012,-0.078875365410996,4.3733681284391e-12,4.3734192146555e-12,-2.1584277399715e-21,2.1584030122999e-21,-4.3733849939706e-12,-4.3733989865968e-12,-0.07887562868479,-0.078875769433198,-0.028719311759737,2.3868133315241e-18,-1.190161677984e-18,26.415326888491,-11.56884720653,360.31514686655,100000428.51093,-2.2767309200014e-13,0.0049236941019018,-0.0065046091757371,-164.5511101414,-9.7860862249556e-07,-423.06351505441,369.38358650785
93.616500000011,4.2695069831237e-16,1.4231606034661e-16,2.1488472765898e-37,0.0028536452305623,1.7311985768336,5.0780293803051,-3.2797568267015e-33,-3.4975237216264e-13,-2.675011804032e-21,0.032584750963614,1.8730530023562e-21,-1.8730748734657e-21,-0.068447312164022,-0.068447190023547,3.7951616169372e-12,3.795205949004e-12,-1.8730602755343e-21,1.873038817128e-21,-3.7951762526632e-12,-3.7951883953131e-12,-0.068447418489701,-0.068447540629649,-0.024922308494183,6.8439751315906e-19,-3.4975237216264e-19,26.417550762106,-11.571864659048,360.31514686655,100000428.51093,-2.2790579452214e-13,0.0048636497035199,-0.0064039616598728,-160.48682100503,-9.5513193605623e-07,-412.78023242389,360.41330743088
93.716500000011,1.0537083967408e-16,3.5123399489115e-17,5.8246474348468e-38,0.0028536452305623,1.7312209233277,5.0127183350585,-9.1211702038536e-34,-9.9469299557366e-14,-2.3213463457353e-21,0.028276694877431,1.6254151610974e-21,-1.62543414061e-21,-0.059397838068598,-0.059397732076412,3.2934002525429e-12,3.2934387234315e-12,-1.6254214726828e-21,1.6254028513096e-21,-3.2934129532678e-12,-3.2934234905282e-12,-0.059397930336873,-0.059398036328601,-0.02162731007882,1.8979559917841e-19,-9.9469299557366e-20,26.419772493915,-11.574879714212,360.31514686655,100000428.51093,-2.2813849704416e-13,0.0048035533033479,-0.0063033242729116,-156.4208160621,-9.316094248589e-07,-402.48416833194,351.43146539853
93.816500000011,2.5124933024615e-17,8.3749250427665e-18,1.5247238835641e-38,0.0028536452305623,1.731243249165,4.9465472692877,-2.4514067856822e-34,-2.7331231812777e-14,-2.0144392816271e-21,0.024538210345192,1.4105177176522e-21,-1.4105341878682e-21,-0.05154480220884,-0.051544710229967,2.8579771609833e-12,2.8580105456049e-12,-1.4105231947778e-21,1.4105070353514e-21,-2.8579881825352e-12,-2.8579973266559e-12,-0.051544882278253,-0.051544974256729,-0.018767946049393,5.0816519071255e-20,-2.7331231812777e-20,26.421992206994,-11.577892125097,360.31514686655,100000428.51093,-2.283818577073e-13,0.004743404843973,-0.006202697012815,-152.35309429589,-9.0804199852783e-07,-392.17531102681,342.43804882735
93.916500000011,5.7774529964081e-18,1.9258051584155e-18,3.8472106814655e-39,0.0028536452305623,1.7312655543233,4.8794811944988,-6.3551842110514e-35,-7.2422978733125e-15,-1.748108646871e-21,0.021293993854471,1.2240320377396e-21,-1.2240463304151e-21,-0.044730022525055,-0.044729942706783,2.4801217059466e-12,2.4801506767605e-12,-1.22403679073e-21,1.2240227677543e-21,-2.4801312703303e-12,-2.4801392054995e-12,-0.044730092008426,-0.044730171826354,-0.01628662083399,1.3111548801357e-20,-7.2422978733125e-21,26.424209884064,-11.580902180489,360.31514686655,100000428.51093,-2.2861056342657e-13,0.0046832042678803,-0.0061020798775452,-148.28365468815,-8.844271565218e-07,-381.85364874443,333.43304612235
94.016500000011,1.2786475211413e-18,4.2621297788011e-19,9.3377124448063e-40,0.0028536452305623,1.7312878387802,4.8114826847208,-1.5860360386667e-35,-1.8470407100532e-15,-1.5169897991648e-21,0.01847869783067,1.0622017792918e-21,-1.0622141823212e-21,-0.03881623033464,-0.038816161069206,2.1522228239889e-12,2.1522479645483e-12,-1.0622059038856e-21,1.0621937348987e-21,-2.1522311238578e-12,-2.1522380099119e-12,-0.038816290631559,-0.038816359896695,-0.014133353617495,3.2535076606165e-21,-1.8470407100532e-21,26.426425429072,-11.583909558394,360.31514686655,100000428.51093,-2.2885614453586e-13,0.0046229515174528,-0.0060014728650649,-144.21249621915,-8.607729976108e-07,-371.51916970833,324.41644567702
94.116500000011,2.7177345212624e-19,9.0590521054201e-20,2.1752249838691e-40,0.0028536452305623,1.7313101025133,4.742511631955,-3.8020576552208e-36,-4.5239554170795e-16,-1.3164273598721e-21,0.016035614354491,9.2176722924206e-22,-9.2177799245699e-22,-0.033684305357724,-0.033684245249928,1.8676757164749e-12,1.8676975331808e-12,-9.2177080851994e-22,9.2176024840463e-22,-1.8676829190115e-12,-1.8676888946548e-12,-0.033684357682739,-0.033684417790275,-0.012264771588485,7.7470845796789e-22,-4.5239554170795e-22,26.428638768606,-11.586914508255,360.31514686655,100000428.51093,-2.2908973523656e-13,0.0045626465349706,-0.005900875973337,-140.13961786759,-8.370711936822e-07,-361.17186212963,315.38823587329
94.216500000011,5.5344954281956e-20,1.8448185286958e-20,4.8515457959544e-41,0.0028536452305623,1.7313323455002,4.6725249691442,-8.733917565852e-37,-1.0616343724549e-16,-1.1423814417038e-21,0.013915532906176,7.9989964380502e-22,-7.9990898400666e-22,-0.029230876302272,-0.029230824141376,1.6207488104996e-12,1.6207677428012e-12,-7.999027498637e-22,7.9989358590971e-22,-1.620755060783e-12,-1.6207602463817e-12,-0.029230921709355,-0.029230973870026,-0.010643236289758,1.765898377863e-22,-1.0616343724549e-22,26.430850089846,-11.589916768198,360.31514686655,100000428.51093,-2.2932865500781e-13,0.0045022892626114,-0.0058002892003259,-136.06501861067,-8.1332610895327e-07,-350.81171420704,306.34840508154
94.316500000011,1.0770624556522e-20,3.590181393642e-21,1.0332718922441e-41,0.0028536452305623,1.7313545677186,4.60147635523,-1.9175791780868e-37,-2.3808030583043e-17,-9.9134627411277e-22,0.012075749128291,6.941442696824e-22,-6.9415237500848e-22,-0.025366238677765,-0.025366193413103,1.4064683090134e-12,1.4064847382602e-12,-6.9414696508657e-22,6.9413901270629e-22,-1.4064737329418e-12,-1.4064782329484e-12,-0.025366278081541,-0.025366323346007,-0.0092360854747578,3.843159774287e-23,-2.3808030583043e-23,26.433059163423,-11.592916720813,360.31514686655,100000428.51093,-2.2956801886834e-13,0.0044418796424484,-0.0056997125439964,-131.98869742405,-7.8953678029409e-07,-340.4387141268,297.29694166054
94.416500000011,1.9973988651976e-21,6.6579446655768e-22,2.0952933735782e-42,0.0028536452305623,1.731376769146,4.5293158157551,-4.0124861708199e-38,-5.087835039051e-18,-8.6027958729046e-22,0.010479204640787,6.0237089848031e-22,-6.0237793219472e-22,-0.022012547896394,-0.022012508616209,1.220518004668e-12,1.2205322617909e-12,-6.0237323752293e-22,6.0236633653323e-22,-1.2205227114945e-12,-1.2205266165516e-12,-0.022012582090565,-0.02201262137058,-0.0080149751987672,7.9625258014941e-24,-5.087835039051e-24,26.435266394476,-11.595914042813,360.31514686655,100000428.51093,-2.2978562235764e-13,0.0043814176164539,-0.005599146002313,-127.91065328187,-7.6570032877744e-07,-330.05285006272,288.23383395744
94.516500000011,3.5188223441737e-22,1.1729313490742e-22,4.0325966556213e-43,0.0028536452305623,1.7313989497598,4.455989331095,-7.9768463629446e-39,-1.0328831556532e-18,-7.4654133236241e-22,0.009093740581793,5.227309583669e-22,-5.2273706214829e-22,-0.019102251265805,-0.019102217178885,1.059152339354e-12,1.0591647115312e-12,-5.2273298816282e-22,5.2272699955851e-22,-1.0591564238871e-12,-1.0591598126535e-12,-0.019102280939137,-0.01910231502591,-0.0069553088927577,1.5655725928754e-24,-1.0328831556532e-24,26.437471507728,-11.598909003561,360.31514686655,100000428.51093,-2.3001121945277e-13,0.0043209031264937,-0.0054985895732423,-123.83088515672,-7.4181840804822e-07,-319.65411017609,279.15907030778
94.616500000011,5.8687864943976e-23,1.9562458091161e-23,7.3402122555845e-44,0.0028536452305623,1.7314211095375,4.3814383626747,-1.5014494429065e-39,-1.9851246682351e-19,-6.4784050343538e-22,0.0078914498383856,4.5362027867639e-22,-4.5362557547193e-22,-0.016576727289335,-0.016576697709074,9.1912095820669e-13,9.1913169464845e-13,-4.5362204011136e-22,4.5361684326523e-22,-9.1912450272044e-13,-9.1912744345527e-13,-0.016576753039532,-0.016576782619665,-0.0060357419198397,2.9109530952528e-25,-1.9851246682351e-25,26.439674409539,-11.601901293223,360.31514686655,100000428.51093,-2.3023326383429e-13,0.0042603361143324,-0.0053980432547501,-119.74939201965,-7.1789030878444e-07,-309.24248261569,270.07263903543
94.716500000012,9.2314673472093e-24,3.0771290042083e-24,1.2587260724552e-44,0.0028536452305623,1.7314432484565,4.3055993053623,-2.6656324455959e-40,-3.598287217649e-20,-5.621889903447e-22,0.006848114919447,3.9364677743462e-22,-3.9365137393657e-22,-0.01438510486546,-0.014385079196029,7.9760323838784e-13,7.9761255535602e-13,-3.9364830598886e-22,3.9364379622193e-22,-7.9760631427859e-13,-7.9760886621651e-13,-0.014385127211203,-0.014385152880523,-0.0052377516347036,5.0986664294501e-26,-3.598287217649e-26,26.44187537528,-11.604891229058,360.31514686655,100000428.51093,-2.3044687052089e-13,0.0041997165216288,-0.0052975070448039,-115.66617284017,-6.9391816684361e-07,-298.8179555178,260.9745284526
94.816500000012,1.3637615917854e-24,4.545830746971e-25,2.0248145796382e-45,0.0028536452305623,1.7314653664943,4.2284028514695,-4.4449770539897e-41,-6.1256072011278e-21,-4.8786153256674e-22,0.0059427201478032,3.4160242094293e-22,-3.4160640973767e-22,-0.012483238601833,-0.012483216326179,6.9215147386914e-13,6.9215955903348e-13,-3.4160374740579e-22,3.4159983387877e-22,-6.921541430939e-13,-6.9215635763806e-13,-0.012483257993228,-0.012483280268786,-0.0045452642858475,8.3767259503522e-27,-6.1256072011278e-27,26.44407420658,-11.607878614834,360.31514686655,100000428.51093,-2.3067024717011e-13,0.0041390442899378,-0.0051969809413709,-111.58122658624,-6.6990534333432e-07,-288.38051700611,251.8647268598
94.916500000012,1.8832996983626e-25,6.2776062543399e-26,3.0408419470955e-46,0.0028536452305623,1.7314874636281,4.1497732482736,-6.9291949259811e-42,-9.7480043815844e-22,-4.2336096765687e-22,0.0051570283458324,2.9643889060784e-22,-2.9644235204083e-22,-0.010832819603871,-0.010832800273299,6.0064157180148e-13,6.0064858801975e-13,-2.9644004169798e-22,2.9643664558151e-22,-6.0064388812589e-13,-6.0064580988339e-13,-0.010832836431514,-0.010832855762003,-0.0039443312453608,1.2847399187202e-27,-9.7480043815844e-28,26.446270889417,-11.610863363839,360.31514686655,100000428.51093,-2.3088651839207e-13,0.0040783193607099,-0.00509646494242,-107.49455222426,-6.4584027864634e-07,-277.93015519176,242.74322254585
95.016500000012,2.4184880532129e-26,8.0615471244291e-27,4.2407049224623e-47,0.0028536452305623,1.7315095398353,4.0696274264213,-1.0045396123053e-42,-1.4425331461677e-22,-3.6738807421927e-22,0.0044752134878082,2.5724646687879e-22,-2.5724947067294e-22,-0.0094006038267012,-0.0094005870518392,5.2123026735671e-13,5.2123635595512e-13,-2.5724746578237e-22,2.5724451866919e-22,-5.2123227743801e-13,-5.212339451184e-13,-0.0094006184295476,-0.0094006352043373,-0.0034228480446277,1.8296317363711e-28,-1.4425331461677e-28,26.448465670255,-11.613845786125,360.31514686655,100000428.51093,-2.3110989504143e-13,0.0040175416752904,-0.0049959590459194,-103.4061487191,-6.2173293872186e-07,-267.46685817328,233.6100037878
95.116500000012,2.8712183444803e-27,9.5706287639425e-28,5.4590581597393e-48,0.0028536452305623,1.7315315950931,3.9878739706673,-1.3463990642771e-43,-1.9734841161693e-23,-3.18815401962e-22,0.0038835419195719,2.2323570495736e-22,-2.2323831161747e-22,-0.0081577424473134,-0.0081577278902693,4.5231799522951e-13,4.5232327884944e-13,-2.232365717951e-22,2.2323401432211e-22,-4.5231973955634e-13,-4.5232118675137e-13,-0.0081577551195057,-0.008157769676487,-0.0029703105565466,2.4050406751454e-29,-1.9734841161693e-29,26.450658313295,-11.616825626711,360.31514686655,100000428.51093,-2.3134304165345e-13,0.0039567111749194,-0.004895463249839,-99.316015034047,-5.9757889891021e-07,-256.99061403659,224.46505885098
95.216500000012,3.1305313913564e-28,1.0434991421985e-28,6.4432365397949e-49,0.0028536452305623,1.7315536293789,3.9044118966183,-1.657419040348e-44,-2.479539445358e-24,-2.7666456170139e-22,0.0033700957244073,1.9372153317577e-22,-1.9372379520726e-22,-0.0070792007687501,-0.0070791881363045,3.9251666992781e-13,3.9252125499611e-13,-1.937222854082e-22,1.9372006606077e-22,-3.925181836358e-13,-3.9251943949601e-13,-0.0070792117655417,-0.0070792243979328,-0.0025776034130933,2.8984457570538e-30,-2.479539445358e-30,26.452848852281,-11.619803046378,360.31514686655,100000428.51093,-2.3157485599793e-13,0.0038958278007318,-0.0047949775521488,-95.224150130841,-5.7337682912611e-07,-246.50141085497,215.30837598893
95.316500000012,3.1113740313427e-29,1.0371128595276e-29,6.9196146458774e-50,0.0028536452305623,1.7315756426697,3.8191291868299,-1.8599156331146e-45,-2.8398192910341e-25,-2.4008651787326e-22,0.0029245326629358,1.6810945374146e-22,-1.6811141670795e-22,-0.0061432539514381,-0.0061432429891383,3.4062172585693e-13,3.4062570472967e-13,-1.6811010652063e-22,1.6810818059491e-22,-3.4062303943637e-13,-3.4062412925829e-13,-0.0061432634943351,-0.0061432744565876,-0.0022368163963687,3.178183065069e-31,-2.8398192910341e-31,26.455037508601,-11.6227778559,360.31514686655,100000428.51093,-2.3180267353956e-13,0.003834891493757,-0.0046945019508193,-91.130552969653,-5.4913343599084e-07,-235.99923668904,206.13994344342
95.416500000012,2.7949414785335e-30,9.3163598826367e-31,6.7031426047492e-51,0.0028536452305623,1.7315976349427,3.7319010257349,-1.8865083945986e-46,-2.9396572923649e-26,-2.0834448658706e-22,0.0025378778515505,1.4588356789232e-22,-1.4588527133343e-22,-0.0053310494142862,-0.0053310399013209,2.9558785400653e-13,2.9559130682931e-13,-1.4588413436703e-22,1.458824630695e-22,-2.9558899391658e-13,-2.9558993965227e-13,-0.0053310576955091,-0.0053310672084334,-0.0019410851047327,3.1433499452935e-32,-2.9396572923649e-32,26.457223938954,-11.6257502559,360.31514686655,100000428.51093,-2.3203937286545e-13,0.003773902194918,-0.0045940364438223,-87.035222509082,-5.248419768311e-07,-225.48407958674,196.95974944437
95.516500000012,2.2472343198866e-31,7.4906863379863e-32,5.7992939521812e-52,0.0028536452305623,1.7316196061752,3.6425876540233,-1.7127581799839e-47,-2.7236908944266e-27,-1.8079909474191e-22,0.0022023429832119,1.2659618425578e-22,-1.2659766248358e-22,-0.0046262270910856,-0.004626218835837,2.5650794650981e-13,2.5651094283211e-13,-1.2659667583642e-22,1.2659522550247e-22,-2.5650893571143e-13,-2.5650975641065e-13,-0.0046262342774413,-0.0046262425326543,-0.0016844526845977,2.7764486613643e-33,-2.7236908944266e-33,26.459408414156,-11.628720133385,360.31514686655,100000428.51093,-2.3226852267482e-13,0.0037128598450319,-0.0044935810291291,-82.938157706155,-5.0050301284158e-07,-214.95592758329,187.7677822099
95.616500000012,1.5992056697188e-32,5.3306142991258e-33,4.4299294483134e-53,0.0028536452305623,1.7316415563441,3.5510317371169,-1.3763504469752e-48,-2.2335682497443e-28,-1.5689550126798e-22,0.001911169449207,1.0985880109509e-22,-1.098600838852e-22,-0.0040145898931158,-0.0040145827293002,2.225948249593e-13,2.2259742513543e-13,-1.0985922768346e-22,1.0985796909933e-22,-2.2259568337778e-13,-2.225963955717e-13,-0.0040145961293576,-0.0040146032931423,-0.001461749842771,2.1651894518463e-34,-2.2335682497443e-34,26.461590773234,-11.631687550142,360.31514686655,100000428.51093,-2.3249678430586e-13,0.0036517643848095,-0.0043931357047128,-78.839357516328,-4.7611742961171e-07,-204.4147687012,178.56402994627
95.716500000012,9.9422524288055e-34,3.3140371775167e-34,2.9483004732315e-54,0.0028536452305623,1.7316634854265,3.457055106072,-9.6627507359058e-50,-1.6001662426797e-29,-1.361522210787e-22,0.0016584922019074,9.533428080001e-23,-9.5335393991412e-23,-0.0034838177401545,-0.0034838115234727,1.931653844368e-13,1.9316764084155e-13,-9.5334650988786e-23,9.5333558803072e-23,-1.9316612936308e-13,-1.9316674739727e-13,-0.0034838231518978,-0.0034838293685527,-0.0012684907224637,1.4710953311022e-35,-1.6001662426797e-35,26.463771210203,-11.634652457743,360.31514686655,100000428.51093,-2.3273215136432e-13,0.0035906157548544,-0.0042927004685464,-74.738820893474,-4.5168757043799e-07,-193.86059095022,169.34848084785
95.816500000012,5.3183487287132e-35,1.772756199456e-35,1.6832619767772e-55,0.0028536452305623,1.7316853933994,3.3604546776732,-5.8371050436338e-51,-9.8637601098364e-31,-1.181514266174e-22,0.0014392216163401,8.2730058994438e-23,-8.2731025009911e-23,-0.0030232193996771,-0.0030232140049078,1.6762683387378e-13,1.6762879195745e-13,-8.2730380240259e-23,8.2729432453296e-23,-1.6762748031276e-13,-1.6762801663615e-13,-0.0030232240959295,-0.0030232294906754,-0.001100782545614,8.5738728499056e-37,-9.8637601098363e-37,26.465949593609,-11.63761493444,360.31514686655,100000428.51093,-2.3297062704729e-13,0.0035294138956631,-0.0041922753186038,-70.636546789883,-4.2720893209135e-07,-183.29338232734,160.12112309713
95.916500000012,2.404260664066e-36,8.014073407541e-37,8.0942871612387e-57,0.0028536452305623,1.7317072802398,3.2609972859658,-2.9800240844109e-52,-5.1384550937942e-32,-1.0253053164411e-22,0.0012489409709364,7.1792251473328e-23,-7.179308977112e-23,-0.0026235171355946,-0.0026235124540721,1.4546475558483e-13,1.4546645478868e-13,-7.1792530246982e-23,7.1791707767694e-23,-1.4546531655759e-13,-1.4546578197324e-13,-0.0026235212109517,-0.002623525892454,-0.00095524720147348,4.2086911931417e-38,-5.1384550937942e-38,26.468125865419,-11.640574800909,360.31514686655,100000428.51093,-2.3321265544398e-13,0.0034681587476261,-0.0040918602528591,-66.532534156261,-4.0268549352463e-07,-172.71313081675,150.88194486469
96.016500000012,8.9910977157316e-38,2.9969809945656e-38,3.2075739385441e-58,0.0028536452305623,1.7317291459246,3.1584130476857,-1.2585803110541e-53,-2.214363930923e-33,-8.8974887736791e-23,0.0010838174824321,6.2300540266219e-23,-6.2301267731987e-23,-0.0022766598287553,-0.0022766557661807,1.2623274345972e-13,1.2623421801047e-13,-6.2300782182983e-23,6.2300068444342e-23,-1.2623323026582e-13,-1.2623363414849e-13,-0.0022766633653062,-0.0022766674278633,-0.00082895320202767,1.7024543773049e-39,-2.214363930923e-39,26.470300160313,-11.643532416298,360.31514686655,100000428.51093,-2.3344935477023e-13,0.003406850251025,-0.0039914552692874,-62.426781941719,-3.7811373255818e-07,-162.11982438982,141.63093430915
96.116500000012,2.7107697714813e-39,9.0357320174356e-40,1.0203291436174e-59,0.0028536452305623,1.7317509904308,3.0523867187947,-4.2855172250387e-55,-7.6933255885352e-35,-7.7211446393872e-23,0.00094052510291557,5.4063735818408e-23,-5.4064367105342e-23,-0.0019756608049345,-0.0019756572794761,1.0954341109847e-13,1.0954469069768e-13,-5.4063945751163e-23,5.4063326376481e-23,-1.0954383354355e-13,-1.0954418402856e-13,-0.0019756638739151,-0.0019756673993583,-0.00071935663364621,5.5278561047554e-41,-7.6933255885352e-41,26.472472473305,-11.646487415616,360.31514686655,100000428.51093,-2.336847218289e-13,0.0033454883460342,-0.0038910603658647,-58.319289093778,-3.5349529762588e-07,-151.5134510051,132.3680795772
96.216500000012,6.3855907730071e-41,2.1284876897196e-41,2.5233149945949e-61,0.0028536452305623,1.7317728137351,2.9425462445232,-1.1401625287311e-56,-2.0883710962474e-36,-6.700325907541e-23,0.00081617752394003,4.6915925899723e-23,-4.6916473723705e-23,-0.0017144571037159,-0.0017144540443612,9.5060588768056e-14,9.5061699190429e-14,-4.69161080771e-23,4.6915570590441e-23,-9.5060955361334e-14,-9.5061259508445e-14,-0.0017144597669442,-0.0017144628262857,-0.00062424991556223,1.3953800897155e-42,-2.0883710962474e-42,26.474642667324,-11.64943990108,360.31514686655,100000428.51093,-2.3392586204737e-13,0.0032840729727203,-0.0037906755405666,-54.210054558362,-3.2883127966336e-07,-140.89399860826,123.09336880354
96.316500000012,1.1305961066221e-42,3.7685717777472e-43,4.6633309379823e-63,0.0028536452305623,1.7317946158145,2.8284473016612,-2.2800354977043e-58,-4.2608778398711e-38,-5.8144704398165e-23,0.00070827003821574,4.0713133669147e-23,-4.071360906488e-23,-0.001487787353548,-0.0014877846986731,8.2492552005768e-14,8.2493515618308e-14,-4.0713291760706e-23,4.071282533559e-23,-8.2492870131454e-14,-8.2493134067032e-14,-0.0014877896646688,-0.0014877923195322,-0.00054171733303442,2.6321349768859e-44,-4.2608778398711e-44,26.476810907303,-11.652389970842,360.31514686655,100000428.51093,-2.3415900866009e-13,0.0032226040710408,-0.00369030079137,-50.09907727979,-3.0412081714759e-07,-130.26145513211,113.80679011089
96.416500000012,1.4330964411278e-44,4.7768745431365e-45,6.1283923854229e-65,0.0028536452305623,1.7318163966456,2.7095519723116,-3.2643191759212e-60,-6.2237463935182e-40,-5.0457346347064e-23,0.00061462908781471,3.5330417579409e-23,-3.5330830122691e-23,-0.0012910857930361,-0.0012910834891643,7.1586145474318e-14,7.158698168687e-14,-3.5330554769556e-23,3.533015001088e-23,-7.1586421540352e-14,-7.1586650580794e-14,-0.0012910877986017,-0.0012910901024636,-0.00047009644950553,3.5304842925914e-46,-6.2237463935182e-46,26.478977152704,-11.655337474598,360.31514686655,100000428.51093,-2.343921552729e-13,0.0031610815808451,-0.0035899361162527,-45.986356200778,-2.7935923136084e-07,-119.61580849654,104.50833160993
96.516500000012,1.2219568738862e-46,4.0730827691233e-47,5.3742815720936e-67,0.0028536452305623,1.7318381562053,2.585198571975,-3.1439298179731e-62,-6.1152898770234e-42,-4.3786340075846e-23,0.00053336848264768,3.0659354705514e-23,-3.0659712706118e-23,-0.0011203903037652,-0.0011203883044901,6.2121683706814e-14,6.2122409363033e-14,-3.0659473757642e-23,3.0659122512435e-23,-6.2121923273935e-14,-6.2122122032757e-14,-0.0011203920441733,-0.0011203940434398,-0.00040794462049022,3.1598519166215e-48,-6.1152898770234e-48,26.481141409611,-11.658282646391,360.31514686655,100000428.51093,-2.346235255289e-13,0.0030995054418742,-0.0034895815131925,-41.871890262437,-2.5455343016673e-07,-108.95704660851,95.197981399336
96.616500000013,6.4603086675321e-49,2.1533733543533e-49,2.8939916683772e-69,0.0028536452305623,1.7318598944702,2.4545576860524,-1.8775431268936e-64,-3.7256230188583e-44,-3.7997312899694e-23,0.00046285140733145,2.6605856804432e-23,-2.6606167473489e-23,-0.00097226260217701,-0.00097226086722771,5.390852602832e-14,5.3909155744948e-14,-2.6605960116583e-23,2.6605655309787e-23,-5.390873392208e-14,-5.3908906402839e-14,-0.0009722641124844,-0.00097226584742621,-0.00035400993468885,1.7365273205039e-50,-3.7256230188583e-50,26.483303638567,-11.6612253687,360.31514686655,100000428.51093,-2.3484379355472e-13,0.0030378755937589,-0.0033892369801681,-37.755678404259,-2.2969969388816e-07,-98.285157362039,85.875727565708
96.716500000013,1.8979886303237e-51,6.3264207103462e-52,8.5571011425639e-72,0.0028536452305623,1.731881611417,2.3165658250403,-6.23124684163e-67,-1.2613145434465e-46,-3.2973657654336e-23,0.0004016574511588,2.3088275115283e-23,-2.3088544710534e-23,-0.00084371898294304,-0.00084371747737278,4.6781236520596e-14,4.6781782981883e-14,-2.3088364768451e-23,2.3088100260406e-23,-4.6781416928555e-14,-4.6781566605494e-14,-0.00084372029357147,-0.00084372179913524,-0.0003072059969998,5.2399024210471e-53,-1.2613145434465e-52,26.48546386335,-11.664165543873,360.31514686655,100000428.51093,-2.3506983474033e-13,0.0029761919760216,-0.0032889025151587,-33.637719564127,-2.0479952932142e-07,-87.600128638178,76.541558183598
96.816500000013,2.6613704028643e-54,8.8709011568044e-55,1.1895341976662e-74,0.0028536452305623,1.7319033070223,2.1698209643959,-9.8710770323808e-70,-2.0380687726553e-49,-2.8614183902307e-23,0.00034855399706251,2.0035755725416e-23,-2.0035989677262e-23,-0.00073217021881176,-0.00073216891229415,4.0596251680972e-14,4.0596725894173e-14,-2.0035833525467e-23,2.0035603988243e-23,-4.059640823705e-14,-4.0596538125081e-14,-0.00073217135616096,-0.00073217266267293,-0.00026659004549008,7.432781181005e-56,-2.0380687726553e-55,26.487622113026,-11.667103218979,360.31514686655,100000428.51093,-2.3530919860229e-13,0.0029144545280745,-0.0031885781161441,-29.518012678299,-1.7984850074389e-07,-76.901948304974,67.195461315482
96.916500000013,1.4291631057821e-57,4.7636683060353e-58,6.2096337886853e-78,0.0028536452305623,1.7319249812628,2.0124092078292,-5.9891573937775e-73,-1.2611837580686e-52,-2.4831079675122e-23,0.00030247139326745,1.7386812374858e-23,-1.7387015395743e-23,-0.0006353694063454,-0.00063536827256353,3.5228988652732e-14,3.5229400169825e-14,-1.7386879888902e-23,1.7386680698978e-23,-3.5229124510405e-14,-3.5229237225835e-14,-0.00063537039332474,-0.00063537152710172,-0.00023134396153877,3.9588568790203e-59,-1.2611837580686e-58,26.489778373819,-11.670038498954,360.31514686655,100000428.51093,-2.3555300335638e-13,0.0028526631892199,-0.0030882637811049,-25.396556681413,-1.5485207907219e-07,-66.190604217464,57.837425011767
97.016500000013,2.1006013258352e-61,7.0016375532022e-62,8.6394284747062e-82,0.0028536452305623,1.7319466341149,1.8415973030635,-9.9477185207776e-77,-2.1361032514361e-56,-2.1548142695154e-23,0.00026248140751845,1.5088087951434e-23,-1.5088264130764e-23,-0.00055136670701365,-0.00055136572312999,3.0571335778668e-14,3.0571692888756e-14,-1.5088146539392e-23,1.5087973684528e-23,-3.0571453674489e-14,-3.0571551487721e-14,-0.00055136756350366,-0.00055136854738307,-0.00020075779064468,5.6188116111297e-63,-2.1361032514361e-62,26.49193260056,-11.67297133702,360.31514686655,100000428.51093,-2.3580169309186e-13,0.0027908178986502,-0.0029879595080222,-21.273350506479,-1.2980619364951e-07,-55.46608421764,48.467437310835
97.116500000013,4.873529842312e-66,1.6244043319648e-66,1.8263650151957e-86,0.0028536452305623,1.7319682655552,1.6532369571395,-2.6087845571661e-81,-5.7108731713458e-61,-1.8699245449077e-23,0.00022777852989208,1.3093279729607e-23,-1.3093432616126e-23,-0.00047847007200377,-0.00047846921820016,2.6529474930572e-14,2.6529784826848e-14,-1.3093330571603e-23,1.309318057002e-23,-2.6529577239292e-14,-2.6529662120558e-14,-0.00047847081525655,-0.00047847166905647,-0.00017421544196121,1.2113776739156e-67,-5.7108731713458e-67,26.494084853698,-11.67590164973,360.31514686655,100000428.51093,-2.3605082691658e-13,0.0027289185954467,-0.0028876652948778,-17.148393084879,-1.0471552779358e-07,-44.728376134435,39.085486239151
97.216500000013,6.576164252321e-72,2.1918675658259e-72,2.1164149977704e-92,0.0028536452305623,1.7319898755602,1.4404604289579,-3.98113832879e-87,-8.8799076085318e-67,-1.6227003195198e-23,0.00019766374757857,1.1362206704358e-23,-1.1362339377629e-23,-0.00041521115963504,-0.0004152104187135,2.302199175029e-14,2.3022260674931e-14,-1.1362250824494e-23,1.136212065474e-23,-2.3022080532692e-14,-2.3022154191738e-14,-0.00041521180462178,-0.00041521254554013,-0.00015118227850722,1.4308422478366e-73,-8.8799076085318e-73,26.496235128268,-11.678829516726,360.31514686655,100000428.51093,-2.3628530579745e-13,0.0026669652185802,-0.0027873811396536,-13.021683346351,-7.9573741874405e-08,-33.97746778369,29.691559811658
97.316500000013,6.1884292494648e-80,2.0625542407648e-80,1.5401493772467e-100,0.0028536452305623,1.7320114641063,1.1902445369383,-4.2420560723009e-95,-9.6290906647784e-75,-1.4081618074592e-23,0.00017153046481298,9.8600002336038e-24,-9.8601153660346e-24,-0.00036031575885925,-0.00036031511589553,1.9978235737325e-14,1.9978469107224e-14,-9.8600385205809e-24,9.859925560675e-24,-1.9978312781735e-14,-1.9978376702259e-14,-0.00036031631857177,-0.00036031696153271,-0.00013119434808612,1.0600145454894e-81,-9.6290906647784e-81,26.498383388049,-11.681754883192,360.31514686655,100000428.51093,-2.3653133099783e-13,0.0026049577069109,-0.0026871070403329,-8.893220219008,-5.4384836056888e-08,-23.213346968145,20.285646033295
97.416500000013,9.9454995346358e-93,3.3144246964759e-93,1.5071560576549e-113,0.0028536452305623,1.7320330311698,0.87089601310435,-7.750815178418e-108,-1.7830922584717e-87,-1.2219876043246e-23,0.00014885228434345,8.556401686424e-24,-8.5565015971036e-24,-0.00031267812309387,-0.00031267756513691,1.7336897150574e-14,1.7337099666451e-14,-8.5564349114491e-24,8.556336886063e-24,-1.733696400888e-14,-1.7337019478421e-14,-0.00031267860880635,-0.00031267916676091,-0.00011384903799369,1.0515577545749e-94,-1.7830922584717e-93,26.500529737684,-11.684677915726,360.31514686655,100000428.51093,-2.3678002073349e-13,0.0025428959991871,-0.002586842994899,-4.7630026293124,-2.9146985996863e-08,-12.436001477404,10.867732908545
97.516500000013,1.4503929084072e-127,4.829254214768e-128,3.4884576642948e-149,0.0028536452305623,1.7320545767272,0.31663807321799,-1.3539938099525e-142,-2.9938606133849e-122,-1.0604274214798e-23,0.00012917237745218,7.4251514052752e-24,-7.4252381066657e-24,-0.0002713386409585,-0.00027133815676958,1.5044768929554e-14,1.5044944670608e-14,-7.4251802375871e-24,7.4250951722337e-24,-1.5044826948458e-14,-1.5044875084316e-14,-0.00027133906245446,-0.00027133954664129,-9.8796945103258e-05,2.3352746544247e-130,-2.9938606133849e-128,26.502674116266,-11.68759842307,360.31514686655,100000428.51093,-2.3703936861028e-13,0.0024807800340457,-0.0024865890013361,-0.63102950208079,-3.8591544049187e-09,-1.6454190879155,1.4378088279668
97.616500000013,4.9500592113867e-104,1.6506441930594e-104,6.8167553232016e-125,0.0028536452305623,1.7320761053383,0,4.7678566442915e-119,1.1792092640827e-98,-9.2022715443351e-24,0.00011209435641371,6.4434640320593e-24,-6.4435392705643e-24,-0.00023546466302112,-0.00023546424284734,1.3055683605233e-14,1.305583611137e-14,-6.4434890524197e-24,6.4434152336496e-24,-1.3055733953394e-14,-1.3055775725158e-14,-0.00023546502879064,-0.0002354654489626,-8.5734892809083e-05,5.1205136668027e-106,1.1792092640827e-104,1.035421027292e-12,0,360.31514686655,100000428.51093,-2.3729649613617e-13,0.0024186176506264,-0.0023863450576289,3.5021749738032,1.0866495615987e-08,9.155667011795,8.0016698243705
97.716500000013,1.188583111005e-85,3.9625880055007e-86,4.1295934354216e-106,0.0028536452305623,1.7320976265896,0,1.324793974736e-100,3.262136242417e-80,-7.9856318352339e-24,9.7274271555096e-05,5.5915684791189e-24,-5.5916337702807e-24,-0.00020433369087566,-0.0002043333262534,1.1329581193773e-14,1.1329713536951e-14,-5.5915901915174e-24,5.5915261323861e-24,-1.1329624885363e-14,-1.1329661134449e-14,-0.0002043340082865,-0.00020433437290719,-7.4399813794808e-05,3.0882447389164e-87,3.262136242417e-86,1.035091428257e-12,0,360.31514686655,100000428.51093,-2.3757049907915e-13,0.0023564253584639,-0.002286111161763,7.6355111251181,2.3706500018401e-08,19.961511647942,17.445533311178
97.816500000013,6.9710978714258e-76,2.3239407423515e-76,4.2754788411557e-96,0.0028536452305623,1.73211914075,0,8.8986690756002e-91,2.2046212295189e-70,-6.929845038876e-24,8.4413562014235e-05,4.8523027211939e-24,-4.8523593801588e-24,-0.00017731856955167,-0.00017731825313641,9.8316881679673e-15,9.8318030139475e-15,-4.8523215629787e-24,4.8522659731566e-24,-9.8317260830574e-15,-9.831757539622e-15,-0.00017731884499736,-0.00017731916141126,-6.4563354679643e-05,3.2173657725979e-77,2.2046212295189e-76,1.0353159207692e-12,0,360.31514686655,100000428.51093,-2.3784938700343e-13,0.0022942036102595,-0.0021858873117235,11.76894756276,3.655990301358e-08,30.771950367956,26.893634643876
97.916500000013,3.3586725421242e-69,1.1196431938689e-69,3.1811752064651e-89,0.0028536452305623,1.7321406478103,0,4.9000434288464e-84,1.2239800531862e-63,-6.0136446625238e-24,7.3253177207245e-05,4.2107758826582e-24,-4.2108250506958e-24,-0.00015387513910754,-0.0001538748645258,8.5318327817161e-15,8.5319324438171e-15,-4.2107922333555e-24,4.2107439931084e-24,-8.5318656840217e-15,-8.5318929816887e-15,-0.00015387537813634,-0.0001538756527169,-5.6027381721488e-05,2.4140208289768e-70,1.2239800531862e-69,1.0351920313148e-12,0,360.31514686655,100000428.51093,-2.3812383403562e-13,0.0022319523797469,-0.0020856735054977,15.902484747627,4.9429295177144e-08,41.586985185925,36.345975809672
98.016500000013,4.0286487917514e-64,1.3429644244617e-64,5.49044426018e-84,0.0028536452305623,1.7321621477613,0,6.7122909506868e-79,1.6917842001288e-58,-5.2185758735187e-24,6.3568315835921e-05,3.6540658225077e-24,-3.6541084899996e-24,-0.00013353118342445,-0.00013353094514538,7.4038323196957e-15,7.4039188053903e-15,-3.6540800114662e-24,3.6540381491009e-24,-7.403860871961e-15,-7.4038845605815e-15,-0.00013353139085106,-0.00013353162912911,-4.8619956601405e-05,4.2047396380771e-65,1.6917842001288e-64,1.035387065208e-12,0,360.31514686655,100000428.51093,-2.3840050151385e-13,0.0021696716406266,-0.0019854697410725,20.036123141045,6.2316008296883e-08,52.406618118051,45.802558821271
98.116500000013,4.9975729850102e-60,1.6659415459113e-60,9.3797276270184e-80,0.0028536452305623,1.7321836405939,0,9.5058899771464e-75,2.4183879820312e-54,-4.5286237674445e-24,5.5163897762181e-05,3.1709588463753e-24,-3.1709958727639e-24,-0.00011587691845577,-0.00011587671167976,6.4249657043963e-15,6.4250407557478e-15,-3.1709711594003e-24,3.1709348316919e-24,-6.4249904817438e-15,-6.4250110384727e-15,-0.00011587709845834,-0.00011587730523345,-4.2191873103645e-05,7.2520744257268e-61,2.4183879820312e-60,1.0352926806987e-12,0,360.31514686655,100000428.51093,-2.3867628081366e-13,0.0021073613665588,-0.0018852760164355,24.169863204767,7.5217350430582e-08,63.230851182656,55.263385696639
98.216500000013,1.3332001828411e-56,4.4441920851981e-57,3.3445011022631e-76,0.0028536452305623,1.7322051262989,0,2.8944405502343e-71,7.4343807433367e-51,-3.929890783256e-24,4.7870634549623e-05,2.7517238314294e-24,-2.7517559625294e-24,-0.00010055673803267,-0.00010055655859468,5.575515830208e-15,5.5755809589601e-15,-2.7517345165394e-24,2.7517029917465e-24,-5.5755373317224e-15,-5.5755551706298e-15,-0.00010055689423695,-0.00010055707367417,-3.6613651686037e-05,2.611159561e-57,7.4343807433367e-57,1.0354117888868e-12,0,360.31514686655,100000428.51093,-2.3895827736238e-13,0.0020450215311667,-0.0017850923295758,28.303705400978,8.8134848062357e-08,74.059686400189,64.728458456487
98.316500000013,1.1716439659249e-53,3.9056270999206e-54,3.8443308658082e-73,0.0028536452305623,1.7322266048671,0,2.9030053546717e-68,7.5288477311269e-48,-3.4103167676116e-24,4.1541619521937e-05,2.3879162144005e-24,-2.387944097422e-24,-8.7262050963416e-05,-8.726189524907e-05,4.8383724058837e-15,4.8384289239111e-15,-2.3879254868236e-24,2.3878981299489e-24,-4.8383910646656e-15,-4.8384065450767e-15,-8.7262186515806e-05,-8.7262342229479e-05,-3.1772931400636e-05,3.0311500163777e-54,7.5288477311269e-54,1.0352686508845e-12,0,360.31514686655,100000428.51093,-2.3923272439453e-13,0.0019826521080367,-0.0016849186784816,32.437650192293,1.0107070135119e-07,84.893125793231,74.197779123691
98.416500000013,4.4452499647527e-51,1.4817996782957e-51,1.8765739652649e-70,0.0028536452305623,1.7322480762893,0,1.2568890192179e-65,3.2916450307023e-45,-2.9594360497258e-24,3.6049368652435e-05,2.0722078945091e-24,-2.0722320910939e-24,-7.5725065145489e-05,-7.5724930018262e-05,4.1986873055194e-15,4.198736351253e-15,-2.0722159410177e-24,2.0721922010173e-24,-4.1987034974088e-15,-4.1987169311422e-15,-7.5725182776389e-05,-7.5725317903032e-05,-2.7572206630635e-05,1.4944194398767e-51,3.2916450307023e-51,1.0350161126553e-12,0,360.31514686655,100000428.51093,-2.3950406280222e-13,0.0019202530707162,-0.0015847550611427,36.571698041758,1.1402063329684e-07,95.731171386488,83.671349723104
98.516500000013,8.7368414918925e-49,2.9123685318631e-49,4.6844734132711e-68,0.0028536452305623,1.7322695405562,0,2.8189037835427e-63,7.4551363226273e-43,-2.5681666335501e-24,3.1283252679952e-05,1.7982396250632e-24,-1.7982606225981e-24,-6.5713393485246e-05,-6.5713276223298e-05,3.643575485858e-15,3.6436180472158e-15,-1.7982466077364e-24,1.7982260064206e-24,-3.6435895370047e-15,-3.6436011946535e-15,-6.571349556407e-05,-6.5713612825512e-05,-2.392686305511e-05,3.7680104452743e-49,7.4551363226273e-49,1.0352259218304e-12,0,360.31514686655,100000428.51093,-2.3978339481566e-13,0.001857824392715,-0.0014846014755492,40.705849412854,1.2698825192571e-07,106.57382520681,93.149172281484
98.616500000014,1.0117351283279e-46,3.3725432982148e-47,6.8185389104734e-66,0.0028536452305623,1.7322909976587,0,3.7247826801477e-61,9.9483843133105e-41,-2.2286272610254e-24,2.7147268726761e-05,1.5604929204816e-24,-1.5605111419155e-24,-5.7025372973271e-05,-5.702527121462e-05,3.1618554455564e-15,3.161892379843e-15,-1.5604989799699e-24,1.5604811023706e-24,-3.1618676389898e-15,-3.1618777553715e-15,-5.7025461556172e-05,-5.7025563314384e-05,-2.0763473280441e-05,5.5399325152e-47,9.9483843133105e-47,1.0350484403239e-12,0,360.31514686655,100000428.51093,-2.4007338497017e-13,0.0017953660475054,-0.0013844579196919,44.840104769494,1.3997223102479e-07,117.42108928318,102.63124882747
98.716500000014,7.5853366324264e-45,2.528509527226e-45,6.3708667049708e-64,0.0028536452305623,1.7323124475874,0,3.186434575713e-59,8.5949899841213e-39,-1.933978661548e-24,2.3558106532677e-05,1.3541788985923e-24,-1.3541947109558e-24,-4.9486002628533e-05,-4.9485914323474e-05,2.7438239985416e-15,2.7438560497165e-15,-1.3541841569508e-24,1.3541686429632e-24,-2.7438345798713e-15,-2.7438433587581e-15,-4.9486079499817e-05,-4.9486167804495e-05,-1.8018317807671e-05,5.2286096466369e-45,8.5949899841213e-45,1.0351694339087e-12,0,360.31514686655,100000428.51093,-2.4035582560807e-13,0.0017328780085211,-0.0012843243915622,48.974464576024,1.5297159037832e-07,128.27296564674,112.11758139155
98.816500000014,3.9533564957743e-43,1.3178163649733e-43,4.1084153314329e-62,0.0028536452305623,1.7323338903332,0,1.8948853427453e-57,5.1620408566097e-37,-1.6782857899719e-24,2.0443470353903e-05,1.1751418191802e-24,-1.1751555409785e-24,-4.2943418490204e-05,-4.2943341860028e-05,2.3810608247614e-15,2.3810886384247e-15,-1.175146382327e-24,1.1751329194561e-24,-2.381070007125e-15,-2.381077625348e-15,-4.2943485198274e-05,-4.2943561828119e-05,-1.5636101543958e-05,3.4060118361047e-43,5.1620408566097e-43,1.0353124483083e-12,0,360.31514686655,100000428.51093,-2.4062938446181e-13,0.0016703602491579,-0.0011842008891521,53.108929297229,1.6598615253341e-07,139.12945633076,121.6081720061
98.916500000014,1.5132750606035e-41,5.0443602391851e-42,1.9340364036647e-60,0.0028536452305623,1.7323553258867,0,8.2758874131723e-56,2.2769756986439e-35,-1.456398278235e-24,1.7740622724971e-05,1.0197753757807e-24,-1.019787283409e-24,-3.7265834653646e-05,-3.7265768154807e-05,2.0662588614381e-15,2.0662829978347e-15,-1.0197793356301e-24,1.0197676526963e-24,-2.0662668297941e-15,-2.0662734408058e-15,-3.7265892542189e-05,-3.726595904074e-05,-1.356884000508e-05,1.6196750605701e-41,2.2769756986439e-41,1.0352886938942e-12,0,360.31514686655,100000428.51093,-2.4090560785077e-13,0.0016078127427731,-0.001084087410454,57.24349939833,1.7902045185333e-07,149.99056337067,131.10302270531
99.016500000014,4.4429479434571e-40,1.4810128953681e-40,6.946724279236e-59,0.0028536452305623,1.7323767542387,0,2.7723123586602e-54,7.7036563692749e-34,-1.2638466925715e-24,1.5395120751095e-05,8.84950054602e-25,-8.8496038791321e-25,-3.2338888734479e-05,-3.2338831027505e-05,1.7930771184308e-15,1.793098063735e-15,-8.8495349091657e-25,8.8494335259278e-25,-1.7930840332841e-15,-1.7930897702486e-15,-3.2338938969531e-05,-3.2338996676256e-05,-1.1774892773998e-05,5.8767938928826e-40,7.7036563692749e-40,1.0352762532694e-12,0,360.31514686655,100000428.51093,-2.4118049897209e-13,0.0015452354626866,-0.0009839839534613,61.378175344983,1.9207027747501e-07,160.85628880407,140.60213552527
99.116500000014,1.0359858910233e-38,3.4533526415562e-39,1.9726309106976e-57,0.0028536452305623,1.7323981753799,0,7.3755544412084e-53,2.0699733389472e-32,-1.0967525066425e-24,1.3359719476317e-05,7.6795009738351e-25,-7.6795906451935e-25,-2.8063338290981e-05,-2.8063288213492e-05,1.5560129529959e-15,1.5560311291046e-15,-7.6795307938017e-25,7.6794428145231e-25,-1.5560189536308e-15,-1.5560239321066e-15,-2.8063381884416e-05,-2.8063431961689e-05,-1.0218124746644e-05,1.6858071195463e-38,2.0699733389472e-38,1.0350790496171e-12,0,360.31514686655,100000428.51093,-2.4146471596685e-13,0.0014826283821793,-0.00088389051616765,65.512957603283,2.051367270177e-07,171.72663467068,150.10551250391
99.216500000014,1.9737693419144e-37,6.5793504953566e-38,4.5586404507754e-56,0.0028536452305623,1.7324195893009,0,1.6032589280262e-51,4.5445680015424e-31,-9.5174997718996e-25,1.159342023824e-05,6.664187984446e-25,-6.6642658002821e-25,-2.4353061804327e-05,-2.4353018347624e-05,1.3502912312047e-15,1.3503070042355e-15,-6.6642138618909e-25,6.6641375144233e-25,-1.3502964384908e-15,-1.3503007587584e-15,-2.435309963424e-05,-2.4353143090756e-05,-8.8671782700676e-06,3.9355246121459e-37,4.5445680015424e-37,1.0351861235042e-12,0,360.31514686655,100000428.51093,-2.4174893296159e-13,0.0014199914744935,-0.00078380709656751,69.647846639764,2.1821899490386e-07,182.60160301244,159.61315568102
99.316500000014,3.1454455720641e-36,1.0484998837443e-36,8.780767625925e-55,0.0028536452305623,1.7324409959925,0,2.9150975885157e-50,8.3457184771979e-30,-8.2591834857448e-25,1.0060644840537e-05,5.783110340548e-25,-5.7831778682899e-25,-2.1133323950843e-05,-2.1133286239585e-05,1.1717681434192e-15,1.171781831085e-15,-5.7831327967151e-25,5.7830665432076e-25,-1.1717726622459e-15,-1.1717764113274e-15,-2.1133356779232e-05,-2.1133394490327e-05,-7.6948415117935e-06,7.6578685769796e-36,8.3457184771979e-36,1.0353842627349e-12,0,360.31514686655,100000428.51093,-2.4203048542105e-13,0.0013573247128333,-0.00068373369265582,73.782842921402,2.3131816103775e-07,193.4811958734,169.12506709824
99.416500000014,4.2758103424726e-35,1.4252934110453e-35,1.438176819439e-53,0.0028536452305623,1.7324623954453,0,4.5211692326877e-49,1.3073304661379e-28,-7.1672302060466e-25,8.7305189087828e-06,5.0185206793403e-25,-5.0185792791852e-25,-1.8339270223997e-05,-1.8339237498575e-05,1.0168477364007e-15,1.0168596144091e-15,-5.0185401665595e-25,5.0184826724814e-25,-1.0168516577897e-15,-1.0168549112021e-15,-1.8339298712119e-05,-1.8339331437399e-05,-6.6775003375644e-06,1.2670629109474e-34,1.3073304661379e-34,1.0353412520879e-12,0,360.31514686655,100000428.51093,-2.4233024553812e-13,0.0012946280703643,-0.00058367030242811,77.917946915611,2.4443297541255e-07,204.36541529982,178.64124879912
99.516500000014,5.0406341115342e-34,1.6802375551678e-34,2.0370253226548e-52,0.0028536452305623,1.73248378765,0,6.0810291293248e-48,1.7759778817056e-27,-6.2196449461535e-25,7.5762499943838e-06,4.3550180311067e-25,-4.3550688834191e-25,-1.5914620583638e-05,-1.5914592184871e-05,8.8240948077495e-16,8.8241978838236e-16,-4.355034941905e-25,4.3549850491651e-25,-8.8241288371394e-16,-8.824157069901e-16,-1.5914645305323e-05,-1.5914673703968e-05,-5.7946626567726e-06,1.8129870086027e-33,1.7759778817056e-33,1.035314334988e-12,0,360.31514686655,100000428.51093,-2.4261623888969e-13,0.0012319015202132,-0.00048361692388087,82.053159090251,2.575656609417e-07,215.25426334011,188.16170282903
99.616500000014,5.2263396818559e-33,1.7421391779607e-33,2.5311676352184e-51,0.0028536452305623,1.7325051725971,0,7.1936223408825e-47,2.1219515977464e-26,-5.3973406942583e-25,6.574587899885e-06,3.7792376007022e-25,-3.7792817297895e-25,-1.381053581891e-05,-1.3810511174766e-05,7.6574541486189e-16,7.6575435969225e-16,-3.7792522757103e-25,3.7792089793296e-25,-7.6574836789558e-16,-7.6575081790413e-16,-1.381055727212e-05,-1.3810581916158e-05,-5.0285456545618e-06,2.2757947594776e-32,2.1219515977464e-32,1.0352521053375e-12,0,360.31514686655,100000428.51093,-2.4291022584702e-13,0.0011691450354683,-0.00038357355501079,86.18847991362,2.7071559452189e-07,226.14774204488,197.68643123526
99.716500000014,4.8239959728621e-32,1.6080216058632e-32,2.7934481338544e-50,0.0028536452305623,1.7325265502774,0,7.575543838052e-46,2.2569932810102e-25,-4.6837539477092e-25,5.705356355104e-06,3.2795815632781e-25,-3.2796198580234e-25,-1.1984633790231e-05,-1.1984612404309e-05,6.6450559876923e-16,6.6451336099639e-16,-3.2795942980916e-25,3.2795567259602e-25,-6.6450816137997e-16,-6.6451028747092e-16,-1.1984652407096e-05,-1.1984673792925e-05,-4.3637175963054e-06,2.5372775780825e-31,2.2569932810102e-31,1.0351461527239e-12,0,360.31514686655,100000428.51093,-2.4320421280435e-13,0.0011063585891789,-0.00028354019381498,90.323909854463,2.8388047563246e-07,237.04585346691,207.21543606695
99.816500000014,4.0054895978518e-31,1.335181492957e-31,2.7675015198065e-49,0.0028536452305623,1.7325479206815,0,7.1765939965831e-45,2.1595559036279e-24,-4.0645110778386e-25,4.9510466107381e-06,2.8459854517206e-25,-2.8460186834868e-25,-1.0400135734726e-05,-1.0400117176254e-05,5.7665078004456e-16,5.7665751602143e-16,-2.8459965028541e-25,2.8459638981644e-25,-5.7665300385047e-16,-5.7665484884924e-16,-1.040015189024e-05,-1.0400170448631e-05,-3.7867869894014e-06,2.5394019822899e-30,2.1595559036279e-30,1.0350453316845e-12,0,360.31514686655,100000428.51093,-2.4349819976166e-13,0.0010435421543554,-0.00018351683829165,94.459449381971,2.9706239840515e-07,247.94859966116,216.74871937511
99.916500000014,3.019253603622e-30,1.0064311320419e-30,2.484258996083e-48,0.0028536452305623,1.7325692837999,0,6.1718796813001e-44,1.8758321284448e-23,-3.5271388049649e-25,4.2964647632873e-06,2.4697154301932e-25,-2.469744268361e-25,-9.0251254392842e-06,-9.0251093344427e-06,5.0041131743945e-16,5.0041716284741e-16,-2.4697250202475e-25,2.46969672625e-25,-5.004132472342e-16,-5.004148483042e-16,-9.0251394588645e-06,-9.0251555636364e-06,-3.2861328412362e-06,2.3028068506374e-29,1.8758321284448e-29,1.0351797602226e-12,0,360.31514686655,100000428.51093,-2.4378730173767e-13,0.00098069570396954,-8.3503486439334e-05,98.595098965775,3.1025988767678e-07,258.85598268479,226.28628321267
100.01650000001,2.082596330966e-29,6.9420759323396e-30,2.0370534408394e-47,0.0028536452305623,1.7325906396232,0,4.8571039575549e-43,1.4910253520401e-22,-3.0608129517278e-25,3.7284257074319e-06,2.1431923703077e-25,-2.1432173957582e-25,-7.831906358957e-06,-7.8318923833495e-06,4.3425153539571e-16,4.342566079776e-16,-2.1432006924533e-25,2.1431761392279e-25,-4.3425321005075e-16,-4.34254599442e-16,-7.8319185249973e-06,-7.8319325005444e-06,-2.85167057996e-06,1.9075713766377e-28,1.4910253520401e-28,1.0352924539432e-12,0,360.31514686655,100000428.51093,-2.4407995642735e-13,0.00091781921095338,1.6499863742573e-05,102.73085907596,3.2347776812981e-07,269.76800459716,235.82812963441
100.11650000001,1.3238117710074e-28,4.4127599918616e-29,1.5368061866995e-46,0.0028536452305623,1.7326119881421,0,3.5225118660017e-42,1.0921737539345e-21,-2.656140413946e-25,3.2354875512124e-06,1.8598391863252e-25,-1.8598609031408e-25,-6.7964437312392e-06,-6.796431603358e-06,3.7683879125366e-16,3.7684319318542e-16,-1.8598464081932e-25,1.8598251011694e-25,-3.7684024450121e-16,-3.7684145019992e-16,-6.7964542887976e-06,-6.7964664166264e-06,-2.4746489230637e-06,1.4538371094112e-27,1.0921737539345e-27,1.0351097055212e-12,0,360.31514686655,100000428.51093,-2.4438415743648e-13,0.00085491264820044,0.00011649321425457,106.86673018305,3.367090667799e-07,280.68466745981,245.37426069704
100.21650000001,7.8031125914511e-28,2.6010683477951e-28,1.0735081271255e-45,0.0028536452305623,1.732633329347,0,2.3689048700186e-41,7.4185487269274e-21,-2.3049699572836e-25,2.8077211443918e-06,1.6139483542927e-25,-1.6139671999106e-25,-5.8978804488736e-06,-5.8978699244293e-06,3.2701663210958e-16,3.2702045205841e-16,-1.6139546213517e-25,1.6139361313467e-25,-3.270178932221e-16,-3.2701893951442e-16,-5.8978896106087e-06,-5.8979001350075e-06,-2.1474736021249e-06,1.0259369932087e-26,7.4185487269274e-27,1.0351640218381e-12,0,360.31514686655,100000428.51093,-2.4468125301826e-13,0.00079197598856518,0.00021647656709605,111.00271275804,3.4995935096038e-07,291.6059733365,254.92467845913
100.31650000001,4.2888110751848e-27,1.4296200867446e-27,6.9825769588562e-45,0.0028536452305623,1.7326546632286,0,1.485490478994e-40,4.6986553624778e-20,-2.0002280286407e-25,2.4365100776576e-06,1.4005669465815e-25,-1.4005833006051e-25,-5.1181169394987e-06,-5.1181078064996e-06,2.8378150062664e-16,2.8378481553696e-16,-1.4005723850676e-25,1.400556339641e-25,-2.8378259500646e-16,-2.8378350296763e-16,-5.1181248899534e-06,-5.118134022913e-06,-1.8635543930465e-06,6.7414003322389e-26,4.6986553624778e-26,1.0351456356624e-12,0,360.31514686655,100000428.51093,-2.4498634220581e-13,0.00072900920486234,0.00031644992426616,115.13880727233,3.6322605673842e-07,302.53192429317,264.47938498116
100.41650000001,2.2089431658169e-26,7.3632257258414e-27,4.2505398736562e-44,0.0028536452305623,1.7326759897774,0,8.729120273354e-40,2.78873228738e-19,-1.7357762750517e-25,2.1143771240904e-06,1.2153968661012e-25,-1.2154110579463e-25,-4.4414465897467e-06,-4.4414386642288e-06,2.4626252058923e-16,2.462653972326e-16,-1.2154015855607e-25,1.2153876615128e-25,-2.4626347028022e-16,-2.4626425819911e-16,-4.4414534890654e-06,-4.4414614145491e-06,-1.6171723705505e-06,4.1456989616238e-25,2.78873228738e-25,1.0351084237058e-12,0,360.31514686655,100000428.51093,-2.4528477005519e-13,0.0006660122698677,0.00041641328776325,119.27501419781,3.765095155461e-07,313.46252239801,274.03838232552
100.51650000001,1.0708809360275e-25,3.5696416186548e-26,2.4325352036717e-43,0.0028536452305623,1.7326973089838,0,4.8281409424474e-39,1.5579341154983e-18,-1.506287900125e-25,1.8348336269451e-06,1.0547082706287e-25,-1.0547205861585e-25,-3.8542393702133e-06,-3.8542324925345e-06,2.1370395502541e-16,2.1370645134545e-16,-1.0547123661247e-25,1.0547002829863e-25,-2.1370477915699e-16,-2.137054629045e-16,-3.8542453573676e-06,-3.8542522350167e-06,-1.4033647130613e-06,2.3968025536881e-24,1.5579341154983e-24,1.0351857742117e-12,0,360.31514686655,100000428.51093,-2.455787570125e-13,0.00060298515631718,0.00051636665958518,123.41133400681,3.898086399222e-07,324.39776972137,283.60167255651
100.61650000001,4.9062056732808e-25,1.6354190249912e-25,1.3141176027825e-42,0.0028536452305623,1.7327186208385,0,2.5236970354177e-38,8.2250638376371e-18,-1.3071403674966e-25,1.5922487999938e-06,9.1526444337559e-26,-9.1527513065933e-26,-3.3446672886243e-06,-3.3446613202489e-06,1.8544998355503e-16,1.8545214983459e-16,-9.1526799740276e-26,9.1525751178583e-26,-1.8545069872751e-16,-1.8545129207621e-16,-3.3446724842121e-06,-3.3446784525617e-06,-1.2178247376281e-06,1.3080577765121e-23,8.2250638376371e-24,1.0350889277517e-12,0,360.31514686655,100000428.51093,-2.4589006344895e-13,0.00053992783690727,0.00061631004172876,127.54776717212,4.0312629594804e-07,335.33766833587,293.16925774031
100.71650000001,2.1319161692491e-24,7.1064596310567e-25,6.7262416168266e-42,0.0028536452305623,1.7327399253319,0,1.2511640466596e-37,4.1185968749056e-17,-1.1343222900464e-25,1.3817363077754e-06,7.9425659647878e-26,-7.9426587078816e-26,-2.9024661410571e-06,-2.9024609617654e-06,1.609314923368e-16,1.609333722108e-16,-7.9425968062517e-26,7.9425058132007e-26,-1.6093211295575e-16,-1.6093262785734e-16,-2.902470649732e-06,-2.9024758290014e-06,-1.0568151513095e-06,6.7637070143852e-23,4.1185968749056e-23,1.03483779398e-12,0,360.31514686655,100000428.51093,-2.4617205999757e-13,0.00047684028429532,0.00071624343619104,131.68431416696,4.1646213439739e-07,346.28222031632,302.74113994503
100.81650000001,8.8153572403538e-24,2.9384815536795e-24,3.2728622250166e-41,0.0028536452305623,1.7327612224544,0,5.9025097150645e-37,1.9624776601882e-16,-9.8435262936597e-26,1.1990558411557e-06,6.8924729417349e-26,-6.8925534231897e-26,-2.5187287622155e-06,-2.5187242676821e-06,1.3965461052669e-16,1.3965624186104e-16,-6.892499705624e-26,6.8924207428373e-26,-1.3965514909311e-16,-1.3965559591915e-16,-2.5187326747949e-06,-2.5187371693089e-06,-9.170927716591e-07,3.3247553024182e-22,1.9624776601882e-22,1.0353063652336e-12,0,360.31514686655,100000428.51093,-2.4647848145274e-13,0.00041372247109868,0.00081616684496788,135.82097546502,4.2981307869884e-07,357.23142773977,312.31732124072
100.91650000001,3.4789810564655e-23,1.1596715564957e-23,1.5185275847468e-40,0.0028536452305623,1.7327825121967,0,2.6576730657846e-36,8.9248827388521e-16,-8.5421057792863e-26,1.0405277056441e-06,5.9812135603367e-26,-5.9812834012738e-26,-2.1857256102116e-06,-2.1857217099041e-06,1.2119076233873e-16,1.2119217799306e-16,-5.9812367857506e-26,5.9811682626973e-26,-1.2119122970086e-16,-1.2119161745167e-16,-2.1857290055058e-06,-2.1857329057965e-06,-7.9584319996167e-07,1.5583832095409e-21,8.9248827388521e-22,1.0351831664059e-12,0,360.31514686655,100000428.51093,-2.4677912974814e-13,0.00035057436989516,0.00091608027005469,139.95775154045,4.431831248608e-07,368.18529268548,321.89780369932
101.01650000001,1.3139833365181e-22,4.3799857198518e-23,6.7369625216608e-40,0.0028536452305623,1.732803794549,0,1.1452284207732e-35,3.8844180972176e-15,-7.412747115922e-26,9.0295870197784e-07,5.1904325133285e-26,-5.1904931205393e-26,-1.8967490718132e-06,-1.8967456871685e-06,1.0516803432391e-16,1.0516926281344e-16,-5.1904526680918e-26,5.1903932045264e-26,-1.0516843989571e-16,-1.0516877638167e-16,-1.8967520182128e-06,-1.8967554028429e-06,-6.9062413131383e-07,6.9844988665972e-21,3.8844180972176e-21,1.0351507169957e-12,0,360.31514686655,100000428.51093,-2.4707267261621e-13,0.00028739595322253,0.0010159837134464,144.09464286784,4.5656838813459e-07,379.14381723497,331.48258939469
101.11650000001,4.7614129556251e-22,1.5871522445186e-22,2.8652076833701e-39,0.0028536452305623,1.732825069502,0,4.7346837958112e-35,1.6220252968812e-14,-6.4327018678906e-26,7.835778057831e-07,4.5042012632446e-26,-4.5042538575274e-26,-1.6459783515647e-06,-1.6459754144067e-06,9.1263683960587e-17,9.126475003053e-17,-4.5042187533305e-26,4.5041671514908e-26,-9.1264035911416e-17,-9.1264327910299e-17,-1.6459809084185e-06,-1.6459838455638e-06,-5.9931615948967e-07,3.0008664878778e-20,1.6220252968812e-20,1.0352216946946e-12,0,360.31514686655,100000428.51093,-2.473724327332e-13,0.000224187193579,0.0011158771771369,148.23164992226,4.6996994009205e-07,390.10700347197,341.07168040265
101.21650000001,1.6591397516467e-21,5.5305155006142e-22,1.1708769683719e-38,0.0028536452305623,1.7328463370459,0,1.8823097997073e-34,6.5131399966958e-14,-5.5822291878439e-26,6.7998034989423e-07,3.908697196914e-26,-3.9087428376644e-26,-1.4283622215367e-06,-1.428359672703e-06,7.9197638584806e-17,7.919856370878e-17,-3.9087123746216e-26,3.9086675951025e-26,-7.9197944003932e-17,-7.9198197397406e-17,-1.428364440347e-06,-1.4283669891697e-06,-5.2008008503897e-07,1.2388569151385e-19,6.5131399966958e-20,1.0350249931431e-12,0,360.31514686655,100000428.51093,-2.4767263693941e-13,0.00016094806342235,0.0012157606631202,152.36877317922,4.8338995635613e-07,401.07485348247,350.66507880091
101.31650000001,5.5711409542065e-21,1.8570632829339e-21,4.6074504442722e-38,0.0028536452305623,1.7328675971713,0,7.2111652955842e-34,2.5202131769648e-13,-4.8441981794099e-26,5.9007958202151e-07,3.3919251983397e-26,-3.3919648048901e-26,-1.2395172636834e-06,-1.2395150518342e-06,6.8726853442718e-17,6.8727656255286e-17,-3.3919383693906e-26,3.3918995102075e-26,-6.8727118482129e-17,-6.8727338374241e-17,-1.2395191891438e-06,-1.2395214009835e-06,-4.513198644281e-07,4.9248127870859e-19,2.5202131769648e-19,1.0353491834169e-12,0,360.31514686655,100000428.51093,-2.4797150887796e-13,9.767853517055e-05,0.0013156341733892,156.5060131147,4.9682895126393e-07,412.04736935471,360.26278666916
101.41650000001,1.8061784650228e-20,6.0206465619311e-21,1.7492922188216e-37,0.0028536452305623,1.7328888498685,0,2.667321460081e-33,9.4154164052292e-13,-4.2037428274963e-26,5.1206461160164e-07,2.9434760296412e-26,-2.9435103997785e-26,-1.0756395332748e-06,-1.0756376138602e-06,5.9640414280338e-17,5.9641110952325e-17,-2.9434874593377e-26,2.9434537377578e-26,-5.964064427865e-17,-5.9640835098619e-17,-1.0756412041716e-06,-1.0756431235779e-06,-3.9165044605288e-07,1.8889062725585e-18,9.4154164052292e-19,1.0352307336622e-12,0,360.31514686655,100000428.51093,-2.4826904854891e-13,3.4378581201418e-05,0.0014154977099361,160.64337020512,5.102847890372e-07,423.02455317915,369.86480608899
101.51650000002,5.6638187332687e-20,1.8879554374574e-20,6.4196118304626e-37,0.0028536452305623,1.732910095128,0,9.5428443599522e-33,3.4023122345658e-12,-3.6479625359679e-26,4.443638637037e-07,2.5543166464456e-26,-2.554346472482e-26,-9.3342779041199e-07,-9.3342612477995e-07,5.1755282632444e-17,5.1755887196548e-17,-2.5543265650156e-26,2.5542973017905e-26,-5.17554822224e-17,-5.1755647813796e-17,-9.3342924040877e-07,-9.3343090603362e-07,-3.3986981874332e-07,7.0028626565288e-18,3.4023122345658e-18,1.0351185258307e-12,0,360.31514686655,100000428.51093,-2.485608150601e-13,-2.8951826146991e-05,0.0015153512747529,164.78084492738,5.2375379908368e-07,434.00640704854,379.47113914395
101.61650000002,1.7207138204915e-19,5.7357599192934e-20,2.2810417806539e-36,0.0028536452305623,1.7329313329401,0,3.3077446622509e-32,1.1911329727335e-11,-3.1656622096426e-26,3.8561318937763e-07,2.2166082023555e-26,-2.2166340850765e-26,-8.1001651283141e-07,-8.1001506746715e-07,4.4912587619719e-17,4.4913112252776e-17,-2.2166168095933e-26,2.2165914152747e-26,-4.4912760821388e-17,-4.4912904519416e-17,-8.1001777115992e-07,-8.1001921651794e-07,-2.9493462316792e-07,2.5137301932693e-17,1.1911329727335e-17,1.0352512908441e-12,0,360.31514686655,100000428.51093,-2.4885302566053e-13,-9.2312714577639e-05,0.0016151948698307,168.91843775885,5.3724405803889e-07,444.99293305786,389.08178791953
101.71650000002,5.0725100117289e-19,1.6908502996514e-19,7.8598776530044e-36,0.0028536452305623,1.7329525632952,0,1.112511579016e-31,4.0463600722985e-11,-2.7471265478619e-26,3.3462762740501e-07,1.9235480084853e-26,-1.9235704692602e-26,-7.0291657881056e-07,-7.0291532471938e-07,3.8974356099509e-17,3.8974811366473e-17,-1.9235554777862e-26,1.9235334408441e-26,-3.8974506400878e-17,-3.8974631099108e-17,-7.0291767089896e-07,-7.0291892498472e-07,-2.5593856052638e-07,8.7502318013125e-17,4.0463600722985e-17,1.035095152951e-12,0,360.31514686655,100000428.51093,-2.4913768674438e-13,-0.00015570411183323,0.0017150284971605,173.05614917734,5.5075083107438e-07,455.98413330436,398.69675450318
101.81650000002,1.4529895354105e-18,4.8433367239726e-19,2.6301960348166e-35,0.0028536452305623,1.7329737861836,0,3.6359252192544e-31,1.3356922481207e-10,-2.3839237071005e-26,2.903751319013e-07,1.6692320573039e-26,-1.6692515486165e-26,-6.0996007949586e-07,-6.0995899180263e-07,3.3820511572401e-17,3.3820906634967e-17,-1.6692385391895e-26,1.6692194156828e-26,-3.3820641998388e-17,-3.3820750205592e-17,-6.0996102760593e-07,-6.0996211529445e-07,-2.2209231867283e-07,2.9580805490179e-16,1.3356922481207e-16,1.035185280569e-12,0,360.31514686655,100000428.51093,-2.4943522641531e-13,-0.0002191260456976,0.0018148521587319,177.19397966113,5.6427441073203e-07,466.98000988756,408.3160409843
101.91650000002,4.0492130119364e-18,1.3497481311818e-18,8.559297552353e-35,0.0028536452305623,1.7329950015957,0,1.156217726731e-30,4.2900495536901e-10,-2.0687335002593e-26,2.5194839037241e-07,1.4485347271526e-26,-1.4485516418017e-26,-5.2924111995621e-07,-5.2924017796887e-07,2.9345768441103e-17,2.9346111229147e-17,-1.4485403524006e-26,1.4485237569562e-26,-2.9345881610587e-17,-2.9345975496746e-17,-5.2924194401398e-07,-5.292428859972e-07,-1.9270207900887e-07,9.7247365962166e-16,4.2900495536901e-16,1.035222257926e-12,0,360.31514686655,100000428.51093,-2.4971855523151e-13,-0.00028257854399464,0.0019146658565343,181.33192968898,5.778161382746e-07,477.98056490925,417.93964945424
102.01650000002,1.0989205395835e-17,3.6630963090176e-18,2.7121507414131e-34,0.0028536452305621,1.7330162095218,0,3.5819204111372e-30,1.3423617625622e-09,-1.7951941384707e-26,2.1852439494149e-07,1.25700147029e-26,-1.2570161495567e-26,-4.5903089434826e-07,-4.5903008283418e-07,2.5455439099513e-17,2.5455736430839e-17,-1.2570063528588e-26,1.2569919506778e-26,-2.5455537266182e-17,-2.5455618692392e-17,-4.5903161348523e-07,-4.5903242499567e-07,-1.6713877629643e-07,3.112942655399e-15,1.3423617625622e-15,1.0350402071032e-12,0,360.31514686655,100000428.51093,-2.5000987765348e-13,-0.0003460616345895,0.002014469592557,185.4699997401,5.9137539229984e-07,488.98580047349,427.56758200631
102.11650000002,2.9049499929445e-17,9.6832387504455e-18,8.377740412323e-34,0.00285364523056,1.7330374099523,0,1.0822948260508e-29,4.0966598141604e-09,-1.5577572924591e-26,1.8928312622831e-07,1.0907473263051e-26,-1.0907600675604e-26,-3.9760687259906e-07,-3.9760618643179e-07,2.2057431165165e-17,2.2057688763815e-17,-1.0907515664662e-26,1.0907390659145e-26,-2.205751622744e-17,-2.205758674238e-17,-3.9760750885376e-07,-3.9760819501765e-07,-1.4477642559262e-07,9.7140757778687e-15,4.0966598141604e-15,1.0351776689421e-12,0,360.31514686655,100000428.51093,-2.5030430869994e-13,-0.00040957534538785,0.0021142633687879,189.60819029411,6.0495010732407e-07,499.99571868646,437.19984073567
102.21650000002,7.4635652191897e-17,2.4878731275855e-17,2.525549217822e-33,0.0028536452305553,1.7330586028773,0,3.1929913316214e-29,1.2207098531169e-08,-1.3515289255811e-26,1.6320630824122e-07,9.463454727646e-27,-9.4635653752013e-27,-3.4283006285257e-07,-3.4282952106378e-07,1.9042884619139e-17,1.9043106884829e-17,-9.4634916147884e-27,9.4633830634654e-27,-1.9042958055291e-17,-1.904301880733e-17,-3.4283065103887e-07,-3.4283119282406e-07,-1.24839662283e-07,2.9583354784651e-14,1.2207098531169e-14,1.0352182343401e-12,0,360.31514686655,100000428.51093,-2.5059829565718e-13,-0.00047311970433545,0.002214047187215,193.74650183113,6.1854546219934e-07,511.01032165667,446.83642773946
102.31650000002,1.8451603284402e-16,6.1505770674315e-17,7.4378726042492e-33,0.0028536452305419,1.7330797882873,0,9.2068649615184e-29,3.5551389396114e-08,-1.1720399085046e-26,1.3854167957219e-07,8.2066660858909e-27,-8.2067623342697e-27,-2.9101965370405e-07,-2.9101933941362e-07,1.6234826403999e-17,1.6235015518377e-17,-8.2066983582998e-27,8.2066039504702e-27,-1.6234889008833e-17,-1.6234940431331e-17,-2.9102026830036e-07,-2.9102058258576e-07,-1.0599799948969e-07,8.8015065427997e-14,3.5551389396114e-14,1.0353991770315e-12,0,360.31514686655,100000428.51093,-2.5088961807915e-13,-0.00053669473942107,0.0023138210498249,197.88493483156,6.3215778599164e-07,522.02961149446,456.47734511642
102.41650000002,4.2257900512238e-16,1.4086052731613e-16,2.1420313927721e-32,0.0028536452305041,1.7331009661725,0,2.597166125351e-28,1.0129180801798e-07,-1.0148028883836e-26,1.1136177604672e-07,7.105686717337e-27,-7.105770882964e-27,-2.3392557730881e-07,-2.3392574752185e-07,1.3249593728563e-17,1.3249746969485e-17,-7.1057154579477e-27,7.1056329501469e-27,-1.3249644814561e-17,-1.3249685696897e-17,-2.3392640517801e-07,-2.3392623495516e-07,-8.5274273886692e-08,2.5606516149716e-13,1.0129180801798e-13,1.0351387478024e-12,0,360.31514686655,100000428.51093,-2.5117738778745e-13,-0.00060030047867828,0.0024135849586042,202.02348977592,6.4578718831506e-07,533.05359031152,466.12259496643
102.51650000002,7.593453659216e-16,2.5311579546695e-16,6.0378421765025e-32,0.0028536452303985,1.7331221365231,0,7.1737882035773e-28,2.8258728528455e-07,-8.7428843585274e-27,7.1727846551372e-08,6.1217993226591e-27,-6.1218741202357e-27,-1.5067038971894e-07,-1.5067177005346e-07,9.1259407180648e-18,9.1260429776488e-18,-6.1218262813184e-27,6.1217530900239e-27,-9.1259758831579e-18,-9.1260007976871e-18,-1.5067192360278e-07,-1.5067054324464e-07,-5.5138910048929e-08,7.291594059321e-13,2.8258728528455e-13,1.0350352636023e-12,0,360.31514686655,100000428.51093,-2.5146737794177e-13,-0.00066393695019008,0.0025133389155389,206.16216714423,6.5943548566571e-07,544.08226021922,475.77217938906
102.61650000002,-1.8377598197324e-16,-6.1267267502929e-17,1.6671995346792e-31,0.0028536452301083,1.7331432993294,0,1.9418785829444e-27,7.7260103432231e-07,-7.4139507582771e-27,-6.3503021128549e-09,5.1912749531536e-27,-5.1913445859005e-27,1.334118491521e-08,1.3336625464309e-08,1.348229286137e-18,1.3482329616013e-18,-5.1913037774283e-27,5.191235992902e-27,-1.3482344064827e-18,-1.3482268099899e-18,1.3337640934153e-08,1.3342200446694e-08,4.0963517778535e-09,2.0339676180691e-12,7.7260103432231e-13,1.0352758949851e-12,0,360.31514686655,100000428.51093,-2.5175425947164e-13,-0.00072760418210248,0.0026130829226142,210.30096741433,6.7310042242888e-07,555.11562332415,485.42610047967
102.71650000002,-1.480157517505e-14,-4.9339507642573e-15,4.5132838294464e-31,0.0028536452293244,1.7331644545816,0,5.1554054667467e-27,2.0716903474769e-06,-5.9711911088512e-27,-1.9071775711054e-07,4.1810487974168e-27,-4.1811216655823e-27,4.0062525197786e-07,4.0061230352576e-07,-1.6680253932228e-17,-1.668048169545e-17,-4.1810881422693e-27,4.1810180854193e-27,1.6680318474088e-17,1.6680404312818e-17,4.0061628634087e-07,4.0062923495632e-07,1.4382970547968e-07,5.5624289478119e-12,2.0716903474769e-12,1.03514508162e-12,0,360.31514686655,100000428.51093,-2.5204869051807e-13,-0.0007913022026611,0.0027128169818149,214.43989105755,6.8678902883608e-07,566.1536817166,495.08436031934
102.81650000002,-1.3403277824926e-13,-4.4678300165467e-14,1.1987434172929e-30,0.0028536452272478,1.7331856022697,0,1.3433639201174e-26,5.4523548834988e-06,-3.9683636597671e-27,-6.5619616506328e-07,2.7786601715391e-27,-2.7787555694239e-27,1.378413975977e-06,1.3783791318085e-06,-6.2055773830556e-17,-6.2056586790893e-17,-2.7787314445423e-27,2.7786416359063e-27,6.2056013722204e-17,6.2056299140513e-17,1.378390805667e-06,1.3784256502652e-06,4.9651919542408e-07,1.4924955800468e-11,5.4523548834988e-12,1.0351394092844e-12,0,360.31514686655,100000428.51093,-2.5233335160188e-13,-0.00085503104030946,0.0028125410951251,218.57893852818,7.0050402491098e-07,577.19643744233,504.74696095014
102.91650000002,-9.7471109378356e-13,-3.2490857637448e-13,3.126072687263e-30,0.0028536452218446,1.7332067423835,0,3.4381062505453e-26,1.4094111072626e-05,-3.1819055478504e-28,-1.8460550487375e-06,2.2279169871483e-28,-2.2295616100551e-28,3.8778438293051e-06,3.8777527127882e-06,-1.7839349622935e-16,-1.7839581149621e-16,-2.2294804032943e-28,2.2279649736781e-28,1.7839418571251e-16,1.783949847214e-16,3.8777842229834e-06,3.8778753406143e-06,1.3980650188594e-06,3.9318813895009e-11,1.4094111072626e-11,1.0351056859509e-12,0,360.31514686655,100000428.51093,-2.5261357179358e-13,-0.00091879072391604,0.0029122552645281,222.71811023656,7.142578949313e-07,588.24389243071,514.41390431227
103.01650000002,-6.5268515769017e-12,-2.1756490409704e-12,8.0094867117375e-30,0.0028536452080292,1.7332278749124,0,8.6482348573688e-26,3.5807432645489e-05,7.6350096160134e-27,-4.8656046499233e-06,-5.3460780076808e-27,5.3457314128526e-27,1.0220740542095e-05,1.0220507166513e-05,-4.751320886041e-16,-4.7513823624154e-16,5.3457059704468e-27,-5.3460210375085e-27,4.7513392485201e-16,4.7513603431738e-16,1.022058916808e-05,1.0220822546504e-05,3.6861626998216e-06,1.0177002433938e-10,3.5807432645489e-11,1.0351258772528e-12,0,360.31514686655,100000428.51093,-2.5289290380684e-13,-0.00098258128333909,0.0030119594920071,226.85740648372,7.2808460410479e-07,599.29604831991,524.08519209102
103.11650000002,-4.1647092523018e-11,-1.3882563995462e-11,2.0175329701462e-29,0.0028536451732949,1.7332489998443,0,2.1393920428007e-25,8.9466882919669e-05,2.6314529300334e-26,-1.2425919607982e-05,-1.8425570390691e-26,1.8424769081761e-26,2.6102014049575e-05,2.6101426880105e-05,-1.2223953932838e-15,-1.2224111894011e-15,1.8424666015613e-26,-1.8425389659846e-26,1.2224001173706e-15,1.2224055244691e-15,2.6101635431725e-05,2.6102222608331e-05,9.415764987693e-06,2.589694751123e-10,8.9466882919669e-11,1.0349248112394e-12,0,360.31514686655,100000428.51093,-2.5318022942588e-13,-0.0010464027507872,0.0031116537795435,230.99682730427,7.4206539746374e-07,610.35290603653,533.76082534893
103.21650000002,-2.5604132576141e-10,-8.5348320042289e-11,4.9993051235335e-29,0.0028536450873802,1.733270117164,0,5.207935288212e-25,0.00021996905783527,7.1045212981287e-26,-3.1070950875552e-05,-4.9746218005379e-26,4.9744313245939e-26,6.5267950581453e-05,6.5266497478201e-05,-3.0763351933116e-15,-3.0763749183042e-15,4.9744025198183e-26,-4.9745739994305e-26,3.0763470820108e-15,3.0763606616882e-15,6.5267018236258e-05,6.5268471357142e-05,2.3547733020886e-05,6.4825838055481e-10,2.1996905783527e-10,1.0350449734359e-12,0,360.31514686656,100000428.51093,-2.5346044961757e-13,-0.0011102551640224,0.0032113381291199,235.13637209457,7.5638493424073e-07,621.41446480034,543.44080365462
103.31650000002,-1.5231209472564e-09,-5.0771409740274e-10,1.2193278860649e-28,0.0028536448781875,1.7332912268487,0,1.2482369734899e-24,0.00053249136273686,1.7785691253047e-25,-7.6353300793511e-05,-1.2453630267327e-25,1.2453177234071e-25,0.00016038849319462,0.00016038495321392,-7.6062966624036e-15,-7.6063948327107e-15,1.2453104294271e-25,-1.2453511441032e-25,7.6063260571832e-15,7.6063595828476e-15,0.00016038623230819,0.00016038977233178,5.7873728670491e-05,1.5972205455175e-09,5.3249136273686e-10,1.0353110741522e-12,0,360.31514686657,100000428.51094,-2.5372912348988e-13,-0.0011741385738264,0.0033110125427173,239.27603874627,7.7149105193074e-07,632.48071980411,553.12512305208
103.41650000002,-8.7855115684434e-09,-2.9285443967085e-09,2.9287947207751e-28,0.0028536443765063,1.7333123288583,0,2.9472425214269e-24,0.0012698157869543,4.3022429405447e-25,-0.00018468526720748,-3.0124520109986e-25,3.0123452495176e-25,0.0003879516515372,0.00038794315705489,-1.8509976397454e-14,-1.8510215190729e-14,3.0123275213677e-25,-3.0124233531259e-25,1.8510047929343e-14,1.8510129409562e-14,0.00038794625041646,0.00038795474500154,0.00014000418984288,3.8755093806836e-09,1.2698157869543e-09,1.0347862232419e-12,0,360.31514686659,100000428.51096,-2.5398802739957e-13,-0.0012380530611098,0.0034106770223158,243.41582165692,7.884009603707e-07,643.55165688405,562.81377139579
103.51650000002,-4.9201969906207e-08,-1.640088098703e-08,6.931672593076e-28,0.0028536431909459,1.7333334231134,0,6.8586847395477e-24,0.0029843660102436,1.0187856008035e-24,-0.0004400846836846,-7.1335875905959e-25,7.133339101981e-25,0.0009244460495688,0.00092442596229883,-4.4374757322147e-14,-4.4375329559799e-14,7.1332970134128e-25,-7.1335198362822e-25,4.437492880747e-14,4.4375123911954e-14,0.00092443333272285,0.00092445342023546,0.00033365511811021,9.2650966671885e-09,2.9843660102436e-09,1.0350353314034e-12,0,360.31514686664,100000428.51102,-2.5423138818701e-13,-0.0013019987755867,0.0035103315698959,247.55570722852,8.0943869234697e-07,654.62724045527,572.50671779053
103.61650000002,-2.6779697709558e-07,-8.926686590078e-08,1.6172545691339e-27,0.0028536404289527,1.733354509445,0,1.5739045618463e-23,0.0069155159121308,2.3728852387358e-24,-0.0010336817868918,-1.6615060619719e-24,1.6614489878054e-24,0.0021713615654789,0.0021713147347558,-1.0486652475215e-13,-1.0486787654507e-13,1.6614391675037e-24,-1.6614902984869e-24,1.0486693000415e-13,1.0486739055526e-13,0.0021713320443814,0.0021713788756694,0.00078378954332701,2.183281776298e-08,6.9155159121308e-09,1.0352544777291e-12,0,360.31514686676,100000428.51114,-2.5447119626108e-13,-0.0013659760219369,0.003609976187437,251.69566382446,8.3980223372766e-07,665.70738658353,582.20388902042
103.71650000002,-1.4175790955403e-06,-4.7253267949584e-07,3.7214058269665e-27,0.0028536340833181,1.7333755874867,0,3.5630487298079e-23,0.015804779788936,5.4464668030543e-24,-0.0023942227970274,-3.8136431479835e-24,3.8135137876779e-24,0.0050293262569372,0.0050292185883512,-2.4441570903042e-13,-2.4441885852978e-13,3.8134912143951e-24,-3.8136069990103e-24,2.4441665355887e-13,2.4441772581261e-13,0.0050292586703317,0.0050293663402144,0.0018156286617872,5.0727212407502e-08,1.5804779788936e-08,1.0345585729903e-12,0,360.31514686703,100000428.51142,-2.5472121838765e-13,-0.0014299854490647,0.0037096108769175,255.83561968157,8.9097119465756e-07,676.79190373529,591.90511768439
103.81650000002,-7.3006050617827e-06,-2.4335671540311e-06,8.4489877510421e-27,0.0028536197032865,1.7333966564385,0,7.9606428144112e-23,0.035627359379829,1.2331362699884e-23,-0.0054699185859802,-8.6344814352424e-24,8.6341920390015e-24,0.011490159998952,0.011489915872489,-5.6208998022512e-13,-5.620972206246e-13,8.6341408633246e-24,-8.6343996576042e-24,5.6209215237614e-13,5.620946156702e-13,0.011490007390013,0.01149025151941,0.0041485150686669,1.1622085773629e-07,3.5627359379829e-08,1.0348409959797e-12,0,360.31514686764,100000428.51205,-2.5497612549703e-13,-0.0014940284595683,0.0038092356403156,259.97541505794,9.8786162675316e-07,687.8803643606,601.6100297836
103.91650000002,-3.6567718857116e-05,-1.2189398531912e-05,1.8933410423231e-26,0.0028535875654983,1.7334177145667,0,1.7559494585058e-22,0.079189947426368,2.7556058620468e-23,-0.012326318457833,-1.9294889025432e-23,1.929424981824e-23,0.02589277291328,0.025892227252315,-1.2759632976549e-12,-1.2759797278813e-12,1.9294135316334e-23,-1.9294706425092e-23,1.2759682285066e-12,1.2759738145252e-12,0.025892433209288,0.025892978876787,0.0093496475233374,2.6247963787155e-07,7.9189947426369e-08,1.0348169551112e-12,0,360.31514686902,100000428.51347,-2.5522348309303e-13,-0.0015581080804132,0.0039088504796087,264.11470034572,1.1834111710533e-06,698.97183134614,611.31780526032
104.01650000002,-0.00017784347935374,-5.9281921306046e-05,4.1888923765875e-26,0.0028535167871316,1.733438758164,0,3.8249943412844e-22,0.1733578553784,6.080055333016e-23,-0.027384190465885,-4.2572848930382e-23,4.2571454637812e-23,0.057523466088611,0.057522265451662,-2.8600274437976e-12,-2.8600642590504e-12,4.2571201689719e-23,-4.2572446340226e-23,2.8600384961942e-12,2.8600510044427e-12,0.057522721676453,0.057523922327716,0.020773752202899,5.8366050549244e-07,1.733578553784e-07,1.0346521071017e-12,0,360.31514687206,100000428.5166,-2.5546639980367e-13,-0.0016222307724202,0.0040084553967738,268.25272402494,1.5866286063537e-06,710.0642884562,621.02667939808
104.11650000002,-0.00083616226969093,-0.00027872426864621,9.1509849107749e-26,0.0028533635003238,1.7334597794642,0,8.2291646583437e-22,0.37271151505053,1.3249407307809e-22,-0.059885700761259,-9.2773006300748e-23,9.2770002466001e-23,0.12579640454086,0.12579381246516,-6.3314467391446e-12,-6.3315282123759e-12,9.2769450583413e-23,-9.2772129649384e-23,6.3314712071101e-12,6.3314988697551e-12,0.12579480399064,0.12579739609696,0.045435919767355,1.2741489952069e-06,3.7271151505054e-07,1.0345258696858e-12,0,360.31514687865,100000428.52337,-2.5574839637867e-13,-0.0016864100602862,0.0041080503937877,272.38790662833,2.4101357270175e-06,721.15349544875,630.73294055232
104.21650000002,-0.0037647108003851,-0.0012549189660608,1.9736194863142e-25,0.0028530385480105,1.7334807627149,0,1.7483052659416e-21,0.78222399227303,2.8517882522806e-22,-0.12847117983313,-1.9968362465633e-22,1.996772341549e-22,0.26986759581647,0.26986214329479,-1.3844002640469e-11,-1.3844180725702e-11,1.9967604480145e-22,-1.9968173919431e-22,1.3844056143442e-11,1.3844116567265e-11,0.26986424304089,0.26986969562583,0.097490026342553,2.7138897105522e-06,7.8222399227307e-07,1.0340394021206e-12,0,360.31514689267,100000428.53772,-2.5599664220094e-13,-0.0017506733682345,0.0042076354726257,276.51703702697,4.0264836073961e-06,732.23082708117,640.42903830804
104.31650000002,-0.015931518549089,-0.0053105682162712,4.1995128012188e-25,0.0028523704562623,1.7335016776756,0,3.6655104137465e-21,1.5838996984767,6.0613632948542e-22,-0.26849393372328,-4.2441965413776e-22,4.2440623745415e-22,0.56400039258241,0.56398936705289,-2.9890776407891e-11,-2.9891160781669e-11,4.2440370607676e-22,-4.2441564987676e-22,2.989089193926e-11,2.9891022259357e-11,0.56399364261728,0.56400466827026,0.20379821313448,5.5728489949263e-06,1.5838996984769e-06,1.0341024308351e-12,0,360.31514692159,100000428.56722,-2.5626265164075e-13,-0.0018150733424376,0.0043072106352636,280.63393775152,6.9454668590529e-06,743.27968187528,650.10043948581
104.41650000002,-0.061339800084643,-0.020446820424498,8.8035739279122e-25,0.0028510601162175,1.7335224717019,0,7.5736431704581e-21,3.0326633888647,1.2712811650067e-21,-0.53991169725972,-8.9015734811215e-22,8.9012958951167e-22,1.1341421966069,1.1341212555789,-6.3679650395535e-11,-6.3680468971015e-11,8.9012427183039e-22,-8.9014895725261e-22,6.3679896577415e-11,6.3680173874122e-11,1.1341294376941,1.1341503789416,0.40997404618004,1.0808226924086e-05,3.0326633888652e-06,1.0346303140326e-12,0,360.31514697863,100000428.62508,-2.5650512442819e-13,-0.0018797016430876,0.0044067758836756,284.72783043244,1.1446786165652e-05,754.27107766351,659.72177213442
104.51650000002,-0.2050425465551,-0.068348160922689,1.8141430015567e-24,0.0028486688290193,1.7335430677853,0,1.5387773675831e-20,5.3381067743549,2.6274352611066e-21,-1.0253230939438,-1.8397431226388e-21,1.8396866507401e-21,2.1537995303971,2.1537633662411,-1.3366878821442e-10,-1.3367050579949e-10,1.8396756385674e-21,-1.8397257985728e-21,1.3366930517021e-10,1.3366988640762e-10,2.153777616753,2.153813781248,0.77900466885111,1.9237181164262e-05,5.3381067743562e-06,1.0347650737381e-12,0,360.31514708361,100000428.73068,-2.5676624904908e-13,-0.0019446923831385,0.0045063312198359,288.78290157042,1.6650037361468e-05,765.16246242077,669.25578407542
104.61650000002,-0.56726723557782,-0.18909054583154,3.6658123779984e-24,0.0028447202958988,1.7335633827006,0,3.0669143593076e-20,8.4103222937666,5.3408396936706e-21,-1.8004387007906,-3.7396822378635e-21,3.7395695436998e-21,3.7820091154697,3.7819540766715,-2.7590807036575e-10,-2.7591161425218e-10,3.7395471036714e-21,-3.7396470641816e-21,2.7590913808723e-10,2.7591033584215e-10,3.7819759741047,3.7820310133413,1.3689222785226,3.0578166677883e-05,8.4103222937691e-06,1.0346147331577e-12,0,360.3151472589,100000428.90504,-2.5701493922257e-13,-0.0020101905722393,0.0046058766457179,292.78197388693,2.0140287177631e-05,775.90755609915,678.66195745208
104.71650000002,-1.2713030658795,-0.42377025200109,7.253836532254e-24,0.0028389166894737,1.7335833650779,0,5.9883206046558e-20,11.771084331106,1.0658467109915e-20,-2.882937047591,-7.4631110269849e-21,7.4628907191303e-21,6.0559050081546,6.0558319291202,-5.5898431966952e-10,-5.5899149703065e-10,7.4628458054529e-21,-7.4630409190906e-21,5.5898648474678e-10,5.5898890703941e-10,6.0558613074134,6.0559343869264,2.1937614130366,4.3076304211713e-05,1.1771084331109e-05,1.0352151292045e-12,0,360.31514751957,100000429.16132,-2.5725474758787e-13,-0.0020762858507049,0.0047054121632944,296.71429318925,2.0244461477993e-05,786.47727755838,687.91482644997
104.81650000002,-2.3559693325496,-0.78532675330637,1.4063755381396e-23,0.0028312606414837,1.733603016597,0,1.1460856241999e-19,14.922306814039,2.0865812097868e-20,-4.2143984338228,-1.4610343940869e-20,1.4609921806742e-20,8.8527699320454,8.8526835176087,-1.1106412940938e-09,-1.110655551661e-09,1.4609833597797e-20,-1.4610206850364e-20,1.1106456005722e-09,1.110650405077e-09,8.8527186188098,8.8528050337167,3.2093495855113,5.4858974431741e-05,1.4922306814042e-05,1.0351129152398e-12,0,360.31514786681,100000429.49941,-2.5751098718089e-13,-0.0021429755493339,0.0048049377745376,300.5799303793,1.8202113128935e-05,796.87161541416,697.01436953713
104.91650000002,-3.7824496518589,-1.2608211336614,2.6762260023055e-23,0.0028219372348145,1.7336223708974,0,2.153646962732e-19,17.705599442291,4.0087850527624e-20,-5.7024831473127,-2.806970917919e-20,2.8068915035399e-20,11.978635411059,11.978540957408,-2.1650854929728e-09,-2.1651132858054e-09,2.8068745002632e-20,-2.8069446049161e-20,2.1650938985962e-09,2.1651032502461e-09,11.978579696488,11.978674150587,4.3452090613229,6.5307839195341e-05,1.7705599442295e-05,1.0352266338813e-12,0,360.31514829245,100000429.91112,-2.5776989124041e-13,-0.0022102013482377,0.0049044534814191,304.38553358224,1.6177501356204e-05,807.10825612337,705.97605835944
105.01650000002,-5.5083887911927,-1.836135043893,5.0069867810739e-23,0.0028111288417226,1.7336414609338,0,3.9802229640484e-19,20.2248222909,7.5669274164055e-20,-7.2701115068826,-5.2983995679653e-20,5.2982526386904e-20,15.271588733279,15.271490010493,-4.145803030777e-09,-4.1458562583852e-09,5.298220435703e-20,-5.2983499356699e-20,4.1458191486316e-09,4.1458370329815e-09,15.271530856599,15.271629579816,5.542269966482,7.4794840229652e-05,2.0224822290904e-05,1.0353760386828e-12,0,360.31514878773,100000430.38841,-2.5802168982898e-13,-0.0022779060871072,0.0050039592859102,308.13765599928,1.5061358745326e-05,817.2046608072,714.81516987803
105.11650000002,-7.5201785327858,-2.50673249045,9.2208081115018e-23,0.0027989369909953,1.733660305335,0,7.2429081088954e-19,22.629795440813,1.4050240347041e-19,-8.8705087792521,-9.8380468973628e-20,9.8377792401225e-20,18.63337562698,18.633274743142,-7.8075255677355e-09,-7.8076258421038e-09,9.8377192428898e-20,-9.8379547868293e-20,7.8075559673999e-09,7.8075896133448e-09,18.633316821172,18.63341770543,6.7646033124991,8.3874631011596e-05,2.2629795440817e-05,1.0354784016598e-12,0,360.31514934756,100000430.92679,-2.5828903151387e-13,-0.0023460575265124,0.0051034551899814,311.8399390269,1.4731331144903e-05,827.17047975338,723.54014497985
105.21650000002,-9.8236230208658,-3.2745482236755,1.6726121241181e-22,0.0027853920220095,1.733678910194,0,1.2986155726186e-18,25.022087640408,2.5687907724051e-19,-10.479704080404,-1.7986798301253e-19,1.7986317902442e-19,22.013643281466,22.013541284237,-1.4474989151698e-08,-1.4475175151116e-08,1.7986207830771e-19,-1.7986629951167e-19,1.4475045604439e-08,1.4475107931463e-08,22.013584155495,22.01368615314,7.9937755774076,9.2926265949996e-05,2.5022087640413e-05,1.0359587864245e-12,0,360.31514997026,100000431.52493,-2.5853283645079e-13,-0.0024146452476465,0.0052029411956024,315.49345903913,1.4849047521353e-05,837.00847108563,732.15339134923
105.31650000002,-12.430428181095,-4.1434842254208,2.9896855233296e-22,0.0027704830499069,1.7336972743762,0,2.2949721164734e-18,27.453873625864,4.6275692443075e-19,-12.086017842357,-3.2402465412974e-19,3.2401615562404e-19,25.387857804179,25.387755207836,-2.6437652296219e-08,-2.6437992230126e-08,3.2401416566979e-19,-3.2402162190333e-19,2.6437755586354e-08,2.6437869345575e-08,25.387798660835,25.387901257593,9.2208053841895,0.00010214534317758,2.7453873625869e-05,1.0357543934619e-12,0,360.31515065619,100000432.1833,-2.5880195445281e-13,-0.0024836714189521,0.0053024173047428,319.0978066128,1.5175944907302e-05,846.71739573464,740.65381719977
105.41650000002,-15.352108945397,-5.1173788036562,5.2670676849957e-22,0.0027541795358565,1.7337153933215,0,3.9986228504416e-18,29.948598239353,8.2178565728221e-19,-13.683343818071,-5.7541832016408e-19,5.7540349824845e-19,28.743192505924,28.743089587974,-4.7591391244061e-08,-4.7592003644329e-08,5.7539995135574e-19,-5.7541293563788e-19,4.7591577536137e-08,4.7591782205462e-08,28.743133515214,28.743236433579,10.441002743605,0.00011162011384135,2.9948598239358e-05,1.0353460432099e-12,0,360.31515140672,100000432.90324,-2.5903643347419e-13,-0.0025531441802675,0.005401883519371,322.65186360274,1.5591208313558e-05,856.29410478387,749.03865847645
105.51650000002,-18.598705514393,-6.1995786885348,9.147571553824e-22,0.0027364423121742,1.7337332609826,0,6.8700288309526e-18,32.516499543265,1.43908221925e-18,-15.267909085289,-1.0076523756353e-18,1.0076268861193e-18,32.071722029133,32.071618966278,-8.4464162348136e-08,-8.4465250200098e-08,1.0076206510853e-18,-1.0076429457633e-18,8.4464493656119e-08,8.446485673884e-08,32.071663305651,32.07176636892,11.651475033442,0.00012138934034013,3.2516499543271e-05,1.0355613946811e-12,0,360.31515222363,100000433.68651,-2.592802383437e-13,-0.0026230742697094,0.0055013398414553,326.15420038303,1.6043111635906e-05,865.73460733571,757.30441372352
105.61650000002,-22.178995361462,-7.3930097021599,1.566397409017e-21,0.0027172283126409,1.7337508706543,0,1.1640890236448e-17,35.162477523889,2.4856306294606e-18,-16.836933098597,-1.7404506613271e-18,1.7404074324528e-18,35.367605582608,35.367502506272,-1.478273970631e-07,-1.4782930294872e-07,1.7403966200112e-18,-1.7404343707538e-18,1.4782797819316e-07,1.478286134379e-07,35.367547216388,35.367650293137,12.850093576361,0.00013147176258677,3.5162477523895e-05,1.0360977310278e-12,0,360.31515310891,100000434.53498,-2.5953292496896e-13,-0.0026934735791966,0.0056007862729634,329.60324630485,1.65110721426e-05,875.03452901655,765.44724551295
105.71650000002,-26.100797259848,-8.7002781005679,2.6449283153243e-21,0.0026964924349366,1.7337682152999,0,1.9455788505029e-17,37.889348716717,4.2353727119053e-18,-18.388113456371,-2.9656285730503e-18,2.9655562641515e-18,38.626006755649,38.625903773726,-2.5518377653051e-07,-2.5518707030475e-07,2.9655377634855e-18,-2.9656008067455e-18,2.5518478206706e-07,2.5518587837993e-07,38.625948824051,38.626051806386,14.03509717047,0.0001418783142515,3.7889348716725e-05,1.036041764922e-12,0,360.31515406465,100000435.45066,-2.5978960836525e-13,-0.002764354586853,0.0057002228158621,332.99735682232,1.6986412574811e-05,884.18929265958,773.46313864504
105.81650000002,-30.371078418194,-10.123706285001,4.4044476741825e-21,0.0026741882974831,1.7337852876834,0,3.2077115804341e-17,40.699014330203,7.1206050935151e-18,-19.919426381903,-4.9858823089294e-18,4.9857630039931e-18,41.842674413204,41.842571619041,-4.3454046187376e-07,-4.3454607784131e-07,4.9857317648417e-18,-4.9858356089589e-18,4.3454217847924e-07,4.3454404506589e-07,41.84261698581,41.842719780384,15.204938352102,0.00015261650701517,4.0699014330211e-05,1.0363081849774e-12,0,360.31515509299,100000436.43559,-2.6002763997926e-13,-0.0028357301271251,0.0057996494721177,336.33484078259,1.7464452535596e-05,893.19419185631,781.34796455301
105.91650000002,-34.99591248861,-11.665318804245,7.234004592926e-21,0.0026502686207379,1.7338020804356,0,5.217577897071e-17,43.592832877545,1.1813245111867e-17,-21.429039487176,-8.271691653182e-18,8.2714974701529e-18,45.013759449167,45.013656925892,-7.3002955805167e-07,-7.3003900613681e-07,8.2714454083512e-18,-8.2716141376665e-18,7.3003244970902e-07,7.3003558541575e-07,45.013702590174,45.013805113857,16.358216285653,0.00016369182120173,4.3592832877554e-05,1.0367556779942e-12,0,360.31515619614,100000437.49187,-2.6027188880289e-13,-0.0029076132757585,0.0058990662436965,339.61397418854,1.7941696680487e-05,902.04442814582,789.09751387162
106.01650000002,-39.980363354884,-13.326803617195,1.1719666515717e-20,0.0026246854960841,1.7338185861001,0,8.3735252473411e-17,46.571720929467,1.9341878587263e-17,-22.915265849605,-1.3543277395782e-17,1.3542965591344e-17,48.135718320712,48.135616143759,-1.2101272268446e-06,-1.2101429123853e-06,1.3542879946731e-17,-1.3543150401452e-17,1.2101320338613e-06,1.2101372319453e-06,48.135662090346,48.135764267708,17.493641499578,0.00017510807174106,4.6571720929477e-05,1.0367082986351e-12,0,360.31515737631,100000438.6216,-2.6053390115152e-13,-0.0029800172694289,0.0059984731325631,342.83300991715,1.8414924230294e-05,910.73513736616,796.70751951849
106.11650000002,-45.328335749128,-15.109462298309,1.8729928881252e-20,0.0025973906300696,1.7338347971756,0,1.3260138414275e-16,49.636164275323,3.1257202834141e-17,-24.376535827452,-2.1886445335e-17,2.1885951367218e-17,51.205253844139,51.205152082921,-1.9794481413505e-06,-1.9794738414364e-06,2.1885812279367e-17,-2.1886239959455e-17,1.9794560281432e-06,1.9794645319545e-06,51.205198299602,51.205300061225,18.610014268598,0.00018686743629254,4.9636164275333e-05,1.0367466213316e-12,0,360.31515863574,100000439.82692,-2.6079813389846e-13,-0.0030529554333411,0.0060978701406822,345.99018655729,1.888088199042e-05,919.26141368678,804.17367774748
106.21650000002,-51.042409377426,-17.014154746073,2.9530662134538e-20,0.0025683355936393,1.7338507061572,0,2.0721408666893e-16,52.786197149158,4.9861389334914e-17,-25.811378413001,-3.4913187140231e-17,3.4912415023254e-17,54.219276025602,54.219174744725,-3.1953451964259e-06,-3.1953867576034e-06,3.4912192010472e-17,-3.4912859254285e-17,3.1953579684742e-06,3.1953716989072e-06,54.219221221748,54.219322503027,19.706210317334,0.0001989703628877,5.2786197149169e-05,1.0371081180504e-12,0,360.31515997668,100000441.10997,-2.6105259663046e-13,-0.0031264411077935,0.006197257270018,349.08373743635,1.933617223032e-05,927.61833420239,811.49166969635
106.31650000002,-57.123663047823,-19.041240558946,4.5936233216677e-20,0.0025374720878789,1.7338663055819,0,3.1955850694509e-16,56.021367595494,7.8519755580368e-17,-27.218408742117,-5.49799144967e-17,5.4978723653007e-17,57.174875823874,57.174775084023,-5.0908086516475e-06,-5.0908749945978e-06,5.4978370582552e-17,-5.4979397670867e-17,5.0908290686497e-06,5.0908509507853e-06,57.174821813694,57.174922553944,20.781171243172,0.00021141542513356,5.6021367595506e-05,1.0368808470732e-12,0,360.31516140138,100000442.47288,-2.613043947701e-13,-0.0032004875702117,0.006296634522534,352.11190025034,1.9777221574689e-05,935.80098520874,818.65718441008
106.41650000002,-63.571492389891,-21.19051827515,7.050330950782e-20,0.0025047522318005,1.7338815880766,0,4.863709723732e-16,59.340695565003,1.2207555362686e-16,-28.596320011156,-8.5477896082023e-17,8.5476083785125e-17,60.069308171119,60.069208029724,-8.0054052405258e-06,-8.0055097819111e-06,8.5475531808141e-17,-8.5477091726582e-17,8.0054374607069e-06,8.0054718847602e-06,60.069255006098,60.069355147888,21.833898315185,0.0002241991497276,5.9340695565016e-05,1.0364528018761e-12,0,360.31516291206,100000443.91777,-2.6156374236428e-13,-0.0032751079510006,0.006396001900193,355.07292749882,2.0200257135184e-05,943.80449070124,825.6659438132
106.51650000002,-70.383424520254,-23.461163594455,1.0677285532866e-19,0.0024701288751624,1.7338965464102,0,7.3062726540496e-16,62.742627086388,1.8739009209349e-16,-29.943878723592,-1.3121145363527e-16,1.3120873206313e-16,62.899981988072,62.899882499797,-1.242618301219e-05,-1.2426345641622e-05,1.3120787985965e-16,-1.3121021749651e-16,1.2426233211739e-05,1.242628667201e-05,62.899929718427,62.900029207093,22.863448822688,0.00023731582888055,6.2742627086402e-05,1.0364743440875e-12,0,360.31516451092,100000445.44672,-2.6181420810714e-13,-0.0033503151423106,0.0064953594049572,357.96509783231,2.0601328966931e-05,951.62404338893,832.51372988763
106.61650000002,-77.554933597841,-25.851667896551,1.5956364741621e-19,0.0024335559377671,1.7339111735503,0,1.083325839893e-15,66.224986933504,2.8403009090659e-16,-31.259922531619,-1.988792511243e-16,1.9887521804221e-16,65.664455650179,65.664356867281,-1.9040533499559e-05,-1.9040783279187e-05,1.9887391858605e-16,-1.9887737512113e-16,1.9040610720901e-05,1.9040692685417e-05,65.664404325027,65.664503108313,23.868934410346,0.00025075732683947,6.6224986933518e-05,1.035531066754e-12,0,360.3151662001,100000447.06175,-2.6205756835033e-13,-0.0034261216992945,0.0065947070387885,360.78672836591,2.0976314262018e-05,959.25493836576,839.19641418005
106.71650000002,-85.079262003777,-28.359778634306,2.3531697709657e-19,0.0023949887754058,1.733925462724,0,1.5855549960325e-15,69.784931948302,4.2512128779239e-16,-32.54336013877,-2.9767199421379e-16,2.9766609641288e-16,68.360436783097,68.360338755671,-2.8802877591963e-05,-2.8803256375136e-05,2.9766413933405e-16,-2.976691824556e-16,2.880299488429e-05,2.8803118956416e-05,68.360386450537,68.360484478346,24.849520990845,0.0002645128888193,6.9784931948317e-05,1.0332662624828e-12,0,360.31516798168,100000448.76486,-2.6229115855338e-13,-0.0035025397338006,0.006694044803648,363.53618796457,2.1320965974127e-05,966.69260945557,845.70998965312
106.81650000002,-92.947252711864,-30.982443457241,3.4248688034738e-19,0.0023543845714105,1.7339394074828,0,2.2907999762185e-15,73.418907167188,6.2838099728926e-16,-33.793172854024,-4.3999543318315e-16,4.3998692205667e-16,70.985785527297,70.985688303447,-4.3016645477996e-05,-4.3017212668417e-05,4.3998401056588e-16,-4.3999127090354e-16,4.3016821402163e-05,4.3017006842495e-05,70.985736234452,70.985833458681,25.804429921633,0.00027856896068776,7.3418907167204e-05,1.0299270279339e-12,0,360.31516985767,100000450.55792,-2.6253807135015e-13,-0.0035795808008133,0.0067933727014962,366.21191146412,2.1630954948232e-05,973.93266812865,852.0506047912
106.91650000002,-101.14719918181,-33.715760175932,4.9196322925928e-19,0.0023117027515402,1.733953001771,0,3.2674037731281e-15,77.122606962509,9.1733178139014e-16,-35.008417465737,-6.4232018112241e-16,6.4230806020676e-16,73.53852057508,73.538424201002,-6.3432275960267e-05,-6.3433114649279e-05,6.4230378147234e-16,-6.4231409522318e-16,6.3432536536272e-05,6.3432810217139e-05,73.538472368074,73.538568742527,26.73294019193,0.00029290902806923,7.7122606962526e-05,1.0253666695081e-12,0,360.31517182994,100000452.44272,-2.6278898086231e-13,-0.0036572557783057,0.0068926907342927,368.81241474535,2.1901937203279e-05,980.970944765,858.21459976323
107.01650000002,-109.66471976972,-36.554934898861,6.975065834997e-19,0.0022669054186461,1.7339662399977,0,4.6010461032287e-15,80.890943508564,1.3226831039858e-15,-36.188230151141,-9.2614915524579e-16,9.2613212021517e-16,76.016827382906,76.016731902917,-9.2360803760994e-05,-9.2362028482644e-05,9.2612590807282e-16,-9.2614036520307e-16,9.2361184938151e-05,9.236158380216e-05,76.016780306806,76.016875787162,27.634391402641,0.00030751348397391,8.0890943508581e-05,1.0189651917369e-12,0,360.31517390029,100000454.42095,-2.630487720665e-13,-0.0037355747415533,0.0069919989039973,371.33631053281,2.2129620768545e-05,987.80353191329,864.19854433532
107.11650000002,-118.48266411133,-39.494250826869,9.7616443236115e-19,0.0022199578022392,1.7339791171105,0,6.3970524041629e-15,84.718024943477,1.8838477568894e-15,-37.331831164807,-1.3190793859762e-15,1.3190557584709e-15,78.419068019985,78.418973476501,-0.00013280100627339,-0.00013280277259837,1.3190468474279e-15,-1.3190668440492e-15,0.0001328015569988,0.00013280213108526,78.419022118702,78.419116662543,28.508187343005,0.00032235953435261,8.4718024943495e-05,1.0082490685096e-12,0,360.31517607034,100000456.49413,-2.6331700086929e-13,-0.0038145468333393,0.0070912972125687,373.78232474232,2.2309859189079e-05,994.42682906309,869.99927711025
107.21650000002,-127.58105913454,-42.527050257408,1.3486293262262e-18,0.0021708287167332,1.7339916286709,0,8.7822948428409e-15,88.597145605562,2.6505355893424e-15,-38.438530063489,-1.855917954365e-15,1.8558856121407e-15,80.74379214361,80.743698577083,-0.0001885760681957,-0.00018857858433977,1.855872981834e-15,-1.855900274401e-15,0.0001885768541438,0.00018857767023036,80.743747459772,80.743841026647,29.353799978613,0.00033742115105152,8.8597145605582e-05,9.9506552658626e-13,0,360.31517834155,100000458.66365,-2.6360476949726e-13,-0.0038941801318655,0.0071905856619649,376.1493131503,2.2438730897592e-05,1000.8375883134,875.61394555337
107.31650000002,-136.93710221107,-45.645732301845,1.839491718192e-18,0.0021194910208184,1.7340037709293,0,1.190640795631e-14,92.520790634153,3.6843401186927e-15,-39.507731230914,-2.579792944946e-15,2.5797492520954e-15,82.989748604533,82.989656053345,-0.00026447338984227,-0.0002644769303874,2.5797315617031e-15,-2.5797683196092e-15,0.0002644744978451,0.00026447564372556,82.98970517933,82.989797730854,30.170773670184,0.0003526690813334,9.2520790634174e-05,9.7521290096847e-13,0,360.31518071521,100000460.93071,-2.6388632077326e-13,-0.0039744815185817,0.0072898642541437,378.4362781112,2.2512656193595e-05,1007.0329601905,881.04004615017
107.41650000002,-146.5252084033,-48.841768634587,2.4773356673854e-18,0.0020659220691871,1.7340155408988,0,1.5942021540608e-14,96.480657024565,5.0602063447099e-15,-40.538939467528,-3.543181216872e-15,3.5431229592051e-15,85.155897188788,85.155805689123,-0.00036637869232308,-0.00036638361403657,3.5430984718064e-15,-3.543147323853e-15,0.0003663802355064,0.00036638182488773,85.155855061796,85.15594656178,30.95872944358,0.00036807092237855,9.6480657024586e-05,9.4848690071464e-13,0,360.3151831924,100000463.2963,-2.6418252688804e-13,-0.0040554565484885,0.0073891329910619,380.64238500336,2.2528484122153e-05,1013.0105387439,886.27546393283
107.51650000002,-156.3171177227,-52.10573924603,3.2946254885022e-18,0.0020101041467542,1.7340269364257,0,2.1083721452264e-14,100.46769287698,6.867643788778e-15,-41.531765410779,-4.808757780344e-15,4.8086811122782e-15,87.241420003547,87.241329589241,-0.0005013932238508,-0.00050139998343948,4.8086476098032e-15,-4.808711679012e-15,0.00050139534743491,0.00050139752538854,87.241379212535,87.241469627138,31.717369132007,0.0003835912678321,0.00010046769287701,9.1204970531611e-13,0,360.31518577394,100000465.7612,-2.644756242722e-13,-0.0041371093257918,0.0074883918746762,382.76697804432,2.2483610335383e-05,1018.7684049439,891.31851051922
107.61650000002,-166.28206678143,-55.427389659983,4.3273373226658e-18,0.001952024874679,1.7340379562549,0,2.7545492038639e-14,104.47215608829,9.2115312949158e-15,-42.485930552959,-6.4499593227508e-15,6.4498597330789e-15,89.245732017573,89.245642719943,-0.00067792097858025,-0.0006779301520377,6.4498144232789e-15,-6.4498973437529e-15,0.00067792386624761,0.00067792681509227,89.245692598299,89.245781896199,32.446479212407,0.00039919193155396,0.00010447215608831,8.6311245318824e-13,0,360.31518846046,100000468.32597,-2.6477005381802e-13,-0.0042194423880137,0.0075876409069424,384.8095950849,2.2376056505631e-05,1024.3051673176,896.16795973394
107.71650000002,-176.3870271912,-58.795710400169,5.6143022570625e-18,0.001891677576988,1.7340486000891,0,3.5556475426536e-14,108.48369309811,1.2212353492723e-14,-43.401271629183,-8.5511497817677e-15,8.5510220862828e-15,91.168490278623,91.1684021263,-0.0009057117706418,-0.00090572407364552,8.5509615040312e-15,-8.5510674131995e-15,0.00090571565130842,0.00090571959673938,91.168452264629,91.168540417188,33.145934162289,0.00041483225122971,0.00010848369309814,7.9807469703421e-13,0,360.31519125229,100000470.9909,-2.6504849604791e-13,-0.0043024566018167,0.0076868800898158,386.76998097342,2.2204570002101e-05,1029.6199987116,900.82307983707
107.81650000002,-186.59701057038,-62.199038659546,7.1962469898741e-18,0.0018290615964857,1.7340588686384,0,4.5355001279159e-14,112.49143752073,1.600571662658e-14,-44.27774415893,-1.1207281327219e-14,1.1207119696139e-14,93.00960135278,93.009514371531,-0.0011958461150286,-0.0011958624236366,1.1207039602297e-14,-1.1207173102079e-14,0.0011958512697884,0.0011958564870037,93.009564775185,93.009651756628,33.815699171455,0.00043046947143186,0.00011249143752075,7.1405054229502e-13,0,360.31519414948,100000473.75602,-2.6536113304573e-13,-0.0043861510738249,0.0077861094252508,388.64809907638,2.1968693080504e-05,1034.7126680568,905.28366137525
107.91650000002,-196.87543718996,-65.625181182546,9.114543031303e-18,0.0017641825490073,1.7340687636607,0,5.7180988317772e-14,116.48412762122,2.0741016171062e-14,-45.115424941985,-1.45229614195e-14,1.4522759446866e-14,94.769226567418,94.769140779978,-0.0015606494314212,-0.0015606708021219,1.4522654728817e-14,-1.4522820810107e-14,0.0015606562003662,0.0015606630198832,94.769191454719,94.769277242301,34.455832056363,0.00044605920227046,0.00011648412762125,6.058082684671e-13,0,360.3151971518,100000476.62108,-2.656400191672e-13,-0.0044705230796056,0.0078853289152018,390.44414055524,2.1668814182734e-05,1039.5835660463,909.55003970106
108.01650000002,-207.18456223876,-69.061556353848,1.140970386974e-17,0.0016970525059455,1.7340782879888,0,7.1266982362553e-14,120.45024065557,2.6579170973622e-14,-45.914513334958,-1.8610866245785e-14,1.8610617066373e-14,96.447784692648,96.447700118562,-0.0020135262453571,-0.0020135539333643,1.8610481645082e-14,-1.8610685571535e-14,0.0020135350339201,0.0020135438467293,96.447751070532,96.447835644693,35.066484244132,0.0004615559460483,0.0001204502406556,4.6839939930943e-13,0,360.31520025874,100000479.58556,-2.6592245791264e-13,-0.004555568013723,0.0079845385616223,392.15853103107,2.130620181261e-05,1044.2337237229,913.62311128183
108.11650000002,-217.48595062769,-72.495352466568,1.4119698312315e-17,0.0016276900963925,1.7340874455446,0,8.7828256568936e-14,124.37814116008,3.3689397030827e-14,-46.675331167266,-2.3589481702868e-14,2.3589178159705e-14,98.045951764801,98.045868420291,-0.0025687097599084,-0.002568745234491,2.3589004908657e-14,-2.3589252058047e-14,0.0025687210443358,0.0025687323060147,98.04591965598,98.046003000483,35.647900718177,0.00047691368061436,0.0001243781411601,2.9611080551694e-13,0,360.31520346945,100000482.64862,-2.6620844929061e-13,-0.0046412793633464,0.0080837383664653,393.7919343199,2.0883001976254e-05,1048.6648231121,917.50434304078
108.21650000002,-227.74098838527,-75.913698187902,1.7278173689847e-17,0.0015561205221541,1.734096241339,0,1.0705253718115e-13,128.2562394078,4.2245064427734e-14,-47.398321195527,-2.9580202406199e-14,2.9579837268605e-14,99.564657839719,99.564575737574,-0.003240928136065,-0.0032409730916702,2.9579617950165e-14,-2.9579913614445e-14,0.0032409424676108,0.0032409567010182,99.564627263787,99.564709365825,36.200418847953,0.00049208648463383,0.00012825623940783,8.1371351804759e-14,0,360.3152067828,100000485.80917,-2.6649355241962e-13,-0.0047276487073395,0.008182928331683,395.34525299259,2.0402223252078e-05,1052.8791992263,921.19577413895
108.31650000002,-237.91141626493,-79.303840428354,2.091270115889e-17,0.0014823754812654,1.7341046814555,0,1.2909001246503e-13,132.07315551995,5.2418757265292e-14,-48.084044041221,-3.6703872627046e-14,3.670343885544e-14,101.00508055997,101.00499970947,-0.0040449955617079,-0.0040450519237035,3.670316408002e-14,-3.6703513228408e-14,0.0040450135691531,0.0040450313653557,101.0050515333,101.00513238357,36.724466060382,0.00050702918704914,0.00013207315551998,-1.8261900426338e-13,0,360.31521019734,100000489.06579,-2.6678132002588e-13,-0.0048146657420595,0.0082821084592274,396.81962559913,1.9867687576374e-05,1056.8798329996,924.70000981191
108.41650000002,-247.95986938699,-82.653324222623,2.5043163920367e-17,0.001406492998353,1.7341127730195,0,1.5404431764364e-13,135.81788419334,6.4376730824588e-14,-48.733173606483,-4.5076905171725e-14,4.5076396221593e-14,102.36863552528,102.36855593212,-0.0049953430465844,-0.004995412970608,4.5076055434372e-14,-4.5076462447098e-14,0.0049953654367327,0.0049953874538752,102.36860806091,102.36868765369,37.220556348671,0.00052169802084994,0.00013581788419336,-5.026604666258e-13,0,360.31521371134,100000492.41682,-2.6705132402026e-13,-0.0049023183342934,0.0083812787510495,398.21642049777,1.9283934693244e-05,1060.6703349806,928.02020711014
108.51650000002,-257.85040577238,-85.950168907698,2.9680405966953e-17,0.0013285171631288,1.7341205241517,0,1.819651559023e-13,139.47995473839,7.8273024453488e-14,-49.346491014614,-5.4807159195682e-14,5.4806569349539e-14,103.6569635639,103.65688523024,-0.006105510101616,-0.0061055959657731,5.4806150848489e-14,-5.4806619231796e-14,0.0061055376574894,0.0061055646174083,103.65693767153,103.65701600465,37.689285653746,0.00053605126013534,0.00013947995473841,-8.8749945813607e-13,0,360.31521732278,100000495.8603,-2.6733065386094e-13,-0.0049905926009012,0.0084804392091,399.53722633656,1.8656143728568e-05,1064.254919904,931.16005264745
108.61650000002,-267.54900660564,-89.183034877274,3.4825243698712e-17,0.0012484977812966,1.7341279439067,0,2.1284311516354e-13,143.04958115257,9.4243534997587e-14,-49.924877172718,-6.5989790390261e-14,6.5989115103242e-14,104.87191510972,104.87183803414,-0.0073876233051643,-0.0073877276946593,6.5988606090892e-14,-6.5989138186352e-14,0.0073876568817304,0.0073876895642241,104.87189079568,104.87196787051,38.131326192364,0.00055004981948647,0.00014304958115259,-1.3441113670117e-12,0,360.31522102938,100000499.39404,-2.6762286227977e-13,-0.0050794730138676,0.008579589835329,400.78383934523,1.7990005722977e-05,1067.6383725573,934.12373272193
108.71650000002,-277.02403200681,-92.341375505727,4.0467916811059e-17,0.0011664899450471,1.7341350421997,0,2.4660708200763e-13,146.51779727814,1.1240037808098e-13,-50.469304100965,-7.870330272303e-14,7.8702538965832e-14,106.01553198848,106.01545616611,-0.0088518906090924,-0.0088520162932639,7.8701925635518e-14,-7.8702522338196e-14,0.0088519311264752,0.0088519703612695,106.01550925575,106.01558507714,38.547419841976,0.00056365779586769,0.00014651779727816,-1.8821931314362e-12,0,360.31522482861,100000503.01561,-2.6792972565332e-13,-0.0051689425286104,0.0086787306316858,401.9582477008,1.7291577914801e-05,1070.8260056463,936.9158964252
108.81650000002,-286.24661799867,-95.415569470557,4.6588021158638e-17,0.0010825535329259,1.73414182972,0,2.8312445553717e-13,149.87657272108,1.3282685990525e-13,-50.980825213793,-9.300602766572e-14,9.3005174247532e-14,107.09002700245,107.08995242503,-0.010506140694702,-0.010506290596859,9.3004441903208e-14,-9.3005102403648e-14,0.010506189128967,0.010506235785549,107.09000585076,107.09008042691,38.938370723626,0.00057684293568598,0.00014987657272111,-2.5106181110732e-12,0,360.3152287177,100000506.72237,-2.6822237820407e-13,-0.0052589827326457,0.0087778616001196,403.06261332605,1.656716214273e-05,1073.8236106229,939.54161258339
108.91650000002,-295.19100304631,-98.397029598809,5.315492875243e-17,0.00099675265105032,1.734148317836,0,3.2220414803834e-13,153.11890606937,1.5557335040218e-13,-51.460564770655,-1.0893323455426e-13,1.0893229240872e-13,108.09776177067,108.09768842674,-0.01235543463647,-0.012355611797327,1.0893142561558e-13,-1.0893214717998e-13,0.012355492008207,0.012355546983821,108.09774219658,108.09781553894,39.305037148913,0.00058957701298846,0.0001531189060694,-3.2366977059494e-12,0,360.31523269369,100000510.51148,-2.6848660909959e-13,-0.005349574011069,0.0088769827425785,404.09925155944,1.5823142882967e-05,1076.6374026566,942.0063215636
109.01650000002,-303.83477585841,-101.27828546732,6.0128662988254e-17,0.00090915502928336,1.7341545184932,0,3.6360215054403e-13,156.23889300193,1.806542926753e-13,-51.909706736154,-1.264950365837e-13,1.2649400900256e-13,109.04122332858,109.0411512036,-0.014401772754191,-0.014401980290075,1.2649299176413e-13,-1.264937695652e-13,0.014401840115243,0.014401904321453,109.0412053256,109.04127744865,39.648323114099,0.00060183610890794,0.00015623889300195,-4.0687233334929e-12,0,360.31523675347,100000514.37996,-2.6878325858477e-13,-0.005440695724853,0.0089760940610104,405.07060919451,1.5065859922776e-05,1079.2739610929,944.31578312329
109.11650000002,-312.15903979952,-104.05303820668,6.7461164677275e-17,0.00081983138698849,1.7341604441061,0,4.0702926217484e-13,159.23176803174,2.0804650952935e-13,-52.329483300536,-1.4567520503025e-13,1.4567409783241e-13,109.92300001412,109.92292909071,-0.016643913288042,-0.016644154345317,1.4567291378846e-13,-1.4567374079661e-13,0.016643991706828,0.016644066055132,109.9229835729,109.92305449399,39.969169533025,0.0006136007870106,0.00015923176803176,-5.0134993344314e-12,0,360.31524089376,100000518.32468,-2.6906880594081e-13,-0.0055323263976661,0.0090751955573624,405.979241423,1.4301476854198e-05,1081.7401668459,946.47602156884
109.21650000002,-320.14849301973,-106.71618721086,7.5097859664783e-17,0.00072885478333535,1.7341661074499,0,4.5216044959217e-13,162.09391980307,2.3768888317668e-13,-52.721163311586,-1.6643094497874e-13,1.6642976660557e-13,110.74575716781,110.74568742595,-0.019077312073735,-0.019077589781116,1.6642839924413e-13,-1.6642926618544e-13,0.019077402619697,0.01907748800673,110.74574227631,110.7458120154,40.268545400635,0.00062485616386453,0.00016209391980309,-6.0779418595742e-12,0,360.31524511117,100000522.34242,-2.6935168888673e-13,-0.0056244439068263,0.0091742872335808,406.82778822773,1.3535860263121e-05,1084.0431382064,948.49326952087
109.31650000002,-327.79142697352,-109.26382964321,8.2979423738029e-17,0.00063629996683546,1.7341715215502,0,4.9864522686328e-13,164.82288096944,2.6948339730789e-13,-53.086040858597,-1.8869362498408e-13,1.8869238651665e-13,111.51221315224,111.51214456955,-0.021694184488457,-0.021694501908927,1.8869081939296e-13,-1.8869171477621e-13,0.021694288216176,0.021694385509045,111.51219979596,111.51226837539,40.547439071033,0.0006355918785586,0.00016482288096946,-7.2677001744808e-12,0,360.31524940225,100000526.42987,-2.6965011510422e-13,-0.0057170256741123,0.0092733690916119,407.61895076001,1.2774495053769e-05,1086.1901665178,950.37391156014
109.41650000002,-335.07964917496,-111.69323468793,9.1043635711723e-17,0.00054224273790624,1.7341766995771,0,5.4611842850801e-13,167.41729466065,3.0329744961388e-13,-53.425424229416,-2.1237039630926e-13,2.1236911140693e-13,112.22511615524,112.22504870722,-0.024483683342826,-0.024484043426891,2.1236732836191e-13,-2.1236823857366e-13,0.024483801276392,0.02448391129867,112.22510431744,112.22517176167,40.806849819062,0.00064580196883362,0.00016741729466067,-8.5886559299201e-12,0,360.31525376347,100000530.5837,-2.6993077792639e-13,-0.0058100488524043,0.0093724411334009,408.3554682026,1.2022392975179e-05,1088.1886530892,952.12442895142
109.51650000002,-342.00833861225,-114.00279535466,9.922721433556e-17,0.00044675933690156,1.7341816547426,0,5.9421078439429e-13,169.87686033191,3.3896727420832e-13,-53.740625434627,-2.3734658932119e-13,2.3734527408555e-13,112.88722218445,112.88715584472,-0.027432179773181,-0.027432585315033,2.373432594567e-13,-2.3734416891935e-13,0.027432312891332,0.027432436410192,112.88721184634,112.88727818169,41.047779833842,0.00065548466465543,0.00016987686033193,-1.0045311394375e-11,0,360.3152581913,100000534.80054,-2.7022298726444e-13,-0.0059034905045576,0.0094715033608929,409.04009556863,1.1284052202844e-05,1090.046048575,953.75134652467
109.61650000002,-348.57584413744,-116.19196127469,1.0746754726145e-16,0.00034992586837522,1.7341864002046,0,6.4255878388889e-13,172.20226235725,3.7630226190008e-13,-54.032950460665,-2.6348873856573e-13,2.6348741133711e-13,113.50127459295,113.50120933355,-0.030523629036797,-0.030524082634778,2.6348515015559e-13,-2.6348604154068e-13,0.030523778259306,0.03052391597419,113.50126573398,113.50133098837,41.271226768082,0.00066464211237938,0.00017220226235727,-1.1639687444963e-11,0,360.31526268221,100000539.07702,-2.7049965369917e-13,-0.0059973277714226,0.009570555776032,409.67558282156,1.0563405563697e-05,1091.769795879,955.26118264049
109.71650000002,-354.78343729311,-118.26115630968,1.157042384067e-16,0.00025181777071892,1.7341909489793,0,6.9081342459992e-13,174.39508506108,4.1508993430972e-13,-54.303690378229,-2.9064806566786e-13,2.9064674676472e-13,114.06998540168,114.06992119333,-0.033739999717896,-0.033740503740364,2.9064422493302e-13,-2.906450794197e-13,0.033740165893597,0.033740318426733,114.06997799978,114.07004220244,41.478176939955,0.0006732800440375,0.0001743950850611,-1.3375832558381e-11,0,360.31526723268,100000543.40981,-2.7077854082072e-13,-0.0060915380265172,0.0096695983807618,410.2646556283,9.863818095271e-06,1093.3672774437,956.66040299323
109.81650000002,-360.63503147869,-120.21168494009,1.2388042109061e-16,0.0001525093408816,1.7341953138613,0,7.3864756353909e-13,176.45771799175,4.5510131560208e-13,-54.55411339607,-3.1866424064471e-13,3.1866295205811e-13,114.59601860762,114.59595541996,-0.037061743290257,-0.03706229984765,3.1866015650417e-13,-3.1866095407126e-13,0.037061927187008,0.037062095075963,114.59601263939,114.59607582064,41.669599256581,0.00068140740677966,0.00017645771799177,-1.5252931728742e-11,0,360.31527183926,100000547.79563,-2.7103877645683e-13,-0.006186099015488,0.0097686311770256,410.80999797817,9.1880768343623e-06,1094.8457675716,957.95537882078
109.91650000002,-366.13687915462,-122.04563133312,1.319438059412e-16,5.2073371617487e-05,1.7341995073539,0,7.8576171234508e-13,178.39325515099,4.9609645141814e-13,-54.785457914808,-3.4736924628852e-13,3.4736801134502e-13,115.08197559267,115.08191339453,-0.040468281140216,-0.04046889206378,3.4736493014961e-13,-3.4736564988917e-13,0.040468483436974,0.040468667129368,115.08197103366,115.08203322462,41.846439901118,0.00068903596719985,0.00017839325515101,-1.7274722419497e-11,0,360.31527649856,100000552.23127,-2.7134120084874e-13,-0.0062809889791291,0.0098676541667658,411.31423682566,8.5384157687978e-06,1096.2123902185,959.15234990624
110.01650000002,-354.85940730463,-118.28672550212,1.3521795821149e-16,4.897456738592e-05,1.7342000717878,0,8.0565079274538e-13,172.33339071791,5.3746042352716e-13,-54.965233240565,-3.7632931924388e-13,3.7633135702317e-13,115.45960992153,115.45954872896,-0.043906696717206,-0.043907133363214,3.7632478749624e-13,-3.763286024106e-13,0.043906917832686,0.043906887851571,115.45960015523,115.45966133928,41.986025846376,0.00066443139243677,0.00017233339071686,-1.9429373452018e-11,0,360.31528120729,100000556.69394,-2.7161609200958e-13,-0.006365402455784,0.009950330851685,411.11370489195,-0.00011981132298516,1095.6636018835,958.67151031603
110.11650000002,-279.50984375258,-93.169940205014,9.2155024984912e-17,0.00013230677907535,1.7341859813171,0,5.531295629328e-13,138.37619813181,5.5255595802748e-13,-53.918267888429,-3.8689725682822e-13,3.8690144455453e-13,113.26035555571,113.26029581588,-0.045125429988309,-0.045125742615481,3.8689271461373e-13,-3.8689845349175e-13,0.045125658552739,0.045125489104589,113.26035235959,113.26041209077,41.194218490465,0.00053165693051319,0.00013837619813172,-2.1180257991218e-11,0,360.3152851666,100000560.37423,-2.7189409206067e-13,-0.0063901517377407,0.0099503308516857,408.10098261501,-6.3949067962888e-05,1087.4739700489,951.49721357481
110.21650000002,-255.26522099989,-85.088404891897,6.5363480350365e-17,0.00020762462035942,1.7341732311465,0,3.9495761141898e-13,129.32689141453,5.4020525283664e-13,-52.686950439219,-3.7824970731742e-13,3.7825354960076e-13,110.67385509022,110.6737960241,-0.044052959954329,-0.044053292965178,3.7824535205765e-13,-3.7825050946719e-13,0.044053184030699,0.044053044621113,110.67385387147,110.67391292847,40.253420722395,0.00049622005795733,0.00012932689141447,-2.2413698177284e-11,0,360.31528868819,100000563.70049,-2.7217298045495e-13,-0.0064125477250753,0.0099503308516854,405.37801950414,-4.3345867320714e-05,1080.0746949621,945.01545438287
110.31650000002,-235.48143981389,-78.49381068404,4.7231915995937e-17,0.00027846444067998,1.7341612302487,0,2.8721247820898e-13,122.01476990796,5.1256889120501e-13,-51.516284752302,-3.5889907887919e-13,3.5890255702181e-13,108.2147600128,108.21470145725,-0.041723101882946,-0.041723436549698,3.5889501173845e-13,-3.5889958401218e-13,0.041723314827722,0.041723200682031,108.21475983618,108.21481838228,39.35875498248,0.00046761269636014,0.00012201476990792,-2.3306538612893e-11,0,360.3152919972,100000566.82895,-2.7244565173467e-13,-0.0064336283623486,0.0099503308516851,402.81698897244,-3.819714975328e-05,1073.1176976966,938.9212620299
110.41650000002,-218.24867989427,-72.749556618059,3.4676867409913e-17,0.0003454492771218,1.7341498748133,0,2.1214182402574e-13,115.57351748741,4.7691418260644e-13,-50.407313759997,-3.3393393669775e-13,3.3393706641123e-13,105.88526067527,105.88520258088,-0.038746152299125,-0.038746476303121,3.3393020345874e-13,-3.3393423125593e-13,0.038746350613894,0.038746256745781,105.88526138411,105.88531946886,38.511255497891,0.00044244250143923,0.00011557351748737,-2.3964616133311e-11,0,360.31529512485,100000569.78712,-2.7273963940206e-13,-0.0064535758719219,0.0099503308516847,400.39540191762,-3.4342761142374e-05,1066.5413873589,933.16064627245
110.51650000002,-203.06511729831,-67.688368473485,2.5821965490897e-17,0.00040901253096059,1.7341390926265,0,1.5888220520197e-13,109.82851916428,4.377605028603e-13,-49.353784490481,-3.0651876161045e-13,3.0652156501083e-13,103.67222206161,103.67216439449,-0.035497147140244,-0.035497453328878,3.0651537521615e-13,-3.0651890805411e-13,0.035497329274498,0.035497251766505,103.67222357814,103.67228123551,37.706147312437,0.00042001806888651,0.00010982851916424,-2.4458255156604e-11,0,360.31529809176,100000572.59417,-2.7303140670731e-13,-0.0064725170009664,0.0099503308516844,398.0976020487,-3.1095514229133e-05,1060.3028765631,927.69601893589
110.61650000002,-189.58137857476,-63.193788425575,1.947430135068e-17,0.00046951080652161,1.7341288242427,0,1.2048699477059e-13,104.6641508224,3.9790572062934e-13,-48.350167931217,-2.786126323972e-13,2.7861513436927e-13,101.56402993602,101.56397266783,-0.03220550597916,-0.032205790571352,2.7860958657205e-13,-2.7861267566898e-13,0.032205671585448,0.032205607363431,101.56403219834,101.56408945674,36.939200759886,0.0003998809362678,0.00010466415082237,-2.4834481601149e-11,0,360.31530091478,100000575.26584,-2.7332539452619e-13,-0.0064905560867133,0.0099503308516841,395.9107003727,-2.831653599574e-05,1054.3668814684,922.49645743601
110.71650000002,-177.52583760945,-59.175274405701,1.4857116927095e-17,0.00052724374030176,1.7341190196903,0,9.2407674484907e-14,99.990533090474,3.5904973689334e-13,-47.391772571914,-2.5140582825188e-13,2.5140805460364e-13,99.550829321407,99.550772427751,-0.029008787609213,-0.029009048996358,2.5140310586575e-13,-2.5140580079464e-13,0.029008937070427,0.02900888369958,99.5508322764,99.550889160262,36.206826893305,0.00038167508559232,9.9990533090448e-05,-2.5123574747871e-11,0,360.31530360808,100000577.81538,-2.7361094470503e-13,-0.0065077808399349,0.0099503308516838,393.82386253651,-2.5916426091596e-05,1048.703759938,917.53598447202
110.81650000002,-166.68286147102,-55.560948745715,1.1454129968334e-17,0.00058246603254546,1.7341096364733,0,7.1604827783852e-14,95.736088340179,3.2218575055508e-13,-46.474586751728,-2.2559379363078e-13,2.2559576991562e-13,97.62419333164,97.624136791298,-0.025986028127698,-0.025986266086298,2.255913718744e-13,-2.2559371890085e-13,0.025986162253893,0.02598611778916,97.624196932964,97.624253463537,35.505957107228,0.00036511729501671,9.5736088340156e-05,-2.5350189287383e-11,0,360.31530618368,100000580.25404,-2.7389915946419e-13,-0.006524265850584,0.0099503308516834,391.82787614219,-2.3827051425748e-05,1043.2883194481,912.79252286608
110.91650000002,-156.87885346894,-52.292945863803,8.9158342997231e-18,0.00063539632146057,1.734100638098,0,5.6010282421743e-14,91.842995347407,2.8785043577097e-13,-45.595148805145,-2.015523129171e-13,2.0155406369471e-13,95.77685039992,95.776794194322,-0.023178835558393,-0.023179050729137,2.0155016650552e-13,-2.015522078608e-13,0.023178955391401,0.02317891826729,95.77685460681,95.776910802685,34.833943713056,0.00034997899793374,9.1842995347387e-05,-2.5530038389442e-11,0,360.31530865189,100000582.59147,-2.7420025284764e-13,-0.0065400751745072,0.0099503308516831,389.91483124504,-2.1995241681731e-05,1038.0989378673,908.24712477468
111.01650000002,-147.97235033705,-49.324111324078,7.0016836407172e-18,0.00068622392366953,1.7340919929528,0,4.419357421536e-14,88.263971647093,2.5628626393359e-13,-44.750447055349,-1.7945116863025e-13,1.7945271702797e-13,94.002474204955,94.002418317743,-0.020604946374049,-0.020605139915435,1.7944927176828e-13,-1.794510454493e-13,0.02060505306177,0.020605022010044,94.002478981281,94.002534858829,34.188483366333,0.00033607345457726,8.8263971647075e-05,-2.5673491122938e-11,0,360.31531102162,100000584.83605,-2.7449202038857e-13,-0.0065552642990964,0.0099503308516827,388.07787743907,-2.0378931879459e-05,1033.1168957291,903.88338635026
111.11650000002,-139.84682077845,-46.615601350345,5.5436240118509e-18,0.00073511403906721,1.7340836734427,0,3.5150554617677e-14,84.959930482652,2.2754799847951e-13,-43.937842026518,-1.5932870934913e-13,1.5933007682788e-13,92.295520270202,92.295464686891,-0.018267040101568,-0.018267213459397,1.5932703691141e-13,-1.593285767719e-13,0.018267134817823,0.018267108805206,92.295525583743,92.295581157458,33.567557513842,0.00032324642133241,8.4959930482636e-05,-2.5789902458837e-11,0,360.31531330065,100000586.99506,-2.7477224163586e-13,-0.006569881661763,0.0099503308516824,386.31103613183,-1.8944472110773e-05,1028.3258606894,899.68699583538
