time,Dynamic_hardening_term,Dynamic_hardening_term_avg,Energy,Ep_eff,F_norm,First_term_KM,First_term_KM_avg,Phi,Prager_term,Prager_term_avg,Second_term_KM,Second_term_KM_avg,Static_hardening_term,Static_hardening_term_avg,backstress01,backstress02,backstress03,backstress04,backstress05,backstress06,backstress07,backstress08,backstress09,backstress10,backstress11,backstress12,backstress_avg,entropy_generation_rate,gamma_dot_average,phi_1,phi_2,strain_zz,ssd,strain_xx,stress_zz,strain_zz,stress_xx,stress_yy,stress_zz,vonmises
0,0,0,0,0,0,0,0,0,0,0,0,0,0,0,0,0,0,0,0,0,0,0,0,0,0,0,0,0,0,0,0,0,0,0,0,0,0,0,0,0
0.427,-6.4923083607589E-135,-2.1641027869196E-135,3.4044450775239E-92,4.4458253515813E-88,1.7321444438687,1.1841273784424E-87,2.9397246950579E-67,0,4.7365095137696E-87,1.1758898779829E-66,9.2181948156984E-91,2.2885168806087E-70,5.9363981828905E-88,-1.4737752587479E-67,-4.1566669711802E-88,4.1566669711698E-88,3.0958130261311E-67,3.0958130261311E-67,-1.058896197212E-77,-1.0588961972137E-77,4.1566669711802E-88,-4.1566669711698E-88,1.058896197212E-77,1.0588961972137E-77,3.0958130261311E-67,3.0958130261311E-67,1.0319376763857E-67,2.5676135546998E-73,1.1758898779829E-72,-4.3541229272998E-19,0,0.000426908857048,100000000,-7.1581195980537E-40,46.042379452535,0.000426908857048,17.606120817921,5.4432547715448E-06,46.042379452535,40.239882629868
1.427,-5.5508964297667E-74,-1.8502988099222E-74,2.98490210538E-61,6.7583656406821E-57,1.732363232433,3.1062221926134E-57,8.5219010963318E-37,0,1.2424888770454E-56,3.4087604384087E-36,2.4181318525057E-60,6.6341295654724E-40,1.5846634997316E-57,-4.3467575563549E-37,-1.1095816397105E-57,1.1095816397116E-57,9.1308010393866E-37,9.1308010393866E-37,-3.3217838363943E-47,-3.3217838363923E-47,1.1095816397105E-57,-1.1095816397116E-57,3.3217838363943E-47,3.3217838363923E-47,9.1308010393866E-37,9.1308010393866E-37,3.0485737417784E-37,2.4927397422197E-42,3.4087604384087E-42,-1.0416839164455E-18,0,0.001425982785389,100000000,-1.7576148232891E-38,154.19674606175,0.001425982785389,58.845511608083,1.8296892209538E-05,154.19674606175,134.77997041153
2.427,-1.841254799914E-49,-6.1375159997134E-50,8.0289717783993E-49,1.739297594369E-44,1.7325813125754,4.9120341387919E-45,1.4890796655208E-24,0,1.9648136555168E-44,5.9563186618525E-24,3.8239203363667E-48,1.1592187380146E-27,2.7247840868331E-45,-8.2515349224497E-25,-1.9078942598471E-45,1.9078942598479E-45,1.7333178275905E-24,1.7333178275905E-24,-6.7023496359099E-35,-6.7023496359083E-35,1.9078942598471E-45,-1.9078942598479E-45,6.7023496359099E-35,6.7023496359083E-35,1.7333178275905E-24,1.7333178275905E-24,5.8306159389056E-25,7.4238002977754E-30,5.9563186618525E-30,1.9972979015017E-18,0,0.002424059561174,100000000,-8.4619795199754E-38,262.81073980285,0.002424059561174,100.09544729149,3.1316220056279E-05,262.81073980285,229.74423519597
3.427,-8.4921877256176E-34,-2.8307292418721E-34,6.6102657488604E-41,1.9003808968194E-35,1.7327986750685,2.8636453858921E-37,9.5914683932083E-17,0,1.1454581543568E-36,3.8365873571255E-16,2.2292906600085E-40,7.4667663147448E-20,1.7680347509069E-37,-5.9084459783976E-17,-1.2379782195466E-37,1.2379782195471E-37,1.2411284499141E-16,1.2411284499142E-16,-5.0985827653421E-27,-5.0985827653418E-27,1.237978219547E-37,-1.2379782195467E-37,5.0985827653419E-27,5.098582765342E-27,1.2411284499142E-16,1.241128449914E-16,4.211734035182E-17,6.7664461465824E-22,3.8365873571255E-22,3.2278931838451E-16,0,0.003421141172891,100000000,-5.3618334828793E-34,371.88639538285,0.003421141172891,141.3563925037,4.4501660530228E-05,371.88639538285,325.13470848224
4.427,-3.0098019995687E-22,-1.0032673331896E-22,4.3761899307297E-35,1.8129866073474E-16,1.733015310559,1.4673801155957E-31,5.4296846370404E-11,0,5.8695204623829E-31,2.1718738547212E-10,1.1423260723894E-34,4.2269008962432E-14,1.0032955821571E-31,-3.6991513737992E-11,-7.0250772946659E-32,7.0250772946648E-32,7.7704391769806E-11,7.7704391769793E-11,-3.3901993324639E-21,-3.3901993324633E-21,7.0250772946635E-32,-7.0250772946672E-32,3.3901993324637E-21,3.3901993324636E-21,7.7704391769796E-11,7.7704391769803E-11,2.6574878809337E-11,4.9587153348675E-16,2.1718738547212E-16,-4.2697111078115E-17,0,0.004417229603081,100000000,-2.0816681711722E-17,481.42576927168,0.004417229603081,182.62881631286,5.7856477731902E-05,481.42576927168,420.95344049219
5.427,-4.3826091063859E-13,-1.4608697021287E-13,1.7676551334415E-30,7.2043797390391E-12,1.7332312095639,4.834300358566E-27,1.9760071095219E-06,0,1.9337201434264E-26,7.9040284377203E-06,3.7634061431367E-30,1.5382820146206E-09,3.6388850411282E-27,-1.4800725942387E-06,-2.5479478964092E-27,2.547947896409E-27,3.1090412121294E-06,3.1090412121295E-06,-1.4402610988081E-16,-1.4402610988082E-16,2.5479478964093E-27,-2.5479478964089E-27,1.4402610988081E-16,1.4402610988082E-16,3.1090412121295E-06,3.1090412121295E-06,1.0702294774322E-06,2.2169595817529E-11,7.9040284377203E-12,3.1290897005573E-16,0,0.005412326828369,100000000,-4.8572257327351E-17,591.43093940054,0.005412326828369,223.9131920549,7.1386322102713E-05,591.43093940054,517.20249992706
6.427,-1.7436007136137E-05,-5.8120023787556E-06,1.1473120920308E-26,4.8412499233974E-08,1.7334463538973,2.6491729582197E-23,0.011941159818207,0,1.0596691832879E-22,0.04776463926979,2.0623281645118E-26,9.2959540954097E-06,2.1745723509247E-23,-0.009744045658751,-1.5226359130735E-23,1.5226359130556E-23,0.020468347055254,0.020468347054861,-1.0078255242003E-12,-1.00782552422E-12,1.5226359130374E-23,-1.5226359130537E-23,1.0078255242068E-12,1.0078255242125E-12,0.020468347055125,0.020468347055519,0.007084066366569,1.589847818406E-07,4.7764639269793E-08,-5.2093491915496E-16,0,0.006406434819485,100000000.00214,-8.3266726846887E-17,701.89934681838,0.006406434819485,265.20826497979,9.9495474425613E-05,701.89934681838,613.87988458223
7.427,-3.9091781922423,-1.3030594030045,1.7800606480964E-23,3.3470404461728E-05,1.7336548858471,3.5703047248345E-20,4.5234301882648,0,1.4281218899338E-19,18.093720470863,2.7794108146873E-23,0.003521399987158,3.2700027597898E-20,-5.7670852291766,-2.2896564819923E-20,2.2896564532288E-20,12.11434198605,12.114341853104,-1.7679573996886E-09,-1.7679574383719E-09,2.2896564221655E-20,-2.2896564488535E-20,1.7679574126119E-09,1.7679574237586E-09,12.114341943723,12.114342076669,4.2969111932359,6.6924763749035E-05,1.809372047087E-05,-1.1150940862792E-16,0,0.007399555541287,100000001.47805,-3.1918911957949E-16,809.60125877366,0.007399555541287,305.31370927954,0.000813395807441,809.60125877366,708.15774306425
8.427,-35.264732306141,-11.754910883129,5.0780977513311E-21,0.000213070134649,1.7338375189878,9.1420179517451E-18,10.938672941433,0,3.656807180698E-17,43.754685217149,7.1168777795816E-21,0.008515539173689,9.6676163076926E-18,-21.51368613321,-6.7692670762046E-18,6.7692664494575E-18,45.191657453202,45.19165620601,-5.9737614466393E-07,-5.9737626611118E-07,6.7692655881523E-18,-6.7692661653236E-18,5.9737618540425E-07,5.9737622024949E-07,45.191657108251,45.191658355437,16.32919361692,0.000164510468892,4.3754685217119E-05,1.7640941988616E-15,0,0.008391690952785,100000009.40913,-6.3143934525419E-16,903.49621381596,0.008391690952785,340.15290848019,-0.000338156907672,903.49621381596,790.36887916062
9.427,-100.72705191126,-33.575684450566,3.6457074317849E-19,0.000560326471177,1.733991385244,6.0512760311723E-16,19.238679977121,0,2.4205104124689E-15,76.954612805855,4.7107963452295E-19,0.014976932715526,7.5411956399973E-16,-34.938986805403,-5.2803476534876E-16,5.2803466489018E-16,73.392842879929,73.392839638656,-5.2082785268118E-05,-5.2082814791182E-05,5.2803447603176E-16,-5.2803456780825E-16,5.2082795227914E-05,5.208280363781E-05,73.392842138991,73.392845371851,26.605009566158,0.000292521092951,7.695459776351E-05,-7.3921109187497E-14,0,0.009382843007164,100000024.74389,-8.951173140881E-16,981.29787557456,0.009382843007164,368.93374269761,-0.001788142874037,981.29787557456,858.5022676623
10.427,-194.22157375571,-64.740525249133,7.1758576336339E-18,0.001115192057507,1.7341105024754,1.1261680053147E-14,28.86553465014,0,4.5046720212589E-14,115.46042495996,8.7669869261093E-18,0.02247125704147,1.7267628109925E-14,-44.90174494829,-1.2090801684447E-14,1.2090799252036E-14,94.320601083643,94.320595260592,-0.001296480867491,-0.001296482351183,1.2090790408898E-14,-1.2090792595393E-14,0.001296481371696,0.001296481790544,94.320600322234,94.320606140705,34.241485590179,0.000442372701685,0.000115460396613,-1.2498572702176E-13,0,0.010373013651807,100000049.24667,-1.1310397172736E-15,1038.9108428149,0.010373013651807,390.19617058435,-0.002926368565526,1038.9108428149,908.96311284593
11.427,-257.3042466031,-85.768074492448,4.433797706298E-17,0.001878110118429,1.7341956548611,6.7220731348485E-14,33.790517946911,0,2.6888292539394E-13,135.15164984243,5.2329911055863E-17,0.026305273801489,1.3305293154165E-13,-50.818816652828,-9.3163756664468E-14,9.316376074905E-14,106.74997867772,106.74997135064,-0.010543696564356,-0.010543716931564,9.316364352507E-14,-9.3163639173159E-14,0.010543703553705,0.010543709228171,106.74997986856,106.74998747448,38.827010433914,0.00052218354549,0.00013515217626,2.7298489434941E-12,0,0.011362204828318,100000082.93748,-1.3947177956056E-15,1076.1288245101,0.011362204828318,403.9125060245,-0.000900246625785,1076.1288245101,941.56146987565
12.427,-93.990375083608,-31.330116609486,7.5435525809687E-18,0.002607687737953,1.7341028534651,1.2043353631929E-14,14.275242640408,0,4.8173414527714E-14,57.099152705588,9.3754848888234E-18,0.011113009847597,2.3592560748293E-13,-43.939253800346,-1.6520121682404E-13,1.6519541210215E-13,92.298752543584,92.298742018403,-0.018912416427553,-0.018912873571593,1.6520102394489E-13,-1.6519503436849E-13,0.018912433920384,0.018912854474902,92.298755620514,92.29876611842,33.740406064595,0.000215239972377,5.7099179354911E-05,-8.2075194601128E-12,0,0.011506544916132,100000115.15656,-1.5022705127508E-15,1020.9248248318,0.011506544916132,383.57367108564,0.004077128524857,1020.9248248318,893.2024685594
13.427,-13.064486444676,-4.3548284569966,8.5146328775839E-21,0.002783296106292,1.7338560639398,1.5518566667676E-17,3.7388876298921,0,6.2074266670704E-17,14.955521182976,1.2080850627412E-20,0.002910654591875,6.4258564422328E-14,-23.317922415934,-4.4995473694514E-14,4.499392759058E-14,48.981601537892,48.981592480623,-0.005132878553859,-0.005133000597036,4.4995421044084E-14,-4.499382370044E-14,0.005132883329747,0.005132995383002,48.981603786251,48.981612878795,17.937956992523,5.4773821958345E-05,1.4955521182967E-05,-6.0982624484876E-12,0,0.010517496579886,100000122.91127,-1.7798264461112E-15,892.24370293298,0.010517496579886,335.99193242032,-0.000880036176159,892.24370293298,780.51508571542
14.427,-0.43758247569113,-0.14586079700117,9.158881784158E-24,0.002816291101073,1.7336325449158,1.9104075312246E-20,0.33120473215053,0,7.6416301248984E-20,1.3248164559434,1.4872077732324E-23,0.000257836740738,1.6913831082858E-14,-8.8166423961872,-1.1843492567685E-14,1.1843085660734E-14,18.520228510586,18.520223185642,-0.001350993501487,-0.001351025621317,1.1843478710274E-14,-1.1843058312327E-14,0.001350994758562,0.001351024248916,18.520230084796,18.520235432086,6.8109414128938,4.6033097716696E-06,1.324816455943E-06,-6.1999697478484E-12,0,0.009527469058501,100000124.3683,-2.0504433632418E-15,778.03620447374,0.009527469058501,293.58358882151,-0.00021976452442,778.03620447374,680.52423429208
15.427,-0.000609263131216,-0.000203087633836,4.5164546938664E-27,0.002817680474568,1.7334136845363,1.0960916369799E-23,0.001674913965942,0,4.3843665479196E-23,0.006699643358798,8.5328125103661E-27,1.303889457744E-06,4.4512051427354E-15,-2.4274603963139,-3.1168464871088E-15,3.1167394016479E-15,5.0991203773189,5.0991187564525,-0.000355540246554,-0.000355548699511,3.1168428402628E-15,-3.1167322043757E-15,0.000355540577378,0.000355548338337,5.0991208812,5.09912250904,1.878544956058,2.0807625360969E-08,6.6996433587978E-09,-6.2040940687874E-12,0,0.008536460411213,100000124.42965,-2.2308546087016E-15,667.37606399592,0.008536460411213,252.32867140152,7.7266348374641E-05,667.37606399592,583.66290150262
16.427,-4.7551041135752E-08,-1.5850338004311E-08,5.9569106089083E-31,0.002817684037543,1.7331943198917,1.7277232746006E-27,4.96516062762E-07,0,6.9108930984023E-27,1.9860605441844E-06,1.3449902540609E-30,3.8652854594539E-10,1.1714207684568E-15,-0.6390964457861,-8.2025846709008E-16,8.2023028547887E-16,1.3424852221247,1.3424847948551,-9.3567295877674E-05,-9.3569520436797E-05,8.2025750735199E-16,-8.202283913774E-16,9.3567382940369E-05,9.3569425386857E-05,1.3424853551372,1.3424857842464,0.49459796501878,5.2183108624864E-12,1.9860605441844E-12,-6.1985609522117E-12,0,0.007544468691485,100000124.42981,-2.5222881519177E-15,557.31704505844,0.007544468691485,211.13620917379,6.7009537354766E-05,557.31704505844,487.35092884049
17.427,-3.4695321019547E-13,-1.1565097443594E-13,1.1743362190348E-35,0.002817684038248,1.7329742228388,4.2312774828462E-32,1.3766027459038E-11,0,1.6925109931385E-31,5.5064007063338E-11,3.2939415847574E-35,1.0716597057479E-14,3.0828204296738E-16,-0.16819064736142,-2.1586688814553E-16,2.1585947160921E-16,0.35330107070855,0.35330095826417,-2.4624044497771E-05,-2.4624629933551E-05,2.1586663557188E-16,-2.1585897313975E-16,2.4624067410004E-05,2.462460491932E-05,0.35330110571349,0.35330121864201,0.13016307056227,1.1669239858436E-16,5.5064007063338E-17,-6.1951815834321E-12,0,0.006551491946981,100000124.42981,-2.7443327560721E-15,447.72337634361,0.006551491946981,169.95610960485,5.3601964818481E-05,447.72337634361,391.46895737109
18.427,-1.2246134999647E-19,-4.0820399663814E-20,1.2291603871755E-41,0.002817684038248,1.7327534022485,5.8445324587395E-38,1.8462957872984E-17,0,2.3378129834958E-37,7.3851693653762E-17,4.5498098055762E-41,1.4373070270471E-20,8.1130385063333E-17,-0.044262623451652,-5.6809548779082E-17,5.6807596974034E-17,0.09297801336262,0.092977983770705,-6.4802938007396E-06,-6.4804478694936E-06,5.6809482309439E-17,-5.6807465792152E-17,6.480299830537E-06,6.4804412865147E-06,0.092978022574849,0.092978052294172,0.034254930758775,1.1850890823059E-22,7.3851693653762E-23,-6.1887982947354E-12,0,0.005557528219543,100000124.42981,-2.9802551480359E-15,338.59263670116,0.005557528219543,128.78777292735,4.0364079103748E-05,338.59263670116,296.01461722036
19.427,-2.6721012414405E-28,-8.9069863216808E-29,7.4958117809442E-50,0.002817684038248,1.7325318674703,5.2381524721644E-46,1.5308036982854E-25,0,2.0952609888658E-45,6.1232033647019E-25,4.0777430890231E-49,1.1917022872021E-28,2.1351030754721E-17,-0.011648565871629,-1.4950532062644E-17,1.4950018407377E-17,0.024468963400931,0.024468955613246,-1.7054147115314E-06,-1.7054552577054E-06,1.4950514569871E-17,-1.4949983884326E-17,1.7054162983893E-06,1.7054535252671E-06,0.024468965825308,0.024468973646523,0.009014847884187,6.6750217290399E-31,6.1232033647019E-31,-6.1839241630282E-12,0,0.004562575545167,100000124.42981,-3.1953608582815E-15,229.92276816086,0.004562575545167,87.630729983936,2.7293843280545E-05,229.92276816086,200.9858588935
20.427,-7.6398815238913E-42,-2.5466169543028E-42,4.7542284495002E-63,0.002817684038248,1.7323096277278,6.2630767821051E-59,1.6630949108917E-38,0,2.505230712842E-58,6.6523672275053E-38,4.8755642510866E-62,1.2946885426026E-41,5.6189368993279E-18,-0.003065545516386,-3.9345218147278E-18,3.9343866364047E-18,0.006439481209187,0.006439479159707,-4.4881288221468E-07,-4.4882355272495E-07,3.9345172111662E-18,-3.9343775509959E-18,4.4881329982704E-07,4.4882309680029E-07,0.006439481847208,0.006439483905513,0.002372431663848,3.8393493280467E-44,6.6523672275053E-44,-6.179657691014E-12,0,0.003566631953983,100000124.42981,-3.410466568532E-15,121.71173467214,0.003566631953983,46.484516104741,1.4388019952181E-05,121.71173467214,106.38065183053
21.427,-6.8398554349038E-79,-2.2798981404464E-79,2.1365447136335E-100,0.002817684038248,1.7320866921205,2.4461548376065E-95,5.6583892633031E-75,0,9.7846193504262E-95,2.2633514809801E-74,1.9040428866493E-98,4.4049510949778E-78,1.4785301175E-18,-0.00080664749576,-1.0353042064243E-18,1.0352686353393E-18,0.001694442755334,0.001694442216046,-1.180976712243E-07,-1.18100479071E-07,1.0353029950754E-18,-1.0352662446626E-18,1.1809778111155E-07,1.1810035910251E-07,0.00169444292322,0.001694443464827,0.000624274189428,1.4977398894759E-81,2.2633514809801E-80,-6.1746857269605E-12,0,0.002569695470228,100000124.42981,-3.5561833397386E-15,13.957521654106,0.002569695470228,5.3486709901579,1.6434577168986E-06,13.957521654106,12.196986070288
22.427,-2.5471967478809E-53,-8.4907207574778E-54,2.2688980368848E-73,0.002817684038248,1.7318625956142,3.889473501569E-69,8.013976489283E-49,2.3875203146252,-1.5557894006276E-68,-3.205584612788E-48,3.027990223628E-72,6.2387320611779E-52,3.8878012962444E-19,-0.000212108305574,-2.7223368588186E-19,2.7222433244978E-19,0.000445554450506,0.0004455543087,-3.1053833387283E-08,-3.105457171178E-08,2.7223336735715E-19,-2.7222370382031E-19,3.1053862282182E-08,3.1054540166013E-08,0.000445554494652,0.000445554637068,0.000164151032049,1.4146830656746E-54,-3.205584612788E-54,-158.2059536603,177.22687760202,0.001571764112224,100000124.42981,-3.7921057431747E-15,-93.055408058343,0.001571764112224,-35.722327099468,-2.1567704085773E-05,-93.055408058343,81.30950202676
23.427,-5.8219887353131E-36,-1.9406698968842E-36,5.2028112026065E-55,0.002817684038248,1.7316364355294,4.158114095444E-51,6.9601702768003E-31,3.5004070923473,-1.6632456381776E-50,-2.7840629145362E-30,3.2370607026329E-54,5.4183634697706E-34,1.0231501425706E-19,-5.5820405044352E-05,-7.1643562337307E-20,7.164110080066E-20,0.000117256275417,0.000117256238098,-8.1724171675788E-09,-8.1726114719572E-09,7.1643478511365E-20,-7.1640935364652E-20,8.1724247718307E-09,8.1726031700782E-09,0.000117256287035,0.000117256324514,4.3199520512145E-05,2.6245519615406E-36,-2.7840629145362E-36,-158.22018092386,177.25007178254,0.000572835892356,100000124.42981,-4.1251726640734E-15,-198.77890945231,0.000572835892356,-76.622692660894,-4.5916116160102E-05,-198.77890945231,173.64649130306
24.427,-5.9891457472826E-27,-1.996386853776E-27,3.8122126821266E-45,0.002817684038248,1.7314082133348,1.9893264458292E-41,2.7206807715629E-21,4.3367761653962,-7.9573057833166E-41,-1.0882702774775E-20,1.5486666204535E-44,2.1179995200234E-24,2.6926175863296E-20,-1.469021974828E-05,-1.8854389778226E-20,1.8853741977225E-20,3.0858257860551E-05,3.0858248039338E-05,-2.1507297191943E-09,-2.1507808541514E-09,1.8854367717807E-20,-1.8853698439538E-20,2.1507317204003E-09,2.1507786693513E-09,3.0858260917994E-05,3.0858270781443E-05,1.136878976137E-05,1.5649071335596E-26,-1.0882702774775E-26,-158.23476526948,177.27319150153,-0.000427091182954,100000124.42981,-4.4582395849705E-15,-303.21207650355,-0.000427091182954,-117.35101740482,-6.9807050127424E-05,-303.21207650355,264.81417937521
25.427,-5.7254681088803E-21,-1.9084930808179E-21,2.2784867250316E-38,0.002817684038248,1.7311779512924,8.8360321377343E-35,9.8829857064063E-15,5.0363268446242,-3.5344128550937E-34,-3.9531869043456E-14,6.8787253034342E-38,7.6937210720762E-18,7.0861442173049E-21,-3.8660155855534E-06,-4.9618975147491E-21,4.9617270333803E-21,8.1209476696823E-06,8.1209450850401E-06,-5.6600614361392E-10,-5.6601960076737E-10,4.9618917091231E-21,-4.9617155755956E-21,5.6600667027001E-10,5.6601902579495E-10,8.1209484743077E-06,8.120951070065E-06,2.9919170145126E-06,7.618520852555E-20,-3.9531869043456E-20,-158.24970737547,177.29623586864,-0.001428019113273,100000124.42981,-4.7843676119588E-15,-406.36668077813,-0.001428019113273,-157.90832682726,-9.3251306197805E-05,-406.36668077813,354.82415880071
26.427,-1.4252162416411E-16,-4.7507285777304E-17,3.3107501372818E-33,0.002817684038244,1.7309456713053,1.0224194158509E-29,9.3543085422837E-10,5.6501091395771,-4.0896776634035E-29,-3.7417164333938E-09,7.9593768956516E-33,7.2821557052155E-13,1.8648559649089E-21,-1.0167395231759E-06,-1.3058193417869E-21,1.3057744763158E-21,2.1357618118824E-06,2.1357611399315E-06,-1.4895546925002E-10,-1.4895901076035E-10,1.3058178139242E-21,-1.3057714609779E-21,1.4895560784976E-10,1.4895885944524E-10,2.1357620284734E-06,2.1357627033656E-06,7.8689222356755E-07,9.0189753023572E-15,-3.7417164333938E-15,-158.26500802306,177.31920440155,-0.002429949904176,100000124.42981,-5.0411066999081E-15,-508.25437050888,-0.002429949904176,-198.29563120582,-0.000116259355047,-508.25437050888,443.68790736337
27.427,1.0087565670538E-11,3.3625321065268E-12,4.8706271850409E-29,0.0028176840014,1.730711394933,1.2505094729083E-25,9.3587648022131E-06,6.2036331820724,-5.0020378916332E-25,-3.7434989340469E-05,9.7350124635059E-29,7.2856248209201E-09,4.9067439458705E-22,7.1929838305987E-06,-3.4358263244838E-22,3.4357082456E-22,-1.5109597438585E-05,-1.5109513113033E-05,-3.9200260812316E-11,-3.9201192831131E-11,3.4358223100202E-22,-3.4357003068369E-22,3.9200297287223E-11,3.9201153009953E-11,-1.5109550436135E-05,-1.5109634614749E-05,-5.2090580515487E-06,1.0809842186929E-10,-3.7434989340469E-11,-158.28067889494,177.34209858424,-0.003432885567271,100000124.42981,-5.3186624695529E-15,-608.88666944239,-0.003432885567271,-238.51392464492,-0.000138829010118,-608.88666944239,531.41678712451
28.427,5.3799729376418E-05,1.7933291329242E-05,1.5141675414605E-25,0.002817594733995,1.7304751619665,3.3286589388962E-22,0.020311329394287,6.7117865818477,-1.3314635755585E-21,-0.081245165939601,2.5913048179465E-25,1.5811993218395E-05,-1.5617533064327E-22,0.017675952740639,1.0934815809541E-22,-1.093528885477E-22,-0.03713013706864,-0.037129947959589,-9.7869879635598E-12,-9.7872363146877E-12,-1.0934655894293E-22,1.0935390909419E-22,9.7869969411232E-12,9.7872265127632E-12,-0.037130036738228,-0.037130225552785,-0.012899422583817,2.7286268187106E-07,-8.1245165939608E-08,-158.30862557693,177.36659229402,-0.004436828120227,100000124.43375,-5.5615237694326E-15,-708.26726065958,-0.004436828120227,-278.56107507329,-0.000132373895185,-708.26726065958,618.01534355498
29.427,2.9403276702364,0.98011006300373,1.3585148212477E-22,0.002787886100552,1.7302432511007,2.6208525611787E-19,3.8588195788267,7.1725695806557,-1.0483410244715E-18,-15.435249291286,2.0402873598713E-22,0.003004019514264,-2.4889383438194E-19,5.0848899800482,1.7427365510731E-19,-1.7427482951443E-19,-10.68131997827,-10.681296666274,3.3237655840698E-10,3.3237504332442E-10,-1.7427233065754E-19,1.7427537033732E-19,-3.3237695085572E-10,-3.3237461343977E-10,-10.681308485379,-10.681331761939,-3.7921575684064,5.6931597505622E-05,-1.5435249291296E-05,-160.39536547886,177.68005160252,-0.005441779586796,100000125.74565,-5.7905072181202E-15,-803.90044327265,-0.005441779586796,-317.41896227558,0.003303341047012,-803.90044327265,701.31389544263
30.427,26.466861392852,8.8222894991776,2.9373535074561E-20,0.002634109437378,1.7300363892956,5.1116891003931E-17,9.3011137710056,7.5594002144885,-2.0446756401572E-16,-37.20438154613,3.9793550904929E-20,0.007240745341891,-5.5238086082393E-17,18.989240386632,3.8677396281593E-17,-3.8677609532122E-17,-39.888781258483,-39.888756008971,5.5831202171762E-08,5.5831048153914E-08,-3.8677138304949E-17,3.8677685876952E-17,-5.5831270550834E-08,-5.5830972485131E-08,-39.888770100668,-39.888795309523,-14.411758144422,0.000139452429304,-3.7204381546121E-05,-164.17802136444,178.21372355583,-0.006447741996835,100000132.53628,-5.9986739237635E-15,-888.0658683649,-0.006447741996835,-351.88592448993,0.004448654570047,-888.0658683649,774.59171661483
31.427,75.62284527882,25.207619152979,2.0196505224625E-18,0.002341812417967,1.7298587619303,3.2415985815477E-15,16.113298693229,7.8780696169956,-1.2966394326191E-14,-64.453051028131,2.5235213064873E-18,0.012543907829317,-4.0219723947548E-15,31.319062799503,2.8161682849814E-15,-2.8161809162754E-15,-65.788785639007,-65.788760650914,3.1662847330542E-06,3.1662809190601E-06,-2.8161515950266E-15,2.8161832596498E-15,-3.1662889124402E-06,-3.1662762352318E-06,-65.788776394577,-65.788801340441,-23.84443132398,0.000244168133023,-6.4453051028078E-05,-172.4229795898,179.2638838326,-0.007454717386336,100000145.44386,-6.1235738378854E-15,-959.94492825643,-0.007454717386336,-381.52550803336,0.007921935886926,-959.94492825643,837.15179581353
32.427,150.48242588494,50.160813397807,4.8306268308113E-17,0.001876859401147,1.729718885039,7.2995651423213E-14,24.380608460741,8.1248072403223,-2.9198260569285E-13,-97.522108480554,5.6825607477543E-17,0.018979862632418,-1.0676238835928E-13,41.189066508024,7.4754735891864E-14,-7.4755007631335E-14,-86.521690272384,-86.52166605644,6.8565660970945E-05,6.8565695108323E-05,-7.4754347796897E-14,7.4754967291599E-14,-6.8565761989028E-05,-6.8565580163875E-05,-86.521683934659,-86.521708101553,-31.401928579204,0.000372395915771,-9.7522089410746E-05,160.63325437095,-177.78240091753,-0.008462707797446,100000165.97589,-6.1096958620069E-15,-1017.1071529614,-0.008462707797446,-405.2362737627,0.012870897440126,-1017.1071529614,886.88950410799
33.427,240.1217766967,80.040595521782,4.3544723010049E-16,0.001217596309885,1.7296225503993,6.3135729893066E-13,33.193610121121,8.2987336222095,-2.5254291957227E-12,-132.77341669412,4.9149768666313E-16,0.025840635937236,-1.1209732026645E-12,48.274714735613,7.8490404845351E-13,-7.8490647358868E-13,-101.40577228176,-101.40574908184,0.000619031112432,0.0006190325677,-7.8490061433871E-13,7.8490470283423E-13,-0.000619032158831,-0.000619031357537,-101.40576974437,-101.40579283995,-36.832045962096,0.000509895210979,-0.00013277337604,98.726286953701,-140.44106516533,-0.009471715278493,100000195.08872,-6.1027570849547E-15,-1058.1666075492,-0.009471715278493,-422.35536832837,-0.002028595333725,-1058.1666075492,922.59160836632
34.427,389.37916273816,129.79309505286,1.7692023282511E-15,0.000365227768021,1.7295703977758,2.5024584549004E-12,48.420261703707,8.4048315185771,-1.0009833819602E-11,-193.67808135336,1.9481043378785E-15,0.037694334179133,-5.3587501106853E-12,53.665075684798,3.7521974343686E-12,-3.7522086551433E-12,-112.72873102032,-112.72869855066,0.002672059641668,0.00267207099142,-3.7521844036761E-12,3.7521924958392E-12,-0.002672064899334,-0.0026720648189,-112.72872579993,-112.72875601198,-40.884189846957,0.000741530065531,-0.000193676853789,57.304918771199,-40.360761898556,-0.010481741884015,100000232.72935,-6.1999023916656E-15,-1083.4296998211,-0.010481741884015,-432.93315043262,0.005368843747626,-1083.4296998211,944.56685053319
35.427,771.4081527689,257.13428195034,4.113244539872E-15,0.00067057065551,1.7295604261706,5.7597671272339E-12,85.197837784059,8.4489257374705,-2.3039068508936E-11,-340.78500645161,4.4838129542188E-15,0.066325081321038,-1.3849841797475E-11,60.422716415954,9.6976769567272E-12,-9.6977106280174E-12,-126.92353170291,-126.92402087897,0.006476841585168,0.00647688126769,-9.6976534342746E-12,9.6976455498169E-12,-0.006476856696147,-0.006476863342866,-126.92395382623,-126.92360999597,-45.727923655811,0.001265212992269,-0.000340778998694,-41.354280139077,56.259349241871,-0.011492789674778,100000278.47055,-6.1339672107927E-15,-1093.7473817346,-0.011492789674778,-437.3255937209,-0.009695298184959,-1093.7473817346,953.5189787109
36.427,121.50949274116,40.498824261425,4.4555012872043E-16,0.001466386599265,1.7297027143918,6.5564825064015E-13,17.189766424465,8.2373660604078,-2.6225930025606E-12,-68.758060929121,5.1037161712252E-16,0.013381951970439,-1.459614338696E-11,47.167150284251,1.0220608420576E-11,-1.0220560128644E-11,-99.078781575827,-99.07949995472,0.006795335430266,0.006795574496303,-1.0220862315126E-11,1.0220202578525E-11,-0.006795379328614,-0.006795523525351,-99.079378706767,-99.07894328087,-36.214228733355,0.000260929708174,-6.8758230322959E-05,-61.310625994322,81.211108396207,-0.011640488206661,100000313.61412,-6.1935389946883E-15,-1042.871190214,-0.011640488206661,-416.13315162664,0.008697943353006,-1042.871190214,909.27802929005
37.427,26.737094809428,8.9123637236161,8.1550511283275E-19,0.001720117583694,1.7299959528039,1.3573562489536E-15,6.2968177486126,7.7346509406248,-5.4294249958145E-15,-25.187146383117,1.0566661410072E-18,0.004901970517778,-3.9744767581373E-12,28.335757178244,2.7830308778647E-12,-2.7830176828572E-12,-59.521986786459,-59.521958060894,0.001869684621762,0.001869747973545,-2.7830964356545E-12,2.7829237831846E-12,-0.001869696279897,-0.001869734425244,-59.521990046991,-59.522016899726,-21.764205644331,9.3268957826325E-05,-2.5187146383106E-05,33.041414027726,-9.8356523805636,-0.010629291150075,100000324.81881,-6.4362079271169E-15,-926.62807542844,-0.010629291150075,-367.92195106265,-0.006154493691637,-926.62807542844,808.12831627336
38.427,2.6011431475388,0.86704744085817,1.6579112193192E-21,0.001791515145818,1.7302461055039,3.1174963673529E-18,1.3012999366626,7.2682007478898,-1.2469985469412E-17,-5.2051741431553,2.4268846086895E-21,0.001013040956307,-1.046254447543E-12,13.33916033695,7.3261425800452E-13,-7.3261078629707E-13,-28.02018917527,-28.020168202346,0.000492311654979,0.000492328329331,-7.326315101322E-13,7.3258607304386E-13,-0.000492314723767,-0.000492324762967,-28.020193139982,-28.020212764497,-10.278777122047,1.864032362249E-05,-5.2051741431519E-06,32.772060347853,-9.4387567217991,-0.009619115580125,100000327.9717,-6.8456027612097E-15,-823.75127212568,-0.009619115580125,-325.66633229281,-0.001472163364516,-823.75127212568,718.57843738502
39.427,0.029920334820987,0.009973437750195,2.1169182130595E-24,0.001800442106438,1.7304804515244,4.5427739601905E-21,0.046910696538856,6.7958701007477,-1.8171095840762E-20,-0.18764186194811,3.5364181058504E-24,3.6519218908903E-05,-2.753423082932E-13,4.256337376559,1.9280176128099E-13,-1.9280084763789E-13,-8.9408456475483,-8.9408368207766,0.000129561946964,0.000129566335142,-1.9280630150452E-13,1.9279434387263E-13,-0.000129562754576,-0.000129565396583,-8.9408476591327,-8.9408559022739,-3.2921025242024,6.2546264126996E-07,-1.876418619481E-07,32.709018213635,-9.383301524781,-0.008609959435132,100000328.36591,-7.1162195803323E-15,-724.75673687871,-0.008609959435132,-285.36381955278,-0.000249646475348,-724.75673687871,632.36479527686
40.427,1.8370340099524E-05,6.1234393658705E-06,1.0367524769458E-27,0.001800595739529,1.7307108898642,2.5893073671689E-24,0.000108292628612,6.2922795710608,-1.0357229468675E-23,-0.000433168380875,2.0156970910312E-27,8.4304060757067E-08,-7.2461544910529E-14,1.1320342618104,5.0739436193131E-14,-5.0739195750646E-14,-2.3779467310214,-2.3779443242311,3.4096681949739E-05,3.409783678191E-05,-5.0740631038957E-14,5.0737484161614E-14,-3.409689448814E-05,-3.4097589782381E-05,-2.377947292592,-2.3779495391187,-0.87607772027866,1.2724789137371E-09,-4.3316838087511E-10,32.729167512447,-9.4206770466201,-0.007601820659652,100000328.37269,-7.3868363597342E-15,-625.24964036142,-0.007601820659652,-245.19256500095,-0.000143604458449,-625.24964036142,545.66456602783
41.427,1.2511109596815E-09,4.1703625897583E-10,1.2751283478384E-31,0.001800595957882,1.7309392871848,3.8116935052103E-28,2.8023278505632E-08,5.7449793890384,-1.5246774020841E-27,-1.1209256191106E-07,2.9672798280086E-31,2.1815669303075E-11,-1.906962815732E-14,0.29793252555791,1.3353043773904E-14,-1.3352980496909E-14,-0.62583589479731,-0.62583526128086,8.973187737463E-06,8.9734916534246E-06,-1.3353358220216E-14,1.3352530059833E-14,-8.9732436709694E-06,-8.9734266508195E-06,-0.62583604265851,-0.62583663398592,-0.23057027998627,2.7800960566947E-13,-1.1209256191106E-13,32.752601703859,-9.4609808114662,-0.006594697204451,100000328.3727,-7.6435753498031E-15,-524.50422015198,-0.006594697204451,-204.85743873913,-0.000120592611715,-524.50422015198,457.84557228413
42.427,9.4373330350278E-15,3.1457697540575E-15,2.1456980472214E-36,0.001800595957922,1.7311656555553,7.9948243459047E-33,8.0322535250051E-13,5.1399415969992,-3.1979297383619E-32,-3.2128855849457E-12,6.223687515071E-36,6.2529795228902E-16,-5.018533878914E-15,0.078406590614886,3.5141064111537E-15,-3.514089758614E-15,-0.16470057676175,-0.16470041003987,2.3614643290792E-06,2.3615443103215E-06,-3.5141891636573E-15,3.513971217565E-15,-2.3614790490409E-06,-2.3615272036546E-06,-0.16470061567424,-0.16470077129327,-0.060678939362942,6.4314417378813E-18,-3.2128855849457E-18,32.775882129304,-9.501039314531,-0.00558858702648,100000328.3727,-7.8309254001932E-15,-422.49617074384,-0.00558858702648,-164.35218073996,-9.7448388765923E-05,-422.49617074384,368.88538789676
43.427,3.1444504464477E-21,1.0481461884186E-21,1.6139778338763E-42,0.001800595957922,1.7313899731405,7.9915067088324E-39,1.0169455473742E-18,4.4536966123935,-3.1966026835329E-38,-4.0677621537406E-18,6.2210653493698E-42,7.916756690796E-22,-1.3207222545731E-15,0.020634179549062,9.2480366858721E-16,-9.2479928615594E-16,-0.04334407664055,-0.043344032764531,6.2146407059235E-07,6.2148511917131E-07,-9.2482544647609E-16,9.2476808983342E-16,-6.2146794442912E-07,-6.2148061722788E-07,-0.043344086881111,-0.043344127835204,-0.015968812313396,6.155991172602E-24,-4.0677621537406E-24,32.799001079624,-9.5408459741805,-0.004583488088852,100000328.3727,-8.1362366463066E-15,-319.21383744239,-0.004583488088852,-123.67577962456,-7.3865290893288E-05,-319.21383744239,278.77252295311
44.427,4.4462323488512E-30,1.4820682240884E-30,4.6937313360446E-51,0.001800595957922,1.7316122177003,3.4702507248559E-47,5.4639837638931E-27,3.6406082043075,-1.3881002899424E-46,-2.1855827404666E-26,2.7014167153374E-50,4.2536230315273E-30,-3.4757307927196E-16,0.005430275214402,2.4337960362207E-16,-2.4337845030226E-16,-0.011406814819687,-0.011406803272882,1.6355004235351E-07,1.6355558168578E-07,-2.4338533488606E-16,2.4337024039905E-16,-1.6355106182704E-07,-1.6355439691409E-07,-0.011406817514685,-0.01140682829253,-0.004202495451912,2.2245267056246E-32,-2.1855827404666E-32,32.821961868074,-9.5804017183662,-0.003579398360814,100000328.3727,-8.3790978466969E-15,-214.64546130406,-0.003579398360814,-82.827216612035,-4.9832682446996E-05,-214.64546130406,187.49538908478
45.427,1.9947032829199E-44,6.6489241233352E-45,3.285536321728E-65,0.001800595957922,1.7318323666299,4.8126999449982E-61,9.3144656505018E-41,2.5835714818617,-1.9250799779993E-60,-3.7257679089133E-40,3.746316990242E-64,7.2511609348406E-44,-9.147043976603E-17,0.001429079786479,6.4049952948093E-17,-6.404964943014E-17,-0.003001919395115,-0.003001916356355,4.3041291716737E-08,4.3042749496953E-08,-6.4051461238777E-17,6.4047488838593E-17,-4.3041560010507E-08,-4.304243770184E-08,-0.003001920104355,-0.003001922940749,-0.001105966284576,1.9219289696393E-46,-3.7257679089133E-46,32.84476762082,-9.6197024585024,-0.002576315817725,100000328.3727,-8.5456312135335E-15,-108.77915860851,-0.002576315817725,-41.805457552465,-2.5339710913399E-05,-108.77915860851,95.042281723348
46.427,3.1525543565064E-94,1.0507055307155E-94,2.2771898829537E-116,0.001800595957922,1.7320503969505,2.2879543911584E-110,5.596321153648E-90,0.31281346936877,-9.1518175646336E-110,-2.23851743562E-89,1.7798639864473E-113,4.3566455501361E-93,-2.4058343362545E-17,0.000375873259402,1.6846270384877E-17,-1.6846190553002E-17,-0.000789557894655,-0.000789557095404,1.1320620954424E-08,1.1321004378568E-08,-1.6846667092311E-17,1.6845622278946E-17,-1.1320691521902E-08,-1.1320922369462E-08,-0.000789558081196,-0.000789558827217,-0.000290900642491,1.6996240104031E-97,-2.23851743562E-95,32.867418554974,-9.6587541097262,-0.001574238441031,100000328.3727,-8.7607368370835E-15,-1.6029186945747,-0.001574238441031,-0.60945257432758,-3.7519830528679E-07,-1.6029186945747,1.4013839700001
47.427,2.0985978622218E-50,6.9954634850216E-51,3.6039250922944E-70,0.001800595957922,1.7322669152255,5.4238545229176E-66,1.416394354195E-45,0,2.169541809167E-65,5.665549511056E-45,4.2227502383274E-69,1.1026401078535E-48,-6.3287747893593E-18,9.8877016270418E-05,4.4315707735937E-18,-4.431549773064E-18,-0.000207700672616,-0.000207700462366,2.9779964238016E-09,2.9780972871494E-09,-4.4316751312368E-18,4.4314002831983E-18,-2.9780149872442E-09,-2.9780757138785E-09,-0.000207700721688,-0.000207700917936,-7.6521022373422E-05,2.8619929040855E-51,5.665549511056E-51,-1.7008832555779E-10,0,-0.000573164218237,100000328.3727,-9.0729870898689E-15,106.51706503,-0.000573164218237,40.689646059046,1.2655728982569E-05,106.51706503,93.098812563286
48.427,1.6026532161605E-34,5.3422306514469E-35,1.9017264061611E-53,0.001800595957922,1.7324827206739,1.4202149615629E-49,4.1101312628676E-29,0,5.6808598462514E-49,1.6440444073852E-28,1.105656622377E-52,3.1996707453387E-32,-1.6655369695934E-18,2.6021359824394E-05,1.1662517947707E-18,-1.1662462680835E-18,-5.4660366400342E-05,-5.4660311068926E-05,7.8371617007099E-10,7.8374271417158E-10,-1.1662792584613E-18,1.1662069269936E-18,-7.8372105539255E-10,-7.837370367567E-10,-5.4660379314429E-05,-5.4660430960785E-05,-2.0137956548604E-05,1.6770860603922E-34,1.6440444073852E-34,-1.6929870764835E-10,0,0.00042690885711,100000328.3727,-9.385237354406E-15,215.0979578554,0.00042690885711,81.999259969186,2.5663742259558E-05,215.0979578554,188.02427800529
49.427,8.1741090404263E-26,2.7247221101428E-26,5.0113394747467E-44,0.001800595957922,1.7326978052802,2.4884976213369E-40,7.9656393097225E-20,0,9.9539904853476E-40,3.1862400300151E-19,1.937300190798E-43,6.2011214331526E-23,-4.3831760323442E-19,6.8480137513327E-06,3.069212516949E-19,-3.0691979724248E-19,-1.4384910830506E-05,-1.4384896268996E-05,2.0624975581625E-10,2.0625674139914E-10,-3.0692847928531E-19,3.0690944388944E-19,-2.0625104148116E-10,-2.0625524727986E-10,-1.4384914229093E-05,-1.438492782081E-05,-5.2996847320522E-06,4.8979892442661E-25,3.1862400300151E-25,-1.685115822454E-10,0,0.00142598278545,100000328.3727,-9.6697320431854E-15,324.14105629192,0.00142598278545,123.3197127654,3.8837492253367E-05,324.14105629192,283.37638679844
50.427,6.9327980798817E-20,2.3109455686726E-20,1.9506341215512E-37,0.001800595957922,1.7329121596709,7.2548104827052E-34,2.5671635776432E-13,0,2.9019241930821E-33,1.0268603732382E-12,5.6478429370692E-37,1.9984953454146E-16,-1.1535158018862E-19,1.8021843709722E-06,8.0772141285737E-20,-8.077175851903E-20,-3.785661422118E-06,-3.7856575899868E-06,5.427853016022E-11,5.4280368548682E-11,-8.0774043363063E-20,8.0769033838059E-20,-5.4278868507295E-11,-5.4279975342893E-11,-3.7856623165245E-06,-3.785665893436E-06,-1.3947123075761E-06,2.111807929438E-18,1.0268603732382E-18,-1.6772654265809E-10,0,0.002424059561236,100000328.3727,-1.0016676776951E-14,433.64841682818,0.002424059561236,164.65147375397,5.2180240785705E-05,433.64841682818,379.15719047076
51.427,1.8318027429646E-15,6.1060366769951E-16,2.3112284338292E-32,0.001800595957828,1.7331257743443,6.8707162753954E-29,2.6869076665121E-08,0,2.7482865101581E-28,1.0747577728634E-07,5.3488040973715E-32,2.091714182862E-11,-3.035695334176E-20,4.549563293084E-07,2.1256718983094E-20,-2.1256618250785E-20,-9.5567928729534E-07,-9.5567890651752E-07,1.4284421560072E-11,1.4284905366799E-11,-2.1257219550774E-20,2.1255901199374E-20,-1.4284510602508E-11,-1.4284801887254E-11,-9.5567991082983E-07,-9.5568020716217E-07,-3.5311093976688E-07,2.7708496547421E-13,1.0747577728634E-13,-1.6694172896594E-10,0,0.003421141172952,100000328.3727,-1.0356682616629E-14,543.62211806098,0.003421141172952,205.99501674968,6.5695350399553E-05,543.62211806098,475.36875960562
52.427,-1.2888169882165E-08,-4.296093674222E-09,3.0921910939452E-28,0.001800594677224,1.7333386394388,7.6554177705076E-25,0.000330782319714,0,3.062167108203E-24,0.001323122761783,5.9596718027294E-28,2.5750868859743E-07,-7.9884018415852E-21,-0.000260012662767,5.5936843049419E-21,-5.5936578049236E-21,0.000546183902285,0.000546176026477,3.733042581443E-12,3.7331696152948E-12,-5.5938160497182E-21,5.5934690933569E-21,-3.7330659290475E-12,-3.7331424823669E-12,0.000546179272037,0.000546187339368,0.000188595753404,4.1041652270465E-09,1.3231227617833E-09,-1.6615719260403E-10,0,0.004417229603142,100000328.37276,-1.06619939866E-14,654.06413809229,0.004417229603142,247.35077435793,7.977876346101E-05,654.06413809229,572.01307621701
53.427,-0.089075233819473,-0.029691950587018,9.1860276629487E-25,0.001796917466569,1.7335500957124,1.9492498550248E-21,0.82265218978285,0,7.7969994200993E-21,3.2905925472487,1.5174695612613E-24,0.000640421431837,-4.2452590541941E-22,-0.72257930132751,2.9729932522389E-22,-2.9731597048737E-22,1.5178525678223,1.5178337913021,-8.3946722038959E-11,-8.3947604697072E-11,-2.9736165899779E-22,2.9725251398507E-22,8.3946989947824E-11,8.3947292249734E-11,1.5178420278967,1.5178612115281,0.52783329015876,1.1874313061157E-05,3.2905925472558E-06,-1.6207109323451E-10,0,0.00541232682843,100000328.53514,-1.0953427383384E-14,764.62150694609,0.00541232682843,288.58737185225,0.000924579998561,764.62150694609,668.78070781894
54.427000000001,-17.897509617914,-5.9658424788899,5.3455723440733E-22,0.00168264093257,1.7337414961562,1.0046090777281E-18,7.9991235428554,0,4.0184363109124E-18,31.996334344701,7.8207392098242E-22,0.006227188779237,9.9796665184718E-19,-14.93112271211,-6.987805875693E-19,6.9876952686486E-19,31.364277200391,31.364208858347,-5.8335506047003E-08,-5.8336123214244E-08,6.9876677459637E-19,-6.9877499708677E-19,5.8335694076087E-08,5.8335905462891E-08,31.364242430221,31.36431210868,11.295020082915,0.000119582236326,3.199633434469E-05,-1.4009648417264E-10,0,0.006406434819546,100000333.58155,-1.0901384086759E-14,864.88992373148,0.006406434819546,325.84641018553,0.000115168891793,864.88992373148,756.56397562515
55.427000000001,-68.499281436041,-22.83310571512,6.9044499827093E-20,0.001412645975468,1.7339057450833,1.1827275141706E-16,15.456664159469,0,4.7309100566825E-16,61.826322578603,9.2073331006682E-20,0.012032765994978,1.3660518155694E-16,-29.574166280675,-9.5651522761186E-17,9.5650351684947E-17,62.123392221963,62.123327408889,-9.0157185109528E-06,-9.0158141997194E-06,9.5649927707803E-17,-9.5650770171017E-17,9.0157482161104E-06,9.0157801153269E-06,62.123363430476,62.123429381298,22.497164068301,0.000234024001598,6.1826313286647E-05,-1.1728713671967E-10,0,0.007399555541349,100000345.50445,-1.0623826065561E-14,950.31409209204,0.007399555541349,357.48569155388,-0.001136694759346,950.31409209204,831.36675989602
56.427000000001,-152.45181633776,-50.81728666731,2.3532237690564E-18,0.00094959065258,1.7340372487582,3.7709807786993E-15,24.73686692599,0,1.5083923114797E-14,98.946398758726,2.9356322816404E-18,0.019257261155904,5.2565782619831E-15,-41.127515093019,-3.6806776952125E-15,3.6806470983602E-15,86.392296501022,86.392239054504,-0.00038193616456,-0.000381940309088,3.6806283966017E-15,-3.6806488142549E-15,0.000381937480931,0.000381938818663,86.392277494177,86.39233581332,31.346601023593,0.000377955380296,9.8946374864878E-05,-8.9111092098536E-11,0,0.008391690952847,100000365.95292,-1.034626691043E-14,1017.0547397537,0.008391690952847,382.13912009654,-0.002679559032296,1017.0547397537,889.81908085514
57.427000000001,-249.72998807755,-83.243332095918,2.3395102390195E-17,0.000268417982441,1.7341326023771,3.5916103320683E-14,34.051789033543,0,1.4366441328273E-13,136.20097230236,2.7959821591892E-17,0.026508792839052,6.3201312872693E-14,-48.942969453801,-4.4253815444405E-14,4.4253642539162E-14,102.80938269909,102.80933533395,-0.004908231477156,-0.004908286918874,4.4253381388309E-14,-4.4253463839591E-14,0.004908249558096,0.004908266775522,102.80937683494,102.80942482714,37.344720080625,0.000523638916068,0.000136200972302,-6.0392142072422E-11,0,0.009382843007226,100000396.03381,-1.0179730731248E-14,1062.4776470453,0.009382843007226,398.88738959628,-0.000959730045681,1062.4776470453,929.60333875932
58.427000000001,-80.708521524458,-26.902679177668,7.121943188844E-17,0.00058113301954,1.7342012165917,1.064981479763E-13,10.48746390436,0,4.259925919052E-13,41.933218745114,8.2905477649684E-17,0.008164333844394,2.8288597792291E-13,-51.375789103182,-1.9807790217131E-13,1.9807815339613E-13,107.91972331299,107.91967609495,-0.022795596086883,-0.022795867666143,1.9807679390175E-13,-1.9807628654332E-13,0.022795687209342,0.0227957679803,107.91972378518,107.91977154939,39.551771615821,0.000164512644306,4.1936089953586E-05,-5.1089759098513E-11,0,0.010373013651869,100000433.55155,-1.0335854953991E-14,1091.3302326109,0.010373013651869,409.51702287749,-7.2311508392903E-05,1091.3302326109,954.8757350203
59.427000000001,-762.68379662269,-254.20300200539,1.7972101271749E-16,0.001679808592284,1.7342286772191,2.6770749650411E-13,84.172533614805,0,1.0708299860165E-12,336.64537181407,2.0839100028781E-16,0.06552709945367,6.5737426301048E-13,-60.46851516405,-4.6029639115783E-13,4.6030611619627E-13,127.01753797271,127.02180322797,-0.053959514470704,-0.053960214339551,4.6030271766506E-13,-4.602922394491E-13,0.053959754435524,0.053959969244863,127.02215490304,127.01780959663,45.816789156153,0.001252582310103,0.000336639512479,-2.135755070054E-09,0,0.011362204828381,100000482.07256,-1.034707971773E-14,1095.6059069824,0.011362204828381,411.1015156413,-0.005631384312283,1095.6059069824,958.62401157071
60.427000000001,-129.51389546544,-43.214646657295,1.53905933019E-17,0.002466508739048,1.7341267725706,2.4246724053224E-14,18.639102867136,0,9.6986896212898E-14,74.552342466529,1.8892960696173E-17,0.014510280869883,6.611614968619E-13,-46.418480769974,-4.6294082856322E-13,4.625788943995E-13,97.509693271232,97.503044913486,-0.053990313803592,-0.053990858427339,4.6256764765061E-13,-4.6294393728601E-13,0.053990552903436,0.053989936028527,97.503000558712,97.509773452224,35.612028194163,0.000281415175126,7.455234246637E-05,2.5950315066552E-09,0,0.011506544916194,100000516.81667,-1.0373670461123E-14,1034.7481134017,0.011506544916194,388.69905980403,-0.003652937561054,1034.7481134017,905.31221037104
61.427000000001,-16.374944674878,-5.4584202342647,1.6255018712092E-20,0.002665103993035,1.7338764305622,2.9252329371149E-17,4.3596049094009,0,1.1700931748459E-16,17.438278768676,2.2778752836707E-20,0.00339389196283,1.7820008496837E-13,-25.065984624435,-1.2477449896835E-13,1.2467878872667E-13,52.653773229457,52.653082230552,-0.014512231354104,-0.014512376458619,1.2467576137746E-13,-1.2477532983191E-13,0.014512295394378,0.014512131748625,52.653124550509,52.653825408037,19.276827522205,6.4074503159908E-05,1.7438278768666E-05,-1.9306378656601E-09,0,0.010517496579948,100000525.58654,-1.029244594679E-14,903.749406443,0.010517496579948,340.28490505167,-0.00087722728739,903.749406443,790.58561623587
62.427000000001,-0.68252647700136,-0.22751728976087,1.8186497114747E-23,0.002705497122474,1.7336518831267,3.7421961675723E-20,0.46173578613512,0,1.4968784670289E-19,1.8469285325447,2.9140772317043E-23,0.000359454917858,4.6902235055928E-14,-9.8647421281893,-3.284062857454E-14,3.281543957635E-14,20.722012267127,20.721588586025,-0.003819500549501,-0.003819538738488,3.2814642774261E-14,-3.2840847256795E-14,0.003819517404391,0.003819474335584,20.721615993296,20.722045799112,7.6175269293377,6.4642058232189E-06,1.8469285325439E-06,-1.7932806235981E-09,0,0.009527469058562,100000527.37027,-1.0285093556982E-14,788.76339503558,0.009527469058562,297.60410410151,-0.000297802588124,788.76339503558,689.91086100154
63.427000000001,-0.00132363978981,-0.000441242274684,9.9264671371411E-27,0.002707598210685,1.7334331315778,2.3715490161612E-23,0.003201441302874,0,9.4861960646449E-23,0.012805663897092,1.8468171019455E-26,2.4922777430268E-06,1.2343199318605E-14,-2.7592842165096,-8.6426248859653E-15,8.6359959326746E-15,5.7961987736862,5.7960617470212,-0.001005172729262,-0.001005182779404,8.6357862393074E-15,-8.6426824362922E-15,0.001005177164941,0.001005165830583,5.7960705801389,5.7962095992538,2.1352751510142,4.031180976163E-08,1.2805663897092E-08,-1.7785363553468E-09,0,0.008536460411274,100000527.46306,-1.0514028828234E-14,677.97877206918,0.008536460411274,256.31837619444,7.5824683905841E-05,677.97877206918,592.93830755284
64.427000000001,-1.304890732241E-07,-4.3500075574384E-08,1.5182854590403E-30,0.002707605359781,1.7332139963175,4.322039827694E-27,1.198416546715E-06,0,1.7288159310776E-26,4.7936282615787E-06,3.3659386806574E-30,9.3295069430118E-10,3.2483418007218E-15,-0.72668647847367,-2.2744670129903E-15,2.2727224810014E-15,1.5264898754549,1.5264536761423,-0.000264529844138,-0.000264532489019,2.2726672963031E-15,-2.2744821584261E-15,0.000264531011469,0.000264528028622,1.5264560086322,1.5264927344128,0.56238266984202,1.2824635648724E-11,4.7936282615787E-12,-1.7782885586665E-09,0,0.007544468691546,100000527.46337,-1.0777701109768E-14,567.86419658582,0.007544468691546,215.12063098008,6.8320047648465E-05,567.86419658582,496.57554699085
65.427000000001,-1.2081976983245E-12,-4.0277471745423E-13,3.7203972991389E-35,0.00270760536154,1.7329941278938,1.3098423779717E-31,4.2164380038531E-11,0,5.2393695118868E-31,1.6865618581644E-10,1.0201734333202E-34,3.2824386261651E-14,8.5486138329689E-16,-0.19124114985207,-5.9856817301554E-16,5.9810906707141E-16,0.40172438552224,0.40171485895878,-6.9615934022896E-05,-6.9616630072428E-05,5.980945441947E-16,-5.9857215881783E-16,6.9616241227707E-05,6.9615456236338E-05,0.40171547279885,0.40172513791282,0.14800154140101,3.6571582727756E-16,1.6865618581644E-16,-1.7781779611133E-09,0,0.006551491947042,100000527.46337,-1.1020557250824E-14,458.21560468453,0.006551491947042,173.93542395562,5.4893784530112E-05,458.21560468453,400.64337249473
66.427000000001,-6.0445779222213E-19,-2.0151256571315E-19,5.5278322858053E-41,0.00270760536154,1.7327735345819,2.5497601277868E-37,8.0158885514039E-17,0,1.0199040511147E-36,3.2063300534307E-16,1.9861608343989E-40,6.2402582891338E-20,2.2497262587623E-16,-0.05032865503227,-1.5752431479581E-16,1.5740349255279E-16,0.10572122178014,0.1057187146883,-1.8320724021426E-05,-1.8320907199769E-05,1.5739967058846E-16,-1.575253637336E-16,1.8320804868069E-05,1.8320598283033E-05,0.1057188762317,0.10572141978567,0.038949350217161,5.3033974484736E-22,3.2063300534307E-22,-1.778120033368E-09,0,0.005557528219604,100000527.46337,-1.1311985946062E-14,349.03022860401,0.005557528219604,132.76202751028,4.1635844601788E-05,349.03022860401,305.1391085427
67.427,-2.5076090897725E-27,-8.3602202180956E-28,6.5112687117514E-49,0.00270760536154,1.7325522257482,4.3530107087384E-45,1.2636688336741E-24,0,1.7412042834953E-44,5.0546353445721E-24,3.3916938044434E-48,9.8374869654014E-28,5.9205718473855E-17,-0.013244918884699,-4.1455444626933E-17,4.1423648013109E-17,0.027822500044385,0.027821840256675,-4.8214382724346E-06,-4.8214864792123E-06,4.1422642192321E-17,-4.1455720674363E-17,4.8214595487279E-06,4.8214051820447E-06,0.027821882769816,0.027822552153213,0.010250243800619,5.7588600710208E-30,5.0546353445721E-30,-1.7781117263274E-09,0,0.004562575545228,100000527.46337,-1.1582598259907E-14,240.30600756886,0.004562575545228,91.599971881214,2.8545920771431E-05,240.30600756886,210.06070341073
68.427,-3.709070647426E-40,-1.2367368261539E-40,2.2409019165673E-61,0.00270760536154,1.7323302106327,2.7201600745791E-57,7.1032788782045E-37,0,1.0880640298316E-56,2.8412890722199E-36,2.1208103591782E-60,5.5298042900036E-40,1.5581082748858E-17,-0.003485646023121,-1.090976901848E-17,1.0901401149905E-17,0.007322006837281,0.007321833201909,-1.2688508919031E-06,-1.2688635784106E-06,1.0901136449512E-17,-1.0909841665481E-17,1.2688564911542E-06,1.2688421835533E-06,0.007321844390031,0.007322020550685,0.002697541740397,1.7789763276224E-42,2.8412890722199E-42,-1.778155331733E-09,0,0.003566631954044,100000527.46337,-1.1894844240802E-14,132.04090286912,0.003566631954044,50.448791840727,1.5620795177802E-05,132.04090286912,115.40612531629
69.427,-2.7831508864298E-71,-9.2883220360116E-72,1.4477319618312E-92,0.00270760536154,1.7321074983512,9.525361039855E-88,2.0271450061065E-67,0,3.810144415942E-87,8.1085158733572E-67,7.4608731666032E-91,1.5781043294839E-70,4.10045086665E-18,-0.000917312390077,-2.8711080319536E-18,2.8689058721611E-18,0.001926921881199,0.001926876185831,-3.3392164223856E-07,-3.3392498092828E-07,2.868836211344E-18,-2.8711271503589E-18,3.3392311578534E-07,3.3391935047484E-07,0.001926879130193,0.001926925490136,0.000709908133185,9.3168167775117E-74,8.1085158733572E-73,-1.7782475015918E-09,0,0.002569695470289,100000527.46337,-1.2186273847697E-14,24.232897308933,0.002569695470289,9.308026541818,2.8572862409541E-06,24.232897308933,21.173382550517
70.427,-3.9936126846027E-56,-1.3304684049561E-56,2.5856508843459E-76,0.00270760536154,1.7318837278632,4.9822181844197E-72,1.1044493467547E-51,2.2529425475327,-1.9928872737679E-71,-4.4177624355916E-51,3.8672046707145E-75,8.5979852973472E-55,1.0780477974946E-18,-0.000241170211563,-7.5484179911117E-19,7.5426283014296E-19,0.000506606214828,0.000506594201081,-8.7791197571596E-08,-8.7792075253281E-08,7.5424452033162E-19,-7.548468208571E-19,8.7791584566129E-08,8.7790595375784E-08,0.000506594975284,0.000506607163553,0.000186641646317,1.7368005487308E-57,-4.4177624355916E-57,40.571309388324,-117.26041381488,0.001571764112286,100000527.46337,-1.2380527874135E-14,-82.896436752458,0.001571764112286,-31.779914401613,-1.9218113225077E-05,-82.896436752458,72.438514087504
71.427,-4.2759044631098E-37,-1.4249987281429E-37,3.061941596776E-56,0.00270760536154,1.7316579214841,2.579111182189E-52,4.4949174007918E-32,3.410097151009,-1.0316444728756E-51,-1.7979527356997E-31,2.0054477385058E-55,3.499230982241E-35,2.8370826962273E-19,-6.3468413521226E-05,-1.9865061749806E-19,1.9849825107747E-19,0.000133322820123,0.000133319658482,-2.3103881672991E-08,-2.3104112651202E-08,1.9849343251107E-19,-1.9865193906363E-19,2.3103983517779E-08,2.3103723193996E-08,0.000133319862228,0.000133323069797,4.9118210378974E-05,1.6094574006083E-37,-1.7979527356997E-37,41.311622908789,-117.08865483267,0.000572835892418,100000527.46337,-1.2456812375273E-14,-188.75360729016,0.000572835892418,-72.700654548226,-4.361773148743E-05,-188.75360729016,164.89629237782
72.427,-1.2185524856525E-27,-4.0613277559605E-28,6.3844060859164E-46,0.00270760536154,1.731430049897,3.4461335209452E-42,4.8678960385548E-22,4.2642650506683,-1.3784534083781E-41,-1.9471430104832E-21,2.6808138182357E-45,3.7895896893319E-25,7.4663092340971E-20,-1.6702889999547E-05,-5.2278593844206E-20,5.2238495795087E-20,3.5086372502313E-05,3.5085540458071E-05,-6.0802149090659E-09,-6.0802756952656E-09,5.2237227699982E-20,-5.2278941638692E-20,6.0802417114104E-09,6.0801732023794E-09,3.5085594077568E-05,3.5086438208835E-05,1.2926367927256E-05,2.7085912907209E-27,-1.9471430104832E-27,42.134697091152,-116.91725691387,-0.000427091182893,100000527.46337,-1.2623305092855E-14,-293.31906991082,-0.000427091182893,-113.44922216183,-6.7558678403093E-05,-293.31906991082,256.18344009825
73.427,-1.8663229685484E-21,-6.2205331688531E-22,6.1909382162603E-39,0.00270760536154,1.7312001354099,2.4613563978728E-35,2.8331324939388E-15,4.9740660827353,-9.8454255914914E-35,-1.1332440318507E-14,1.9151249185101E-38,2.2055544330665E-18,1.9648977329175E-20,-4.3956752460458E-06,-1.3758081443437E-20,1.3747528898219E-20,9.2336295746513E-06,9.2334106067786E-06,-1.6001213070462E-09,-1.6001373040619E-09,1.3747195175476E-20,-1.3758172972006E-20,1.6001283605802E-09,1.6001103311582E-09,9.2334247177437E-06,9.233646866541E-06,3.4018134300377E-06,2.1315053423999E-20,-1.1332440318507E-20,43.05913651885,-116.74594157994,-0.001428019113212,100000527.46337,-1.2741228216062E-14,-396.60461140099,-0.001428019113212,-154.02664450254,-9.1051736595749E-05,-396.60461140099,346.31156114449
74.427,-6.0987189820229E-17,-2.0327743610327E-17,1.1890513617628E-33,0.002707605361539,1.7309681999706,3.7449229300442E-30,3.5187564208256E-10,5.5947203008218,-1.4979691720177E-29,-1.4074914328851E-09,2.914176534595E-33,2.7393031704082E-13,5.1709927593215E-21,-1.1565511440897E-06,-3.620694264863E-21,3.6179171668979E-21,2.4294708893531E-06,2.4294131893936E-06,-4.2110159517313E-10,-4.2110580508446E-10,3.6178293415694E-21,-3.6207183523033E-21,4.2110345144141E-10,4.2109870666467E-10,2.4294168968851E-06,2.4294754358545E-06,8.9506837687113E-07,3.3282988176083E-15,-1.4074914328851E-15,38.46978935004,-116.57442984397,-0.002429949904114,100000527.46337,-1.2900787434043E-14,-498.62189496649,-0.002429949904114,-194.43393357372,-0.000114107438852,-498.62189496649,435.29214693473
75.427,1.8983756197092E-12,6.3270878198758E-13,2.0973819252079E-29,0.00270760534518,1.7307342651783,5.4730663060574E-26,4.2009399135296E-06,6.1532628437984,-2.189226522423E-25,-1.6803626711348E-05,4.2592809893161E-29,3.2703735773578E-09,1.3607998923859E-21,3.0152424334828E-06,-9.528229081209E-22,9.520920545951E-22,-6.3333683418362E-06,-6.3341641413254E-06,-1.1082057928094E-10,-1.1082168719359E-10,9.5206894111013E-22,-9.5282924836671E-22,1.1082106779226E-10,1.1081981911332E-10,-6.3342410647899E-06,-6.3334240586129E-06,-2.1730638056733E-06,4.7765270897228E-11,-1.6803626711348E-11,22.71969676816,-116.40244370655,-0.003432885567209,100000527.46337,-1.3011777197392E-14,-599.3824608799,-0.003432885567209,-234.67208588614,-0.000136730473387,-599.3824608799,523.13657483573
76.427,1.3828068254282E-05,4.6088798126718E-06,7.4079200490305E-26,0.002707560380099,1.7304983616354,1.651157045065E-22,0.01033984545004,6.6653076418905,-6.60462818026E-22,-0.041359054585331,1.2850404932452E-25,8.0494265688859E-06,2.1772563080095E-22,0.008923725199011,-1.5244583193618E-22,1.5222976475853E-22,-0.018744171079945,-0.018745890723587,-2.8893361309209E-11,-2.8893644947225E-11,1.5222201575674E-22,-1.5245103288574E-22,2.8893489540639E-11,2.8893154670681E-11,-0.018746096140048,-0.018744327474127,-0.006509137148437,1.3707507402156E-07,-4.1359054585333E-08,23.866181469594,-116.23523161327,-0.004436828120166,100000527.46536,-1.3067257149387E-14,-698.89383520131,-0.004436828120166,-274.74051499935,-0.000144467042608,-698.89383520131,609.85272861442
77.427,1.8354697001693,0.61179849606904,7.5832253687897E-23,0.002686122146793,1.7302650262531,1.479346607877E-19,3.2118953582683,7.1324041546937,-5.917386431508E-19,-12.847479668421,1.151384110958E-22,0.002500416104024,-1.3839897681494E-19,3.813395843387,9.6909794322499E-20,-9.6928944642328E-20,-8.010208244299,-8.0105392589098,1.8577029484752E-10,1.8577548975448E-10,-9.69302229028E-20,9.6906674734183E-20,-1.8577057418625E-10,-1.8577460917317E-10,-8.0105875930256,-8.0102466378788,-2.8308669635913,4.7264461576196E-05,-1.2847479668436E-05,24.393082835622,-117.36742267337,-0.005441779586734,100000528.41206,-1.3080749949605E-14,-795.34940282116,-0.005441779586734,-313.90184685451,0.003566740457991,-795.34940282116,693.87127913958
78.427,23.201714749393,7.7338263067388,1.8500205328259E-20,0.002544005080662,1.7300559166018,3.248112669391E-17,8.7380399672855,7.5257035592271,-1.2992450677564E-16,-34.951879953699,2.5281414295482E-20,0.00680244381914,-3.4668093363181E-17,17.719249126213,2.4275205512736E-17,-2.427895113795E-17,-37.220746863349,-37.221083826243,3.6209625090809E-08,3.6210533677635E-08,-2.4279165329782E-17,2.4274525777212E-17,-3.620970496721E-08,-3.6210334579743E-08,-37.221143277562,-37.220795957347,-13.440593860642,0.000130852507537,-3.4951879953692E-05,23.898405928991,-119.11721280434,-0.006447741996774,100000534.68785,-1.3059428034867E-14,-880.58465524288,-0.006447741996774,-348.78292470426,0.004179716049709,-880.58465524288,768.08274979807
79.427,69.817290959328,23.272287108821,1.412141770566E-18,0.002266296905195,1.7298753185642,2.2820472729585E-15,15.402579005002,7.8510094630295,-9.128189091834E-15,-61.609808606945,1.776279585554E-18,0.011990697796104,-2.7911970557301E-15,30.248976008757,1.9544381270764E-15,-1.9546735882636E-15,-63.54063616099,-63.540912584403,2.2605310127493E-06,2.2605838950138E-06,-1.954683355512E-15,1.9543901474179E-15,-2.2605373278421E-06,-2.2605708670849E-06,-63.540974011193,-63.540688943416,-23.025380148388,0.000233193344683,-6.1609808606898E-05,50.350913554736,-121.22789059848,-0.007454717386275,100000546.95128,-1.2982584820323E-14,-953.74172415272,-0.007454717386275,-378.93097438205,0.007555114355056,-953.74172415272,831.75702428531
80.427,142.16978581599,47.389726497926,3.72360485723E-17,0.001819027686149,1.7297316897581,5.6544744642911E-14,23.502474077791,8.1047461804842,-2.2617897857164E-13,-94.009032264318,4.4014270565868E-17,0.01829636089538,-8.1309023622532E-14,40.367898506936,5.6933611233514E-14,-5.6938783306004E-14,-84.796405699746,-84.796607087358,5.3441667080919E-05,5.3442838415542E-05,-5.693885070261E-14,5.6932396094414E-14,-5.3441851431106E-05,-5.3442515146959E-05,-84.796669836807,-84.796462023398,-30.7736071943,0.000358765513697,-9.4009016886274E-05,85.655934538745,-123.2684776677,-0.008462707797385,100000566.70252,-1.2940470564671E-14,-1012.4006275173,-0.008462707797385,-403.25080016995,0.010524116233399,-1012.4006275173,882.79656427095
81.427,229.13020322942,76.376511713598,3.6575116627691E-16,0.001178590069829,1.7296313249852,5.3199142294817E-13,32.055083578384,8.2855167703456,-2.1279656917927E-12,-128.21864540916,4.1411249095738E-16,0.024954462964334,-9.2778991700978E-13,47.701301482637,6.4964835727185E-13,-6.4969096009038E-13,-100.20092314367,-100.20104715201,0.000521662618138,0.000521673449652,-6.4968934385971E-13,6.4963631195961E-13,-0.000521664779828,-0.000521670127585,-100.20111173721,-100.20098366531,-36.395303221897,0.000492285455752,-0.000128218645409,121.78415223778,-122.85181322058,-0.009471715278433,100000594.9842,-1.2967876994303E-14,-1055.0072215561,-0.009471715278433,-421.0010766176,0.01281598295254,-1055.0072215561,919.85970919281
82.427,307.98669987335,102.66237915433,1.5445148320032E-15,0.000352713876643,1.7295734169188,2.1868577951423E-12,39.253356776549,8.4006904157919,-8.7474311805693E-12,-157.00990237002,1.7023328207484E-15,0.030558240808217,-4.7107582570539E-12,52.360763327504,3.2985153206719E-12,-3.2986665106107E-12,-109.98858424349,-109.98859956253,0.002382444489503,0.002382492376777,-3.2986476630939E-12,3.2984611052733E-12,-0.002382455981847,-0.002382476341055,-109.98866503813,-109.98865152875,-39.97526086676,0.000605442764754,-0.00015700990237,102.94060348125,-106.27405834916,-0.010481741883954,100000631.45512,-1.2974643887295E-14,-1082.5022622658,-0.010481741883954,-432.50156167981,-0.000737474908373,-1082.5022622658,943.76041050566
83.427,16.071573409743,5.3593595225315,2.398338576361E-15,0.000616194357292,1.729550226377,3.3434685864834E-12,1.936063594242,8.4671328056135,-1.3373874345933E-11,-7.7410934591373,2.6032474771617E-15,0.00150720201887,-1.2184835804731E-11,55.441207616232,8.5318264296171E-12,-8.531861110337E-12,-116.4578118626,-116.4607823892,0.0058008187869,0.00580090554699,-8.5316987655803E-12,8.5317890264693E-12,-0.005800864353093,-0.005800854525669,-116.46107114027,-116.45773546275,-42.779821693506,2.9877471510754E-05,-7.7414877589164E-06,-52.46340197795,118.82706188683,-0.011492789674717,100000674.24264,-1.3062986302095E-14,-1098.8386198708,-0.011492789674717,-439.2682758434,-0.000759088998945,-1098.8386198708,957.97537398074
84.426999999999,122.64014232659,40.787606388078,4.4013777834353E-16,0.001469203161322,1.7297033715359,6.4787703562205E-13,17.313719269002,8.2364649512359,-2.5915081424882E-12,-69.253461047792,5.0318272080249E-16,0.013478527749947,-1.4145316095085E-11,47.16152630649,9.9013868977061E-12,-9.897110970888E-12,-99.061271127816,-99.072961521577,0.006631953877331,0.006630777283909,-9.8937434713441E-12,9.9045098386637E-12,-0.006632213517576,-0.006630610429448,-99.073944837627,-99.060211054259,-36.207693219539,0.000262740969569,-6.9253592178369E-05,37.005020183642,-56.009774895733,-0.011640488206602,100000711.91206,-1.3149939423138E-14,-1042.6441889782,-0.011640488206602,-416.00986919506,0.00805646500413,-1042.6441889782,909.08338184487
85.426999999999,26.661542093908,8.8865909921725,8.0456917057998E-19,0.00172220881335,1.7299964464876,1.3395076683263E-15,6.2846664066982,7.7339555222615,-5.3580306733054E-15,-25.138391098252,1.041730572932E-18,0.004892540121117,-3.8538360256003E-12,28.308675239212,2.6976647367227E-12,-2.6965765033272E-12,-59.463883272638,-59.465980094266,0.001826054618793,0.001825765084941,-2.6957296392066E-12,2.6984447520013E-12,-0.001826118037162,-0.001825724793574,-59.466263726339,-59.463695547468,-21.743425941631,9.3084799062416E-05,-2.513839109824E-05,40.440016120801,-59.307025935579,-0.010629291150016,100000723.08478,-1.3562547837076E-14,-926.45802199381,-0.010629291150016,-367.82258126923,-0.00614033525133,-926.45802199381,807.983780727
86.426999999999,2.5886593946879,0.86278860734366,1.6343520596098E-21,0.001793435460929,1.7302465554118,3.074061873146E-18,1.2968607755026,7.2675266797233,-1.2296247492584E-17,-5.1873865990589,2.3905747001632E-21,0.001009591171884,-1.0144982633282E-12,13.319179024774,7.1014352722619E-13,-7.0985725405793E-13,-27.977350921688,-27.978909187068,0.000480826404791,0.000480750272193,-7.0963447202889E-13,7.1034871118831E-13,-0.000480843077902,-0.000480739681026,-27.979114191233,-27.977227179912,-10.263426084813,1.8575268503177E-05,-5.1873865990556E-06,41.177605916847,-60.242530756776,-0.009619115580066,100000726.23014,-1.3625934264727E-14,-823.59315221041,-0.009619115580066,-325.57241688385,-0.001468468913119,-823.59315221041,718.44427674161
87.426999999999,0.029641489463241,0.009878287266846,2.0832307734644E-24,0.001802321897939,1.730480886851,4.4719012890642E-21,0.046559110511833,6.7951655647075,-1.7887605156257E-20,-0.18623441230295,3.4771046637037E-24,3.6245731381648E-05,-2.6698424889624E-13,4.2475924880399,1.868875904494E-13,-1.8681225275096E-13,-8.922102697278,-8.9227900381784,0.000126538997325,0.000126518961835,-1.8675362379553E-13,1.8694158814231E-13,-0.000126543385107,-0.000126516174615,-8.922878352626,-8.9220505583874,-3.2853407454241,6.2067266564652E-07,-1.8623441230294E-07,41.626115700253,-60.836778618065,-0.008609959435073,100000726.62256,-1.3690583552327E-14,-724.59999999831,-0.008609959435073,-285.27095182185,-0.000249058850162,-724.59999999831,632.23183493887
88.426999999999,1.8127073337832E-05,6.0404063983463E-06,1.0176135397313E-27,0.001802474222806,1.7307113191583,2.5424470532754E-24,0.000107052405111,6.2915187179847,-1.0169788213102E-23,-0.000428204953442,1.9764028809224E-27,8.3339064630019E-08,-7.0261750530786E-14,1.1296271595814,4.9182861202258E-14,-4.9163034720256E-14,-2.372787789608,-2.3729769950954,3.3301034662752E-05,3.3295761960444E-05,-4.9147605446985E-14,4.9197071674742E-14,-3.3302189387192E-05,-3.3295028452885E-05,-2.3730012133821,-2.3727734947497,-0.8742128252506,1.2576017900021E-09,-4.2820495344181E-10,41.938038142237,-61.305600381394,-0.007601820659593,100000726.62929,-1.3766518022839E-14,-625.09102428231,-0.007601820659593,-245.09940646852,-0.000143561741611,-625.09102428231,545.52996626204
89.426999999999,1.2306674039135E-09,4.1005616004137E-10,1.247065640623E-31,0.001802474438528,1.7309397106823,3.7294584775755E-28,2.7613182537506E-08,5.7441454825456,-1.4917833910302E-27,-1.1045152634068E-07,2.8981875610005E-31,2.1496544629278E-11,-1.8490654617276E-14,0.29729795427567,1.2943362394334E-14,-1.2938144695826E-14,-0.62447590952146,-0.62452571875019,8.7637715505572E-06,8.7623839432666E-06,-1.2934084202586E-14,1.2947102138031E-14,-8.7640754372468E-06,-8.7621909074426E-06,-0.6245320940232,-0.62447214646619,-0.23007863460892,2.7385726215595E-13,-1.1045152634068E-13,42.247283404955,-61.771461289098,-0.006594697204391,100000726.6293,-1.3871141011237E-14,-524.34359553028,-0.006594697204391,-204.76394219276,-0.000120552425759,-524.34359553028,457.7092188106
90.426999999999,9.2472983839564E-15,3.0808638584469E-15,2.0872175362823E-36,0.001802474438568,1.731166073206,7.7812280746266E-33,7.8833692099899E-13,5.1390088845042,-3.1124912298506E-32,-3.1533133160867E-12,6.0438891238626E-36,6.1371121500165E-16,-4.8661512926493E-15,0.078239354253882,3.4062806834092E-15,-3.4049075513668E-15,-0.16434217324706,-0.16435528145319,2.3063455103097E-06,2.3059803362717E-06,-3.4038389588894E-15,3.407264864824E-15,-2.3064254836063E-06,-2.3059295353918E-06,-0.16435695922235,-0.16434118293054,-0.060549370221245,6.3097777839762E-18,-3.1533133160867E-18,42.558322658785,-62.237157021752,-0.005588587026421,100000726.6293,-1.4035069177701E-14,-422.33351664809,-0.005588587026421,-164.25834366657,-9.7407418241403E-05,-422.33351664809,368.74726041085
91.426999999999,3.062470065892E-21,1.0201367948449E-21,1.5561854359135E-42,0.001802474438568,1.7313903848928,7.7110200607829E-39,9.9189061184186E-19,4.4526194262292,-3.0844080243132E-38,-3.9675192054359E-18,5.9845472199155E-42,7.7217541932504E-22,-1.2806160134984E-15,0.020590105797773,8.9642457196791E-16,-8.960632073542E-16,-0.043249625031576,-0.043253074693878,6.0695667182094E-07,6.068605696464E-07,-8.9578198785317E-16,8.966835771661E-16,-6.0697771824512E-07,-6.0684720047306E-07,-0.043253516229277,-0.043249364411813,-0.015934665498379,6.0012014722307E-24,-3.9675192054359E-24,42.870315130026,-62.701083097488,-0.004583488088792,100000726.6293,-1.415767826057E-14,-319.04913292905,-0.004583488088792,-123.5815995725,-7.38235058949E-05,-319.04913292905,278.63260125383
92.426999999999,4.279907410062E-30,1.4252265887779E-30,4.4486048666843E-51,0.001802474438568,1.7316126235021,3.2926338384347E-47,5.2656824772816E-27,3.6392894723318,-1.3170535353739E-46,-2.1062500349219E-26,2.5514302684817E-50,4.0992731722424E-30,-3.3701734191987E-16,0.005418659967293,2.3591039257034E-16,-2.3581529291495E-16,-0.011381923631708,-0.011382831472941,1.5973166198264E-07,1.5970637095154E-07,-2.3574128490027E-16,2.3597855448814E-16,-1.5973720073106E-07,-1.5970285261098E-07,-0.011382947670993,-0.011381855044888,-0.004193496375216,2.1421220262832E-32,-2.1062500349219E-32,43.182552445897,-63.162408642826,-0.003579398360755,100000726.6293,-1.4280592831993E-14,-214.47868519186,-0.003579398360755,-82.732691098707,-4.9790061032678E-05,-214.47868519186,187.35365313983
93.426999999999,1.8585059790752E-44,6.1834760241391E-45,2.9682711020075E-65,0.001802474438568,1.731832766428,4.3574106403403E-61,8.6809347353466E-41,2.5817116046533,-1.7429642561361E-60,-3.4723360491937E-40,3.3617764536105E-64,6.758007727204E-44,-8.8692229019106E-17,0.001426018697015,6.2084100618213E-17,-6.2059073418226E-17,-0.002995359739268,-0.002995598654162,4.2036285330202E-08,4.2029629536439E-08,-6.2039596866218E-17,6.2102038663741E-17,-4.2037742952355E-08,-4.2028703621279E-08,-0.002995629233788,-0.002995341689402,-0.001103594666028,1.7884378652935E-46,-3.4723360491937E-46,43.494466926607,-63.621182338443,-0.002576315817666,100000726.6293,-1.4497479470318E-14,-108.61028947449,-0.002576315817666,-41.710584063642,-2.5296241860704E-05,-108.61028947449,94.898713202949
94.426999999999,1.6399178669225E-94,5.3727853082797E-95,7.8072630471171E-117,0.001802474438568,1.7320507906911,9.0614281246212E-111,2.8680340177449E-90,0.29701684482235,-3.6245712498485E-110,-1.1472011038289E-89,6.4349113052556E-114,2.2327314561689E-93,-2.3322029390776E-17,0.000374978172464,1.6325299769255E-17,-1.6318718166286E-17,-0.000787643613094,-0.000787706439732,1.105363442737E-08,1.1051884268211E-08,-1.6313596791777E-17,1.6330016586131E-17,-1.1054017697541E-08,-1.1051640819522E-08,-0.000787714480667,-0.000787638866922,-0.000290207835532,7.8510969923825E-98,-1.1472011038289E-95,43.805600323733,-64.078327443932,-0.001574238440971,100000726.6293,-1.4520365862147E-14,-1.4319348698242,-0.001574238440971,-0.51422856340802,-3.3086617106E-07,-1.4319348698242,1.256554052075
95.426999999999,2.2855103573741E-50,7.6363453764151E-51,4.0977364654615E-70,0.001802474438568,1.7322673048384,6.1529704015298E-66,1.5498984188181E-45,0,2.4611881606119E-65,6.1995261065912E-45,4.8466820495328E-69,1.2065780714001E-48,-6.1350618361099E-18,9.8641256158024E-05,4.2945115066625E-18,-4.2927801589946E-18,-0.000207196474637,-0.000207213001728,2.9077542777006E-09,2.9072938831747E-09,-4.2914329370712E-18,4.2957523061966E-18,-2.9078551002387E-09,-2.9072298418883E-09,-0.000207215116966,-0.000207195226115,-7.6338384885233E-05,3.1368377464458E-51,6.1995261065912E-51,-6.3864543138433E-08,0,-0.000573164218177,100000726.6293,-1.4548787371922E-14,106.68897118982,-0.000573164218177,40.784996078953,1.2678178930177E-05,106.68897118982,93.245062696134
96.426999999999,1.6660680395914E-34,5.5596343218846E-35,2.0196154605827E-53,0.001802474438568,1.7324831062708,1.5065580471378E-49,4.2877109570462E-29,0,6.0262321885511E-49,1.7150656903082E-28,1.179432349153E-52,3.3379336054774E-32,-1.6145528485712E-18,2.5959236495269E-05,1.1301786308808E-18,-1.1297229953251E-18,-5.4527512073412E-05,-5.4531861477352E-05,7.6522830208095E-10,7.6510714090716E-10,-1.1293684494294E-18,1.1305051697937E-18,-7.6525483536133E-10,-7.6509028728056E-10,-5.4532418140522E-05,-5.4527183502233E-05,-2.0089831213503E-05,1.7509461000377E-34,1.7150656903082E-34,-6.4926257668838E-08,0,0.000426908857169,100000726.6293,-1.4618486861033E-14,215.27070682211,0.000426908857169,82.094721438544,2.5686534906865E-05,215.27070682211,188.17126384199
97.426999999999,8.3774362483649E-26,2.7944549326458E-26,5.2119469866148E-44,0.001802474438568,1.7326981868373,2.5861813298677E-40,8.1892004226784E-20,0,1.0344725319471E-39,3.275644467801E-19,2.0208101582227E-43,6.3751982273632E-23,-4.248988796635E-19,6.8316441382069E-06,2.9742701485792E-19,-2.9730710609352E-19,-1.4349904254511E-05,-1.4351048879082E-05,2.013837134714E-10,2.0135182770993E-10,-2.9721380090749E-19,2.9751294949819E-19,-2.0139069618559E-10,-2.0134739237227E-10,-1.4351195375096E-05,-1.4349817785043E-05,-5.2870036324952E-06,5.0381292034847E-25,3.275644467801E-25,-6.5990287837195E-08,0,0.00142598278551,100000726.6293,-1.4771488113053E-14,324.3146525884,0.00142598278551,123.41528662008,3.8860634365805E-05,324.3146525884,283.52411543568
98.426999999999,7.0563725012866E-20,2.3533490225975E-20,2.0082714409058E-37,0.001802474438568,1.7329125371644,7.4650017070175E-34,2.6205756025358E-13,0,2.986000682807E-33,1.0482188164686E-12,5.8277134528115E-37,2.0400879296689E-16,-1.1181985036852E-19,1.7978709507687E-06,7.8273316049474E-20,-7.8241759882266E-20,-3.7764373380997E-06,-3.7767385672002E-06,5.2997778494643E-11,5.2989387177914E-11,-7.8217204929453E-20,7.8295931309424E-20,-5.2999616122591E-11,-5.2988219938327E-11,-3.7767771203011E-06,-3.7764145820648E-06,-1.3913708212316E-06,2.156602089274E-18,1.0482188164686E-18,-6.7056652253601E-08,0,0.002424059561296,100000726.6293,-1.4931462717666E-14,433.8228650222,0.002424059561296,164.74716094063,5.2203723542588E-05,433.8228650222,379.3056670101
99.426999999999,1.8553994713849E-15,6.1870656558373E-16,2.3653325278215E-32,0.001802474438473,1.7331261477499,7.028415349774E-29,2.7313612598284E-08,0,2.8113661399096E-28,1.0925325964069E-07,5.483912114479E-32,2.1263332881321E-11,-2.9427422648693E-20,4.5349719355275E-07,2.059904342486E-20,-2.0590738846916E-20,-9.5255428600815E-07,-9.5266857929937E-07,1.3947325251641E-11,1.3945116924515E-11,-2.0584276765521E-20,2.0604995040882E-20,-1.3947808856649E-11,-1.3944809744404E-11,-9.5268008319838E-07,-9.5254591152519E-07,-3.51997750326E-07,2.8175850548208E-13,1.0925325964069E-13,-6.8125366074675E-08,0,0.003421141173013,100000726.6293,-1.5042898951233E-14,543.79742276594,0.003421141173013,206.09081822594,6.5719190467626E-05,543.79742276594,475.51798878608
100.427,-1.323659029812E-08,-4.4156326951765E-09,3.1521109107282E-28,0.001802473140061,1.7333390087288,7.8008623215123E-25,0.000335327728319,0,3.1203449286049E-24,0.001341296294469,6.0844373346245E-28,2.6104877507224E-07,-7.7437419804765E-21,-0.000263622053779,5.4205792344566E-21,-5.4183944841606E-21,0.000553957984353,0.00055355940178,3.6440522340808E-12,3.6434723779541E-12,-5.4166939665845E-21,5.4221454257275E-21,-3.6441779860933E-12,-3.6433935509178E-12,0.000553545921486,0.000553985359995,0.000191215014715,4.1616593511585E-09,1.3412962944685E-09,-6.9195748810905E-08,0,0.004417229603203,100000726.62936,-1.5112724511769E-14,654.2403022566,0.004417229603203,247.44669045537,7.9808400968571E-05,654.2403022566,572.16306118245
101.427,-0.090895920993199,-0.03031669707302,9.3366934820972E-25,0.001798755923636,1.7335504537996,1.980598924758E-21,0.83106558205604,0,7.9223956990321E-21,3.3242260933613,1.5443802007417E-24,0.000646974986388,-3.299898737957E-22,-0.73031208445772,2.3082158643877E-22,-2.3205122715162E-22,1.5345115073868,1.5336451552976,-8.470237740836E-11,-8.4699991596714E-11,-2.318122809628E-22,2.3105794180225E-22,8.4706386380518E-11,8.469435957003E-11,1.5336202744626,1.5345716180475,0.53349745057002,1.1997786669833E-05,3.3242260933685E-06,-6.8677360607811E-08,0,0.005412326828491,100000726.79351,-1.5144914730861E-14,764.79466702285,0.005412326828491,288.68196688378,0.000931314232971,764.79466702285,668.9280613212
102.427,-17.948978622715,-5.9834842209312,5.4155415529227E-22,0.0016842204722,1.7337418053696,1.0175028205415E-18,8.0094119190318,0,4.070011282166E-18,32.03729626397,7.9306750280863E-22,0.006235235361141,1.0123145293159E-18,-14.956162175299,-7.0876111366725E-19,7.0793616063699E-19,31.41812185929,31.415370083338,-5.8699398666832E-08,-5.869924205517E-08,7.0785832120335E-19,-7.0881964568705E-19,5.8701488918854E-08,5.8696204604141E-08,31.415311954082,31.418323466588,11.314135680748,0.000119738380484,3.203729626396E-05,-5.9313981904273E-08,0,0.006406434819607,100000731.85138,-1.5102117824582E-14,865.03867312457,0.006406434819607,325.93176705548,0.000113752080955,865.03867312457,756.68996574312
103.427,-68.604954576113,-22.869283337101,6.9776402478304E-20,0.001413953561243,1.7339060045368,1.1950215897002E-16,15.470230402616,0,4.7800863588008E-16,61.880217547975,9.3112202139071E-20,0.012043399043031,1.3819293154041E-16,-29.59529617117,-9.6758593552887E-17,9.6672884955942E-17,62.168702170749,62.166446790212,-9.055014036823E-06,-9.0551548718692E-06,9.6666553995607E-17,-9.676227621668E-17,9.0552638959715E-06,9.0547844257339E-06,62.166417987019,62.168884506577,22.513283719227,0.000234232233965,6.1880208237895E-05,-4.9248291941904E-08,0,0.007399555541409,100000743.78635,-1.4946008114675E-14,950.43685466859,0.007399555541409,357.56131264479,-0.001139121262128,950.43685466859,831.46999212577
104.427,-152.60089345677,-50.868200557672,2.3729460044323E-18,0.000950561302591,1.7340374486332,3.8019729903497E-15,24.752525458262,0,1.5207891961399E-14,99.008439884747,2.9614250641478E-18,0.019269566192307,5.3049290902659E-15,-41.143022412664,-3.7144857240864E-15,3.7122074836349E-15,86.425388086505,86.423835985234,-0.000382903955067,-0.000382915214175,3.7120950652122E-15,-3.7144949978331E-15,0.000382912055215,0.000382903367721,86.423842272455,86.425543417897,31.358414067741,0.000378197465861,9.9008415971713E-05,-3.6484840866404E-08,0,0.008391690952908,100000764.24982,-1.4860192592484E-14,1017.1448741464,0.008391690952908,382.202628884,-0.00268088511967,1017.1448741464,889.89373031317
105.427,-249.85625102672,-83.286015067143,2.3546952522197E-17,0.000269047141944,1.7341327432416,3.614468471004E-14,34.063046563201,0,1.4457873884016E-13,136.24518556037,2.8145709898781E-17,0.02651771506898,6.3651847954863E-14,-48.952292719358,-4.4569781278064E-14,4.4553577260565E-14,102.82906264985,102.82828282856,-0.00491247352542,-0.004912658515291,4.4553269138169E-14,-4.456881983946E-14,0.004912553429535,0.004912548634691,102.82832645627,102.82918886451,37.351823218369,0.000523814994548,0.00013624518556,-2.3608440344623E-08,0,0.009382843007287,100000794.34595,-1.4788683745872E-14,1062.5344661423,0.009382843007287,398.93860704528,-0.000931937067339,1062.5344661423,929.64877566759
106.427,-69.915469195144,-23.286630156731,7.0251943452195E-17,0.000581852854141,1.7342011410466,1.0505075166101E-13,9.0656931348446,0,4.2020300664403E-13,36.246289568745,8.173991572339E-17,0.007057548721913,2.8358393619939E-13,-51.447736461518,-1.9857964771584E-13,1.9855540477276E-13,108.07150956761,108.0695948458,-0.022713434258821,-0.022714857799558,1.985646992045E-13,-1.985645144156E-13,0.022713658028191,0.022714595274807,108.06954055415,108.07173094233,39.623406937571,0.000142131338566,3.6248884852205E-05,1.6726243841078E-10,0,0.01037301365193,100000831.92345,-1.4791271005942E-14,1091.2544455113,0.01037301365193,409.51932011346,-0.00028833215259,1091.2544455113,954.80521182231
107.427,-467.66150700762,-151.52810449781,1.4742884028748E-16,0.001657926944513,1.7342327606906,2.1982022711303E-13,46.996915227051,0,8.7928090845214E-13,187.95211470541,1.6464113260717E-16,0.036586636983142,6.652985578046E-13,-59.747830272122,-4.6977151080099E-13,4.6803289991957E-13,124.94732360484,126.04831774752,-0.053962272011591,-0.054270416888907,4.719643989321E-13,-4.6583967979095E-13,0.054005312513756,0.054230283361873,125.6127823864,125.41418806005,45.579486950203,0.000676641668917,0.000187948798927,3.1060168763886E-05,0,0.011362204820203,100000879.44644,6.0136800088507E-14,1097.7560785946,0.011362204820203,411.92518397548,2.6077360625709E-05,1097.7560785946,960.49956782331
108.427,-115.26393162715,-39.018055462841,1.615607360113E-17,0.002451839856767,1.734129322775,2.5415867162783E-14,16.790740238468,0,1.0166346865113E-13,67.158373702521,2.0072824486662E-17,0.013071434413741,6.9284805287783E-13,-46.522722293066,-4.8488102553403E-13,4.8643870565654E-13,97.729626246456,97.698219749402,-0.054354077072796,-0.054194529802418,4.8376020374079E-13,-4.8512962533927E-13,0.054265521052776,0.054212493197353,97.779330820118,97.693335659753,35.721389580471,0.000253778767816,6.715840299628E-05,-6.0495284796718E-06,0,0.011506544915152,100000914.50932,-6.054803569613E-15,1036.1839664177,0.011506544915152,389.26045731529,4.1247911389278E-05,1036.1839664177,906.56338930532
109.427,-16.721737636624,-5.5719387566084,1.7276868272058E-20,0.002654035106337,1.7338783685802,3.1051120298603E-17,4.4207744031389,0,1.2420448119441E-16,17.682849087544,2.4350498029269E-20,0.003441532101382,1.8684798584117E-13,-25.230772006367,-1.3079487006141E-13,1.3114726055266E-13,53.018977355268,52.979550062263,-0.014627945558936,-0.01458536140271,1.3047240474878E-13,-1.3083025547271E-13,0.014602143329866,0.014592559092176,53.005746908538,52.993641873298,19.402988379105,6.4992428040931E-05,1.7682849087534E-05,-4.4241190964339E-06,0,0.010517496579069,100000923.43829,-1.1604100670852E-13,904.82333716113,0.010517496579069,340.71315742816,-0.000876053791211,904.82333716113,791.52245473626
110.427,-0.71112592559297,-0.23688366960864,1.9406342614487E-23,0.002695171533902,1.7336537163274,3.9876444356959E-20,0.47567216675779,0,1.5950577742784E-19,1.9026622595737,3.1280111954662E-23,0.000370306407079,4.9178329101895E-14,-9.9665025445253,-3.4425208453946E-14,3.4517875309769E-14,20.947501124733,20.923308196211,-0.00384996200301,-0.003838754763033,3.434031532129E-14,-3.4434480225309E-14,0.003843169089686,0.003840651537693,20.939346867896,20.931937807032,7.6957857949234,6.6636836830023E-06,1.9026622595729E-06,-4.3184375931651E-06,0,0.009527469057725,100000925.25487,-1.1489589334462E-13,789.75952916245,0.009527469057725,298.0049786515,-0.000305538579539,789.75952916245,690.77941202529
111.427,-0.001426086391732,-0.000474828752588,1.0701484127776E-26,0.002697353055458,1.7334349726176,2.5525286839449E-23,0.003401422013521,0,1.0210114735779E-22,0.013605499221157,2.0048439728923E-26,2.6479757598308E-06,1.2942157014071E-14,-2.7924211083856,-9.0596094541036E-15,9.0839962928027E-15,5.8696535433059,5.861732342251,-0.00101318618288,-0.00101023679834,9.0372682815445E-15,-9.0620494336301E-15,0.001011398504438,0.001010735970973,5.8669648369146,5.8645630585836,2.160906336591,4.2885800361613E-08,1.3605499221157E-08,-4.2636724752527E-06,0,0.008536460410445,100000925.35121,-1.140195454374E-13,678.96201210091,0.008536460410445,256.71584430657,7.541905522785E-05,678.96201210091,593.79550104514
112.427,-1.4407683272056E-07,-4.7957282413241E-08,1.6622955270974E-30,0.002697360689039,1.7332158588376,4.7224972234277E-27,1.3039642382101E-06,0,1.8889988893711E-26,5.2157845635351E-06,3.7168885603131E-30,1.0151241686963E-09,3.4059583242075E-15,-0.73544091013328,-2.3841970238118E-15,2.3906148531897E-15,1.5458964732713,1.5438026787022,-0.000266637926597,-0.000265861743708,2.3783175477365E-15,-2.3848391476913E-15,0.000266167467284,0.000265993109849,1.5451855462103,1.5445509939835,0.56915636103169,1.3979409170738E-11,5.2157845635351E-12,-4.2119062384987E-06,0,0.007544468690721,100000925.35155,-1.1312069899507E-13,568.84232495485,0.007544468690721,215.51757624301,6.8265891210222E-05,568.84232495485,497.42826030279
113.427,-1.3676815172087E-12,-4.5511551053018E-13,4.1700540452485E-35,0.002697360690961,1.7329960118487,1.4643551085705E-31,4.7005945777782E-11,0,5.8574204342819E-31,1.8802117362475E-10,1.156378990601E-34,3.65936965326E-14,8.9633838328744E-16,-0.19354446722157,-6.2744376247352E-16,6.2913272818069E-16,0.40683038728492,0.40627936499207,-7.0170502776916E-05,-6.9966236473581E-05,6.2589647400008E-16,-6.2761274876715E-16,7.0046693058395E-05,7.0000807805394E-05,0.40664329305463,0.40647629857812,0.14978372115191,4.0867355528065E-16,1.8802117362475E-16,-4.1599455302441E-06,0,0.006551491946221,100000925.35155,-1.122391130692E-13,459.18869458499,0.006551491946221,174.33186821527,5.4839333085269E-05,459.18869458499,401.49175045118
114.427,-7.1007251648698E-19,-2.3620554458013E-19,6.4476410011129E-41,0.002697360690961,1.732775439845,2.9632665487235E-37,9.2655467315455E-17,0,1.1853066194894E-36,3.7061672569605E-16,2.3545230152157E-40,7.2131429247373E-20,2.35887354124E-16,-0.050934661655435,-1.6512296221111E-16,1.6556744351344E-16,0.10706463700578,0.10691962570916,-1.8466613218906E-05,-1.8412856915761E-05,1.6471576578929E-16,-1.6516743395301E-16,1.8434030493957E-05,1.8421954975413E-05,0.10701539983811,0.10697145227793,0.03941824464426,6.1500011191088E-22,3.7061672569605E-22,-4.1077974861373E-06,0,0.005557528218786,100000925.35155,-1.1135415088654E-13,349.99830647625,0.005557528218786,133.15797534291,4.158091375419E-05,349.99830647625,305.98332675014
115.427,-3.1612859981782E-27,-1.0512147485193E-27,8.2385832637441E-49,0.002697360690961,1.7325541521943,5.4754076561252E-45,1.5654138948045E-24,0,2.1901630624501E-44,6.2615686820407E-24,4.4148779872676E-48,1.2186603209444E-27,6.2077943858146E-17,-0.013404360222881,-4.3455038172478E-17,4.3572011316033E-17,0.028175959453085,0.028137797156557,-4.8598170211325E-06,-4.8456700958654E-06,4.3347877207482E-17,-4.3466741700528E-17,4.8512422987456E-06,4.8480644117653E-06,0.02816300181845,0.028151436238051,0.010373610688527,7.1697141249548E-30,6.2615686820407E-30,-4.055463325322E-06,0,0.004562575544414,100000925.35155,-1.1043937474556E-13,241.2690995864,0.004562575544414,91.995427803228,2.8490570307793E-05,241.2690995864,210.90113805704
116.427,-5.6839655475127E-40,-1.8913225717787E-40,3.6265720280245E-61,0.002697360690961,1.7323321581382,4.3424950788709E-57,1.0675024218727E-36,0,1.7369980315484E-56,4.2699504358697E-36,3.7194091827239E-60,8.310408170612E-40,1.633691270974E-17,-0.003527595298468,-1.1435964552025E-17,1.1466748110841E-17,0.007415003808018,0.00740496072234,-1.2789471030188E-06,-1.2752240885479E-06,1.140776324228E-17,-1.1439044543115E-17,1.2766905126284E-06,1.2758541952792E-06,0.007411593776465,0.007408550088728,0.002729999767577,2.7019977765093E-42,4.2699504358697E-42,-4.0029442510461E-06,0,0.003566631953234,100000925.35155,-1.0952907056134E-13,132.99903495831,0.003566631953234,50.843760315431,1.5565095332255E-05,132.99903495831,116.24400134339
117.427,-3.9362584838822E-70,-1.3760884978262E-70,5.2334522871053E-91,0.002697360690961,1.7321094667942,2.9786326465508E-86,2.8974264011153E-66,0,1.1914530586203E-85,1.1589544910077E-65,1.0106655798825E-88,2.2556197794493E-69,4.2993485334426E-18,-0.00092834931193,-3.0095770418169E-18,3.0176782816792E-18,0.001951389856465,0.001948746840213,-3.3657762940612E-07,-3.3559785207013E-07,3.0021553666633E-18,-3.010387596128E-18,3.3598376759226E-07,3.3576367584167E-07,0.001950492446134,0.001949691445689,0.000718447891939,1.4926588544958E-72,1.1589544910077E-71,-3.9502414573213E-06,0,0.002569695469483,100000925.35155,-1.0856038980277E-13,25.186095153102,0.002569695469483,9.702511980338,2.8012854441477E-06,25.186095153102,22.024953395338
118.427,-2.5061219286724E-56,-8.5871489665864E-57,2.3433140124203E-76,0.002697360690961,1.7318857259715,4.4872609857491E-72,7.0915939244684E-52,2.2401955481013,-1.7949043942996E-71,-2.8365981885752E-51,3.1619609408106E-75,5.5207406829259E-55,1.1304865208582E-18,-0.000244103670775,-7.9134936787063E-19,7.9347925553659E-19,0.00051310584165,0.000512410816586,-8.8500937911099E-08,-8.824332832549E-08,7.8939768325E-19,-7.9156238986205E-19,8.8344796043162E-08,8.8286920690628E-08,0.000512869836112,0.000512659232091,0.000188911399438,1.1100275963674E-57,-2.8365981885752E-57,-9.8586512738562,58.341920304318,0.001571764111484,100000925.35155,-1.0752993714489E-13,-81.953519074303,0.001571764111484,-31.386934324255,-1.916360920922E-05,-81.953519074303,71.62582784591
119.427,-3.4205025097584E-37,-1.1501516933443E-37,2.6131207216531E-56,0.002697360690961,1.7316599524687,2.2039171773489E-52,3.5964266500755E-32,3.4017030354916,-8.8156687093955E-52,-1.4385506910098E-31,1.6831502182981E-55,2.7997850827205E-35,2.975075922779E-19,-6.424021341173E-05,-2.0825763133187E-19,2.0881814907333E-19,0.000135032909033,0.000134850000851,-2.3290592560104E-08,-2.3222798025465E-08,2.0774401088703E-19,-2.0831369184908E-19,2.3249501056167E-08,2.3234270130172E-08,0.000134970799987,0.000134915375801,4.9715387635111E-05,1.2832301604583E-37,-1.4385506910098E-37,-9.8572702156275,58.362107928487,0.00057283589162,100000925.35155,-1.0659580766426E-13,-187.82296646144,0.00057283589162,-72.309572165924,-4.3564685323193E-05,-187.82296646144,164.09062631087
120.427,-1.0569776129228E-27,-3.5408710870138E-28,5.665324071587E-46,0.002697360690961,1.7314321134695,3.0628068280187E-42,4.2023793081468E-22,4.2575616505997,-1.2251227312075E-41,-1.680928390767E-21,2.3564545898863E-45,3.2715136540528E-25,7.8294403188281E-20,-1.6905952319677E-05,-5.4806691922515E-20,5.495420211449E-20,3.5536306628936E-05,3.5488171094448E-05,-6.1293328026162E-09,-6.1114914675735E-09,5.4671523587131E-20,-5.4821445242433E-20,6.1185188440147E-09,6.1145105555719E-09,3.55199615309E-05,3.5505375672841E-05,1.3083486624283E-05,2.3323601463014E-27,-1.680928390767E-27,-9.8557462640995,58.385272923609,-0.000427091183686,100000925.35155,-1.0569479374072E-13,-292.40057991263,-0.000427091183686,-113.06002496101,-6.7506899558454E-05,-292.40057991263,255.38758712465
121.427,-1.6848757492703E-21,-5.6358937769016E-22,5.6378523314293E-39,0.002697360690961,1.7312022312861,2.2446297053153E-35,2.5402189714945E-15,4.9683250368297,-8.9785188212612E-35,-1.0160734850852E-14,1.7319634494269E-38,1.9775371135241E-18,2.0604561798487E-20,-4.4491014047269E-06,-1.4423353709919E-20,1.4462173635011E-20,9.3520097982479E-06,9.3393420779374E-06,-1.6130427127724E-09,-1.6083474487987E-09,1.4387781763603E-20,-1.4427236307859E-20,1.6101968276275E-09,1.6091419753982E-09,9.3477082955632E-06,9.3438697681335E-06,3.4431517148365E-06,1.9073852375981E-20,-1.0160734850852E-20,-9.8540721956102,58.411519857735,-0.001428019114001,100000925.35155,-1.0485550556312E-13,-395.69814761489,-0.001428019114001,-153.63932013543,-9.1001066779724E-05,-395.69814761489,345.52598998272
122.427,-5.6383862973761E-17,-1.8845431890475E-17,1.1016049203288E-33,0.00269736069096,1.7309703278705,3.4737796297328E-30,3.2271855923168E-10,5.5896205541494,-1.3895118518931E-29,-1.2908563195566E-09,2.6849007623614E-33,2.5123343111296E-13,5.4224561325908E-21,-1.1706287807547E-06,-3.7957615183786E-21,3.8059776706156E-21,2.4606643806877E-06,2.4573251948233E-06,-4.2450081876149E-10,-4.2326517671286E-10,3.7864001293929E-21,-3.7967832928934E-21,4.2375187357337E-10,4.2347427049153E-10,2.4595311194385E-06,2.4585180275095E-06,9.059597900703E-07,3.0476528727773E-15,-1.2908563195566E-15,-9.8522396922568,58.440976164591,-0.002429949904898,100000925.35155,-1.0408753008196E-13,-497.72733415157,-0.002429949904898,-194.04846985467,-0.000114057675457,-497.72733415157,434.51695593357
123.427,1.6330244799515E-12,5.4754667511215E-13,1.9667309888322E-29,0.002697360675742,1.7307364248259,5.1376619066743E-26,3.9112324832049E-06,6.1486297078625,-2.0550647626697E-25,-1.5644712782692E-05,3.9754629684962E-29,3.04485852582E-09,1.4269756995415E-21,2.7803048082873E-06,-9.9889453087026E-22,1.0015824852239E-21,-5.8088307400306E-06,-5.8717511629511E-06,-1.1171481770969E-10,-1.1138963638675E-10,9.9643076711646E-22,-9.9916299236071E-22,1.1151771818289E-10,1.1144466441696E-10,-5.8237705823753E-06,-5.8567544098318E-06,-2.0023120970695E-06,4.4411896411497E-11,-1.5644712782692E-11,-9.8502384240033,58.473793147256,-0.003432885567989,100000925.35155,-1.0329644591742E-13,-598.49968125067,-0.003432885567989,-234.28847082826,-0.000136681836999,-598.49968125067,522.37175010393
124.427,1.2244832097863E-05,4.1008399187335E-06,7.00856911022E-26,0.002697318393287,1.7305005521996,1.5636316352596E-22,0.009731423971054,6.6610348274514,-6.2545265410386E-22,-0.038925155602225,1.2109330225451E-25,7.5758240840179E-06,2.4331443533511E-22,0.008392703914373,-1.7156901478493E-22,1.7051634311236E-22,-0.017555807959281,-0.017702999177507,-2.91439069598E-11,-2.9057946859296E-11,1.7048654084239E-22,-1.7036784816824E-22,2.9089312360768E-11,2.9075127635168E-11,-0.017591171207909,-0.017668496427748,-0.006121536187424,1.2886173220499E-07,-3.8925155602226E-08,-15.471438335529,58.50953478167,-0.004436828120941,100000925.35342,-1.025331383819E-13,-698.02294842468,-0.004436828120941,-274.35883033523,-0.000145279903806,-698.02294842468,609.09841233162
125.427,1.7428919561421,0.5819480873559,7.2378526285371E-23,0.00267657533525,1.730267100284,1.4131153365924E-19,3.1451281257326,7.1286900937019,-5.6524613463694E-19,-12.580337777745,1.095380699851E-22,0.002448453348737,-1.3152113268436E-19,3.7011073792264,9.0999618777674E-20,-9.2496405825179E-20,-7.758018894075,-7.7906166711522,1.7663056304561E-10,1.7684986230724E-10,-9.136726785515E-20,9.2090599740022E-20,-1.7829019270671E-10,-1.7521034222593E-10,-7.7668927668494,-7.7824883589873,-2.7463661083731,4.6268773819321E-05,-1.2580337777761E-05,-14.837789832436,58.404497570384,-0.005441779587468,100000926.26941,-1.0458785191328E-13,-794.54880371683,-0.005441779587468,-313.54589588829,0.003561396730568,-794.54880371683,693.17826735056
126.427,22.902127308975,7.6370148852833,1.7808677979015E-20,0.002535547007183,1.7300577810124,3.1288271441338E-17,8.686528320442,7.5225951940368,-1.2515308576535E-16,-34.745627696485,2.427803833864E-20,0.006762383061087,-3.3260710813045E-17,17.600415903704,2.306470107145E-17,-2.3367458147823E-17,-36.954379974342,-36.987554553302,3.4876840724734E-08,3.4891639867791E-08,-2.3136366545014E-17,2.3289023127945E-17,-3.5113982445396E-08,-3.4655349416192E-08,-36.963598460497,-36.979397817417,-13.349697913362,0.000130065780543,-3.4745627696479E-05,-13.519051709942,58.264101050395,-0.006447741997443,100000932.49714,-1.0836140491545E-13,-879.8839473179,-0.006447741997443,-348.46565182327,0.004155146697945,-879.8839473179,767.47672101982
127.427,69.275616865723,23.096826792234,1.369474689816E-18,0.002259176565931,1.7298769112444,2.2143269966135E-15,15.337348351547,7.8485132985546,-8.857307986454E-15,-61.348522217046,1.7197680523063E-18,0.011939987854725,-2.6993694215163E-15,30.148306898253,1.8754559194234E-15,-1.8947694275322E-15,-63.316002853845,-63.341851463379,2.196297869516E-06,2.1960559897764E-06,-1.879739465068E-15,1.8900880630718E-15,-2.2072917452811E-06,-2.1850804604601E-06,-63.323139677929,-63.335745280704,-22.948281269198,0.000232185568027,-6.1348522216999E-05,-12.647922665457,58.184296386676,-0.007454717386868,100000944.70156,-1.1255479125706E-13,-953.15841247474,-0.007454717386868,-378.66038424449,0.007521074737422,-953.15841247474,831.25316281249
128.427,141.42626057627,47.147909285798,3.6366911625405E-17,0.001813526294971,1.7297329400697,5.5248798014567E-14,23.427283760052,8.1028936920262,-2.2099519205827E-13,-93.707715907955,4.2947417620378E-17,0.018237935028071,-7.9229072186008E-14,40.290857000596,5.5148556474101E-14,-5.556556006375E-14,-84.625893964719,-84.642651157695,5.2341645453213E-05,5.2310758563182E-05,-5.5229559884444E-14,5.5475884555501E-14,-5.2514776709312E-05,-5.2137732096229E-05,-84.630464886845,-84.638984210234,-30.714507766116,0.000357593749411,-9.3707700614553E-05,-12.260393164715,58.276434937439,-0.008462707797886,100000964.38141,-1.1596727960421E-13,-1011.9543809825,-0.008462707797886,-403.03589677247,0.010504333943841,-1011.9543809825,882.41193858583
129.427,228.33959234381,76.11706354252,3.5956373927929E-16,0.00117480217315,1.7296322038307,5.2315633476024E-13,31.985849738831,8.2842893729673,-2.092625339041E-12,-127.94095622875,4.0700068324339E-16,0.024900713826439,-9.1032276149698E-13,47.642434646592,6.3474693941059E-13,-6.3793608368218E-13,-100.07307868353,-100.08079980782,0.000514620073278,0.000514138276823,-6.3520207248671E-13,6.3740430919136E-13,-0.000515556984324,-0.000513202697467,-100.07508298896,-100.07951499054,-36.350484447646,0.000491218664429,-0.000127940944319,-17.402484488645,58.413572779263,-0.009471715278837,100000992.58756,-1.1632323114484E-13,-1054.7025416586,-0.009471715278837,-420.84447481931,0.012948240498942,-1054.7025416586,919.59830815997
130.427,284.89496580636,95.178975647387,1.5144551139294E-15,0.000354561505326,1.7295731002535,2.1440110694247E-12,36.572669133017,8.4013730347035,-8.5760442776989E-12,-146.28640658121,1.6698398381191E-15,0.028471529255248,-4.648879246933E-12,52.082402382627,3.24634342338E-12,-3.2557434923634E-12,-109.3967178111,-109.41057193555,0.002364664338784,0.002362115952318,-3.2466456654051E-12,3.2551257045199E-12,-0.002366347152929,-0.002360448113489,-109.38764066757,-109.4196198704,-39.789220178057,0.000565113053755,-0.000146286841444,-16.367715470329,60.514564403495,-0.010481741884297,100001028.80991,-1.2051812829876E-13,-1082.6761003045,-0.010481741884297,-432.54005857386,-0.001061768764715,-1082.6761003045,943.91532042367
131.427,334.07956727654,107.92858777378,3.2690846235386E-15,0.000627300532989,1.7295519024487,4.5627851798794E-12,37.306418708263,8.4635265951151,-1.8251140719518E-11,-149.21926429364,3.6475611581008E-15,0.029042765576584,-1.2516009108473E-11,56.055340912311,8.6911650039039E-12,-8.7040537211857E-12,-119.3137537513,-116.45884344654,0.005888311413554,0.005812979659417,-8.630232530114E-12,8.7636546562191E-12,-0.005845349191221,-0.005856886495595,-118.13503404691,-117.08881249521,-42.883849355445,0.000564031741257,-0.000149218802605,6.6800706784147,-38.13178464863,-0.011492789674396,100001072.16438,-5.084624297315E-12,-1097.6518788749,-0.011492789674396,-438.80845442977,-0.000149651638246,-1097.6518788749,956.94523399649
132.427,137.98573333714,45.218917419984,4.4561159096505E-16,0.001468896204742,1.7297032700252,6.5601314129805E-13,19.110554166541,8.2366368242796,-2.6240525651922E-12,-76.440255180879,5.1559519325837E-16,0.014877431321141,-1.4457656012733E-11,47.349038553822,1.0107283998354E-11,-1.0067467589817E-11,-99.449874336577,-99.466042775733,0.006708238833911,0.006706553439989,-1.0056593979755E-11,1.0123184893378E-11,-0.006714070031831,-0.006698434190922,-99.479407220738,-99.447651722366,-36.328484026578,0.000289618319494,-7.6440301242254E-05,-16.987382667958,46.355198750479,-0.011640488207245,100001109.33489,-8.7646498595072E-13,-1042.6620748399,-0.011640488207245,-415.99414555893,-0.000239444462847,-1042.6620748399,909.09553395474
133.427,26.688412477332,8.9069297132207,8.0351123748382E-19,0.001720635590239,1.729996135284,1.3377396473245E-15,6.2942530781295,7.7346006268099,-5.350958589298E-15,-25.176587294035,1.0547892682282E-18,0.004900032438001,-3.9373778205094E-12,28.329666549701,2.7526889967596E-12,-2.7410861285903E-12,-59.516334282987,-59.501342011499,0.001846610465358,0.001846557342679,-2.7381666950051E-12,2.7569338094027E-12,-0.001848580359693,-0.001843999955427,-59.485286206618,-59.532662045046,-21.759438972474,9.3229318054509E-05,-2.5176587294023E-05,-6.5570330804592,46.55412288909,-0.010629291150449,100001120.45185,-7.559342408646E-13,-926.59057706043,-0.010629291150449,-367.84782100498,-0.006150513269815,-926.59057706043,808.10303400075
134.427,2.5932252608943,0.86619887510503,1.6310438247382E-21,0.001791995926803,1.7302462785438,3.0678585695384E-18,1.3003799779591,7.2681614834366,-1.2271434278154E-17,-5.2014322545008,2.4216351572184E-21,0.001012336864031,-1.0364843309955E-12,13.334714768982,7.2462426270885E-13,-7.2156827570124E-13,-28.017065590082,-28.004296722349,0.000486236906966,0.000486223903982,-7.2079979449596E-13,7.2574153709636E-13,-0.000486756479168,-0.000485549765664,-27.993206048974,-28.028299445675,-10.275316761473,1.8626711573587E-05,-5.2014322544975E-06,-11.708536847879,46.643843771856,-0.009619115580466,100001123.60316,-7.2754404159585E-13,-823.71660400453,-0.009619115580466,-325.59336760837,-0.001471441150607,-823.71660400453,718.5557135907
135.427,0.029753683630726,0.009958025493491,2.0785366732983E-24,0.001800914652294,1.7304806215077,4.4618341429183E-21,0.046848776024981,6.7958314517599,-1.7847336571673E-20,-0.18739194485799,3.5283429146759E-24,3.6471450019164E-05,-2.7276946588964E-13,4.2544520995812,1.9069788785985E-13,-1.8989364607407E-13,-8.9397391684943,-8.9339479913327,0.00012796249037,0.000127959071224,-1.8969140644749E-13,1.9099191845227E-13,-0.000128099228257,-0.000127781656696,-8.9291806833083,-8.9445043971559,-3.29063024798,6.2461913116795E-07,-1.8739194485798E-07,-11.571323166819,46.699515284915,-0.008609959435466,100001123.99701,-7.1973645797834E-13,-724.72257024474,-0.008609959435466,-285.29105236575,-0.000249660535853,-724.72257024474,632.34265438337
136.427,1.8233330858639E-05,6.1128295344909E-06,1.015378643002E-27,0.001801068062517,1.7307110585124,2.5368274815974E-24,0.000108116430433,6.2922378625075,-1.0147309926389E-23,-0.00043245843088,2.0112430706544E-27,8.4167897731153E-08,-7.1784018531026E-14,1.13151423075,5.0185458516189E-14,-4.9973808329656E-14,-2.3776419646431,-2.3760465747925,3.3675550978776E-05,3.3674651175649E-05,-4.9920585461447E-14,5.0262837769555E-14,-3.3711535932295E-05,-3.3627961458586E-05,-2.3747366250001,-2.3789472190717,-0.87567109318971,1.2703798098401E-09,-4.3245843088008E-10,-11.565704786371,46.749049133475,-0.007601820659987,100001124.00379,-7.1810459983784E-13,-625.21531726022,-0.007601820659987,-245.11972452835,-0.000143727427411,-625.21531726022,545.64246702908
137.427,1.2401393382383E-09,4.1631893810121E-10,1.2446814958762E-31,0.001801068280501,1.7309394545341,3.7221601918799E-28,2.7975343124567E-08,5.7449336188763,-1.488864076752E-27,-1.1189948597994E-07,2.9615517582729E-31,2.1778612275544E-11,-1.8891209998946E-14,0.29779384143375,1.320717417487E-14,-1.3151474756387E-14,-0.62575192032921,-0.62533192827152,8.8623055445009E-06,8.8620687455417E-06,-1.3137468234951E-14,1.3227537868155E-14,-8.8717756093348E-06,-8.849781536459E-06,-0.62498708494021,-0.62609551481968,-0.23046185151007,2.7753088494483E-13,-1.1189948597994E-13,-11.564723352357,46.797818659363,-0.006594697204788,100001124.0038,-7.1663017865246E-13,-524.46972080252,-0.006594697204788,-204.78451639161,-0.000120716627166,-524.46972080252,457.82352676651
138.427,9.3411615434869E-15,3.1410115424801E-15,2.0849873683075E-36,0.00180106828054,1.7311658215938,7.7720586481608E-33,8.0192206598027E-13,5.1398903081091,-3.1088234592643E-32,-3.2076341864119E-12,6.2165223689841E-36,6.2429081465324E-16,-4.9715496919915E-15,0.078369619264984,3.4756970413241E-15,-3.4610387730281E-15,-0.16467748130194,-0.16456695307566,2.3322694736654E-06,2.3322071558692E-06,-3.4573527138336E-15,3.4810561005834E-15,-2.3347616855246E-06,-2.3289735636247E-06,-0.1644762015452,-0.16476790417436,-0.060650037531001,6.4210730207265E-18,-3.2076341864119E-18,-11.563810567805,46.845992058575,-0.005588587026819,100001124.0038,-7.1506441049589E-13,-422.46149364095,-0.005588587026819,-164.27917544626,-9.7572930135344E-05,-422.46149364095,368.86344407832
139.427,3.1065969495742E-21,1.0473635068213E-21,1.5584556942587E-42,0.00180106828054,1.7313901378559,7.7201949215994E-39,1.0158770657219E-18,4.4536371953796,-3.0880779686398E-38,-4.063439757622E-18,6.2278291366767E-42,7.9085331082408E-22,-1.3083495626442E-15,0.020624325099139,9.1468998311959E-16,-9.1083240551303E-16,-0.043337736519749,-0.043308649099733,6.1377717914119E-07,6.1376077912094E-07,-9.0986235506562E-16,9.1610031255942E-16,-6.1443304792988E-07,-6.1290980322131E-07,-0.043284766259725,-0.043361532867689,-0.015961109713775,6.1499163433563E-24,-4.063439757622E-24,-11.56295645846,46.893587465862,-0.004583488089192,100001124.0038,-7.1369511505928E-13,-319.17898108776,-0.004583488089192,-123.60269031614,-7.3990315363995E-05,-319.17898108776,278.75077870478
140.427,4.3826825241356E-30,1.4854532516279E-30,4.496751528505E-51,0.00180106828054,1.7316123810803,3.3256386559915E-47,5.4726604565798E-27,3.6405350158064,-1.3302554623966E-46,-2.1890272782629E-26,2.7256265057344E-50,4.2604285366185E-30,-3.4431488854042E-16,0.00542764900204,2.4071653981113E-16,-2.3970135133933E-16,-0.011405077317199,-0.011397422458059,1.6152611432266E-07,1.6152179836991E-07,-2.3944606572918E-16,2.4108769247667E-16,-1.6169871757321E-07,-1.6129784929809E-07,-0.011391137274284,-0.011411339739085,-0.004200442962036,2.2285899037428E-32,-2.1890272782629E-32,-11.562160111228,46.940622091707,-0.003579398361156,100001124.0038,-7.123576190924E-13,-214.61042417496,-0.003579398361156,-82.754042210196,-4.9958172304085E-05,-214.61042417496,187.47409034443
141.427,1.9722113999403E-44,6.7971377625472E-45,3.196499822722E-65,0.00180106828054,1.7318325286618,4.6721518910586E-61,9.5042782579329E-41,2.5834663846035,-1.8688607564234E-60,-3.8016472136397E-40,3.962720319443E-64,7.3990152711602E-44,-9.0612437115816E-17,0.001428380009903,6.3348734115378E-17,-6.3081569656647E-17,-0.003001443985244,-0.002999429476277,4.2508399619358E-08,4.2507263800751E-08,-6.3014386817935E-17,6.3446409379926E-17,-4.2553823159273E-08,-4.2448327717146E-08,-0.002997775421103,-0.003003092050232,-0.001105419447251,1.963633306518E-46,-3.8016472136397E-46,-11.561420475301,46.987112551334,-0.002576315818069,100001124.0038,-7.1099654453405E-13,-108.74393915719,-0.002576315818069,-41.732196968106,-2.546565570373E-05,-108.74393915719,95.02240479459
142.427,4.1850584016006E-93,5.8047756777796E-93,1.3708369344126E-111,0.00180106828054,1.7320505576216,3.944689830912E-106,3.0099641482543E-88,0.30980984983627,-1.5778759323648E-105,-1.2039653798634E-87,3.2940883088059E-111,2.34323635852E-91,-2.3827843913434E-17,0.000375613442447,1.6658458340661E-17,-1.6588231389864E-17,-0.000789273719157,-0.000788743843341,1.1178201305789E-08,1.1177904418241E-08,-1.6570559683852E-17,1.6684146102822E-17,-1.1190149831234E-08,-1.1162402542727E-08,-0.000788308934985,-0.000789707048136,-0.000290698689582,2.0668807845529E-95,-1.2039653798634E-93,-9.3463290847285,47.587700480442,-0.001574238441376,100001124.0038,-7.0945243709445E-13,-1.5675153476256,-0.001574238441376,-0.53610470768183,-5.0154823084091E-07,-1.5675153476256,1.548640169689
143.427,2.2976150850772E-50,7.447728538451E-51,4.6534781187107E-70,0.00180106828054,1.7322670746413,6.962163212886E-66,1.5126486344757E-45,0,2.7848652851544E-65,6.0504925270634E-45,4.8207529408357E-69,1.177586562611E-48,-6.2681017678595E-18,9.8808070561314E-05,4.3821384995222E-18,-4.3636647478671E-18,-0.000207624660146,-0.000207485272147,2.9405137796991E-09,2.9404356810419E-09,-4.3590160665319E-18,4.3888958674671E-18,-2.9436569332818E-09,-2.9363577907785E-09,-0.000207370866082,-0.000207738650743,-7.6467300008847E-05,3.0625654991613E-51,6.0504925270634E-51,1.8137081842883E-05,0,-0.000573164218584,100001124.0038,-7.0873109673605E-13,106.55253693709,-0.000573164218584,40.763068687896,1.252023189106E-05,106.55253693709,93.124804260193
144.427,1.6535391611178E-34,5.4367354833883E-35,2.0987386155752E-53,0.00180106828054,1.7324828788257,1.5638403624403E-49,4.1908405478883E-29,0,6.2553614497612E-49,1.6763079572987E-28,1.1477886964236E-52,3.2625405537527E-32,-1.649559737842E-18,2.6003058184829E-05,1.153235780478E-18,-1.1483740922312E-18,-5.4640031807921E-05,-5.4603349438071E-05,7.7384722190505E-10,7.7382666887459E-10,-1.1471507110615E-18,1.1550140991133E-18,-7.7467439730161E-10,-7.7275350130329E-10,-5.4573241496918E-05,-5.4670030411515E-05,-2.0123696779737E-05,1.7109855184721E-34,1.6763079572987E-34,1.8043380908163E-05,0,0.000426908856761,100001124.0038,-7.0813799361891E-13,215.13349271487,0.000426908856761,82.072757995903,2.552821987846E-05,215.13349271487,188.04871353609
145.427,8.3195854372479E-26,2.7486437478761E-26,5.317941085309E-44,0.00180106828054,1.7326979621604,2.6372783513951E-40,8.0477866599303E-20,0,1.054911340558E-39,3.2190603923254E-19,1.9742992371713E-43,6.2651465840351E-23,-4.3411026647046E-19,6.8431559398178E-06,3.0349400538568E-19,-3.0221456777871E-19,-1.4379472428139E-05,-1.4369818826205E-05,2.0365132344711E-10,2.0364591455691E-10,-3.018926137925E-19,3.0396200079372E-19,-2.0386900900356E-10,-2.0336349189183E-10,-1.4361895399042E-05,-1.4387367081226E-05,-5.2958999733999E-06,4.9498868495033E-25,3.2190603923254E-25,1.794975299188E-05,0,0.0014259827851,100001124.0038,-7.0751507493541E-13,324.17665468934,0.0014259827851,123.39328667094,3.8701944253461E-05,324.17665468934,283.40030799849
146.427,7.0154015584925E-20,2.3234129679819E-20,2.0346313563029E-37,0.00180106828054,1.732912315272,7.5602835134368E-34,2.5844372088959E-13,0,3.0241134053747E-33,1.0337574550176E-12,5.7157121040904E-37,2.0119665982945E-16,-1.1424364885481E-19,1.8008950526447E-06,7.9869713430901E-20,-7.9533007227826E-20,-3.7842073149379E-06,-3.7816667994621E-06,5.3594379313847E-11,5.3592955869591E-11,-7.9448279448947E-20,7.9992874543652E-20,-5.3651667044702E-11,-5.3518631445443E-11,-3.7795816109284E-06,-3.7862849314023E-06,-1.393707846485E-06,2.1263840633964E-18,1.0337574550176E-18,1.7856198740396E-05,0,0.002424059560884,100001124.0038,-7.0689015766444E-13,433.68407935894,0.002424059560884,164.7251240242,5.2044676841632E-05,433.68407935894,379.18085485832
147.427,1.8465131373535E-15,6.1260803103148E-16,2.3877653922416E-32,0.001801068280447,1.7331259286587,7.0932852333252E-29,2.7000826143809E-08,0,2.8373140933301E-28,1.0800148373765E-07,5.3942496330471E-32,2.1019957512877E-11,-3.0065198383922E-20,4.5451836440359E-07,2.1019100870718E-20,-2.0930490791192E-20,-9.5520776935069E-07,-9.5429152509585E-07,1.4104289005234E-11,1.4103914405598E-11,-2.0908193205606E-20,2.1051512854877E-20,-1.4119365274419E-11,-1.4084354635062E-11,-9.5363223503271E-07,-9.558883540586E-07,-3.5277531083276E-07,2.7847671849614E-13,1.0800148373765E-13,1.776271878327E-05,0,0.003421141172599,100001124.0038,-7.0628065095357E-13,543.65784533047,0.003421141172599,206.06874387538,6.5559783701616E-05,543.65784533047,475.39226999298
148.427,-1.3140734809834E-08,-4.3389197200568E-09,3.1752408221135E-28,0.001801066994854,1.7333387924578,7.856604374925E-25,0.000332045084012,0,3.14264174997E-24,0.001328157944161,5.998071508456E-28,2.5849481497111E-07,-7.9115691811062E-21,-0.000261017010155,5.5311130955873E-21,-5.507786604492E-21,0.000546942926076,0.000549737416015,3.6856828211599E-12,3.6856370448245E-12,-5.5019170930204E-21,5.5396441490754E-21,-3.6897538149368E-12,-3.6803855140042E-12,0.000550979095186,0.000545495402214,0.000189323955748,4.120194726695E-09,1.3281579441611E-09,1.7669187520209E-05,0,0.004417229602787,100001124.00385,-7.0574123796609E-13,654.09993024002,0.004417229602787,247.42457865762,7.9644712929186E-05,654.09993024002,572.03648372283
149.427,-0.090312506665404,-0.029885325343654,9.3923290249206E-25,0.001797379607379,1.7335502456469,1.9920985894712E-21,0.82472119772478,0,7.9683943578847E-21,3.2988291708521,1.5251883054193E-24,0.000642039782924,-3.9560398095818E-22,-0.72451895703396,2.7167868463097E-22,-2.485473691569E-22,1.5189366184234,1.5250288753755,-8.3746614878789E-11,-8.3611060875037E-11,-2.4340680716141E-22,2.7700007758217E-22,8.3468699372909E-11,8.3894570362158E-11,1.5277177948384,1.5159745816554,0.52925383935165,1.1904686308528E-05,3.2988291708592E-06,1.7292937900752E-05,0,0.005412326828081,100001124.16669,-6.9985139717977E-13,764.65638795205,0.005412326828081,288.6608908008,0.00092600809322,764.65638795205,668.80317177282
150.427,-17.928711286204,-5.9694175099977,5.4444471169407E-22,0.001683052613336,1.7337416361926,1.0228047021018E-18,8.0012339518916,0,4.0912188084071E-18,32.00439400824,7.8526978475031E-22,0.006228906031677,1.0021287348218E-18,-14.935982568111,-7.0328460466707E-19,7.116537231429E-19,31.362556397622,31.385876529826,-5.8158636205341E-08,-5.8109079539494E-08,7.1346535614787E-19,-7.0168588640547E-19,5.8025868473035E-08,5.8246947327506E-08,31.394478604084,31.354356074736,11.298680760618,0.000119613229756,3.2004394008229E-05,1.5318556321735E-05,0,0.006406434819247,100001129.21537,-6.638170101188E-13,864.91999350539,0.006406434819247,325.91819388252,0.000114852734907,864.91999350539,756.58204783713
151.427,-68.566119542354,-22.840269175456,7.0128234214928E-20,0.00141300378342,1.7339058749232,1.2009122781754E-16,15.459498047505,0,4.8036491127016E-16,61.836920181398,9.2403469211405E-20,0.012035115753598,1.3710192493242E-16,-29.578287517873,-9.6192260268812E-17,9.7151615098638E-17,62.119824006982,62.143425606427,-8.9848112745159E-06,-8.9821478501513E-06,9.736565713385E-17,-9.5998124630497E-17,8.9709073930704E-06,8.9969431167842E-06,62.149898287093,62.113789955101,22.500209651023,0.000234065450415,6.183691088584E-05,1.3199465329156E-05,0,0.007399555541103,100001141.14077,-6.2486638193302E-13,950.3389650481,0.007399555541103,357.55560141257,-0.001137157454391,950.3389650481,831.38014161592
152.427,-152.55407722592,-50.827164865928,2.384790922181E-18,0.000949882325417,1.7340373665874,3.8205477502933E-15,24.740177275259,0,1.5282191001173E-14,98.95846115367,2.9458480747866E-18,0.019260068051888,5.2748745959171E-15,-41.130568766508,-3.700025904729E-15,3.73033905275E-15,86.386974986319,86.40936920819,-0.000380458876222,-0.000380534685149,3.7373777546348E-15,-3.6934420065828E-15,0.000380121677959,0.00038091012569,86.41319258698,86.383597592419,31.348790230813,0.000378003241356,9.8958437256466E-05,1.0453321739178E-05,0,0.00839169095267,100001161.5924,-5.7406554132927E-13,1017.0731631612,0.00839169095267,382.20669230516,-0.002679714459832,1017.0731631612,889.82669686782
153.427,-249.83463611211,-83.250930574005,2.3665121494559E-17,0.000268647115409,1.7341327085611,3.6322369134716E-14,34.054132138571,0,1.4528947653886E-13,136.20874094888,2.8065539343588E-17,0.026510933270304,6.3434908699174E-14,-48.94483878367,-4.4484928871449E-14,4.4772202393959E-14,102.80272171504,102.82267816506,-0.004887237769691,-0.004890087690192,4.4842653612764E-14,-4.4416812317386E-14,0.004885589283262,0.004892188271958,102.82372063138,102.80211519015,37.345982629246,0.00052367104125,0.000136208740949,7.3886357580328E-06,0,0.009382843007124,100001191.67654,-5.1586467624523E-13,1062.4896195632,0.009382843007124,398.95261605324,-0.000952982676672,1062.4896195632,929.60521636895
154.427,-76.968849808478,-25.843906408917,7.1318406330994E-17,0.00058195540939,1.7342011497725,1.0663367590949E-13,10.063245211979,0,4.2653470363794E-13,40.236083234121,8.25142615935E-17,0.007834179380926,2.8364093972469E-13,-51.452327648073,-1.9893578042352E-13,1.9984292560983E-13,108.07752180575,108.08267309065,-0.022649011245792,-0.022687190438756,2.0017184498824E-13,-1.986039482278E-13,0.022664719381039,0.022673288029737,108.09270632992,108.06700506319,39.615343734646,0.000157783063253,4.0238772184431E-05,4.5674717698319E-06,0,0.010373013651825,100001229.24074,-4.5118455854791E-13,1091.2397363714,0.010373013651825,409.54450560756,-0.000133315802979,1091.2397363714,954.78786419312
155.427,-398.39639121048,-140.36137221073,1.6484206491103E-16,0.001633222653914,1.7342369888061,2.4499087401882E-13,45.009249155328,0,9.7996349607527E-13,179.99785270356,1.8778483250179E-16,0.035039467277347,6.5967730326909E-13,-58.186041579946,-4.6024308007334E-13,4.6798496295304E-13,122.09896471884,122.8737526954,-0.052705743205975,-0.05279546651656,4.6562599436306E-13,-4.6190258330524E-13,0.052943943757626,0.052579692427004,121.79090160627,122.13508756135,44.424552703264,0.000660673893599,0.000179996130757,2.5948793089364E-05,0,0.011362204825972,100001275.66614,-4.2343218556915E-12,1100.1849649676,0.011362204825972,412.84903931462,0.000158355661491,1100.1849649676,962.62961206613
156.427,-118.89554422312,-39.430448246088,1.6682380541895E-17,0.002450542114744,1.7341295757573,2.6228357994773E-14,16.962332220103,0,1.0491343197909E-13,67.844307121402,2.0250315577758E-17,0.013205095841881,7.0057481490818E-13,-46.52874001765,-4.8771711289563E-13,4.9291252693822E-13,97.745875923842,97.717898808488,-0.055088086544395,-0.05500640855231,4.9119892798154E-13,-4.9053869003183E-13,0.055160368333856,0.054946199813594,97.774861658815,97.711411812793,35.723010744678,0.000256395180312,6.7844336180881E-05,3.5041666218107E-05,0,0.011506544915848,100001311.76526,-2.7564975380262E-12,1036.30644951,0.011506544915848,389.33616924446,-6.4636717821143E-07,1036.30644951,906.6665655656
157.427,-16.763194790353,-5.5813849332114,1.7746696028007E-20,0.002653061236546,1.7338785708498,3.1878694325379E-17,4.4259024941212,0,1.2751477730152E-16,17.703255672181,2.460727126866E-20,0.003445544803243,1.8892284888616E-13,-25.244543691337,-1.3150804599204E-13,1.3293662966725E-13,53.027741778276,53.029145421723,-0.014823620807595,-0.014798397735577,1.3245684230313E-13,-1.322827470947E-13,0.014840795638061,0.014784359403444,53.047563201375,53.008646063697,19.413489145137,6.5069082452317E-05,1.7703255672172E-05,3.0655437815979E-05,0,0.010517496579693,100001320.7086,-2.64843131955E-12,904.91360831243,0.010517496579693,340.77709919172,-0.000876071328348,904.91360831243,791.59738806255
158.427,-0.71455498566146,-0.23766138924678,1.9974613978327E-23,0.00269425962418,1.7336539101138,4.1020658036171E-20,0.47683575857143,0,1.6408263214469E-19,1.9073051973634,3.1652767042797E-23,0.000371214464509,4.9724280601458E-14,-9.9749859801148,-3.4612750255749E-14,3.498878562149E-14,20.953288888824,20.953688553937,-0.003901448432695,-0.003894806311873,3.4862482288558E-14,-3.4816669267097E-14,0.003905966171804,0.003891113939033,20.965323210706,20.94086591733,7.7022930934254,6.6803065820186E-06,1.9073051973626E-06,2.9563534987232E-05,0,0.009527469058339,100001322.52793,-2.607807647815E-12,789.8433654882,0.009527469058339,298.06660745789,-0.000306266571579,789.8433654882,690.84873402125
159.427,-0.00143833885981,-0.00047760043272,1.1063290510613E-26,0.002696447831479,1.733435167314,2.6370816272212E-23,0.003418007172972,0,1.0548326508885E-22,0.013671757473556,2.0327264367374E-26,2.6609030091424E-06,1.3085794407479E-14,-2.7951751848924,-9.1089368516206E-15,9.2078970329388E-15,5.8715613589399,5.8716266587903,-0.001026732653021,-0.001024984661702,9.1746581197292E-15,-9.1626016519976E-15,0.001027921570355,0.001024012953415,5.8754149312959,5.8673932988739,2.1630318654393,4.3099024978631E-08,1.3671757473556E-08,2.960808561585E-05,0,0.008536460411056,100001322.62456,-2.6008026387544E-12,679.04482674175,0.008536460411056,256.77716145005,7.5312279976876E-05,679.04482674175,593.86397604139
160.427,-1.4569826970141E-07,-4.8323743055319E-08,1.7294492400742E-30,0.002696455505131,1.7332160555768,4.9093982669077E-27,1.3126860992645E-06,0,1.9637593067631E-26,5.2506402370212E-06,3.7787454717287E-30,1.0219201465162E-09,3.443748653801E-15,-0.73616645794222,-2.3971711646227E-15,2.4232142141862E-15,1.5463963093863,1.5464129013313,-0.000270202104656,-0.000269742091102,2.4144668306349E-15,-2.4112939667016E-15,0.000270514988406,0.000269486369595,1.5474138751492,1.5452935724672,0.56971650216686,1.407473696597E-11,5.2506402370212E-12,2.9791383556387E-05,0,0.007544468691329,100001322.6249,-2.5979738230963E-12,568.92476495912,0.007544468691329,215.57882178376,6.8186683817285E-05,568.92476495912,497.49647122459
161.427,-1.3866794111055E-12,-4.5940714785935E-13,4.3789468668758E-35,0.002696455507066,1.7329962106253,1.536206583088E-31,4.7405017983861E-11,0,6.144826332352E-31,1.8961631044356E-10,1.1801093141434E-34,3.6904590474367E-14,9.0628084233671E-16,-0.19373482390423,-6.3085623275389E-16,6.3770990278569E-16,0.4069606998682,0.40696506601123,-7.1108264750143E-05,-7.0987204384376E-05,6.3540788050683E-16,-6.3457288755721E-16,7.1190605413192E-05,7.0919906934452E-05,0.40722849054585,0.40667049384754,0.14993068030376,4.1221095579228E-16,1.8961631044356E-16,2.9975441538391E-05,0,0.006551491946826,100001322.6249,-2.5952231674034E-12,459.27076588153,0.006551491946826,174.39304412077,5.4758265925631E-05,459.27076588153,401.55972549522
162.427,-7.2264444885204E-19,-2.3903798318885E-19,6.8716010296611E-41,0.002696455507066,1.7327756406469,3.1540700923905E-37,9.3681217938945E-17,0,1.2616280369562E-36,3.7471743844565E-16,2.4167368424435E-40,7.2930401237581E-20,2.3850316842362E-16,-0.050984603424283,-1.6602051296026E-16,1.6782417242765E-16,0.10709860764341,0.10709975666658,-1.871334541312E-05,-1.8681486325391E-05,1.67218356238E-16,-1.6699861368347E-16,1.8735014754475E-05,1.8663775860567E-05,0.10716908130056,0.10702223500732,0.039456800395981,6.2194216644131E-22,3.7471743844565E-22,3.015942524238E-05,0,0.005557528219389,100001322.6249,-2.5924613231861E-12,350.08001112424,0.005557528219389,133.21908214973,4.149794735419E-05,350.08001112424,306.05111179849
163.42699999999,-3.2392756725107E-27,-1.0686104143091E-27,9.023817985168E-49,0.002696455507066,1.7325543550097,5.9861859699763E-45,1.589936602008E-24,0,2.3944743879905E-44,6.3596202548311E-24,4.57529992848E-48,1.2377583983073E-27,6.2766152268471E-17,-0.013417462765727,-4.3691112637928E-17,4.416577620638E-17,0.028184814312812,0.028185116697381,-4.9247341048362E-06,-4.9163498457559E-06,4.4006345405469E-17,-4.394851642584E-17,4.9304367593615E-06,4.9116890366965E-06,0.028203360650549,0.028164715558401,0.010383725960603,7.2842321475571E-30,6.3596202548311E-30,3.0343334793138E-05,0,0.004562575545014,100001322.6249,-2.5896532476327E-12,241.35043962225,0.004562575545014,92.056466041591,2.8405728411604E-05,241.35043962225,210.96883784278
164.42699999999,-5.9236895725375E-40,-1.9427195308622E-40,4.2501325228438E-61,0.002696455507066,1.7323323629553,5.0722320916857E-57,1.0956783992239E-36,0,2.0288928366743E-56,4.3826266665367E-36,3.9241191004598E-60,8.5298063892034E-40,1.6517977084445E-17,-0.003531032801638,-1.1498057014178E-17,1.1622972779758E-17,0.007417311721667,0.007417391299198,-1.2960272718705E-06,-1.2938208119454E-06,1.1581015861614E-17,-1.1565797184959E-17,1.2975280220826E-06,1.2925942410279E-06,0.00742219250489,0.007412022393584,0.002732653528488,2.7746817747882E-42,4.3826266665367E-42,3.0527170580721E-05,0,0.00356663195383,100001322.6249,-2.5869235103051E-12,133.08001239719,0.00356663195383,50.904730509651,1.5478353349044E-05,133.08001239719,116.31196981857
165.42699999999,-5.0091796980224E-70,-1.607442935292E-70,1.00039482561E-90,0.002696455507066,1.7321096736013,5.5805877199746E-86,3.3713929017348E-66,0,2.2322350879899E-85,1.3485304294295E-65,1.0525799844041E-88,2.6246139714934E-69,4.3469857096738E-18,-0.000929251145611,-3.0259086372296E-18,3.0587823387894E-18,0.001951991330004,0.001952012272156,-3.4107154897614E-07,-3.4049088163815E-07,3.0477406644701E-18,-3.0437356116293E-18,3.4146649683581E-07,3.4016808870748E-07,0.001953275790861,0.001950599353616,0.000719144104446,1.7575283787761E-72,1.3485304294295E-71,3.0710932993262E-05,0,0.002569695470076,100001322.6249,-2.5841989322685E-12,25.266711989428,0.002569695470076,9.7634146490483,2.7126595977672E-06,25.266711989428,22.097999283264
166.42699999999,-2.3449224551638E-56,-8.2727710072224E-57,1.741164604737E-76,0.002696455507066,1.7318859353927,3.3476519601832E-72,6.831694876114E-52,2.239287477255,-1.3390607840733E-71,-2.7326237275965E-51,2.6805605127709E-75,5.3184433575777E-55,1.1430281873691E-18,-0.000244344080744,-7.9565458981645E-19,8.0429839933521E-19,0.000513270848922,0.000513276361522,-8.9683847220494E-08,-8.9531180631102E-08,8.0139506234553E-19,-8.003420833082E-19,8.9787713413744E-08,8.9446288301953E-08,0.00051360860259,0.000512904830382,0.000189097001337,1.0694211632294E-57,-2.7326237275965E-57,2.814831425042,33.499293016098,0.001571764112074,100001322.6249,-2.5794533963399E-12,-81.873662611342,0.001571764112074,-31.326172374823,-1.9242704057773E-05,-81.873662611342,71.562145591987
167.42699999999,-3.3242839951105E-37,-1.1270408679439E-37,2.2961566670425E-56,0.002696455507066,1.731660164725,1.9411066455331E-52,3.5211247900641E-32,3.4011040871491,-7.7644265821323E-52,-1.408421972696E-31,1.5652899930043E-55,2.7411796108786E-35,3.0080724599907E-19,-6.4303287369321E-05,-2.093899945537E-19,2.1166475957747E-19,0.000135075925704,0.000135077376436,-2.3601824863981E-08,-2.3561648062648E-08,2.1090069722738E-19,-2.1062358793725E-19,2.3629159013518E-08,2.3539307207075E-08,0.000135164811308,0.000134979601718,4.9764081784112E-05,1.2559159304304E-37,-1.408421972696E-37,2.8181067818337,33.453090889906,0.000572835892206,100001322.6249,-2.5740717061631E-12,-187.7440197224,0.000572835892206,-72.248978077731,-4.3646116615378E-05,-187.7440197224,164.02654002786
168.42699999999,-1.0387439174035E-27,-3.4963999194605E-28,5.2208936658872E-46,0.002696455507066,1.7314323285356,2.8268542225553E-42,4.1457125845471E-22,4.2570831288483,-1.1307416890221E-41,-1.6582521349911E-21,2.252876704751E-45,3.2274183617078E-25,7.9162526563593E-20,-1.6922500246039E-05,-5.5104526989927E-20,5.5703169972759E-20,3.5547519877902E-05,3.5547901662239E-05,-6.2112203498643E-09,-6.2006471434291E-09,5.5502094011927E-20,-5.5429168002999E-20,6.2184137946949E-09,6.1947677685462E-09,3.5570911631703E-05,3.5522170587315E-05,1.309626180383E-05,2.3003259102533E-27,-1.6582521349911E-27,2.8210727382834,33.40526156331,-0.000427091183105,100001322.6249,-2.5686644135948E-12,-292.32253371193,-0.000427091183105,-112.99959738511,-6.759063531632E-05,-292.32253371193,255.32393539147
169.42699999999,-1.6644456802689E-21,-5.5856207534709E-22,5.3108342038744E-39,0.002696455507066,1.7312024491373,2.1168296134278E-35,2.5151607001667E-15,4.967915127969,-8.4673184537112E-35,-1.0060443210269E-14,1.6762829423037E-38,1.9580411468778E-18,2.0832960958497E-20,-4.4534428361071E-06,-1.4501690499853E-20,1.4659233550299E-20,9.3549325123861E-06,9.3550329852881E-06,-1.6345879378778E-09,-1.6318054193444E-09,1.4606317002298E-20,-1.4587125286366E-20,1.6364810148313E-09,1.6302581621725E-09,9.3610884490293E-06,9.3482614166524E-06,3.4465033218306E-06,1.8882065494858E-20,-1.0060443210269E-20,2.8237146044515,33.356080746111,-0.001428019113423,100001322.6249,-2.5634517915647E-12,-395.62099287268,-0.001428019113423,-153.57905773886,-9.1087066388273E-05,-395.62099287268,345.46293576797
170.42699999999,-5.5867815147211E-17,-1.8717276623101E-17,1.0508503779539E-33,0.002696455507065,1.7309705484823,3.3167174761546E-30,3.2021685659907E-10,5.5892563902565,-1.3266869904618E-29,-1.2808420158611E-09,2.6164479613036E-33,2.4928736401703E-13,5.482546868443E-21,-1.1717695765619E-06,-3.8163657098102E-21,3.8578258346058E-21,2.4614267641766E-06,2.4614531797368E-06,-4.3016952806352E-10,-4.2943726113599E-10,3.8438999478533E-21,-3.8388493223636E-21,4.3066772335599E-10,4.2903007418102E-10,2.463050062424E-06,2.4596696638738E-06,9.0684039230299E-07,3.0235617327079E-15,-1.2808420158611E-15,2.8260167309606,33.305891438027,-0.002429949904325,100001322.6249,-2.5582274174555E-12,-497.65106189193,-0.002429949904325,-193.98837132014,-0.000114145939223,-497.65106189193,434.45455403171
171.42699999999,1.6036135056667E-12,5.4027242472715E-13,1.8914816593203E-29,0.002696455491946,1.7307366481741,4.9447869569999E-26,3.8863102890332E-06,6.1482988379756,-1.9779147828E-25,-1.55449327633E-05,3.8910131958959E-29,3.0254748543607E-09,1.4427861408734E-21,2.7601053882619E-06,-1.0043135873712E-21,1.0152252485792E-21,-5.801259301832E-06,-5.8027615954575E-06,-1.1320629828233E-10,-1.1301358792876E-10,1.0115599577755E-21,-1.0102309623813E-21,1.1333740604573E-10,1.1290643058526E-10,-5.7664905761087E-06,-5.8208168546327E-06,-1.9876279416461E-06,4.4123241016816E-11,-1.55449327633E-11,2.8279626051327,33.255093898252,-0.00343288556742,100001322.6249,-2.5531196803125E-12,-598.42428260842,-0.00343288556742,-234.2285348572,-0.000136772340111,-598.42428260842,522.31002228661
172.42699999999,1.2069898949152E-05,4.0572225669018E-06,6.7790570605463E-26,0.002696413440803,1.7305007782122,1.5133952805193E-22,0.009678947593503,6.6607296896209,-6.0535811220773E-22,-0.038715022317415,1.18878069226E-25,7.5350166046211E-06,2.4991628588646E-22,0.008346881456444,-1.7219365751663E-22,1.7712678073834E-22,-0.017538741548376,-0.01754478738998,-2.9538383755272E-11,-2.9483726452302E-11,1.7486101419241E-22,-1.7499001610542E-22,2.9571256592367E-11,2.9457206364233E-11,-0.01746221232976,-0.017587547482831,-0.006088076674823,1.2815279287382E-07,-3.8715022317417E-08,-2.7951061507093,33.205953492643,-0.004436828120376,100001322.62676,-2.5478971478117E-12,-697.94843467255,-0.004436828120376,-274.29906371936,-0.00014544710608,-697.94843467255,609.03738419696
173.42699999999,1.7324106728653,0.57936404277525,7.039032488257E-23,0.002675730522453,1.7302673161919,1.375027237917E-19,3.1393605936343,7.1284290215847,-5.5001089516681E-19,-12.557193146794,1.0782741281306E-22,0.002443977940528,-1.2942863791365E-19,3.6913873579445,9.1681969115772E-20,-8.9948838388037E-20,-7.7529185815134,-7.7561135580544,1.7525134550264E-10,1.7771018328351E-10,-9.1047979695132E-20,9.0625223818856E-20,-1.7626809200224E-10,-1.7667115925749E-10,-7.739304908039,-7.7679336262494,-2.7390454613376,4.6182558309233E-05,-1.2557193146809E-05,-2.724512529808,33.619417410474,-0.005441779586917,100001323.54009,-2.5048062294685E-12,-794.48023518437,-0.005441779586917,-313.48835952786,0.003560773343193,-794.48023518437,693.12232572238
174.42699999999,22.867128602733,7.6286209470687,1.7409739715123E-20,0.002534796471741,1.730057978741,3.0600646977985E-17,8.6821097676182,7.5223833861931,-1.2240258791194E-16,-34.727746806658,2.3958225706305E-20,0.006758983531229,-3.2814531513727E-17,17.590132397508,2.3196822383105E-17,-2.2842290315386E-17,-36.947343296378,-36.952037074647,3.4678994611231E-08,3.5063016133846E-08,-2.3069291227616E-17,2.2976554558323E-17,-3.4842543952389E-08,-3.4897682087185E-08,-36.933622922289,-36.965164694916,-13.341802550759,0.00012999771249,-3.4727746806652E-05,-8.336284347752,34.225618878638,-0.006447741996916,100001329.76369,-2.4346346374786E-12,-879.82391185586,-0.006447741996916,-348.41146959459,0.004152911360434,-879.82391185586,767.42811696693
175.42699999999,69.209807925408,23.08159309098,1.3446777786517E-18,0.002258541894698,1.7298770854135,2.1749916641059E-15,15.331773764281,7.8483521362574,-8.6999666564236E-15,-61.325858777209,1.7006138951165E-18,0.011935719206365,-2.668565792924E-15,30.13960377665,1.8831714755402E-15,-1.8600215011856E-15,-63.308518843813,-63.313246346861,2.1862823797265E-06,2.2062288692353E-06,-1.8750098597031E-15,1.8685149659042E-15,-2.1948825114521E-06,-2.1975948846777E-06,-63.296861980274,-63.324373443898,-22.94156515787,0.000232098399,-6.1325858777162E-05,-8.469504141247,34.863412076781,-0.007454717386374,100001341.96306,-2.3451222427127E-12,-953.10844768658,-0.007454717386374,-378.61025073896,0.007518016420928,-953.10844768658,831.21324263829
176.42699999999,141.33049498667,47.126871842217,3.5853973203102E-17,0.00181303200704,1.7297330845377,5.4484258809434E-14,23.420880383269,8.1027866250743,-2.1793703523773E-13,-93.68154454545,4.2549220002695E-17,0.018233058693367,-7.8468731351271E-14,40.28420979038,5.528279097901E-14,-5.4758306399689E-14,-84.618256736281,-84.622611328147,5.2163021600555E-05,5.2540250791854E-05,-5.5102803265577E-14,5.4943364129063E-14,-5.2327359385483E-05,-5.2376174430248E-05,-84.609286249289,-84.631169782025,-30.70934069817,0.000357492348208,-9.3681529259473E-05,-2.859354838599,35.619376676352,-0.008462707797441,100001361.63682,-2.2255275762757E-12,-1011.9162248665,-0.008462707797441,-402.99059707277,0.010502502207919,-1011.9162248665,882.38222516342
177.42699999999,228.22915080185,76.094559804244,3.5579465652285E-16,0.001174456909774,1.7296323160258,5.1777581148686E-13,31.979996713258,8.2842354600508,-2.0711032459475E-12,-127.91678173289,4.039141444535E-16,0.024896305631993,-9.0306978274523E-13,47.637457270746,6.3523671602893E-13,-6.3086043898974E-13,-100.06466929139,-100.06829750387,0.000513477379726,0.000516255225933,-6.3379243407723E-13,6.3232427491909E-13,-0.000514694068031,-0.000515045340808,-100.05859779447,-100.07412301443,-36.346609591632,0.000491126039924,-0.000127916768936,-6.987737294418,36.571676551106,-0.009471715278458,100001389.83656,-2.0717948264803E-12,-1054.6766314991,-0.009471715278458,-420.80424533581,0.012959586224745,-1054.6766314991,919.57920797191
178.42699999999,283.60999842008,94.527964311327,1.502727653007E-15,0.000354750966278,1.7295731329361,2.1276611612359E-12,36.337501000896,8.401498808708,-8.5106446449437E-12,-145.34488036548,1.6582334389282E-15,0.028288621300711,-4.6185369522458E-12,52.06183448849,3.2444711355694E-12,-3.2291311348984E-12,-109.35867399673,-109.36188497995,0.002362361028228,0.00237136348173,-3.2396988806501E-12,3.2338723430603E-12,-0.002366256974553,-0.00236749899947,-109.35706551852,-109.36305010765,-39.775533184136,0.000561568200137,-0.000145345354365,-6.8004719638349,37.724336088104,-0.010481741883981,100001426.0356,-1.8738151574545E-12,-1082.6889618605,-0.010481741883981,-432.51174203683,0.009619763831367,-1082.6889618605,943.93896986241
179.42699999999,289.98458797109,95.683990982292,3.2073827300441E-15,0.000619813167067,1.7295503501387,4.4767999225055E-12,33.608063534928,8.4660819424371,-1.7907199690022E-11,-134.42528881468,3.4686956665214E-15,0.0261637798684,-1.235669013327E-11,55.456126791847,8.6607539679286E-12,-8.6520542441704E-12,-116.65095052457,-116.41334857105,0.005871512030391,0.005875341005628,-8.6591707372467E-12,8.6520793000387E-12,-0.005872014327079,-0.005877027574599,-116.84414503037,-116.05206716569,-42.463362238989,0.000511751404348,-0.000134425332543,-21.658506183102,55.707212319813,-0.011492789676034,100001469.06869,-1.7557527692581E-12,-1098.287353071,-0.011492789676034,-439.03808118938,0.000128973784181,-1098.287353071,957.501736644
180.42699999999,137.61049649981,46.007818741315,4.4671823496553E-16,0.001468864707894,1.7297032911417,6.5758651001033E-13,19.432664133735,8.2367122605393,-2.6303460400413E-12,-77.728206987119,5.1150370121945E-16,0.015128281772783,-1.4296204968112E-11,47.378294691393,1.0065746151171E-11,-1.0020634986281E-11,-99.543759458768,-99.509471277542,0.00671202675392,0.006744162849277,-1.0086395628872E-11,1.0010113421763E-11,-0.006720188925707,-0.006737614218165,-99.509347392418,-99.525252378859,-36.347240258193,0.000294439965148,-7.7728245851361E-05,-3.640830292987,-2.5436993591042,-0.011640488205932,100001506.56787,-1.7856498994704E-12,-1042.6641626566,-0.011640488205932,-415.96614857948,-0.000144012622185,-1042.6641626566,909.10070983652
181.42699999999,26.725525587662,8.9100548462781,8.0629539622907E-19,0.001720407724866,1.7299961203347,1.3422827117304E-15,6.295776389412,7.7347529952137,-5.3691308469215E-15,-25.182530395568,1.042085579435E-18,0.004901247525937,-3.8933012468788E-12,28.332957435724,2.7409042041616E-12,-2.7290993750384E-12,-59.504992309189,-59.526331490485,0.001847818569249,0.001856759244241,-2.7466145034114E-12,2.7260650087791E-12,-0.001850329279335,-0.001854677463087,-59.51190083274,-59.519474839702,-21.761905114121,9.3251887604465E-05,-2.5182530395557E-05,-8.9747129854719,-3.6251003500967,-0.010629291149359,100001517.6762,-1.5834865371477E-12,-926.61183673345,-0.010629291149359,-367.82711241864,-0.006152007698208,-926.61183673345,808.12496771434
182.42699999999,2.5994983708904,0.86671954728586,1.636975695803E-21,0.00179178907521,1.7302462689631,3.0787931541364E-18,1.300933330739,7.2683156188711,-1.2315172616546E-17,-5.2036146259154,2.3894877510931E-21,0.001012773679285,-1.024878083948E-12,13.337137368557,7.2151879014636E-13,-7.1841228073931E-13,-28.007959164843,-28.023468419967,0.000486554165583,0.000488908474659,-7.2302214065629E-13,7.1761316263361E-13,-0.00048721592568,-0.000488359612956,-28.01336854127,-28.018156158214,-10.27715014542,1.86347182743E-05,-5.2036146259121E-06,-8.7996198809125,-3.6679059112011,-0.009619115579416,100001520.82845,-1.5384179174342E-12,-823.73658619747,-0.009619115579416,-325.5719897304,-0.001471831259704,-823.73658619747,718.57661007603
183.42699999999,0.029895606389114,0.009969832933611,2.0871075336033E-24,0.001800712815436,1.730480613728,4.4798654120456E-21,0.046892822034272,6.7959943306693,-1.7919461648182E-20,-0.18756700842495,3.4755218871849E-24,3.6505957031015E-05,-2.6971425757962E-13,4.2555083840677,1.8988005089082E-13,-1.890625219308E-13,-8.9356651612653,-8.9423800181398,0.000128045598481,0.000128665178199,-1.9027568386915E-13,1.8885221940928E-13,-0.000128219754726,-0.000128520733101,-8.9380618158536,-8.9400540450631,-3.2914381396847,6.252159070105E-07,-1.8756700842494E-07,-8.7501830306395,-3.6910309187678,-0.008609959434422,100001521.22253,-1.530152458914E-12,-724.74255410799,-0.008609959434422,-285.2695422789,-0.000249699632678,-724.74255410799,632.36361638714
184.42699999999,1.8358155992802E-05,6.1232854808508E-06,1.0203351525933E-27,0.001800866389653,1.7307110514795,2.5489656782543E-24,0.000108273973766,6.2924138168846,-1.0195862713017E-23,-0.00043308601331,1.9765133710179E-27,8.4291046325417E-08,-7.0979773112309E-14,1.1318016187212,4.9970079631458E-14,-4.9754933351865E-14,-2.3765142408153,-2.378357324759,3.3697320573045E-05,3.3860373241686E-05,-5.0074197001373E-14,4.9699588760285E-14,-3.3743152678519E-05,-3.3822360116402E-05,-2.3771733277561,-2.3777192264496,-0.87589140662709,1.2722632736042E-09,-4.3308601331023E-10,-8.741295976472,-3.7098190047041,-0.007601820658937,100001521.22931,-1.5332586623709E-12,-625.23570518983,-0.007601820658937,-245.09824675447,-0.000143701457025,-625.23570518983,545.66384043363
185.42699999999,1.2506880842722E-09,4.1721078618055E-10,1.2520602562139E-31,0.001800866607971,1.730939448218,3.7437948605029E-28,2.8028241154361E-08,5.745126457093,-1.4975179442012E-27,-1.1211040659024E-07,2.9010558015536E-31,2.1819923028001E-11,-1.8679502458266E-14,0.2978685981332,1.3150453775207E-14,-1.3093834469915E-14,-0.62545315888835,-0.62593833999734,8.8680078131661E-06,8.9109178224805E-06,-1.3177853984772E-14,1.307926962451E-14,-8.8800692906512E-06,-8.900914039001E-06,-0.62562666266493,-0.62577036612129,-0.23051915585172,2.7806517903896E-13,-1.1211040659024E-13,-8.733847519188,-3.7281252428188,-0.006594697203731,100001521.22932,-1.5367806387957E-12,-524.4905308916,-0.006594697203731,-204.76307649645,-0.000120690137224,-524.4905308916,457.84532381636
186.42699999999,9.4399513242647E-15,3.1494443020322E-15,2.1005090827698E-36,0.001800866608011,1.7311658160002,7.8288152832786E-33,8.0387544625558E-13,5.1401059771762,-3.1315261133114E-32,-3.2154284185743E-12,6.0608938160507E-36,6.258152362915E-16,-4.9158203356046E-15,0.078389056091507,3.4607596338891E-15,-3.4458593263504E-15,-0.16459836000665,-0.16472604348239,2.3337630775847E-06,2.3450555569687E-06,-3.4679704526489E-15,3.4420263461873E-15,-2.3369372551087E-06,-2.3424228956677E-06,-0.16464402041097,-0.16468183836471,-0.060664934985434,6.4370072343084E-18,-3.2154284185743E-18,-8.7264794848863,-3.7460685009394,-0.005588587025756,100001521.22932,-1.5403275724458E-12,-422.48273048794,-0.005588587025756,-164.25777341307,-9.7546311169748E-05,-422.48273048794,368.88566264249
187.42699999999,3.1497877435337E-21,1.051073771017E-21,1.5737163946209E-42,0.001800866608011,1.7313901329908,7.7944393057338E-39,1.0192266208267E-18,4.4538862367488,-3.1177757222935E-38,-4.0768134628219E-18,6.0262513257822E-42,7.934656438222E-22,-1.2936795091804E-15,0.020629377945314,9.1075619505518E-16,-9.0683493244688E-16,-0.043316783579625,-0.043350385600979,6.1416839238809E-07,6.1714019530018E-07,-9.1265384138749E-16,9.0582622026887E-16,-6.1500372976416E-07,-6.164473668778E-07,-0.043328799871231,-0.043338752292147,-0.015964982029919,6.1705858349167E-24,-4.0768134628219E-24,-8.7191877488741,-3.7636617810465,-0.004583488088123,100001521.22932,-1.5439613282252E-12,-319.20064931005,-0.004583488088123,-123.5813261183,-7.3963579232636E-05,-319.20064931005,278.77341026556
188.42699999999,4.4728553282727E-30,1.4931482965291E-30,4.5577597016826E-51,0.001800866608011,1.7316123769497,3.3701401756807E-47,5.4997178967828E-27,3.6408398187114,-1.3480560702723E-46,-2.1998369653254E-26,2.6009304542825E-50,4.2815180767722E-30,-3.4045318140526E-16,0.005428962353019,2.3968057148749E-16,-2.3864862631433E-16,-0.011399528765677,-0.011408371694118,1.6162858082362E-07,1.6241065996213E-07,-2.4017996853552E-16,2.3838316700727E-16,-1.6184841368633E-07,-1.6222833068845E-07,-0.011402691051822,-0.011405310196231,-0.004201449342623,2.2398254135829E-32,-2.1998369653254E-32,-8.7119709424997,-3.7809172523203,-0.003579398360081,100001521.22932,-1.5474739003327E-12,-214.63252843763,-0.003579398360081,-82.732715822823,-4.9931324534689E-05,-214.63252843763,187.49710737189
189.42699999999,2.0528360671028E-44,6.8604797915998E-45,3.2363528523152E-65,0.001800866608011,1.7318325252719,4.7334993677948E-61,9.591166606941E-41,2.5838959173553,-1.8933997471179E-60,-3.8363791096384E-40,3.6629953293468E-64,7.4667017408175E-44,-8.9595891336638E-17,0.001428721326868,6.307591061194E-17,-6.280433715543E-17,-0.002999974728978,-0.003002301892055,4.2535237017781E-08,4.2741054091452E-08,-6.3207335212686E-17,6.2734477144578E-17,-4.2593089675776E-08,-4.2693071123424E-08,-0.00300080693695,-0.003001496208183,-0.001105680955077,1.9819017594346E-46,-3.8363791096384E-46,-8.7048277092885,-3.797846458727,-0.002576315816988,100001521.22932,-1.5511672985111E-12,-108.76648417373,-0.002576315816988,-41.710908368131,-2.5438688020577E-05,-108.76648417373,95.045686535138
190.42699999999,5.870943320105E-93,2.7049024171221E-93,2.2128242816695E-114,0.001800866608011,1.7320505549787,1.1270297245689E-108,1.4111913169122E-88,0.31305265242835,-4.5081188982754E-108,-5.6446365290897E-88,2.9238415526194E-110,1.0986092720092E-91,-2.3560588840087E-17,0.000375703811432,1.6586758277577E-17,-1.651535448175E-17,-0.000788888544442,-0.000789500577798,1.1185283693132E-08,1.1239399389274E-08,-1.6621328570008E-17,1.649697547567E-17,-1.1200491100426E-08,-1.1226787611197E-08,-0.000789107332091,-0.000789288768908,-0.000290767923386,8.4321322180558E-96,-5.6446365290897E-94,-15.080916388291,-1.3873793590224,-0.001574238440289,100001521.22932,-1.5547190383568E-12,-1.5905058806617,-0.001574238440289,-0.51485387392877,-4.7451560403547E-07,-1.5905058806617,1.5671087324109
191.42699999999,2.2226735906757E-50,7.3802351095102E-51,4.5506174706809E-70,0.001800866608011,1.7322670722951,6.8080727646761E-66,1.4989035199795E-45,0,2.7232291058704E-65,5.9954772761319E-45,5.5634987060497E-69,1.1668930375557E-48,-6.1977794789847E-18,9.8831544006691E-05,4.3632640410805E-18,-4.3444807677999E-18,-0.000207522709441,-0.000207683709146,2.9423679608016E-09,2.9566034772973E-09,-4.3723580008903E-18,4.3396460403594E-18,-2.9463683768521E-09,-2.9532858598365E-09,-0.00020758026308,-0.000207627991319,-7.6485283668695E-05,3.0344867399128E-51,5.9954772761319E-51,4.0072481956884E-06,0,-0.000573164217492,100001521.22932,-1.5578538795576E-12,106.52934678238,-0.000573164217492,40.784333960195,1.2547556228268E-05,106.52934678238,93.10005839144
192.42699999999,1.625075014512E-34,5.4088457990288E-35,2.0652071848822E-53,0.001800866608011,1.7324828767449,1.5392064218485E-49,4.1686694693407E-29,0,6.1568256873939E-49,1.6674297411761E-28,1.2200003418814E-52,3.2452998562795E-32,-1.6310482822793E-18,2.6009157092638E-05,1.1482651719472E-18,-1.1433220426202E-18,-5.4613036802671E-05,-5.4655406541592E-05,7.743328436621E-10,7.7807915551608E-10,-1.1506583980224E-18,1.142049704064E-18,-7.7538561938797E-10,-7.772060695363E-10,-5.4628182996004E-05,-5.4640743472574E-05,-2.0128368712719E-05,1.7017757079081E-34,1.6674297411761E-34,4.0178734249947E-06,0,0.000426908857858,100001521.22932,-1.5611736175522E-12,215.11011849679,0.000426908857858,82.094041533208,2.55556668134E-05,215.11011849679,188.02397437292
193.42699999999,8.224600377193E-26,2.7391662560653E-26,5.2572116858196E-44,0.001800866608011,1.7326979603466,2.6076651291659E-40,8.0185303407762E-20,0,1.0430660516664E-39,3.2073389532307E-19,2.0523285487078E-43,6.2424079316033E-23,-4.2923735962966E-19,6.8447403050155E-06,3.0218499102806E-19,-3.0088412471052E-19,-1.4372324825749E-05,-1.438347512428E-05,2.0377850790983E-10,2.0476441189944E-10,-3.0281480808979E-19,3.0054928775819E-19,-2.0405556327482E-10,-2.0453464486418E-10,-1.437631079737E-05,-1.4379616294822E-05,-5.2971134785894E-06,4.9315424900821E-25,3.2073389532307E-25,4.0285325324278E-06,0,0.001425982786202,100001521.22932,-1.5645382734839E-12,324.15309557737,0.001425982786202,123.41458852983,3.8729521440276E-05,324.15309557737,283.37543664874
194.42699999999,6.9563080296369E-20,2.3174295260403E-20,2.0166326412654E-37,0.001800866608011,1.7329123137269,7.4945890201515E-34,2.5772744004642E-13,0,2.9978356080606E-33,1.0308862381125E-12,5.8802001240318E-37,2.0064023548928E-16,-1.1296091777514E-19,1.8013065671247E-06,7.9524983456371E-20,-7.918263894864E-20,-3.7823148768935E-06,-3.7852492650857E-06,5.3627688178066E-11,5.3887145135898E-11,-7.9690730242836E-20,7.9094521062012E-20,-5.3700599885072E-11,-5.3826678135265E-11,-3.7833638522843E-06,-3.7842337491158E-06,-1.3940229924098E-06,2.1203699473675E-18,1.0308862381125E-18,4.0392259447206E-06,0,0.002424059561991,100001521.22932,-1.5679688077969E-12,433.66033451685,0.002424059561991,164.74644426144,5.2072369877218E-05,433.66033451685,379.15581665232
195.42699999999,1.8349524959614E-15,6.1141571997594E-16,2.3704920359209E-32,0.001800866607917,1.7331259273837,7.042905575224E-29,2.6940194792989E-08,0,2.8171622300896E-28,1.0775832041775E-07,5.5161976267901E-32,2.0972881375173E-11,-2.972753567778E-20,4.5466928056657E-07,2.0928316000754E-20,-2.0838222376082E-20,-9.5457306353927E-07,-9.5556769300134E-07,1.4113012205125E-11,1.4181292609517E-11,-2.0971935011757E-20,2.0815032695364E-20,-1.4132200137482E-11,-1.4165379707506E-11,-9.5493537212406E-07,-9.5520256596693E-07,-3.5288895687738E-07,2.7783809965455E-13,1.0775832041775E-13,4.0499541026921E-06,0,0.00342114117371,100001521.22932,-1.5713057721404E-12,543.63391391626,0.00342114117371,206.09008254801,6.5587601922839E-05,543.63391391626,475.36705066487
196.42699999999,-1.2979899562381E-08,-4.322774034641E-09,3.1557525254953E-28,0.001800865324798,1.733338791455,7.8092742640535E-25,0.000331416709106,0,3.1237097056214E-24,0.001325636588995,6.1096488573455E-28,2.580071665809E-07,-7.8226723000431E-21,-0.000260517223168,5.5071985457895E-21,-5.4834906562049E-21,0.000548434888825,0.000545980508402,3.6880864175395E-12,3.7061721754592E-12,-5.5186795473455E-21,5.4773857293592E-21,-3.6932455652874E-12,-3.7018751295221E-12,0.000547475089194,0.000547059681595,0.000188960769236,4.1122270182459E-09,1.3256365889946E-09,4.0606782907856E-06,0,0.004417229603903,100001521.22938,-1.5746662489786E-12,654.07581164311,0.004417229603903,247.44593591117,7.967190333405E-05,654.07581164311,572.01107595355
197.42699999999,-0.089452252922121,-0.029798668532711,9.3426030510626E-25,0.001797183581493,1.7335502459132,1.9817465847176E-21,0.8235383662303,0,7.9269863388704E-21,3.2940782990781,1.5492134446227E-24,0.000641122776416,-3.4531901013389E-22,-0.72343085343453,2.5037767973351E-22,-2.4846531166239E-22,1.5221582881507,1.5169834336161,-8.3413101608281E-11,-8.3102508391564E-11,-2.5794735628812E-22,2.4179018935552E-22,8.3114039287728E-11,8.3399213946995E-11,1.5201053622559,1.5192534778408,0.5284554747323,1.1887263945401E-05,3.2940782990851E-06,3.9818801116137E-06,0,0.005412326829191,100001521.39196,-1.5672605265987E-12,764.63262624991,0.005412326829191,288.68246891605,0.000925121170576,764.63262624991,668.77805052175
198.42699999999,-17.901507845186,-5.9668918945925,5.4219934485381E-22,0.00168289365955,1.7337416431541,1.0186645491007E-18,7.999819697404,0,4.0746581964028E-18,31.998546444895,7.9574637016694E-22,0.006227842148355,1.0157129453775E-18,-14.932426437658,-7.110748851659E-19,7.0870581798246E-19,31.375052513709,31.358312434173,-5.7963677252996E-08,-5.7819681571864E-08,7.0879809001802E-19,-7.1119576914075E-19,5.7813178685627E-08,5.7968239083778E-08,31.367723779119,31.365995888831,11.295934565999,0.000119591095182,3.1998546444885E-05,3.383115459559E-06,0,0.006406434820282,100001526.43904,-1.4929226651238E-12,864.89966702567,0.006406434820282,325.94112599746,0.000115135277706,864.89966702567,756.55991627336
199.42699999999,-68.505169278156,-22.835079697278,6.9908444046135E-20,0.001412883551966,1.7339058887108,1.197217338342E-16,15.457669574812,0,4.7888693533681E-16,61.829238102816,9.3470137950382E-20,0.012033763994104,1.3871421440574E-16,-29.575316160954,-9.7141940146408E-17,9.6840496906054E-17,62.13249655123,62.117993146915,-8.9583787351669E-06,-8.9438732885171E-06,9.6875724945029E-17,-9.7126807475792E-17,8.9415218192186E-06,8.960401860486E-06,62.125510158074,62.125371202969,22.497880588226,0.000234036073482,6.1829228809889E-05,2.7427159889137E-06,0,0.007399555542053,100001538.3628,-1.4050213487553E-12,950.32229446125,0.007399555542053,357.57994902485,-0.001136716070049,950.32229446125,831.36119613037
200.42699999999,-152.45468633668,-50.819834124546,2.3798891398809E-18,0.00094981008461,1.7340373886391,3.8128332962157E-15,24.738110076731,0,1.5251333184863E-14,98.949604603679,2.9752196664092E-18,0.019258573487917,5.3288531156762E-15,-41.128422358457,-3.7328368569627E-15,3.7221106752817E-15,86.399007015045,86.387913535976,-0.000379456450127,-0.00037914568328,3.7241918962858E-15,-3.7312284929583E-15,0.000378997608546,0.000379590861669,86.392833537841,86.394510499605,31.347068578684,0.000377969169171,9.8949580709316E-05,1.9263446161454E-06,0,0.008391690953502,100001558.81243,-1.2768663015735E-12,1017.0611078778,0.008391690953502,382.23278867881,-0.002679424734665,1017.0611078778,889.81178416601
201.42699999999,-249.71694581825,-83.244717950218,2.3644635777081E-17,0.000268624428874,1.7341327388582,3.6291397257147E-14,34.052743713961,0,1.4516558902859E-13,136.202390353,2.8303692786717E-17,0.026510010322558,6.3994897338855E-14,-48.943592522511,-4.483817214894E-14,4.4721610061846E-14,102.81335133243,102.80630868229,-0.004875334998701,-0.004874819791757,4.475361505302E-14,-4.4808805352714E-14,0.004872419372238,0.004877578701813,102.8083461189,102.8117650275,37.344930083576,0.000523646389215,0.000136202390353,1.065203982786E-06,0,0.009382843007813,100001588.89459,-1.1094505570735E-12,1062.4823043642,0.009382843007813,398.98048232749,-0.000956910373119,1062.4823043642,929.59445492257
202.42699999999,-77.967831460916,-26.10621190521,7.1382868504087E-17,0.000581926001395,1.7342011883169,1.0673005811698E-13,10.165587352025,0,4.2692023246793E-13,40.645222563211,8.3310029380389E-17,0.007913899286163,2.8589456072574E-13,-51.451945234435,-2.0039795374335E-13,1.9984559881016E-13,108.08273488416,108.0744843154,-0.022605583569372,-0.02262473436603,2.0006068665556E-13,-2.0018143856476E-13,0.022608603088815,0.022621072386143,108.08269607746,108.0757357637,39.613775863535,0.000159387400636,4.0647921854136E-05,7.0749237441337E-07,0,0.010373013652405,100001626.4566,-9.756830387029E-13,1091.2377690292,0.010373013652405,409.57434931949,-0.000120346239453,1091.2377690292,954.78177134532
203.17699999999,-179.40865854221,-59.811671202992,1.3327538963211E-16,0.001327586403089,1.7342352178241,1.9732850661819E-13,22.427616710172,0,7.8931402647275E-13,89.677974823569,1.5378348365336E-16,0.017459884877812,5.7939305583884E-13,-53.410188540006,-4.0609385976564E-13,4.0518126138431E-13,112.19358636649,112.19087426193,-0.046515164146238,-0.046556269628481,4.0557796123334E-13,-4.0568702233601E-13,0.046525806699234,0.046544585358308,112.1901091433,112.19477979992,41.005114607674,0.000351965089786,8.9681854348795E-05,-6.9647982396976E-08,0,0.011114998755062,100001659.38814,-7.9989565408427E-13,1102.1575694568,0.011114998755062,413.60129687311,-0.001561641804538,1102.1575694568,964.34741087611
204.17699999999,-134.62144642484,-44.524013835643,9.3746780330638E-17,0.002372536313121,1.7341967404114,1.4248173010228E-13,16.522377086095,0,5.6992692040911E-13,66.067461663246,1.1020921040854E-16,0.012862668322723,8.7785825965618E-13,-54.293214745368,-6.1535811319573E-13,6.1471819801441E-13,114.09311151139,113.96669875101,-0.070548333324311,-0.070603773534209,6.1546332847226E-13,-6.1467012517501E-13,0.070554405299314,0.070599751441571,114.17174787663,113.95712485081,41.75936914497,0.000249481706743,6.6067382070441E-05,2.7296821406708E-05,0,0.0117536542283,100001705.5382,-3.0195177395116E-12,1071.9463338243,0.0117536542283,402.49933509374,-3.5000292212192E-06,1071.9463338243,937.87958807647
205.17699999999,-28.19611181792,-9.4003168886757,8.7619240836559E-20,0.002636802779071,1.7339356375563,1.5255289002871E-16,6.3056385277151,0,6.1021156011483E-16,25.221885990384,1.1899295523102E-19,0.004908939868097,2.5490073236181E-13,-29.844675231044,-1.7874576075022E-13,1.7860185467227E-13,62.692476016825,62.689440299152,-0.020344739321535,-0.020366047994292,1.788805457816E-13,-1.7847967054421E-13,0.020347407811091,0.020364170075843,62.687779753765,62.694642021692,22.936173685192,9.339234714767E-05,2.5221885990377E-05,-1.6765246881888E-06,0,0.010764850387532,100001717.20857,-7.881534960381E-13,934.3377852374,0.010764850387532,351.70162833079,-0.000743560968839,934.3377852374,817.3579438813
206.17699999999,-1.8855728272854,-0.62872566686896,1.0535827707027E-22,0.002701618877068,1.7337071356915,2.0937405263717E-19,0.96994383124366,0,8.3749621054866E-19,3.8796752158105,1.6333186148661E-22,0.00075510135327,6.7110467947259E-14,-12.975512200758,-4.706033472744E-14,4.7022383166417E-14,27.256949737282,27.255035567974,-0.005355849747728,-0.005361460578594,4.709576368524E-14,-4.699026892111E-14,0.005356552849484,0.005360965488498,27.253656303236,27.258686519823,10.008226270956,1.3801070662175E-05,3.8796752158082E-06,-1.5406720927902E-06,0,0.009775067844155,100001720.07085,-7.6718919063508E-13,816.84449704881,0.009775067844155,308.13483625201,-0.000515431098275,816.84449704881,714.48189549605
207.17699999999,-0.008769787438745,-0.002925021258067,7.3310122609385E-26,0.002707065041618,1.7334879978327,1.6830107465315E-22,0.015220641268942,0,6.7320429861259E-22,0.060880994155918,1.3132316972151E-25,1.1849270552475E-05,1.7661241364722E-14,-3.845806283743,-1.2384713669351E-14,1.237472599183E-14,8.0787405407724,8.0780288813112,-0.001409480352816,-0.001410956937427,1.2394037314859E-14,-1.2366274664706E-14,0.001409665386535,0.001410826645297,8.0774982178154,8.0794043711269,2.9756241816101,1.9802529879803E-07,6.0880994155916E-08,-1.4741132200905E-06,0,0.008784304660605,100001720.31135,-7.6407564012029E-13,705.61801389855,0.008784304660605,266.72525006472,5.9960854863752E-05,705.61801389855,617.11666224849
208.17699999999,-1.6463287868242E-06,-5.4921556862941E-07,1.6182035530909E-29,0.002707104227325,1.7332690437004,4.3935184226021E-26,1.0826167966647E-05,0,1.7574073690408E-25,4.3303554506762E-05,3.4294496565607E-29,8.4281727042187E-09,4.64784106118E-15,-1.0150122754047,-3.259237532193E-15,3.2566091134396E-15,2.1321990816569,2.1320091018206,-0.000370927530406,-0.000371316117498,3.2616912000833E-15,-3.2543850102248E-15,0.000370976225015,0.000371281829022,2.1318675449795,2.1323761316262,0.78551197079432,1.2120908629848E-10,4.3303554506762E-11,-1.4206459817677E-06,0,0.007792558891791,100001720.31308,-7.6442004593349E-13,595.38370731482,0.007792558891791,225.52311011956,7.1665890717261E-05,595.38370731482,520.64346876848
209.17699999999,-2.7865781287605E-11,-9.2975443936138E-12,6.7549921883708E-34,0.002707104244779,1.7330493594864,2.2436641295708E-30,6.9629265107343E-10,0,8.9746565182832E-30,2.7850987406902E-09,1.7522528026389E-33,5.420638894356E-13,1.2231544753849E-15,-0.26711814946793,-8.5772101955869E-16,8.5702930870652E-16,0.56112530601989,0.56107530812005,-9.7615573097616E-05,-9.7717836066881E-05,8.5836674190126E-16,-8.5644400001732E-16,9.7628387869575E-05,9.7708812501648E-05,0.56103805408665,0.56117190088051,0.20672127731671,6.3968942014199E-15,2.7850987406902E-15,-1.3673829789399E-06,0,0.006799828586829,100001720.31309,-7.6492293427133E-13,485.61898801595,0.006799828586829,184.33476911259,5.8220239741235E-05,485.61898801595,424.60409704276
210.17699999999,-3.243039373719E-17,-1.0822768096821E-17,2.3309629494742E-39,0.00270710424478,1.7328289480163,9.9677678066454E-36,3.079138353229E-15,0,3.9871071226582E-35,1.2316235619188E-14,7.7909678361229E-39,2.3971094757308E-18,3.2189286401033E-16,-0.070296457198874,-2.2572314540538E-16,2.2554111052133E-16,0.14766919109197,0.14765603333614,-2.5689115339378E-05,-2.5716027491414E-05,2.2589307767101E-16,-2.2538707708468E-16,2.5692487753366E-05,2.5713652794729E-05,0.14764622933541,0.14768145328231,0.054402044392362,2.1964403026871E-20,1.2316235619188E-20,-1.3141332160462E-06,0,0.00580611178902,100001720.31309,-7.6535412809278E-13,376.31800504105,0.00580611178902,143.15835802344,4.4920715554977E-05,376.31800504105,328.99315959844
211.17699999999,-6.0086883779104E-25,-2.0058751815091E-25,1.2730765252614E-46,0.00270710424478,1.7326078186858,7.6385518233362E-43,2.1676513913625E-22,0,3.0554207293345E-42,8.6703818459074E-22,5.9791158092491E-46,1.687516796504E-25,8.4711308331002E-17,-0.018499648566386,-5.9402692961767E-17,5.9354787541596E-17,0.038861533683843,0.038858071007655,-6.7605057879437E-06,-6.7675881554167E-06,5.94474133826E-17,-5.931425115448E-17,6.7613932930932E-06,6.7669632156948E-06,0.038855490926493,0.038864760677317,0.014316777013448,1.0999462449368E-27,8.6703818459074E-28,-1.2608964008237E-06,0,0.004811406535823,100001720.31309,-7.6577594073316E-13,267.47869057639,0.004811406535823,101.99340539974,3.1790066185578E-05,267.47869057639,233.80860599899
212.17699999999,-3.1220216394669E-36,-1.0428064601498E-36,1.7201755176827E-57,0.00270710424478,1.7323859807664,1.7281275331149E-53,4.2783192854258E-33,0,6.9125101324598E-53,1.7112835587252E-32,1.3572245317892E-56,3.3306719347478E-36,2.2293149558357E-17,-0.00486848143871,-1.5632778485223E-17,1.5620171400082E-17,0.010227040515986,0.010226129256761,-1.779136334787E-06,-1.7810001741765E-06,1.5644547386391E-17,-1.5609503594986E-17,1.7793698960855E-06,1.7808357112123E-06,0.010225450266725,0.010227889751448,0.003767691202457,1.2925630932244E-38,1.7112835587252E-38,-1.2076723781625E-06,0,0.003815710858837,100001720.31309,-7.6627500134235E-13,159.09900046365,0.003815710858837,60.839444897761,1.8825018192694E-05,159.09900046365,139.0484269984
213.17699999999,-1.2051244502639E-58,-4.0261196260476E-59,1.1911845525106E-79,0.00270710424478,1.732163443405,3.650892512517E-75,6.2554148072261E-55,0,1.4603570050068E-74,2.502101363981E-54,2.9116482098811E-78,4.8698409667854E-58,5.8668025205011E-18,-0.001281219555821,-4.1140182537739E-18,4.1107004956751E-18,0.00269141096094,0.002691171148341,-4.682084738991E-07,-4.6869897333778E-07,4.1171154302344E-18,-4.1078930904363E-18,4.6826993932297E-07,4.6865569225698E-07,0.002690992461145,0.00269163445097,0.000991528818514,6.1280462423037E-61,2.502101363981E-60,-1.1544609908961E-06,0,0.002819022783774,100001720.31309,-7.6674712206865E-13,51.176912154297,0.002819022783774,19.696014577714,6.0223989865535E-06,51.176912154297,44.710869440031
214.17699999999,-7.4527687559972E-66,-2.4400638296945E-66,2.21087721635E-86,0.00270710424478,1.7319400576418,6.2055070986319E-82,1.4610427476398E-61,1.8542032379458,-2.4822028394528E-81,-5.8440201860045E-61,4.6489521132132E-85,1.1374219084822E-64,1.5424566575823E-18,-0.000336848842173,-1.0816278180512E-18,1.0807550770657E-18,0.000707606009593,0.000707542973182,-1.2309800168546E-07,-1.2322701255108E-07,1.0824419773755E-18,-1.0800171002583E-18,1.2311418818333E-07,1.2321560686459E-07,0.000707495964452,0.000707664797991,0.000260685480047,1.5745600738493E-67,-5.8440201860045E-67,13.818049913507,-44.296897358242,0.001821340330438,100001720.31309,-7.6759315533835E-13,-56.194159198469,0.001821340330438,-21.419053735863,-1.3043178281043E-05,-56.194159198469,49.121971157893
215.17699999999,-2.0369644123556E-40,-6.7655167889002E-41,8.1594991941759E-60,0.00270710424478,1.7317147724719,7.9892094421547E-56,1.531930238101E-35,3.1607935327645,-3.1956837768619E-55,-6.1275628385515E-35,6.1633874393271E-59,1.1926078246338E-38,4.0592239256186E-19,-8.8647215642126E-05,-2.8464783732839E-19,2.8441816144054E-19,0.000186217954966,0.000186201365916,-3.2395228168997E-08,-3.2429179461972E-08,2.8486209650673E-19,-2.8422395092238E-19,3.2399487907058E-08,3.2426177871668E-08,0.000186188994809,0.000186233426083,6.8603596152489E-05,4.7248943447987E-41,-6.1275628385515E-41,13.811115041359,-44.281833697576,0.000822661512699,100001720.31309,-7.6890063582587E-13,-162.37614386496,0.000822661512699,-62.383092852202,-3.7557504598919E-05,-162.37614386496,141.87375952179
216.17699999999,-1.3662358846012E-29,-4.5458266929536E-30,4.2954437795924E-48,0.00270710424478,1.7314874164464,2.5470119091427E-44,3.9071731100645E-24,4.0675889999636,-1.0188047636571E-43,-1.5628289176656E-23,1.9728497788554E-47,3.041734607833E-27,1.0682503652415E-19,-2.3328947163418E-05,-7.4909677750071E-20,7.4849234830196E-20,4.900626377074E-05,4.9001898093779E-05,-8.5253277368626E-09,-8.5342625679645E-09,7.4966063514054E-20,-7.4798125195062E-20,8.5264487556578E-09,8.5334726510789E-09,4.8998642437234E-05,4.9010335244967E-05,1.8054144828676E-05,1.9818157700176E-29,-1.5628289176656E-29,13.803914204509,-44.265915611447,-0.000177015661528,100001720.31309,-7.702466510847E-13,-267.26345453459,-0.000177015661528,-103.17469879373,-6.1610321517112E-05,-267.26345453459,233.45226450024
217.17699999999,-8.3122538604735E-23,-2.767509939259E-23,1.7110854891553E-40,0.00270710424478,1.731258011965,7.2831756441248E-37,9.0347267114728E-17,4.806466286919,-2.9132702576499E-36,-3.6137974366038E-16,5.6505566269796E-40,7.0335355341028E-20,2.81127344475E-20,-6.1393893965676E-06,-1.971369209507E-20,1.9697785564362E-20,1.2896790157415E-05,1.2895641258936E-05,-2.2435777467521E-09,-2.2459290918652E-09,1.9728530919734E-20,-1.968433523825E-20,2.243872760934E-09,2.2457212125002E-09,1.2894784480325E-05,1.2897861631629E-05,4.7512399316143E-06,6.3576079464913E-22,-3.6137974366038E-22,13.796440144559,-44.249197527249,-0.001177693190309,100001720.31309,-7.7154434417931E-13,-370.86790923126,-0.001177693190309,-143.79490270137,-8.521255658963E-05,-370.86790923126,323.86889105934
218.17699999999,-5.8872525561726E-18,-1.9607794451531E-18,7.2619044005002E-35,0.00270710424478,1.7310265810648,2.4128539371789E-31,2.4317699233899E-11,5.4462039405219,-9.6514157487155E-31,-9.7268287096697E-11,1.8736380230465E-34,1.8931330976687E-14,7.3983203171589E-21,-1.6156625269803E-06,-5.1879766097397E-21,5.1837905492428E-21,3.3939630211079E-06,3.3936606717764E-06,-5.9043373593138E-10,-5.9105253037506E-10,5.19188168616E-21,-5.1802508786499E-21,5.9051137367296E-10,5.9099782356835E-10,3.3934351597494E-06,3.3942450302654E-06,1.2503533288697E-06,2.1831629022728E-16,-9.7268287096697E-17,13.788685228572,-44.231722103265,-0.002179373077715,100001720.31309,-7.7288901315206E-13,-473.20120186804,-0.002179373077715,-184.24472037282,-0.000108374790486,-473.20120186804,413.13513308981
219.17699999999,-3.9296438556059E-15,-1.318351762446E-15,2.127892456179E-30,0.002707104242978,1.7307931454297,5.8023419277188E-27,4.7619425283069E-07,6.01849992091,-2.3209367710875E-26,-1.9047278632123E-06,4.5081605875537E-30,3.7071726738939E-10,1.946983111763E-21,-5.7588412257747E-08,-1.3652967821234E-21,1.3641951404721E-21,1.2099835495013E-07,1.209672701038E-07,-1.5538216460168E-10,-1.555450103855E-10,1.3663244598645E-21,-1.3632636251278E-21,1.5540259624221E-10,1.5553061339158E-10,1.2026841800555E-07,1.2164187497641E-07,6.2725831865663E-08,5.1880096696959E-12,-1.9047278632123E-12,13.780641426512,-44.213522948842,-0.003182057333845,100001720.31309,-7.742198361206E-13,-574.27490418621,-0.003182057333845,-224.52515254007,-0.000131106689016,-574.27490418621,501.26238999734
220.17699999999,3.4858976183367E-07,1.160375741805E-07,1.0695934450459E-26,0.002707097236429,1.7305577278493,2.4746416397384E-23,0.001655400724614,6.5410773380187,-9.8985665589538E-23,-0.006621432044366,1.9234196388197E-26,1.2887296085583E-06,4.9179345094711E-22,0.001398284311004,-3.4490745264567E-22,3.4457229958707E-22,-0.002937255740137,-0.00293702892495,-4.0846986600963E-11,-4.0889928255099E-11,3.4515489273644E-22,-3.4435025075684E-22,4.0852408887271E-11,4.0886095897642E-11,-0.002939067086434,-0.00293547212129,-0.001018650887344,2.1169345345945E-08,-6.6214320443664E-09,13.772302690906,-44.194622421086,-0.004185747974849,100001720.31339,-7.7557574111775E-13,-674.09985892082,-0.004185747974849,-264.63694048712,-0.000151139668887,-674.09985892082,588.26142498867
221.17699999999,0.24688903935885,0.082223705444749,1.5053634138575E-23,0.002700435643463,1.7303217487798,3.0285060895554E-20,1.2962691855431,7.0223633319886,-1.2114024358222E-19,-5.1849429414957,2.3545468523564E-23,0.001009145676505,-2.7285415867536E-20,1.267775367273,1.9081440158738E-20,-1.9130482146567E-20,-2.6630856697192,-2.6629471205627,3.1687808139743E-11,3.1607748137073E-11,-1.9106455953612E-20,1.9105052674935E-20,-3.1648961034375E-11,-3.1644628741191E-11,-2.6642208999039,-2.6619930442114,-0.93168606683791,1.8826066352037E-05,-5.1849429415066E-06,19.389260828018,-44.173081395792,-0.005190447022954,100001720.60757,-7.6887257871976E-13,-772.11733928988,-0.005190447022954,-304.35003646996,0.001800015091901,-772.11733928988,673.64839979795
222.17699999999,15.669957373758,5.2224647583431,5.1839155894404E-21,0.002590544598437,1.7301060330713,9.3259116318138E-18,7.3135854922751,7.4337129747071,-3.7303646527255E-17,-29.25358517976,7.2516663846442E-21,0.005693627320352,-9.6361463385717E-18,14.295590254207,6.7410529418794E-18,-6.7550442416122E-18,-30.029016480112,-30.028791212344,1.1026525160194E-08,1.1011698088679E-08,-6.7486926951024E-18,6.747160443336E-18,-1.1017759967242E-08,-1.1020102902938E-08,-30.031652599732,-30.026574929398,-10.823022592394,0.000109147489689,-2.9253585179758E-05,19.374685848818,-44.133508692443,-0.006196156506487,100001725.46036,-7.3834088943897E-13,-860.28832754728,-0.006196156506487,-340.36480129373,0.003523454277996,-860.28832754728,750.42428071559
223.17699999999,55.608431149255,18.534085885914,5.227921726726E-19,0.002349924060992,1.729917522189,8.6100806117338E-16,13.585803043695,7.7763013169392,-3.4440322446935E-15,-54.341796853379,6.6957352040363E-19,0.010576551140491,-1.0147899764824E-15,27.312178202184,7.1009469258403E-16,-7.1130396110032E-16,-57.371448409147,-57.371079232924,8.9033684287781E-07,8.8933602057442E-07,-7.1081690628531E-16,7.1054860839999E-16,-8.8968043255624E-07,-8.8996587319732E-07,-57.374131067763,-57.36881905317,-20.777924683346,0.000205184949725,-5.4341796853345E-05,13.734367939518,-43.833537361842,-0.007202878459909,100001736.08619,-7.0218797377543E-13,-936.69446579945,-0.007202878459909,-371.79935797807,0.006611498002223,-936.69446579945,816.93179664258
224.17699999999,121.99509717794,40.661083359771,1.7882978952077E-17,0.001948155181361,1.7297638677905,2.7536094205449E-14,21.372489237932,8.0483084566893,-1.101443768218E-13,-85.487675384917,2.1415260157135E-17,0.016638492565537,-3.7873924426409E-14,38.088867170302,2.6509159645869E-14,-2.6545384484029E-14,-80.008787303003,-80.008291742854,2.6611320339667E-05,2.6586786710571E-05,-2.6534025489782E-14,2.6519045460446E-14,-2.6592669202177E-05,-2.6604712387329E-05,-80.011449103648,-80.006033480693,-29.027671900546,0.000325646805125,-8.5487662566303E-05,13.722966322884,-41.705228311439,-0.00821061492383,100001753.82843,-6.5149202972525E-13,-999.19595502096,-0.00821061492383,-397.67569766444,0.010503982479733,-999.19595502096,871.31926429146
225.17699999999,206.80900720159,68.92995894187,2.225781421072E-16,0.001356772940793,1.7296524190239,3.2677512064123E-13,29.918390513078,8.2470464880199,-1.3071004825649E-12,-119.67001664691,2.5415546117158E-16,0.023291489408003,-5.4133821070145E-13,46.126098844166,3.7900600881815E-13,-3.7939363507118E-13,-96.891686663874,-96.891045038474,0.000320854274828,0.000320623559878,-3.7933461057631E-13,3.7904100593611E-13,-0.000320637530197,-0.000320832434861,-96.89422674765,-96.888875136815,-35.187113707979,0.000458864370932,-0.000119670016647,19.352044661492,-41.651794825512,-0.009219367945034,100001779.94422,-5.8472057072396E-13,-1045.8455887232,-0.009219367945034,-417.08934529395,0.012562408968253,-1045.8455887232,911.90123241883
226.17699999999,290.32525545455,96.765107546518,1.1411318523889E-15,0.000574601035136,1.7295844156408,1.6248647392459E-12,37.680139575596,8.377397629149,-6.4994589569835E-12,-150.71488589924,1.2638764030443E-15,0.02933403171181,-3.3160618272576E-12,51.414723934704,2.322309092687E-12,-2.3238545466405E-12,-108.00089542464,-108.00014127195,0.00174592624538,0.001745023752326,-2.3241197732859E-12,2.3218814555544E-12,-0.001744790969213,-0.001746121596124,-108.00330936961,-107.99807226848,-39.247347776959,0.000580632269685,-0.000150714880979,30.558729818529,-41.696869036819,-0.010229139576507,100001814.48569,-5.1243245076979E-13,-1076.8799134139,-0.010229139576507,-430.05806545659,0.004177867233683,-1076.8799134139,938.88535130827
227.17699999999,379.18116249332,122.2332649615,2.7731331210275E-15,0.000391925326743,1.7295592918887,3.8938136352151E-12,40.944465879521,8.4447179124334,-1.557525454086E-11,-163.76991427861,3.0185189584759E-15,0.031875332504514,-1.0243556868542E-11,56.795130816394,7.1553150254603E-12,-7.1821068623236E-12,-119.60667299791,-118.98395225047,0.004966658029432,0.004946868098833,-7.1629622758254E-12,7.1724593401554E-12,-0.004954577595382,-0.004958634934161,-119.64978374134,-118.96973033388,-43.390132217121,0.000606715751424,-0.000163767887661,-12.64647540355,30.778368985633,-0.011239931881576,100001857.16802,-1.9007203983024E-12,-1093.0540830698,-0.011239931881576,-436.83109956205,1.4479078230142E-05,-1093.0540830698,952.94811244391
228.17699999999,174.47616114242,51.823242688872,2.3681099841367E-15,0.001359430283317,1.7296191824731,3.3747286683766E-12,19.21562636666,8.3732751903452,-1.3498914673506E-11,-76.857228271441,2.526968803957E-15,0.014959406199663,-1.8282528799916E-11,54.54460309666,1.2807734345338E-11,-1.2828571456661E-11,-115.52198339016,-114.00709854038,0.008452214305342,0.008450893793694,-1.2828656293328E-11,1.2801281841537E-11,-0.008442391082254,-0.008455297136784,-114.73915292191,-114.03215866102,-41.927053985147,0.000290844948189,-7.6857058547056E-05,10.47145679419,1.2280438433133,-0.011893447318435,100001899.89323,-2.5534333907568E-12,-1075.1868397877,-0.011893447318435,-429.51250794426,-0.004037944188549,-1075.1868397877,937.39164212607
229.17699999999,41.530547955149,13.846234493811,3.7691131456124E-18,0.00167912373126,1.7299280567239,6.0881027654367E-15,8.4672647065273,7.8555506370212,-2.4352411061747E-14,-33.868078023075,4.7714229029772E-18,0.006591785379109,-5.4623527682675E-12,32.738234204759,3.8273783341744E-12,-3.83125549729E-12,-68.781811917453,-68.756292736692,0.002586964561976,0.002585961713717,-3.8324433497948E-12,3.8246957849998E-12,-0.002583378332277,-0.002588280133215,-68.76490899295,-68.773589256054,-25.133331272979,0.000126178660938,-3.3868078023068E-05,-26.964478480099,61.667469445432,-0.010881994567568,100001914.01273,-2.9663429290832E-13,-954.036711784,-0.010881994567568,-379.12835053483,-0.008996652003206,-954.036711784,831.99200229502
230.17699999999,5.3194099697215,1.7737145113871,7.9076752046331E-21,0.001781149074773,1.7301855665379,1.4417441113962E-17,2.1291763371516,7.3849911479451,-5.7669764455849E-17,-8.5164602758843,1.1300777186166E-20,0.00165756888641,-1.4388352214548E-12,16.677264521915,1.0081667973916E-12,-1.0091809729271E-12,-35.041566276318,-35.021991416733,0.000681929222496,0.00068166296423,-1.0094932944652E-12,1.00746089977E-12,-0.000680983299578,-0.000682275343666,-35.028405658737,-35.035481766087,-12.837677820549,3.0824172372481E-05,-8.5164602758782E-06,-26.823508877023,61.71107906112,-0.00987156381947,100001918.51826,-2.781244843585E-13,-848.99040050765,-0.00987156381947,-335.87923074239,-0.002148919261695,-848.99040050765,740.56690173098
231.17699999999,0.12290682290199,0.04099788675576,1.1897950186374E-23,0.001798407829984,1.730422242173,2.4670395649554E-20,0.14019707221717,6.9171928740044,-9.8681582598217E-20,-0.56077214577399,1.9353009548379E-23,0.000109143758625,-3.7865519132594E-13,5.8535538871098,2.6531709916941E-13,-2.6558398072869E-13,-12.300862373167,-12.290714667464,0.00017946408603,0.000179394008529,-2.6566617251451E-13,2.6513133111945E-13,-0.000179215144564,-0.000179555173062,-12.293961935293,-12.297799496657,-4.5245852353009,1.9134988340735E-06,-5.6077214577389E-07,-26.79021583641,61.738746354768,-0.008862153011173,100001919.28042,-2.7316764769014E-13,-749.61923348911,-0.008862153011173,-295.33522011018,-0.000383724802655,-749.61923348911,654.03597398139
232.17699999999,0.000148612245511,4.9596235374621E-05,7.690474041418E-27,0.001798953761031,1.7306532703384,1.8454392330864E-23,0.000626893147027,6.4229063800132,-7.3817569323455E-23,-0.002507500403002,1.4497731664599E-26,4.8803782615148E-07,-9.9649085637271E-14,1.5833881888693,6.9822379129964E-14,-6.989261319635E-14,-3.3274920334731,-3.3245347092966,4.7228810045274E-05,4.7210368030112E-05,-6.9914243256438E-14,6.9773491342384E-14,-4.7163297160738E-05,-4.7252781031302E-05,-3.3254750316383,-3.3266069272058,-1.2253470638835,7.6376968468973E-09,-2.5075004030024E-09,-26.828313515856,61.76030126578,-0.00785376008567,100001919.30453,-2.7359911424957E-13,-650.39309955805,-0.00785376008567,-255.19295735132,-0.000150599147233,-650.39309955805,567.59076957694
233.17699999999,1.6908398660166E-08,5.6451079194907E-09,1.3946987397531E-30,0.001798955156363,1.7308821772422,3.9742117385782E-27,2.7104108411411E-07,5.8877145737008,-1.5896846954313E-26,-1.0841331268395E-06,3.1284993107916E-30,2.110061373471E-10,-2.6224227356045E-14,0.41679834235805,1.8374859468803E-14,-1.8393342670872E-14,-0.87590260035319,-0.87512328176718,1.2429005694539E-05,1.2424152387573E-05,-1.8399034961329E-14,1.8361993877664E-14,-1.2411764946703E-05,-1.243531403697E-05,-0.87537104168311,-0.87566939976622,-0.32255756367638,2.816760458351E-12,-1.0841331268395E-12,-26.869564323916,61.781504882856,-0.006846382992174,100001919.30459,-2.7438628830489E-13,-549.9640982029,-0.006846382992174,-214.90047281709,-0.000126394800227,-549.9640982029,480.05792113435
234.17699999999,2.3353099390749E-13,7.8006340601068E-14,4.1585941839238E-35,0.001798955156784,1.7311090603989,1.4598136589254E-31,1.4230346188812E-11,5.2989481706396,-5.8392546357015E-31,-5.6919746173649E-11,1.1526140736776E-34,1.1078358810761E-14,-6.9013187221387E-15,0.1096870831553,4.8356338565345E-15,-4.8404980026194E-15,-0.23050763802669,-0.23030254766273,3.2708887293738E-06,3.2696115051535E-06,-4.8419960183677E-15,4.8322480736313E-15,-3.266351554926E-06,-3.2725488690185E-06,-0.2303677496965,-0.23044626752123,-0.08488613334111,1.2086614297812E-16,-5.6919746173649E-17,-26.909349278806,61.802806438115,-0.005840019686092,100001919.30459,-2.7515451199647E-13,-448.27548512689,-0.005840019686092,-174.43814693721,-0.000103360251323,-448.27548512689,391.38688579599
235.17699999999,1.9698769825388E-19,6.585193049824E-20,7.9016830153656E-41,0.001798955156784,1.7313338983207,3.6157857345925E-37,4.564080492554E-17,4.6362401668398,-1.446314293837E-36,-1.8255796431283E-16,2.8687306607463E-40,3.5531476650925E-20,-1.8161907864012E-15,0.028865884599504,1.2725732588139E-15,-1.2738533355585E-15,-0.060661717744822,-0.06060774498265,8.6078591826864E-07,8.6044979658496E-07,-1.2742475619598E-15,1.2716822367268E-15,-8.5959188932251E-07,-8.6122281015744E-07,-0.060624903925611,-0.060645567128926,-0.022339123793395,2.9888288787427E-22,-1.8255796431283E-22,-26.947807640884,61.82421630294,-0.004834668128998,100001919.30459,-2.7593387614332E-13,-345.31553735479,-0.004834668128998,-133.80493115518,-7.989014297474E-05,-345.31553735479,301.56615454235
236.17699999999,1.5906563814449E-27,5.3258545875904E-28,1.3346890151762E-48,0.001798955156784,1.7315566688586,8.7850416490944E-45,1.4022135320631E-24,3.8617086799079,-3.5140166596378E-44,-5.6086926686333E-24,7.0336515056294E-48,1.0916266145874E-27,-4.7795922857863E-16,0.007596512458089,3.3489770877912E-16,-3.3523458115992E-16,-0.015964087052021,-0.015949883268873,2.265293803594E-07,2.2644092464078E-07,-3.3533832803687E-16,3.3466322228596E-16,-2.2621515282845E-07,-2.2664435533943E-07,-0.015954398915187,-0.015959836762866,-0.005878892490349,6.4132599070591E-30,-5.6086926686333E-30,-26.98507690326,33.720743013748,-0.003830326288609,100001919.30459,-2.7674623960852E-13,-241.07252707914,-0.003830326288609,-92.999810485691,-5.5973175562275E-05,-241.07252707914,210.58427134945
237.17699999999,6.8612577234595E-40,2.3079147995573E-40,9.6219141544259E-61,0.001798955156784,1.7317773495002,1.1308633379378E-56,2.3072332048273E-36,2.8867040243717,-4.5234533517514E-56,-9.2286671528252E-36,9.2653821770379E-60,1.7961866107385E-39,-1.2578250363011E-16,0.001999141974221,8.8133610044614E-17,-8.8222263323741E-17,-0.004201201101435,-0.004197463152003,5.9614776539592E-08,5.9591498023103E-08,-8.824956594589E-17,8.807190123147E-17,-5.9532082613682E-08,-5.9645034016037E-08,-0.00419865151551,-0.004200082570847,-0.001547123210056,5.9371647949587E-42,-9.2286671528252E-42,-27.021278229253,28.117395160363,-0.002826992138758,100001919.30459,-2.7758053386846E-13,-135.53460228413,-0.002826992138758,-52.02175467457,-3.1598556116579E-05,-135.53460228413,118.429990636
238.17699999999,8.0919924875784E-69,2.8942609900354E-69,7.7720476232084E-90,0.001798955156784,1.731995917362,4.2324766777305E-85,1.0941512394988E-64,1.3249424414313,-1.6929906710922E-84,-4.3764789797925E-64,3.9271695759686E-88,8.5179937547154E-68,-3.3101648160466E-17,0.000526105716951,2.3193748466697E-17,-2.3217078975067E-17,-0.001105612280689,-0.001104628580374,1.5688567973952E-08,1.5682441865449E-08,-2.3224264089435E-17,2.3177508820787E-17,-1.5666805764378E-08,-1.5696530705326E-08,-0.001104941316963,-0.001105317921733,-0.000407149855355,6.0561339878355E-71,-4.3764789797925E-70,-27.056518377668,28.139181387955,-0.00182466365937,100001919.30459,-2.7848470253644E-13,-28.689784563501,-0.00182466365937,-10.869717835277,-6.7552191856885E-06,-28.689784563501,25.098373214498
239.17699999999,1.7243215451541E-57,5.7179031543334E-58,2.4037568575283E-77,0.001798955156784,1.7322126841373,4.8014044406972E-73,8.3036222354685E-53,0,1.9205617762789E-72,3.3213532742517E-52,3.4549211613044E-76,6.4643899385464E-56,-8.7039735310562E-18,0.000138337831778,6.0987226906193E-18,-6.1048573741029E-18,-0.000290717247067,-0.000290458586182,4.1252592535711E-09,4.1236484127402E-09,-6.1067466769188E-18,6.0944525273786E-18,-4.1195369495725E-09,-4.1273530284553E-09,-0.000290540819279,-0.000290639846311,-0.000107058764777,1.2527082303863E-58,3.3213532742517E-58,-5.0711620798817E-06,0,-0.00082333883644,100001919.30459,-2.7927583651049E-13,79.272811322193,-0.00082333883644,30.418937033223,9.3435511076805E-06,79.272811322193,69.272072508664
240.17699999999,1.7215515531311E-37,5.7158335005762E-38,1.4835379920724E-56,0.001798955156784,1.7324286711285,1.2646332158509E-52,3.1476969852105E-32,0,5.0585328634035E-52,1.259042548207E-31,9.4828890920655E-56,2.4504896927177E-35,-2.2905878091782E-18,3.6405780633676E-05,1.6049749917512E-18,-1.6065894304474E-18,-7.6506825263815E-05,-7.6438754574594E-05,1.0856269865717E-09,1.0852030684189E-09,-1.6070866301938E-18,1.603851231052E-18,-1.0841210721107E-09,-1.086177996402E-09,-7.6460395510118E-05,-7.6486456034845E-05,-2.8174201194751E-05,1.1215983325847E-37,1.259042548207E-37,-5.1045170464574E-06,0,0.000176984337993,100001919.30459,-2.8002688262537E-13,187.73732315487,0.000176984337993,71.725949273455,2.2309789611951E-05,187.73732315487,164.0877666978
241.17699999999,1.1710889214704E-27,3.8925664708731E-28,5.1893491029342E-46,0.001798955156784,1.7326439396173,2.8091538664981E-42,8.1412767871729E-22,0,1.1236615465992E-41,3.2564169684553E-21,2.1335730508156E-45,6.3380036075599E-25,-6.0280428161173E-19,9.5807549280824E-06,4.2237446344446E-19,-4.2279932844533E-19,-2.0133976814225E-05,-2.0116062939346E-05,2.856998509736E-10,2.8558829023038E-10,-4.2293017437735E-19,4.2207872812057E-19,-2.8530354585518E-10,-2.858448578869E-10,-2.0121758092652E-05,-2.0128616330542E-05,-7.4144850692119E-06,4.5825231739922E-27,3.2564169684553E-27,-5.1379391473897E-06,0,0.001176307865873,100001919.30459,-2.8094724735738E-13,296.66352441914,0.001176307865873,113.0436836391,3.5440982411931E-05,296.66352441914,259.33124132198
242.17699999999,3.3355905552484E-21,1.1094194909139E-21,6.7907908180324E-39,0.001798955156784,1.7328584802623,2.6926564656896E-35,8.8149357823093E-15,0,1.0770625862758E-34,3.5258728097245E-14,2.0577509927757E-38,6.8624487587448E-18,-1.5863744689177E-19,2.5213266462256E-06,1.1115449666623E-19,-1.1126630659088E-19,-5.2985732980459E-06,-5.2938589793806E-06,7.5186418407026E-11,7.5157059439158E-11,-1.1130074075552E-19,1.1107666925879E-19,-7.5082124470713E-11,-7.5224579259604E-11,-5.2953577487724E-06,-5.2971626022367E-06,-1.9512385940931E-06,6.7905607390816E-20,3.5258728097245E-20,-5.1714289445786E-06,0,0.002174633743145,100001919.30459,-2.8196405802687E-13,406.05346609238,0.002174633743145,154.37260831993,4.874034236292E-05,406.05346609238,355.00321511335
243.17699999999,1.8506460550956E-16,6.157754013351E-17,1.6264442558345E-33,0.001798955156777,1.7330722835944,5.08752585434E-30,1.8625902670723E-09,0,2.035010341736E-29,7.45014659311E-09,3.9020317971037E-33,1.4500310134081E-12,-4.1747944269607E-20,6.6221913916926E-07,2.9252057587286E-20,-2.9281482132047E-20,-1.3916665681617E-06,-1.3904053548661E-06,1.9786490820613E-11,1.9778764545035E-11,-2.9290544023966E-20,2.9231576079471E-20,-1.9759044227596E-11,-1.9796533449767E-11,-1.3908046280784E-06,-1.3912898824633E-06,-5.1255773671694E-07,1.8229491224693E-14,7.45014659311E-15,-5.2049870102383E-06,0,0.003171963959785,100001919.30459,-2.8285352692773E-13,515.90922116972,0.003171963959785,195.71319599351,6.2211218131232E-05,515.90922116972,451.10554820347
244.17699999999,-1.5161960535263E-10,-5.0386341532206E-11,3.4460563924929E-29,0.001798955020049,1.7332853399893,8.8996395606767E-26,3.6272343219042E-05,0,3.5598558242707E-25,0.000145085196162,6.842094577555E-29,2.8238106643403E-08,-1.0986561459305E-20,-2.7741385093059E-05,7.6980922875961E-21,-7.7058352654999E-21,5.8088163907775E-05,5.8452506865557E-05,5.2044080977343E-12,5.2023662526286E-12,-7.7082199963665E-21,7.6927023059016E-21,-5.1971784501115E-12,-5.2070489468388E-12,5.8370184258599E-05,5.8180691787869E-05,2.0086035719312E-05,4.3090867406072E-10,1.4508519616176E-10,-5.2386081174997E-06,0,0.004168300499818,100001919.3046,-2.8373701753623E-13,626.23287194373,0.004168300499818,237.06591903094,7.5899475543097E-05,626.23287194373,547.6402520035
245.17699999999,-0.00246171423825,-0.000818376505946,1.4295769382949E-25,0.001798368163718,1.7334975358215,3.1438502736418E-22,0.1395742832994,0,1.2575401094567E-21,0.55828106130973,2.4211263179318E-25,0.000108658916058,-2.6294431225401E-21,-0.11718625860875,1.842360472438E-21,-1.8425600829683E-21,0.24550666093492,0.2467926416339,-1.0964405533507E-11,-1.099764917735E-11,-1.8430183880558E-21,1.8411150063247E-21,1.0991350738496E-11,1.0972144677385E-11,0.24651391845082,0.24582133100031,0.085346699891245,1.9496947058403E-06,5.5828106131005E-07,-5.2515320542903E-06,0,0.005163645341347,100001919.33051,-2.8395755583864E-13,736.96994985174,0.005163645341347,278.41023899433,0.000255327864888,736.96994985174,644.5597320215
246.17699999999,-10.531463046969,-3.5088033138258,1.2943389808424E-22,0.001723814501256,1.7336960131516,2.4992821838969E-19,6.4352362080127,0,9.9971287355877E-19,25.740202768786,1.9294681207119E-22,0.005009847102618,2.3724998357112E-19,-10.915762342384,-1.6626977796328E-19,1.6755008123578E-19,22.917670372166,22.940870876809,-1.3061931848326E-08,-1.3089841226895E-08,1.6769728586588E-19,-1.6612053486099E-19,1.3082219212869E-08,1.3070413192192E-08,22.93622189881,22.92278733581,8.2257024855995,9.5805795055454E-05,2.5740202768784E-05,-4.6187096326913E-06,0,0.00615800045658,100001922.62284,-2.674694185811E-13,840.99329075088,0.00615800045658,317.10033461699,0.000329731796163,840.99329075088,735.62430244992
247.17699999999,-52.452972035066,-17.480458402336,2.3594337949843E-20,0.00149540937726,1.7338674367465,4.1249493763975E-17,13.387783328142,0,1.649979750559E-16,53.549577092089,3.1908990257339E-20,0.01042242348169,4.5466747124774E-17,-26.140729002217,-3.1863676624307E-17,3.2045381676362E-17,54.900473450777,54.920438815992,-2.8416340653735E-06,-2.846653576174E-06,3.2073181383608E-17,-3.1835449704221E-17,2.8450259451224E-06,2.8434333847038E-06,54.916427470483,54.904992128438,19.868849788382,0.000202125758818,5.3549577092039E-05,-3.9278170467314E-06,0,0.007151367811835,100001932.70935,-2.5101736622412E-13,930.40525478196,0.007151367811835,350.24233957576,-0.000760045559969,930.40525478196,813.91498608033
248.17699999999,-128.8228607497,-42.935418685622,1.1136917795191E-18,0.001084657340894,1.7340077375104,1.8099138078747E-15,22.291057158771,0,7.2396552314987E-15,89.161380804695,1.4028037789404E-18,0.017353649365235,2.3856970478611E-15,-38.562261924584,-1.671954310039E-15,1.6783106381577E-15,80.995382205652,81.010243770634,-0.000165544472855,-0.000165787994838,1.6797885424336E-15,-1.6704456599831E-15,0.00016569153146,0.000165648846896,81.007143278089,80.999014866679,29.380169044001,0.000339890938573,8.9161360676605E-05,-3.0304173917654E-06,0,0.008143749367584,100001950.8485,-2.316833144529E-13,1002.2293473955,0.008143749367584,376.78976904165,-0.002333786763633,1002.2293473955,876.81688287634
249.17699999999,-226.50823200464,-75.498197782779,1.4849731178026E-17,0.000458319160257,1.7341120987788,2.2990416243792E-14,31.938555115564,0,9.1961664975167E-14,127.74712232235,1.7851015481915E-17,0.024864263022815,3.7906421121487E-14,-47.32712894775,-2.6566644688948E-14,2.6620921361396E-14,99.409491281737,99.418624805336,-0.002834837556792,-0.00283835419896,2.6645038390866E-14,-2.6541763306799E-14,0.002836639825731,0.002836640226996,99.416503149997,99.412163047961,36.102603998829,0.000490444769281,0.000127747093822,-2.0464714874682E-06,0,0.009135147078464,100001978.50843,-2.1233816959078E-13,1053.0256758635,0.009135147078464,395.52580489623,-0.002647626161379,1053.0256758635,921.30822429688
250.17699999999,-200.36875187069,-66.876476277963,6.4222797610885E-17,0.000355211327501,1.7341862358269,9.6517536469491E-14,26.114227106187,0,3.8607014587796E-13,104.43926116853,7.5134885508719E-17,0.020330016880322,2.1508893111171E-13,-51.275271697678,-1.507487377677E-13,1.5082308399407E-13,107.71452441521,107.70038707083,-0.016823763674271,-0.016841238519226,1.5096195025074E-13,-1.5060346144089E-13,0.016830776908304,0.016834449386216,107.70262001171,107.71263870877,39.286259806722,0.000406976902485,0.000104441385743,-1.7359944888521E-06,0,0.010125562893304,100002014.43546,-2.0667362234984E-13,1085.4335263853,0.010125562893304,407.46621421676,-0.001693380232568,1085.4335263853,949.69455308763
250.92699999999,-297.26817171929,-99.084939983427,1.2548075476924E-16,0.001087738720257,1.7342221458033,1.8651859780353E-13,36.687333054283,0,7.4607439121412E-13,146.71638308535,1.4513317602192E-16,0.028561230095497,4.8241014306939E-13,-54.08220342219,-3.3810398062738E-13,3.3796476739115E-13,113.60202789632,113.60509313597,-0.03840833914769,-0.038443036123343,3.3827148906279E-13,-3.3777946254789E-13,0.038419267975225,0.038432179503332,113.60397541832,113.60366737277,41.369545411957,0.000570226131005,0.000146717758247,-6.6103906895557E-07,0,0.010867731555417,100002046.78687,-1.8402612555907E-13,1097.6627951571,0.010867731555417,411.97451412457,-0.002212635143966,1097.6627951571,960.40662067115
251.92699999999,-5.7028752174655,-1.8965480096821,1.19318337536E-16,0.002163069466595,1.7342555343417,1.7632084251746E-13,0.65425390221383,0,7.0528337006985E-13,2.5905547166478,1.3765402002493E-16,0.000509339413881,8.3890478780047E-13,-58.865418271102,-5.8795476668354E-13,5.8730383513526E-13,123.61443130729,123.68395923375,-0.067284047021741,-0.067328944302471,5.8783174210497E-13,-5.873937858953E-13,0.067287380980249,0.067325018812748,123.64241265124,123.6638018466,45.42641095417,9.9486864228192E-06,2.5906332061041E-06,1.7065959707732E-06,0,0.011856433724147,100002094.27877,-1.3181911768482E-13,1104.1764662703,0.011856433724147,414.38448681151,-0.009702139338794,1104.1764662703,966.11664110405
252.92699999999,-46.459281550076,-15.487760693346,4.7642646871377E-19,0.002595662748429,1.7339968837609,8.0256427306696E-16,8.8655367195788,0,3.2102570922678E-15,35.460920897995,6.2521358375946E-19,0.006901861705589,3.5527754905889E-13,-34.975502322877,-2.4896372323618E-13,2.4866137354954E-13,73.469131966773,73.467854031827,-0.028285676432009,-0.028301246131599,2.488498307758E-13,-2.4876220091864E-13,0.028285868881309,0.0283007116043,73.467359414189,73.470107474713,26.865013258524,0.000132228847304,3.5460920898E-05,1.3608355413709E-07,0,0.011012143028068,100002113.38369,-1.6840248683323E-13,966.22709429191,0.011012143028068,363.5260576555,-0.000306706954702,966.22709429191,845.27964897031
253.92699999999,-4.3898635953608,-1.4634268480545,5.8576276621235E-22,0.002693637968695,1.7337629749211,1.125334143103E-18,1.7643755394425,0,4.5013365724122E-18,7.0572778919017,8.7667035830513E-22,0.001373574694473,9.3648702342967E-14,-16.605761824976,-6.562508542733E-14,6.5545386603563E-14,34.88198794988,34.881065957374,-0.007453555008812,-0.007457657956605,6.5595034676929E-14,-6.5571991970963E-14,0.007453607532704,0.007457515288729,34.880655067906,34.882779423055,12.793846781433,2.543382636426E-05,7.0572778918967E-06,1.1313231058449E-07,0,0.010022605341488,100002117.7103,-1.6567289077327E-13,845.36369111329,0.010022605341488,318.7568096695,-0.000712842958912,845.36369111329,739.44646880322
254.92699999999,-0.047314001043855,-0.015774423538612,4.9918792691312E-25,0.002705686006485,1.7335428945995,1.1031608431886E-21,0.059136851564041,0,4.4126433727544E-21,0.23653989095295,8.594772656302E-25,4.6038318860847E-05,2.4645301778924E-14,-5.3403867594812,-1.7270394401332E-14,1.7249420242019E-14,11.218039295875,11.217625003681,-0.001961528708745,-0.001962608469381,1.7262485970339E-14,-1.7256421958162E-14,0.001961542533708,0.001962570921512,11.217430759202,11.218402908109,4.1305418650966,7.918676227565E-07,2.3653989095292E-07,1.0472519571187E-07,0,0.009032087500106,100002118.24234,-1.6443968297275E-13,733.37733692016,0.009032087500106,277.1057927031,6.3274170698673E-06,733.37733692016,641.41003488248
255.92699999999,-1.8035917630745E-05,-6.0137074306537E-06,1.5382815782793E-28,0.002705866154771,1.7333241047126,3.993347380309E-25,8.4847424961667E-05,0,1.5973389521236E-24,0.000339378917202,3.1116810773396E-28,6.6054121963095E-08,6.4857899343743E-15,-1.4189912627044,-4.5449697132269E-15,4.5394500409504E-15,2.9807406059828,2.9806269213399,-0.000516206420512,-0.00051649057611,4.5428884880479E-15,-4.5412926501813E-15,0.000516210058765,0.000516480694809,2.9805734001627,2.9808404030451,1.0981432216657,9.9098568841277E-10,3.3937891720233E-10,1.0057690312004E-07,0,0.008040587560277,100002118.2503,-1.6355696681251E-13,623.0121159786,0.008040587560277,235.89534970909,7.4923770414349E-05,623.0121159786,544.81647899066
256.92699999999,-5.4715252894859E-10,-1.8245008661273E-10,1.035173933054E-32,0.002705866305688,1.7331046065094,3.2558131371685E-29,9.7813292991837E-09,0,1.3023252548674E-28,3.912407415985E-08,2.537503315204E-32,7.6148111599423E-12,1.7068352559479E-15,-0.37344038514522,-1.1960785998461E-15,1.1946260133242E-15,0.78445086441648,0.78442094117186,-0.000135847649518,-0.000135922429428,1.1955308934768E-15,-1.1951109242414E-15,0.000135848606981,0.000135919829011,0.78440685330533,0.78447713220926,0.28900278418517,9.4852459936118E-14,3.912407415985E-14,9.6552361137706E-08,0,0.007048103572566,100002118.25031,-1.6286938263074E-13,513.13058917885,0.007048103572566,194.7038624099,6.159965992907E-05,513.13058917885,448.66920155787
257.92699999999,-1.3546971745215E-15,-4.5176974942656E-16,7.4490579761575E-38,0.0027058663057,1.7328843786866,2.9712859767836E-34,9.2032446949495E-14,0,1.1885143907134E-33,3.6811809207724E-13,2.3164793558889E-37,7.1647695591591E-17,4.4917991799659E-16,-0.098276574991061,-3.1476645769645E-16,3.1438418724669E-16,0.20644029748881,0.20643242272673,-3.5750395861245E-05,-3.5770075342734E-05,3.1462232035367E-16,-3.1451179900164E-16,3.5750647832183E-05,3.5769391003263E-05,0.20642871528797,0.20644721026239,0.076055523098202,7.0391843981369E-19,3.6811809207724E-19,9.2524085832123E-08,0,0.006054633581729,100002118.25031,-1.6202405702067E-13,403.71333438729,0.006054633581729,153.52442883149,4.8256138212564E-05,403.71333438729,352.95088673104
258.92699999999,-8.8771688010399E-23,-2.9608260764882E-23,1.459367183007E-44,0.0027058663057,1.7326634306497,7.9540037662886E-41,2.29195422606E-20,0,3.1816015065155E-40,9.1675256368039E-20,6.204495170724E-44,1.784297214103E-23,1.1820859572026E-16,-0.025862990432661,-8.2835628781854E-17,8.2735028442698E-17,0.054327935617978,0.054325863253345,-9.4082658681785E-06,-9.4134448259429E-06,8.2797696826439E-17,-8.2768611435825E-17,9.4083321782056E-06,9.4132647314963E-06,0.054324887583895,0.054329754820525,0.020015179267479,1.2809418674978E-25,9.1675256368039E-26,8.8491916137712E-08,0,0.005060175626688,100002118.25031,-1.6117358229152E-13,294.75826547469,0.005060175626688,112.35657167932,3.5082288517202E-05,294.75826547469,257.65946402817
259.92699999999,-7.0519657806573E-33,-2.3527638797361E-33,3.154375475676E-54,0.0027058663057,1.732441771702,2.7129974293245E-50,6.9205143169407E-30,0,1.0851989717298E-49,2.7681177790956E-29,2.1187439512734E-53,5.3876531544759E-33,3.110840788359E-17,-0.006806243239354,-2.1799468234008E-17,2.17729937099E-17,0.014297230843075,0.014296685468481,-2.4759296929153E-06,-2.4772926151823E-06,2.1789485857381E-17,-2.1781831590296E-17,2.4759471434186E-06,2.4772452205616E-06,0.01429642870608,0.014297709594168,0.00526730189722,2.4447861271653E-35,2.7681177790956E-35,8.445584581098E-08,0,0.004064727740509,100002118.25031,-1.6033871456463E-13,186.26333278975,0.004064727740509,71.199823486144,2.2074831397304E-05,186.26333278975,162.79290340122
260.92699999999,-1.0205895666608E-50,-3.4083227191944E-51,9.1607704472579E-72,0.0027058663057,1.7322194110215,1.8663757108312E-67,3.8094045765559E-47,0,7.4655028433249E-67,1.5237134197081E-46,1.463872914329E-70,2.9656394949812E-50,8.1866554217592E-18,-0.001791167465876,-5.7368649489823E-18,5.7298977714096E-18,0.003762535930272,0.003762392406569,-6.5157893390258E-07,-6.5193760782703E-07,5.7342379332635E-18,-5.7322235953646E-18,6.5158352627086E-07,6.5192513520436E-07,0.0037623248356,0.003762661920976,0.001386171410492,5.6524929339494E-53,1.5237134197081E-52,8.0415862041762E-08,0,0.003068287950378,100002118.25031,-1.5950551920999E-13,78.226508388325,0.003068287950378,30.053721212422,9.2305642242388E-06,78.226508388325,68.349261579771
261.92699999999,-2.8957032064728E-85,-9.5472332536998E-86,1.1135501283779E-106,0.0027058663057,1.7319963238737,6.1413382959612E-102,4.0599642191311E-81,1.3395669866825,-2.4565353183845E-101,-1.6239340930397E-80,4.68836993199E-105,3.1607013617316E-84,2.1523838952716E-18,-0.000470922513962,-1.5083012163378E-18,1.5064687079346E-18,0.000989222338795,0.000989184614081,-1.7130903763235E-07,-1.7140340311812E-07,1.5076106058142E-18,-1.5070801340883E-18,1.7131025397989E-07,1.7140011499578E-07,0.000989166842856,0.00098925547106,0.000364443635516,2.2609633189362E-87,-1.6239340930397E-86,1.0443877894878,-11.035540914957,0.002070854277578,100002118.25031,-1.5886256602843E-13,-29.333823441237,0.002070854277578,-11.07828648503,-7.1291814148738E-06,-29.333823441237,25.656195686577
262.92699999999,-1.8313597985729E-44,-6.0960440949909E-45,3.800710605402E-64,0.0027058663057,1.7317715638817,4.468029381095E-60,9.8484599776095E-40,2.8890080978636,-1.787211752438E-59,-3.939258834474E-39,3.4627828163176E-63,7.6670727105807E-43,5.6643288695044E-19,-0.000123930493856,-3.9693263558682E-19,3.9645038285978E-19,0.000260329054878,0.00026031912704,-4.5082604901005E-08,-4.5107438627722E-08,3.9675089082114E-19,-3.9661128904217E-19,4.5082925001564E-08,4.5106573307805E-08,0.000260314450269,0.000260337774142,9.5908903407504E-05,2.5378686948566E-45,-3.939258834474E-45,1.0496519134144,-11.048264393978,0.001072424737466,100002118.25031,-1.5805881794254E-13,-135.8426571547,0.001072424737466,-52.085826624339,-3.1438858949311E-05,-135.8426571547,118.70419320957
263.92699999999,-8.6214001150594E-32,-2.8717214380133E-32,1.5961088898763E-50,0.0027058663057,1.7315447273407,1.0518409573201E-46,1.7628899575356E-26,3.8601133007625,-4.2073638292803E-46,-7.0513357978296E-26,8.1678296325277E-50,1.3724181766596E-29,1.4906551573994E-19,-3.2614213277212E-05,-1.0445892072967E-19,1.0433200851888E-19,6.850958996336E-05,6.8506977300264E-05,-1.1864180038312E-08,-1.187071541486E-08,1.0441109180335E-19,-1.0437435345191E-19,1.1864264277696E-08,1.1870487692628E-08,6.8505746536189E-05,6.8511884571752E-05,2.5239901283297E-05,8.0611014415541E-32,-7.0513357978296E-32,1.0548329682364,-11.06075753344,7.2997339446779E-05,100002118.25031,-1.5742024812917E-13,-241.05382951899,7.2997339446779E-05,-92.920671810847,-5.5608540107065E-05,-241.05382951899,210.57612749093
264.92699999999,-2.7716699419227E-24,-9.234450340434E-25,3.5199033041642E-42,0.0027058663057,1.7313158367439,1.6135574596054E-38,2.1540808442266E-18,4.6321446133387,-6.4542298384217E-38,-8.6160496310975E-18,1.2539189723867E-41,1.6769621336766E-21,3.9228880410609E-20,-8.5829312431143E-06,-2.7489969686863E-20,2.7456570789678E-20,1.8029351042493E-05,1.8028663480057E-05,-3.1222412345197E-09,-3.1239611192197E-09,2.7477382770344E-20,-2.7467714509122E-20,3.122263403409E-09,3.1239011906154E-09,1.8028339585588E-05,1.8029954903936E-05,6.6422677578091E-06,1.4096393251691E-23,-8.6160496310975E-24,1.059929563267,-11.07301866578,-0.000927429913048,100002118.25031,-1.5671780929817E-13,-344.97918987221,-0.000927429913048,-133.58385689632,-7.9324976335507E-05,-344.97918987221,301.28326821158
265.92699999999,-4.7732203863894E-19,-1.5905058478479E-19,3.7203388658178E-36,0.0027058663057,1.7310849142187,1.3087408109036E-32,1.4097950884971E-12,5.2929421597004,-5.2349632436142E-32,-5.6390011938171E-12,1.0174499857888E-35,1.0975321497313E-15,1.0323682513891E-20,-2.2587292481694E-06,-7.2344078237192E-21,7.2256183910376E-21,4.7446986785461E-06,4.7445177355729E-06,-8.2166574470844E-10,-8.2211835877887E-10,7.231095383327E-21,-7.2285510319504E-21,8.2167157879256E-10,8.2210258764587E-10,4.7444324971033E-06,4.7448575944979E-06,1.7480141097754E-06,1.1970933283904E-17,-5.6390011938171E-18,6.6899402480546,-11.085046560431,-0.001928859022587,100002118.25031,-1.5602430193742E-13,-447.63046310663,-0.001928859022587,-174.07640150298,-0.000102598821804,-447.63046310663,390.83713941604
266.92699999999,-4.014320001298E-15,-1.337763751679E-15,1.9221782703439E-31,0.002705866305524,1.7308519815369,5.49013660625E-28,4.7975931142039E-08,5.8801271606856,-2.1960546425E-27,-1.9189762767092E-07,4.2692412176949E-31,3.7349489490632E-11,2.7168352368391E-21,-5.5826745284761E-07,-1.9038452670314E-21,1.9015321927949E-21,1.1727070194012E-06,1.172649272625E-06,-2.1623396178793E-10,-2.1635307413086E-10,1.9029735471696E-21,-1.9023039626091E-21,2.1623549711739E-10,2.1634892371438E-10,1.1726059727784E-06,1.1727648308622E-06,4.3386567137437E-07,4.9964670521316E-13,-1.9189762767092E-13,6.694863525108,-11.096840402043,-0.002931291997757,100002118.25031,-1.5545069748358E-13,-549.0192515641,-0.002931291997757,-214.39931015974,-0.000125440356426,-549.0192515641,479.24917021843
267.92699999999,7.323307355976E-09,2.4397633422428E-09,1.4223443011248E-27,0.00270586530404,1.7306170603289,3.4216816307753E-24,0.000243192001105,6.4139485473471,-1.3686726523101E-23,-0.000972737098994,2.6612197100712E-27,1.8932612402249E-07,7.1218823670055E-22,0.000200841873477,-4.9907173535383E-22,4.9846294481298E-22,-0.00042185439022,-0.000421898279054,-5.6898681989686E-11,-5.693002634362E-11,4.9884062672552E-22,-4.9866789359492E-22,5.6899088135767E-11,5.6928932022909E-11,-0.000421998570283,-0.000421781165434,-0.000146117264805,2.9946781910883E-09,-9.7273709899412E-10,6.6996924962642,-11.108399150815,-0.003934730853196,100002118.25035,-1.5486856428311E-13,-649.15694975408,-0.003934730853196,-254.55353760131,-0.000147530314566,-649.15694975408,566.53060555195
268.92699999999,0.013007289721396,0.004333808570076,2.6976665432456E-24,0.002704426352511,1.7303804728711,5.6095986274445E-21,0.30875747527964,6.9062022427418,-2.2438394509778E-20,-1.2349906628678,4.3634185445353E-24,0.000240369156143,-4.7743306053321E-21,0.28100604347407,3.345929612671E-21,-3.3458481952689E-21,-0.59024136631875,-0.59028821107058,-6.549614820978E-12,-6.5552114837005E-12,-3.3485738398672E-21,3.3429439901745E-21,6.5520435505538E-12,6.552648686052E-12,-0.59040762481895,-0.59015810156282,-0.2056148001712,4.3721059953795E-06,-1.234990662869E-06,6.6980716078628,-11.119042932632,-0.004939177609609,100002118.31389,-1.5410193148152E-13,-747.93115251751,-0.004939177609609,-294.49001764408,0.00028544290998,-747.93115251751,652.58518878278
269.92699999999,9.6575505472954,3.2189135712126,1.3487498118371E-21,0.002628534102869,1.730157858397,2.4899542042697E-18,5.9751929735187,7.3371465061205,-9.9598168170789E-18,-23.900011536498,1.9370471833467E-21,0.004651716210414,-2.4947662859264E-18,10.785403611075,1.7483113575737E-18,-1.7480335979409E-18,-22.655270098691,-22.655622044339,3.092199618712E-09,3.0932147599276E-09,-1.7493933040916E-18,1.7468132206529E-18,-3.0914558150113E-09,-3.0939374029566E-09,-22.656653191206,-22.654581753124,-8.1402111543051,8.8831856446373E-05,-2.3900011536501E-05,12.236676771848,-11.121730589403,-0.005944634293799,100002121.66531,-1.5097262904326E-13,-839.2194636257,-0.005944634293799,-331.7045490294,0.002958065530115,-839.2194636257,732.08454124842
270.92699999999,43.064132921279,14.354044718236,1.8118663912506E-19,0.002422881003489,1.7299619627527,3.0451441101833E-16,11.862945468126,7.6968321361034,-1.2180576440733E-15,-47.450265723627,2.3691830709218E-19,0.009235360767732,-3.4676089830368E-16,24.224855386418,2.4300296442361E-16,-2.4294522644138E-16,-50.885855362626,-50.886138372831,3.2639128237678E-07,3.2650377539016E-07,-2.4312967473066E-16,2.427988920993E-16,-3.2632183517076E-07,-3.2657075636081E-07,-50.887186422137,-50.885155246874,-18.415924721328,0.000178694330305,-4.7450265723604E-05,6.5207261088069,-11.126014216403,-0.006951102938688,100002130.74702,-1.4725036871679E-13,-918.72390131483,-0.006951102938688,-364.357168991,0.005724211580839,-918.72390131483,801.29486934323
271.92699999999,103.02835193932,34.341577289198,8.0814259644175E-18,0.002064750276756,1.7297987602076,1.2632969995178E-14,19.294561666005,7.9869290952162,-5.0531879980711E-14,-77.175746859786,9.829556918825E-18,0.015020913533087,-1.6677475934449E-14,35.634038943529,1.1687150087501E-14,-1.1683465303136E-14,-74.851725850963,-74.851909214037,1.2412758171648E-05,1.2417271341436E-05,-1.1692239284184E-14,1.1677419018297E-14,-1.2410412413376E-05,-1.2419519602601E-05,-74.852923883145,-74.851053351557,-27.147300822083,0.00029338966076,-7.7175746859707E-05,6.4021077965018,-11.131068246529,-0.007958585583342,100002146.56226,-1.4189416113115E-13,-984.94107526357,-0.007958585583342,-391.73132452107,0.009524770648181,-984.94107526357,858.91978776024
272.92699999999,185.88432064552,61.959611704545,1.2877508700707E-16,0.001522333518364,1.7296762670935,1.9102650245599E-13,27.946419923852,8.2039460141334,-7.6410600982397E-13,-111.78182790265,1.486474888116E-16,0.021756436339625,-3.0112278739025E-13,44.387758988417,2.1102007746579E-13,-2.1093601784784E-13,-93.239601067464,-93.2396690961,0.000186418001157,0.000186490450607,-2.1109519384276E-13,2.10843444433E-13,-0.000186386954849,-0.000186520044077,-93.240618017388,-93.238986580656,-33.852410164209,0.000427948848014,-0.000111781802011,11.886528496316,-11.140281502319,-0.008967084272996,100002170.51579,-1.3421327896216E-13,-1035.6537730908,-0.008967084272996,-412.81627152164,-0.00167737799962,-1035.6537730908,903.02760827577
273.92699999999,275.73697711121,91.909573160456,8.1385693526416E-16,0.000785561647014,1.7295978360381,1.1663384348344E-12,36.521057304617,8.3502437234106,-4.6653537393374E-12,-146.07824305479,9.0769070516643E-16,0.028431850586193,-2.2518732330282E-12,50.384888190914,1.5780665560827E-12,-1.5773055483336E-12,-105.83773328307,-105.83625365218,0.001222325638491,0.001222822316717,-1.5784992599941E-12,1.5767409085865E-12,-0.00122214119166,-0.001222997813536,-105.83789700002,-105.8365349107,-38.449383962738,0.000561928227884,-0.000146078200536,11.712768469113,-11.151009325055,-0.009976601059079,100002203.05245,-1.2380021792132E-13,-1070.3742318205,-0.009976601059079,-427.31089576782,-0.002737966977078,-1070.3742318205,933.22501758452
274.92699999999,426.92674147151,142.4038015778,2.4822379941199E-15,0.000135752004729,1.7295619530197,3.4952528951925E-12,49.518049334821,8.4328334251004,-1.398101158077E-11,-198.06237638004,2.7297043470522E-15,0.038550105156677,-8.1502869724137E-12,55.401203730807,5.6931800694716E-12,-5.7083437505725E-12,-116.38129465068,-116.37303455113,0.004045391510908,0.004037202171419,-5.6943511354828E-12,5.7067545451847E-12,-0.004042876251675,-0.004039445927728,-116.36874583592,-116.37376829779,-42.21962269509,0.00074287870917,-0.000198061642028,25.042185915179,-38.622497308422,-0.01098713801472,100002243.73787,-2.2214903052167E-12,-1090.102350595,-0.01098713801472,-435.58225390224,-6.8037853361791E-05,-1090.102350595,950.38271028083
275.92699999999,463.54322802578,146.65912675365,4.4176055582143E-15,0.001156878680743,1.7295505586059,6.1491771373881E-12,48.00253025197,8.4818997188126,-2.4596708549552E-11,-191.99819755409,4.711233732296E-15,0.037370289117289,-1.7254364803388E-11,58.20943800136,1.2115455899577E-11,-1.2146323636759E-11,-122.79598845438,-121.79199539795,0.008028665627944,0.008042866655062,-1.2173641483008E-11,1.2081341185509E-11,-0.008029556882137,-0.00803661076254,-122.37105804918,-122.13326365068,-44.43291855712,0.000714058374168,-0.000191996269733,3.474763153504,-32.979291950536,-0.011998697158322,100002288.82802,-6.2571809238149E-12,-1101.9647552635,-0.011998697158322,-440.54727475902,0.000427536017595,-1101.9647552635,960.70904755255
276.92699999999,62.714220703685,20.906202594358,1.7781543235666E-17,0.001627637051901,1.7298575758767,2.786508822785E-14,11.208058208008,7.9781346733931,-1.114603529114E-13,-44.830643461443,2.1834467621392E-17,0.008725551267103,-7.5792788373262E-12,37.343527132082,5.3155801908191E-12,-5.3147616495508E-12,-78.458459695479,-78.426608534799,0.003597449620041,0.003599829994488,-5.3154343161039E-12,5.306937750615E-12,-0.003598895517619,-0.00359776747119,-78.442892366084,-78.442959068329,-28.658007664428,0.000167969322496,-4.4830643461449E-05,-6.4119341608203,-35.728578701087,-0.011134761860328,100002309.6226,-2.131309400027E-13,-982.18357579864,-0.011134761860328,-390.75306850384,0.00087636816817,-982.18357579864,856.49475803649
277.92699999999,9.7654861345152,3.2553625857273,3.7141579454288E-20,0.001768067608199,1.7301241869532,6.5684177462683E-17,3.2099018933124,7.5007793479303,-2.6273670985073E-16,-12.839161538217,5.1469724265548E-20,0.002498931211289,-2.0006083815828E-12,20.303359411299,1.4030684178096E-12,-1.402838487373E-12,-42.660801281331,-42.636191557548,0.00095137565476,0.00095197508304,-1.4030020786887E-12,1.4008065833382E-12,-0.000951738686772,-0.000951450597397,-42.648164058447,-42.649427124272,-15.615165050037,4.6878388387664E-05,-1.2839161538208E-05,-6.4535154374594,-35.653119202408,-0.010124075805139,100002315.82418,-1.9549061760906E-13,-874.36249626543,-0.010124075805139,-346.25839062111,-0.003060919851188,-874.36249626543,762.65730843066
278.92699999999,0.40797787369484,0.1360175488957,6.3767128096999E-23,0.001797983101129,1.7303641441222,1.2788752508308E-19,0.34489608699268,7.0355572583122,-5.1155010033233E-19,-1.3795364028604,1.0027704878433E-22,0.000268504037135,-5.2650412114173E-13,7.8944060237026,3.6924828218983E-13,-3.6918773550444E-13,-16.590078567757,-16.575303197185,0.000250384507971,0.000250542169707,-3.6923075660797E-13,3.6865307504854E-13,-0.000250479989627,-0.00025040420174,-16.582259946674,-16.583395968068,-6.0965173896712,4.7998146329902E-06,-1.3795364028599E-06,-6.4679848496826,-35.624692590665,-0.009114410204979,100002317.14528,-1.8925027900962E-13,-774.25802731395,-0.009114410204979,-305.32580325231,-0.000618750624744,-774.25802731395,675.49853717698
279.927,0.001026553960525,0.000342327423002,5.3105141967089E-26,0.001799604369829,1.730595902766,1.2262172171178E-22,0.003103754265422,6.5497021519132,-4.9048688684711E-22,-0.012414585583233,9.6268657863514E-26,2.4162945977092E-06,-1.385574621968E-13,2.2074324376924,9.7173227656888E-14,-9.7157293819588E-14,-4.6392354692313,-4.6344683050062,6.5892467693799E-05,6.5933958519059E-05,-9.7168615411393E-14,9.7016590043289E-14,-6.591759497936E-05,-6.589765033055E-05,-4.63668746629,-4.6370819526134,-1.7081829295406,3.9088609742847E-08,-1.2414585583233E-08,-6.4567130626883,-35.621476526761,-0.008105763001283,100002317.21688,-1.8811074819172E-13,-675.25221627926,-0.008105763001283,-265.18872312423,-0.000161781083982,-675.25221627926,589.25524405315
280.927,1.9705305981569E-07,6.5726729222531E-08,1.3766001921523E-29,0.001799612081245,1.7308253115941,3.747277711252E-26,2.2618842344088E-06,6.02573362895,-1.4989110845008E-25,-9.0472224952574E-06,2.9473406329754E-29,1.7608928376654E-09,-3.6463469564745E-14,0.58150305943775,2.5572588967462E-14,-2.5568395740186E-14,-1.2221146738606,-1.2208535835498,1.7340588926539E-05,1.7351507857739E-05,-2.5571375186358E-14,2.5531367435702E-14,-1.7347201547427E-05,-1.7341952814716E-05,-1.2214403532426,-1.2215449625748,-0.45002032832278,2.4549916876517E-11,-9.0472224952574E-12,-6.4420971649876,-35.621052164104,-0.007098132141708,100002317.21722,-1.8764369176623E-13,-575.13524162054,-0.007098132141708,-224.93822111716,-0.000132062569731,-575.13524162054,502.00428419689
281.927,4.7522193340309E-12,1.5855389069905E-12,6.8817840466362E-34,0.001799612085066,1.7310527006631,2.2835283916839E-30,2.0731183383621E-10,5.4518420463539,-9.1341135667356E-30,-8.2921851535898E-10,1.8010262509246E-33,1.6139372554199E-13,-9.5959076540503E-15,0.15303151208436,6.7298094540826E-15,-6.7287059437118E-15,-0.32161835524918,-0.3212864762973,4.5634354600145E-06,4.566308940132E-06,-6.7294900295353E-15,6.7189613911973E-15,-4.565175670115E-06,-4.5637943875581E-06,-0.32144089521325,-0.32146842528956,-0.11842982726478,1.8601640074743E-15,-8.2921851535898E-16,-6.427610032338,-35.6205157545,-0.006091515580117,100002317.21722,-1.8727795624728E-13,-473.76206128843,-0.006091515580117,-184.51834306499,-0.000109128835866,-473.76206128843,413.61842983648
282.927,9.0298588692692E-18,3.0141387646263E-18,2.9499918898631E-39,0.001799612085066,1.7312780499605,1.2547779873004E-35,1.4972962201604E-15,4.8101871520037,-5.0191119492017E-35,-5.9889767308462E-15,9.9421348822193E-39,1.1656556729652E-18,-2.5253066919898E-15,0.040272532380442,1.7710500624659E-15,-1.7707596572343E-15,-0.084638682907104,-0.084551343992248,1.2009363283958E-06,1.2016925276826E-06,-1.7709660011463E-15,1.7681952323968E-15,-1.2013942907144E-06,-1.2010307855395E-06,-0.084591981641503,-0.084599226593849,-0.031166581240479,1.0536482393971E-20,-5.9889767308462E-21,-6.413276887898,-35.619842577521,-0.005085911276543,100002317.21722,-1.8694439622445E-13,-371.12045344423,-0.005085911276543,-143.92782560247,-8.5768144855142E-05,-371.12045344423,324.08573997054
283.927,3.0835349934494E-25,1.0302911271303E-25,2.1657479097769E-46,0.001799612085066,1.731501337427,1.284778005862E-42,1.9442160476731E-22,4.0688351577579,-5.1391120234482E-42,-7.7765939129218E-22,1.0273021725131E-45,1.5135859120417E-25,-6.6457224459814E-16,0.010598319532604,4.6607832586667E-16,-4.6600190139366E-16,-0.022273935937414,-0.022250951394478,3.1604436558771E-07,3.1624337074451E-07,-4.6605620388037E-16,4.6532703461684E-16,-3.1616488522221E-07,-3.1606922339582E-07,-0.022261645800157,-0.022263552417979,-0.008201952229005,9.8552743205419E-28,-7.7765939129218E-28,-6.3990946927878,-35.619028535332,-0.004081317197171,100002317.21722,-1.8665203462685E-13,-267.19872065449,-0.004081317197171,-103.16565738055,-6.1963238455753E-05,-267.19872065449,233.39476950923
284.927,3.8802225040552E-36,1.3005509444698E-36,4.9352761119195E-57,0.001799612085066,1.7317225406417,4.8480003218319E-53,9.3191555970734E-33,3.1583436911783,-1.9392001287327E-52,-3.7275326890237E-32,3.9765035777684E-56,7.2550283875896E-36,-1.7489213080182E-16,0.002789106377868,1.2265548583094E-16,-1.2263537358971E-16,-0.00586171954836,-0.0058556708218,8.3171804081539E-08,8.3224175266126E-08,-1.2264966410128E-16,1.2245777229689E-16,-8.3203520626133E-08,-8.3178345785E-08,-0.005858485214732,-0.005858986969795,-0.002158466462774,2.8656174795461E-38,-3.7275326890237E-38,-6.3850604603447,-35.618069369045,-0.003077731314306,100002317.21722,-1.862173647013E-13,-161.98504209289,-0.003077731314306,-62.230811986369,-3.7703420530583E-05,-161.98504209289,141.53418502035
285.927,1.7225281324207E-57,5.9710677400892E-58,2.2783531767446E-78,0.001799612085066,1.7319416368143,6.5097988036917E-74,1.6201482991606E-53,1.84310174018,-2.6039195214767E-73,-6.4803679856061E-53,6.5675160630129E-77,1.2612968799795E-56,-4.6025481300228E-17,0.000733995079421,3.2278626508645E-17,-3.2273333672049E-17,-0.001542599213726,-0.00154100740078,2.1887904824104E-08,2.1901687084921E-08,-3.2277094433912E-17,3.2226595233748E-17,-2.1896251507241E-08,-2.1889626371071E-08,-0.001541748050407,-0.001541880094774,-0.000568032748891,1.7167680068922E-59,-6.4803679856061E-59,-6.3711712725683,-35.616960640916,-0.002075151606353,100002317.21722,-1.8606926173163E-13,-55.467471083309,-0.002075151606353,-21.12224746262,-1.297769261234E-05,-55.467471083309,48.49495334459
286.927,3.6328001327223E-68,1.2308784113846E-68,4.332481315068E-88,0.001799612085066,1.7321587364709,1.2911476504218E-83,1.2839422332348E-63,0,5.1645906016871E-83,5.1355904185154E-63,1.1273261935499E-86,9.9955809338921E-67,-1.2098140311684E-17,0.000192935976096,8.484674905509E-18,-8.4832724744738E-18,-0.000405483658587,-0.000405064898232,5.753393417387E-09,5.7570159124103E-09,-8.4842604138161E-18,8.471000408721E-18,-5.7555871763469E-09,-5.7538449608714E-09,-0.000405259692091,-0.000405294523487,-0.000149311563972,1.2830120508203E-69,5.1355904185154E-69,6.0667810138127E-07,0,-0.001073576057792,100002317.21722,-1.8600857317092E-13,52.285732609639,-0.001073576057792,20.145746680272,6.1519702346524E-06,52.285732609639,45.682470532429
287.927,5.9081727698262E-41,1.9706962397014E-41,3.4043773743245E-60,0.001799612085066,1.7323749001459,3.3845878769077E-56,7.7842780980102E-36,0,1.3538351507631E-55,3.113603018845E-35,2.5827070601191E-59,6.0601154393197E-39,-3.1838066591689E-18,5.0773989196549E-05,2.2328691657522E-18,-2.2325000950839E-18,-0.000106709092401,-0.000106598889345,1.5140915713691E-09,1.5150448851353E-09,-2.2327600860984E-18,2.2292705173093E-18,-1.5146688918544E-09,-1.5142104017809E-09,-0.000106650152264,-0.000106659318668,-3.9293572210677E-05,2.3739178354184E-41,3.113603018845E-41,5.7012680449527E-07,0,-7.3002659152485E-05,100002317.21722,-1.8631496125362E-13,160.63537841269,-7.3002659152485E-05,61.450207654456,1.9077316272421E-05,160.63537841269,140.38998314543
288.927,1.0969359064945E-29,3.6552888984082E-30,3.3297242788512E-48,0.001799612085066,1.7325903476253,1.9823802356496E-44,5.4826473349003E-24,0,7.9295209425986E-44,2.1929827129912E-23,1.5190370326833E-47,4.2682796435211E-27,-8.3786636473201E-19,1.3361935037178E-05,5.8761293354089E-19,-5.875158070835E-19,-2.8082094456612E-05,-2.8053092872585E-05,3.9845585382064E-10,3.9870673260199E-10,-5.8758422760761E-19,5.8666589535615E-19,-3.9860778434211E-10,-3.9848712581825E-10,-2.8066583477216E-05,-2.8068995753805E-05,-1.0340691514809E-05,2.8031115521211E-29,2.1929827129912E-29,5.335241821031E-07,0,0.000926570593011,100002317.21722,-1.8668759235529E-13,269.44620566669,0.000926570593011,102.76527481476,3.2167132403955E-05,269.44620566669,235.5266704082
289.927,1.2916155416172E-22,4.3033430074265E-23,1.8307700174193E-40,0.001799612085066,1.7328050695993,7.7767764517035E-37,2.4519768964504E-16,0,3.1107105806814E-36,9.8075667086862E-16,5.978669799118E-40,1.9088813180826E-19,-2.2049707168226E-19,3.5163931523861E-06,1.5463913647991E-19,-1.5461357620233E-19,-7.3902233754611E-06,-7.3825911744585E-06,1.0485962041277E-10,1.049256429178E-10,-1.5463158208661E-19,1.5438990921095E-19,-1.0489960320212E-10,-1.0486785010599E-10,-7.3861414290004E-06,-7.3867762557484E-06,-2.7213077097412E-06,1.7617739815823E-21,9.8075667086862E-22,4.968696788833E-07,0,0.001925145696142,100002317.21722,-1.871821794857E-13,378.72025991998,0.001925145696142,144.091415248,4.5424303366869E-05,378.72025991998,331.09151313404
290.927,1.5807890726281E-17,5.2667280680794E-18,9.755326198027E-35,0.001799612085066,1.7330190566307,3.2206493751114E-31,1.1402172683281E-10,0,1.2882597500446E-30,4.5607105593106E-10,2.4814547698277E-34,8.8766719007744E-14,-5.8027103923451E-20,9.2531335386931E-07,4.0695602778962E-20,-4.0688876210247E-20,-1.9446843048745E-06,-1.9426746476691E-06,2.7595378220449E-11,2.7612753030446E-11,-4.0693614728007E-20,4.063001489392E-20,-2.760590028951E-11,-2.7597543987113E-11,-1.9436094673073E-06,-1.9437767243419E-06,-7.1609669908761E-07,1.0565882576432E-15,4.5607105593106E-16,4.6016273370717E-07,0,0.002922724641705,100002317.21722,-1.8740515049982E-13,488.45960864229,0.002922724641705,185.4291005057,5.8852145080564E-05,488.45960864229,427.08624252258
291.927,-1.3903227319881E-12,-4.6325588117425E-13,3.4409975734586E-30,0.001799612071603,1.7332322991502,9.2896809739406E-27,3.6694098825522E-06,0,3.7158723895762E-26,1.4677129406702E-05,7.1686328658011E-30,2.8566614889264E-09,-1.5270693742802E-20,-2.5190435747144E-06,1.0709651941917E-20,-1.0707881717969E-20,5.2750662933874E-06,5.308846247737E-06,7.2618734621212E-12,7.2664443288439E-12,-1.0709128713371E-20,1.0692391524985E-20,-7.2646414667015E-12,-7.2624428470748E-12,5.2939700151154E-06,5.2878357425457E-06,1.8097750946935E-06,4.1673265588107E-11,1.4677129406702E-11,4.2340287980309E-07,0,0.00391930941521,100002317.21722,-1.8780775042788E-13,598.66634032797,0.00391930941521,226.77880621772,7.2458253547333E-05,598.66634032797,523.51284847025
292.927,-5.1067247858005E-05,-1.7014004576171E-05,2.0355336597448E-26,0.001799529031503,1.7334447727166,4.6479572146831E-23,0.020359837648137,0,1.8591828858733E-22,0.081436520158058,3.5908138385892E-26,1.5850277289854E-05,-3.9806598896598E-21,-0.016694392030724,2.7916861784596E-21,-2.7910898754505E-21,0.034983930166208,0.035155528269516,2.1184712212524E-13,2.0448665396757E-13,-2.7913430314526E-21,2.7872194141645E-21,-2.0694340420612E-13,-2.0890032039012E-13,0.035082414500947,0.035049142007787,0.012140529706812,2.7393128636186E-07,8.1436520158066E-08,3.8711707886028E-07,0,0.004914901996241,100002317.22089,-1.8823137336957E-13,709.33457057566,0.004914901996241,268.13804006444,0.000110845925044,709.33457057566,620.36637596418
293.927,-5.1187072630945,-1.7057263775468,2.8358787656009E-23,0.001758312207802,1.7336492499362,5.6372037921856E-20,4.9676861616831,0,2.2548815168742E-19,19.8700536414,4.360644574896E-23,0.003867378810178,5.079961436726E-20,-6.8737240471933,-3.5653181597664E-20,3.5804430864057E-20,14.42723913548,14.449972041525,-2.7172552701772E-09,-2.728163460999E-09,3.5887664732198E-20,-3.5569396571547E-20,2.7243052678804E-09,2.7213317638503E-09,14.44161610646,14.43615049772,5.1389793787097,7.3607158559968E-05,1.9870053641404E-05,4.5064642244223E-07,0,0.005909504358481,100002319.04104,-1.7872230908334E-13,816.48378777903,0.005909504358481,308.0277467047,0.000612999723607,816.48378777903,714.16175317636
294.927,-38.747029417928,-12.913986815347,7.3566854476508E-21,0.001568334703003,1.7338273484055,1.3150118341881E-17,11.463976335181,0,5.2600473367525E-17,45.854303870601,1.0183987991198E-20,0.008924787690374,1.3968072790259E-17,-22.552772807176,-9.7992088930817E-18,9.8325414166065E-18,47.363258297162,47.383812166044,-8.3954770087731E-07,-8.4214965112515E-07,9.8508177011138E-18,-9.7803084379066E-18,8.4116652534858E-07,8.4058482835386E-07,47.376761376669,47.370948882526,17.123632006256,0.000172562044421,4.5854303870567E-05,5.3560400579665E-07,0,0.006903118469713,100002327.43061,-1.6676303034397E-13,909.56435707667,0.006903118469713,342.5571742635,-0.000426165374421,909.56435707667,795.6606401698
295.927,-106.95541867535,-35.648192224525,4.8309113428875E-19,0.001207156641992,1.7339760323075,7.9756238450904E-16,19.942210505525,0,3.1902495380361E-15,79.765937339497,6.183566095108E-19,0.015525157235429,1.0021508663604E-15,-35.788534923277,-7.0281449394965E-16,7.0468217643244E-16,75.168119242455,75.18424379673,-6.7420271629005E-05,-6.7575112519405E-05,7.0574793095435E-16,-7.0169620543295E-16,6.7509897454526E-05,6.7488812466115E-05,75.179333258308,75.173676499547,27.254759286657,0.00030340701025,7.9765920367571E-05,6.3815180079018E-07,0,0.007895746291871,100002343.3806,-1.512326208421E-13,986.19331384727,0.007895746291871,370.89887949337,-0.002027766644052,986.19331384727,862.76777814204
296.927,-202.81749282436,-67.599749560813,8.7335658127003E-18,0.000635701879073,1.734089460235,1.3655914142727E-14,29.737096222215,0,5.4623656570909E-14,118.94223917131,1.0599186068721E-17,0.023150556061674,2.1201102935102E-14,-45.512881289357,-1.4864077258178E-14,1.4892339631434E-14,95.597405635555,95.608287441884,-0.001550507505604,-0.001552936962159,1.4910421934113E-14,-1.4844802100362E-14,0.001551707987174,0.001551790137967,95.605765909945,95.600560486914,34.708045166266,0.000455887362775,0.000118942202759,7.1787906128011E-07,0,0.008887389781049,100002368.61683,-1.3324419477727E-13,1042.3590096086,0.008887389781049,391.62405136523,-0.003950173688108,1042.3590096086,911.96197383974
297.927,-322.13828002677,-107.3674058558,5.1408246660846E-17,0.00015273426326,1.7341673138705,7.7829534507163E-14,41.386632967804,0,3.1131813802865E-13,165.5290164316,6.0449270153165E-17,0.032219825412026,1.5318766702144E-13,-51.941437941852,-1.073702736207E-13,1.0751087308252E-13,109.09996140707,109.11297783015,-0.011815846616582,-0.011827306568023,1.0761190908766E-13,-1.072604638846E-13,0.011819863709063,0.011823568578685,109.10948220802,109.10404813726,39.610171555131,0.000635888527118,0.000165528532278,8.5598392214042E-07,0,0.009878050887523,100002403.43512,-1.146328567258E-13,1077.2471368804,0.009878050887523,404.48267482852,0.001457439190198,1077.2471368804,942.51669396849
298.677,-364.4074212121,-121.45000391985,1.0979008744309E-16,0.000850438674579,1.7342088321809,1.6387788018103E-13,44.717845131569,0,6.5551152072411E-13,178.84007657001,1.2736583972531E-16,0.034813216599511,3.8602311570527E-13,-54.382340509821,-2.704495457827E-13,2.7074464846608E-13,114.23103809675,114.23645151682,-0.030422299825623,-0.030431974119318,2.7088254292507E-13,-2.7028945338957E-13,0.030420643913996,0.030434018310125,114.23697054246,114.23106976807,41.507498910335,0.000689705103393,0.000178839812074,8.2397975852157E-07,0,0.010620403199861,100002434.24883,-1.0659332153653E-13,1092.9139353704,0.010620403199861,410.25570932068,0.000832576648792,1092.9139353704,956.24014318478
299.427,-402.49566726264,-134.15205802979,1.7081564929434E-16,0.001616196602944,1.7342399286747,2.5293659135313E-13,48.05683628368,0,1.0117463654125E-12,192.18171119347,1.9663097129451E-16,0.037412667848787,7.0063216086684E-13,-55.899837527045,-4.9083650922579E-13,4.9125018783476E-13,117.41964963424,117.42300207914,-0.055834075514049,-0.055845307049201,4.9146958122958E-13,-4.9057540212103E-13,0.055826578130495,0.055853445302116,117.42390786187,117.41930586903,42.675784264616,0.00074221489857,0.000192181433016,7.4853382922792E-07,0,0.011362204834015,100002468.0686,-9.9743302419034E-14,1101.8384696267,0.011362204834015,413.55057370822,0.000880017008684,1101.8384696267,964.05645127346
300.427,-121.0384578835,-40.294430799144,1.5568522548708E-17,0.002465594815614,1.7341271236165,2.4515118413064E-14,17.416009932979,0,9.8060473652257E-14,69.658005861682,1.9058986496746E-17,0.013558524558678,6.7861701102003E-13,-46.322208314247,-4.7507175257534E-13,4.7549015710795E-13,97.299760400987,97.305839300772,-0.053795171649787,-0.053779881059065,4.7535922536597E-13,-4.7516050432555E-13,0.05378413698446,0.053790874080279,97.307160683432,97.29912512403,35.554798823,0.000263123043424,6.9658007943222E-05,2.2841724690771E-06,0,0.011506544921824,100002505.58253,-1.0022875402779E-13,1034.8159337341,0.011506544921824,388.87890137159,-5.5284073661403E-06,1034.8159337341,905.34675926494
301.427,-16.369512075828,-5.4559124234178,1.6627157555881E-20,0.002665077433747,1.733876609203,2.9908299557569E-17,4.358401513393,0,1.1963319823028E-16,17.432945256473,2.3249236801163E-20,0.003393056346155,1.8286761652828E-13,-25.062343945836,-1.280156812619E-13,1.2813307624726E-13,52.643891775164,52.646249232698,-0.014456547303991,-0.014452336982112,1.2809536786808E-13,-1.2804197675234E-13,0.014453636788615,0.014455240784007,52.646936194394,52.643590183572,19.273806916278,6.4054862520433E-05,1.7432945256464E-05,1.8149663874023E-06,0,0.010517496585585,100002514.39183,-9.5064011137288E-14,903.72846426506,0.010517496585585,340.43021979174,-0.000877508687277,903.72846426506,790.54569399113
302.427,-0.6821002098461,-0.22731765095201,1.8663383474627E-23,0.002705454513088,1.7336520654461,3.8383119115457E-20,0.46145235701992,0,1.5353247646183E-19,1.8457397674812,2.9834275491688E-23,0.000359244988021,4.8129974193856E-14,-9.8624339990102,-3.3693176575462E-14,3.3724079964327E-14,20.715959980461,20.717346539012,-0.003804783749185,-0.003803675536012,3.3714152707141E-14,-3.370009995418E-14,0.003804017768137,0.003804439754054,20.71785387328,20.715705953932,7.6156596865695,6.4599935732306E-06,1.8457397674804E-06,1.7156029476894E-06,0,0.0095274690642,100002516.1749,-9.3611267854363E-14,788.74444513816,0.0095274690642,297.74985271088,-0.00029769559832,788.74444513816,689.87286130821
303.427,-0.001322242101254,-0.000440580843672,1.0229155518459E-26,0.002707553923138,1.7334333150752,2.4423776046726E-23,0.003197591553996,0,9.7695104186905E-23,0.012789883506633,1.8980061372597E-26,2.4893550210019E-06,1.2666110307565E-14,-2.758505175761,-8.866854756293E-15,8.8749874448294E-15,5.7941846032001,5.7946316780044,-0.00100128458711,-0.001000992944445,8.8723749378297E-15,-8.868676748439E-15,0.001001083007994,0.001001194059604,5.7947985307771,5.7940996899884,2.1346469293079,4.0261387555743E-08,1.2789883506633E-08,1.6779136890162E-06,0,0.008536460416911,100002516.26762,-9.3251418943088E-14,677.96038950914,0.008536460416911,256.4640422394,7.5826945761549E-05,677.96038950914,592.90097837562
304.427,-1.3031863252567E-07,-4.3418254587808E-08,1.5735475480589E-30,0.002707561062832,1.7332141806968,4.4761007675376E-27,1.1965247903771E-06,0,1.790440307015E-26,4.7859185341621E-06,3.4773924295837E-30,9.3150577377301E-10,3.3332714223275E-15,-0.72646978452252,-2.3334419839488E-15,2.3355822194414E-15,1.5259349599509,1.5260530726991,-0.000263502623712,-0.000263425873698,2.3348947001732E-15,-2.3339214677186E-15,0.000263449575233,0.000263478800081,1.5260971523401,1.5259125192232,0.56220825858645,1.2803695011228E-11,4.7859185341621E-12,1.6471187326382E-06,0,0.007544468697183,100002516.26793,-9.3026055183311E-14,567.84621715612,0.007544468697183,215.26615524659,6.8316303677571E-05,567.84621715612,496.5387457658
305.427,-1.2063940826171E-12,-4.0188967123069E-13,3.8882500998506E-35,0.002707561064588,1.7329943131481,1.3677070823355E-31,4.2084708599653E-11,0,5.4708283293419E-31,1.6833248129474E-10,1.0620744659192E-34,3.2763340436844E-14,8.7719892642818E-16,-0.19118123227554,-6.1407924644106E-16,6.146424805953E-16,0.40157227758404,0.40160336082144,-6.9344553546934E-05,-6.9324355663132E-05,6.1446154988686E-16,-6.1420542957791E-16,6.9330593067063E-05,6.9338284011392E-05,0.40161496107196,0.40156637194924,0.14795340485435,3.6500320432636E-16,1.6833248129474E-16,1.6163845959236E-06,0,0.006551491952678,100002516.26793,-9.2736662836549E-14,458.19802605695,0.006551491952678,174.08080686166,5.489013042315E-05,458.19802605695,400.60709997315
306.427,-6.0342998922491E-19,-2.0099071342632E-19,5.8555771021091E-41,0.002707561064588,1.7327737207059,2.6977410295121E-37,7.9976102899251E-17,0,1.0790964118048E-36,3.1989233841222E-16,2.0934068657011E-40,6.2262146354369E-20,2.3084767456142E-16,-0.050312125976992,-1.6160389823418E-16,1.6175212150849E-16,0.10567959405947,0.10568777406621,-1.8249029322266E-05,-1.8243713955039E-05,1.6170450695749E-16,-1.6163710516428E-16,1.8245355418713E-05,1.8247379402694E-05,0.10569082684109,0.10567803990567,0.038936093544649,5.2909631312091E-22,3.1989233841222E-22,1.5856728943356E-06,0,0.005557528225239,100002516.26793,-9.2397017169843E-14,349.01304935867,0.005557528225239,132.90726980112,4.1632288447475E-05,349.01304935867,305.10336909751
307.427,-2.5026632206302E-27,-8.3335592931425E-28,7.0734923687438E-49,0.002707561064588,1.7325524127367,4.7207152378146E-45,1.260019848084E-24,0,1.8882860951258E-44,5.0398891798337E-24,3.6583369320566E-48,9.8093727185467E-28,6.0750928033404E-17,-0.013240368785397,-4.2528419704526E-17,4.2567426818849E-17,0.027811124480766,0.027813277168704,-4.8024978772057E-06,-4.8010990609219E-06,4.2554896356298E-17,-4.2537158591779E-17,4.8015310359908E-06,4.8020636768448E-06,0.027814080550874,0.027810715482561,0.010246600150223,5.7418244233278E-30,5.0398891798337E-30,1.5549835189993E-06,0,0.004562575550863,100002516.26793,-9.2183890822619E-14,240.28922628878,0.004562575550863,91.745074295603,2.8542476641825E-05,240.28922628878,210.02550930445
308.427,-3.7008626526164E-40,-1.2315378184677E-40,2.5956241625174E-61,0.002707561064588,1.7323303984806,3.1407164944382E-57,7.0753097030039E-37,0,1.2562865977753E-56,2.8300170723101E-36,2.4256686114902E-60,5.508194976724E-40,1.5987491595623E-17,-0.003484395901964,-1.1191973104159E-17,1.1202238394648E-17,0.007318902497386,0.007319469008577,-1.2638472684366E-06,-1.2634791495631E-06,1.1198940820934E-17,-1.1194272869606E-17,1.2635928300929E-06,1.263733002289E-06,0.007319680430296,0.007318794863553,0.002696542079091,1.7718478499874E-42,2.8300170723101E-42,1.5243163738668E-06,0,0.003566631959678,100002516.26793,-9.194446436708E-14,132.02451813991,0.003566631959678,50.593755110866,1.561743513073E-05,132.02451813991,115.37152244397
309.427,-2.8024272222997E-71,-9.2906812742083E-72,2.7135469584636E-92,0.002707561064588,1.7321076870535,1.7529424934358E-87,2.0278699372328E-67,0,7.0117699737433E-87,8.1111736192816E-67,1.3171901908036E-90,1.5787157699032E-70,4.207341283405E-18,-0.00091696953449,-2.9453307419955E-18,2.9480322027581E-18,0.001926075797593,0.001926224883266,-3.3259981758993E-07,-3.3250294174813E-07,2.9471643982097E-18,-2.9459359587648E-18,3.3253285843498E-07,3.3256974678928E-07,0.00192628052197,0.001926047472182,0.000709634325308,9.3237237756642E-74,8.1111736192816E-73,1.4936713641425E-06,0,0.002569695475922,100002516.26793,-9.1706334910889E-14,24.216907718918,0.002569695475922,9.4528513935132,2.8540186554635E-06,24.216907718918,21.140048090684
310.427,-4.0595858394689E-56,-1.3601819136258E-56,2.0020700268383E-76,0.002707561064588,1.7318839166149,3.8720787988607E-72,1.130226677834E-51,2.2540708587281,-1.5488315195443E-71,-4.5207360921226E-51,3.0600880937211E-75,8.7989207129169E-55,1.1061235287889E-18,-0.00024107419469,-7.7433646348641E-19,7.7504706114721E-19,0.000506371430021,0.000506410619777,-8.7441554196917E-08,-8.7416038829632E-08,7.7481847096781E-19,-7.744960198853E-19,8.7423934250065E-08,8.7433618138411E-08,0.000506425249816,0.000506363979859,0.000186565111559,1.7785643883076E-57,-4.5207360921226E-57,-15.797428811508,-11.465500477693,0.001571764117918,100002516.26793,-9.1559938418128E-14,-82.911641798521,0.001571764117918,-31.635134338485,-1.9210483386326E-05,-82.911641798521,72.472094204911
311.427,-4.2890320674603E-37,-1.4319446257147E-37,2.7412181697963E-56,0.002707561064588,1.731658109984,2.3135134805273E-52,4.5196174339117E-32,3.4108425837542,-9.2540539221092E-52,-1.8077787455268E-31,1.811470095843E-55,3.5185645702672E-35,2.9109251813434E-19,-6.3442185762538E-05,-2.0377791916853E-19,2.0396492329675E-19,0.000133259017497,0.000133269330852,-2.3011518639959E-08,-2.3004803899524E-08,2.0390476646186E-19,-2.0381990875855E-19,2.3006881694384E-08,2.3009430150601E-08,0.00013327318096,0.000133257056878,4.9097326570096E-05,1.618489286939E-37,-1.8077787455268E-37,-15.774620687445,-11.453705148315,0.000572835898049,100002516.26793,-9.1405010606213E-14,-188.76789907854,0.000572835898049,-72.555883023222,-4.3609884866508E-05,-188.76789907854,164.92861609579
312.427,-1.2199622144797E-27,-4.070268419164E-28,5.9506162780439E-46,0.002707561064588,1.7314302381453,3.2161561402955E-42,4.8813696988844E-22,4.2648608793556,-1.2864624561182E-41,-1.9524741905253E-21,2.5126032251053E-45,3.8001921020921E-25,7.6605236131782E-20,-1.6695735267324E-05,-5.3627127610252E-20,5.367634047134E-20,3.5069051473658E-05,3.5071765583368E-05,-6.0558163104543E-09,-6.0540492287344E-09,5.3660509324117E-20,-5.3638177782369E-20,6.054596030709E-09,6.0552666940681E-09,3.5072778795283E-05,3.5068535508366E-05,1.2920676626998E-05,2.7162024436468E-27,-1.9524741905253E-27,-10.126107745567,-11.442528345687,-0.000427091177262,100002516.26793,-9.1303455117855E-14,-293.33245865515,-0.000427091177262,-113.30445778772,-6.7550601559765E-05,-293.33245865515,256.21462579638
313.427,-1.8671289063125E-21,-6.22770699609E-22,5.8793074102148E-39,0.002707561064588,1.731200323407,2.3397193461404E-35,2.8379667984767E-15,4.9745765897283,-9.3588773845616E-35,-1.1351438775212E-14,1.826030785301E-38,2.2093837752232E-18,2.0159783701819E-20,-4.3937259199086E-06,-1.4112759750716E-20,1.4125710832168E-20,9.2289316989775E-06,9.2296459564891E-06,-1.5936762696871E-09,-1.5932112364017E-09,1.4121544635212E-20,-1.4115667764434E-20,1.5933551353039E-09,1.5935316301318E-09,9.2299125979624E-06,9.2287959151956E-06,3.4002642526135E-06,2.1351751034569E-20,-1.1351438775212E-20,-10.101862344109,-11.431932675315,-0.001428019107582,100002516.26793,-9.1133619201814E-14,-396.61710722154,-0.001428019107582,-153.88188590021,-9.1043455244614E-05,-396.61710722154,346.34164044241
314.427,-6.0990278578128E-17,-2.0339794823365E-17,1.1414599832559E-33,0.002707561064587,1.7309683877167,3.5978010388507E-30,3.5227891103705E-10,5.5951738938497,-1.4391204155403E-29,-1.4090624642221E-09,2.8062618254883E-33,2.7425243692674E-13,5.3053407212102E-21,-1.156020372917E-06,-3.7139782897293E-21,3.7173865555247E-21,2.4281970670335E-06,2.4283853163002E-06,-4.193991234704E-10,-4.1927674318991E-10,3.7162901601158E-21,-3.7147435758931E-21,4.193146122815E-10,4.1936105946523E-10,2.4284556286199E-06,2.4281611501428E-06,8.9464694743349E-07,3.3321192551764E-15,-1.4090624642221E-15,-10.076858357519,-11.421883489215,-0.002429949898485,100002516.26793,-9.1110397197995E-14,-498.63350789111,-0.002429949898485,-194.28917937192,-0.000114098944914,-498.63350789111,435.32113728373
315.427,1.9000846484491E-12,6.3399182538333E-13,2.0276337371011E-29,0.002707561048215,1.7307344526739,5.2944451966747E-26,4.2043038188653E-06,6.1536750009364,-2.1177780786699E-25,-1.6816580594954E-05,4.1280732723189E-29,3.2730899630378E-09,1.3961362711638E-21,3.0180333387811E-06,-9.773584344654E-22,9.7825546551352E-22,-6.3410010412053E-06,-6.3379007927796E-06,-1.10370871228E-10,-1.103386648966E-10,9.7796688552447E-22,-9.7755988105401E-22,1.1034863082817E-10,1.1036085400047E-10,-6.3363916503261E-06,-6.343047582436E-06,-2.1750719340275E-06,4.7803219325865E-11,-1.6816580594954E-11,-10.051072076942,-11.412348632331,-0.003432885561581,100002516.26793,-9.1053177114779E-14,-599.39320084401,-0.003432885561581,-234.52733472091,-0.000136721763753,-599.39320084401,523.16448925971
316.427,1.3833763742976E-05,4.614884707735E-06,7.1970129367412E-26,0.00270751605809,1.7304985488858,1.6050261087316E-22,0.010345693164416,6.6656878794344,-6.4201044349263E-22,-0.041381210874236,1.2511056920922E-25,8.0542191802802E-06,2.3076337505566E-22,0.00892872366271,-1.6138118952631E-22,1.6188694972092E-22,-0.018758488983732,-0.018751568377996,-2.87696877407E-11,-2.8760844298039E-11,1.6167605059953E-22,-1.6157807954011E-22,2.8763731866015E-11,2.8766782884715E-11,-0.01874823819988,-0.018763281244664,-0.006512709952596,1.3715099448378E-07,-4.1381210874238E-08,-10.024639284172,-11.403139548885,-0.004436828114538,100002516.26992,-9.1069730859992E-14,-698.90370992273,-0.004436828114538,-274.59576464462,-0.000144452587743,-698.90370992273,609.87957642107
317.427,1.8353731637172,0.61198017971367,7.3941446297445E-23,0.002686073503767,1.7302652141704,1.4431526600945E-19,3.2123091667358,7.1327575742756,-5.7726106403778E-19,-12.848751616433,1.1246509463503E-22,0.002500812844139,-1.3514982751329E-19,3.8140852475785,9.4752963700584E-20,-9.452823415634E-20,-8.0123481614189,-8.0109701236172,1.8883247792911E-10,1.8906590545863E-10,-9.464223357586E-20,9.4630482375869E-20,-1.8890163634266E-10,-1.8899925847635E-10,-8.0103070661771,-8.0133613252224,-2.831354010044,4.7269480033685E-05,-1.2848751616448E-05,-10.036913469729,-11.357172215782,-0.005441779581106,100002517.21683,-8.9945029959458E-14,-795.35807784659,-0.005441779581106,-313.75694977801,0.003566227132458,-795.35807784659,693.89677458744
318.427,23.200872307702,7.7342836330041,1.808554024036E-20,0.002543950774076,1.7300561055165,3.1766810651333E-17,8.7385569971141,7.5260363095861,-1.2706724260533E-16,-34.952905425312,2.4750494797813E-20,0.006803049245745,-3.3932785730685E-17,17.719959432735,2.3785434042446E-17,-2.3739017704563E-17,-37.222517438767,-37.221235249459,3.6717036758062E-08,3.6755519714682E-08,-2.3763027088407E-17,2.3759377494856E-17,-3.6729369684079E-08,-3.6743585181712E-08,-37.22034286836,-37.223841449415,-13.440974094479,0.000130857169126,-3.4952905425305E-05,-4.4487246245301,-11.293779109416,-0.006447741991145,100002523.49305,-8.8135037211766E-14,-880.59214650616,-0.006447741991145,-348.63784369806,0.004179583654058,-880.59214650616,768.10694071311
319.427,69.814865388027,23.272976125648,1.3830696918314E-18,0.002266235613817,1.7298755087982,2.2359542236525E-15,15.403338413769,7.8513259666585,-8.94381689461E-15,-61.61100834252,1.7417847824763E-18,0.011991646680478,-2.7364657291756E-15,30.249630656685,1.9178560613186E-15,-1.9147442791556E-15,-63.541744236703,-63.540851614151,2.2895202698188E-06,2.2916988579631E-06,-1.916395480912E-15,1.9160442113563E-15,-2.2902807634924E-06,-2.2909586697127E-06,-63.539844668246,-63.543196994309,-23.025602105011,0.000233199305178,-6.1611008342473E-05,-4.5043768151933,-11.219738326188,-0.007454717380645,100002535.75713,-8.5892556655875E-14,-953.74805780157,-0.007454717380645,-378.78567451358,0.007554901683059,-953.74805780157,831.7799696784
320.427,142.16457056459,47.39044168159,3.6518181995454E-17,0.001818958676289,1.7297318815219,5.5475284691437E-14,23.503469106714,8.1050502685019,-2.2190113876575E-13,-94.010207224399,4.320755633454E-17,0.018297681307302,-7.9805235277556E-14,40.368482553399,5.5924561680721E-14,-5.5849801638956E-14,-84.79684547905,-84.796401455597,5.4082211163533E-05,5.4129479687915E-05,-5.5891000735443E-14,5.5878770868748E-14,-5.4100190479792E-05,-5.4111857212697E-05,-84.795308909088,-84.798392844885,-30.773681545159,0.000358772133052,-9.4010191846422E-05,-4.5836945570442,-11.133006914379,-0.008462707791754,100002555.50926,-8.3073028573427E-14,-1012.4059002668,-0.008462707791754,-403.10526737538,0.01052374169112,-1012.4059002668,882.81839355131
321.427,229.11134135599,76.373555028851,3.5902760032719E-16,0.001178514254936,1.7296315181762,5.223975457661E-13,32.056255141886,8.2858121393335,-2.0895901830644E-12,-128.21950044404,4.0681437701876E-16,0.024956119415789,-9.1129669239921E-13,47.699710726792,6.3853945572375E-13,-6.3784133156906E-13,-100.19634786821,-100.1963459145,0.000527615037874,0.000528043271738,-6.3824881955419E-13,6.3808007576498E-13,-0.000527790001574,-0.000527870517366,-100.19521267651,-100.19794458157,-36.393782738854,0.000492298238323,-0.000128219496947,-4.6743942789401,-11.040637472387,-0.009471715272801,100002583.79204,-7.9741365987807E-14,-1055.0116576382,-0.009471715272801,-420.85534659217,0.01281533937473,-1055.0116576382,919.88066870522
322.427,295.02909830313,98.332028976224,1.5124708384413E-15,0.00035520052101,1.7295730744102,2.1419269273327E-12,37.692638901295,8.4018417800854,-8.5677077093306E-12,-150.76257636729,1.6663649727023E-15,0.029344117021559,-4.6290025289852E-12,52.217541174726,3.2433227326768E-12,-3.2405640076235E-12,-109.66990817586,-109.70221351075,0.002409093867331,0.002410954481892,-3.2424448191309E-12,3.2411767385209E-12,-0.002409878788701,-0.002410171654487,-109.68639707351,-109.68726823425,-39.881201566615,0.00058197669366,-0.00015076274118,-42.875671915789,11.546089598332,-0.01048174187839,100002620.15098,-9.1112131445015E-14,-1082.7263658155,-0.01048174187839,-432.44485535809,-0.000636206231963,-1082.7263658155,943.97274636876
323.427,321.72978824278,104.45773394147,3.4338785115368E-15,0.000618354547678,1.7295500590512,4.7956119254355E-12,36.860378212504,8.4667485135874,-1.9182447701742E-11,-147.43147280161,3.6816645466195E-15,0.028696211343366,-1.23400016369E-11,55.461258724183,8.6010671867934E-12,-8.6464200034364E-12,-116.27306722859,-116.71464844363,0.005962955973735,0.005952775228695,-8.5998823973546E-12,8.6403313752981E-12,-0.005975254577225,-0.00594263687969,-116.69878741584,-116.31374460664,-42.43900934498,0.000562840636344,-0.000147431607423,-0.68977547220722,-40.021269372904,-0.01149278968143,100002663.14167,-5.776978726283E-12,-1098.3806932976,-0.01149278968143,-438.99445335584,0.000531569998878,-1098.3806932976,957.59090095745
324.42700000001,138.98617952144,46.270867709931,4.4348348140189E-16,0.001469346987189,1.7297035013337,6.5296930815709E-13,19.540678473915,8.2367434615642,-2.6118772326283E-12,-78.158850225504,4.9991233520787E-16,0.015212643131783,-1.4219949806605E-11,47.381136619209,9.9560269188726E-12,-9.9877756310791E-12,-99.521907237955,-99.561068274046,0.0067804840432,0.006811936729198,-9.9696487298847E-12,9.9566477117861E-12,-0.006812900954766,-0.0067800486639,-99.568749370482,-99.457093758235,-36.347594090848,0.000296050588504,-7.8158896437053E-05,22.144998947013,17.846742278109,-0.011640488201158,100002700.72574,-2.9825473004699E-13,-1042.6310948602,-0.011640488201158,-415.86378239163,-0.000173641440786,-1042.6310948602,909.08225168119
325.42700000001,26.775634745239,8.9066285799911,7.9703034384587E-19,0.00172075932745,1.7299963029837,1.3271546527188E-15,6.2942751483688,7.734833902079,-5.3086186108754E-15,-25.176074641123,1.0178999562258E-18,0.004900166575337,-3.8702429728347E-12,28.329307569493,2.7108086067265E-12,-2.7194161929938E-12,-59.512306953585,-59.503085580967,0.001866755943028,0.0018746008361,-2.7156896093189E-12,2.7099000665146E-12,-0.001874231571807,-0.001867254542351,-59.548176826172,-59.46673405631,-21.758953833311,9.3227821727691E-05,-2.5176074641111E-05,27.094191865737,18.776510673072,-0.010629291144431,100002711.82851,-2.856738253122E-13,-926.59040850032,-0.010629291144431,-367.72925302216,-0.006149931986066,-926.59040850032,808.11686539372
326.42700000001,2.6078050093176,0.86617277175518,1.6158189336905E-21,0.001792118260293,1.7302464458957,3.0397691781291E-18,1.3003809314231,7.2684105231845,-1.2159076712516E-17,-5.2013119217917,2.3290978791916E-21,0.001012361769063,-1.0187937789602E-12,13.334440923467,7.1358916129519E-13,-7.1585511798109E-13,-28.013103946044,-28.006759510476,0.000491536696891,0.000493599812507,-7.1487663233037E-13,7.1334778912849E-13,-0.000493500666264,-0.000491669853371,-28.040201904368,-27.979416769533,-10.27500721262,1.8626366693408E-05,-5.2013119217883E-06,21.487653900643,18.847916266094,-0.009619115574425,100002714.97982,-2.6455385575101E-13,-823.71718884226,-0.009619115574425,-325.47483970229,-0.001471311765623,-823.71718884226,718.5704637723
327.42700000001,0.030082846264761,0.009958749764439,2.056346420645E-24,0.001801036876447,1.7304807888022,4.4151147631858E-21,0.04685173009671,6.7960980276463,-1.7660459052743E-20,-0.18739928804583,3.376405261295E-24,3.6474620309558E-05,-2.6811062209788E-13,4.2543305508616,1.8779152595793E-13,-1.8838784642063E-13,-8.9378921586927,-8.935150241827,0.000129355670798,0.000129898604452,-1.8813034902109E-13,1.8772800036781E-13,-0.000129872506511,-0.000129390718961,-8.9497792414113,-8.9231832327366,-3.2905046640364,6.2464875988245E-07,-1.8739928804582E-07,21.476756812342,18.874651083762,-0.00860995942942,100002715.37368,-2.5878278569294E-13,-724.72376637069,-0.00860995942942,-285.17251536128,-0.000249661085122,-724.72376637069,632.35818270335
328.42700000001,1.8522853255933E-05,6.114626338393E-06,1.0028423797806E-27,0.00180119029881,1.7307112257755,2.5061119886001E-24,0.000108143383633,6.2925259413225,-1.00244479544E-23,-0.000432555917495,1.9111459278012E-27,8.4190890055834E-08,-7.0557109379846E-14,1.1314696616327,4.9420001099653E-14,-4.9576931277579E-14,-2.3771091462484,-2.3763542415568,3.4041778799492E-05,3.4184659474833E-05,-4.9509167196797E-14,4.9403283432214E-14,-3.4177791419923E-05,-3.4051002232472E-05,-2.380375582719,-2.373066887877,-0.87562823558813,1.2706863925328E-09,-4.3255591749485E-10,21.450154278432,18.888692746786,-0.00760182065394,100002715.38046,-2.5721926732206E-13,-625.21711494185,-0.00760182065394,-245.00117235629,-0.000143737570056,-625.21711494185,545.65876144696
329.42700000001,1.264591139402E-09,4.165565080083E-10,1.2264307686866E-31,0.001801190516853,1.7309396217613,3.6686458091771E-28,2.7989390960713E-08,5.7452493219319,-1.4674583236708E-27,-1.1195300425155E-07,2.7868728832357E-31,2.179006849843E-11,-1.8568102947117E-14,0.2977785146037,1.3005573444814E-14,-1.3046871843715E-14,-0.62560410200282,-0.62540537177802,8.958576376929E-06,8.9961774510419E-06,-1.3029038766145E-14,1.3001173953377E-14,-8.9943700249895E-06,-8.9610036541759E-06,-0.62646397341652,-0.62453999689851,-0.23044778872321,2.7767069255178E-13,-1.1195300425155E-13,21.423032873566,18.902701583491,-0.00659469719874,100002715.38047,-2.558855353446E-13,-524.47212791379,-0.00659469719874,-204.66594826372,-0.000120727528824,-524.47212791379,457.84059323065
330.42700000001,9.5701614171453E-15,3.1441986479453E-15,2.0472251216287E-36,0.001801190516892,1.7311659887833,7.6340752061675E-33,8.0265365097339E-13,5.1402433569362,-3.053630082467E-32,-3.2104838483302E-12,5.7665583380179E-36,6.2487526288027E-16,-4.886459352985E-15,0.078364637758297,3.4226009077659E-15,-3.4334691663398E-15,-0.16463658871156,-0.16458429001915,2.3575762937157E-06,2.3674715491188E-06,-3.4287761394146E-15,3.4214431191598E-15,-2.3669958993223E-06,-2.3582150661582E-06,-0.16486287611312,-0.16435655430305,-0.060645603028412,6.427041978363E-18,-3.2104838483302E-18,21.395939795028,18.917026468049,-0.005588587020771,100002715.38047,-2.5462108809466E-13,-422.4645172483,-0.005588587020771,-164.16059017828,-9.7584600563E-05,-422.4645172483,368.88128717486
331.42700000001,3.2069501154381E-21,1.0493534415955E-21,1.5213199283247E-42,0.001801190516892,1.7313903050058,7.5399654976399E-39,1.0176362242625E-18,4.4540448140276,-3.015986199056E-38,-4.0703791202218E-18,5.6448199407004E-42,7.9224171264492E-22,-1.2859410073489E-15,0.020622764653012,9.0070591839313E-16,-9.0356605456237E-16,-0.043326450800154,-0.043312687657455,6.2042960252077E-07,6.2303367918086E-07,-9.0233101806152E-16,9.0040122989084E-16,-6.2290850519184E-07,-6.2059770455106E-07,-0.043386001535513,-0.043252755777603,-0.015959749630354,6.1608762033629E-24,-4.0703791202218E-24,21.368877003709,18.93163241593,-0.004583488083144,100002715.38047,-2.5328650656962E-13,-319.18262831623,-0.004583488083144,-123.48408671441,-7.4002741028069E-05,-319.18262831623,278.76940134465
332.42700000001,4.5941573041696E-30,1.4917911732271E-30,4.3375435434094E-51,0.001801190516892,1.7316125481888,3.2104638017226E-47,5.4942066826372E-27,3.6410337554324,-1.284185520689E-46,-2.1975931706108E-26,2.3656975099015E-50,4.2773042149315E-30,-3.3841359457361E-16,0.005427172690368,2.3703352312787E-16,-2.3778620846849E-16,-0.011401969353373,-0.011398347387159,1.6327483980482E-07,1.6396013947375E-07,-2.3746119112196E-16,2.3695334002455E-16,-1.6392719816347E-07,-1.633190782389E-07,-0.011417640972992,-0.011382575463967,-0.004200034224137,2.2376950683205E-32,-2.1975931706108E-32,21.341845310989,18.94648557805,-0.003579398355108,100002715.38047,-2.5199019505854E-13,-214.61470221362,-0.003579398355108,-82.635419073521,-4.9971353369288E-05,-214.61470221362,187.49349034494
333.42700000001,2.1698676357407E-44,6.9108509229962E-45,2.9538402682427E-65,0.001801190516892,1.731832695727,4.3281186133258E-61,9.6536946441366E-41,2.58416860813,-1.7312474453303E-60,-3.8613205969962E-40,3.1055475504841E-64,7.5155142794765E-44,-8.9058331865733E-17,0.001428237382652,6.2378729770806E-17,-6.2576809578359E-17,-0.003000589772168,-0.002999636600385,4.2968087281744E-08,4.314843359928E-08,-6.249127666053E-17,6.2357628449263E-17,-4.3139764626346E-08,-4.2979729253268E-08,-0.003004713980878,-0.002995485995369,-0.001105298509844,1.9960464446886E-46,-3.8613205969962E-46,21.314845472094,18.961555273097,-0.00257631581202,100002715.38047,-2.5073650388957E-13,-108.74885525981,-0.00257631581202,-41.613553087565,-2.5479573537601E-05,-108.74885525981,95.042555026815
334.42700000001,4.2678836756307E-92,1.254421280525E-91,5.0969813089802E-114,0.001801190516892,1.7320507246416,2.2307198011667E-108,6.3977339664004E-87,0.31496846031652,-8.9228792046667E-108,-2.5589892916582E-86,3.0832800614314E-109,4.9807109250556E-90,-2.3419195582532E-17,0.000375575962023,1.6403405263861E-17,-1.6455497771259E-17,-0.000789049162753,-0.000788798344391,1.1299080839417E-08,1.1346520822146E-08,-1.6433007152491E-17,1.6397853700176E-17,-1.1344239594256E-08,-1.1302143959001E-08,-0.000790133597129,-0.000787706966473,-0.000290666874019,5.9065735861325E-94,-2.5589892916582E-92,20.629126302611,18.590386273031,-0.001574238435327,100002715.38047,-2.495887940719E-13,-1.5730768333928,-0.001574238435327,-0.41743886648649,-5.1621222130899E-07,-1.5730768333928,1.5811068318939
335.42700000001,2.125524873616E-50,7.4949081424638E-51,5.224082522007E-70,0.001801190516892,1.7322672408714,7.7930694988387E-66,1.5231522541401E-45,0,3.1172277995355E-65,6.0923608810755E-45,7.0429099210094E-69,1.185791860862E-48,-6.1605289860881E-18,9.8797014288651E-05,4.3149925131098E-18,-4.3286956907039E-18,-0.000207563074559,-0.000207497095611,2.9722760879442E-09,2.984755397442E-09,-4.3227794283031E-18,4.3135321481716E-18,-2.9841553097402E-09,-2.9730818559431E-09,-0.000207848340095,-0.000207210003544,-7.6458013210319E-05,3.0845657410842E-51,6.0923608810755E-51,-9.5877215560268E-06,0,-0.000573164212534,100002715.38047,-2.4940269221821E-13,106.54667504758,-0.000573164212534,40.881842544848,1.2495810685749E-05,106.54667504758,93.103221454188
336.42700000001,1.5899278813018E-34,5.4396027726128E-35,2.1940160634169E-53,0.001801190516892,1.7324830442043,1.6332475973539E-49,4.1948726480285E-29,0,6.5329903894155E-49,1.6778807218006E-28,1.3645381349232E-52,3.2657574626087E-32,-1.6212304816027E-18,2.5999834011533E-05,1.1355514122494E-18,-1.1391575975094E-18,-5.4623163709513E-05,-5.4605800413599E-05,7.8219656209668E-10,7.8548066920393E-10,-1.1376006492689E-18,1.1351670964914E-18,-7.8532274761549E-10,-7.8240861137676E-10,-5.4698235376441E-05,-5.4530248069104E-05,-2.0121009391153E-05,1.7127024784372E-34,1.6778807218006E-34,-9.4375869224324E-06,0,0.000426908862811,100002715.38047,-2.4930930825853E-13,215.12735017819,0.000426908862811,82.191646997379,2.550348601758E-05,215.12735017819,188.0268090964
337.42700000001,8.1078015623165E-26,2.7475718991276E-26,5.4665493076671E-44,0.001801190516892,1.7326981266824,2.7094106896925E-40,8.0476095107613E-20,0,1.083764275877E-39,3.2189127036547E-19,2.208372699622E-43,6.2651582101747E-23,-4.2664976991637E-19,6.8422246714079E-06,2.9883644199706E-19,-2.9978546072207E-19,-1.4374859401082E-05,-1.4370290003486E-05,2.0584610704151E-10,2.067103663576E-10,-2.9937572774217E-19,2.9873530385138E-19,-2.0666880705215E-10,-2.0590191081783E-10,-1.4394615573717E-05,-1.435040733374E-05,-5.2951286846181E-06,4.9497816618402E-25,3.2189127036547E-25,-9.2874318008772E-06,0,0.001425982791151,100002715.38047,-2.4914867828037E-13,324.17023056183,0.001425982791151,123.51229143857,3.8676911741666E-05,324.17023056183,283.37804226814
338.42700000001,6.8837339635077E-20,2.3219045356516E-20,2.0757850638144E-37,0.001801190516892,1.7329124789324,7.7100173918634E-34,2.5836271414738E-13,0,3.0840069567454E-33,1.0334087677519E-12,6.2094574646926E-37,2.0113839736438E-16,-1.1227893148773E-19,1.8006281908279E-06,7.864304346076E-20,-7.8892791179059E-20,-3.782947552985E-06,-3.781745051144E-06,5.4171319381093E-11,5.4398761465369E-11,-7.8784964142512E-20,7.8616427522441E-20,-5.4387824544795E-11,-5.4186004936502E-11,-3.7881466743784E-06,-3.7765126401988E-06,-1.393488011296E-06,2.1256887543853E-18,1.0334087677519E-18,-9.1372563144419E-06,0,0.002424059566936,100002715.38047,-2.4918835421021E-13,433.67737269663,0.002424059566936,164.84424518523,5.2019339158757E-05,433.67737269663,379.15821742732
339.42700000001,1.8207664154929E-15,6.1213765053576E-16,2.4256374434494E-32,0.001801190516799,1.7331260914521,7.203467534594E-29,2.6989445513526E-08,0,2.8813870138376E-28,1.0795338531634E-07,5.7607939875979E-32,2.10115992704E-11,-2.9547791472328E-20,4.544508360647E-07,2.0696031020985E-20,-2.0761755670553E-20,-9.5476823031009E-07,-9.5444518878956E-07,1.4255948381551E-11,1.4315802976283E-11,-2.0733379459429E-20,2.0689026658455E-20,-1.431292475102E-11,-1.4259813112991E-11,-9.5656670585046E-07,-9.5263539444497E-07,-3.5271923516772E-07,2.7835378722104E-13,1.0795338531634E-13,-8.9870605754252E-06,0,0.003421141178651,100002715.38047,-2.4907486657865E-13,543.65085518915,0.003421141178651,206.18798206282,6.5534137777951E-05,543.65085518915,475.36925614034
340.42700000001,-1.2783641587052E-08,-4.337061594629E-09,3.216672265927E-28,0.001801189231833,1.7333389543791,7.9570100054045E-25,0.000331890684611,0,3.1828040021618E-24,0.001327508671559,6.3340300705021E-28,2.5838078306975E-07,-7.7752760107509E-21,-0.000260891839521,5.4460093749778E-21,-5.4633093139281E-21,0.000547979933106,0.000548053051585,3.7260614874321E-12,3.7416691459712E-12,-5.455848316523E-21,5.4441596020432E-21,-3.7406799828399E-12,-3.727308615985E-12,0.000543177039638,0.000552871868936,0.000189231351814,4.1181831388118E-09,1.3275086715586E-09,-8.8367847901486E-06,0,0.00441722960884,100002715.38052,-2.4911358755825E-13,654.09265573579,0.00441722960884,247.54393453261,7.9618619171169E-05,654.09265573579,572.01309065393
341.42700000001,-0.088404489982729,-0.029865841351864,9.4969037991136E-25,0.001797503668574,1.7335504070156,2.0138215874013E-21,0.82433754231365,0,8.055286349605E-21,3.2972158760846,1.5976099661111E-24,0.000641756427105,-2.7866135316126E-22,-0.72416748792529,2.1073309490945E-22,-2.2360289618428E-22,1.5210592252489,1.5212637275822,-8.2319084922433E-11,-8.2708510201459E-11,-2.3715242014185E-22,1.9511550192478E-22,8.3346815500941E-11,8.1680053540129E-11,1.5107755155657,1.5315473377822,0.52899182848897,1.1898847934091E-05,3.2972158760917E-06,-8.556316496218E-06,0,0.005412326834138,100002715.54328,-2.4579675851304E-13,764.64900523501,0.005412326834138,288.78043017016,0.000925741423371,764.64900523501,668.77955443629
342.42700000001,-17.868549781071,-5.9683329420464,5.5008245718812E-22,0.001683192887016,1.7337417995816,1.0331788186348E-18,8.0007954439423,0,4.1327152745392E-18,32.001876177601,8.165734795661E-22,0.00622871332138,1.0427380445191E-18,-14.934488047651,-7.2304451552648E-19,7.1892188274878E-19,31.370102603568,31.371741962786,-5.7323139652498E-08,-5.7549943745922E-08,7.1162502397637E-19,-7.3011326890278E-19,5.7895064465033E-08,5.6974569118132E-08,31.335108780559,31.406542101744,11.297428156495,0.000119604192562,3.2001876177591E-05,-7.6125112693271E-06,0,0.006406434825329,100002720.59136,-2.2408819686749E-13,864.91394333486,0.006406434825329,326.03843055793,0.000115121651124,864.91394333486,756.55948595942
343.42700000001,-68.432594670427,-22.837982882129,7.0832453050961E-20,0.001413160264111,1.7339060403815,1.2127248753607E-16,15.459049445071,0,4.8508995014427E-16,61.833650101572,9.5569204621452E-20,0.012035053768573,1.4189135262699E-16,-29.577125048773,-9.8585375182793E-17,9.8108535870894E-17,62.127993010992,62.129467605386,-8.8708070605301E-06,-8.9009132261079E-06,9.7313147360105E-17,-9.9350697709942E-17,8.9431783428613E-06,8.8277904659681E-06,62.096216484484,62.161087666052,22.499101218006,0.00023405390414,6.1833640807209E-05,-6.6566119947124E-06,0,0.007399555547209,100002732.51631,-2.020514155003E-13,950.33431758747,0.007399555547209,357.67652768461,-0.001136742234778,950.33431758747,831.35871340922
344.42700000001,-152.33928996303,-50.823823627064,2.4093019761559E-18,0.00095005901273,1.7340375348538,3.8590122724295E-15,24.73980941412,0,1.5436049089718E-14,98.95463311283,3.0327052659081E-18,0.019260241369186,5.4345516888367E-15,-41.129830536315,-3.7828975491923E-15,3.7676391815758E-15,86.395128281879,86.396687366034,-0.000376112527567,-0.000377213297235,3.7442616542727E-15,-3.8052103099732E-15,0.000378569095408,0.000374722143195,86.368890198753,86.422880486214,31.347919713902,0.000377990042044,9.895460921711E-05,-5.4898224507588E-06,0,0.008391690958801,100002752.96752,-1.7584047295455E-13,1017.070370074,0.008391690958801,382.32843390077,-0.00267929315417,1017.070370074,889.80682065006
345.42700000001,-249.56858685828,-83.241640593056,2.3925540294289E-17,0.000268853092187,1.7341328807622,3.6713897571673E-14,34.051954289241,0,1.4685559028669E-13,136.19682949515,2.8775879903857E-17,0.026509870531737,6.5100504486576E-14,-48.944129618378,-4.5392629800561E-14,4.5246174854493E-14,102.80935317669,102.81123511287,-0.004835918205734,-0.004848077888956,4.504488008875E-14,-4.5582613086642E-14,0.004860382515166,0.004823200169833,102.79001341052,102.83069540261,37.34511329232,0.000523628821748,0.00013619682914,-4.2244975253799E-06,0,0.009382843013277,100002783.0512,-1.4973511858792E-13,1062.4893359312,0.009382843013277,399.07536277929,-0.000944528988549,1062.4893359312,929.58748467285
346.42700000001,-76.278753580952,-25.212693962547,7.1829936462721E-17,0.00058230667966,1.734201230954,1.0737484649527E-13,9.8155645342318,0,4.2949938598108E-13,39.244666382688,8.3913391174159E-17,0.007641543686487,2.8991790042683E-13,-51.499564344225,-2.0250247051359E-13,2.0195383881605E-13,108.17216880296,108.18361123237,-0.022417929946386,-0.022459323932247,2.0141731123677E-13,-2.0299707921741E-13,0.022492428905259,0.022383231965194,108.1628885945,108.19395100719,39.654048438364,0.000153883028221,3.9247298269736E-05,-3.5358052509068E-06,0,0.010373013657943,100002820.64045,-1.611953334524E-13,1091.1855818078,0.010373013657943,409.64740428812,-0.00017448756298,1091.1855818078,954.72296326081
347.17700000001,-186.80946520731,-62.286951907388,1.3528595944792E-16,0.001328706377312,1.7342351247135,2.0028825304286E-13,23.203340406846,0,8.0115301217142E-13,92.779260223958,1.5625264341998E-16,0.018064108684893,5.8757682124297E-13,-53.502769711676,-4.1070197686308E-13,4.0989398872977E-13,112.38039961388,112.39102394525,-0.04617950768176,-0.046266876397337,4.0910223747395E-13,-4.1141425005104E-13,0.046314760452106,0.046128980616658,112.37441119234,112.39814746053,41.067886210511,0.000363105039623,9.2783012235001E-05,-4.3066689345065E-06,0,0.011114998760616,100002853.60521,-2.3818871139322E-13,1102.032717752,0.011114998760616,413.64758009955,-0.001600963176465,1102.032717752,964.22495134491
347.92700000001,-173.79714445355,-58.18120950049,1.7727366637213E-16,0.002120808015225,1.734262558413,2.6095430766044E-13,21.461854856011,0,1.0438172306418E-12,85.80434484887,2.0424651700464E-16,0.016708347750494,9.0086992072118E-13,-54.325040149462,-6.2945455831835E-13,6.2870442160148E-13,114.1008506889,114.12282159315,-0.071230708160245,-0.071296003406911,6.2727602490999E-13,-6.3077818963996E-13,0.071385769198297,0.071137288591177,114.14545844821,114.08368176739,41.731518995359,0.000337460244844,8.5808812178542E-05,-4.2704781539539E-06,0,0.011856433729738,100002888.58913,-2.507658163713E-13,1108.3282663044,0.011856433729738,415.97730107592,-0.001402701835783,1108.3282663044,969.73782577205
348.92700000001,-46.330021383388,-15.447685844698,4.7667492431048E-19,0.002597414763722,1.7339966545056,8.0296973765974E-16,8.8502214360117,0,3.211878950639E-15,35.399240439293,6.2610520416399E-19,0.006890020967844,3.5788321618091E-13,-34.945971452622,-2.5062694542861E-13,2.5006871388177E-13,73.404229347882,73.408115555129,-0.0280672081586,-0.028128303241238,2.5006317670419E-13,-2.5058545231908E-13,0.028126280020291,0.028067982216204,73.399793311267,73.412766378658,26.842259302204,0.000131994158501,3.5399240439297E-05,-2.4357830151606E-06,0,0.011012143033662,100002909.63778,-1.3552525807434E-13,966.04637376765,0.011012143033662,363.52089565749,-0.000307217661345,966.04637376765,845.11266638832
349.92700000001,-4.3692581518126,-1.4571373500333,5.8682273128605E-22,0.002695177691853,1.7337627786832,1.1273256011339E-18,1.7591049645997,0,4.5093024045357E-18,7.0361122371703,8.7907882207692E-22,0.001369487881576,9.43341344731E-14,-16.584227504331,-6.6062162804638E-14,6.5915444722985E-14,34.834538442641,34.837789360882,-0.007395877458269,-0.007411955914957,6.5913608717556E-14,-6.6051605564724E-14,0.007411443446312,0.007396060955279,34.831183219422,34.841365030175,12.777270863018,2.5355953622626E-05,7.0361122371654E-06,-2.3255910626996E-06,0,0.010022605347088,100002913.95506,-1.3332559599015E-13,845.20475859991,0.010022605347088,318.75933558845,-0.000711933909936,845.20475859991,739.29867633851
350.92700000001,-0.04686195523823,-0.01563650835664,5.0037401864035E-25,0.002707177296869,1.7335427038584,1.105726811747E-21,0.058727333209159,0,4.4229072469881E-21,0.23489906437124,8.6241155825335E-25,4.5720052873583E-05,2.4825534119842E-14,-5.3307156948447,-1.7385312623671E-14,1.7346702006606E-14,11.196720312996,11.198236866983,-0.001946338023206,-0.001950569292635,1.7346218298231E-14,-1.7382534856509E-14,0.001950434453427,0.001946386288746,11.195207738572,11.199857052549,4.1230535617873,7.8625922503235E-07,2.3489906437122E-07,-2.3052628574526E-06,0,0.009032087505708,100002914.48497,-1.3252613928212E-13,733.22404686134,0.009032087505708,277.11007907562,6.7889899573485E-06,733.22404686134,641.26728479778
351.92700000001,-1.7782614086097E-05,-5.9364120576077E-06,1.5424614622416E-28,0.00270735601475,1.7333239114143,4.0039717299605E-25,8.3916134724024E-05,0,1.6015886919842E-24,0.000335649866213,3.1239245372681E-28,6.5329888276524E-08,6.5331813003232E-15,-1.4163289578037,-4.5751845162724E-15,4.5650236009668E-15,2.9748725606637,2.9752897403428,-0.000512205657859,-0.00051331917468,4.5648963060262E-15,-4.5744535089981E-15,0.0005132836899,0.000512218359587,2.9744574479285,2.9757344930312,1.0960776852475,9.7987580059642E-10,3.3564986621294E-10,-2.3116842641117E-06,0,0.008040587565879,100002914.49287,-1.3221431975946E-13,622.85988562269,0.008040587565879,235.89970059598,7.4913009202231E-05,622.85988562269,544.67475821661
352.92700000001,-5.375754215819E-10,-1.7952816007707E-10,1.0384617714701E-32,0.002707356163925,1.7331044104249,3.2659394371248E-29,9.6430599060717E-09,0,1.3063757748499E-28,3.8570553542644E-08,2.5492985785861E-32,7.5072574348315E-12,1.7192966154045E-15,-0.37273737490905,-1.204022801787E-15,1.2013488170094E-15,0.78290157766719,0.78301138575784,-0.000134793971491,-0.000135087008777,1.2013153176111E-15,-1.203830427139E-15,0.000135077670467,0.000134797314127,0.78279231513771,0.78312844989253,0.28845735098915,9.3483391484113E-14,3.8570553542644E-14,-2.3189167090588E-06,0,0.007048103578168,100002914.49287,-1.3195071273012E-13,512.9792760429,0.007048103578168,194.70822628984,6.1587139820998E-05,512.9792760429,448.52838584008
353.92700000001,-1.3252190395736E-15,-4.4277858980858E-16,7.4778745906525E-38,0.002707356163937,1.732884179832,2.9825434311727E-34,9.0373764307236E-14,0,1.1930173724691E-33,3.6147925544793E-13,2.3297437628207E-37,7.0357243511906E-17,4.5245657755018E-16,-0.098090973315665,-3.1685517863315E-16,3.1615148271835E-16,0.20603133179774,0.2060602293113,-3.5472889592872E-05,-3.5550006389927E-05,3.161426668952E-16,-3.1680455259081E-16,3.5547548884821E-05,3.5473769253822E-05,0.20600257785685,0.20609103635215,0.075911524489265,6.9096620788156E-19,3.6147925544793E-19,-2.3261436729261E-06,0,0.006054633587331,100002914.49287,-1.3165042941901E-13,403.56293378257,0.006054633587331,153.52880528928,4.8243894486549E-05,403.56293378257,352.81097393196
354.92700000001,-8.6228224542158E-23,-2.8832629251783E-23,1.4667133104015E-44,0.002707356163937,1.7326632290414,7.9932228008873E-41,2.236213260634E-20,0,3.1972891203549E-40,8.9444620424182E-20,6.2512886000252E-44,1.740923398841E-23,1.1907017831258E-16,-0.025813990255084,-8.3384803076514E-17,8.3199615806696E-17,0.054219981834092,0.054227586612781,-9.3351793270049E-06,-9.3554736741157E-06,8.3197295802708E-17,-8.3371480135108E-17,9.3548269477238E-06,9.335410821983E-06,0.054212414838667,0.054235693909736,0.019977162904771,1.2491369168496E-25,8.9444620424182E-26,-2.3333641966325E-06,0,0.00506017563229,100002914.49287,-1.3140354462331E-13,294.60877291718,0.00506017563229,112.36096036626,3.5070307565901E-05,294.60877291718,257.52045488892
355.92700000001,-6.7498988400727E-33,-2.2606295539784E-33,3.1777380470071E-54,0.002707356163937,1.732441567356,2.732682834457E-50,6.6624021230729E-30,0,1.0930731337828E-49,2.6648443576372E-29,2.14256948365E-53,5.186773530438E-33,3.1334956914881E-17,-0.006793306971734,-2.194385906553E-17,2.1895124485462E-17,0.01426873478144,0.01427073608369,-2.4566809771496E-06,-2.4620217140628E-06,2.18945139448E-17,-2.1940352949715E-17,2.4618515190854E-06,2.4567418982636E-06,0.014266743422412,0.014272869630505,0.005257265486482,2.3516793848795E-35,2.6648443576372E-35,-2.3405783099776E-06,0,0.004064727746111,100002914.49287,-1.3114747533024E-13,186.11474383332,0.004064727746111,71.204224058621,2.2063100857147E-05,186.11474383332,162.65480765343
356.92700000001,-9.286319305629E-51,-3.1271867413668E-51,9.2963796514225E-72,0.002707356163937,1.7322192039536,1.8934536641263E-67,3.5020656882266E-47,0,7.5738146565052E-67,1.4007650418968E-46,1.4973013774268E-70,2.7264072745325E-50,8.2462253670254E-18,-0.001787752267518,-5.7748286608768E-18,5.7620034850607E-18,0.003755014025753,0.003755540696003,-6.4650942548367E-07,-6.4791491394898E-07,5.7618428129659E-18,-5.7739059781349E-18,6.4787012479131E-07,6.4652545771967E-07,0.003754489972208,0.003756102168222,0.001383521800724,5.1863535765714E-53,1.4007650418968E-52,-2.3477860564412E-06,0,0.00306828795598,100002914.49287,-1.3078147908397E-13,78.07881862406,0.00306828795598,30.058133331778,9.2190812782788E-06,78.07881862406,68.212147504071
357.92700000001,-4.3592140414815E-85,-1.3851662011981E-85,9.9611863694369E-107,0.002707356163937,1.7319961135836,5.5031196325932E-102,5.901218756178E-81,1.3435251650833,-2.2012478530373E-101,-2.3603843209681E-80,3.9477585110925E-105,4.5941815975457E-84,2.1679042443619E-18,-0.000469993799862,-1.5181808952564E-18,1.5148115444207E-18,0.00098718001323,0.00098731847843,-1.6996510634625E-07,-1.7033447982185E-07,1.5147676304139E-18,-1.5179399930784E-18,1.7032282004874E-07,1.6996920728063E-07,0.000987042254823,0.000987466070803,0.00036372317189,3.3012590386175E-87,-2.3603843209681E-86,2.9468687415214,-8.8238038446478,0.002070854283181,100002914.49287,-1.3047242780395E-13,-29.48031616351,0.002070854283181,-11.073803387818,-7.1397463501377E-06,-29.48031616351,25.792764940646
358.92700000001,-1.9458459955334E-44,-6.4415191175029E-45,3.7549059529014E-64,0.002707356163937,1.7317713486209,4.4152204660616E-60,1.04270964099E-39,2.8908440572531,-1.7660881864247E-59,-4.1706562473197E-39,3.398061446408E-63,8.1176408530666E-43,5.7051385204395E-19,-0.000123685339838,-3.9953020661232E-19,3.9864351554419E-19,0.000259790013088,0.000259826452113,-4.4728658005763E-08,-4.4825863722462E-08,3.9863195897468E-19,-3.99466809881E-19,4.4822795292213E-08,4.4729737223527E-08,0.000259753760067,0.000259865293078,9.5718723004872E-05,2.6897549381618E-45,-4.1706562473197E-45,2.9391596435661,-8.7787234909018,0.001072424743069,100002914.49287,-1.3026604256182E-13,-135.98693671902,0.001072424743069,-52.081067195778,-3.1461108953822E-05,-135.98693671902,118.83830092759
359.92700000001,-8.8977264535557E-32,-2.9551053828192E-32,1.5861164410431E-50,0.002707356163937,1.7315445071522,1.0453829930777E-46,1.8176863071235E-26,3.8614866328,-4.1815319723108E-46,-7.2704274079041E-26,8.0880682572434E-50,1.4150942932779E-29,1.5013857564075E-19,-3.2549500217528E-05,-1.051418750522E-19,1.0490853008795E-19,6.8367319025714E-05,6.8376908456887E-05,-1.1770962228687E-08,-1.1796543251644E-08,1.0490548881915E-19,-1.0512519132781E-19,1.1795735751867E-08,1.1771246239811E-08,6.8357778544053E-05,6.8387129991596E-05,2.5189699921979E-05,8.3164232624985E-32,-7.2704274079041E-32,2.9318877387849,-8.7331650519006,7.2997345049772E-05,100002914.49287,-1.3011152443592E-13,-241.19591900324,7.2997345049772E-05,-92.915637297541,-5.563008644751E-05,-241.19591900324,210.7081010233
360.92700000001,-2.829737214476E-24,-9.4094100849244E-25,3.5051066121882E-42,0.002707356163937,1.73131561167,1.6069044849112E-38,2.1992831339841E-18,4.6332883455801,-6.4276179396447E-38,-8.7967479934915E-18,1.2456624206816E-41,1.7121727770258E-21,3.9511033456372E-20,-8.5658491604414E-06,-2.7669532131819E-20,2.7608124191335E-20,1.7991801359891E-05,1.7994324950776E-05,-3.097690786326E-09,-3.1044227847902E-09,2.7607323839992E-20,-2.7665141579599E-20,3.1042102800768E-09,3.0977655277929E-09,1.7989290650789E-05,1.7997014888365E-05,6.6290163746436E-06,1.4397828112761E-23,-8.7967479934915E-24,2.9250627877141,-8.6871302052492,-0.000927429907445,100002914.49287,-1.299774862068E-13,-345.11911211352,-0.000927429907445,-133.5785485314,-7.9345849087301E-05,-345.11911211352,301.41315531032
361.92700000001,-4.8457832714436E-19,-1.6123232484718E-19,3.7086155085552E-36,0.002707356163937,1.7310846843011,1.3046950543079E-32,1.4320044637759E-12,5.2939424593684,-5.2187802172317E-32,-5.7277674705553E-12,1.0124087897444E-35,1.1148355669084E-15,1.0397872486314E-20,-2.2542201762276E-06,-7.2816183657847E-21,7.2654580206637E-21,4.7347882102941E-06,4.7354523315425E-06,-8.1519998291241E-10,-8.1697160101379E-10,7.2652473972975E-21,-7.2804629314016E-21,8.1691567746498E-10,8.1521965216616E-10,4.7341274801541E-06,4.7361602279457E-06,1.7445162346561E-06,1.2163098119777E-17,-5.7277674705553E-18,2.9186932233101,-8.6406193480358,-0.001928859016983,100002914.49287,-1.2983601780466E-13,-447.76824069753,-0.001928859016983,-174.07082049889,-0.000102619032473,-447.76824069753,390.96496948627
362.92700000001,-4.056973439874E-15,-1.3505499864375E-15,1.9173500427714E-31,0.002707356163758,1.7308517468166,5.4766052769118E-28,4.8578250123818E-08,5.8810269830874,-2.1906421107647E-27,-1.9430450663681E-07,4.2523172599642E-31,3.7818849302711E-11,2.7363429069486E-21,-5.5661880430558E-07,-1.9162578479835E-21,1.9120050311234E-21,1.1690690084562E-06,1.1693540625494E-06,-2.1453109870841E-10,-2.1499732441002E-10,1.9119496015183E-21,-1.9159537807244E-21,2.1498260735997E-10,2.1453627494157E-10,1.1688204571258E-06,1.1696084936469E-06,4.3261066140316E-07,5.0603803953426E-13,-1.9430450663681E-13,2.9127862542883,-8.5936303325708,-0.002931291992153,100002914.49287,-1.2974942326404E-13,-549.15490685619,-0.002931291992153,-214.3934577086,-0.000125459936403,-549.15490685619,479.37496804788
363.92700000001,7.4937038135182E-09,2.4909246779417E-09,1.4193823415743E-27,0.002707355151722,1.7306168208485,3.4146885564094E-24,0.000245720167484,6.4147729308426,-1.3658754225637E-23,-0.00098283770601,2.652441515436E-27,1.9129659798458E-07,7.1732690937439E-22,0.000202954389744,-5.0233656808618E-22,5.0122002833221E-22,-0.000426572222837,-0.000426047057351,-5.6450080913035E-11,-5.6572781106211E-11,5.011987687609E-22,-5.0226351402851E-22,5.656892349616E-11,5.6451427825143E-11,-0.000426918267775,-0.000425736579898,-0.000147654605793,3.0263943628509E-09,-9.8283770601021E-10,2.907343057667,-8.5461530184755,-0.003934730847591,100002914.49292,-1.2965516501084E-13,-649.2905039432,-0.003934730847591,-254.5474145065,-0.000147545854981,-649.2905039432,566.6543933096
364.92700000001,0.013252592862983,0.004407340261627,2.6927806460935E-24,0.002705903751511,1.730380231283,5.5996289171403E-21,0.31133874488155,6.9069622610591,-2.2398515668561E-20,-1.2453005416409,4.3509696671505E-24,0.000242381581276,-4.7587251189893E-21,0.28341618793101,3.342453163145E-21,-3.3389024585316E-21,-0.59563203965944,-0.59501159626009,-6.2950211840973E-12,-6.3348544536792E-12,-3.348855378897E-21,3.3320010289115E-21,6.3504737502861E-12,6.2788915083589E-12,-0.59602966647324,-0.59466120931574,-0.20738014556372,4.4092999843836E-06,-1.2453005416421E-06,2.8965071003321,-8.4931500156238,-0.004939177604004,100002914.55701,-1.2947284865327E-13,-748.06155905962,-0.004939177604004,-294.48319234262,0.000289306117837,-748.06155905962,652.70606092773
365.92700000001,9.6884819205146,3.2281088681858,1.3455554480788E-21,0.002629838015331,1.7301576495886,2.4841696861239E-18,5.9820542963491,7.337794616001,-9.9366787444958E-18,-23.927170209563,1.9308497514004E-21,0.00465711339885,-2.4868650243533E-18,10.803995776065,1.7454315092244E-18,-1.7440506887504E-18,-22.697029045856,-22.691705520276,3.1341968103143E-09,3.1314643860101E-09,-1.7479483720758E-18,1.7412723937524E-18,-3.1266070951667E-09,-3.1389956217411E-09,-22.700240087194,-22.688929589576,-8.1543786027657,8.8934906464034E-05,-2.3927170209566E-05,8.4321976336529,-8.3604504311881,-0.005944634288188,100002917.91613,-1.2742667448455E-13,-839.33342295206,-0.005944634288188,-331.69153447832,0.002960577643897,-839.33342295206,732.19092743876
366.92700000001,43.133269072687,14.374380173613,1.8066615510138E-19,0.002424007496729,1.729961788977,3.0365644390985E-16,11.871833189657,7.6973845459196,-1.2146257756394E-15,-47.485248380896,2.3607972270171E-19,0.009242390277166,-3.455514566546E-16,24.241424011033,2.4240717985511E-16,-2.4227660222524E-16,-50.923194754727,-50.917847807269,3.3016235186067E-07,3.2987774823013E-07,-2.4269695454295E-16,2.419508799582E-16,-3.2947098080016E-07,-3.3056290529577E-07,-50.926242828282,-50.915277932136,-18.428509878783,0.000178829028463,-4.7485248380873E-05,8.3363575641483,-8.1958488803698,-0.006951102933071,100002927.00578,-1.2516301971963E-13,-918.82167242357,-0.006951102933071,-364.33791602032,0.005728547880046,-918.82167242357,801.38702842022
367.92700000001,103.13788519539,34.373276766796,8.0530760809358E-18,0.002065653920153,1.7297986326925,1.2589507718445E-14,19.305443000248,7.9873824827865,-5.035803087378E-14,-77.218348458482,9.7900342869833E-18,0.015029564195633,-1.6611842977434E-14,35.647428477862,1.1648056998379E-14,-1.1644468283051E-14,-74.882080835877,-74.876991406503,1.2535308864613E-05,1.252449236981E-05,-1.1659417186589E-14,1.1631407074051E-14,-1.2512657523144E-05,-1.2546917605973E-05,-74.884775089759,-74.874817033716,-27.157421097285,0.000293555420103,-7.7218348458403E-05,2.5862858695799,-7.9630502364173,-0.007958585577716,100002942.83103,-1.2200770772107E-13,-985.01946881099,-0.007958585577716,-391.70436893832,0.009529774986011,-985.01946881099,858.99497439401
368.92700000002,186.0225364384,61.998581270936,1.282292402357E-16,0.001522982634394,1.7296761941544,1.9023243612505E-13,27.958342762584,8.2042997621189,-7.6092974450021E-13,-111.82818054554,1.4796353442931E-16,0.02176597827388,-2.9977453733785E-13,44.397482440448,2.101108502445E-13,-2.1009007358355E-13,-93.261874325221,-93.257225793562,0.000187990191884,0.000187828747961,-2.1027249409538E-13,2.0989839531988E-13,-0.000187701595025,-0.000188114254753,-93.26410128004,-93.255565804373,-33.859697238514,0.000428130582995,-0.000111828154629,2.4357023677408,-7.6741869557638,-0.008967084267361,100002966.79607,-1.1761354498601E-13,-1035.7107552085,-0.008967084267361,-412.78062259803,-0.001678635163703,-1035.7107552085,903.08408112253
369.92700000002,274.97222108705,91.646102544335,8.0949390988424E-16,0.00078610555914,1.7295977892853,1.1601823862576E-12,36.427540835481,8.350555595439,-4.6407295450305E-12,-145.70244246219,9.0257669887514E-16,0.028359386170933,-2.2401524796057E-12,50.370366251922,1.5695408301493E-12,-1.5696549687367E-12,-105.80799426288,-105.80387631267,0.001231081927592,0.001230055413025,-1.5704506911209E-12,1.5685265475313E-12,-0.001229512041281,-0.001231607692402,-105.80971887247,-105.80276191931,-38.439857344978,0.000560569469234,-0.00014570239994,2.2786228757592,-7.405217942083,-0.009976601053434,100002999.33777,-1.1178376084405E-13,-1070.4229431289,-0.009976601053434,-427.27157966859,-0.002341590634298,-1070.4229431289,933.27460029937
370.92700000002,413.00072872899,137.61347498374,2.496754279262E-15,0.000129371962137,1.7295605969567,3.5088145655995E-12,50.292242803402,8.4351095797172,-1.4035258262398E-11,-201.15654308715,2.730221702772E-15,0.039153287237636,-8.1718427712765E-12,54.78389247464,5.7239931166582E-12,-5.724975071471E-12,-115.08200443515,-115.07160926869,0.004121223991078,0.004117946820783,-5.7263688161061E-12,5.7218200107651E-12,-0.004116840835523,-0.004122280089218,-115.08301278959,-115.07116117009,-41.75223161562,0.000771527910377,-0.000201155324431,7.516459384033,-7.0637202987104,-0.010987137993586,100003039.76584,-1.0431853662634E-13,-1090.6115719246,-0.010987137993586,-435.73545275229,0.005265011436634,-1090.6115719246,950.83589718147
371.92700000002,192.12126718627,66.011795040209,4.0243621652079E-15,0.001118664407763,1.7295426284113,5.5806698009384E-12,23.578199630847,8.4946957271904,-2.2322679203754E-11,-94.303446156069,4.3484350701321E-15,0.018356004811696,-1.72287734668E-11,54.638113924594,1.2027855956957E-11,-1.2063675235862E-11,-114.70877432337,-114.82021933788,0.00823365710051,0.008233150634955,-1.2026796318361E-11,1.2063363889461E-11,-0.00824912481473,-0.008218221839043,-114.78651039563,-114.7672862849,-41.947663917174,0.00036438494832,-9.4306219269583E-05,6.2304461087449,5.4558849027464,-0.011998697151962,100003083.45592,-8.7989655415507E-13,-1105.2491633376,-0.011998697151962,-441.8193497262,-0.004219955153132,-1105.2491633376,963.56303458906
372.92700000002,62.459960020888,20.812943918513,1.7355911190672E-17,0.001631918773328,1.7298585942999,2.7211735204302E-14,11.175454936438,7.9767532696138,-1.0884694081721E-13,-44.699701375569,2.1174233877459E-17,0.008700273326078,-7.3951295362028E-12,37.286730616091,5.1795152453092E-12,-5.1801575251324E-12,-78.330663243155,-78.314861721538,0.003596142872499,0.003608825276148,-5.1802727647246E-12,5.177973103849E-12,-0.003608604812821,-0.003596571530954,-78.331715501704,-78.314940043255,-28.614327107783,0.000167467432182,-4.4699701375575E-05,12.078694264776,11.207055229624,-0.011134761854812,100003106.12225,-1.513472175872E-13,-981.83784347918,-0.011134761854812,-390.55029033733,0.000859398543346,-981.83784347918,856.20048367125
373.92700000002,9.7033943262067,3.2330046217653,3.622721394762E-20,0.001771827494992,1.7301250770501,6.4100274492761E-17,3.1951812541801,7.4995059269336,-2.5640109797104E-16,-12.780128360622,4.9881533886926E-20,0.002487500804712,-1.951953479854E-12,20.257871307319,1.3671210629449E-12,-1.3673089114541E-12,-42.558667823508,-42.54665858873,0.000950969978805,0.000954277991244,-1.3673213160787E-12,1.3667322716008E-12,-0.000954232161629,-0.000951070337368,-42.559377457065,-42.546851350607,-15.580257218641,4.6658358335602E-05,-1.2780128360613E-05,12.031515682855,12.995584130608,-0.010124075799639,100003112.30081,-1.4506270636184E-13,-874.05504675252,-0.010124075799639,-346.07256622427,-0.003047921068413,-874.05504675252,762.39642083435
374.92700000002,0.40289910860601,0.13418598672325,6.2043189162643E-23,0.00180155992845,1.7303649830172,1.2450148744157E-19,0.34148983394016,7.0342723936289,-4.9800594976627E-19,-1.365895547692,9.6884717328565E-23,0.000265855420871,-5.1369630286604E-13,7.8668370638499,3.597856988468E-13,-3.5983517657118E-13,-16.528166739839,-16.521105755182,0.000250276048991,0.000251146499595,-3.5983839979299E-13,3.5968342245378E-13,-0.000251134479359,-0.000250302418372,-16.528554891833,-16.521247787763,-6.0752740324108,4.7513229236876E-06,-1.3658955476916E-06,12.039315261892,13.623237566628,-0.009114410199484,100003113.61384,-1.426252777089E-13,-773.96193789311,-0.009114410199484,-305.14557740359,-0.000615132802844,-773.96193789311,675.24752612523
375.92700000002,0.001004783882689,0.000334463732138,5.1446309452689E-26,0.001803161315951,1.7305967264839,1.1887125110143E-22,0.003045552947192,6.548329650222,-4.754850044057E-22,-0.012181642882911,9.2498209470507E-26,2.3710127838671E-06,-1.351860738432E-13,2.1985373578924,9.4682433398888E-14,-9.4695454198391E-14,-4.6192433496304,-4.6169948361203,6.5863525842807E-05,6.6092596313563E-05,-9.4696302359977E-14,9.4655518067409E-14,-6.6089433128433E-05,-6.5870465194887E-05,-4.6193671071987,-4.6170394082771,-1.7012933868845,3.8339673293225E-08,-1.2181642882911E-08,12.082652555684,13.65431363237,-0.008105762995789,100003113.68456,-1.4205874116804E-13,-674.95405973016,-0.008105762995789,-265.00854409961,-0.000161541304223,-674.95405973016,589.00238370812
376.92700000002,1.9163535555172E-07,6.3767332984055E-08,1.3253737874709E-29,0.001803168871402,1.7308261243583,3.610771560434E-26,2.2041843104668E-06,6.0242408560002,-1.4443086241736E-25,-8.8163255027653E-06,2.8094257021187E-29,1.7159935383795E-09,-3.5576022876387E-14,0.57914678713945,2.4916948328077E-14,-2.4920374925083E-14,-1.2168190747227,-1.216224642615,1.7332867503673E-05,1.7393150460708E-05,-2.4920598130484E-14,2.4909865198358E-14,-1.7392318026149E-05,-1.7334693687032E-05,-1.2168518082197,-1.2162364008523,-0.44819468836005,2.3910231554589E-11,-8.8163255027653E-12,12.130264929227,13.664543934056,-0.007098132136214,100003113.68489,-1.4176606996005E-13,-574.83333893009,-0.007098132136214,-224.7574095564,-0.000131946756114,-574.83333893009,501.74808742371
377.92700000002,4.5912618458908E-12,1.5272478866835E-12,6.5655324716778E-34,0.001803168875121,1.7310535024123,2.180833474947E-30,2.0059526059128E-10,5.4501910355182,-8.723333899788E-30,-8.0234357140021E-10,1.6966048753421E-33,1.5616669140154E-13,-9.3623060947355E-15,0.15241049352083,6.5572281086253E-15,-6.5581298632999E-15,-0.3202227832351,-0.3200663488581,4.5613758353927E-06,4.5772401015914E-06,-6.558188602891E-15,6.5553640882219E-15,-4.57702103525E-06,-4.561856420013E-06,-0.32023139759923,-0.32006944319643,-0.11794866220151,1.7986028980476E-15,-8.0234357140021E-16,12.178106455404,13.669262562097,-0.006091515574623,100003113.68489,-1.4141209289458E-13,-473.45636067442,-0.006091515574623,-184.33688897789,-0.000109010907214,-473.45636067442,413.35881387369
378.92700000002,8.6416697209625E-18,2.8732661902462E-18,2.7731907910583E-39,0.001803168875121,1.731278840598,1.1812185641573E-35,1.4339844637551E-15,4.8083146639497,-4.7248742566291E-35,-5.7356699883403E-15,9.1873090653351E-39,1.1163803599662E-18,-2.4638160290161E-15,0.040108859214375,1.7256222512641E-15,-1.725859560026E-15,-0.084270907030888,-0.084229739232751,1.2003870396654E-06,1.2045619334397E-06,-1.7258750181625E-15,1.7251317093424E-15,-1.2045042831879E-06,-1.2005135119477E-06,-0.084273174016051,-0.084230553549198,-0.031039767524293,1.0081287626409E-20,-5.7356699883403E-21,12.226156326637,13.669242223887,-0.00508591127105,100003113.68489,-1.4111030887104E-13,-370.81091575146,-0.00508591127105,-143.74572433346,-8.5647892281195E-05,-370.81091575146,323.8226043207
379.92700000002,2.9014659756214E-25,9.639602544253E-26,1.9800826014137E-46,0.001803168875121,1.7315021168545,1.1771234912286E-42,1.8279875879472E-22,4.0666200463378,-4.7084939649143E-42,-7.3116088857117E-22,9.1512340717636E-46,1.4231182366596E-25,-6.4838613087537E-16,0.010555182583796,4.5412056813165E-16,-4.5418301909539E-16,-0.022177015942023,-0.022166182085483,3.1589789944871E-07,3.1699657856874E-07,-4.5418708711801E-16,4.5399147545834E-16,-3.169814071302E-07,-3.1593118232441E-07,-0.022177612529494,-0.022166396383728,-0.008168529845897,9.2530466400722E-28,-7.3116088857117E-28,12.274419612741,13.664916316318,-0.004081317191678,100003113.68489,-1.4080882231655E-13,-266.88530629268,-0.004081317191678,-102.98290421942,-6.1840659346637E-05,-266.88530629268,233.12793915191
380.92700000002,3.5075112212443E-36,1.1633784435838E-36,4.2043338076257E-57,0.001803168875121,1.7317233087595,4.1471494000188E-53,8.3819933935803E-33,3.1554881902944,-1.6588597600075E-52,-3.3526407826572E-32,3.2199441023143E-56,6.5255189568933E-36,-1.7063147968861E-16,0.002777737426582,1.1950789939637E-16,-1.1952433419988E-16,-0.005836178266273,-0.005833327192063,8.3132756001699E-08,8.3421888102785E-08,-1.1952540475634E-16,1.194739269313E-16,-8.3417895534842E-08,-8.3141514836402E-08,-0.005836335266246,-0.005833383587507,-0.002149657847504,2.570728546719E-38,-3.3526407826572E-38,12.322898899964,13.656523009292,-0.003077731308813,100003113.68489,-1.4050432202213E-13,-161.6677110205,-0.003077731308813,-62.047402163442,-3.7578497397821E-05,-161.6677110205,141.26321510416
381.92700000002,1.2631908625022E-57,4.1639704839018E-58,1.2577145266793E-78,0.001803168875121,1.7319423935212,3.6669365730465E-74,1.1393876584492E-53,1.8382060253009,-1.4667746292186E-73,-4.5573377969401E-53,2.8202937218139E-77,8.8703192855711E-57,-4.49039553351E-17,0.000730998743961,3.1450101625859E-17,-3.1454426663458E-17,-0.00153586834427,-0.001535118045969,2.1877496281232E-08,2.1953585259674E-08,-3.1454708395212E-17,3.1441161316906E-17,-2.1952534561763E-08,-2.1879801285945E-08,-0.001535909660913,-0.001535132887183,-0.000565711204894,1.193321243957E-59,-4.5573377969401E-59,12.371593766361,13.644145512034,-0.002075151600861,100003113.68489,-1.4036524601161E-13,-55.146182799846,-0.002075151600861,-20.938176147353,-1.2850376017379E-05,-55.146182799846,48.217049371752
382.92700000002,4.524185964672E-68,1.5579079860589E-68,4.5348767179177E-88,0.001803168875121,1.7321594833829,1.3566022919507E-83,1.6276433520675E-63,0,5.4264091678028E-83,6.5102693660865E-63,1.0508290171837E-86,1.2671469721424E-66,-1.1802493629361E-17,0.000192134768191,8.2663013037985E-18,-8.2674378893506E-18,-0.000403685653328,-0.000403488453358,5.7502518996917E-09,5.7702508983009E-09,-8.2675119716583E-18,8.2639514353071E-18,-5.7699747051604E-09,-5.750857757366E-09,-0.000403696513922,-0.000403492353389,-0.000148690804881,1.630410145649E-69,6.5102693660865E-69,-3.731682889922E-06,0,-0.0010735760523,100003113.68489,-1.4008677021224E-13,52.609965737373,-0.0010735760523,20.330287272532,6.2386442411175E-06,52.609965737373,45.952022901819
383.92700000002,6.4280922851239E-41,2.1557484406477E-41,3.7502437527544E-60,0.001803168875121,1.7323756394515,3.7247610759621E-56,8.5406277397325E-36,0,1.4899044303848E-55,3.4160915579741E-35,2.9003257691912E-59,6.6490183898092E-39,-3.1059840056637E-18,5.0562833216289E-05,2.1753877140134E-18,-2.1756868216507E-18,-0.000106235277213,-0.000106183381404,1.513255672037E-09,1.5185186759315E-09,-2.1757063174355E-18,2.1747693146635E-18,-1.5184459919948E-09,-1.513415111602E-09,-0.000106238135324,-0.000106184407749,-3.9129973256396E-05,2.608351129337E-41,3.4160915579741E-41,-3.7736751162233E-06,0,-7.3002653660418E-05,100003113.68489,-1.3972628253225E-13,160.96119176471,-7.3002653660418E-05,61.634962318051,1.9165102982374E-05,160.96119176471,140.66473620589
384.92700000002,1.1539006837088E-29,3.8586800258419E-30,3.561048334061E-48,0.001803168875121,1.7325910792799,2.1180341137493E-44,5.8076547551132E-24,0,8.4721364549974E-44,2.3229534157244E-23,1.6496061444586E-47,4.5213542195345E-27,-8.1738122013806E-19,1.330628561883E-05,5.7248236331595E-19,-5.7256107747746E-19,-2.7957233633387E-05,-2.7943576557374E-05,3.9823346331574E-10,3.9961849316321E-10,-5.7256620806312E-19,5.7231962324888E-19,-3.9959936540845E-10,-3.9827542197363E-10,-2.7957985783422E-05,-2.7943846653822E-05,-1.0297575655611E-05,2.972224382826E-29,2.3229534157244E-29,-3.8157442572804E-06,0,0.000926570598503,100003113.68489,-1.3961288422627E-13,269.77360772402,0.000926570598503,102.95024533234,3.2255997807314E-05,269.77360772402,235.80355513172
385.92700000002,1.3383492105263E-22,4.4705765044216E-23,1.9259857387183E-40,0.001803168875121,1.7328057935576,8.1745476151087E-37,2.5565830390154E-16,0,3.2698190460435E-36,1.0225854589245E-15,6.3663816352284E-40,1.9903417125287E-19,-2.151047970035E-19,3.5017269741295E-06,1.5065638837464E-19,-1.5067710305541E-19,-7.3573198366937E-06,-7.3537257945286E-06,1.048004605137E-10,1.0516494963757E-10,-1.5067845324004E-19,1.5061356114748E-19,-1.0515991591184E-10,-1.0481150249674E-10,-7.3575177750369E-06,-7.353796874015E-06,-2.7099447189449E-06,1.8383084540755E-21,1.0225854589245E-21,-3.8578911492417E-06,0,0.001925145701633,100003113.68489,-1.3919507577946E-13,379.04925924794,0.001925145701633,144.27660342267,4.5514244514468E-05,379.04925924794,331.37011183383
386.92700000002,1.6240601280086E-17,5.4218145347155E-18,1.0159774547899E-34,0.001803168875121,1.7330197728471,3.3518627135935E-31,1.178236264068E-10,0,1.3407450854374E-30,4.7127249630516E-10,2.6102969684992E-34,9.1727620335582E-14,-5.660770342376E-20,9.2144552438613E-07,3.9647242976236E-20,-3.9652694320582E-20,-1.936007746447E-06,-1.9350613863499E-06,2.7579642427829E-11,2.767556261437E-11,-3.965304964036E-20,3.9635972418106E-20,-2.7674237921814E-11,-2.75825482736E-11,-1.9360598678731E-06,-1.9350800285974E-06,-7.1310015223376E-07,1.0924722594312E-15,4.7127249630516E-16,-3.9001166436169E-06,0,0.002922724647196,100003113.68489,-1.3912179165684E-13,488.79021389191,0.002922724647196,185.61450816141,5.8943170515899E-05,488.79021389191,427.36642272809
387.92700000002,-1.4634088012579E-12,-4.8934730399727E-13,3.5595491151984E-30,0.001803168861286,1.7332330075782,9.6040400118899E-27,3.7698938124447E-06,0,3.8416160047559E-26,1.5078871037758E-05,7.4788736038876E-30,2.9349239951232E-09,-1.4897066763637E-20,-2.5963894106911E-06,1.043369698974E-20,-1.043513160106E-20,5.4460098676164E-06,5.4612405126956E-06,7.2576833344928E-12,7.2829243031931E-12,-1.0435225094051E-20,1.0430731007299E-20,-7.2825762101525E-12,-7.2584475455578E-12,5.4450300385097E-06,5.4632138363244E-06,1.8657968241454E-06,4.2835793165406E-11,1.5078871037758E-11,-3.9424211396844E-06,0,0.003919309420701,100003113.68489,-1.3899419545077E-13,598.9985602018,0.003919309420701,226.96443518629,7.255048712717E-05,598.9985602018,523.79455484069
388.92700000002,-5.3231248821622E-05,-1.7787554870887E-05,2.095521645955E-26,0.001803083873705,1.7334454729636,4.7824529996367E-23,0.020831757006791,0,1.9129811998547E-22,0.083323136675434,3.7240503810378E-26,1.6217863564104E-05,-3.8808851984206E-21,-0.017085276097773,2.7180571355295E-21,-2.7185105908879E-21,0.035850390081819,0.03592409973013,1.8265268602724E-13,1.8027892058178E-13,-2.7184739825312E-21,2.7173449791698E-21,-1.8283225909041E-13,-1.8028342634697E-13,0.035845197149763,0.035934951264729,0.012424910346616,2.8039953228006E-07,8.3323136675442E-08,-3.9823943152397E-06,0,0.004914902001731,100003113.68865,-1.3876872258918E-13,709.66822604088,0.004914902001731,268.32382239474,0.000111511803356,709.66822604088,620.64941830073
389.92700000002,-5.1692781969532,-1.7239760746624,2.9054721995709E-23,0.001761513446419,1.7336498804148,5.7730003231721E-20,4.9860381454525,0,2.3092001292688E-19,19.943220789179,4.4947772704557E-23,0.003881712328309,5.2451293484941E-20,-6.9223510287521,-3.6796659224698E-20,3.6719686095912E-20,14.536465619684,14.544823332526,-2.7523769133663E-09,-2.7636122646696E-09,3.6782331591104E-20,-3.6725708324666E-20,2.7603839999395E-09,2.7555265649643E-09,14.535895856849,14.546088866953,5.1760160081172,7.3882961231309E-05,1.9943220789183E-05,-3.6032405852814E-06,0,0.005909504363961,100003115.52445,-1.3514462990383E-13,816.78468219958,0.005909504363961,308.2009852564,0.000606213192395,816.78468219958,714.41624363383
390.92700000002,-38.88599416454,-12.964335806201,7.5073566641937E-21,0.001571090168625,1.7338278954025,1.3414414733593E-17,11.48647492661,0,5.3657658934373E-17,45.94374624114,1.0442797499125E-20,0.008942409829215,1.4330975814483E-17,-22.596992530358,-1.004876962907E-17,1.0034255145649E-17,47.462292484715,47.47004594301,-8.4741064422863E-07,-8.500653303507E-07,1.0046663444943E-17,-1.003436098439E-17,8.4931472716779E-07,8.4814599804885E-07,47.46204020957,47.471028837805,17.15737589657,0.000172905511233,4.5943746241106E-05,-3.1127100302576E-06,0,0.006903118475182,100003123.93381,-1.3060326750018E-13,909.82302538875,0.006903118475182,342.71449925624,-0.00042976568604,909.82302538875,795.87824824573
391.92700000002,-107.18829970151,-35.733184089923,4.9124830569075E-19,0.001209331150765,1.7339764748724,8.1077479215728E-16,19.970662623442,0,3.2430991686291E-15,79.878786984553,6.3107205259925E-19,0.015547493150973,1.0234566595239E-15,-35.823504278499,-7.1736360918976E-16,7.167079128075E-16,75.245995541385,75.252513313693,-6.7825267674007E-05,-6.7983732002564E-05,7.1733478988215E-16,-7.1661084084133E-16,6.7939687636573E-05,6.7868622738455E-05,75.246183132146,75.253044858309,27.281409980248,0.000303845190089,7.9878769961694E-05,-2.4626468232939E-06,0,0.007895746297323,100003139.90964,-1.2419818205708E-13,986.39601338564,0.007895746297323,371.03534761804,-0.002033379966785,986.39601338564,862.93644913128
392.92700000002,-203.09913403283,-67.704056746171,8.8529150917994E-18,0.000637210840035,1.7340897863481,1.3838958065342E-14,29.767939081909,0,5.5355832261368E-14,119.06417969183,1.0769990554865E-17,0.023174844319557,2.1560831138213E-14,-45.536722298435,-1.5107345975686E-14,1.5100874644943E-14,95.6498982366,95.654998327187,-0.001554752823221,-0.001557304408948,1.5109275199278E-14,-1.5096607076465E-14,0.00155661581713,0.001555435036934,95.650553561668,95.655034431738,34.726153052013,0.00045636396547,0.000119064143171,-1.7195417866249E-06,0,0.008887389786481,100003165.17558,-1.157190178911E-13,1042.4969037352,0.008887389786481,391.73653519894,-0.003961791184836,1042.4969037352,912.07394280576
393.92700000002,-324.31906779573,-108.12868563412,5.2022906823191E-17,0.000152125595606,1.7341674851051,7.8745330652814E-14,41.647632786641,0,3.1498132261125E-13,166.57098388048,6.1260680948857E-17,0.032423403192601,1.5526177356745E-13,-51.982764933616,-1.0876260887359E-13,1.0876325534507E-13,109.18611979125,109.19928751559,-0.011817929473021,-0.011831770438585,1.0879822768985E-13,-1.0871220568696E-13,0.011828325828135,0.011821383309141,109.1901848108,109.1960023605,39.639104924581,0.000639762903172,0.00016657046595,-4.2211856252872E-07,0,0.009878050892935,100003200.03377,-1.0739139237789E-13,1077.2974618138,0.009878050892935,404.56292813273,0.001546158151081,1077.2974618138,942.55190109369
394.67700000002,-364.61430639905,-121.53816489353,1.1084018765023E-16,0.000849817190132,1.734209006442,1.6541479371715E-13,44.742991658657,0,6.6165917486861E-13,178.93857055979,1.2872411068358E-16,0.034833209483519,3.9000240461355E-13,-54.39210681511,-2.7315045402694E-13,2.7310425501513E-13,114.25313063914,114.25425157775,-0.030342162911024,-0.030353531836773,2.7314935811286E-13,-2.7307438777598E-13,0.030347744731596,0.030347870959785,114.25362772118,114.25436520733,41.514728348111,0.000690086104976,0.000178938301719,-9.054660880743E-07,0,0.010620403205248,100003230.84742,-9.1305287764626E-14,1092.9651802322,0.010620403205248,410.33625339685,0.000837016370445,1092.9651802322,956.27623600556
395.67700000002,-518.44344950062,-173.13910026019,1.9740774450516E-16,0.001898749049863,1.7342459133604,2.9242436295393E-13,59.117725532596,0,1.1696974518157E-12,236.41582454077,2.2699006867434E-16,0.046024224504268,7.97941133892E-13,-57.700321292583,-5.5601600078827E-13,5.5883497178505E-13,121.04182930135,121.36604816273,-0.062790125595723,-0.062603189164226,5.5612400602897E-13,-5.5870739397388E-13,0.062792027183087,0.062603333668732,121.17736676849,121.22639872206,43.945374323229,0.000896299146095,0.000236413848133,-1.3631036008169E-05,0,0.011609349799854,100003277.17398,-1.9389918792364E-12,1102.1060802514,0.011609349799854,413.71450596872,-0.000123002230204,1102.1060802514,964.28309106131
396.42700000002,-113.74251123525,-37.935844568462,1.5981145005391E-17,0.002459611991513,1.7341282160182,2.5146751970292E-14,16.390003011586,0,1.0058700788117E-13,65.553308402228,1.9516858188359E-17,0.012759921106422,7.1369425553942E-13,-46.338021276975,-4.9683450584849E-13,4.9954946004563E-13,97.321886436265,97.349081025617,-0.055779067671758,-0.055530955387676,4.966696012192E-13,-4.9971880158307E-13,0.055731207141525,0.055580015008899,97.333537911827,97.338357501196,35.578183807476,0.000247770218225,6.5553347369017E-05,-1.4197060285267E-06,0,0.011506544926814,100003301.9452,-9.3728813464436E-14,1035.3926118902,0.011506544926814,389.15328272845,-5.9819554153097E-05,1035.3926118902,905.84315008741
397.42700000002,-16.497432514604,-5.499349610752,1.7176237499476E-20,0.002660701570129,1.7338774316542,3.0875926912464E-17,4.3819820198478,0,1.2350370764986E-16,17.527054305503,2.3994314993083E-20,0.003411454739846,1.9224056425927E-13,-25.126087771561,-1.3384297792947E-13,1.3456480064535E-13,52.774477502216,52.782882383623,-0.014984520701527,-0.014919481263305,1.3380440805501E-13,-1.3460416382979E-13,0.014972305068084,0.014932020534792,52.77818520678,52.779692277072,19.322533734729,6.4408118884733E-05,1.7527054305493E-05,-2.0535025855144E-06,0,0.010517496590564,100003310.82557,-8.6745546165462E-14,904.14527792892,0.010517496590564,340.64625779905,-0.000877090509951,904.14527792892,790.90199296436
398.42700000002,-0.69251581363113,-0.23085628693391,1.9328569704761E-23,0.002701364190452,1.7336528481847,3.9723145031846E-20,0.46677099098776,0,1.5889258012738E-19,1.8669911990833,3.0867425094844E-23,0.000363389935117,5.0596480538077E-14,-9.9016386570857,-3.5226631820985E-14,3.5416598325875E-14,20.796282947208,20.801481531503,-0.003943709445183,-0.003926593829277,3.5216488420801E-14,-3.5426950036281E-14,0.003940495213128,0.003929893239258,20.798556334974,20.799550652751,7.6457816378383,6.5360299642705E-06,1.8669911990825E-06,-1.8474046768905E-06,0,0.009527469069176,100003312.62127,-8.4330693829501E-14,789.13147093011,0.009527469069176,297.95532567232,-0.000300623808873,789.13147093011,690.20306701611
399.42700000002,-0.001358628883451,-0.000452936813445,1.0649009666942E-26,0.002703494068647,1.73343410142,2.5405559565299E-23,0.003271945511567,0,1.016222382612E-22,0.013087131785387,1.9737410694247E-26,2.5472707015038E-06,1.3315126998555E-14,-2.7712150235452,-9.2703498797845E-15,9.3203420408768E-15,5.8202269918633,5.8219139718141,-0.001037838630015,-0.001033334434075,9.2676805207743E-15,-9.323066218939E-15,0.001036992763663,0.001034202716113,5.8209633418655,5.8212889859656,2.1444696252196,4.1217145133938E-08,1.3087131785387E-08,-1.7742505123338E-06,0,0.008536460421888,100003312.71533,-8.4219064194076E-14,678.34258246441,0.008536460421888,256.66817093304,7.5749710667259E-05,678.34258246441,593.22694141098
400.42700000002,-1.3506207604419E-07,-4.502862275169E-08,1.6505347902644E-30,0.002703501387734,1.7332149758091,4.6905350048589E-27,1.2350579608336E-06,0,1.8762140019435E-26,4.939986390437E-06,3.6428712523868E-30,9.61515693704E-10,3.5040484035741E-15,-0.72982349631327,-2.4396128329361E-15,2.452768918582E-15,1.5328064918058,1.5332521977655,-0.000273120698988,-0.000271935361402,2.4389103564877E-15,-2.4534858213748E-15,0.000272898098287,0.000272163861082,1.53300103056,1.5330870736413,0.56480096345598,1.3224616221621E-11,4.939986390437E-12,-1.7168554023023E-06,0,0.007544468702159,100003312.71565,-8.4440439469678E-14,568.22652387079,0.007544468702159,215.47003196064,6.837015116851E-05,568.22652387079,496.86305045803
401.42700000002,-1.2611742071447E-12,-4.2048435375719E-13,4.1241027107695E-35,0.002703501389549,1.7329951170061,1.4489147622555E-31,4.3822806504745E-11,0,5.795659049022E-31,1.7528251676736E-10,1.1247640385653E-34,3.4116873484981E-14,9.2213579365668E-16,-0.19206265184763,-6.4201576487575E-16,6.4547795946103E-16,0.40337818786716,0.40349548173267,-7.1875254995816E-05,-7.15633180349E-05,6.418308990851E-16,-6.4566662173136E-16,7.181667473418E-05,7.1623450689254E-05,0.40342938350469,0.40345202696674,0.14863481679,3.8039585484513E-16,1.7528251676736E-16,-1.659611621924E-06,0,0.006551491957654,100003312.71565,-8.4697568678895E-14,458.5764738147,0.006551491957654,174.28444003863,5.4943321360793E-05,458.5764738147,400.92977374219
402.42700000002,-6.3888566900695E-19,-2.1302105064499E-19,6.3239254100263E-41,0.002703501389549,1.732774533258,2.9088357117819E-37,8.4355233559573E-17,0,1.1635342847128E-36,3.3740416966158E-16,2.2564061279166E-40,6.5672125102843E-20,2.4267199650411E-16,-0.050543778369304,-1.689547770794E-16,1.6986589849264E-16,0.10615420296675,0.10618507036909,-1.8914905753583E-05,-1.8832815496146E-05,1.6890612724832E-16,-1.699155474166E-16,1.8899489597956E-05,1.8848640184063E-05,0.10616767576301,0.10617363468361,0.039115180206224,5.5869305102898E-22,3.3740416966158E-22,-1.6024227861406E-06,0,0.005557528230215,100003312.71565,-8.4888172142947E-14,349.38964813582,0.005557528230215,133.11066148897,4.1684750879274E-05,349.38964813582,305.42442641111
403.42700000002,-2.7132118140436E-27,-9.0470818088089E-28,7.9075544090093E-49,0.002703501389549,1.7325532339317,5.2646425092463E-45,1.3611297894025E-24,0,2.1058570036985E-44,5.4442486496932E-24,4.0783289778744E-48,1.0596649672824E-27,6.3862283941684E-17,-0.01330125095698,-4.4462641355039E-17,4.4702414773087E-17,0.027935855595954,0.027943978753313,-4.9777028225883E-06,-4.956099706541E-06,4.4449838520853E-17,-4.4715480531523E-17,4.9736458612898E-06,4.9602641784138E-06,0.027939401137094,0.027940969304304,0.010293667092891,6.2129896578272E-30,5.4442486496932E-30,-1.5452883613029E-06,0,0.004562575555838,100003312.71565,-8.5081478820833E-14,240.66398595764,0.004562575555838,91.948226516666,2.8594217337513E-05,240.66398595764,210.34497097436
404.42700000002,-4.2745419838359E-40,-1.4250176032428E-40,3.1874205217602E-61,0.002703501389549,1.7323312282681,3.8376811200071E-57,8.1422926881929E-37,0,1.5350724480029E-56,3.2567552573093E-36,2.9630299659223E-60,6.3389269574814E-40,1.6806188472509E-17,-0.00350039673979,-1.170092086439E-17,1.176402034945E-17,0.007351682797924,0.007353820512162,-1.3099470709924E-06,-1.3042619307879E-06,1.1697551632483E-17,-1.1767458773285E-17,1.3088794290085E-06,1.3053578655747E-06,0.007352615853077,0.007353028536609,0.002708912030077,2.0459027915013E-42,3.2567552573093E-42,-1.4882078460414E-06,0,0.003566631964653,100003312.71565,-8.5221823551458E-14,132.39744847608,0.003566631964653,50.796669864418,1.5668485939741E-05,132.39744847608,115.68943645571
405.42700000002,-8.689310920466E-71,-2.7345082093952E-71,1.8729414326288E-91,0.002703501389549,1.7321085253836,1.0765836925775E-86,5.8476900692755E-67,0,4.3063347703098E-86,2.3389598170838E-66,7.8040955673459E-90,4.5525359454193E-70,4.422766514762E-18,-0.000921174810968,-3.079249115712E-18,3.0958545636688E-18,0.001934690697969,0.001935253265203,-3.4472956501435E-07,-3.432334466269E-07,3.0783624586263E-18,-3.0967594295078E-18,3.4444860117913E-07,3.4352185608039E-07,0.001934936243538,0.00193504484656,0.000712885342072,2.8740506132918E-73,2.3389598170838E-72,-1.4311807503521E-06,0,0.002569695480897,100003312.71565,-8.5333343769087E-14,24.588018402914,0.002569695480897,9.6555306561452,2.9043845669147E-06,24.588018402914,21.456951416687
406.42700000002,-3.2171534977492E-56,-1.0690435257676E-56,1.4010323019076E-76,0.002703501389549,1.7318847666993,2.7269930711012E-72,8.8428418828039E-52,2.2494223052799,-1.0907972284405E-71,-3.5369610125966E-51,2.1689253856395E-75,6.8843175918523E-55,1.1628786936476E-18,-0.000242204628271,-8.0962729439077E-19,8.1399361751734E-19,0.000508688520414,0.000508836414181,-9.0639781488154E-08,-9.0246405724749E-08,8.0939426756416E-19,-8.142314426745E-19,9.0565917385705E-08,9.0322227790967E-08,0.000508753075525,0.000508781620312,0.000187439047639,1.3855133642323E-57,-3.5369610125966E-57,-22.802659278018,19.066535325763,0.001571764122893,100003312.71565,-8.5395109854969E-14,-82.544349714542,0.001571764122893,-31.433066920177,-1.9113930340409E-05,-82.544349714542,72.159510029886
407.42700000002,-3.9126684624074E-37,-1.3026103078435E-37,2.3783294088102E-56,0.002703501389549,1.7316589729654,2.0124372448E-52,4.0932064039201E-32,3.4077755175165,-8.0497489791999E-52,-1.637201214092E-31,1.5779172425885E-55,3.1866376475517E-35,3.0602661367318E-19,-6.373928992868E-05,-2.1306392541261E-19,2.1421297997894E-19,0.000133867983108,0.000133906903271,-2.3853034322783E-08,-2.3749512388118E-08,2.1300260138012E-19,-2.1427556675436E-19,2.3833596026217E-08,2.3769465948261E-08,0.000133884971623,0.000133892483554,4.9327016938873E-05,1.4630914728123E-37,-1.637201214092E-37,-22.851090184176,19.077214580664,0.000572835903023,100003312.71565,-8.5476753344502E-14,-188.4051571776,0.000572835903023,-72.354567455641,-4.3514971361096E-05,-188.4051571776,164.61990546353
408.42700000002,-1.1535095980938E-27,-3.8420267106164E-28,5.4433347062584E-46,0.002703501389549,1.73143111391,2.9468457782212E-42,4.5870635913905E-22,4.2624102578112,-1.1787383112885E-41,-1.8347342742651E-21,2.3036255072415E-45,3.571114693401E-25,8.0534873317281E-20,-1.6773821002588E-05,-5.6070535945051E-20,5.6372924558565E-20,3.5229096357106E-05,3.5239338703021E-05,-6.2772354154253E-09,-6.2499922755228E-09,5.6054397730341E-20,-5.6389395080456E-20,6.2721199755721E-09,6.2552433136732E-09,3.5233567105249E-05,3.5235543967255E-05,1.2981044402128E-05,2.5494092024037E-27,-1.8347342742651E-27,-22.899482782031,19.086808505112,-0.00042709117229,100003312.71565,-8.5476332379881E-14,-292.97422050314,-0.00042709117229,-113.10388868165,-6.7457263190684E-05,-292.97422050314,255.90983590962
409.42700000002,-1.7948448040802E-21,-5.9793071381711E-22,5.5100766211309E-39,0.002703501389549,1.7312012118429,2.1954469072988E-35,2.7125237293862E-15,4.9724772561701,-8.7817876291954E-35,-1.0849555836564E-14,1.7140126687206E-38,2.1117503939592E-18,2.1193796651807E-20,-4.4142485934542E-06,-1.4755688909217E-20,1.4835266395146E-20,9.2709937121002E-06,9.2736891183113E-06,-1.6519359309786E-09,-1.6447665453391E-09,1.4751441928655E-20,-1.4839600826654E-20,1.6505897366347E-09,1.6461484241347E-09,9.2721702474839E-06,9.2726904843541E-06,3.416130229751E-06,2.0390081342456E-20,-1.0849555836564E-20,-22.947362485038,19.095502696043,-0.00142801910261,100003312.71565,-8.5589708108793E-14,-396.26332690683,-0.00142801910261,-153.68205793448,-9.0951626845248E-05,-396.26332690683,346.04074525997
410.42700000002,-5.9190913602134E-17,-1.9720837930649E-17,1.0847943446691E-33,0.002703501389548,1.7309692887135,3.4224800010835E-30,3.4001474810533E-10,5.593308792188,-1.3689920004334E-29,-1.359991418643E-09,2.6700444451005E-33,2.6470783296213E-13,5.5774225229401E-21,-1.161423059872E-06,-3.8831509529972E-21,3.9040928006198E-21,2.4392696096018E-06,2.4399803814622E-06,-4.3472836995884E-10,-4.3284165313289E-10,3.8820333049698E-21,-3.9052334624983E-21,4.3437410145733E-10,4.3320531246098E-10,2.439579668994E-06,2.4397170690938E-06,8.9882327449319E-07,3.2138821254354E-15,-1.359991418643E-15,-22.994277819036,19.10345044935,-0.002429949893514,100003312.71565,-8.5747341386955E-14,-498.28414001595,-0.002429949893514,-194.09008729192,-0.00011400856418,-498.28414001595,435.02409942347
411.42700000002,1.7905297429933E-12,5.9625631190658E-13,1.9445215117374E-29,0.002703501373652,1.7307353661226,5.0814545668768E-26,4.0838118295032E-06,6.1519803884066,-2.0325818267507E-25,-1.6334435710322E-05,3.9624699305221E-29,3.1793237959154E-09,1.4677313519838E-21,2.9203685910449E-06,-1.0218737630997E-21,1.0273848896654E-21,-6.142168287224E-06,-6.1261727527913E-06,-1.1440429518951E-10,-1.1390778157237E-10,1.0215796906732E-21,-1.027685022275E-21,1.1431106512778E-10,1.1400348295123E-10,-6.1374513680364E-06,-6.1318238807729E-06,-2.1040855948358E-06,4.6406532818317E-11,-1.6334435710322E-11,-23.039820641416,19.110781768535,-0.003432885556611,100003312.71565,-8.5968173206136E-14,-599.04820055769,-0.003432885556611,-234.32897335388,-0.000136632943815,-599.04820055769,522.87126822894
412.42700000002,1.3193071456245E-05,4.394054547052E-06,6.946116702827E-26,0.002703457492231,1.7304994744482,1.5501178254397E-22,0.010094589481787,6.6641250063288,-6.2004713017589E-22,-0.040376351750369,1.2083822588673E-25,7.8588264811904E-06,2.5431813991987E-22,0.008709398093719,-1.7666693751625E-22,1.7811868861457E-22,-0.01831220493825,-0.018275688966741,-2.9835103072761E-11,-2.9705258518195E-11,1.7673064781379E-22,-1.7807001460706E-22,2.9811160546156E-11,2.972984969257E-11,-0.018301922316268,-0.018288572685959,-0.006352593199845,1.3375683454657E-07,-4.0376351750371E-08,-23.083209648232,19.117738493958,-0.004436828109569,100003312.71759,-8.6179054942933E-14,-698.56312877169,-0.004436828109569,-274.39816753526,-0.000144720937817,-698.56312877169,609.59021399222
413.42700000003,1.8005994809045,0.6000040683169,7.1780399101801E-23,0.002682292068456,1.7302660930834,1.4017592789233E-19,3.1863929275365,7.1314079676371,-5.6070371156933E-19,-12.744938335109,1.0924155048794E-22,0.00248066643973,-1.3119322087941E-19,3.7696008159636,9.1742064586673E-20,-9.1758205718338E-20,-7.9217956487086,-7.9144141876174,1.8619381372069E-10,1.8571818584702E-10,-9.1626784803448E-20,9.1859663168134E-20,-1.8584390673094E-10,-1.8606902752016E-10,-7.9197744589525,-7.9170785882704,-2.7978464983079,4.6882527907796E-05,-1.2744938335124E-05,-22.990773861732,19.155677207421,-0.00544177957614,100003313.65227,-8.4269246514625E-14,-795.04518425202,-0.00544177957614,-313.56959880812,0.003565870030309,-795.04518425202,693.63153332386
414.42700000003,23.089863223095,7.6959967938578,1.7648517180703E-20,0.002540596883792,1.7300569020945,3.1013589862025E-17,8.7183493316379,7.5249186572828,-1.240543594481E-16,-34.87166129185,2.4163365074305E-20,0.006787398459361,-3.3111166236523E-17,17.673317430386,2.3158039359296E-17,-2.3164304573575E-17,-37.127513601966,-37.119739985772,3.6397757125782E-08,3.6320010957761E-08,-2.3134868668868E-17,2.3183975907094E-17,-3.6345216045017E-08,-3.6372721111381E-08,-37.125417423681,-37.12264778748,-13.40524528331,0.000130547480818,-3.4871661291844E-05,-17.158526278797,19.19996625074,-0.00644774198618,100003319.90968,-8.1337183990201E-14,-880.3182510015,-0.00644774198618,-348.46568322089,0.004169882671802,-880.3182510015,767.87563373668
415.42700000003,69.614466594109,23.203715443029,1.3554631651793E-18,0.002263408592855,1.7298761983149,2.192162558067E-15,15.377794920279,7.8504448686375,-8.768650232268E-15,-61.508103602746,1.7076184843231E-18,0.011971903820419,-2.6812803311047E-15,30.210162674907,1.8755858749018E-15,-1.8761749355795E-15,-63.461304360302,-63.45466767095,2.2759269437055E-06,2.272027080941E-06,-1.8740853832565E-15,1.8773948877386E-15,-2.2733871336303E-06,-2.2745747306802E-06,-63.45952762712,-63.457287490048,-22.995285365845,0.000232802802656,-6.1508103602699E-05,-16.859939066204,19.24087500782,-0.007454717375683,100003332.15063,-7.780090078106E-14,-953.52019633685,-0.007454717375683,-378.63190097053,0.007541449800669,-953.52019633685,831.58870351126
416.42700000003,141.88962542769,47.295091614926,3.5927631271134E-17,0.001816769026386,1.7297324362264,5.4595035667752E-14,23.474094143543,8.1044193095117,-2.1838014267101E-13,-93.891590704927,4.2520024440433E-17,0.018275030882732,-7.8484111219435E-14,40.338328301117,5.4910101667793E-14,-5.4927348273951E-14,-84.735341945897,-84.73020581777,5.3902475072764E-05,5.3832562332547E-05,-5.4875951238555E-14,5.4953467755614E-14,-5.3858879594541E-05,-5.3876264048788E-05,-84.733962541776,-84.732432355465,-30.75042981615,0.000358311488521,-9.389157536034E-05,-16.424039182554,19.280989301586,-0.008462707786794,100003351.87484,-7.3774676655868E-14,-1012.2318430477,-0.008462707786794,-402.97342010168,0.010515930819965,-1012.2318430477,882.6739167124
417.42700000003,228.79785741596,76.264600354902,3.5442167802295E-16,0.001176998817822,1.7296319267436,5.1582190009073E-13,32.029359588962,8.2854249300611,-2.0632876003629E-12,-128.11039293063,4.0166949303583E-16,0.024935478766131,-8.9906194869107E-13,47.672450881346,6.2912922558395E-13,-6.2931045627351E-13,-100.14027658511,-100.13673888682,0.000527115963596,0.000526637270626,-6.2883994903317E-13,6.2951039141784E-13,-0.000526832874953,-0.000526920489995,-100.13933556849,-100.13851517095,-36.373147949483,0.000491893313473,-0.000128110377718,-10.127691244304,13.698399761386,-0.009471715267843,100003380.12817,-6.9714370408075E-14,-1054.8931857786,-0.009471715267843,-420.74644010662,0.012868660396201,-1054.8931857786,919.78456383748
418.42700000003,277.82852624033,92.573851215776,1.4864999307371E-15,0.000357458927438,1.7295726858014,2.1047625342771E-12,35.625800350705,8.4027270683573,-8.4190501371084E-12,-142.49385313853,1.6394494704023E-15,0.027735392664614,-4.5803401842301E-12,52.009831670925,3.2051021419817E-12,-3.2063391076644E-12,-109.25971011313,-109.23986480872,0.002412457945172,0.002410578400126,-3.2039054491651E-12,3.2070883635312E-12,-0.002411496334463,-0.002411538704249,-109.2527656719,-109.24609856466,-39.743416283503,0.000550905933139,-0.000142494434572,7.3665183840071,-34.383486366897,-0.010481741873445,100003416.32098,-6.4835682454847E-14,-1082.9306229771,-0.010481741873445,-432.46733628955,-0.001439349371858,-1082.9306229771,944.15700129882
419.42700000003,349.71151304115,117.35318079371,3.1036642247293E-15,0.000628908847718,1.7295524156181,4.3344839373588E-12,40.792937849374,8.4633396629917,-1.7337935749435E-11,-163.15914924872,3.3638737818146E-15,0.031758131535211,-1.2223637045449E-11,56.065135076743,8.6060225656395E-12,-8.5723580854741E-12,-117.90443008073,-117.70326989331,0.005970673720491,0.006013702539812,-8.6152976187646E-12,8.5588127305317E-12,-0.005987868777019,-0.005994598275212,-117.69805850771,-117.76614129195,-42.858680847691,0.00061841997261,-0.000163158270169,-11.788143268269,50.338712122867,-0.011492789675124,100003459.87976,-3.2227417753539E-12,-1097.4975110223,-0.011492789675124,-438.57281544972,0.000160197228221,-1097.4975110223,956.82642483679
420.42700000003,135.64102048239,45.891634841619,4.3942851943392E-16,0.00146937886015,1.7297035827737,6.4708217979834E-13,19.381615910281,8.2368636366119,-2.5883287191933E-12,-77.521697764562,5.0515096414003E-16,0.01508899129568,-1.3976603319135E-11,47.386707098706,9.8541377623036E-12,-9.8349501148663E-12,-99.543712044657,-99.56058312141,0.006728456094188,0.006760107442589,-9.89123288076E-12,9.7862118584135E-12,-0.006730725780362,-0.006758189241474,-99.52209562932,-99.527304169956,-36.354991928882,0.000293626870907,-7.7521739814532E-05,-32.994528536786,51.013589781777,-0.0116404881949,100003496.9976,-4.0927214117879E-13,-1042.634269302,-0.0116404881949,-415.80532683118,-7.2718942578497E-05,-1042.634269302,909.09188989872
421.42700000003,26.713893570006,8.9070419062007,7.9145743408651E-19,0.00172076453202,1.7299963749357,1.3180621094184E-15,6.2945822849175,7.7349720339931,-5.2722484376735E-15,-25.17700245361,1.030385595176E-18,0.004900464207065,-3.8078860091783E-12,28.329860199166,2.6831046966099E-12,-2.6786427761094E-12,-59.511576570316,-59.504458274192,0.001853470183406,0.001861283471371,-2.6924756099845E-12,2.6662255166812E-12,-0.001854136242449,-0.00186071465734,-59.502952373028,-59.514806660767,-21.759271522264,9.3231531280469E-05,-2.5177002453598E-05,-24.208307017847,51.57876638687,-0.010629291138246,100003508.09929,-3.3258132923339E-13,-926.59500180658,-0.010629291138246,-367.67153486984,-0.00614994843253,-926.59500180658,808.12782230824
422.42700000003,2.5975482214336,0.86623896088672,1.6023895609959E-21,0.001792126963829,1.7302465187431,3.015012451638E-18,1.3004827417829,7.2685563238624,-1.2060049806552E-17,-5.2016570267324,2.3573070587394E-21,0.001012453120518,-1.0023810407141E-12,13.334825423106,7.0629222722899E-13,-7.0511929430134E-13,-28.012992145522,-28.007487492089,0.000488039048554,0.000490093479947,-7.0875748643249E-13,7.0185237751526E-13,-0.000488214449366,-0.000489943683485,-28.006609239686,-28.015081255375,-10.275252613011,1.8627665478023E-05,-5.2016570267291E-06,-24.315645146304,51.747551702979,-0.009619115568273,100003511.25079,-3.2256055437736E-13,-823.72188583041,-0.009619115568273,-325.4170118272,-0.001471254312438,-823.72188583041,718.58164861
423.42700000003,0.029853270982966,0.009959701806084,2.0363841176882E-24,0.001801046345709,1.730480861955,4.3731177742732E-21,0.046857500606734,6.7962537619662,-1.7492471097093E-20,-0.18742013092733,3.4213585716096E-24,3.6479548361923E-05,-2.6378978821879E-13,4.2544750758272,1.8587010472797E-13,-1.8556143549039E-13,-8.9378953053671,-8.9353743398334,0.000128434443203,0.000128975087148,-1.865188668559E-13,1.847017071563E-13,-0.000128480602454,-0.000128935666041,-8.9350550328428,-8.938721395847,-3.2906005632567,6.2472004218846E-07,-1.8742013092731E-07,-24.339750895593,51.830248965779,-0.008609959423277,100003511.64468,-3.1889990774032E-13,-724.72876406505,-0.008609959423277,-285.11466492968,-0.000249587330073,-724.72876406505,632.36974954899
424.42700000003,1.8322587520696E-05,6.1150331201773E-06,9.9133651918797E-28,0.001801199786462,1.7307112990754,2.4779419995174E-24,0.000108157405392,6.2926942482315,-9.9117679980698E-24,-0.000432606835977,1.9407482554506E-27,8.4202811712276E-08,-6.9419600546612E-14,1.1315022925392,4.8914055801081E-14,-4.8832825612472E-14,-2.3770984308111,-2.3763994344094,3.3799140131802E-05,3.3941417376319E-05,-4.9084785710573E-14,4.8606577293055E-14,-3.3811287521826E-05,-3.393104321374E-05,-2.3763147075913,-2.3773214121101,-0.87564930234325,1.2708365733813E-09,-4.3260683597679E-10,-24.339002219386,51.893502413774,-0.0076018206478,100003511.65146,-3.1722122853348E-13,-625.22247429203,-0.0076018206478,-244.94332325246,-0.000143659140462,-625.22247429203,545.67075665747
425.42700000003,1.2478125102042E-09,4.1657211371994E-10,1.2093287621448E-31,0.001801200004531,1.7309396952052,3.6185348870716E-28,2.7993064708327E-08,5.7454337918704,-1.4474139548287E-27,-1.1196636152755E-07,2.8385288196608E-31,2.1793188807767E-11,-1.8268640803073E-14,0.29778530143513,1.2872348855932E-14,-1.2850972110094E-14,-0.62559750240333,-0.62541347718525,8.8946687347594E-06,8.9321107813569E-06,-1.2917278578514E-14,1.2791432019798E-14,-8.897865473788E-06,-8.9293806894415E-06,-0.62539118199307,-0.62565618876472,-0.23045193947897,2.7770314153407E-13,-1.1196636152755E-13,-24.337897831814,51.954318701092,-0.006594697192603,100003511.65147,-3.156335176377E-13,-524.47785447475,-0.006594697192603,-204.60810055161,-0.000120648929542,-524.47785447475,457.85301697476
426.42700000003,9.4145700165641E-15,3.1441308209814E-15,2.0110813010034E-36,0.001801200004571,1.7311660623715,7.5020824708199E-33,8.0274241823715E-13,5.1404496884761,-3.000832988328E-32,-3.2108005593827E-12,5.8993625328259E-36,6.2495183235116E-16,-4.8076225469146E-15,0.078365949466049,3.3875204652777E-15,-3.3818949057358E-15,-0.16463385541768,-0.16458542684809,2.340743923807E-06,2.3505972693539E-06,-3.3993442867595E-15,3.3662261822654E-15,-2.3415851860367E-06,-2.3498788111836E-06,-0.16457955958874,-0.16464929947212,-0.060646328271046,6.427625456882E-18,-3.2108005593827E-18,-24.337210769615,52.013300867666,-0.005588587014636,100003511.65147,-3.1402277589622E-13,-422.47061520514,-0.005588587014636,-164.10274332193,-9.7505825197491E-05,-422.47061520514,368.89413506734
427.42700000003,3.1396577654011E-21,1.0491235527298E-21,1.4850672684193E-42,0.001801200004571,1.7313903787388,7.3640568267656E-39,1.0176115795297E-18,4.4542831141686,-2.9456227307062E-38,-4.0702319388705E-18,5.8157880005382E-42,7.9223198709957E-22,-1.2651863268182E-15,0.020622985018048,8.914686069425E-16,-8.8998817019123E-16,-0.04332546924893,-0.043312724661565,6.1599619729822E-07,6.1858922912446E-07,-8.9458019424812E-16,8.8586474857782E-16,-6.1621758607369E-07,-6.1840015778234E-07,-0.043311180618462,-0.043329533546078,-0.015959843884442,6.1605169414387E-24,-4.0702319388705E-24,-24.336928117655,52.070521949649,-0.004583488077013,100003511.65147,-3.1244061557094E-13,-319.18910189084,-0.004583488077013,-123.42624017408,-7.3923768813141E-05,-319.18910189084,278.78266089702
428.42700000003,4.4550642392406E-30,1.490195552343E-30,4.1812567206733E-51,0.001801200004571,1.7316126220671,3.0972503345772E-47,5.490158899285E-27,3.6413255119956,-1.2389001338309E-46,-2.1959478998885E-26,2.469005270164E-50,4.2742040088023E-30,-3.329496910266E-16,0.005427197832112,2.3460117372275E-16,-2.3421157817085E-16,-0.011401642030874,-0.01139828813237,1.6210714518003E-07,1.6278953412295E-07,-2.3542002704994E-16,2.3312644792179E-16,-1.6216540643102E-07,-1.6273977761117E-07,-0.011397881798005,-0.01140271160178,-0.004200033605934,2.2358501411679E-32,-2.1959478998885E-32,-24.337036304066,52.126050761581,-0.003579398348979,100003511.65147,-3.1092829683117E-13,-214.62155566721,-0.003579398348979,-82.577572306445,-4.9892170670284E-05,-214.62155566721,187.5071248178
429.42700000003,2.0443590173036E-44,6.8551129090918E-45,2.7484139400107E-65,0.001801200004571,1.7318327697512,4.0332987669227E-61,9.5845064836245E-41,2.5845801687294,-1.6133195067691E-60,-3.8336006834297E-40,3.3190854758786E-64,7.4617395850911E-44,-8.7619897879784E-17,0.001428235354053,6.1738248866506E-17,-6.1635721896724E-17,-0.003000485470874,-0.002999602850287,4.2660533674851E-08,4.2840112908972E-08,-6.1953740416507E-17,6.1350156226311E-17,-4.2675865858513E-08,-4.2827018854442E-08,-0.002999495918288,-0.003000766941908,-0.001105291656905,1.9806782006717E-46,-3.8336006834297E-46,-24.337522516832,52.179952978829,-0.002576315805895,100003511.65147,-3.0952363197213E-13,-108.75609289339,-0.002576315805895,-41.555705547952,-2.5400139607034E-05,-108.75609289339,95.056407918446
430.42700000003,1.4278560568867E-92,7.2693298245804E-93,2.3734560514564E-113,0.001801200004571,1.7320507988122,8.8094184809904E-108,3.7667536081955E-88,0.31816476617794,-3.5237673923962E-107,-1.5066221347313E-87,4.5727329982187E-111,2.9324967067342E-91,-2.3040886960977E-17,0.000375575247408,1.6234940719841E-17,-1.6207995231497E-17,-0.000789021394053,-0.000788789048399,1.1218196755233E-08,1.1265418111386E-08,-1.629162202531E-17,1.6132888177844E-17,-1.122222334012E-08,-1.1261978850599E-08,-0.000788761048445,-0.000789095291283,-0.000290664917168,2.6308352738319E-95,-1.5066221347313E-93,-22.797866553052,50.090408266359,-0.001574238429204,100003511.65147,-3.0813088128331E-13,-1.58070298824,-0.001574238429204,-0.35959000545503,-4.3653689471568E-07,-1.58070298824,1.5683521772294
431.42700000003,2.2582223835382E-50,7.4398842180004E-51,5.5140796112237E-70,0.001801200004571,1.7322673147514,8.2227443003958E-66,1.5119076620345E-45,0,3.2890977201583E-65,6.0473121201258E-45,6.3722862555321E-69,1.1770518718939E-48,-6.0609763973205E-18,9.8796227502731E-05,4.2706512420377E-18,-4.2635631481096E-18,-0.000207554511885,-0.000207493392642,2.9509812650974E-09,2.9634029887265E-09,-4.2855614343234E-18,4.2438060059115E-18,-2.9520404708723E-09,-2.9624982803729E-09,-0.000207486027168,-0.000207573950779,-7.645703887849E-05,3.0614046219594E-51,6.0473121201258E-51,-3.5028221107002E-06,0,-0.000573164206414,100003511.65147,-3.0744432846879E-13,106.53887112506,-0.000573164206414,40.939743280491,1.2571409812574E-05,106.53887112506,93.087677788322
432.42700000003,1.6344821641599E-34,5.4220978300485E-35,2.2693866571432E-53,0.001801200004571,1.7324831177623,1.6884879019626E-49,4.1810307436799E-29,0,6.7539516078505E-49,1.6723242131508E-28,1.2984699860511E-52,3.2550202519642E-32,-1.595022152889E-18,2.5999469584755E-05,1.1238755758083E-18,-1.1220102547377E-18,-5.4620579705764E-05,-5.4604495408139E-05,7.7658782710485E-10,7.7985675993115E-10,-1.1277993804016E-18,1.1168109143247E-18,-7.7686657047556E-10,-7.7961867450077E-10,-5.4602557090912E-05,-5.4625695295321E-05,-2.0120631193197E-05,1.7069036364285E-34,1.6723242131508E-34,-3.4979473334528E-06,0,0.000426908868929,100003511.65147,-3.0690371205594E-13,215.11937939779,0.000426908868929,82.249603278286,2.5579191603759E-05,215.11937939779,188.01130638193
433.42700000003,8.2512980522825E-26,2.7421900760713E-26,5.5982132811267E-44,0.001801200004571,1.7326981999166,2.7735414070823E-40,8.031380611361E-20,0,1.1094165628329E-39,3.2123830435955E-19,2.1371133240244E-43,6.2525984943288E-23,-4.1975013618785E-19,6.8420873526766E-06,2.9576198999003E-19,-2.9527110728844E-19,-1.4374092378452E-05,-1.4369859593176E-05,2.0436885192747E-10,2.0522911272073E-10,-2.9679458850997E-19,2.9390283547775E-19,-2.0444220676423E-10,-2.0516645753254E-10,-1.4369349500616E-05,-1.4375438610177E-05,-5.2949971062321E-06,4.9395134307737E-25,3.2123830435955E-25,-3.4930611892207E-06,0,0.001425982797266,100003511.65147,-3.0645886227999E-13,324.16209231497,0.001425982797266,123.57030355547,3.8752717878112E-05,324.16209231497,283.36240873676
434.42700000003,6.9709835187968E-20,2.3186281905362E-20,2.1143107487697E-37,0.001801200004571,1.7329125518407,7.8505292935989E-34,2.5798891209685E-13,0,3.1402117174396E-33,1.0319012967963E-12,6.0595564134582E-37,2.0084978674481E-16,-1.1046252649883E-19,1.8005811549162E-06,7.7833486736241E-20,-7.7704304779038E-20,-3.7827228044283E-06,-3.7816088929697E-06,5.3782233226408E-11,5.4008621675405E-11,-7.8105228021528E-20,7.7344226846212E-20,-5.3801537477707E-11,-5.3992133171251E-11,-3.7814746551965E-06,-3.7830770826326E-06,-1.3934449503345E-06,2.1225196626949E-18,1.0319012967963E-18,-3.4881636727788E-06,0,0.002424059573048,100003511.65147,-3.0608205631174E-13,433.66906637336,0.002424059573048,164.90231343142,5.2095258065395E-05,433.66906637336,379.14241024029
435.42700000003,1.8374052743295E-15,6.1149391181545E-16,2.4623692188343E-32,0.001801200004477,1.7331261640326,7.3105334193659E-29,2.6958812562274E-08,0,2.9242133677464E-28,1.0782957073532E-07,5.6498327967671E-32,2.0988001807756E-11,-2.9069602810154E-20,4.5445798481443E-07,2.0482860717515E-20,-2.0448864860902E-20,-9.547889299721E-07,-9.5441602240383E-07,1.4153469196766E-11,1.4213046150888E-11,-2.055437285356E-20,2.0354105825215E-20,-1.4158549356263E-11,-1.4208706990653E-11,-9.5433923948595E-07,-9.5491289888461E-07,-3.5272191097164E-07,2.7802775721536E-13,1.0782957073532E-13,-3.4832547791571E-06,0,0.003421141184761,100003511.65147,-3.053569989974E-13,543.64238017811,0.003421141184761,206.24610673421,6.5610172763759E-05,543.64238017811,475.3532578725
436.42700000003,-1.3025790132446E-08,-4.3276198757736E-09,3.2579388158587E-28,0.001801198720758,1.7333390266301,8.057172839462E-25,0.000331578303814,0,3.2228691357848E-24,0.001326243360504,6.2326146664638E-28,2.5814067378935E-07,-7.6493979960382E-21,-0.000260641660621,5.3898734754234E-21,-5.3809294927234E-21,0.000546972232882,0.000547944201796,3.6993067323045E-12,3.71481848496E-12,-5.408689864583E-21,5.355995309855E-21,-3.7006660859073E-12,-3.7136535648915E-12,0.000548376739045,0.000546676043363,0.000189048859829,4.1141775716175E-09,1.3262433605036E-09,-3.4783148594171E-06,0,0.004417229614947,100003511.65153,-3.0475530785623E-13,654.08401154351,0.004417229614947,247.60211597209,7.9694426428955E-05,654.08401154351,571.99689240535
437.42700000003,-0.089676907246443,-0.029818181027442,9.6030054936087E-25,0.001797515914991,1.7335504794203,2.0358924162196E-21,0.82377676126339,0,8.1435696648785E-21,3.2949334934164,1.5760675143967E-24,0.000641327511471,-2.697056351223E-22,-0.72364149865551,1.8550097783411E-22,-1.8848736439146E-22,1.5188079707536,1.5211279882218,-8.1666636824034E-11,-8.2122387975318E-11,-1.8342901839416E-22,1.8884389570809E-22,8.1610163897358E-11,8.2181183291075E-11,1.5219453038758,1.5183155934375,0.52860369928327,1.1890479895354E-05,3.2949334934234E-06,-3.4315376173545E-06,0,0.005412326840237,100003511.81416,-3.0214875519859E-13,764.64045702855,0.005412326840237,288.83876707132,0.000925438054264,764.64045702855,668.76338649796
438.42700000003,-17.907496908368,-5.9672362914445,5.5564253878323E-22,0.001683220718925,1.7337418743755,1.0434199996666E-18,8.0002748864076,0,4.1736799986663E-18,31.999411883686,8.0880325336312E-22,0.006228382442098,1.0324934232594E-18,-14.93303358036,-7.2859085006897E-19,7.261215420656E-19,31.362809373463,31.371897943069,-5.6934853944605E-08,-5.7189214915581E-08,7.3176670799398E-19,-7.2293660053936E-19,5.6913540537356E-08,5.7212213107521E-08,31.373460222172,31.362499377966,11.296261080111,0.000119595076162,3.1999411883676E-05,-3.1856384513299E-06,0,0.00640643483139,100003516.86161,-2.8720191146772E-13,864.90675763136,0.00640643483139,326.09738119242,0.000115376226951,864.90675763136,756.54447070239
439.42700000003,-68.51817060487,-22.835752537413,7.1493988465561E-20,0.001413204261742,1.7339061176517,1.2238296349871E-16,15.458431538982,0,4.8953185399485E-16,61.830440261998,9.4966346782324E-20,0.012034716442633,1.4093884585107E-16,-29.575955623111,-9.928536765318E-17,9.9015100259567E-17,62.121771965272,62.129478539294,-8.8181111186161E-06,-8.8499092239959E-06,9.9610025317795E-17,-9.8683285415907E-17,8.8167001445728E-06,8.8515544065594E-06,62.130487381371,62.12199743661,22.498096635819,0.000234042048353,6.1830430968775E-05,-2.8983381093925E-06,0,0.007399555553229,100003528.786,-2.6986959922156E-13,950.32859433945,0.007399555553229,357.7361094949,-0.001136398396185,950.32859433945,831.34494300277
440.42700000003,-152.47460115289,-50.820673145002,2.4305083754849E-18,0.000950123057688,1.734037615238,3.8923089530764E-15,24.739181747074,0,1.5569235812306E-14,98.950943587185,3.0235974179513E-18,0.01925998272832,5.4151650694806E-15,-41.129037549391,-3.8087138577441E-15,3.8004438504939E-15,86.390695125018,86.396364388717,-0.000374128431376,-0.000375178391386,3.8171111386457E-15,-3.7916176583671E-15,0.000374139315159,0.000375174794208,86.396654772705,86.391535337571,31.347159301322,0.000377976520642,9.8950919692654E-05,-2.4968238553789E-06,0,0.008391690964774,100003549.23656,-2.4549640249938E-13,1017.0665178912,0.008391690964774,382.38877469902,-0.002679008936807,1017.0665178912,889.79466329496
441.42700000003,-249.70272983065,-83.23353111351,2.4127297297226E-17,0.000268945107213,1.73413296522,3.7017308326589E-14,34.049486762726,0,1.4806923330636E-13,136.18535947819,2.8783747180528E-17,0.026508266086137,6.5069154728726E-14,-48.943734402608,-4.5699480990692E-14,4.56236237531E-14,102.80702499387,102.81047704431,-0.004812920999467,-0.004822850768171,4.5756450816123E-14,-4.5560441681027E-14,0.004813808914875,0.004822011907139,102.80999348125,102.80848860814,37.344638081967,0.000523585817664,0.000136185359478,-2.0553116953298E-06,0,0.009382843019202,100003579.31948,-2.1602391498864E-13,1062.4879275995,0.009382843019202,399.13664704458,-0.000936616796889,1062.4879275995,929.57744636332
442.42700000003,-86.0264438066,-28.781505585619,7.3245714318484E-17,0.000583718302779,1.7342010509745,1.0950575023407E-13,11.123386451674,0,4.380230009363E-13,44.475152040984,8.5547095566719E-17,0.008659803261013,2.9102083864796E-13,-51.62367131324,-2.041126773954E-13,2.0384389231986E-13,108.44370089031,108.43353679836,-0.022337479418865,-0.022365997534199,2.0416145689275E-13,-2.0376835663676E-13,0.022342292307499,0.022361065380681,108.4379553171,108.43810322087,39.73492382674,0.000173864771453,4.4477674132713E-05,1.5361187686387E-05,0,0.010373013662715,100003616.97526,-3.4568381665404E-13,1091.0372969874,0.010373013662715,409.65474641102,0.000111107372431,1091.0372969874,954.58406226022
443.17700000003,-202.4935748845,-69.332428084773,1.3763759402479E-16,0.001332035181643,1.7342346160162,2.0386563295985E-13,25.558731435246,0,8.1546253183942E-13,102.1990550713,1.6004519413819E-16,0.019898049371203,5.9077870467939E-13,-53.736969484325,-4.1420350734018E-13,4.1347703047265E-13,112.84719924533,112.90824704099,-0.04601477094562,-0.04609471516426,4.1396061447961E-13,-4.1365416716764E-13,0.046056609688385,0.04605344366815,112.78264118201,112.97151142023,41.22418949038,0.00039813130536,0.000102202387715,2.6542768092453E-05,0,0.011114998763218,100003650.02507,-5.7438773676068E-13,1101.6966396108,0.011114998763218,413.58629711771,-0.000113776878279,1101.6966396108,963.92063110458
443.92700000003,-184.51388483209,-62.57807885004,1.7823464551135E-16,0.002122966258717,1.7342622562562,2.6243633804072E-13,22.859952813933,0,1.0497453521629E-12,91.395405879507,2.0581950548884E-16,0.017796998591664,9.0252436652823E-13,-54.453247492713,-6.352127013404E-13,6.3193082777168E-13,114.37272844738,114.38553542644,-0.070783048908971,-0.071043488725346,6.3510842262061E-13,-6.3193355190868E-13,0.070819354835463,0.071009112155679,114.36761875499,114.40193911022,41.816014221556,0.000357879619987,9.1399569151501E-05,3.1399898597098E-05,0,0.011856433734561,100003684.95766,-1.1130826910099E-12,1108.107192575,0.011856433734561,415.95822515303,-3.1051594152752E-05,1108.107192575,969.53437650866
444.92700000003,-46.319988023328,-15.437049204821,4.7886165002321E-19,0.002597772822938,1.7339966631421,8.0657471819456E-16,8.8461141644078,0,3.2262988727782E-15,35.38239025552,6.2687315717213E-19,0.006886905645818,3.5898539373436E-13,-34.938589783986,-2.5314796034921E-13,2.5126680351159E-13,73.390431647325,73.389820585114,-0.027873974634091,-0.028022968561051,2.5300536495046E-13,-2.5135596609341E-13,0.02790152524175,0.02799569478368,73.394561808981,73.386644486084,26.836478529095,0.000131930399139,3.5382390255524E-05,4.0559106219926E-06,0,0.011012143039422,100003705.92706,-1.9421366746294E-13,966.00187227609,0.011012143039422,363.56598083501,-0.000308844927484,966.00187227609,845.06500340736
445.92700000003,-4.3678185742357,-1.4555783591039,5.9009618632912E-22,0.002695482961272,1.7337627959766,1.1334821068301E-18,1.7578101459452,0,4.5339284273205E-18,7.0308492236227,8.8112420450759E-22,0.001368496190228,9.4623851869547E-14,-16.578822832445,-6.6726058761989E-14,6.6230841490771E-14,34.824743458305,34.824279908982,-0.007344904706975,-0.00738412304154,6.6688683726316E-14,-6.6254141228461E-14,0.007352145596005,0.007376955232901,34.827417666759,34.822348493059,12.773064438199,2.5336639599357E-05,7.0308492236177E-06,3.5744142517172E-06,0,0.010022605352853,100003710.24206,-1.878039911021E-13,845.16577813164,0.010022605352853,318.80628487758,-0.000711735086873,845.16577813164,739.25592948545
446.92700000003,-0.046832994416923,-0.015603156533495,5.0361417079572E-25,0.002707470596958,1.7335427229151,1.1127370321117E-21,0.058628191172727,0,4.4509481284468E-21,0.23449971304335,8.6494739399732E-25,4.5643414498164E-05,2.4901627029687E-14,-5.3282850313696,-1.7559921068606E-14,1.7429598328765E-14,11.192376391013,11.192147624779,-0.001932912044975,-0.001943232840236,1.7550085563545E-14,-1.7435729728076E-14,0.001934817563099,0.00194134655433,11.19352970872,11.191328247965,4.1211566330794,7.848966475676E-07,2.3449971304333E-07,3.4806665475402E-06,0,0.009032087511476,100003710.77145,-1.8606170519768E-13,733.18655318148,0.009032087511476,277.15741701393,6.9094774785071E-06,733.18655318148,641.22591826096
447.92700000003,-1.7767908841562E-05,-5.9182075065281E-06,1.5540967542881E-28,0.002707648969202,1.7333239302349,4.0335395395622E-25,8.3696375774868E-05,0,1.6134158158249E-24,0.000334766870885,3.1347713806374E-28,6.5159581010768E-08,6.5531665308558E-15,-1.4156545461352,-4.621107162112E-15,4.5868111460552E-15,2.9736666441981,2.9736026475613,-0.000508669347745,-0.000511385390697,4.6185188295324E-15,-4.5884246980858E-15,0.000509170808027,0.000510888991608,2.9739821084012,2.9733786241049,1.0955505385509,9.7724995046901E-10,3.347668708853E-10,3.498051953585E-06,0,0.008040587571649,100003710.77932,-1.8564946240419E-13,622.82274362054,0.008040587571649,235.9470082474,7.4920996708365E-05,622.82274362054,544.63377897884
448.92700000003,-5.370700377537E-10,-1.7885512165169E-10,1.0478797259589E-32,0.002707649117966,1.7331044289516,3.2949300551704E-29,9.6111645432661E-09,0,1.3179720220682E-28,3.844251856863E-08,2.5600898797734E-32,7.482515806237E-12,1.7245455651587E-15,-0.37255760901997,-1.2161006171915E-15,1.2070752029879E-15,0.78257943679036,0.78256258984441,-0.000133862532516,-0.00013457729229,1.215419466002E-15,-1.2074998288063E-15,0.000133994497893,0.000134446658827,0.78266246863284,0.78250362553434,0.2883168540367,9.3167365299398E-14,3.844251856863E-14,3.5187825334856E-06,0,0.00704810358394,100003710.77933,-1.8532577465292E-13,512.942450973,0.00704810358394,194.75549146017,6.1594750862593E-05,512.942450973,448.48776546262
449.92700000003,-1.3238543038125E-15,-4.4076474175798E-16,7.5634393250831E-38,0.002707649117977,1.7328841980666,3.0159361653047E-34,9.000178318115E-14,0,1.2063744661219E-33,3.599870968436E-13,2.3424248325418E-37,7.0068487768051E-17,4.5383516384369E-16,-0.098043071984179,-3.2003168487802E-16,3.1765653723959E-16,0.20594530938846,0.20594087590896,-3.5227555367299E-05,-3.5415653104742E-05,3.1985243166047E-16,-3.1776828268212E-16,3.5262283662596E-05,3.5381275318993E-05,0.20596716023002,0.20592535873194,0.075874091509365,6.880621039057E-19,3.599870968436E-19,3.5395824738548E-06,0,0.006054633593105,100003710.77933,-1.8504903573762E-13,403.52642422117,0.006054633593105,153.57602812983,4.8251589518861E-05,403.52642422117,352.77071504058
450.92700000003,-8.6134019051991E-23,-2.866624927617E-23,1.4896402132909E-44,0.002707649117977,1.7326632469854,8.1154113401926E-41,2.2242359971749E-20,0,3.2461645360771E-40,8.8964488372518E-20,6.2990933837228E-44,1.7316196107536E-23,1.1943224934278E-16,-0.025801228184005,-8.4220234640122E-17,8.3595185619977E-17,0.054197015795398,0.054195849071308,-9.2705601323354E-06,-9.3200603422484E-06,8.4173061976405E-17,-8.3624592790676E-17,9.2796993059698E-06,9.3110134094726E-06,0.054202766110395,0.054191765537259,0.019967191038274,1.2423123241716E-25,8.8964488372518E-26,3.5604472849857E-06,0,0.005060175638066,100003710.77933,-1.8469064360059E-13,294.57257748853,0.005060175638066,112.40814104175,3.5078084031872E-05,294.57257748853,257.4805646081
451.92700000003,-6.7434974885295E-33,-2.2424402308663E-33,3.2570107117359E-54,0.002707649117977,1.7324415850111,2.7992712777923E-50,6.6112954706577E-30,0,1.1197085111169E-49,2.6443710100437E-29,2.169957607303E-53,5.1470477520176E-33,3.1430050642769E-17,-0.006789907357354,-2.2163580226566E-17,2.1999090966504E-17,0.014262604619878,0.014262297582234,-2.4396607789318E-06,-2.452687361892E-06,2.2151166166543E-17,-2.2006829820716E-17,2.4420658637194E-06,2.4503065514102E-06,0.014264117885281,0.014261222950533,0.005254609446093,2.3333072793399E-35,2.6443710100437E-35,3.5813763686778E-06,0,0.004064727751888,100003710.77933,-1.8439614964015E-13,186.07886117029,0.004064727751888,71.25136273272,2.2070964161393E-05,186.07886117029,162.61530790883
452.92700000003,-9.3036855460732E-51,-3.0845149899676E-51,9.8714999919239E-72,0.002707649117977,1.7322192213216,2.0074466132347E-67,3.4551860606886E-47,0,8.0297864529389E-67,1.3819975062683E-46,1.5491362225337E-70,2.6899429506085E-50,8.2712005245065E-18,-0.00178684679631,-5.8326160044374E-18,5.7893286528796E-18,0.003753378069946,0.003753297269253,-6.4202643975068E-07,-6.4545454367021E-07,5.829349093601E-18,-5.7913652263779E-18,6.4265936708821E-07,6.4482800441203E-07,0.003753776304161,0.003753014466838,0.001382814456878,5.1159547918385E-53,1.3819975062683E-52,3.6023691363423E-06,0,0.003068287961759,100003710.77933,-1.841341690853E-13,78.043247368024,0.003068287961759,30.105230167114,9.2270217896184E-06,78.043247368024,68.173156762646
453.92700000003,-7.784073748115E-85,-2.8591676588644E-85,2.3052061165547E-106,0.002707649117977,1.7319961304776,1.2310093970834E-101,1.2305705594288E-80,1.344935418912,-4.9240375883338E-101,-4.9220082311613E-80,3.2576763323709E-104,9.5802789915432E-84,2.1745555661276E-18,-0.00046977433719,-1.533435503463E-18,1.5220536688476E-18,0.000986788989407,0.000986767690975,-1.6879309129878E-07,-1.6969443878265E-07,1.5325759176145E-18,-1.5225897922778E-18,1.6895952787269E-07,1.6952968077415E-07,0.00098689367045,0.000986693358079,0.000363551594227,7.077243157255E-87,-4.9220082311613E-86,-15.940125801722,44.875354896903,0.002070854288962,100003710.77933,-1.8385689437037E-13,-29.515473378689,0.002070854288962,-11.026726408187,-7.1249611877902E-06,-29.515473378689,25.832328162154
454.92700000003,-1.9605306305795E-44,-6.5562090115651E-45,3.66677823856E-64,0.002707649117977,1.7317713644112,4.3126049343305E-60,1.0621473072212E-39,2.8915017395949,-1.7250419737322E-59,-4.2483527761368E-39,3.3902145130941E-63,8.2690645669225E-43,5.7226077500003E-19,-0.000123626836894,-4.0354222412808E-19,4.005469557672E-19,0.000259685537895,0.000259679932954,-4.4419957232132E-08,-4.4657157797448E-08,4.0331601366044E-19,-4.0068804316078E-19,4.4463757042488E-08,4.4613799722029E-08,0.000259713085987,0.000259660371347,9.5672990918301E-05,2.7411010350799E-45,-4.2483527761368E-45,-16.005444039707,44.850704644317,0.001072424748851,100003710.77933,-1.8347266793152E-13,-136.02134542253,0.001072424748851,-52.03393624257,-3.145166874547E-05,-136.02134542253,118.87649718927
455.92700000003,-8.9199705592271E-32,-2.9784170687721E-32,1.5625438898045E-50,0.002707649117977,1.7315445218477,1.0300802059052E-46,1.833225442045E-26,3.8619789172212,-4.1203208236207E-46,-7.3324936609233E-26,8.0503809972041E-50,1.4272087723382E-29,1.5059739088977E-19,-3.2533907432999E-05,-1.061970498834E-19,1.0540880854474E-19,6.8339411278391E-05,6.8337936269782E-05,-1.1689652611503E-08,-1.1752074828454E-08,1.0613751984837E-19,-1.0544593740631E-19,1.1701179064747E-08,1.174066462314E-08,6.8346660893969E-05,6.8332788394859E-05,2.5177512492947E-05,8.3890375818936E-32,-7.3324936609233E-32,-16.070598103206,44.824974555942,7.2997350833038E-05,100003710.77933,-1.8311043070084E-13,-241.22958721633,7.2997350833038E-05,-92.868452182048,-5.5620264879661E-05,-241.22958721633,210.74544557162
456.92700000003,-2.8332029986549E-24,-9.4548443666158E-25,3.4679922935839E-42,0.002707649117977,1.7313156252795,1.5901693969832E-38,2.2112429533385E-18,4.6336984335163,-6.3606775879327E-38,-8.8444795533539E-18,1.2407797630746E-41,1.7215042232473E-21,3.9631537113136E-20,-8.5616938801263E-06,-2.7947046751564E-20,2.7739611445903E-20,1.7984348191758E-05,1.7983960025291E-05,-3.0762744201556E-09,-3.092701586608E-09,2.7931380699027E-20,-2.7749382356873E-20,3.0793077466315E-09,3.0896988521916E-09,1.7986256016364E-05,1.7982605299331E-05,6.6257689787678E-06,1.4477685876039E-23,-8.8444795533539E-24,-16.135150976176,44.798153350331,-0.000927429901661,100003710.77933,-1.8278039450215E-13,-345.15204777988,-0.000927429901661,-133.53130906672,-7.9335639621769E-05,-345.15204777988,301.44969840809
457.92700000004,-4.849038045349E-19,-1.6177198430864E-19,3.678384604704E-36,0.002707649117977,1.7310846968333,1.2942414071744E-32,1.437639369498E-12,5.2943011685101,-5.1769656286976E-32,-5.7502374353355E-12,1.0091185253046E-35,1.1192357865121E-15,1.0429521551925E-20,-2.2531130149171E-06,-7.3546056410322E-21,7.3000165146769E-21,4.7327981529708E-06,4.73269600096E-06,-8.0955907096768E-10,-8.1388207983917E-10,7.3504829288253E-21,-7.3025878485974E-21,8.1035732775269E-10,8.1309187372735E-10,4.7333002214704E-06,4.7323394866436E-06,1.7436510805279E-06,1.2211862358949E-17,-5.7502374353355E-18,-16.198692979489,44.770225493995,-0.001928859011197,100003710.77933,-1.8257256809219E-13,-447.80045168089,-0.001928859011197,-174.0235264964,-0.000102608448681,-447.80045168089,391.00073129658
458.92700000004,-4.0580945746119E-15,-1.3535216332551E-15,1.9047188825464E-31,0.002707649117798,1.73085175828,5.4411545311644E-28,4.8726439921107E-08,5.8813496884581,-2.1764618124658E-27,-1.9489491236367E-07,4.240623149323E-31,3.7934670172162E-11,2.7446551818079E-21,-5.5621112237629E-07,-1.9354537433738E-21,1.9210879480568E-21,1.168381754269E-06,1.1683096517039E-06,-2.1304532546694E-10,-2.1418297789378E-10,1.9343688019012E-21,-1.9217646254885E-21,2.1325539645394E-10,2.1397502553946E-10,1.1685471978065E-06,1.1681653237083E-06,4.322987277499E-07,5.0760935237132E-13,-1.9489491236367E-13,-10.635858607252,44.741171345802,-0.002931291986367,100003710.77933,-1.823237028619E-13,-549.18640094135,-0.002931291986367,-214.34610897798,-0.000125448971025,-549.18640094135,479.40996139208
459.92700000004,7.5026210290509E-09,2.5041139234763E-09,1.4115729877997E-27,0.002707648103235,1.7306168312521,3.3962318073027E-24,0.000246326657102,6.4150685991386,-1.3584927229211E-23,-0.00098525179198,2.6461406032006E-27,1.9177104887658E-07,7.195166767801E-22,0.000203460717303,-5.0741086852893E-22,5.0361792068594E-22,-0.000427237462534,-0.000427474761139,-5.6058664453127E-11,-5.6358071378826E-11,5.0712731014832E-22,-5.037943221611E-22,5.611393574113E-11,5.6303357371187E-11,-0.000427099509371,-0.000427708406856,-0.000148022563548,3.0339909111865E-09,-9.8525179198017E-10,-10.696342507568,44.710969148138,-0.003934730841804,100003710.77938,-1.8205737177709E-13,-649.3212886174,-0.003934730841804,-254.50001076742,-0.000147533707956,-649.3212886174,566.68862810453
460.92700000004,0.013262530542176,0.004425518643099,2.680046084249E-24,0.002706193802164,1.730380241244,5.5736190666526E-21,0.31193990558463,6.9072354983053,-2.229447626661E-20,-1.2476901786993,4.3417214878626E-24,0.000242852493569,-4.7476045562922E-21,0.28397777075414,3.3010106342933E-21,-3.3219837796913E-21,-0.59632614477953,-0.59663003327745,-6.1095633609489E-12,-6.21072283406E-12,-3.29835447738E-21,3.3241984460702E-21,6.1111491878271E-12,6.2090256259385E-12,-0.59618853783458,-0.59689679978007,-0.2077908017946,4.417937891227E-06,-1.2476901787005E-06,-10.759500658968,44.681568725378,-0.004939177598215,100003710.8436,-1.8142028645266E-13,-748.09139336526,-0.004939177598215,-294.43563259518,0.000290193688665,-748.09139336526,652.73933011671
461.92700000004,9.6889740536678,3.2301189423699,1.3392989691354E-21,0.002630090177525,1.7301576666913,2.4728310986862E-18,5.9835993424677,7.338037088626,-9.891324394745E-18,-23.933064301193,1.9256511455467E-21,0.004658371871269,-2.4802962551118E-18,10.808054037485,1.7273889570779E-18,-1.7360758426974E-18,-22.701404440448,-22.703782525495,3.1601994324495E-09,3.1528367062888E-09,-1.7265728509774E-18,1.7366646103699E-18,-3.1636165261768E-09,-3.1494724605486E-09,-22.70083569914,-22.705540263312,-8.1574401414191,8.8957433734799E-05,-2.3933064301195E-05,-5.2631654577044,44.675101974857,-0.005944634282395,100003714.20443,-1.7538078073896E-13,-839.35944029118,-0.005944634282395,-331.64262738762,0.002961073650331,-839.35944029118,732.22074244702
462.92700000004,43.134288920524,14.37877343775,1.7982134429492E-19,0.002424221075346,1.7299618136782,3.0226307079011E-16,11.873869067056,7.6976014637089,-1.2090522831604E-15,-47.492824342046,2.3532377769808E-19,0.009244085633614,-3.4446991458932E-16,24.245050130306,2.4012068591653E-16,-2.4116720895179E-16,-50.926770950866,-50.928622218836,3.3256846841432E-07,3.3186827635701E-07,-2.4006404652059E-16,2.4119242926458E-16,-3.3281085045091E-07,-3.3162829762041E-07,-50.926698438403,-50.929952586411,-18.431194340759,0.000178858522064,-4.7492824342023E-05,-5.4140086331129,44.667368779612,-0.006951102927274,100003723.29588,-1.6913228603363E-13,-918.84397743906,-0.006951102927274,-364.28765796106,0.005729396749604,-918.84397743906,801.41349970597
463.92700000004,103.13956973158,34.380053030276,8.0136936002016E-18,0.00206581922153,1.729798667399,1.2529108085655E-14,19.307966029565,7.9875744445958,-5.011643234262E-14,-77.227517729173,9.7523988952642E-18,0.015031707925976,-1.6549822097656E-14,35.65037775651,1.1546387658141E-14,-1.1589062746309E-14,-74.884679123463,-74.88569286016,1.2616788553736E-05,1.2592759457073E-05,-1.154598674732E-14,1.1587924693352E-14,-1.2621620528242E-05,-1.2587919847485E-05,-74.885119595388,-74.886502506114,-27.159547490852,0.000293591625409,-7.7227517729093E-05,0.018725102913354,16.540261160338,-0.007958585571918,100003739.12344,-1.6106329734199E-13,-985.03742113473,-0.007958585571918,-391.65244916292,0.009530718481962,-985.03742113473,859.01756443266
464.92700000004,186.0248921491,62.006805557019,1.2755575365161E-16,0.001523093263417,1.7296762405901,1.8925242149536E-13,27.961147880036,8.2044678498564,-7.5700968598142E-13,-111.83806370402,1.4728513346271E-16,0.021768422067912,-2.984469862702E-13,44.399654796651,2.0839359083587E-13,-2.0902368240927E-13,-93.263470795416,-93.263538737925,0.000189092278192,0.000188772500733,-2.0842069631502E-13,2.0896784844347E-13,-0.000189103690773,-0.00018875982566,-93.264354657793,-93.263848755076,-33.861197598452,0.000428170104532,-0.000111838037782,5.4421024545987,-11.585687978756,-0.008967084261562,100003763.09118,-1.5106733580743E-13,-1035.7239903922,-0.008967084261562,-412.72684147196,-0.001678862714127,-1035.7239903922,903.10249516968
465.92700000004,275.67926736781,91.890012272686,8.0520279185001E-16,0.00078605294395,1.7295978691953,1.1541698441258E-12,36.513906954475,8.3506653903495,-4.6166793765032E-12,-146.04614109551,8.9810404856875E-16,0.028426962973624,-2.229038159128E-12,50.385752457668,1.5576047230484E-12,-1.5613505115845E-12,-105.83751412494,-105.83767959254,0.001237747533537,0.001235934702375,-1.5579958642098E-12,1.5607368807246E-12,-0.001237510139092,-0.001236158756906,-105.83907134467,-105.83731448101,-38.450212648271,0.000561836892996,-0.000146046099189,10.877750645057,-11.618586874931,-0.009976601047638,100003795.64049,-1.3977729281178E-13,-1070.4222488725,-0.009976601047638,-427.21231076587,-0.002650738757463,-1070.4222488725,933.28057194871
466.92700000004,508.38870556761,169.56192474212,2.4742316413316E-15,0.000147692598607,1.7295645525266,3.4840626603832E-12,58.597660779295,8.4291040877497,-1.3936250641533E-11,-234.37387720384,2.7115884514218E-15,0.045619727787757,-8.0922713445405E-12,56.388172519662,5.6879098703191E-12,-5.6647332887738E-12,-118.39751918924,-118.52038909296,0.004115977019383,0.004125377705079,-5.6858818224566E-12,5.6660776698201E-12,-0.004115137911269,-0.004126250571927,-118.4292418204,-118.43789982513,-42.875304752123,0.000876881018472,-0.000234371695254,15.504370325925,1.6145156021828,-0.010987137988873,100003836.87414,-1.2259809739232E-12,-1089.0732283308,-0.010987137988873,-435.04998629678,8.9861327516358E-05,-1089.0732283308,949.49939414936
467.92700000004,438.53848171623,144.12889982067,4.5161717716621E-15,0.001152552581492,1.729549727096,6.2814099963181E-12,47.724453440842,8.483600755484,-2.5125639985273E-11,-190.88125494102,4.822452462867E-15,0.037154691970371,-1.7242706781031E-11,57.76205142203,1.1873225238451E-11,-1.2084921358102E-11,-121.25813790238,-121.40929631266,0.00823664172006,0.008140390757011,-1.1876478788702E-11,1.2073061404901E-11,-0.008220018351585,-0.00816017877463,-121.35437888408,-121.30671313126,-44.093093948653,0.00071386367145,-0.000190879811081,-20.126485858594,24.797943477849,-0.011998697149041,100003881.24764,-4.9861592976561E-12,-1102.3260587376,-0.011998697149041,-440.57993111716,-0.000394152294426,-1102.3260587376,961.03818806616
468.92700000004,62.641431437658,20.871257970921,1.7470847438641E-17,0.001628996016274,1.7298580174114,2.7387892265075E-14,11.194913314113,7.9779246815535,-1.095515690603E-13,-44.776995950967,2.1211038895093E-17,0.008715526057539,-7.4713093886981E-12,37.326415814885,5.1861861396682E-12,-5.2573420290814E-12,-78.402776569166,-78.408846039768,0.003667929769918,0.003637985013593,-5.206830386106E-12,5.2312879070924E-12,-0.003656734151422,-0.00365046306923,-78.41556608193,-78.396916603552,-28.644663624795,0.000167765808663,-4.4776995950973E-05,7.6368269907315,-35.418006924844,-0.011134761848531,100003902.29447,-1.4085955572153E-12,-982.08210482531,-0.011134761848531,-390.59220898339,0.000878979818771,-982.08210482531,856.42025898646
469.92700000004,9.7518296740087,3.2486432452616,3.6431688753048E-20,0.001769272002334,1.7301245904031,6.4453739026101E-17,3.2055759475259,7.5006142077631,-2.578149561044E-16,-12.821552089499,4.9914640424939E-20,0.002495623043058,-1.9719976415549E-12,20.289773691318,1.3688907435665E-12,-1.3876377657287E-12,-42.617516312561,-42.621512754255,0.000969925460003,0.000962037689425,-1.3743433675925E-12,1.3807602442296E-12,-0.000966972072527,-0.000965328499245,-42.62793631443,-42.61181551391,-15.604610907429,4.6812929499037E-05,-1.282155208949E-05,7.8968712750742,-35.459669510263,-0.010124075793339,100003908.48935,-1.3351535279497E-12,-874.27292903589,-0.010124075793339,-346.10254775777,-0.00305690359929,-874.27292903589,762.59342369945
470.92700000004,0.4068872310974,0.13546602759115,6.2402039940207E-23,0.0017991329265,1.730364532351,1.252044884417E-19,0.34388583543246,7.0354030569263,-5.0081795376681E-19,-1.3754626816835,9.6914055339623E-23,0.000267723944077,-5.1896805832189E-13,7.8861393011966,3.6024927660336E-13,-3.6518282841999E-13,-16.564022826958,-16.566251257263,0.000255263146999,0.000253187356347,-3.6168424690033E-13,3.6337287675276E-13,-0.000254485898726,-0.000254053401101,-16.570370003056,-16.560292196519,-6.0900976219511,4.7853485430799E-06,-1.3754626816831E-06,7.9788157336639,-35.488093998603,-0.009114410193179,100003909.80808,-1.3058465598354E-12,-774.17239333956,-0.009114410193179,-305.17162316051,-0.000617657162185,-774.17239333956,675.43829060427
471.92700000004,0.001021902893342,0.000339945060694,5.1800862304126E-26,0.001800748249456,1.7305962865061,1.1967065147149E-22,0.003086341538525,6.5495389812558,-4.7868260588597E-22,-0.012344642222088,9.2544620755554E-26,2.4027960607285E-06,-1.3657258020023E-13,2.2047451873759,9.4803856372872E-14,-9.6102178731925E-14,-4.6307921063128,-4.631510299868,6.7175541479209E-05,6.6629272636168E-05,-9.518148579597E-14,9.562586853911E-14,-6.6970999358695E-05,-6.6857182596466E-05,-4.632836900475,-4.6295753504063,-1.7060877032852,3.8863798820506E-08,-1.2344642222088E-08,7.981864544337,-35.512004510032,-0.008105762989484,100003909.87941,-1.297935695651E-12,-675.16650569655,-0.008105762989484,-265.03454964828,-0.000161729236126,-675.16650569655,589.19512755084
472.92700000004,1.9590805422142E-07,6.5132391352914E-08,1.3368175249437E-29,0.001800755914035,1.7308256921078,3.6411794447887E-26,2.2446015431451E-06,6.0255561851554,-1.4564717779155E-25,-8.9778796794844E-06,2.8120929496169E-29,1.7474798813627E-09,-3.5940683036505E-14,0.58078527187224,2.494875140895E-14,-2.5290420227671E-14,-1.2198665710775,-1.2200566226638,1.7678034967944E-05,1.7534277887962E-05,-2.5048129038692E-14,2.5165073590925E-14,-1.7624207299448E-05,-1.7594255078764E-05,-1.2204074007287,-1.2195446401069,-0.44946054223293,2.4357802406961E-11,-8.9778796794844E-12,7.9750252565649,-35.536111690772,-0.007098132129911,100003909.87975,-1.292536911714E-12,-575.04895760772,-0.007098132129911,-224.7838500215,-0.000132048695253,-575.04895760772,501.94385775416
473.92700000004,4.718724835949E-12,1.5678713737228E-12,6.6396839143945E-34,0.001800755917825,1.7310530779311,2.2048397571085E-30,2.0530225311318E-10,5.4516458123032,-8.819359028434E-30,-8.2116085685141E-10,1.6995248316394E-33,1.5983307059283E-13,-9.4582140470221E-15,0.15284076288034,6.5655577776035E-15,-6.6554719509537E-15,-0.32102283960111,-0.32107285461373,4.6521831120496E-06,4.6143517433135E-06,-6.5917101711428E-15,6.6224855073087E-15,-4.6380177270279E-06,-4.6301354475697E-06,-0.32116516699919,-0.32093811857293,-0.11828107722412,1.8417015846925E-15,-8.2116085685141E-16,7.9676441096392,-35.56117474074,-0.006091515568321,100003909.87975,-1.2870325729266E-12,-473.67519464712,-0.006091515568321,-184.36377037445,-0.000109114396708,-473.67519464712,413.55767511486
474.92700000004,8.9504342738988E-18,2.9714061954606E-18,2.8170296981796E-39,0.001800755917825,1.7312784239531,1.1993982009618E-35,1.4783333059364E-15,4.8099646280664,-4.797592803847E-35,-5.9129864669139E-15,9.2169356638951E-39,1.1509204017507E-18,-2.4890404244234E-15,0.040221846912885,1.7278038577741E-15,-1.7514658313762E-15,-0.084480941253836,-0.084494103292054,1.2242767789081E-06,1.2143210086557E-06,-1.734686168105E-15,1.7427850602555E-15,-1.22054899098E-06,-1.2184746763537E-06,-0.084518396384535,-0.084458645916413,-0.031127058590511,1.0399846132909E-20,-5.9129864669139E-21,7.9597560413261,-35.587465809246,-0.005085911264749,100003909.87975,-1.2815528588825E-12,-371.03299883114,-0.005085911264749,-143.77304893909,-8.5753091195571E-05,-371.03299883114,324.0246340533
475.92700000004,3.04684213213E-25,1.0100231909043E-25,2.0295071112756E-46,0.001800755917825,1.731501708114,1.2056750347296E-42,1.9091107720887E-22,4.0685719894502,-4.8227001389185E-42,-7.6359952894145E-22,9.2135289794677E-46,1.4862917095566E-25,-6.5502030336946E-16,0.010584852744106,4.5469193510451E-16,-4.6091886211599E-16,-0.02223215469941,-0.022235618444398,3.2218285378565E-07,3.1956287558689E-07,-4.5650309611432E-16,4.5863441496367E-16,-3.2120184248132E-07,-3.2065596216942E-07,-0.022242011458049,-0.022226287418529,-0.008191452079546,9.6729805085495E-28,-7.6359952894145E-28,7.9513164445241,-35.61533461368,-0.004081317185379,100003909.87975,-1.2761844018749E-12,-267.11067265401,-0.004081317185379,-103.01067434402,-6.1947568171157E-05,-267.11067265401,233.33326891601
476.92700000004,3.8055302353763E-36,1.2574224630423E-36,4.4206066235236E-57,0.001800755917825,1.7317229079923,4.3536177677867E-53,9.02729285524E-33,3.1580046569126,-1.7414471071147E-52,-3.6107053996822E-32,3.282255958435E-56,7.0279790589781E-36,-1.7237630759879E-16,0.002785528666972,1.1965753804684E-16,-1.2129622722207E-16,-0.005850653357346,-0.005851564882532,8.4786212612841E-08,8.4096734492318E-08,-1.2013416639484E-16,1.206950480504E-16,-8.4528047932394E-08,-8.4384393102439E-08,-0.005853247279435,-0.005849109313213,-0.002155677092854,2.7735282252411E-38,-3.6107053996822E-38,7.9422752658526,-35.645247817417,-0.003077731302515,100003909.87975,-1.2711023397696E-12,-161.89639521295,-0.003077731302515,-62.075620152531,-3.768713619408E-05,-161.89639521295,141.47217170116
477.92700000004,1.6267573592623E-57,5.3033702016982E-58,1.6276020698419E-78,0.001800755917825,1.7319420007974,4.6929371741841E-74,1.4436841191128E-53,1.8425222522423,-1.8771748696736E-73,-5.7743978534372E-53,3.2680509964218E-77,1.1239451196732E-56,-4.536285557645E-17,0.000733044676398,3.1489290453636E-17,-3.1920530808316E-17,-0.001539668339422,-0.001539908217984,2.2312490453054E-08,2.2131046165118E-08,-3.1614720816196E-17,3.1762323429312E-17,-2.2244551376372E-08,-2.2206746916824E-08,-0.001540350960561,-0.001539262006006,-0.000567291816339,1.52328644481E-59,-5.7743978534372E-59,7.932576270492,-35.677842470679,-0.002075151594564,100003909.87975,-1.2661019326727E-12,-55.378219753693,-0.002075151594564,-20.966844382854,-1.2960795110402E-05,-55.378219753693,48.431660702116
478.92700000004,3.7077008786742E-68,1.2837064858385E-68,5.1131087390024E-88,0.001800755917825,1.7321590972575,1.5238869532799E-83,1.3392377701207E-63,0,6.0955478131196E-83,5.3566369335564E-63,1.3017057231893E-86,1.0426309621226E-66,-1.1923611494455E-17,0.000192680358369,8.2769475390673E-18,-8.3902972111423E-18,-0.000404700909943,-0.000404763961484,5.8648250991761E-09,5.8171330667291E-09,-8.3099130767435E-18,8.3487161449527E-18,-5.8469682380107E-09,-5.8370296667554E-09,-0.000404880362393,-0.00040459407909,-0.000149112317959,1.3381514399039E-69,5.3566369335564E-69,-5.5750337829514E-06,0,-0.001073576046004,100003909.87975,-1.2613759914484E-12,52.375430609969,-0.001073576046004,20.301340195725,6.1488652002084E-06,52.375430609969,45.742956140484
479.92700000004,5.9865339522354E-41,2.0152092209965E-41,3.7229091415992E-60,0.001800755917825,1.7323752579853,3.6965182734943E-56,7.9670608390653E-36,0,1.4786073093977E-55,3.1866374575212E-35,2.9662813473714E-59,6.202561245297E-39,-3.1378387999323E-18,5.070610567514E-05,2.1781762301102E-18,-2.2080055311927E-18,-0.00010650181098,-0.000106518403734,1.5433978002026E-09,1.530847080158E-09,-2.1868514995525E-18,2.1970629839321E-18,-1.538698556844E-09,-1.5360831048254E-09,-0.000106549036005,-0.000106473697182,-3.924066255995E-05,2.43038851584E-41,3.1866374575212E-41,-5.5631981836331E-06,0,-7.3002647365323E-05,100003909.87975,-1.2573556938643E-12,160.72529723937,-7.3002647365323E-05,61.605962003243,1.9074503111832E-05,160.72529723937,140.45160841372
480.92700000004,1.1056498562591E-29,3.7061361516588E-30,3.5242780388747E-48,0.001800755917825,1.7325907025002,2.0962247711407E-44,5.5648751997535E-24,0,8.3848990845629E-44,2.2258195489816E-23,1.662379594578E-47,4.3323980995235E-27,-8.2575923737029E-19,1.3343908919966E-05,5.7321272933327E-19,-5.8106266120149E-19,-2.8027205927562E-05,-2.8031572505666E-05,4.0616330911639E-10,4.0286043931706E-10,-5.7549572864714E-19,5.7818300102141E-19,-4.0492664787236E-10,-4.0423836088564E-10,-2.8039633748979E-05,-2.8019807450127E-05,-1.0326642525336E-05,2.8457849174044E-29,2.2258195489816E-29,-5.5512971288338E-06,0,0.000926570604797,100003909.87975,-1.2535314310708E-12,269.53634698501,0.000926570604797,102.92119104733,3.2164583851765E-05,269.53634698501,235.58858156603
481.92700000004,1.2985986940869E-22,4.3453881831053E-23,1.9081358830037E-40,0.001800755917825,1.7328054214922,8.0995075045451E-37,2.4788291381151E-16,0,3.2398030018181E-36,9.9147351141574E-16,6.3904860663365E-40,1.9298320735235E-19,-2.1730826902806E-19,3.5116067953897E-06,1.5084768097624E-19,-1.5291348299303E-19,-7.3756893412705E-06,-7.3768384575987E-06,1.0688665854695E-10,1.0601746945879E-10,-1.5144847913033E-19,1.5215566650339E-19,-1.0656121657347E-10,-1.0638008575069E-10,-7.3789598688031E-06,-7.3737423447126E-06,-2.7175776066184E-06,1.781368447659E-21,9.9147351141574E-22,-5.5393299952953E-06,0,0.001925145707926,100003909.87975,-1.2497696646976E-12,378.81062541958,0.001925145707926,144.24749442557,4.5422027745807E-05,378.81062541958,331.15359354883
482.92700000004,1.587009630662E-17,5.3054923441832E-18,1.0077677015994E-34,0.001800755917825,1.7330194055237,3.3251108288204E-31,1.1500233473654E-10,0,1.3300443315282E-30,4.5998236383679E-10,2.6160205876734E-34,8.9532267745613E-14,-5.7187230430706E-20,9.2404188807909E-07,3.9697343920267E-20,-4.0240984049151E-20,-1.9408338509161E-06,-1.9411365193756E-06,2.8128483090665E-11,2.7899745744975E-11,-3.9855451029527E-20,4.004155571523E-20,-2.8042839201809E-11,-2.7995172493627E-11,-1.9416952224961E-06,-1.9403211054505E-06,-7.1510592260593E-07,1.0658174370851E-15,4.5998236383679E-16,-5.5272961489135E-06,0,0.002922724653488,100003909.87975,-1.2457894165914E-12,488.55020003756,0.002922724653488,185.58534370044,5.8850121547839E-05,488.55020003756,427.1484547219
483.92700000004,-1.4011795308193E-12,-4.6973070956058E-13,3.5342615199683E-30,0.001800755904267,1.7332326450253,9.5367551266764E-27,3.6953396112366E-06,0,3.8147020506706E-26,1.4780491661483E-05,7.4893249408668E-30,2.8769166837167E-09,-1.5049485948673E-20,-2.5390390241642E-06,1.0446818509893E-20,-1.0589883850786E-20,5.3377719669464E-06,5.329556630175E-06,7.4020803799173E-12,7.3418847291009E-12,-1.0488426301888E-20,1.0537401891311E-20,-7.3795413507745E-12,-7.3669982865499E-12,5.317345532865E-06,5.3488449364071E-06,1.8242462372864E-06,4.1972318508039E-11,1.4780491661483E-11,-5.5151947930817E-06,0,0.003919309426993,100003909.87975,-1.2420226530149E-12,598.75715934942,0.003919309426993,226.93521450952,7.2456518239208E-05,598.75715934942,523.57517637823
484.92700000004,-5.1383549338287E-05,-1.7206525606716E-05,2.0822703540425E-26,0.001800672364228,1.7334451154668,4.7526572226797E-23,0.020481419638384,0,1.9010628890719E-22,0.081920874406401,3.727579561332E-26,1.5945310597269E-05,-3.9209339053311E-21,-0.016794872420903,2.7215653542707E-21,-2.7593923184118E-21,0.03530115767257,0.035257574539643,2.5961629428031E-13,2.3994891774539E-13,-2.7327217076009E-21,2.7453732632631E-21,-2.4916560683009E-13,-2.5138694116142E-13,0.035197306965757,0.035357873428757,0.012213530125939,2.7559196324698E-07,8.1920874406409E-08,-5.5022046881302E-06,0,0.004914902008022,100003909.88344,-1.2378823019042E-12,709.4255707684,0.004914902008022,268.29459661468,0.000110994213515,709.4255707684,620.42876957071
485.92700000004,-5.1258666759882,-1.7105009190112,2.8928302119533E-23,0.001759362858734,1.73364957343,5.7482363044772E-20,4.9726384076619,0,2.2992945217909E-19,19.88938684364,4.5016856256672E-23,0.00387132663991,5.251751288583E-20,-6.8865576320308,-3.6742733595303E-20,3.6539473401657E-20,14.467962622043,14.462839512407,-2.7004780376825E-09,-2.7058746428219E-09,3.651071091571E-20,-3.6771896196332E-20,2.7068772511605E-09,2.6990434518202E-09,14.45525170631,14.476194804315,5.1487090770591,7.3680315183815E-05,1.9889386843644E-05,-5.3267094611078E-06,0,0.00590950437026,100003911.70774,-1.1885263077415E-12,816.56601180779,0.00590950437026,308.18111993655,0.000611318423998,816.56601180779,714.21639710374
486.92700000004,-38.76475840392,-12.927182633591,7.4903216606627E-21,0.001569267883831,1.7338276490332,1.3384339545833E-17,11.47014629013,0,5.3537358183333E-17,45.877886962463,1.0467840098739E-20,0.008929804344162,1.4363910417833E-17,-22.564538298018,-1.0049352776104E-17,1.0009428878686E-17,47.39943612639,47.396109475523,-8.3415390758059E-07,-8.3569671019205E-07,1.000091589812E-17,-1.0057372654375E-17,8.3596591310681E-07,8.3377129742881E-07,47.387881958676,47.408373424539,17.13246562215,0.000172653285685,4.5877886962429E-05,-5.0673750228209E-06,0,0.00690311848149,100003920.10269,-1.1237627141631E-12,909.63529454202,0.00690311848149,342.70644707103,-0.000426941333267,909.63529454202,795.70533913357
487.92700000004,-106.97954728758,-35.670466786715,4.9125841132933E-19,0.001207936584496,1.7339763045993,8.1078032545992E-16,19.950132752424,0,3.2431213018397E-15,79.795719887627,6.3328147550648E-19,0.015531695758015,1.0268672413687E-15,-35.797938517034,-7.1852103486821E-16,7.1646801026068E-16,75.19552085071,75.1948540086,-6.6953158076067E-05,-6.7070524171512E-05,7.159331926358E-16,-7.1899540330119E-16,6.7088785135469E-05,6.6927461353379E-05,75.186515756516,75.20457992641,27.26169649915,0.00030352384782,7.9795702902404E-05,-4.6592689549063E-06,0,0.007895746303643,100003936.05983,-1.0336726718918E-12,986.24934730766,0.007895746303643,371.04272373565,-0.002028997077286,986.24934730766,862.79937573619
488.92700000004,-202.83526301102,-67.627005210498,8.8747835141254E-18,0.000636307803973,1.7340897011471,1.3872326985417E-14,29.745834613151,0,5.5489307941669E-14,118.97436431503,1.0821223985266E-17,0.023157912117638,2.165809358434E-14,-45.519408039899,-1.5156647734049E-14,1.5130088665399E-14,95.614485811948,95.616728370531,-0.001538675291735,-0.001541239549284,1.5120328254458E-14,-1.5164635510489E-14,0.001541582462167,0.001538203786735,95.6087197531,95.623220062824,34.712711246533,0.000456014682456,0.000118974327874,-4.0501824121188E-06,0,0.008887389792811,100003961.30442,-9.1524284160356E-13,1042.3978488986,0.008887389792811,391.76162094708,-0.003952858100838,1042.3978488986,911.97847694067
489.92700000004,-322.80371196344,-107.59952835439,5.2228256183906E-17,0.000152394810817,1.7341675133099,7.9046711998042E-14,41.468102786264,0,3.1618684799217E-13,165.85101175947,6.159342856317E-17,0.03228402141707,1.5612991420476E-13,-51.95399944922,-1.0927383060309E-13,1.091912206601E-13,109.13260331209,109.13092489497,-0.011719210408601,-0.011736837290671,1.0912986788652E-13,-1.0931953670142E-13,0.011738981314398,0.01171640658397,109.12856455903,109.13569401904,39.618617176023,0.000637092001289,0.000165850516906,-3.5401378829721E-06,0,0.009878050899273,100003996.13395,-7.7767591096342E-13,1077.2628196007,0.009878050899273,404.61176076654,0.001494867716717,1077.2628196007,942.51285823
490.92700000004,-403.90833571643,-133.30318914995,1.3009229440051E-16,0.001106814265568,1.7342190134487,1.9374403631738E-13,46.664239443624,0,7.7497614526951E-13,186.61700950991,1.5077619798911E-16,0.036329374387665,4.7663625470606E-13,-55.565539464382,-3.3391946598916E-13,3.33717273125E-13,116.87773804747,116.56929971034,-0.036752589852448,-0.036805042831282,3.3385059045733E-13,-3.3373259450441E-13,0.036791006286223,0.036766486140461,116.82031636018,116.60518799338,42.398629579974,0.000707130951392,0.000186616853843,-2.2229367435039E-05,0,0.01086773156678,100004038.28693,-4.1665749163052E-13,1095.7655833975,0.01086773156678,411.43076859598,3.1695806516879E-05,1095.7655833975,958.72142861083
491.92700000004,-445.44906378063,-152.48996019006,2.1915649044804E-16,0.002157485731186,1.734256250576,3.2413059275059E-13,49.168985779922,0,1.2965223710024E-12,196.61916736777,2.3172017314577E-16,0.038279412669955,9.0553612541189E-13,-58.984847704138,-6.3595462614458E-13,6.3801006506078E-13,122.57913538428,126.18766904756,-0.068659775388304,-0.068821309135144,6.4058659059948E-13,-6.3404080736484E-13,0.068672103378674,0.068838083422327,122.62585652106,124.20941016245,45.029810961739,0.000729298922933,0.000196617072931,5.4017216498782E-05,0,0.01185643373185,100004084.68718,-5.6045896599213E-12,1104.7179483539,0.01185643373185,414.74105507647,0.000112766037485,1104.7179483539,966.57714165115
492.02930000004,-325.16007014774,-108.17615886407,2.1598176822728E-16,0.002246887090258,1.7342503601135,3.1984433433129E-13,38.237987832572,0,1.2793773373252E-12,152.89496674771,2.5800705804112E-16,0.029769332619335,9.6037277919828E-13,-57.183179260588,-6.7290242413428E-13,6.7040187365146E-13,120.04340027015,120.7366948163,-0.072675606703697,-0.072629988511779,6.7133897705984E-13,-6.7243646009106E-13,0.072585702722549,0.072745879286127,119.57935415914,120.10463788712,43.739721461653,0.000587146352086,0.000152894378205,4.1549239242207E-05,0,0.011899617736114,100004088.63919,-1.0222456618306E-12,1100.8230711707,0.011899617736114,413.31041007082,-8.2760973738914E-05,1100.8230711707,963.15261357296
493.02930000004,-38.846323635753,-12.968767516724,2.6685665058573E-19,0.002599075449755,1.7339743181275,4.5455549406749E-16,7.8509748442465,0,1.81822197627E-15,31.401912276002,3.5461771654465E-19,0.006112203053144,3.3627295633043E-13,-33.067928705163,-2.3471371812562E-13,2.3459890588972E-13,69.444528164864,69.477316098719,-0.025300957009624,-0.025268155177146,2.3402093554563E-13,-2.3545250164499E-13,0.025316079864228,0.025264601510846,69.421423560253,69.499814112127,25.403964066961,0.00011680356015,3.1401912276001E-05,2.8041062125768E-05,0,0.010910958282718,100004104.19368,-2.7300822067744E-12,954.45899299567,0.010910958282718,359.32855649244,-0.00051499441592,954.45899299567,834.95473140026
494.02930000004,-3.2793285336077,-1.0956831561392,3.2873385172208E-22,0.002683869671289,1.7337425811916,6.3866362332633E-19,1.4398492990781,0,2.5546544933053E-18,5.7590423095749,4.9805512153399E-22,0.001120962942196,8.8580773312478E-14,-15.229725251065,-6.1827174096053E-14,6.1797964033817E-14,31.977197986803,32.003763275262,-0.006663448535057,-0.006654812377418,6.164479406004E-14,-6.2022722092339E-14,0.00666748756967,0.006653823261223,31.962632069505,32.019479319381,11.738232892805,2.0664010258448E-05,5.759042309571E-06,2.5451366208665E-05,0,0.009921320415556,100004107.9384,-2.5888988314913E-12,834.93112641467,0.009921320415556,315.03658109016,-0.000646874271066,834.93112641467,730.29334777175
495.02930000004,-0.026282193804608,-0.008787613336946,2.6330231729647E-25,0.002693050959255,1.7335229431418,5.8919202549576E-22,0.037053587361599,0,2.356768101983E-21,0.14820521710728,4.5916734974143E-25,2.8847254124947E-05,2.3311155172021E-14,-4.7431170002257,-1.6270604446059E-14,1.6262918970646E-14,9.9570611612547,9.9684127374849,-0.001753568204003,-0.001751295498587,1.6222609017521E-14,-1.6322066742242E-14,0.001754631196184,0.001751035133914,9.9521811997522,9.9749236921289,3.6691316662952,4.9125059254615E-07,1.4820521710727E-07,2.4926464671345E-05,0,0.00893070219488,100004108.34388,-2.5660858441065E-12,723.26568727921,0.00893070219488,273.48955761492,3.1701828738927E-05,723.26568727921,632.54048772043
496.02930000004,-7.6994220060439E-06,-2.5740465836771E-06,7.2875081587899E-29,0.002693156842578,1.7333041173716,1.9196695538468E-25,4.0962060849205E-05,0,7.6786782153872E-25,0.000163838147834,1.4942310480432E-28,3.1890110046721E-08,6.1345958747876E-15,-1.2561602900684,-4.2817947952996E-15,4.2797722764495E-15,2.6369675262981,2.6400408908332,-0.000461471433878,-0.000460873345531,4.2691642524599E-15,-4.2953376853688E-15,0.000461751172357,0.000460804827618,2.6356898314834,2.6418014474938,0.97211983380463,4.7133709707809E-10,1.638381478342E-10,2.4902057166499E-05,0,0.007939101676561,100004108.34855,-2.5705742556269E-12,612.94945497265,0.007939101676561,232.2823398755,7.3366991886807E-05,612.94945497265,535.9925802717
497.02930000004,-1.8971504698104E-10,-6.3404615199117E-11,4.2103595811268E-33,0.002693156912845,1.7330845713607,1.347772001296E-29,3.8326878009916E-09,0,5.3910880051839E-29,1.532980659875E-08,1.0469137858126E-32,2.9838546495579E-12,1.6143887217285E-15,-0.3305780037359,-1.1268030311643E-15,1.1262707823484E-15,0.69395873091005,0.69476759891181,-0.00012144145979,-0.000121284066022,1.1234791601736E-15,-1.1303669967526E-15,0.000121515076137,0.00012126603477,0.69362251337266,0.69523095100651,0.25582884465322,3.6464911995982E-14,1.532980659875E-14,2.4888308149366E-05,0,0.006946516910605,100004108.34856,-2.5756931823531E-12,503.10957734451,0.006946516910605,191.09138020357,5.9963271266769E-05,503.10957734451,439.88469553382
498.02930000004,-3.6183734377716E-16,-1.2086035615804E-16,2.4041525765983E-38,0.002693156912849,1.7328642965256,9.8049311108475E-35,2.7749841947975E-14,0,3.921972444339E-34,1.1099252859009E-13,7.5877298491537E-38,2.1604028086226E-17,4.2484476532831E-16,-0.086995364279675,-2.9653104170659E-16,2.9639097438301E-16,0.18262313858416,0.1828360014115,-3.1958702258092E-05,-3.1917282293159E-05,2.9565632725424E-16,-2.9746893979539E-16,3.197807523308E-05,3.1912537168349E-05,0.18253465912416,0.18295793778226,0.067324272329888,2.0712369196236E-19,1.1099252859009E-19,2.4874831013708E-05,0,0.005952945941173,100004108.34856,-2.5807615086545E-12,393.73378283324,0.005952945941173,149.91242916797,4.663727423862E-05,393.73378283324,344.20597438647
499.02930000004,-1.5468315945679E-23,-5.1613080762001E-24,3.1804826582884E-45,0.002693156912849,1.7326433022743,1.7862932110858E-41,4.5001955071442E-21,0,7.145172844343E-41,1.7999672922007E-20,1.3720012333126E-44,3.5035280658924E-24,1.1180273511426E-16,-0.022893820195515,-7.8035518421294E-17,7.7998658113578E-17,0.048059357333566,0.04811537460939,-8.4102962183095E-06,-8.3993960822313E-06,7.7805327365356E-17,-7.8282336973045E-17,8.4153944359623E-06,8.3981473497819E-06,0.048036072958992,0.048147463550585,0.017717148474249,2.4324931360691E-26,1.7999672922007E-26,2.4861614147652E-05,0,0.004958386806589,100004108.34856,-2.5858891619376E-12,284.8199949695,0.004958386806589,108.74501270767,3.3480701267352E-05,284.8199949695,248.95480454184
500.02930000004,-5.0358174555214E-34,-1.6777630093619E-34,3.0465555558391E-55,0.002693156912849,1.7324215978992,2.7446445503364E-51,5.551559528653E-31,0,1.0978578201346E-50,2.2204869910446E-30,2.0696361420098E-54,4.3220443580256E-34,2.9422162161679E-17,-0.006024769336669,-2.0535934788593E-17,2.0526234579792E-17,0.012647366840926,0.012662108424649,-2.2132651666668E-06,-2.2103966715651E-06,2.0475357394346E-17,-2.0600887898335E-17,2.2146068203494E-06,2.2100680537114E-06,0.012641239293365,0.012670552994064,0.004662469258048,1.8607563282067E-36,2.2204869910446E-36,2.4848655135573E-05,0,0.003962837539319,100004108.34856,-2.5910756500234E-12,176.36616603487,0.003962837539319,67.588663741663,2.0490282183476E-05,176.36616603487,154.13073497161
501.02930000004,-3.2878831240691E-53,-1.1067641300948E-53,6.2010857464092E-74,0.002693156912849,1.7321991925675,1.3954249765585E-69,1.3848107006935E-49,0,5.5816999062341E-69,5.5389015256945E-49,9.7314919535099E-73,1.0781138576849E-52,7.7427768236926E-18,-0.001585486618226,-5.4042649574591E-18,5.4017122372944E-18,0.00332829852257,0.003332177938116,-5.8244591757856E-07,-5.8169104038348E-07,5.3883233272388E-18,-5.4213581072048E-18,5.8279898893144E-07,5.8160456093483E-07,0.003326685988851,0.00333440022249,0.00122698184834,1.8159497097749E-55,5.5389015256945E-55,2.4835951592309E-05,0,0.002966296165946,100004108.34856,-2.5962771316378E-12,68.370269983268,0.002966296165946,26.44291960818,7.6628210664773E-06,68.370269983268,59.743929993832
502.02930000005,-5.2459590367287E-68,-4.3720652559012E-69,1.09262818487E-87,0.002693156912849,1.7319760262534,3.033112978614E-83,2.5676055813749E-64,1.548331502079,-1.2132451914456E-82,-1.0269787527943E-63,3.0136253169388E-95,1.9989531448953E-67,2.0359056633696E-18,-0.000416891561874,-1.4210110562706E-18,1.4203369774201E-18,0.000875150481445,0.00087617075286,-1.5314954419337E-07,-1.5295132664896E-07,1.4168164841861E-18,-1.4255058520914E-18,1.5324267155171E-07,1.5292831381E-07,0.000874726000299,0.000876755630508,0.000322625490621,2.7182854392425E-70,-1.0269787527943E-69,-17.214957329435,-11.946113290989,0.001968760707146,100004108.34856,-2.5992084836121E-12,-39.128040301653,0.001968760707146,-14.684686409918,-9.4603965045265E-06,-39.128040301653,34.278094267512
503.02930000005,-3.5312102735521E-42,-4.873006306717E-43,2.3174955843596E-61,0.002693156912849,1.7317510934359,2.2675830819612E-57,9.9231006009211E-38,2.9916147185281,-9.0703323278448E-57,-3.9689952662502E-37,1.3310781274662E-61,7.7254121535909E-41,5.3577174576552E-19,-0.000109709759107,-3.7395523187135E-19,3.7377784036259E-19,0.00023030580919,0.000230574305225,-4.0303045535556E-08,-4.0250882328489E-08,3.7285138252402E-19,-3.7513808852513E-19,4.0327553054035E-08,4.0244826243512E-08,0.000230194102156,0.000230728222423,8.4902566482038E-05,2.9171700605872E-43,-3.9689952662502E-43,-17.266786876148,-11.947439956256,0.000970229177666,100004108.34856,-2.5981590798162E-12,-145.51814402708,0.000970229177666,-55.67687452674,-3.404623491194E-05,-145.51814402708,127.18743031933
504.02930000005,-7.7359770273702E-31,-2.1402668126268E-31,2.0887917804658E-49,0.002693156912849,1.7315240860295,1.2816325436973E-45,1.5164179591345E-25,3.9375335401723,-5.1265301747892E-45,-6.0652979803135E-25,5.8497338843034E-49,1.1805738171768E-28,1.4099443246576E-19,-2.887137170459E-05,-9.8410575221683E-20,9.836389263053E-20,6.0607594774947E-05,6.0678252562807E-05,-1.0606205117987E-08,-1.0592477775235E-08,9.8120084712262E-20,-9.8721857406494E-20,1.0612654548882E-08,1.0590884048998E-08,6.0578197800704E-05,6.071875762182E-05,2.2343076637144E-05,7.2637939198117E-31,-6.0652979803135E-31,-17.326438078667,-11.948863864664,-2.9300413694842E-05,100004108.34856,-2.5973266639312E-12,-250.61165522766,-2.9300413694842E-05,-96.496457469346,-5.8166875329176E-05,-250.61165522766,218.94715149428
505.02930000005,-1.0892872534945E-23,-3.3991291000362E-24,1.6839681158686E-41,0.002693156912849,1.7312950264939,7.438875484115E-38,9.0392980465809E-18,4.6968864697537,-2.975550193646E-37,-3.6154964048846E-17,4.815797452034E-41,7.0373464099736E-21,3.7104289547667E-20,-7.5978300461755E-06,-2.5897862872512E-20,2.5885577818216E-20,1.594957833381E-05,1.5968172734914E-05,-2.7911435850565E-09,-2.7875310782798E-09,2.5821416991316E-20,-2.5979780320642E-20,2.7928408257994E-09,2.7871116714636E-09,1.5941842186236E-05,1.5978832101342E-05,5.8798349013225E-06,6.0909244819035E-23,-3.6154964048847E-23,-17.392001635329,-11.950407833941,-0.001029830064119,100004108.34856,-2.5965375271153E-12,-354.42041226776,-0.001029830064119,-137.14446891014,-8.1835049415765E-05,-354.42041226776,309.54621157927
506.02930000005,-1.2753084680021E-18,-4.1103868867751E-19,1.1590172452714E-35,0.002693156912849,1.7310639369251,3.9769694149978E-32,4.1387004360402E-12,5.3497188610249,-1.5907877659991E-31,-1.6553781627967E-11,2.8244737466738E-35,3.2220940626303E-15,9.7644160748542E-21,-1.9994526016051E-06,-6.8153173564E-21,6.8120844047713E-21,4.1973070840587E-06,4.2022005302344E-06,-7.3452120015942E-10,-7.335705278081E-10,6.7951997533712E-21,-6.8368748647823E-21,7.3496784827246E-10,7.3346015623147E-10,4.1952709531314E-06,4.2050056979892E-06,1.5473434268285E-06,3.5912006652752E-17,-1.6553781627967E-17,-17.460722184665,-11.952094223981,-0.002031361776787,100004108.34856,-2.5958417983929E-12,-456.95612905482,-0.002031361776787,-177.6219271209,-0.000105061410292,-456.95612905482,398.99402397456
507.02930000005,-7.2765706976901E-15,-2.4529569419045E-15,4.7067338774823E-31,0.002693156912427,1.7308308390638,1.3191617163117E-27,1.1348246449214E-07,5.9313088059768,-5.2766468652466E-27,-4.539018871505E-07,9.7120976376748E-31,8.8349272972321E-11,2.569616279783E-21,-4.3988027341076E-07,-1.7935276513984E-21,1.7926768434584E-21,9.2299692646075E-07,9.2696461361323E-07,-1.9329761001662E-10,-1.9304742983715E-10,1.7882334414838E-21,-1.7992007735748E-21,1.9341515066999E-10,1.9301838418989E-10,9.1749387654746E-07,9.2850299817572E-07,3.4473909257442E-07,1.2023979751636E-12,-4.539018871505E-13,-11.904345243125,-11.953944956689,-0.003033897560907,100004108.34856,-2.5952931264353E-12,-558.23039711,-0.003033897560907,-217.92983530142,-0.000127856093384,-558.23039711,487.30145953147
508.02930000005,3.5296661770304E-08,1.0647422810458E-08,2.9808544239532E-27,0.00269315484206,1.7305957547318,7.0619463429197E-24,0.000497546084922,6.4609233683442,-2.8247785371679E-23,-0.001990061707423,5.2918008415791E-27,3.873535443462E-07,6.7063748310383E-22,0.000414465800168,-4.679840087363E-22,4.6769623890236E-22,-0.000872550385747,-0.000862224198768,-5.0854571175149E-11,-5.0789000156753E-11,4.6645670662717E-22,-4.6956873984827E-22,5.0885970429263E-11,5.0780922631807E-11,-0.000888515540946,-0.000859131092311,-0.000301686457421,6.2149685832269E-09,-1.9900617074232E-09,-11.969532785699,-11.955913978749,-0.004037439431735,100004108.34865,-2.5947726224393E-12,-658.25450732477,-0.004037439431735,-258.06910953797,-0.000149551555175,-658.25450732477,574.47946621148
509.02930000005,0.043582209928152,0.013866594562946,5.0452985857085E-24,0.00269055832814,1.7303592491492,1.0358715833969E-20,0.54319011232462,6.9493991722089,-4.1434863335875E-20,-2.1726265667005,7.8466015723851E-24,0.000422888696473,-8.8138994197049E-21,0.50367837947409,6.2966189957548E-21,-6.3517004523861E-21,-1.0608352465872,-1.0515594128102,2.4376726791356E-12,2.2273128718078E-12,-6.4490521522815E-21,6.1713395765325E-21,-2.0053879609682E-12,-2.6213584894209E-12,-1.0708744593077,-1.048733315474,-0.36896457939827,7.7726328467953E-06,-2.1726265667036E-06,-11.939657145205,-11.902932721443,-0.005041989410564,100004108.4633,-2.567334508049E-12,-756.81686799736,-0.005041989410564,-297.95050887569,0.000641656910908,-756.81686799736,660.34548243455
510.02930000005,11.702441950979,3.8915073290071,2.1868355360521E-21,0.00260241185633,1.7301391286741,3.9984835875865E-18,6.4531261462778,7.373144591337,-1.5993934350346E-17,-25.810912798718,3.0614774121687E-21,0.005023939453135,-3.9864371803974E-18,12.071129271421,2.8345130990663E-18,-2.8402327036147E-18,-25.375366973423,-25.336603660158,5.0833902986877E-09,5.0319382358036E-09,-2.8745223352969E-18,2.7912341491429E-18,-4.9816734081714E-09,-5.1259329974536E-09,-25.38668705516,-25.325285706867,-9.1226457386992,9.6074546670938E-05,-2.5810912798719E-05,-20.145599417849,-11.624529354039,-0.00604754952468,100004112.35592,-2.41410891529E-12,-846.97730934043,-0.00604754952468,-334.73228269878,0.003150009314872,-846.97730934043,738.85845618431
511.02930000005,47.492512512749,15.811152946216,2.6378168309689E-19,0.002384271003691,1.7299458801003,4.4006961353364E-16,12.479483669051,7.7266156136032,-1.7602784541345E-15,-49.914848864727,3.3903307293393E-19,0.009715628894861,-5.0225343186951E-16,25.365196765789,3.5593126144158E-16,-3.5560197787801E-16,-53.300327825759,-53.261348348912,4.8396899856928E-07,4.8020459320055E-07,-3.5900029759345E-16,3.5166911960202E-16,-4.7641505770158E-07,-4.8719598696951E-07,-53.30903889897,-53.252521527932,-19.288046646744,0.000188161181009,-4.99148488647E-05,-19.968668258156,-11.14761338053,-0.00705412180781,100004121.98933,-2.2593534733758E-12,-925.37163911777,-0.00705412180781,-366.94979253414,0.006039206004755,-925.37163911777,807.09946409376
512.02930000005,109.87464789559,36.5933306549,1.0663899581793E-17,0.002010468797274,1.7297861177471,1.6580659530266E-14,20.044330558614,8.01014039948,-6.6322638121064E-14,-80.172325217124,1.2830543518829E-17,0.015605078568787,-2.2085429483674E-14,36.550886722306,1.5602786565558E-14,-1.5566898209765E-14,-76.79544739322,-76.758290027083,1.680081915835E-05,1.6694684702542E-05,-1.5677208846878E-14,1.5463832212522E-14,-1.6595945771111E-05,-1.6885209078823E-05,-76.801029691599,-76.752747365922,-27.848995463018,0.000305008069312,-8.0172325217039E-05,-25.422236274479,18.373277119951,-0.008061708299613,100004138.49706,-2.0682118349702E-12,-990.25151583135,-0.008061708299613,-393.78601556462,0.009885094400346,-990.25151583135,863.55843263857
513.02930000005,193.04269293078,64.308450156765,1.5510477347395E-16,0.001450369194374,1.7296676562163,2.2926097105725E-13,28.593479940607,8.2205074105283,-9.1704388422899E-13,-114.36651807205,1.7795483954485E-16,0.022260841262645,-3.6692639317589E-13,45.029333418729,2.584668043116E-13,-2.5780992494968E-13,-94.602362708706,-94.569970774981,0.000232289770191,0.000231028196136,-2.5901100932163E-13,2.5691541830976E-13,-0.000230099628566,-0.000233081820442,-94.60516909872,-94.56748164615,-34.345731578731,0.000438143963942,-0.000114366499361,-30.96863457907,19.446834637976,-0.009070311045985,100004163.23218,-1.8503699683485E-12,-1039.4902914819,-0.009070311045985,-414.26218513629,0.012381655456325,-1039.4902914819,906.39413890232
514.02930000005,277.3463442539,92.415224660885,9.0584529510357E-16,0.000697441109015,1.7295929491136,1.2953661826745E-12,36.470938986144,8.3610984673411,-5.1814647306978E-12,-145.87325847826,1.0071818690778E-15,0.028393682063405,-2.5538808278393E-12,50.732278341441,1.7945819016654E-12,-1.790863493985E-12,-106.57665875025,-106.55416317633,0.001419604846566,0.001412901541531,-1.7955020040919E-12,1.7881821636359E-12,-0.001409487163105,-0.001422482282977,-106.57880708573,-106.55249433475,-38.723238360799,0.000561656093911,-0.000145873249169,-19.997374191533,20.051889263322,-0.010079932099024,100004196.48345,-1.6306089220366E-12,-1072.9040569502,-0.010079932099024,-428.21761643066,0.003757887933755,-1072.9040569502,935.44798350051
515.02930000005,325.68089824317,104.817612573,2.3637968215617E-15,0.000238364253301,1.7295607626634,3.3241850345522E-12,35.884513890205,8.4388088411641,-1.3296740138209E-11,-143.52585293333,2.5783698796244E-15,0.027937149716631,-8.6661067113681E-12,55.69353214385,6.0705108886352E-12,-6.0587700118566E-12,-117.57683919059,-116.52890766834,0.004397204053468,0.00436959673731,-6.0580176360468E-12,6.0678530453835E-12,-0.004368137271958,-0.004398151262318,-117.16000784905,-116.68163648345,-42.594929626496,0.00053554000098,-0.000143524688348,0.73486707770739,-33.493857411417,-0.011090573518611,100004237.80622,-7.0599186203176E-12,-1091.5921546452,-0.011090573518611,-436.03261205576,0.000119161445668,-1091.5921546452,951.69891796676
516.02930000005,378.24150362151,131.7773819728,4.3731207090751E-15,0.001258531774497,1.7295624797201,6.1041653967572E-12,44.06540839277,8.465373003366,-2.4416661587029E-11,-176.24474751141,4.9755903640347E-15,0.034306239781087,-1.8061026640692E-11,57.525423595254,1.2644742163962E-11,-1.2508823984982E-11,-123.29931566697,-119.34874713935,0.008647997553848,0.008593360446341,-1.2516227188973E-11,1.2646004673071E-11,-0.008591116346195,-0.008648703062028,-119.9812218952,-120.70986918464,-43.957474094042,0.00065802662503,-0.000176243152292,18.407892416021,4.9998918009412,-0.012042925627686,100004282.85847,-1.7527962141335E-11,-1097.6763906934,-0.012042925627686,-438.6538209694,-0.000283877348695,-1097.6763906934,956.99084852108
517.02930000005,52.878663673682,17.633497258708,9.0940682328145E-18,0.001653632315893,1.7298876932776,1.443883476553E-14,9.9761095325539,7.9268142965598,-5.775533906212E-14,-39.901844392257,1.1291596091168E-17,0.007766702547403,-6.461124713971E-12,35.389084554238,4.5329761594681E-12,-4.5168401036979E-12,-74.339772635047,-74.332335946514,0.003186835536898,0.003184201194288,-4.5275715171492E-12,4.5239622626603E-12,-0.003178799852812,-0.003190412248402,-74.326510513494,-74.346919533261,-27.161793821047,0.000149153341265,-3.9901844392256E-05,-14.255558764146,55.501674695513,-0.011031321748611,100004300.31232,-7.3681110404272E-13,-970.29404691552,-0.011031321748611,-385.68169537549,-0.011819626057459,-970.29404691552,846.15651071197
518.02930000005,7.6531893007909,2.5525981619086,1.906541310025E-20,0.001776922524021,1.7301502731125,3.4162303730041E-17,2.7251876023268,7.4526785973284,-1.3664921492016E-16,-10.900046446045,2.6730986680786E-20,0.002121641044876,-1.7034427235023E-12,18.752967877416,1.1950842438021E-12,-1.1908351109973E-12,-39.395367103783,-39.387038505595,0.000841254284208,0.000840558726915,-1.1936496983228E-12,1.1927196346901E-12,-0.000839143286471,-0.000842189305707,-39.383746300645,-39.399695813089,-14.427633771964,3.9660233950485E-05,-1.0900046446037E-05,-25.341723006384,55.846187943148,-0.010020740180663,100004305.75711,-7.1129254169963E-13,-863.7134547089,-0.010020740180663,-341.73856997574,-0.002644438051824,-863.7134547089,753.40512606521
519.02930000005,0.25292865682431,0.084408925466929,3.1004830480894E-23,0.001800961908588,1.7303887247828,6.3076703203507E-20,0.24194670230444,6.9866460366995,-2.5230681281403E-19,-0.96772429734094,4.9386566731285E-23,0.000188362835621,-4.4828691483202E-13,6.9842070731821,3.1450460258098E-13,-3.133863877881E-13,-14.673136958073,-14.667898689288,0.0002213940217,0.000221210966848,-3.1412705448698E-13,3.1388234758814E-13,-0.000220838498745,-0.00022164006139,-14.666284245918,-14.675258011399,-5.39575929054,3.3412432945631E-06,-9.6772429734069E-07,-25.330169253154,55.976513376947,-0.009011178856877,100004306.81875,-7.0120243681967E-13,-763.9638403951,-0.009011178856877,-300.98814336695,-0.000506622314207,-763.9638403951,666.5511731308
520.02930000005,0.000465386950583,0.000155423992173,2.320858164521E-26,0.001802011693607,1.7306201481273,5.4479437657723E-23,0.001619193445324,6.497400126384,-2.1791775063089E-22,-0.006476355423629,4.268771709215E-26,1.2605911393005E-06,-1.1797163715815E-13,1.9213954923323,8.2765348710181E-14,-8.2471078162273E-14,-4.0367552248624,-4.0351323156972,5.8262288130491E-05,5.8214115209439E-05,-8.2665992711447E-14,8.2601595493901E-14,-5.8116096181086E-05,-5.8327036131238E-05,-4.0346422392215,-4.0373845435369,-1.4868655480442,2.0117819785112E-08,-6.4763554236285E-09,-25.3827655069,56.012491163967,-0.008002635719319,100004306.86511,-6.9858383656759E-13,-664.87679289937,-0.008002635719319,-260.85296882099,-0.000156188017243,-664.87679289937,580.23326233217
521.02930000005,7.1563031990292E-08,2.3911473698276E-08,5.1735758303036E-30,0.001802015528794,1.7308493435799,1.4360838205215E-26,9.4598354196928E-07,5.9688623933551,-5.7443352820861E-26,-3.7836897501862E-06,1.126370549174E-29,7.364768393794E-10,-3.1045532097754E-14,0.50592577125186,2.1780610595675E-14,-2.1703170062109E-14,-1.0629251232666,-1.062496745976,1.5332361078545E-05,1.5319683846092E-05,-2.1754463969608E-14,2.1737517135484E-14,-1.5293889060967E-05,-1.5349400227425E-05,-1.062367394263,-1.0630910667633,-0.39152707009215,1.0085445321744E-11,-3.7836897501862E-12,-25.44201652809,56.039972018685,-0.00699510871628,100004306.86528,-6.9670388446868E-13,-564.63023626206,-0.00699510871628,-220.58486662906,-0.000129718703501,-564.63023626206,492.86554605284
522.02930000005,1.3727302063097E-12,4.5890405304191E-13,2.0814246155464E-34,0.001802015530336,1.7310765178576,7.0740875635584E-31,6.8983076677454E-11,5.3889381701325,-2.8296350254234E-30,-2.7591448326123E-10,5.5559730400781E-34,5.3705414554336E-14,-8.1699727680395E-15,0.13314003648695,5.7318069118571E-15,-5.7114275831051E-15,-0.27972065841134,-0.27960792557867,4.0348792245794E-06,4.0315430718453E-06,-5.7249261390581E-15,5.7204663937632E-15,-4.0247548904876E-06,-4.0393632641192E-06,-0.27957388505134,-0.27976432840849,-0.10303474750427,6.0514972138487E-16,-2.7591448326123E-16,-25.501542099265,56.067526742083,-0.005988595802252,100004306.86528,-6.949153351194E-13,-463.12595224701,-0.005988595802252,-180.1471490324,-0.000106743166585,-463.12595224701,404.36147247686
523.02930000005,1.8787639853125E-18,6.285304997472E-19,6.355047192487E-40,0.001802015530336,1.7313016500597,2.7880720395373E-36,3.5898392798819E-16,4.7387966594623,-1.1152288158149E-35,-1.4358429597147E-15,2.1939893228624E-39,2.7947986086026E-19,-2.1500180708877E-15,0.035037262985583,1.5083879458058E-15,-1.503024901141E-15,-0.073611563658542,-0.073581896773903,1.0618227860354E-06,1.0609448408603E-06,-1.5065771946141E-15,1.5054035637193E-15,-1.0591584562899E-06,-1.0630028103862E-06,-0.073572938634445,-0.07362305589868,-0.027114725520077,2.4528276746491E-21,-1.4358429597147E-21,-25.561150424367,56.095199446403,-0.004983094937902,100004306.86528,-6.9311287393556E-13,-360.35203089764,-0.004983094937902,-139.53868508586,-8.333566172225E-05,-360.35203089764,314.70936832835
524.02930000005,3.6143224225913E-26,1.2107401248971E-26,2.5487390120871E-47,0.001802015530336,1.7315247180889,1.5793656717607E-43,2.6271659338942E-23,3.9842105408492,-6.3174626870429E-43,-1.0507984942617E-22,1.246420619484E-46,2.0453282513819E-26,-5.6580087062552E-16,0.009220440595609,3.9694885575187E-16,-3.9553751152033E-16,-0.019371691508825,-0.019363884341896,2.7943032893667E-07,2.7919928803661E-07,-3.9647233662034E-16,3.9616348277645E-16,-2.7872918129295E-07,-2.7974086533048E-07,-0.019361526908897,-0.019374715818235,-0.007135537842296,1.2772547882588E-28,-1.0507984942617E-28,-19.995681597185,56.122987525621,-0.003978604090038,100004306.86528,-6.9159153969143E-13,-256.29676218715,-0.003978604090038,-98.758461936951,-5.9482874533896E-05,-256.29676218715,223.89777823414
525.02930000005,1.2346625736042E-37,4.1489643869527E-38,1.4616019356117E-58,0.001802015530336,1.731745699486,1.5452581298492E-54,3.4193056660109E-34,3.0485850629265,-6.1810325193969E-54,-1.3676339199678E-33,1.2238801560043E-57,2.6620330257312E-37,-1.4889671372317E-16,0.002426460217858,1.0446145139309E-16,-1.0409004062469E-16,-0.005097873394645,-0.005095818852815,7.3535160251357E-08,7.3474359304993E-08,-1.0433605013214E-16,1.042547718552E-16,-7.3350645545878E-08,-7.3616881320774E-08,-0.005095198468373,-0.005098669274934,-0.001877795158249,9.79553615063E-40,-1.3676339199678E-39,-20.054972571399,56.150889839544,-0.002975121231593,100004306.86528,-6.8999415733374E-13,-150.94831228258,-0.002975121231593,-57.805451553268,-3.5174081476561E-05,-150.94831228258,131.915378863
526.02930000005,1.4678737524417E-61,5.013088874133E-62,1.3249799014428E-82,0.001802015530336,1.7319645714214,4.7482416690908E-78,1.5655516809912E-57,1.6480253805498,-1.8992966676363E-77,-6.261802209419E-57,3.550524188414E-81,1.2188294042643E-60,-3.9183805661254E-17,0.00063854965799,2.7490178316503E-17,-2.7392437484892E-17,-0.001341561377642,-0.001341020702366,1.9351585111645E-08,1.9335584675887E-08,-2.7457177592696E-17,2.7435788322553E-17,-1.9303028039759E-08,-1.9373090910384E-08,-0.001340857441372,-0.001341770822295,-0.000494162421148,1.3242212528061E-63,-6.261802209419E-63,-20.113861242103,56.178906549218,-0.001972644341593,100004306.86528,-6.8833829249942E-13,-44.294721275501,-0.001972644341593,-16.678610320884,-1.0398215182519E-05,-44.294721275501,38.753969619726
527.02930000005,4.6666439559704E-63,1.5315431995582E-63,8.4025826097425E-83,0.001802015530336,1.7321815169273,2.0655358739941E-78,1.8324982934626E-58,0,8.2621434959763E-78,7.3295197042882E-58,1.325488094938E-81,1.4266554240625E-61,-1.0299190707744E-17,0.000167838285175,7.2256020647154E-18,-7.1999061983919E-18,-0.000352619924783,-0.000352477902075,5.0864275071635E-09,5.0822199877069E-09,-7.2169242920108E-18,7.2113060837954E-18,-5.0736625211139E-09,-5.0920805693583E-09,-0.00035243494149,-0.000352675024294,-0.000129887115832,2.2169169826631E-64,7.3295197042882E-64,7.9804775831087E-06,0,-0.000971171405139,100004306.86528,-6.8650956727234E-13,63.552119400479,-0.000971171405139,24.599453219005,7.4552461450939E-06,63.552119400479,55.507720267996
528.02930000005,1.952445862629E-39,6.4685598207925E-40,1.5179110314548E-58,0.001802015530336,1.7323976020774,1.4077765097773E-54,2.9354262331623E-34,0,5.6311060391092E-54,1.1740946496145E-33,1.0511947185967E-57,2.2853182303677E-37,-2.7103451585287E-18,4.4168488239652E-05,1.9014965478093E-18,-1.8947343977666E-18,-9.279580630094E-05,-9.2758431463401E-05,1.3385492665363E-09,1.337442011653E-09,-1.8992128962887E-18,1.8977344031689E-18,-1.335190020217E-09,-1.3400369320635E-09,-9.2747125912783E-05,-9.2810306343228E-05,-3.4181221168665E-05,9.5789394642083E-40,1.1740946496145E-39,7.9641170195803E-06,0,2.9299586622666E-05,100004306.86528,-6.8441055644568E-13,171.94960857472,2.9299586622666E-05,65.905222340564,2.03986768606E-05,171.94960857472,150.26055570477
529.02930000005,8.1911877272207E-29,2.7204662168534E-29,3.1517765567028E-47,0.001802015530336,1.7326129700519,1.7987026825397E-43,4.6892138916431E-23,0,7.1948107301589E-43,1.8755643997336E-22,1.369455594231E-46,3.6506950410728E-26,-7.132570982336E-19,1.162342281642E-05,5.0039970219053E-19,-4.9862016797966E-19,-2.4420235675375E-05,-2.4410400075878E-05,3.5225394177375E-10,3.5196255550945E-10,-4.9979873412588E-19,4.9940965244335E-19,-3.5136991919908E-10,-3.5264543732867E-10,-2.4407424895795E-05,-2.4424051521007E-05,-8.9951637889269E-06,2.4981886861671E-28,1.8755643997336E-28,7.9478171940951E-06,0,0.001028770636522,100004306.86528,-6.8229758578813E-13,280.80849205283,0.001028770636522,107.22164695085,3.3506547653731E-05,280.80849205283,245.441602798
530.02930000005,5.1765499368201E-22,1.7211558596994E-22,9.0338655838055E-40,0.001802015530336,1.7328276115276,3.7224910214854E-36,1.1271291494561E-15,0,1.4889964085942E-35,4.5082253772885E-15,2.8546644660656E-39,8.7750418123633E-19,-1.8770143964128E-19,3.0588313823445E-06,1.3168567791556E-19,-1.3121737390165E-19,-6.4264532426157E-06,-6.4238648964431E-06,9.2699493845476E-11,9.2622812354785E-11,-1.3152752654637E-19,1.3142513543366E-19,-9.2466853592792E-11,-9.2802520209076E-11,-6.4230819450564E-06,-6.4274574243709E-06,-2.3671761512901E-06,8.3418316623876E-21,4.5082253772885E-21,7.9315785780836E-06,0,0.002027243741389,100004306.86528,-6.8050740196305E-13,390.13081766215,0.002027243741389,148.54919460767,4.6782104788569E-05,390.13081766215,341.05091614786
531.02930000005,4.4998389374666E-17,1.4971052237665E-17,3.3632420781351E-34,0.001802015530335,1.7330415170537,1.0843081992036E-30,3.7263010117547E-10,0,4.3372327968144E-30,1.4904241268613E-09,8.3461659372853E-34,2.9010381995463E-13,-4.9395695507455E-20,8.0470713866582E-07,3.4654532550493E-20,-3.4531293194874E-20,-1.6906507653719E-06,-1.6899678505368E-06,2.4394889970413E-11,2.4374710395279E-11,-3.4612913274779E-20,3.4585967930314E-20,-2.4333668132081E-11,-2.4422002491754E-11,-1.6897615454431E-06,-1.6909155499122E-06,-6.2276289593778E-07,3.5337761358965E-15,1.4904241268613E-15,7.9154016468219E-06,0,0.003024720892079,100004306.86528,-6.7879043382628E-13,499.91865519186,0.003024720892079,189.88833734327,6.0228642926971E-05,499.91865519186,437.09030418887
532.02930000005,-1.0386353267666E-11,-3.4497203127274E-12,9.4546465851716E-30,0.001802015494472,1.733254677043,2.5032784399664E-26,9.6649803355422E-06,0,1.0013113759865E-25,3.8657424164439E-05,1.9311760533414E-29,7.5244799233982E-09,-1.2999000862891E-20,-7.1321010488013E-06,9.1197075898807E-21,-9.0872756881738E-21,1.4961804722552E-05,1.5002919813711E-05,6.4190908000765E-12,6.4137805111928E-12,-9.108754904491E-21,9.1016640691333E-21,-6.4029801347387E-12,-6.4262253005562E-12,1.5009584441588E-05,1.4950900842714E-05,5.1512575959575E-06,1.1186865572453E-10,3.8657424164439E-11,7.8992849412505E-06,0,0.004021204073495,100004306.86528,-6.7734115582793E-13,610.17409334958,0.004021204073495,231.23955047733,7.3860786014575E-05,610.17409334958,533.56177386047
533.02930000005,-0.000263942160218,-8.77198553978E-05,4.7809110095747E-26,0.001801825536719,1.7334670480994,1.0738317143668E-22,0.046039093529936,0,4.295326857467E-22,0.18414447881184,8.2966789110472E-26,3.5842828743821E-05,-3.3321336406887E-21,-0.038095817881031,2.3378147890922E-21,-2.3288368397156E-21,0.079935898079913,0.080114178770614,-2.1678616212777E-12,-2.1678871986029E-12,-2.3344803170138E-21,2.3330993935922E-21,2.1697805674606E-12,2.1675360645571E-12,0.080144444555306,0.079893467293881,0.027719370391085,6.2939163321734E-07,1.8414447881188E-07,7.8744750300339E-06,0,0.005016695264614,100004306.87367,-6.7540242971424E-13,720.8809442628,0.005016695264614,272.59651313242,0.000143207457886,720.8809442628,630.45133077335
534.02930000005,-7.1660325838242,-2.3872291442695,5.5569514016596E-23,0.001747596238992,1.7336691694245,1.0904861285788E-19,5.5804626280211,0,4.3619445143152E-19,22.320408038207,8.4339784045339E-23,0.004344559296988,1.010470037061E-19,-8.5645337400824,-7.0759543316741E-20,7.1225106185215E-20,17.984036956724,17.995955988642,-5.2189922496347E-09,-5.2181703965421E-09,7.1216002705052E-20,-7.0751274047894E-20,5.2180059373916E-09,5.2199099093903E-09,17.997198099276,17.983577902183,6.429238545332,8.2856935267131E-05,2.2320408038208E-05,7.0554592198443E-06,0,0.006011196438532,100004309.26854,-6.4993355448266E-13,826.81393227791,0.006011196438532,312.0183607361,0.000452398211696,826.81393227791,723.1842591473
535.02930000005,-44.20141986548,-14.72982808069,1.2399063116356E-20,0.001541908449065,1.7338445281749,2.1943708206852E-17,12.251781944942,0,8.7774832827406E-17,49.003952218996,1.6983531099877E-20,0.009538384793727,2.3669633732672E-17,-24.071005722474,-1.6569958436677E-17,1.6671053691862E-17,50.554993771255,50.569078963673,-1.3915336856184E-06,-1.3916138844717E-06,1.6665327604463E-17,-1.6573046164013E-17,1.3918177004656E-06,1.3915128977953E-06,50.568829742313,50.556051757482,18.284921620748,0.000184652560689,4.9003952218955E-05,6.0724606413243E-06,0,0.007004709562419,100004318.35215,-6.1763372469455E-13,918.39674474117,0.007004709562419,345.98095427098,-0.000560171494958,918.39674474117,803.37327671764
536.02930000005,-115.80822776381,-38.595648539665,7.0810712775996E-19,0.001160360263979,1.7339897568629,1.1606145049372E-15,20.9005098524,0,4.642458019749E-15,83.596459491669,8.9876799029578E-19,0.016271686357835,1.4862007297993E-15,-36.972645499687,-1.0401205156661E-15,1.0461914824227E-15,77.654617920625,77.670413813435,-9.7752746499659E-05,-9.7780081047317E-05,1.0455772467466E-15,-1.0406105640637E-15,9.7810438343589E-05,9.7733844356895E-05,77.668302495356,77.657506307112,28.161852610057,0.00031828244381,8.3596441703574E-05,4.7539646489628E-06,0,0.007997236597612,100004335.20222,-5.7147542171961E-13,993.05319687572,0.007997236597612,373.58573499608,-0.002089746115904,993.05319687572,868.75399199208
537.02930000005,-212.15364764899,-70.708577480717,1.1249909392341E-17,0.000566081380065,1.7340994055593,1.750676010905E-14,30.584302596979,0,7.0027040436202E-14,122.32680997065,1.3564613678709E-17,0.023810824278014,2.7825916415381E-14,-46.289391751934,-1.9468640835628E-14,1.957749156996E-14,97.224347870448,97.24117035772,-0.001986128754252,-0.001987074367058,1.9560799040817E-14,-1.9483194661953E-14,0.001988016696588,0.001985384860972,97.237161575517,97.229084303985,35.305385702506,0.000469229462162,0.00012232678114,3.1811972289957E-06,0,0.008988779499609,100004361.44733,-5.0986174449023E-13,1046.9873905488,0.008988779499609,393.48418562815,-0.002821551636947,1046.9873905488,915.99322904062
538.02930000005,-261.66926760465,-87.22180436629,5.8080183048772E-17,0.000230958856896,1.7341760236378,8.7591656842107E-14,33.909760570964,0,3.5036662736843E-13,135.61748964119,6.790393058791E-17,0.026399809704454,1.8118419576819E-13,-51.503571183263,-1.2673469515768E-13,1.2740185467297E-13,108.17376268681,108.19695204798,-0.013606046273499,-0.013614086095987,1.272592983236E-13,-1.2686181308741E-13,0.013622631056868,0.013598595227691,108.1878165398,108.1836100984,39.365138652135,0.000524876748686,0.00013561824165,1.9475113926847E-06,0,0.009979340218083,100004396.64572,-4.4030219914211E-13,1081.0260684776,0.009979340218083,406.02703789639,-0.001236748505114,1081.0260684776,945.80727704874
538.77930000005,-336.11187016782,-112.0273501597,1.1932177423656E-16,0.000945746362247,1.7342147557914,1.776968001784E-13,41.350741331148,0,7.1078720071358E-13,165.3659276943,1.3783501823523E-16,0.032192860813232,4.3367389979177E-13,-54.251241561498,-3.033429275009E-13,3.0485351101626E-13,113.94916623813,113.96475619503,-0.033241038517365,-0.033269486129837,3.045030131297E-13,-3.036503634796E-13,0.033290598994967,0.033222162849921,113.95913176231,113.9554145539,41.445586167783,0.000639927300405,0.000165366330171,6.7133862076171E-07,0,0.010721617369776,100004428.21527,-3.86846055184E-13,1095.007804348,0.010721617369776,411.18028155811,-0.000828976716347,1095.007804348,958.0537482443
539.77930000005,-205.18431356266,-68.668174277436,1.7939926107988E-16,0.001961866972708,1.7342576666075,2.642373866734E-13,25.262736139858,0,1.0569495466936E-12,101.00534023456,2.0500505203451E-16,0.019667852992939,8.3709308743353E-13,-54.406573071653,-5.8536261795227E-13,5.8801760092844E-13,114.25431928224,114.31163593314,-0.064867081808234,-0.064925281821996,5.8717270273881E-13,-5.8611677696132E-13,0.064976903222716,0.064818786301877,114.26924911877,114.29825673739,41.754836867687,0.000396362435205,0.000101009344475,3.4822018900126E-07,0,0.011710463941127,100004473.09388,-3.4666078914717E-13,1107.3635612139,0.011710463941127,415.74126781243,-0.002219356274497,1107.3635612139,968.87643168892
540.52930000005,-100.43038944477,-33.476264303372,7.809678398791E-18,0.002494716317152,1.7341002786534,1.2461752937404E-14,15.256348140267,0,4.9847011749617E-14,61.019630931145,9.6752640683545E-18,0.011877562618553,6.3438645411451E-13,-43.933854076491,-4.435391892955E-13,4.4550920854499E-13,92.278713923537,92.29087323413,-0.048826835904026,-0.048854870192359,4.4479054225454E-13,-4.4418535277035E-13,0.048898615204906,0.048785263899619,92.285517377271,92.2847009856,33.722559407232,0.000229904848006,6.1019630931189E-05,-2.7825937670275E-07,0,0.011405410194087,100004496.62777,-3.0787420243423E-13,1020.4967110712,0.011405410194087,383.75112983908,0.000626768625526,1020.4967110712,892.78264257001
541.52930000005,-12.977555147454,-4.3257516030769,8.8100856873908E-21,0.002669160247877,1.7338538657653,1.6045878620837E-17,3.7220776723166,0,6.4183514483349E-17,14.887303241278,1.2455602554908E-20,0.002897758767031,1.6917045699105E-13,-23.268984390743,-1.1827740116203E-13,1.188025629927E-13,48.872058956652,48.882638847207,-0.012997095253079,-0.013004531735706,1.1861068276554E-13,-1.184499362835E-13,0.01301618903818,0.01298601479816,48.877883095836,48.877421938049,17.900004903886,5.4519357654925E-05,1.4887303241269E-05,-3.5102014420958E-07,0,0.010416261776151,100004504.33155,-2.9833624293587E-13,891.92327996884,0.010416261776151,336.20927544848,-0.000880382812172,891.92327996884,780.18718090963
542.52930000005,-0.43162265587753,-0.14386809546273,9.5286823026812E-24,0.002701953147375,1.7336305460225,1.9859484801576E-20,0.32780218857253,0,7.9437939206305E-20,1.3111201464718,1.5410991405118E-23,0.000255204693423,4.4522038615588E-14,-8.787265773648,-3.1128076522668E-14,3.1266287982347E-14,18.454694024596,18.461171632191,-0.003420491503158,-0.003422448594154,3.121578900915E-14,-3.1173484269616E-14,0.003425516497784,0.003417575408362,18.458235733403,18.45801394201,6.7881482990323,4.5547415813024E-06,1.3111201464714E-06,-3.7300213993379E-07,0,0.009426133974798,100004505.77974,-2.9567607487939E-13,777.72655620608,0.009426133974798,293.80386126312,-0.000217629470448,777.72655620608,680.20621218901
543.52930000005,-0.000594769392,-0.000198242523149,4.7251527305897E-27,0.002703324700341,1.7334118540612,1.1456921976302E-23,0.001641329852243,0,4.5827687905207E-23,0.006564875742141,8.8863867077366E-27,1.2778288154759E-06,1.1716449082591E-14,-2.4182536756937,-8.1916851699437E-15,8.228056988795E-15,5.0786093305898,5.0806223561864,-0.000900138702387,-0.000900653731808,8.2147676468439E-15,-8.2036347014234E-15,0.000901461083184,0.000899371301119,5.079708688423,5.0796420826855,1.871372052015,2.0380689869485E-08,6.5648757421405E-09,-3.7536317069076E-07,0,0.008435024848677,100004505.84031,-2.9586621134953E-13,667.05924273862,0.008435024848677,252.54522525124,7.7316926914906E-05,667.05924273862,583.3390449662
544.52930000005,-4.6058662698567E-08,-1.5351543854911E-08,6.2791093796353E-31,0.00270332818624,1.7331926543649,1.8192306392251E-27,4.8278570604053E-07,0,7.2769225569005E-27,1.9310123227937E-06,1.4101253549671E-30,3.7586441630834E-10,3.0833076044194E-15,-0.63664660146257,-2.155728668577E-15,2.1653002974984E-15,1.3370301661799,1.3375611423902,-0.000236881028203,-0.000237016563666,2.1618030668083E-15,-2.1588733139558E-15,0.000237229026705,0.000236679078457,1.3373201373024,1.3373025751188,0.49268906824496,5.0708084634847E-12,1.9310123227937E-12,-3.7592718677383E-07,0,0.007442932450659,100004505.84046,-2.9634940996314E-13,556.99141469471,0.007442932450659,211.34840943224,6.6995007592201E-05,556.99141469471,487.01981243585
545.52930000005,-3.3320146291894E-13,-1.1105571176047E-13,1.2516120248284E-35,0.002703328186924,1.7329727217938,4.5038815976647E-32,1.3271564719216E-11,0,1.8015526390659E-31,5.3082671452866E-11,3.4876601544363E-35,1.0332345933791E-14,8.1140503507255E-16,-0.16754034179322,-5.673028191189E-16,5.698216945299E-16,0.35185374496264,0.35199347728237,-6.233775012601E-05,-6.2373417723058E-05,5.6890136133814E-16,-5.6813036575291E-16,6.2429329615132E-05,6.2284604918419E-05,0.35193005409992,0.35192543241542,0.12965638775172,1.1241023124062E-16,5.3082671452866E-17,-3.7647987062124E-07,0,0.006449854827813,100004505.84046,-2.9698219057183E-13,447.389012945,0.006449854827813,170.16395637013,5.3583851003655E-05,447.389012945,391.13066068465
546.52930000006,-1.1610647446836E-19,-3.8697353400122E-20,1.3337129187717E-41,0.002703328186924,1.7327520652366,6.331116751405E-38,1.7572818925685E-17,0,2.532446700562E-37,7.0286525610969E-17,4.8949012541533E-41,1.3681012602071E-20,2.1352982426965E-16,-0.044090014479547,-1.4929174217116E-16,1.4995461088329E-16,0.09259403761525,0.092630809654489,-1.640483883517E-05,-1.6414225142239E-05,1.4971241548387E-16,-1.4950951980551E-16,1.6428938946999E-05,1.6390853112721E-05,0.09261411917274,0.092612902927262,0.034120450944431,1.1267394453892E-22,7.0286525610969E-23,-3.7702861951589E-07,0,0.005455790021383,100004505.84046,-2.9754485433909E-13,338.24962317709,0.005455790021383,128.9912688877,4.0342453451765E-05,338.24962317709,295.66923514258
547.52930000006,-2.4734374147231E-28,-8.2434589788363E-29,8.4146732792471E-50,0.002703328186924,1.7325306940475,5.8662424369726E-46,1.4224873293624E-25,0,2.346496974789E-45,5.6895648062487E-25,4.5219957076379E-49,1.107452774751E-28,5.6192633619226E-17,-0.011602754035004,-3.9287702315877E-17,3.9462143230103E-17,0.024367101173331,0.024376778124749,-4.3171069963849E-06,-4.3195771028032E-06,3.9398406952823E-17,-3.9345012799749E-17,4.3234491958855E-06,4.3134265058705E-06,0.024372385847821,0.024372065779875,0.008979157855693,6.1928306796943E-31,5.6895648062487E-31,-3.7757347129627E-07,0,0.004460736066768,100004505.84046,-2.9813437267383E-13,229.57118687814,0.004460736066768,87.829877686865,2.726874148852E-05,229.57118687814,200.63351267075
548.52930000006,-6.6418085086488E-42,-2.213370168918E-42,5.8366086571286E-63,0.002703328186924,1.7323086174545,7.6552714643001E-59,1.4513464117757E-38,0,3.06210858572E-58,5.8049933349405E-38,5.8553608475057E-62,1.129920511559E-41,1.4787686375263E-17,-0.003053387547859,-1.0338974753817E-17,1.0384880725843E-17,0.006412460617157,0.006415007209369,-1.1360924057528E-06,-1.1367424404974E-06,1.0368107851332E-17,-1.0354056612757E-17,1.1377614226765E-06,1.1351238458178E-06,0.006413851335207,0.006413767105919,0.00236296044061,3.3403977330151E-44,5.8049933349405E-44,-3.7811445894816E-07,0,0.003464690993495,100004505.84046,-2.9879569092101E-13,121.35166746066,0.003464690993495,46.679317958084,1.435946460226E-05,121.35166746066,106.02158463302
549.52930000006,-3.2292704377876E-79,-1.0753242802253E-79,6.3739327634465E-100,0.002703328186924,1.7320858445616,7.0276674009756E-95,2.6796706921221E-75,0,2.8110669603902E-94,1.0717958426984E-74,5.0013060977487E-98,2.086211021251E-78,3.8910281118019E-18,-0.000803426783516,-2.7204570494652E-18,2.7325354233268E-18,0.001687287463455,0.001687957588332,-2.9893582732859E-07,-2.9910701453861E-07,2.7281236673672E-18,-2.7244238435314E-18,2.9937502475505E-07,2.986810834314E-07,0.001687653430651,0.001687631254704,0.000621764904272,6.9064874705103E-82,1.0717958426984E-80,-3.7865161547139E-07,0,0.002467652825198,100004505.84046,-2.9961193372763E-13,13.589049814272,0.002467652825198,5.5391292637931,1.6114846245873E-06,13.589049814272,11.835452374943
550.52930000006,-3.1774680480512E-53,-1.0594812664225E-53,1.6631512908575E-73,0.002703328186924,1.7318619045439,2.8663358196547E-69,1.0041364466709E-48,2.3942421535567,-1.1465343278619E-68,-4.0162743598694E-48,2.2954998011404E-72,7.8175296962815E-52,1.0231133466496E-18,-0.000211254363044,-7.1532146176847E-19,7.1849736922618E-19,0.000443658147422,0.000443834351163,-7.8602679281259E-08,-7.8647691534921E-08,7.1733733494814E-19,-7.1636449703176E-19,7.8718162575856E-08,7.8535696508191E-08,0.000443754375441,0.00044374854446,0.000163485864455,1.7795857282212E-54,-4.0162743598694E-54,-51.929365264295,58.78913613551,0.001469619579592,100004505.84046,-3.0040475985513E-13,-93.42899247801,0.001469619579592,-35.535548579872,-2.1620206640347E-05,-93.42899247801,81.680495922042
551.52930000006,-6.4044340336458E-36,-2.1350271680285E-36,4.5548808080347E-55,0.002703328186924,1.7316358988151,3.6491941763688E-51,7.6891768288943E-31,3.5050877513553,-1.4596776705475E-50,-3.0754628863333E-30,2.8754523835464E-54,5.9862749132863E-34,2.6924310754187E-19,-5.5593821915338E-05,-1.8824441487125E-19,1.8908018851736E-19,0.000116753337937,0.000116799707816,-2.0685127118242E-08,-2.0696972570968E-08,1.8877491324551E-19,-1.8851890061361E-19,2.0715517769477E-08,2.0667499894351E-08,0.000116778661359,0.000116777126874,4.3023035847626E-05,2.9047722605265E-36,-3.0754628863333E-36,-51.868734602078,57.207005199386,0.000470589268453,100004505.84046,-3.0124454629986E-13,-199.15674442215,0.000470589268453,-76.439420020378,-4.5974398482642E-05,-199.15674442215,174.01999858765
552.52930000006,-6.3614750061404E-27,-2.1205853098404E-27,3.5069892057724E-45,0.002703328186924,1.7314078300599,1.8329078878889E-41,2.9020891177693E-21,4.3406297167474,-7.3316315515554E-41,-1.1607572010747E-20,1.4378487197423E-44,2.25937101833E-24,7.0854173876423E-20,-1.463010273786E-05,-4.9538510479767E-20,4.9758453156569E-20,3.0724876796573E-05,3.0737079521334E-05,-5.4435101679779E-09,-5.4466274246994E-09,4.9678116744649E-20,-4.961074430101E-20,5.4515077895015E-09,5.4388713779145E-09,3.0731540923246E-05,3.0731137107228E-05,1.1321967313274E-05,1.6712451370042E-26,-1.1607572010747E-26,-51.807337086738,56.86725811021,-0.00052944010241,100004505.84046,-3.0211574616582E-13,-303.59396804633,-0.00052944010241,-117.17121695372,-6.9870999551705E-05,-303.59396804633,265.19029505618
553.52930000006,-5.9819538127611E-21,-1.994018173976E-21,2.1454415794602E-38,0.002703328186924,1.731177720551,8.3294943971032E-35,1.0369623345126E-14,5.0397098962123,-3.3317977588413E-34,-4.1475690379623E-14,6.5205615346451E-38,8.0730899384336E-18,1.8646025896614E-20,-3.8500663989359E-06,-1.3036583434533E-20,1.3094463676755E-20,8.085576559843E-06,8.088787836113E-06,-1.432517324138E-09,-1.4333376633595E-09,1.3073322301493E-20,-1.305559252727E-20,1.4346219828879E-09,1.4312965775596E-09,8.0873302953726E-06,8.0872240268862E-06,2.9794955448671E-06,8.0007221960321E-20,-4.1475690379623E-20,-46.120212711562,56.475106523199,-0.001530470533175,100004505.84046,-3.0318128570439E-13,-406.75243779052,-0.001530470533175,-157.73196514657,-9.3320808850175E-05,-406.75243779052,355.2027735246
554.52930000006,-1.4747882081109E-16,-4.9159625061641E-17,3.1598822477047E-33,0.00270332818692,1.7309455922013,9.7668602878518E-30,9.7212772177462E-10,5.6531823246223,-3.9067441151407E-29,-3.8882481123788E-09,7.6365283604036E-33,7.568331335047E-13,4.9068990888937E-21,-1.012481655843E-06,-3.430714927766E-21,3.4459467258398E-21,2.1263235666823E-06,2.1271739170108E-06,-3.76982098035E-10,-3.7719797901592E-10,3.4403831496744E-21,-3.4357173712101E-21,3.7753596126057E-10,3.7666084568515E-10,2.1267876623868E-06,2.1267595110089E-06,7.8357783592688E-07,9.3793566669157E-15,-3.8882481123788E-15,-51.682404170286,56.059312383895,-0.002532504030033,100004505.84046,-3.0421901038166E-13,-508.64380472211,-0.002532504030033,-198.12267514198,-0.000116334294774,-508.64380472211,444.06887740663
555.52930000006,1.0775157553814E-11,3.5917332025454E-12,4.689939523348E-29,0.002703328148858,1.7307114665808,1.2049758644739E-25,9.6650734348084E-06,6.2064846366101,-4.8199034578958E-25,-3.8657681184433E-05,9.4140481687088E-29,7.5245748571812E-09,1.2912071828462E-21,7.4403888729398E-06,-9.0276245721686E-22,9.0677090297435E-22,-1.5652226307918E-05,-1.5603845979273E-05,-9.9206555462643E-11,-9.926336798496E-11,9.0530700661037E-22,-9.0407869971828E-22,9.9352311060313E-11,9.9122015033296E-11,-1.5628813374778E-05,-1.5630538861752E-05,-5.3886864322126E-06,1.1170116173771E-10,-3.8657681184433E-11,-51.618956706936,55.723841128848,-0.003535542605213,100004505.84046,-3.0533984951506E-13,-609.27959527703,-0.003535542605213,-238.34434126201,-0.000138908898475,-609.27959527703,531.79995956597
556.52930000006,5.6872982307427E-05,1.8957404678385E-05,1.4670871713578E-25,0.002703236345776,1.7304753840228,3.2270754959698E-22,0.020881368900749,6.7144695904215,-1.2908301983879E-21,-0.083519831181948,2.5197971049124E-25,1.625682665308E-05,6.2451431513933E-23,0.018176819903472,-4.3947123014866E-23,4.5026913431602E-23,-0.038227939327547,-0.038130455135067,-2.5540473863459E-11,-2.5557575082092E-11,4.5248860452179E-23,-4.3727303981095E-23,2.5579944705042E-11,2.5519254991204E-11,-0.038181427889495,-0.038184938687604,-0.013264825584026,2.8065804581448E-07,-8.3519831181956E-08,-51.554988025747,55.492479662946,-0.004539588277004,100004505.84452,-3.0647401848205E-13,-708.66327645103,-0.004539588277004,-278.39474334825,-0.000131657256393,-708.66327645103,618.40037322101
557.52930000006,2.9913195524611,0.99708719533567,1.3199375072596E-22,0.002673154708161,1.7302437029971,2.5478234453234E-19,3.8839207669547,7.1749786886558,-1.0191293781294E-18,-15.53463298907,1.9884406977817E-22,0.003023759018665,-2.4251958932396E-19,5.140007621382,1.6933772348054E-19,-1.6937147035214E-19,-10.802050989839,-10.791030393083,3.4854845953066E-10,3.4731758195314E-10,-1.6886608682765E-19,1.6980760069674E-19,-3.4793165916165E-10,-3.4793964240535E-10,-10.79691363818,-10.797231093491,-3.8338597601579,5.7304421918091E-05,-1.5534632989081E-05,-51.501551320197,55.372529939236,-0.00554464306978,100004507.17297,-3.0370224796509E-13,-804.26827567365,-0.00554464306978,-317.24315205021,0.003285701390026,-804.26827567365,701.67354985329
558.52930000006,26.614199035789,8.8712722566099,2.856647524219E-20,0.002518872426204,1.7300371082717,4.9738766484814E-17,9.3267137330346,7.5615406043804,-1.9895506593926E-16,-37.304329703051,3.8802651040503E-20,0.007261151580786,-5.3862233892211E-17,19.044018152839,3.761453100179E-17,-3.7631983464521E-17,-40.008310642875,-39.996613379644,5.8751331262927E-08,5.8565678793754E-08,-3.7525402206348E-17,3.7713309601387E-17,-5.8663103417723E-08,-5.8654848401871E-08,-40.003030864262,-40.003147686321,-14.453250165801,0.000139836058238,-3.7304329703042E-05,-51.450668835992,55.292433831518,-0.006550709014026,100004513.98635,-2.9908964050024E-13,-888.39594741096,-0.006550709014026,-351.69628888276,0.004460578791262,-888.39594741096,774.91781908031
559.52930000006,75.888845728211,25.295860103902,1.9638582999336E-18,0.002225917884762,1.729859790397,3.1537374491878E-15,16.146707269993,7.8799299230614,-1.2614949796751E-14,-64.58244072974,2.4594551749263E-18,0.012570741841607,-3.9204066202826E-15,31.366565705844,2.738151127347E-15,-2.7400221425573E-15,-65.892041659638,-65.880912721866,3.3110542133437E-06,3.3013902225427E-06,-2.7326171688941E-15,2.7449937911472E-15,-3.3066298825522E-06,-3.305865524954E-06,-65.887221229424,-65.887062586591,-23.880140902955,0.000244670923238,-6.4582440729687E-05,-51.400265789069,55.246061350161,-0.007557788146362,100004526.92379,-2.9214980315383E-13,-960.22624495454,-0.007557788146362,-381.31709772408,0.007938766151244,-960.22624495454,837.43486400838
560.52930000006,150.85592314851,50.284237010274,4.6916780485241E-17,0.001760152337924,1.7297202688641,7.0935686866591E-14,24.420633270793,8.1263700835012,-2.8374274746636E-13,-97.675785144615,5.5300880996098E-17,0.019012270564044,-1.0393228868911E-13,41.226549506824,7.2598880179513E-14,-7.2663127679698E-14,-86.602823947127,-86.59272283466,7.1318485670065E-05,7.1126053123072E-05,-7.2475868702164E-14,7.2771393511735E-14,-7.1233532200575E-05,-7.121198222676E-05,-86.598704361991,-86.598212094111,-31.429794930427,0.000372998693317,-9.7675766008862E-05,-51.343348868765,55.238950753489,-0.008565882509567,100004547.493,-2.8178813259906E-13,-1017.3287616537,-0.008565882509567,-405.00406746742,0.012894155187635,-1017.3287616537,887.12015825991
561.52930000006,240.29891487179,80.097381966923,4.221705615389E-16,0.001100081543561,1.7296243023726,6.1246684554879E-13,33.203841519417,8.3000296508983,-2.4498673821951E-12,-132.80559328261,4.7731394578628E-16,0.025850299590926,-1.0892089802778E-12,48.298541105791,7.6092215817907E-13,-7.6175003916417E-13,-101.45715346094,-101.44838625023,0.000641011935216,0.000639415459185,-7.5987646870671E-13,7.626430889639E-13,-0.000640334948309,-0.000640099443456,-101.45389773026,-101.4530292138,-36.849682822591,0.000510049174326,-0.000132805554435,-45.664290368884,55.390830014955,-0.009574994152604,100004576.64339,-2.6412022604479E-13,-1058.3307480578,-0.009574994152604,-422.09977092073,-0.001975068320854,-1058.3307480578,922.77197555148
562.52930000006,374.7645390769,125.59458501381,1.6966018329141E-15,0.00024859011058,1.7295721721221,2.4008887703963E-12,46.931429735522,8.4064394005916,-9.6035550815852E-12,-187.71038384343,1.873038969633E-15,0.03653770536586,-5.1855663405681E-12,53.516923102277,3.6266038419605E-12,-3.6267066459607E-12,-112.387231809,-112.44222530647,0.002750667433877,0.002747806190767,-3.621798788492E-12,3.6308325876079E-12,-0.002749829788821,-0.002748669155729,-112.36053545011,-112.46809827366,-40.785654806753,0.000719217459728,-0.000187709340411,25.632099847916,-9.2012830246903,-0.010585125130673,100004614.24856,-2.3436722802588E-13,-1083.6880394097,-0.010585125130673,-432.71671039733,-0.000589539425321,-1083.6880394097,944.82420207152
563.52930000006,516.36456178704,165.37868285629,3.6734419556974E-15,0.000744274542205,1.7295534229014,5.1344252496571E-12,56.052868241522,8.4649440665467,-2.0537700998629E-11,-224.19106779988,4.0933234545417E-15,0.043639081375336,-1.3138866746401E-11,57.287112054921,9.2474403016021E-12,-9.2072672987718E-12,-120.95235625149,-119.7584994855,0.006494025404562,0.006519613113608,-9.2517190230014E-12,9.1995762773418E-12,-0.006497419684032,-0.006513135767746,-120.68883308874,-119.93603435587,-43.634671127676,0.000841832266091,-0.000224189246064,9.8272053695234,6.1156824264589,-0.011596277520268,100004658.08895,-3.6348036360881E-12,-1097.7159974737,-0.011596277520268,-438.6053422617,-0.000198558524781,-1097.7159974737,957.02964164212
564.52930000006,118.89126184951,39.632165542442,2.2246403465285E-16,0.00150965131949,1.7297370658753,3.3195312256973E-13,17.539270566061,8.1821080520276,-1.3278124902789E-12,-70.151764861202,2.5639858442487E-16,0.013654931843441,-1.2421426309132E-11,45.23401868937,8.6513883384316E-12,-8.6772662634085E-12,-95.017164624438,-95.018374225456,0.006108830261014,0.006086080415543,-8.6270555252695E-12,8.6972365918154E-12,-0.006107709256585,-0.006086152217358,-95.026727426137,-95.001298556204,-34.697897616321,0.000265124382819,-7.015177613299E-05,-4.0179189943272,-32.40909581752,-0.011536995766249,100004691.89617,-5.914205548889E-13,-1029.6744817458,-0.011536995766249,-410.31475390328,0.00201983209648,-1029.6744817458,897.83120098117
565.52930000006,22.125656950629,7.3720150700169,4.1865010044101E-19,0.001733384284431,1.7300233508402,7.0596193212938E-16,5.5466737347182,7.6868065929192,-2.8238477285175E-15,-22.185129383469,5.4566359629536E-19,0.004318279038955,-3.3357030865373E-12,26.609917662686,2.3233573895899E-12,-2.330702658415E-12,-55.885871261137,-55.903870860624,0.001653428796215,0.001647341253747,-2.3173212290763E-12,2.3355930524091E-12,-0.001653125087917,-0.00164735302456,-55.90373274768,-55.887355743418,-20.442755556952,8.1937964510411E-05,-2.2185129383457E-05,-4.3047493108303,12.189698465314,-0.010525903302504,100004701.77683,-5.3758703904196E-13,-915.70464048591,-0.010525903302504,-363.09152522178,-0.00531084452653,-915.70464048591,798.66117857538
566.52930000006,1.8748210848832,0.6244952719381,8.2670804812023E-22,0.001794316074299,1.7302709683036,1.5759813116138E-18,1.0345625143838,7.2213750198589,-6.3039252464554E-18,-4.1379580821285,1.2180398084375E-21,0.000805443053691,-8.7797642781966E-13,12.084763640646,6.1152128431345E-13,-6.1345544875023E-13,-25.377787971318,-25.390784025363,0.00043527175068,0.00043366942907,-6.0993357185035E-13,6.1474164594602E-13,-0.000435191849917,-0.000433672456756,-25.390155392203,-25.379408643007,-9.3161203800522,1.4745161256595E-05,-4.137958082126E-06,-4.3137969591593,12.09636127699,-0.009515832114267,100004704.46774,-5.0713606717692E-13,-813.55455755814,-0.009515832114267,-321.17312730473,-0.001249631170271,-813.55455755814,709.73970792919
567.52930000006,0.015919173263708,0.005299319438617,9.7108672034456E-25,0.001800906579599,1.7305045994817,2.1163116433044E-21,0.028465918606419,6.7467627919444,-8.4652465732175E-21,-0.11385564018553,1.6343121587176E-24,2.2161712049417E-05,-2.310487537832E-13,3.7264221273232,1.6092827332486E-13,-1.6143727089392E-13,-7.824743414248,-7.8300461432403,0.000114546646902,0.000114124978771,-1.6051045224582E-13,1.6177574517444E-13,-0.000114525620355,-0.000114125775248,-7.8297400053858,-7.8254709622558,-2.8826511136484,3.7552368672029E-07,-1.1385564018553E-07,-4.3120227288641,12.091812307991,-0.008506780140448,100004704.7588,-4.9903361172012E-13,-714.62852275501,-0.008506780140448,-280.93304185364,-0.000217656118722,-714.62852275501,623.58226179372
568.52930000006,7.571497784719E-06,2.5192019972901E-06,4.1792507647237E-28,0.001800994033438,1.730734818668,1.0627759612246E-24,5.1064593937248E-05,6.2392584575142,-4.2511038448986E-24,-0.000204243963249,8.196293720057E-28,3.975557024591E-08,-6.0802833785884E-14,0.98738349020939,4.2349914877173E-14,-4.2483862772039E-14,-2.0732915997925,-2.0747286543262,3.0144117810798E-05,3.0033151544965E-05,-4.2239961006023E-14,4.2572935724455E-14,-3.0138584458674E-05,-3.0033361147571E-05,-2.0746452009541,-2.0734900901884,-0.76411475657124,5.908072653092E-10,-2.0424396324901E-10,-4.3079849519971,12.110545837923,-0.007498745326225,100004704.76266,-4.9668159661228E-13,-615.00106642036,-0.007498745326225,-240.74674974414,-0.000141196155734,-615.00106642036,536.77387996051
569.52930000006,4.1912499544992E-10,1.3939504979781E-10,4.2890157313709E-32,0.001800994132584,1.7309630091182,1.3102184650889E-28,1.0735655192505E-08,5.68687823052,-5.2408738603557E-28,-4.2939590735917E-08,1.0086069229269E-31,8.3580826009284E-12,-1.6000885158558E-14,0.25984738746189,1.1144811554155E-14,-1.1180061306256E-14,-0.54562323953522,-0.54600147765107,7.9327317047279E-06,7.9035298013543E-06,-1.1115876072888E-14,1.120350176093E-14,-7.9312755461035E-06,-7.9035849610025E-06,-0.54597951175458,-0.54567548536372,-0.20109087132641,1.0443181485531E-13,-4.2939590735917E-14,-4.3043050487841,12.129318544617,-0.006491725622993,100004704.76266,-4.9448499115236E-13,-514.12862349698,-0.006491725622993,-200.39421323891,-0.0001182953073,-514.12862349698,448.84085564029
570.52930000006,2.4393190787058E-15,8.1086736931819E-16,5.5103298119504E-37,0.001800994132599,1.7311891684154,2.1097033607245E-33,2.3727717235105E-13,5.0749409961578,-8.4388134428978E-33,-9.4904172032063E-13,1.6197303887845E-36,1.8472856757041E-16,-4.2107959434393E-15,0.068381488346348,2.9328707020267E-15,-2.9421470331281E-15,-0.14358631640914,-0.14368585363592,2.0875791652334E-06,2.0798943868531E-06,-2.9252560353724E-15,2.9483156275267E-15,-2.0871959620879E-06,-2.0799089028311E-06,-0.14368007308303,-0.14360006543586,-0.05291911241702,1.8529127970561E-18,-9.4904172032063E-19,-4.3010237840167,12.147534390457,-0.005485718988336,100004704.76266,-4.9228773304032E-13,-411.99237518429,-0.005485718988336,-159.87143550893,-9.5107853417389E-05,-411.99237518429,359.76553902156
571.52930000006,5.3862585527718E-22,1.7890192832435E-22,2.6554452883359E-43,0.001800994132599,1.731413274662,1.363458931911E-39,1.988895784151E-19,4.3785465249661,-5.4538357276439E-39,-7.9550217920399E-19,1.0424022950926E-42,1.5484248465946E-22,-1.1081138513016E-15,0.017995285315367,7.7181480485417E-16,-7.7425596581489E-16,-0.037786201991713,-0.037812396227481,5.4936772518341E-07,5.4734539746048E-07,-7.6981092775527E-16,7.7587929426066E-16,-5.492668813273E-07,-5.4734921752866E-07,-0.0378108750154,-0.037789820188847,-0.013926203561952,1.1640422162576E-24,-7.9550217920399E-25,-4.2981305244623,12.165152246887,-0.004480723385994,100004704.76266,-4.9022615460138E-13,-308.58066454852,-0.004480723385994,-119.17740779037,-7.148037729033E-05,-308.58066454852,269.53649797092
572.52930000006,3.4147800663035E-31,1.1323932363827E-31,3.2231925774793E-52,0.001800994132599,1.7316353055808,2.5167638684278E-48,4.7818260281362E-28,3.5483110955105,-1.0067055473711E-47,-1.9125954498958E-27,1.9094823875094E-51,3.7228186066029E-31,-2.9161144922249E-16,0.004735642663129,2.0311092902269E-16,-2.0375334538008E-16,-0.009943824012372,-0.009950717292502,1.44571713734E-07,1.4403951759033E-07,-2.0258358835109E-16,2.0418054079489E-16,-1.4454517563422E-07,-1.440405228909E-07,-0.009950316969862,-0.009944776177989,-0.003664822344721,1.8499002882572E-33,-1.9125954498958E-33,-4.2956146950201,12.182120433228,-0.003476736785841,100004704.76266,-4.8824258620281E-13,-203.88172014858,-0.003476736785841,-78.311109724969,-4.7402286084092E-05,-203.88172014858,178.14231963804
573.52930000006,1.5451099941331E-46,5.0987575388657E-47,1.8697150798814E-67,0.001800994132599,1.7318552385292,3.0549297680818E-63,8.1708528988021E-43,2.4518448865787,-1.2219719072327E-62,-3.2681105498796E-42,2.2741610372051E-66,6.3612944085686E-46,-7.6740523744696E-17,0.001246232612588,5.3450710233857E-17,-5.3619768637987E-17,-0.002616818594542,-0.002618632631468,3.8045519337722E-08,3.7905466500528E-08,-5.3311935164229E-17,5.3732189462562E-17,-3.8038535563328E-08,-3.7905731058432E-08,-0.002618527282439,-0.002617069166672,-0.000964435336495,1.5199474471082E-48,-3.2681105498796E-48,-4.2934658261572,12.19837239866,-0.00247375716386,100004704.76266,-4.8628635106114E-13,-97.883645547847,-0.00247375716386,-37.271505548656,-2.286271375835E-05,-97.883645547847,85.572293519716
574.52930000006,6.8024738032332E-123,8.3273226705945E-123,-3.6906998181758E-144,0.001800994132599,1.7320730504894,8.2481381932748E-139,4.9291187681737E-118,0,-3.2992552773099E-138,-1.9715083391406E-117,1.5107635191088E-146,3.8374911278332E-121,-2.0170372879156E-17,0.00032755821638,1.4048912588326E-17,-1.409335009363E-17,-0.000687801268638,-0.00068827816365,9.9998339321414E-09,9.9630273264099E-09,-1.4012441668024E-17,1.4122894191849E-17,-9.998002307604E-09,-9.9630932562332E-09,-0.000688250531165,-0.000687867070586,-0.000253502065191,-6.5521765117271E-125,-1.9715083391406E-123,1.0791999799128E-05,0,-0.001471782502117,100004704.76266,-4.8457223928821E-13,9.4255828537663,-0.001471782502117,3.9424562613042,2.1495870989457E-06,9.4255828537663,8.2312408633314
575.52930000006,4.4666851273571E-48,1.5076870810928E-48,1.4942335781888E-67,0.001800994132599,1.7322894918509,2.0174613590488E-63,3.5095676103146E-43,0,8.0698454361953E-63,1.4037279873697E-42,1.7221862120992E-66,2.7323209910652E-46,-5.3080391150605E-18,8.6200281738295E-05,3.6971144756843E-18,-3.7088086575709E-18,-0.000181001911024,-0.000181127410807,2.6315581756147E-09,2.6218721423326E-09,-3.687516781486E-18,3.7165834879366E-18,-2.631076164745E-09,-2.6218894926321E-09,-0.000181120139033,-0.00018101922748,-6.6708732290012E-05,7.8393459583998E-49,1.4037279873697E-48,1.0794010979164E-05,0,-0.000470810788739,100004704.76266,-4.8271174651065E-13,117.59306928917,-0.000470810788739,45.2431514016,1.3896134284923E-05,117.59306928917,102.73904379513
576.52930000006,1.9836216802354E-33,6.6482317867301E-34,3.4591922254445E-52,0.001800994132599,1.732505221526,2.4461168556393E-48,5.8744692592365E-28,0,9.7844674225573E-48,2.3496218997844E-27,1.9802685476092E-51,4.5734795391184E-31,-1.3968645704179E-18,2.268448233077E-05,9.7293333988514E-19,-9.7601078289327E-19,-4.7632496897049E-05,-4.7665523444158E-05,6.9252134371811E-10,6.8997236537909E-10,-9.704076088874E-19,9.78056808694E-19,-6.9239449759122E-10,-6.8997693133847E-10,-4.7663609802067E-05,-4.7637053899809E-05,-1.7555082517423E-05,2.5217284544365E-33,2.3496218997844E-33,1.0796914545081E-05,0,0.000529159982114,100004704.76266,-4.8091892522349E-13,226.22041096763,0.000529159982114,86.554171568087,2.6920749464112E-05,226.22041096763,197.70557129987
577.52930000006,4.1035267494091E-25,1.3725447105973E-25,3.3845800089048E-43,0.001800994132599,1.7327202293912,1.620527489356E-39,4.606906449593E-19,0,6.4821099574242E-39,1.8426325527182E-18,1.2930910651258E-42,3.5866376093826E-22,-3.6759914269521E-19,5.9696526303392E-06,2.5603732047946E-19,-2.5684718093487E-19,-1.2534976828791E-05,-1.2543668101289E-05,1.8224404687277E-10,1.8157325725399E-10,-2.5537264863838E-19,2.5738561346399E-19,-1.8221066600748E-10,-1.8157445884621E-10,-1.2543164506646E-05,-1.253617605072E-05,-4.6197988121511E-06,2.9306567789933E-24,1.8426325527182E-24,1.0799752428511E-05,0,0.001528131810267,100004704.76266,-4.791506425503E-13,335.31016519522,0.001528131810267,127.87608015834,4.0111415637492E-05,335.31016519522,293.09990582165
578.52930000006,2.2346439762851E-19,7.4672657515196E-20,8.1021608849586E-37,0.001800994132599,1.73293450606,2.9320032908835E-33,9.5223351635826E-13,0,1.1728013163534E-32,3.8086653038429E-12,2.3241211263124E-36,7.4134705785645E-16,-9.6737459430173E-20,1.5709742804599E-06,6.7378829351291E-20,-6.7591952374365E-20,-3.2987055347222E-06,-3.3009927419498E-06,4.7959377601574E-11,4.7782852479421E-11,-6.7203914185454E-20,6.7733646378569E-20,-4.7950593082926E-11,-4.7783168694209E-11,-3.3008602141315E-06,-3.2990211229233E-06,-1.2157466738145E-06,8.0361480854053E-18,3.8086653038429E-18,1.0802524187689E-05,0,0.002526106689561,100004704.76266,-4.7760461857292E-13,444.86439070579,0.002526106689561,169.20934695166,5.3471404221159E-05,444.86439070579,388.92339798691
579.52930000006,4.0939118280268E-15,1.3666733410116E-15,7.1921356810847E-32,0.00180099413233,1.7331480420169,2.0917033053699E-28,7.6545756474209E-08,0,8.3668132214797E-28,3.0616142138923E-07,1.6517661640593E-31,5.9593545463438E-11,-2.5457447836938E-20,3.5784160037864E-07,1.7731425280113E-20,-1.7787510774667E-20,-7.5099772114504E-07,-7.5233202020455E-07,1.262099377196E-11,1.2574539395194E-11,-1.7685394573922E-20,1.7824798993535E-20,-1.2618682042133E-11,-1.25746226048E-11,-7.5217683326519E-07,-7.5113634285851E-07,-2.7983360386864E-07,8.0572349235751E-13,3.0616142138923E-13,1.0805229356809E-05,0,0.003523086607873,100004704.76266,-4.759737914568E-13,554.88516836508,0.003523086607873,210.55444623958,6.700415392831E-05,554.88516836508,485.1779702686
580.52930000006,-7.4248489988715E-08,-2.4844802611387E-08,7.9468738272408E-28,0.001800991036755,1.7333608270634,1.9318032871556E-24,0.000791094743876,0,7.7272131486225E-24,0.003164155694675,1.5217647683945E-27,6.1589489416572E-07,-6.6978258729894E-21,-0.00062740730542,4.6651133140927E-21,-4.679884763256E-21,0.001321220809883,0.001314284001575,3.2603500103554E-12,3.248216316589E-12,-4.6530126677797E-21,4.6896845530002E-21,-3.2598102801395E-12,-3.2481727164415E-12,0.00131542479621,0.001320647893501,0.000455322428036,9.984951567034E-09,3.1641556946749E-09,1.0807730201494E-05,0,0.004519073547137,100004704.7628,-4.7435741281694E-13,665.37430410495,0.004519073547137,251.91174616713,8.1656733683367E-05,665.37430410495,581.8654020495
581.52930000006,-0.31435189562563,-0.10504509569917,2.0357676292786E-24,0.001793830864559,1.7335715877578,4.254456755934E-21,1.5157903416702,0,1.7017827023736E-20,6.0627335311811,3.3446105670717E-24,0.001180095736329,1.9791132713464E-21,-1.3861178435809,-1.3893158903506E-21,1.3622767224392E-21,2.916784850859,2.9060699548764,-1.7322889433906E-10,-1.7296657331656E-10,1.3666538121757E-21,-1.3857357744737E-21,1.7305576078312E-10,1.731314217222E-10,2.9078598292665,2.9156713218886,1.015165987491,2.2096770576119E-05,6.0627335311968E-06,1.0574358399076E-05,0,0.005514069483384,100004705.07901,-4.6181982165123E-13,775.64203371012,0.005514069483384,293.02476740682,0.001357108496473,775.64203371012,678.3810169687
582.52930000006,-21.46628799768,-7.157509568168,9.8414922277908E-22,0.001663032074798,1.7337600620851,1.8279965555268E-18,8.6680769954514,0,7.311986222107E-18,34.669858578946,1.432845461667E-21,0.006748401278372,1.8564535661458E-18,-16.532271373966,-1.2981637019368E-18,1.29066431687E-18,34.736458736668,34.716552793737,-1.0073561852777E-07,-1.0056232283976E-07,1.2889622124822E-18,-1.2998518472781E-18,1.006324945789E-07,1.0066208362629E-07,34.720893355893,34.732904618231,12.518894391673,0.000129774338415,3.4669858578932E-05,9.6390473545162E-06,0,0.006508076386756,100004710.85538,-4.1800091226531E-13,874.34309059667,0.006508076386756,329.68845332184,1.8152910181861E-05,874.34309059667,764.79400319816
583.52930000006,-75.788780248288,-25.265686571088,1.1015268855003E-19,0.001375271345146,1.7339212596401,1.8701636438384E-16,16.361845557176,0,7.4806545753535E-16,65.4427249997,1.4625007258375E-19,0.012738271625992,2.2089016285003E-16,-30.917130280751,-1.5443377448553E-16,1.5391711331573E-16,64.950690995216,64.934283162388,-1.362363078525E-05,-1.3598235419028E-05,1.5367858572416E-16,-1.5466288552417E-16,1.3609633162904E-05,1.361197395077E-05,64.939146217376,64.946574004271,23.52405807903,0.000247973062668,6.5442713702698E-05,8.516637228872E-06,0,0.00750109622149,100004723.56361,-3.6918176389207E-13,958.05826459552,0.00750109622149,360.6857966991,-0.001349433799813,958.05826459552,838.101391019
584.52930000006,-162.71631189304,-54.239276744896,3.284488377002E-18,0.000890440348008,1.7340491134244,5.2302322387221E-15,25.791172101734,0,2.0920928954888E-14,103.1566608326,4.0809744644727E-18,0.020079339787538,7.4724068964922E-15,-42.1063842103,-5.2233173874282E-15,5.2180444543287E-15,88.451651817712,88.440281687059,-0.000509037051887,-0.000508025662593,5.2088298187272E-15,-5.2320295917523E-15,0.000508520121232,0.000508541575358,88.44536291476,88.447262592888,32.095521439679,0.000394328203341,0.000103156633126,6.9774897489409E-06,0,0.008493130946006,100004744.97512,-3.0813960565649E-13,1022.6779811189,0.008493130946006,384.55046143581,-0.003125528498009,1022.6779811189,894.69693091738
585.52930000006,-264.76435155159,-88.253150962336,2.9142970082011E-17,0.00018663043309,1.7341407260871,4.4561239171738E-14,35.615197989751,0,1.7824495668695E-13,142.44432713768,3.4702859764264E-17,0.02772770388862,8.0317443824435E-14,-49.615445618028,-5.6132373780354E-14,5.6192037658556E-14,104.22210503691,104.21598250238,-0.005854435543481,-0.005842423366562,5.6080979281993E-14,-5.6236654629683E-14,0.005848879210002,0.005848059895308,104.22053579555,104.21819142844,37.852523346775,0.000547608885133,0.000142444303965,5.1466183628722E-06,0,0.009484182512888,100004776.05902,-2.4378735775364E-13,1065.8725802153,0.009484182512888,400.4728853683,-0.007143654307743,1065.8725802153,932.53439107021
586.43930000006,-729.57213750509,-243.10437354883,1.0963380580244E-16,0.000605249609848,1.7341997558628,1.6395489724561E-13,92.619895222572,0,6.5581958898245E-13,370.42883279579,1.2756261940267E-16,0.072107937535317,3.0020269983797E-13,-52.572223367532,-2.0974737535322E-13,2.1027996563474E-13,110.43006324393,110.42889045659,-0.022650369465161,-0.022596641800751,2.0980330134087E-13,-2.1019582901575E-13,0.022625474038339,0.022622021037527,110.43109613973,110.4299773971,40.114868527743,0.001440425238493,0.000370422471361,3.0830094872083E-06,0,0.010385186666939,100004811.02965,-2.0101062683355E-13,1090.2929263634,0.010385186666939,409.47486242106,0.00595987011774,1090.2929263634,953.91398679492
587.27930000006,-922.1447888586,-308.30756827157,1.7849286166154E-16,0.0015518523324,1.7342188728141,2.666511493382E-13,97.671255969469,0,1.0666045973528E-12,390.61720485236,2.0768955149219E-16,0.076040641907657,6.5683760133291E-13,-63.059179922509,-4.592744203499E-13,4.602919965251E-13,132.43778035157,132.4723292117,-0.050442697511515,-0.05037328893243,4.595888903152E-13,-4.59904246451E-13,0.050413999223019,0.050403069808553,132.35632960356,132.56652731845,47.575354067482,0.001419380194618,0.000390609240905,4.4903634740075E-06,0,0.01121616288521,100004852.8374,-1.8354601199413E-13,1091.5584909003,0.01121616288521,409.94934801233,-6.3335841549855E-07,1091.5584909003,955.02608778832
588.02930000006,-422.64584560057,-140.17623675677,2.1416756406137E-16,0.002260552853008,1.7342480760823,3.1766050807086E-13,49.584170455474,0,1.2706420322834E-12,198.27551824713,2.460180081033E-16,0.038603109160286,9.6162410854947E-13,-56.597776291667,-6.7196264587356E-13,6.7409181811922E-13,118.84494175417,118.90507598925,-0.074064268914357,-0.07397981442341,6.7260164147235E-13,-6.7330937354306E-13,0.07407009909198,0.073972873824675,118.94198407826,118.85115129271,43.214397302898,0.000760079825484,0.000198274501778,-1.8404930635991E-06,0,0.011899617741842,100004884.13906,-1.5772648770524E-13,1099.4679474702,0.011899617741842,412.87361290776,1.4287994619742E-05,1099.4679474702,961.95277678391
589.02930000006,-38.188565147127,-12.726967418834,2.4884695446387E-19,0.00261126127528,1.7339723030233,4.2452593189314E-16,7.7513658625207,0,1.6981037275726E-15,31.003134831114,3.2965167971387E-19,0.006034726672337,3.3045843732712E-13,-32.873858019572,-2.3108109387488E-13,2.3163923043413E-13,69.051197845143,69.05393919715,-0.025209753808201,-0.025189472811412,2.3129168431121E-13,-2.3138015657233E-13,0.025209583218733,0.025189392125959,69.05683834949,69.049162734567,25.255235214952,0.000115289917625,3.1003134831112E-05,8.7729898665955E-07,0,0.010910958289441,100004899.62787,-1.2829555810582E-13,953.25865264185,0.010910958289441,358.94603486835,-0.000532616527106,953.25865264185,833.89245717329
590.02930000006,-3.1857936039974,-1.0615571128238,3.0650737276107E-22,0.002694763305079,1.733740762546,5.9640733687256E-19,1.4084017853396,0,2.3856293474902E-18,5.6331928109725,4.6300930529108E-22,0.001096493253186,8.7044048148554E-14,-15.090979732839,-6.0867767754226E-14,6.1014762061223E-14,31.69794676583,31.700053865764,-0.006639042053539,-0.006633703692313,6.092332513061E-14,-6.0946438901086E-14,0.006638994294409,0.006633685537792,31.702315163823,31.696380040459,11.631734592203,2.0202571557697E-05,5.6331928109687E-06,8.3392068548856E-07,0,0.009921320422113,100004903.31549,-1.2457325701341E-13,833.86330246716,0.009921320422113,314.7012951961,-0.000639254166352,833.86330246716,729.34752372515
591.02930000007,-0.024711447426215,-0.008231156184611,2.4324793625178E-25,0.002703676522551,1.733521148515,5.4528833077967E-22,0.035178571943997,0,2.1811533231187E-21,0.14070393909439,4.2316412736315E-25,2.7387828886611E-05,2.2906601609765E-14,-4.6846160661006,-1.6018024735905E-14,1.6056707878946E-14,9.8396900014834,9.8405878434886,-0.001747134369337,-0.001745729526585,1.6032645410214E-14,-1.6038727754833E-14,0.001747121797386,0.00174572475296,9.841554220808,9.8390210393272,3.6239147605719,4.6585045057516E-07,1.4070393909438E-07,8.2400215346745E-07,0,0.008930702201408,100004903.70912,-1.2309575133439E-13,722.22951760272,0.008930702201408,273.16439443817,3.4396885108486E-05,722.22951760272,631.62240392063
592.02930000007,-7.0251088381547E-06,-2.3392216906378E-06,6.6249594880367E-29,0.00270377634594,1.7333023018494,1.7489383812672E-25,3.7759674627138E-05,0,6.9957535250687E-25,0.000151027590548,1.3565029639955E-28,2.9397313491624E-08,6.0280965463998E-15,-1.2402988115785,-4.2153000802225E-15,4.2254799276044E-15,2.605152817233,2.6053960894339,-0.000459775516875,-0.000459405818779,4.2191476540705E-15,-4.220748281652E-15,0.000459772208428,0.000459404562568,2.6056579045398,2.6049714961832,0.95984045659323,4.3371603861479E-10,1.5102759054803E-10,8.2296723167043E-07,0,0.007939101683094,100004903.71352,-1.2229416822624E-13,611.91939225895,0.007939101683094,231.95783490685,7.3668538476223E-05,611.91939225895,535.07965697179
593.02930000007,-1.6879642806192E-10,-5.6190080487454E-11,3.7373225036115E-33,0.002703776410447,1.733082734033,1.1996511996979E-29,3.4465453516433E-09,0,4.7986047987916E-29,1.3785167518757E-08,9.2972940274935E-33,2.683263962571E-12,1.5863526199971E-15,-0.32640147990212,-1.1092974831804E-15,1.1119764095415E-15,0.68558134791223,0.68564537375385,-0.000120994428378,-0.000120897138712,1.1103100099292E-15,-1.1107312305649E-15,0.000120993557725,0.000120896808131,0.68571427966328,0.68553362664105,0.25259549604165,3.271478175872E-14,1.3785167518757E-14,8.2212037351674E-07,0,0.006946516917143,100004903.71353,-1.2155253832683E-13,502.08500856637,0.006946516917143,190.76731232498,6.0257384805709E-05,502.08500856637,438.9761845847
594.02930000007,-3.1143575611808E-16,-1.0363406151716E-16,2.0537477278451E-38,0.002703776410451,1.7328624375206,8.4070134898873E-35,2.4154518583209E-14,0,3.3628053959549E-34,9.6610968675818E-14,6.5072133063561E-38,1.8805192630558E-17,4.1746422200929E-16,-0.085895745133483,-2.9192249252862E-16,2.9262747819086E-16,0.18041744402061,0.18043429304793,-3.1840868339312E-05,-3.181526561319E-05,2.9218894886126E-16,-2.9229979714727E-16,3.1840639217441E-05,3.1815178618465E-05,0.18045242631372,0.18040488569997,0.06647297791212,1.7973290354654E-19,9.6610968675818E-20,8.2124612980255E-07,0,0.005952945947716,100004903.71353,-1.208553299859E-13,392.71467899743,0.005952945947716,149.58879385574,4.6931024716248E-05,392.71467899743,343.3014718186
595.02930000007,-1.2574978139842E-23,-4.1817245194294E-24,2.531364272916E-45,0.002703776410451,1.7326414217196,1.4296124869128E-41,3.7035320663818E-21,0,5.7184499476512E-41,1.4813038778826E-20,1.1039855569E-44,2.8833376944288E-24,1.0985979690829E-16,-0.022604306234976,-7.6822261779409E-17,7.7007785648668E-17,0.047478616646701,0.047483050633133,-8.3792362193197E-06,-8.3724986117956E-06,7.6892382373542E-17,-7.6921553172573E-17,8.3791759234293E-06,8.372475718511E-06,0.047487822579714,0.047475311801535,0.017493014895457,1.9930069938767E-26,1.4813038778826E-26,8.2034443658E-07,0,0.004958386813137,100004903.71353,-1.203100233502E-13,283.80632789719,0.004958386813137,108.42180569355,3.3773989158058E-05,283.80632789719,248.05347240356
596.02930000007,-3.6005515900016E-34,-1.1954451080228E-34,2.0471483264695E-55,0.002703776410451,1.7324196959208,1.863281319349E-51,4.0228503050439E-31,0,7.4531252773959E-51,1.6090217798169E-30,1.4307325081392E-54,3.1319388399015E-34,2.8910681060623E-17,-0.005948544477617,-2.0216530263852E-17,2.0265352683808E-17,0.012494462777262,0.012495629624185,-2.2050780421862E-06,-2.2033049749382E-06,2.0234983185097E-17,-2.0242659763119E-17,2.2050621746726E-06,2.2032989504064E-06,0.012496885408688,0.012493593074865,0.004603458123047,1.3380085907063E-36,1.6090217798169E-36,8.1941544170383E-07,0,0.003962837545871,100004903.71353,-1.1966850557474E-13,175.35790780763,0.003962837545871,67.265880809131,2.0783011450153E-05,175.35790780763,153.2302105618
597.02930000007,-1.367447635671E-53,-4.4995588282132E-54,1.8164734367818E-74,0.002703776410451,1.7321972692899,4.2498529800295E-70,5.7512522745812E-50,0,1.6999411920118E-69,2.3003317225745E-49,3.1548595588599E-73,4.4775641670687E-53,7.6081287505634E-18,-0.00156541771441,-5.320177855253E-18,5.3330259523731E-18,0.003288040198266,0.003288347265453,-5.8028787408103E-07,-5.798212741114E-07,5.3250339222428E-18,-5.3270540880279E-18,5.8028369837376E-07,5.7981968871272E-07,0.00328867773745,0.003287811327555,0.001211445072064,7.354237446113E-56,2.3003317225745E-55,8.1845928754363E-07,0,0.002966296172502,100004903.71353,-1.1916320116641E-13,67.367392938654,0.002966296172502,26.120556591385,7.9548800917045E-06,67.367392938654,58.830142929123
598.02930000007,-2.1802436751224E-75,-7.3320175307226E-76,7.9435285672275E-97,0.002703776410451,1.7319740775121,3.2326676394731E-92,3.568961284246E-71,1.5684995524657,-1.2930670557892E-91,-1.4274795244171E-70,2.6216246480358E-95,2.7785693254855E-74,2.0001735086285E-18,-0.000411547691107,-1.3986728960363E-18,1.4020501083809E-18,0.000864424433098,0.000864505200732,-1.5255738248407E-07,-1.5243481403902E-07,1.3999496087865E-18,-1.4004800411814E-18,1.5255634629716E-07,1.5243433626803E-07,0.000864592061184,0.000864364284542,0.000318488436969,2.7193756774742E-77,-1.4274795244171E-76,-33.025410768174,39.101901636534,0.001968760713709,100004903.71353,-1.1863103164569E-13,-40.122984058321,0.001968760713709,-15.006137025185,-9.2797588048896E-06,-40.122984058321,35.113494733717
599.02930000007,-9.5136780403814E-43,-3.1810501542785E-43,2.0752579055944E-62,0.002703776410451,1.7317491102388,2.2686758609656E-58,5.8819247561667E-38,3.0020580103261,-9.0747034438625E-58,-2.352596871071E-37,1.7868776101774E-61,4.5792975624892E-41,5.2636524007159E-19,-0.000108302803889,-3.6807446535657E-19,3.6896321180215E-19,0.000227481752121,0.000227503006915,-4.0146968707399E-08,-4.0114713623562E-08,3.6841044482342E-19,-3.6855003324056E-19,4.0146696023584E-08,4.0114587894545E-08,0.000227525865094,0.000227465923439,8.3813346976994E-05,1.6346984965993E-43,-2.352596871071E-43,-33.030332172186,39.07961222606,0.000970229184238,100004903.71353,-1.1815925148413E-13,-146.49971352063,0.000970229184238,-55.996352249085,-3.3868090387436E-05,-146.49971352063,128.04027443124
600.02930000007,-7.0228137477447E-31,-2.3452432026652E-31,1.4282674177056E-49,0.002703776410451,1.7315220686786,9.0325825744382E-46,1.6477259856165E-25,3.945464045483,-3.6130330297753E-45,-6.5904192228647E-25,7.0811878792979E-49,1.2828160683135E-28,1.3851816592931E-19,-2.8500943107298E-05,-9.6862398943645E-20,9.7096281259563E-20,5.9864050074101E-05,5.9869643481E-05,-1.0565067846266E-08,-1.0556579605814E-08,9.695081523159E-20,-9.69875492742E-20,1.0564996086564E-08,1.0556546519281E-08,5.9875658834811E-05,5.9859884601292E-05,2.2056302773804E-05,7.8634143039206E-31,-6.5904192228647E-31,-33.035318391753,39.058159480597,-2.9300407114501E-05,100004903.71353,-1.1785343826424E-13,-251.57998829679,-2.9300407114501E-05,-96.813974535822,-5.7991819535352E-05,-251.57998829679,219.79301264761
601.02930000007,-1.1182801865583E-23,-3.7323630573648E-24,1.589162813478E-41,0.002703776410451,1.7312929752866,7.0787516918971E-38,9.9643087510401E-18,4.7035308376977,-2.8315006767588E-37,-3.985430375457E-17,5.5382291054557E-41,7.7575855980768E-21,3.6452411427874E-20,-7.5003021975194E-06,-2.5490288548076E-20,2.5551836966043E-20,1.5753810834717E-05,1.5755282794483E-05,-2.7803010336774E-09,-2.7780672702704E-09,2.5513556160372E-20,-2.5523223079119E-20,2.780282149334E-09,2.7780585633012E-09,1.5756865793782E-05,1.575271464972E-05,5.8043320019529E-06,6.7170190517381E-23,-3.985430375457E-23,-33.040371683503,39.037447303207,-0.001029830057529,100004903.71353,-1.1757142718675E-13,-355.37564522824,-0.001029830057529,-137.46003738865,-8.1663396261957E-05,-355.37564522824,310.3822369457
602.02930000007,-1.3305591126924E-18,-4.4394492133186E-19,1.1722638993265E-35,0.002703776410451,1.7310618521544,4.0340217615506E-32,4.5036589657274E-12,5.3555487170401,-1.6136087046202E-31,-1.8013310999434E-11,3.1525217434791E-35,3.5062662954605E-15,9.5928089286226E-21,-1.9737748522155E-06,-6.7080189769029E-21,6.7242160448146E-21,4.145763038479E-06,4.1461504057535E-06,-7.3166343561139E-10,-7.3107559894644E-10,6.7141420770074E-21,-6.7166860202116E-21,7.3165846599174E-10,7.3107330764222E-10,4.1465669908235E-06,4.1454745615576E-06,1.5274645628447E-06,3.9117671922001E-17,-1.8013310999434E-17,-33.045494370911,39.017390712765,-0.002031361770189,100004903.71353,-1.1730292667436E-13,-457.89839672435,-0.002031361770189,-177.93555891407,-0.000104893459681,-457.89839672435,399.81938875828
603.02930000007,-7.7906808899615E-15,-2.5983424240478E-15,4.8520307109327E-31,0.002703776409997,1.7308287210184,1.3613432150293E-27,1.2196330705385E-07,5.9365636179162,-5.4453728601173E-27,-4.8781734967047E-07,1.06309084736E-30,9.495297846955E-11,2.5244405533131E-21,-4.2661663487507E-07,-1.7652801509348E-21,1.7695425634845E-21,8.9599549893129E-07,8.9626371425917E-07,-1.9254439237157E-10,-1.9238969742675E-10,1.7668915070623E-21,-1.7675609614928E-21,1.9254308455897E-10,1.9238909445612E-10,8.9644886732056E-07,8.9578944529069E-07,3.3479620127972E-07,1.2936054950232E-12,-4.8781734967047E-13,-38.675688839054,38.997914001293,-0.0030338975543,100004903.71353,-1.1714523228534E-13,-559.15983282951,-0.0030338975543,-218.24154214911,-0.00012769215193,-559.15983282951,488.11586722118
604.02930000007,3.4969285281066E-08,1.1672674982909E-08,3.0889139310939E-27,0.00270377420561,1.730593603724,7.320385020274E-24,0.000529439605964,6.4657442153957,-2.9281540081096E-23,-0.002117602676006,5.7136795513939E-27,4.1218845831978E-07,6.5829495872923E-22,0.000441303448801,-4.6035858248182E-22,4.6145711227599E-22,-0.000927249482056,-0.000926567416785,-5.0655199520934E-11,-5.0614554087394E-11,4.6079435497577E-22,-4.6092448826709E-22,5.0654843613395E-11,5.0614406886638E-11,-0.00092628702379,-0.000927794434324,-0.000321231669833,6.6198614864549E-09,-2.1176026760058E-09,-38.680960548222,38.978947650984,-0.004037439425118,100004903.71362,-1.1710528032574E-13,-659.17123130362,-0.004037439425118,-258.37889832794,-0.000149347979549,-659.17123130362,575.28280813163
605.02930000007,0.045386859237924,0.015145827709017,5.2326237212856E-24,0.002701037572671,1.7303570949581,1.0742878063058E-20,0.5713862345745,6.9538210533759,-4.2971512252232E-20,-2.2853768486124,8.3818115600443E-24,0.000444845471906,-9.4386694264133E-21,0.53062876743963,6.5588338855669E-21,-6.5934257655073E-21,-1.1148666607344,-1.1141944145775,3.3520681267428E-12,3.2954552002821E-12,-6.5425366294639E-21,6.608760732711E-21,-3.3637596900657E-12,-3.2841778063314E-12,-1.1139430217963,-1.115419102452,-0.38874111470207,8.1827567375589E-06,-2.2853768486158E-06,-38.689234356228,38.958732906614,-0.005041989403972,100004903.83448,-1.1676222399154E-13,-757.70898012309,-0.005041989403972,-298.25351533284,0.000686208715541,-757.70898012309,661.12739551391
606.02930000007,11.882331041017,3.9616368863717,2.2606364671203E-21,0.002611645806769,1.7301372119717,4.1322399286553E-18,6.5015785841471,7.3768318132251,-1.6528959714621E-17,-26.004400392372,3.2229257703595E-21,0.005061721413547,-4.2019236924657E-18,12.199971207208,2.9229084986781E-18,-2.936475951234E-18,-25.627661000738,-25.624541317416,5.3157386968912E-09,5.2969439604913E-09,-2.9168313521424E-18,2.942099831999E-18,-5.3190736298709E-09,-5.2936939162919E-09,-25.623272650014,-25.63052714078,-9.2210675143417,9.6808518103804E-05,-2.6004400392373E-05,-38.718876244174,38.926113634417,-0.006047549518285,100004907.7822,-1.1424776705532E-13,-847.75376410144,-0.006047549518285,-334.99090614844,0.003170423028213,-847.75376410144,739.53993664807
607.02930000007,47.874733185479,15.96025751743,2.7131361550406E-19,0.002392242155863,1.7299442143912,4.5247983906092E-16,12.541921190953,7.7296701615179,-1.8099193562437E-15,-50.163985039212,3.5281055786191E-19,0.009764354746815,-5.2341897409576E-16,25.47888118129,3.6436534250428E-16,-3.6588852325125E-16,-53.520374570626,-53.517463827923,5.0227623975921E-07,5.0070478542139E-07,-3.6370852637932E-16,3.6648709099655E-16,-5.0256465680265E-07,-5.0042383752514E-07,-53.516234576048,-53.523326013317,-19.37492359841,0.000189118857643,-5.0163985039185E-05,-44.376882263995,38.894177699918,-0.00705412180161,100004917.47152,-1.1181230455735E-13,-926.03478065145,-0.00705412180161,-367.16400914765,0.00607140119179,-926.03478065145,807.68251951483
608.02930000007,110.45314716408,36.821254681186,1.0897934405982E-17,0.002016860623253,1.7297847813821,1.6939266753649E-14,20.119931841624,8.0125284060919,-6.7757067014594E-14,-80.473750764152,1.3204513637817E-17,0.015664123191518,-2.2769735821933E-14,36.641833816451,1.5861806760849E-14,-1.5920926721986E-14,-76.968362607069,-76.965845418094,1.7307541325795E-05,1.7260289430512E-05,-1.5837244829836E-14,1.5942894419353E-14,-1.7316704141307E-05,-1.7251357986122E-05,-76.964704592831,-76.971266881382,-27.918501426851,0.000306177635801,-8.0473750764065E-05,-44.423208345014,38.859256091922,-0.008061708293644,100004934.04922,-1.0894792209789E-13,-990.77886299976,-0.008061708293644,-393.94561553115,0.009921073082577,-990.77886299976,864.0235367899
609.02930000007,193.7037289849,64.572979949636,1.5733987156522E-16,0.001454978244682,1.7296667030774,2.3251290144525E-13,28.670789328275,8.2222210705295,-9.30051605781E-13,-114.67436203242,1.8119977299728E-16,0.022321295165605,-3.7443612373276E-13,45.093874331995,2.6101752567007E-13,-2.6187786096777E-13,-94.721924918863,-94.71992024817,0.000237572124252,0.000237015761043,-2.6067955731876E-13,2.6217233103343E-13,-0.00023768698045,-0.000236903556672,-94.718926592787,-94.72466369888,-34.395085018058,0.000439349042562,-0.000114674343111,-44.488861395434,38.822573272984,-0.009070311040255,100004958.86339,-1.0615035755991E-13,-1039.8688303632,-0.009070311040255,-414.36089257715,0.012311128423418,-1039.8688303632,906.72988326078
610.02930000007,277.60096941833,92.518260794208,9.1217682526588E-16,0.000700392150989,1.7295923555163,1.3042924217392E-12,36.488064853618,8.3622232011447,-5.2171696869567E-12,-145.93999569245,1.0161242604784E-15,0.028407354028618,-2.582594373015E-12,50.767300254138,1.8013459128243E-12,-1.8067303749828E-12,-106.63961285962,-106.63654127334,0.001442498717589,0.001439560944094,-1.7994925215952E-12,1.8082781279384E-12,-0.001443105274382,-0.001438965953313,-106.63828266507,-106.63988218293,-38.750476573228,0.00056196052262,-0.000145939995321,-44.62794581129,38.711449886174,-0.010079932093513,100004992.18828,-9.6924976319765E-14,-1073.1479870533,-0.010079932093513,-428.26109856949,0.002074026941994,-1073.1479870533,935.66541640136
611.02930000007,326.00683554027,102.71849251017,2.4751143220985E-15,0.000234142116542,1.7295599120182,3.4796282452046E-12,34.959107600895,8.4403424029817,-1.3918512980818E-11,-139.82276332479,2.6825934847369E-15,0.027217018355601,-8.7404289535217E-12,55.512892366452,6.0042805711264E-12,-6.1316649412518E-12,-116.64547112384,-116.53831353726,0.004475756010364,0.004407916741885,-6.0108121148721E-12,6.1198625298958E-12,-0.004462539292086,-0.004420388372053,-117.1069557194,-116.13662457883,-42.463493616699,0.000520496652259,-0.000139821638664,28.746749761322,-118.99739400395,-0.011090573517312,100005033.45603,-4.9557223855652E-12,-1091.9437037671,-0.011090573517312,-436.11892870455,0.000249310043864,-1091.9437037671,952.01162442304
612.02930000007,533.90495586083,155.09378661752,4.6554010269504E-15,0.001266867136679,1.7295642688038,6.5168045583377E-12,50.495281092236,8.4627236843531,-2.6067218233351E-11,-201.96001982104,4.8176494643966E-15,0.039312557171878,-1.8040789276406E-11,58.506026753903,1.2570981902317E-11,-1.2640904420318E-11,-120.98635107994,-123.54630215397,0.008727164092477,0.008679418919148,-1.2588615115615E-11,1.2631773709196E-11,-0.008705736387052,-0.008703679148897,-124.14308483309,-122.90024018691,-44.633075146589,0.000744810883949,-0.000201957370942,-18.526723967278,16.782471623457,-0.012042925618871,100005079.06207,-1.2422386850471E-11,-1096.955561675,-0.012042925618871,-438.30509124992,-0.000339922938635,-1096.955561675,956.37139972652
613.02930000007,53.092939531899,17.684487607416,9.2565123957045E-18,0.001651268706067,1.7298872409946,1.46916242242E-14,9.9959182258531,7.9277926714337,-5.8766496896802E-14,-39.980596624473,1.1300419062642E-17,0.007782217082944,-6.4840256178431E-12,35.421483234828,4.5147918077492E-12,-4.5243430582636E-12,-74.39001863576,-74.416752163645,0.003210726502353,0.003202971423787,-4.4987981426759E-12,4.5399750854943E-12,-0.00321551749123,-0.003198982995758,-74.421391510786,-74.388152808958,-27.186457315507,0.000149453976329,-3.9980596624472E-05,-13.125653758872,19.559573684836,-0.01103132174329,100005096.04426,-5.8443524862859E-13,-970.49271459938,-0.01103132174329,-385.70483500074,-0.0118477324357,-970.49271459938,846.33634961737
614.02930000007,7.6984634818712,2.5633709164325,1.9387983444153E-20,0.001774833357417,1.7301498888986,3.4728697052076E-17,2.7329744224124,7.4536159035948,-1.389147882083E-16,-10.93106126363,2.6713269802406E-20,0.002127728711863,-1.7094600663963E-12,18.778562482219,1.1902673345457E-12,-1.1928396036797E-12,-39.434350393019,-39.454663290329,0.000847588691006,0.000845520545192,-1.1860834356934E-12,1.1969270753414E-12,-0.000848847023721,-0.000844472416858,-39.458909084448,-39.432211101039,-14.447167219138,3.9775591104698E-05,-1.0931061263622E-05,-7.7699497852965,19.628889304994,-0.01002074017531,100005101.50124,-5.5941541628053E-13,-863.89271050435,-0.01002074017531,-341.75281023239,-0.002650846516415,-863.89271050435,753.56830515024
615.02930000007,0.25590302393148,0.085118715745762,3.1559989375196E-23,0.001798964597081,1.7303883670948,6.4183249586025E-20,0.24346752846241,6.9876093546188,-2.567329983441E-19,-0.97379558775917,4.9316373279883E-23,0.000189549106898,-4.4986771701606E-13,6.9988061282885,3.1323502285882E-13,-3.1391207747271E-13,-14.695221045003,-14.706685241797,0.000223059823972,0.000222515478493,-3.1213404967626E-13,3.1498767189572E-13,-0.000223390956047,-0.000222239660369,-14.70917799217,-14.69387272917,-5.4069761691704,3.3626722451203E-06,-9.7379558775892E-07,-7.8636300232729,19.771868300714,-0.009011178851519,100005102.56694,-5.4976749271503E-13,-764.13818823226,-0.009011178851519,-300.9996196283,-0.000508275678614,-764.13818823226,666.71028310844
616.02930000007,0.00047435920478,0.000157574287399,2.3683721622347E-26,0.001800022408924,1.7306197985232,5.5572064217598E-23,0.00163768261027,6.4984331609664,-2.2228825687039E-22,-0.006550229135695,4.2610245934191E-26,1.2750007299184E-06,-1.18386926471E-13,1.9258758290824,8.2430746123878E-14,-8.2608919634886E-14,-4.0435198971548,-4.047047123963,5.8700307677811E-05,5.855705782574E-05,-8.2141014797826E-14,8.2891972296336E-14,-5.8787448161028E-05,-5.8484473719921E-05,-4.0478089216402,-4.0431046143472,-1.4903249079458,2.035220540962E-08,-6.5502291356948E-09,-7.8757687982578,21.120144143066,-0.008002635713966,100005102.61366,-5.4707638603899E-13,-665.05313498161,-0.008002635713966,-260.86453105169,-0.000156219430946,-665.05313498161,580.39431114023
617.02930000007,7.3330580791649E-08,2.4336683656249E-08,5.2986420514095E-30,0.001800026291013,1.7308490003685,1.4700894761752E-26,9.6048739563975E-07,5.9699876034279,-5.8803579047008E-26,-3.8416555709903E-06,1.1238453789102E-29,7.4777745265129E-10,-3.1154631586013E-14,0.50710531446742,2.1692425031582E-14,-2.1739313062325E-14,-1.0647042232749,-1.0656352850602,1.5447537293531E-05,1.5409839748973E-05,-2.1616179512781E-14,2.1813801027747E-14,-1.5470469128398E-05,-1.5390738561489E-05,-1.065836290684,-1.0645946320405,-0.39243802281031,1.0243231773332E-11,-3.8416555709903E-12,-7.8802772524167,22.051073807227,-0.006995108710932,100005102.61383,-5.4523105996538E-13,-564.8092636504,-0.006995108710932,-220.59678944657,-0.000129709607566,-564.8092636504,493.02914013906
618.02930000007,1.4145984887683E-12,4.690158179122E-13,2.1429539833037E-34,0.001800026292579,1.7310761810831,7.2788943234009E-31,7.0331922974754E-11,5.3901852522786,-2.9115577293604E-30,-2.8130616282225E-10,5.5404092796072E-34,5.4756185705772E-14,-8.1986339027724E-15,0.13344964081714,5.7085653807484E-15,-5.7209044058135E-15,-0.2801871559855,-0.28043217509852,4.0651645208766E-06,4.0552440578812E-06,-5.6885006565681E-15,5.7405066132997E-15,-4.0711992481538E-06,-4.0502174014311E-06,-0.28048507186348,-0.28015831587525,-0.10327385158905,6.1722747717266E-16,-2.8130616282225E-16,-7.8847464926461,22.170912845986,-0.00598859579691,100005102.61383,-5.4336432776115E-13,-463.30769719317,-0.00598859579691,-180.1594358192,-0.000106735257138,-463.30769719317,404.52764834188
619.02930000007,1.9521334075094E-18,6.4633018215278E-19,6.5973285378578E-40,0.001800026292579,1.7313013197776,2.8921443328079E-36,3.682420406448E-16,4.7402156907018,-1.1568577331232E-35,-1.4728554411369E-15,2.1862086882146E-39,2.8669100332032E-19,-2.1575475121925E-15,0.035118526335449,1.502262594377E-15,-1.5055097245538E-15,-0.07373388160524,-0.073798360686928,1.0697862233803E-06,1.0671755603464E-06,-1.4969823738111E-15,1.5106682295036E-15,-1.0713743184246E-06,-1.0658527486056E-06,-0.073812280966859,-0.073726292059914,-0.027177483990998,2.5174250045778E-21,-1.4728554411369E-21,-7.8892239341986,22.216509293745,-0.004983094932564,100005102.61383,-5.4173499210462E-13,-360.53652203196,-0.004983094932564,-139.55133762948,-8.332901941872E-05,-360.53652203196,314.87816450368
620.02930000007,3.8115570340473E-26,1.2588617962809E-26,2.6860300884096E-47,0.001800026292579,1.7315243943554,1.662614918851E-43,2.7246893527365E-23,3.9858992490313,-6.6504596754039E-43,-1.0897923363808E-22,1.2408377865298E-46,2.1212785019364E-26,-5.6777889128504E-16,0.00924177003566,3.9533451085191E-16,-3.9618902361359E-16,-0.019403763447234,-0.019420731723375,2.8152429203219E-07,2.8083727152928E-07,-3.9394497123133E-16,3.9754653262559E-16,-2.8194221412777E-07,-2.8048916122596E-07,-0.019424394975622,-0.019401766187248,-0.007152010161061,1.3257085498363E-28,-1.0897923363808E-28,-7.8937135201222,22.241644074728,-0.003978604084706,100005102.61383,-5.4005818849673E-13,-256.4840284492,-0.003978604084706,-98.771482052299,-5.9477521828437E-05,-256.4840284492,224.06924710316
621.02930000007,1.3489878645138E-37,4.4304928241739E-38,1.5969009307284E-58,0.001800026292579,1.7317453823582,1.6850021107476E-54,3.6414879530376E-34,3.0507928570656,-6.7400084429903E-54,-1.4564837123993E-33,1.2182386106E-57,2.8350424987978E-37,-1.4941634775926E-16,0.002432058582874,1.040359894838E-16,-1.0426086253174E-16,-0.005106282589759,-0.005110747951046,7.4085761502704E-08,7.3904965603231E-08,-1.0367031908556E-16,1.0461810377422E-16,-7.4195741619192E-08,-7.3813357115383E-08,-0.00511171197024,-0.005105756992075,-0.00188211864501,1.0447136412814E-39,-1.4564837123993E-39,-7.8982192337851,22.258314924491,-0.002975121226267,100005102.61383,-5.384515536342E-13,-151.1383829283,-0.002975121226267,-57.818841084157,-3.5170042606218E-05,-151.1383829283,132.08962459669
622.02930000007,1.9532449871597E-61,6.2635031639859E-62,1.8029905891544E-82,0.001800026292579,1.7319642609572,6.3983246946984E-78,1.9485773976415E-57,1.6521050619222,-2.5593298778794E-77,-7.7937131125393E-57,3.7368355477215E-81,1.5170446278724E-60,-3.9320315214936E-17,0.00064001905779,2.737804773115E-17,-2.7437225182855E-17,-0.0013437662213,-0.001344941323075,1.9496363947193E-08,1.9448785807782E-08,-2.7281818132387E-17,2.7531236570039E-17,-1.9525306245652E-08,-1.9424678175903E-08,-0.001345195013769,-0.001343627905343,-0.000495297198147,1.6595628123178E-63,-7.7937131125393E-63,-7.9027451337854,22.270678951633,-0.001972644336273,100005102.61383,-5.3711256602906E-13,-44.487625882168,-0.001972644336273,-16.692371140668,-1.0395506102281E-05,-44.487625882168,38.931627363507
623.02930000007,3.7677099998311E-63,1.3149262061736E-63,6.3941534659051E-83,0.001800026292579,1.7321812116003,1.5799064744792E-78,1.5709536758019E-58,0,6.3196258979169E-78,6.2833338381837E-58,1.5653941329114E-81,1.2230496106273E-61,-1.0335422626032E-17,0.000168230261962,7.1963687496305E-18,-7.2119361049559E-18,-0.000353211501248,-0.000353520538883,5.124655280356E-09,5.1121500015893E-09,-7.171081786197E-18,7.2366399865605E-18,-5.132266235489E-09,-5.1058106866179E-09,-0.00035358713223,-0.000353175234668,-0.000130189837955,1.8964702088395E-64,6.2833338381837E-64,-1.0220022650255E-05,0,-0.000971171399825,100005102.61383,-5.359090324256E-13,63.357277367561,-0.000971171399825,24.585500880593,7.4743650319946E-06,63.357277367561,55.330062932762
624.02930000007,1.809691065427E-39,6.1213103460227E-40,1.3941132053408E-58,0.001800026292579,1.7323973005397,1.2950091198425E-54,2.7723295698673E-34,0,5.1800364793702E-54,1.1088469658409E-33,1.0796699141778E-57,2.1583682947549E-37,-2.719863533205E-18,4.4271373440783E-05,1.8937920242396E-18,-1.8978887198038E-18,-9.2950923887974E-05,-9.3032250045139E-05,1.3486011673925E-09,1.3453102858057E-09,-1.88713752238E-18,1.9043897781988E-18,-1.3506040615706E-09,-1.3436420356764E-09,-9.3049774709131E-05,-9.294137999766E-05,-3.4260678578979E-05,9.0375465422524E-40,1.1088469658409E-39,-1.023204394093E-05,0,2.9299591931959E-05,100005102.61383,-5.3477825531271E-13,171.75361641847,2.9299591931959E-05,65.891235540171,2.0417162449583E-05,171.75361641847,150.08128298505
625.02930000007,7.828457346523E-29,2.6318125963465E-29,2.9961573612353E-47,0.001800026292579,1.7326126723257,1.7115236116052E-43,4.5268798070147E-23,0,6.8460944464206E-43,1.8106133527822E-22,1.3884927574012E-46,3.5243550976611E-26,-7.1575763342526E-19,1.1650427714259E-05,4.9836915753627E-19,-4.9944724139795E-19,-2.446090860888E-05,-2.4482310351214E-05,3.5489706315739E-10,3.5403103675205E-10,-4.9661796288941E-19,5.0115805595459E-19,-3.5542414353279E-10,-3.5359202110027E-10,-2.448692213094E-05,-2.4458397044695E-05,-9.0160193417029E-06,2.4101101996288E-28,1.8106133527822E-28,-1.0244042492571E-05,0,0.001028770641826,100005102.61383,-5.3416857598579E-13,280.61134404364,0.001028770641826,107.20762513354,3.3524401900759E-05,280.61134404364,245.26110062289
626.02930000007,5.0143556182684E-22,1.6813778233288E-22,8.7144485727955E-40,0.001800026292579,1.7328273176353,3.5933260406366E-36,1.0987143370525E-15,0,1.4373304162546E-35,4.3945210258977E-15,2.8817142822948E-39,8.5539259713365E-19,-1.8835834355367E-19,3.0659194722372E-06,1.3115052445272E-19,-1.3143423233255E-19,-6.4371178339063E-06,-6.4427499034892E-06,9.3394495335688E-11,9.3166592351344E-11,-1.3068968113855E-19,1.3188444924638E-19,-9.3533201476619E-11,-9.3051061269333E-11,-6.4439635365884E-06,-6.4364568922482E-06,-2.3726501670358E-06,8.127529064791E-21,4.3945210258977E-21,-1.0256018000731E-05,0,0.002027243746688,100005102.61383,-5.3336526429847E-13,389.93250802064,0.002027243746688,148.53513721094,4.6799294553323E-05,389.93250802064,340.86924153013
627.02930000007,4.391982786151E-17,1.4705739733269E-17,3.2707673126455E-34,0.001800026292578,1.7330412270182,1.0550547907553E-30,3.6522827227212E-10,0,4.2202191630211E-30,1.4608012906888E-09,8.4071443368183E-34,2.8434466525632E-13,-4.9568267146466E-20,8.065727351825E-07,3.4513492265432E-20,-3.4588152654999E-20,-1.693455061279E-06,-1.6949412995333E-06,2.4577638579597E-11,2.4517663768005E-11,-3.4392217020228E-20,3.4706631463058E-20,-2.4614140400587E-11,-2.4487260681387E-11,-1.6952612991909E-06,-1.6932803103078E-06,-6.2420338649557E-07,3.4622173186797E-15,1.4608012906888E-15,-1.0267970155925E-05,0,0.003024720897372,100005102.61383,-5.3282628569331E-13,499.71917808809,0.003024720897372,189.87424379691,6.0245164773706E-05,499.71917808809,436.90747296212
628.02930000007,-9.9250521620097E-12,-3.3368481382645E-12,9.2422796766378E-30,0.00180002625731,1.7332543908874,2.4481130139806E-26,9.5063196065982E-06,0,9.7924520559222E-26,3.8022368487905E-05,1.9428179128737E-29,7.4010460625851E-09,-1.3044335963838E-20,-7.0098881143911E-06,9.0825361233346E-21,-9.1021841201817E-21,1.4772379196691E-05,1.4674141891263E-05,6.4671642271587E-12,6.4513752087657E-12,-9.0506216673205E-21,9.1333626741381E-21,-6.476769017116E-12,-6.4433756463958E-12,1.4660257965053E-05,1.4791290405074E-05,5.0627047201964E-06,1.0999597266478E-10,3.8022368487905E-11,-1.0279897127777E-05,0,0.004021204078783,100005102.61383,-5.3206937281648E-13,609.97344295933,0.004021204078783,231.22542022458,7.387644040301E-05,609.97344295933,533.37779025948
629.02930000007,-0.000254126484531,-8.5314186084332E-05,4.6903303040617E-26,0.001799838982916,1.7334667663225,1.0538718389221E-22,0.045398419076579,0,4.2154873556882E-22,0.18157977957713,8.339775585122E-26,3.5344466069456E-05,-3.3435781514608E-21,-0.037559422182729,2.3271391236267E-21,-2.3339215496875E-21,0.079106586542853,0.078671090668644,-2.0597262613533E-12,-2.0911484043933E-12,-2.3197899793262E-21,2.3411013002454E-21,2.0619357554234E-12,2.0871944412513E-12,0.078613282932693,0.079188606928908,0.027328675902041,6.2045945903455E-07,1.8157977957717E-07,-1.0285060945181E-05,0,0.005016695269896,100005102.6221,-5.3122582177021E-13,720.67937346637,0.005016695269896,272.58244171776,0.00014245582562,720.67937346637,630.26642153852
630.02930000007,-7.1134521022103,-2.374397924313,5.4785994353404E-23,0.001745850287187,1.7336689335806,1.0753976900108E-19,5.5698563958563,0,4.3015907600432E-19,22.277719992789,8.4795822325737E-23,0.004336353772462,1.0159104676222E-19,-8.5347488906936,-7.1636624191854E-20,7.0198761784456E-20,17.939199077331,17.915205964792,-5.1138466743846E-09,-5.1425682809674E-09,7.06819386365E-20,-7.1131858829116E-20,5.1197687757291E-09,5.1352290721358E-09,17.911770769475,17.943988330561,6.4064608570817,8.2695747278097E-05,2.227771999279E-05,-9.6670215716919E-06,0,0.006011196443833,100005105.00637,-5.1275253084892E-13,826.63459107694,0.006011196443833,312.01293061762,0.000454452367571,826.63459107694,723.01869199603
631.02930000007,-44.064149838259,-14.696652026883,1.227605964401E-20,0.001540443680981,1.7338443439405,2.1730034667155E-17,12.237834770151,0,8.6920138668621E-17,48.947583043189,1.7082316612068E-20,0.00952764019221,2.3806079052998E-17,-24.044507019745,-1.6752280476876E-17,1.6501039239489E-17,50.516137408562,50.495853107671,-1.3687809622376E-06,-1.374709662106E-06,1.6580670764973E-17,-1.6668502016922E-17,1.3703049281226E-06,1.3728896279313E-06,50.491959627753,50.521379366565,18.264559484681,0.000184436481614,4.8947583043148E-05,-8.8784168037019E-06,0,0.007004709567742,100005114.07768,-4.886686989383E-13,918.24394267156,0.007004709567742,345.98565264088,-0.00055758337391,918.24394267156,803.23085280734
632.02930000007,-115.58245434326,-38.54194590846,7.0402634736106E-19,0.001159259128726,1.7339896370367,1.1540445145363E-15,20.883366081691,0,4.6161780581453E-15,83.526893744663,9.0455877339092E-19,0.016258533425011,1.4956287687486E-15,-36.952099629374,-1.0506799881689E-15,1.0396204942439E-15,77.625884028274,77.611851532361,-9.6479555599398E-05,-9.6792025414686E-05,1.0428658508441E-15,-1.0472068361504E-15,9.6586001748743E-05,9.6670148973317E-05,77.60760925962,77.631362926681,28.145975296239,0.000318013137654,8.3526875982871E-05,-7.7420716052017E-06,0,0.007997236602962,100005130.91189,-4.5331336262691E-13,992.93533990975,0.007997236602962,373.60355709876,-0.002086861142877,992.93533990975,868.64209901284
633.02930000007,-211.89461392131,-70.648806883486,1.1231636001081E-17,0.000565388234316,1.734099356049,1.7478708884447E-14,30.567857412239,0,6.9914835537786E-14,122.25959551449,1.3661748463496E-17,0.023798305173604,2.8021164567774E-14,-46.275902477803,-1.9654299839655E-14,1.9529938310901E-14,97.207211043804,97.200524078532,-0.001966140579892,-0.001970574017707,1.9560467418845E-14,-1.9619808869957E-14,0.001968317548193,0.001968189643118,97.196043102928,97.212765161032,35.294852474714,0.000468967066275,0.000122259566649,-6.2527067702978E-06,0,0.008988779504982,100005157.13936,-4.0390815349419E-13,1046.9090430044,0.008988779504982,393.51669605486,-0.002827743389,1046.9090430044,915.91590120188
634.02930000007,-262.75285784279,-87.541966030399,5.8232761760649E-17,0.000231505658935,1.7341760006175,8.7820179968932E-14,34.030541195598,0,3.5128071987573E-13,136.09903561701,6.8464101050903E-17,0.026494157321902,1.8256331630533E-13,-51.509303956706,-1.2788301511542E-13,1.2752876744203E-13,108.19397966095,108.19979165588,-0.013501946629489,-0.013521137694466,1.2755956384552E-13,-1.2782682906307E-13,0.013516916578615,0.013505373535666,108.19631816733,108.1981269623,39.367892017018,0.000526677796162,0.000136099764698,-4.3942852456689E-06,0,0.009979340223465,100005192.33106,-3.3992513199776E-13,1080.9633766156,0.009979340223465,406.06536681984,-0.001211148307634,1080.9633766156,945.74361244094
634.77930000008,-336.38854150784,-112.13004367505,1.1981631539391E-16,0.000945945419963,1.7342147912102,1.7842003453853E-13,41.388886563409,0,7.1368013815411E-13,165.51666674976,1.3896624353346E-16,0.032222942528205,4.3732993584234E-13,-54.251750744403,-3.0611867994946E-13,3.059304956569E-13,113.95577901051,113.95911088786,-0.033047582174395,-0.033078834489754,3.0577997055314E-13,-3.0620876967001E-13,0.033083619403985,0.033041740504289,113.95515122627,113.96050306907,41.445315061639,0.000640485859251,0.000165517058207,-3.1390343093325E-06,0,0.010721617375159,100005223.88591,-2.9634690445622E-13,1094.9785920371,0.010721617375159,411.23091300469,-0.000811994422485,1094.9785920371,958.01941337416
635.52930000008,-369.32981012155,-123.11449715784,1.80103483718E-16,0.001718421796247,1.7342449048377,2.6621673024013E-13,44.306198517346,0,1.0648669209605E-12,177.17193950743,2.0721171778139E-16,0.034494206633342,7.6421749764772E-13,-55.64781662058,-5.3465480024598E-13,5.3500643994032E-13,116.88760646002,116.89221679172,-0.058373887354158,-0.058406180500152,5.344655480129E-13,-5.3508811629022E-13,0.058433692808904,0.058345487807655,116.8881569032,116.89240187017,42.520146779542,0.000686526359169,0.000177172412135,-2.3573231218082E-06,0,0.01146334396013,100005258.0039,-2.5614388123724E-13,1103.2345938991,0.01146334396013,414.27996832503,-0.00104380842558,1103.2345938991,965.25027020973
636.52930000008,-97.3558600327,-32.434754969295,7.6443301147275E-18,0.002499628813637,1.7340995223715,1.2202073797817E-14,14.818776869367,0,4.8808295191269E-14,59.268809995258,9.494209177077E-18,0.011537036876997,6.1359483643185E-13,-43.824619330267,-4.2905795235595E-13,4.2990869309827E-13,92.052191412017,92.057538267074,-0.046609600508321,-0.046614969811178,4.2925577210095E-13,-4.2962537682293E-13,0.046651516088114,0.046572973213435,92.054037014095,92.056449275381,33.64347740744,0.000223328240026,5.9268810268903E-05,-1.7809370466789E-06,0,0.011405410199436,100005292.50727,-2.2650864313188E-13,1020.0070945745,0.011405410199436,383.63201147599,0.002214096588293,1020.0070945745,892.34384581193
637.52930000008,-12.864146850657,-4.2885106287744,8.6687796896791E-21,0.002673428613029,1.7338532001522,1.5793455344769E-17,3.7002838709302,0,6.3173821379075E-17,14.7999573305,1.2288553499512E-20,0.00288082596606,1.6366527565906E-13,-23.204914172018,-1.1444330895916E-13,1.1466979948461E-13,48.740317318748,48.744680659715,-0.01240929835853,-0.01241075405246,1.1449552822096E-13,-1.1459475829173E-13,0.012420490805076,0.012399539768758,48.741031389756,48.744701261187,17.850841900167,5.4192846420416E-05,1.4799957330491E-05,-1.7163380033323E-06,0,0.010416261781503,100005300.18268,-2.1835744427408E-13,891.49846239402,0.010416261781503,336.1126044783,-0.000880143990035,891.49846239402,779.80665815228
638.52930000008,-0.42414022934446,-0.14141077341356,9.3719219474206E-24,0.002705966710786,1.7336299157893,1.9539129510465E-20,0.32358381998759,0,7.815651804186E-20,1.2942323653812,1.5201072874592E-23,0.000251923562665,4.3072990853504E-14,-8.7499170406458,-3.0118884588333E-14,3.0178491528161E-14,18.377997647151,18.380745019426,-0.003265781853374,-0.003266165006086,3.0132627274327E-14,-3.0158742608112E-14,0.003268727449385,0.003263213663161,18.378511649423,18.380694823789,6.7593609355083,4.4948142687797E-06,1.2942323653808E-06,-1.6806251958674E-06,0,0.009426133980152,100005301.61964,-2.1577629292354E-13,777.32881917301,0.009426133980152,293.71652422728,-0.000214867992784,777.32881917301,679.84955660573
639.52930000008,-0.000577255095981,-0.000192489762047,4.6360611075503E-27,0.002707316524023,1.7334112195051,1.1245134260947E-23,0.001601370675777,0,4.4980537043787E-23,0.00640497339246,8.7476337802132E-27,1.2467341734324E-06,1.1335048205852E-14,-2.4067090948752,-7.9260576482075E-15,7.9417437536336E-15,5.0549072840155,5.0557633476635,-0.000859420016221,-0.000859520846472,7.9296741606557E-15,-7.9365466461952E-15,0.000860195176509,0.000858744173832,5.0550697010977,5.0557447293107,1.8624306964457,1.9874129006623E-08,6.4049733924604E-09,-1.6788050201858E-06,0,0.008435024854033,100005301.67925,-2.1534756014971E-13,666.66579602049,0.008435024854033,252.45880178889,7.7352647685823E-05,666.66579602049,582.98630060236
640.52930000008,-4.4314988268127E-08,-1.4778744656377E-08,6.1382532650102E-31,0.002707319919076,1.7331920118048,1.7792217626673E-27,4.6701555343223E-07,0,7.1168870506692E-27,1.8679136810914E-06,1.3838861087467E-30,3.6359117773457E-10,2.9829198808682E-15,-0.63359795489058,-2.0858133559942E-15,2.0899412954575E-15,1.3307708677017,1.3309966766909,-0.000226164106698,-0.0002261906411,2.0867650737678E-15,-2.0885736298949E-15,0.000226368097098,0.000225986252712,1.3308137169345,1.3309917485754,0.49032743514246,4.9017862831043E-12,1.8679136810914E-12,-1.6801875179873E-06,0,0.007442932456017,100005301.6794,-2.1517725883539E-13,556.60014957893,0.007442932456017,211.26211949093,6.6956877314742E-05,556.60014957893,486.66913189167
641.52930000008,-3.1768811571351E-13,-1.0595892259069E-13,1.2169684533539E-35,0.002707319919737,1.732972071262,4.381672041014E-32,1.2723679068871E-11,0,1.7526688164056E-31,5.0890669554944E-11,3.4074392841423E-35,9.9059173164692E-15,7.8498219413192E-16,-0.16673704780696,-5.4890054387313E-16,5.4998684820062E-16,0.35020442227781,0.35026384607764,-5.9517118731298E-05,-5.9524101501868E-05,5.4915099696382E-16,-5.4962693470794E-16,5.9570800639125E-05,5.947031485963E-05,0.35021569846628,0.35026254918976,0.12903411690906,1.0767546959361E-16,5.0890669554944E-17,-1.6815833878341E-06,0,0.006449854833172,100005301.6794,-2.1512561135215E-13,446.99990961267,0.006449854833172,170.07779527614,5.3546527950052E-05,446.99990961267,390.78202906927
642.52930000008,-1.092198908736E-19,-3.6434489332173E-20,1.2855496956563E-41,0.002707319919737,1.7327514067801,6.1070058245756E-38,1.6625289553623E-17,0,2.4428023298302E-37,6.6495870600334E-17,4.7477044592235E-41,1.2943484568505E-20,2.0657512427879E-16,-0.043878353716811,-1.4444811478376E-16,1.4473398551961E-16,0.09215944336312,0.092175081270442,-1.5662465073671E-05,-1.5664302653591E-05,1.4451402376684E-16,-1.4463927104719E-16,1.5676591950395E-05,1.5650148215065E-05,0.092162410793528,0.092174739982769,0.033956488361572,1.0647564389611E-22,6.6495870600334E-23,-1.682979071719E-06,0,0.005455790026744,100005301.6794,-2.1511210405192E-13,337.86267061684,0.005455790026744,128.90523520666,4.0305950061501E-05,337.86267061684,295.3226488439
643.52930000008,-2.2690463953758E-28,-7.5717150844326E-29,7.9779721069221E-50,0.002707319919737,1.7325300277128,5.5678578198528E-46,1.3129004298316E-25,0,2.2271431279411E-45,5.2511841559238E-25,4.326043104617E-49,1.0221479992322E-28,5.4362101828296E-17,-0.011546983410003,-3.8012820532759E-17,3.8088049983244E-17,0.024252586376811,0.024256701632753,-4.121718547759E-06,-4.122202123716E-06,3.8030165074357E-17,-3.8063125018025E-17,4.1254361623905E-06,4.1184772559488E-06,0.02425336728281,0.024256611819843,0.008935955307339,5.7061036316692E-31,5.2511841559238E-31,-1.6843745864817E-06,0,0.00446073607213,100005301.6794,-2.1517474064945E-13,229.18637418033,0.00446073607213,87.743970003248,2.723303702098E-05,229.18637418033,200.28897830774
644.52930000008,-5.7045918569495E-42,-1.9052276077961E-42,5.2992498168825E-63,0.002707319919737,1.7323079432875,6.9647408475027E-59,1.2553480296297E-38,0,2.7858963390011E-58,5.0209928591888E-38,5.4030720634755E-62,9.7734104410814E-42,1.4305876012456E-17,-0.003038692534624,-1.0003415600258E-17,1.002321290551E-17,0.006382286225918,0.006383369192527,-1.0846673053719E-06,-1.0847945628064E-06,1.0007979972354E-17,-1.0016653676754E-17,1.085645629089E-06,1.0838143303614E-06,0.006382491728354,0.006383345557455,0.002351577006565,2.8801566139722E-44,5.0209928591888E-44,-1.6857699572671E-06,0,0.003464690998858,100005301.6794,-2.1527868649787E-13,120.96898381347,0.003464690998858,46.593534874025,1.4324543660673E-05,120.96898381347,105.67915549688
645.52930000008,-1.4468197767232E-79,-4.875634128758E-80,3.8162273281362E-100,0.002707319919737,1.7320851626076,4.2803911707285E-95,1.2210021658237E-75,0,1.7121564682914E-94,4.8836203249366E-75,3.2696324391236E-98,9.5060135046325E-79,3.7638276276514E-18,-0.000799469873563,-2.6318658384121E-18,2.6370732248784E-18,0.001679158232701,0.00167944314076,-2.8537234470701E-07,-2.8540587667825E-07,2.633066479856E-18,-2.6353477279092E-18,2.8562972274883E-07,2.8514799547873E-07,0.001679212293092,0.001679436931051,0.000618706027817,3.0592793824784E-82,4.8836203249366E-81,-1.6871652011528E-06,0,0.002467652830562,100005301.6794,-2.1548627118829E-13,13.208484502145,0.002467652830562,5.4534693987585,1.577325377285E-06,13.208484502145,11.496865887547
646.52930000008,-3.9797200857642E-53,-1.322792904918E-53,1.9423475037067E-73,0.002707319919737,1.7318612104271,3.3384742777016E-69,1.2599376104757E-48,2.3994157150108,-1.3353897110806E-68,-5.0393497245373E-48,2.612656654396E-72,9.8091422477455E-52,9.8966103865016E-19,-0.000210212651525,-6.9202294505073E-19,6.9339217544238E-19,0.000441517955959,0.000441592869699,-7.5035819653217E-08,-7.5044636556546E-08,6.9233864177536E-19,-6.929384731772E-19,7.5103494648788E-08,7.4976829260665E-08,0.000441532170601,0.000441591236918,0.000162678925947,2.2419069291016E-54,-5.0393497245373E-54,-28.10102582423,33.830800083346,0.001469619584958,100005301.6794,-2.1580792184186E-13,-93.804821083037,0.001469619584958,-35.620573401097,-2.1691250378961E-05,-93.804821083037,82.017014781914
647.52930000008,-7.0397551228393E-36,-2.3436809067042E-36,4.8708729267033E-55,0.002707319919737,1.7316351917188,3.8974848776072E-51,8.4826822372668E-31,3.508621375503,-1.5589939510429E-50,-3.392803106728E-30,3.0410504466133E-54,6.6041235713638E-34,2.6043820303347E-19,-5.5319349841521E-05,-1.8211206185791E-19,1.8247238712745E-19,0.000116189420997,0.000116209135222,-1.9746350791919E-08,-1.9748671040642E-08,1.8219514028997E-19,-1.8235299129606E-19,1.9764160075502E-08,1.9730826941044E-08,0.000116193161708,0.000116208705541,4.2810422450816E-05,3.2104689158812E-36,-3.392803106728E-36,-28.066134360837,33.815251711278,0.000470589273819,100005301.6794,-2.1619446473508E-13,-199.52733862086,0.000470589273819,-76.523706391846,-4.604349773534E-05,-199.52733862086,174.35153485896
648.52930000008,-6.7422370677977E-27,-2.2456556484136E-27,3.659863462317E-45,0.002707319919737,1.7314071100971,1.9112572158033E-41,3.088577571757E-21,4.3434817411947,-7.6450288632131E-41,-1.2353327977436E-20,1.4900272896142E-44,2.4045870602931E-24,6.8536655430851E-20,-1.455778443728E-05,-4.7924426944697E-20,4.8019249774122E-20,3.0576291110027E-05,3.0581479085465E-05,-5.1964298037866E-09,-5.1970403984516E-09,4.7946289781197E-20,-4.7987829687325E-20,5.2011164768932E-09,5.1923445631977E-09,3.0577275511742E-05,3.0581366011081E-05,1.1265947692684E-05,1.7807604790738E-26,-1.2353327977436E-26,-28.031394762914,33.800485200093,-0.000529440097042,100005301.6794,-2.1669140909862E-13,-303.95938196284,-0.000529440097042,-117.25476910928,-6.9938213557731E-05,-303.95938196284,265.51699758618
649.52930000008,-6.2322561068133E-21,-2.076240249095E-21,2.2134843504745E-38,0.002707319919737,1.7311769878329,8.5885181002448E-35,1.0851111031614E-14,5.0421648728658,-3.4354072400979E-34,-4.3400992974006E-14,6.6930139215752E-38,8.4480446324001E-18,1.8036037274622E-20,-3.8310118961648E-06,-1.2611743969873E-20,1.2636697448688E-20,8.0464259851868E-06,8.0477912476124E-06,-1.3674872380335E-09,-1.3676479216021E-09,1.2617497371905E-20,-1.2628428970276E-20,1.3687205782016E-09,1.3664121703326E-09,8.0466850393582E-06,8.0477614910642E-06,2.9647354529904E-06,8.3795354787474E-20,-4.3400992974006E-20,-27.996969048054,33.786406216902,-0.001530470527806,100005301.6794,-2.1717378288412E-13,-407.11272495733,-0.001530470527806,-157.81478725914,-9.3386175434291E-05,-407.11272495733,355.52471609488
650.52930000008,-1.5212212378821E-16,-5.0684921364952E-17,3.2385145698868E-33,0.002707319919733,1.7309448468375,1.000515443166E-29,1.0073290719088E-09,5.6553695386642,-4.0020617726641E-29,-4.0289959106296E-09,7.7952029748246E-33,7.8424789261526E-13,4.7463454123069E-21,-1.0074354127264E-06,-3.3188938472955E-21,3.3254605792354E-21,2.1159550291848E-06,2.1163171448378E-06,-3.5986656543796E-10,-3.5990885078834E-10,3.3204079067844E-21,-3.3232846547758E-21,3.6019112999282E-10,3.5958365173048E-10,2.1160237432428E-06,2.1163083811124E-06,7.7967025395199E-07,9.7256631126962E-15,-4.0289959106296E-15,-27.963015370478,33.772940780048,-0.002532504024663,100005301.6794,-2.1772481652837E-13,-508.99901808953,-0.002532504024663,-198.20477132488,-0.00011639786719,-508.99901808953,444.38611971056
651.52930000008,1.1449446329126E-11,3.8131890258777E-12,4.7858388851753E-29,0.00270731988053,1.7307107086796,1.2291323295847E-25,9.9509989301789E-06,6.2084755944087,-4.9165293183388E-25,-3.980083084494E-05,9.5749589822544E-29,7.7472696441371E-09,1.2489465814707E-21,7.6722147614516E-06,-8.7332927866001E-22,8.750570576387E-22,-1.6127755088868E-05,-1.6101545160753E-05,-9.4701838435841E-11,-9.4712967681544E-11,8.7372777877939E-22,-8.7448439763234E-22,9.478725103799E-11,9.4627388112347E-11,-1.6122880596743E-05,-1.6110772532832E-05,-5.557135782793E-06,1.1507041084007E-10,-3.980083084494E-11,-27.929684655922,33.760029240392,-0.003535542599842,100005301.6794,-2.1825429794535E-13,-609.62978712242,-0.003535542599842,-238.42571553025,-0.000138970344273,-609.62978712242,532.11255632387
652.52930000008,5.9795024819725E-05,1.991708999818E-05,1.4925064297084E-25,0.00270722575992,1.730474614174,3.2818915918085E-22,0.021400221876734,6.7163077551408,-1.3127566367234E-21,-0.085594081248394,2.5563272456109E-25,1.6660969465723E-05,4.7261227981598E-23,0.018634139718033,-3.3770008732775E-23,3.3354262550405E-23,-0.03916567272766,-0.039112318424092,-2.4336459179497E-11,-2.4342140605779E-11,3.4032686694894E-23,-3.3091252332539E-23,2.4359856229413E-11,2.4318712987538E-11,-0.039156053991617,-0.039132437579203,-0.013598742325841,2.8776745075732E-07,-8.5594081248402E-08,-27.89729165107,33.747589396208,-0.004539588271632,100005301.68355,-2.1891776679926E-13,-709.00829838708,-0.004539588271632,-278.47531891894,-0.000130980514402,-709.00829838708,618.70820303468
653.52930000008,3.0364429776754,1.0119102964567,1.337575550543E-22,0.002676817118168,1.7302429905588,2.5812128002138E-19,3.9052409860976,7.1765689280865,-1.0324851200855E-18,-15.619721672966,2.0104337354929E-22,0.003040393792812,-2.453071221727E-19,5.18802621187,1.7096547786775E-19,-1.7167152223287E-19,-10.900302238456,-10.894258106774,3.5841902560229E-10,3.5686048642581E-10,-1.7083928292337E-19,1.7175854668735E-19,-3.5791803505599E-10,-3.5735492830578E-10,-10.899205973436,-10.896709219066,-3.8702767833849,5.7623163408004E-05,-1.5619721672977E-05,-27.889580566438,33.730575342446,-0.005544643064408,100005303.02647,-2.1672580777828E-13,-804.58090016503,-0.005544643064408,-317.31180463536,0.003270033749454,-804.58090016503,701.95289773436
654.52930000008,26.740271681752,8.9126892556429,2.8842267326881E-20,0.002522107472685,1.7300364783697,5.0209705418916E-17,9.347721604509,7.562889010095,-2.0083882167566E-16,-37.387909246976,3.9105247028931E-20,0.007277593757979,-5.4301305430388E-17,19.090248303715,3.7859109785482E-17,-3.8002887608502E-17,-40.102572316777,-40.096009657795,6.0039370446104E-08,5.9807331223593E-08,-3.7832879517579E-17,3.8020555068167E-17,-5.9968650867402E-08,-5.9877212170415E-08,-40.101365408539,-40.098812352804,-14.488531801673,0.000140155709094,-3.7387909246967E-05,-22.263522441779,33.711746935946,-0.006550709008653,100005309.8588,-2.1324065662373E-13,-888.66914688792,-0.006550709008653,-351.74977321608,0.004470561605286,-888.66914688792,775.16265715876
655.52930000008,76.109119070274,25.368232924659,1.9761039941897E-18,0.002228612406988,1.729859270828,3.1730281774775E-15,16.173179971265,7.8810295129947,-1.269211270991E-14,-64.68755214923,2.4711850084641E-18,0.012591502000271,-3.9408104977119E-15,31.405344813677,2.748451645928E-15,-2.7580843437256E-15,-65.970736868043,-65.964314647596,3.3701265712105E-06,3.3582664667335E-06,-2.7466543169215E-15,2.7592668382939E-15,-3.3666461988394E-06,-3.3617098354492E-06,-65.969540483172,-65.967197451316,-23.90970533617,0.000245077421297,-6.4687552149177E-05,-11.018418127516,5.5651371486434,-0.007557788140989,100005322.82025,-2.0816881848733E-13,-960.45197662825,-0.007557788140989,-381.35176690956,0.007952141694392,-960.45197662825,837.63822641944
656.52930000008,151.15315413635,50.381923977441,4.7052202004999E-17,0.001762199928544,1.729719886581,7.1136680187853E-14,24.451056925878,8.1272111804555,-2.8454672075141E-13,-97.796302936413,5.5399614875696E-17,0.019036183608111,-1.0417471194534E-13,41.255935974913,7.2678320588447E-14,-7.291234710062E-14,-86.662016567926,-86.655968331412,7.2332647831601E-05,7.2101746517544E-05,-7.2633801014635E-14,7.2940780496368E-14,-7.2267114229675E-05,-7.216665392677E-05,-86.660889563231,-86.658820700087,-31.452155500373,0.000373468557547,-9.7796283751248E-05,-11.025380880036,5.5391048294617,-0.008565882504195,100005343.41827,-2.0101852920427E-13,-1017.4996913026,-0.008565882504195,-405.01651765634,0.012911361462698,-1017.4996913026,887.27572115036
657.52930000008,239.96894277097,79.9859397313,4.2208194501944E-16,0.001101647277161,1.7296240263717,6.1233472701844E-13,33.149837653439,8.3006889603124,-2.4493389080738E-12,-132.58800322292,4.768434161644E-16,0.025808563847182,-1.0888748613341E-12,48.310734035636,7.5989586915124E-13,-7.6214853485133E-13,-101.48055833061,-101.47505195062,0.00064813985779,0.000646269545106,-7.5947244614371E-13,7.6240545418577E-13,-0.000647625537158,-0.000646779257966,-101.47958677388,-101.47775145085,-36.859821979117,0.000509257547807,-0.000132587969457,0.22503220957946,5.5074727680415,-0.009574994147233,100005372.5903,-1.916526832373E-13,-1058.4620646209,-0.009574994147233,-422.09581108524,-0.001812832322595,-1058.4620646209,922.89314083718
658.52930000008,327.91040284555,109.28107356449,1.6620582793092E-15,0.000257001541839,1.7295704751019,2.3507730226375E-12,41.369565744043,8.4093869374744,-9.4030920905499E-12,-165.46251536869,1.8302125233658E-15,0.032207990681267,-5.1492085269211E-12,52.890636679065,3.5942936486883E-12,-3.60452683335E-12,-111.10049031786,-111.09549197765,0.002764651957822,0.002757277311679,-3.5926791806859E-12,3.6053580938518E-12,-0.002762663452705,-0.002759245764203,-111.10128752791,-111.09650617615,-40.364125123142,0.000637405167968,-0.000165462324577,0.20563703087554,5.4792558506429,-0.010585125125277,100005409.89381,-1.81074349268E-13,-1084.4206460223,-0.010585125125277,-432.95601006351,-0.005540035429654,-1084.4206460223,945.46508423451
659.52930000008,340.45935923908,114.00332932596,3.6595785900993E-15,0.000713549194438,1.7295469583173,5.1001802146775E-12,41.175508558225,8.475270986524,-2.040072085871E-11,-164.6838613654,3.97363020436E-15,0.032056929296836,-1.2820205097047E-11,55.081866912732,8.9409081811671E-12,-8.985266662449E-12,-115.54074854249,-115.85424652494,0.006466479150444,0.006445566181068,-8.9469213997812E-12,8.9764121838383E-12,-0.006462615208311,-0.006448585579155,-115.60850689956,-115.80114597568,-42.139671982297,0.000636244750426,-0.000164684609714,-59.117768863697,95.499012275874,-0.01159627750337,100005452.75437,-2.73526852055E-12,-1100.313576161,-0.01159627750337,-439.6069449393,-0.001330121264011,-1100.313576161,959.28997959873
660.27930000008,214.94496322748,71.655709700664,1.2026449097523E-15,0.001407327381583,1.7296544828888,1.7386244614552E-12,28.127064449997,8.3172089323211,-6.9544978458206E-12,-112.49720187999,1.3550378484511E-15,0.021898157010321,-1.6707938900408E-11,50.99761424973,1.1708693225586E-11,-1.1678866553428E-11,-107.12099336632,-107.12626241288,0.008297230934545,0.008298153906851,-1.1684990108695E-11,1.1698511531239E-11,-0.008294321171662,-0.008301112040453,-107.12372525705,-107.11718753944,-39.064857678041,0.00042635105028,-0.000112497208774,-40.051792157725,44.79109254658,-0.01178992869341,100005483.39455,-1.6052361856235E-13,-1061.5883177459,-0.01178992869341,-423.58070516142,0.00134308749553,-1061.5883177459,925.59392730234
661.27930000008,34.679106734783,11.559291733841,1.9042837233504E-18,0.001700580281401,1.7299572668954,3.1173282765703E-15,7.4976010820146,7.8053422790489,-1.2469313106281E-14,-29.987927495108,2.4295969022957E-18,0.005837213590749,-4.7176951592689E-12,30.868725226443,3.3054118068908E-12,-3.2977636936061E-12,-64.844592521424,-64.836099215877,0.002381926820259,0.002381621334301,-3.2988342744793E-12,3.3032204936055E-12,-0.002380886441086,-0.002382686198357,-64.841492041577,-64.84058300113,-23.702044014025,0.000111447100088,-2.9987927495098E-05,-50.955027363709,44.815465839196,-0.010778580588129,100005496.34551,-1.6171911527402E-13,-942.47476976254,-0.010778580588129,-374.08199645764,-0.007528152619393,-942.47476976254,821.96308942654
662.27930000008,4.0017084978107,1.333836984442,3.938347839345E-21,0.001788900352177,1.7302114900435,7.2800256557206E-18,1.7524597924937,7.3368519158974,-2.9120102622882E-17,-7.0092609347106,5.6742883099967E-21,0.001364367441366,-1.2421805493164E-12,15.239249113387,8.7032171153022E-13,-8.6830936557719E-13,-32.013474843065,-32.006995090668,0.000627461861516,0.000627380021671,-8.6859011874258E-13,8.6974592402855E-13,-0.000627187368884,-0.000627660985763,-32.011042493544,-32.010500234413,-11.735347214122,2.5263262304395E-05,-7.0092609347057E-06,-50.903301156132,44.806823081187,-0.009768254274515,100005500.24599,-1.5731964877599E-13,-838.40816773711,-0.009768254274515,-331.2784064186,-0.001840604680062,-838.40816773711,731.38567101879
663.27930000008,0.069810675207927,0.023268291611477,5.5181473202946E-24,0.001802185839666,1.7304470799662,1.1618031332919E-20,0.090785045321441,6.8674259682549,-4.6472125331675E-20,-0.36311022292277,9.0570529936479E-24,7.0680173051945E-05,-3.2689198910708E-13,5.1316356622027,2.2903368692408E-13,-2.2850412127788E-13,-10.780592168854,-10.77746685961,0.000165124001596,0.000165102460241,-2.2857800185361E-13,2.2888216530045E-13,-0.00016505176421,-0.00016517640074,-10.779395213913,-10.77916853504,-3.9676800053411,1.2275283227266E-06,-3.6311022292273E-07,-50.903531798276,44.809277234888,-0.008758947689978,100005500.83271,-1.5527699905677E-13,-739.23610912798,-0.008758947689978,-290.85188500177,-0.000316552058693,-739.23610912798,645.02428946452
664.27930000008,6.306404956531E-05,2.1019153198358E-05,3.1578191626811E-27,0.001802513799291,1.7306778463441,7.7134158058129E-24,0.000305832369066,6.369392509887,-3.0853663223252E-23,-0.001223228553586,6.0148256817855E-27,2.3810402585537E-07,-8.6024438690354E-14,1.3760497308658,6.0272184740966E-14,-6.0132824980901E-14,-2.8908403853087,-2.8899568799269,4.3453804129593E-05,4.3448135332572E-05,-6.0152267295476E-14,6.0232310516905E-14,-4.3434794236227E-05,-4.3467593415047E-05,-2.8905007737313,-2.8904380361904,-1.064879965541,3.6710708030737E-09,-1.2232285535862E-09,-45.29678291405,44.815778125795,-0.007750658778151,100005500.84719,-1.5424121164807E-13,-639.89850759993,-0.007750658778151,-250.69923241864,-0.000147354346353,-639.89850759993,558.47832359566
665.27930000008,5.7857973446218E-09,1.9283927910583E-09,4.8298799080731E-31,0.001802514451629,1.7309065367297,1.4058153000777E-27,1.0660691688204E-07,5.8293087772545,-5.6232612003108E-27,-4.2639248794113E-07,1.096665869238E-30,8.2998199868601E-11,-2.2638070445993E-14,0.36216813408232,1.5861143473513E-14,-1.5824469752523E-14,-0.76085212061345,-0.76061945214929,1.1435242057206E-05,1.1433750265697E-05,-1.582958616698E-14,1.5850650226434E-14,-1.1430239440466E-05,-1.1438870827255E-05,-0.76076267959113,-0.76074616264594,-0.28027357617224,1.0868626045197E-12,-4.2639248794113E-13,-45.315039617305,44.822534548633,-0.006743385488886,100005500.84722,-1.5330681671691E-13,-539.33876346985,-0.006743385488886,-210.38881086795,-0.000123896142238,-539.33876346985,470.82782994033
666.27930000008,6.243358355131E-14,2.0809083458196E-14,1.1218398922412E-35,0.001802514451788,1.731133201225,4.0432762150762E-32,4.3714212814096E-12,5.2339974064006,-1.6173104860305E-31,-1.748424258485E-11,3.1559371036299E-35,3.4033448095266E-15,-5.9574028182669E-15,0.095307669011117,4.173996236521E-15,-4.1643452310184E-15,-0.20022479964645,-0.20016357089152,3.0092822364844E-06,3.0088896590314E-06,-4.165691660056E-15,4.1712348477578E-15,-3.0079657549163E-06,-3.0102371787923E-06,-0.2002012624514,-0.20019691587411,-0.073756410857156,3.6237914841636E-17,-1.748424258485E-17,-45.332424405119,44.829345149864,-0.005737125778221,100005500.84722,-1.5225460196778E-13,-437.51813948685,-0.005737125778221,-169.90841410152,-0.000100814630335,-437.51813948685,382.0378785115
667.27930000008,3.6251047128898E-20,1.2082612817183E-20,1.4265971827886E-41,0.001802514451788,1.7313578181414,6.7587861169965E-38,9.6451534950615E-18,4.5618877178828,-2.7035144467986E-37,-3.8577431140856E-17,5.280361696315E-41,7.5091785879569E-21,-1.5677417571326E-15,0.025081032298437,1.0984229864376E-15,-1.0958832412277E-15,-0.052690877019467,-0.052674764146421,7.9191848616026E-07,7.9181517610941E-07,-1.0962375657588E-15,1.0976963030912E-15,-7.9157204272693E-07,-7.9216978751006E-07,-0.052684683004258,-0.052683539165199,-0.019409633475715,6.116081547563E-23,-3.8577431140856E-23,-45.348967402576,44.836204588354,-0.00473187760836,100005500.84722,-1.5139308878715E-13,-334.42496238627,-0.00473187760836,-129.25701778243,-7.7296035570575E-05,-334.42496238627,292.09697779137
668.27930000008,1.4698027520101E-28,4.899061413192E-29,1.1357643286312E-49,0.001802514451788,1.7315803652916,7.8649903347685E-46,1.4860605700188E-25,3.7721493994396,-3.1459961339074E-45,-5.9437518892393E-25,6.1552010519998E-49,1.1569638802532E-28,-4.125647185584E-16,0.006600289228288,2.8905945016858E-16,-2.88391094345E-16,-0.013866057181467,-0.013861816940454,2.0840015639577E-07,2.0837296948902E-07,-2.8848433793217E-16,2.8886821715823E-16,-2.0830898683031E-07,-2.0846628852531E-07,-0.013864427173119,-0.01386412616207,-0.005107811880724,6.4837602358743E-31,-5.9437518892393E-31,-45.364704316412,44.843105871483,-0.003727638947647,100005500.84722,-1.5058681893487E-13,-230.04749146383,-0.003727638947647,-88.433605318338,-5.3329518663088E-05,-230.04749146383,200.99359350228
669.27930000008,1.1135908774473E-41,3.7122186671626E-42,1.2033139339696E-62,0.001802514451788,1.7318008201242,1.5534293589787E-58,4.2787991954897E-38,2.7657912853868,-6.2137174359147E-58,-1.7113784802607E-37,1.2210819137378E-61,3.3312344196768E-41,-1.0856995179517E-16,0.001736922841879,7.6068478867825E-17,-7.5892595277151E-17,-0.003648972130198,-0.003647856274336,5.4842292413656E-08,5.4835137951023E-08,-7.5917133139435E-17,7.6018154246477E-17,-5.481830035935E-08,-5.4859695657058E-08,-0.003648543179489,-0.003648463965852,-0.001344164599579,1.009425072707E-43,-1.7113784802607E-43,-51.004672770951,44.850039058892,-0.002724407770538,100005500.84722,-1.4980445223242E-13,-124.37386156179,-0.002724407770538,-47.437144802158,-2.8904298523855E-05,-124.37386156179,108.71620303284
670.27930000008,2.7087458606191E-76,9.069576127241E-77,2.7187309389112E-98,0.001802514451788,1.7320191597158,2.6513398468453E-93,3.9712941526428E-72,1.0355103838031,-1.0605359387381E-92,-1.5883866095298E-71,2.1588931978546E-96,3.0918281451621E-75,-2.8571116003313E-17,0.00045708617521,2.0018074046325E-17,-1.9971788764778E-17,-0.000960258380065,-0.000959964733005,1.4432220633622E-08,1.4430337876747E-08,-1.9978246117007E-17,2.0004830686776E-17,-1.4425906918437E-08,-1.4436800448048E-08,-0.000960145497998,-0.000960124652251,-0.000353728467875,1.3121183051658E-78,-1.5883866095298E-77,-51.018911375453,44.856990269841,-0.001722182057582,100005500.84722,-1.4904243881848E-13,-17.392080903062,-0.001722182057582,-6.2665886565871,-4.0092297519771E-06,-17.392080903062,15.257232727966
671.27930000008,2.9550081295443E-54,9.8534877766724E-55,7.0568906872847E-74,0.001802514451788,1.732235806118,1.2330014509605E-69,1.6418311837054E-49,0,4.9320058038422E-69,6.5667829453077E-49,9.4198622163137E-73,1.2782381916358E-52,-7.5124793727977E-18,0.000120186081033,5.2635454758039E-18,-5.2513752390986E-18,-0.000252490006783,-0.000252412795327,3.7948031083119E-09,3.7943080572551E-09,-5.2530731338173E-18,5.2600632706571E-18,-3.793142982255E-09,-3.7960073234882E-09,-0.000252460325611,-0.000252454844438,-9.3009241166034E-05,2.8233176915841E-55,6.5667829453077E-55,-3.3630229761002E-06,0,-0.000720959795392,100005500.84722,-1.4836694301572E-13,90.642252076078,-0.000720959795392,35.028050251683,1.0785347705433E-05,90.642252076078,79.17055285095
672.27930000008,3.3516664904055E-36,1.1172192202674E-36,4.0963745753473E-55,0.001802514451788,1.7324517113671,3.2854491751156E-51,7.0731022456576E-31,0,1.3141796700462E-50,2.829007491274E-30,2.5374220356696E-54,5.5067229301867E-34,-1.9769735187655E-18,3.1628000259113E-05,1.3851472337698E-18,-1.381944531174E-18,-6.6444915511784E-05,-6.6424596653621E-05,9.9863505535507E-10,9.9850477851554E-10,-1.382391346961E-18,1.3842308613551E-18,-9.9819817892255E-10,-9.9895195502195E-10,-6.6437104656322E-05,-6.6435662238672E-05,-2.4476181255006E-05,2.6720407902153E-36,2.829007491274E-36,-3.3615742125351E-06,0,0.000279261023376,100005500.84722,-1.4790008689367E-13,199.1548909184,0.000279261023376,76.336543669064,2.3769670629297E-05,199.1548909184,174.03204510236
673.27930000008,7.2114386084915E-27,2.4037001824063E-27,4.2144725180493E-45,0.001802514451788,1.7326668971129,2.1932521802448E-41,5.7825832068229E-21,0,8.7730087209793E-41,2.312842461686E-20,1.6986868813853E-44,4.5019967812415E-24,-5.2025757409093E-19,8.3231801202819E-06,3.6451340033822E-19,-3.6367058156933E-19,-1.7485550630781E-05,-1.748020354864E-05,2.6279939836659E-10,2.6276511492312E-10,-3.6378816503624E-19,3.6427224900822E-19,-2.6268443058056E-10,-2.6288279326215E-10,-1.7483495137022E-05,-1.7483115552458E-05,-6.4411174773335E-06,3.3797886973039E-26,2.312842461686E-26,-3.3601553863248E-06,0,0.001278482400052,100005500.84722,-1.4721629624366E-13,308.12943432782,0.001278482400052,117.65580968556,3.6919234244844E-05,308.12943432782,269.32029460467
674.27930000008,1.2119347644536E-20,4.0395440434319E-21,3.1375287103146E-38,0.001802514451788,1.7328813540005,1.2083683723219E-34,3.6927572283222E-14,0,4.8334734892877E-34,1.4769810329646E-13,9.3710552440647E-38,2.8749748273077E-17,-1.3691025237809E-19,2.1903163651776E-06,9.5924834405157E-20,-9.5703039387996E-20,-4.6014728923154E-06,-4.6000657615658E-06,6.91579205151E-11,6.9148898539283E-11,-9.573398250168E-20,9.5861373346069E-20,-6.9127665754623E-11,-6.9179866605087E-11,-4.6009319713933E-06,-4.6008320804622E-06,-1.6950354105427E-06,2.9248931113426E-19,1.4769810329646E-19,-3.3587667722176E-06,0,0.002276706329968,100005500.84722,-1.467805322055E-13,417.56793559538,0.002276706329968,158.98631697502,5.0237264123303E-05,417.56793559538,365.03702597162
675.27930000008,4.942325217946E-16,1.6473376005232E-16,5.4321108399958E-33,0.001802514451769,1.7330950725467,1.6603665977918E-29,5.763302541238E-09,0,6.6414663911674E-29,2.3051308315513E-08,1.2885983261134E-32,4.4869859305898E-12,-3.6029109682539E-20,5.7231343247511E-07,2.524344466931E-20,-2.518507740044E-20,-1.2023411897765E-06,-1.2019530994186E-06,1.8199500854382E-11,1.8197126646197E-11,-2.5193220350418E-20,2.5226744342464E-20,-1.8191539053636E-11,-1.8205276159351E-11,-1.2021893067033E-06,-1.2021630032148E-06,-4.4311870096617E-07,5.7663671503935E-14,2.3051308315513E-14,-3.3574086497013E-06,0,0.00327393480249,100005500.84722,-1.464159270301E-13,527.4724700701,0.00327393480249,200.32853870885,6.3727113793623E-05,527.4724700701,461.18425082887
676.27930000008,-9.874724745726E-10,-3.2913696664706E-10,9.3214581651205E-29,0.001802514100299,1.7333080430747,2.3616757602259E-25,9.2209158527555E-05,0,9.4467030409034E-25,0.000368806205728,1.8337685078089E-28,7.1788908187603E-08,-9.481185786753E-21,-7.1458497233516E-05,6.6429011153992E-21,-6.6275403468245E-21,0.0001499683778,0.000150222095351,4.7825649518729E-12,4.7819493852674E-12,-6.6296838401038E-21,6.6385056975673E-21,-4.7804599850648E-12,-4.7841034481717E-12,0.0001501065238,0.000150105929532,5.1782859305812E-05,1.1156284293894E-09,3.688062057281E-10,-3.3560735246614E-06,0,0.004270169801036,100005500.84724,-1.4617803274301E-13,637.84510182211,0.004270169801036,241.68294008006,7.7500825518917E-05,637.84510182211,557.76400902298
677.27930000008,-0.011588320291609,-0.003862521019014,3.3276038659353E-25,0.001801223444257,1.7335200275907,7.1998817390413E-22,0.30141270866279,0,2.8799526956165E-21,1.2055513700428,5.592429715758E-25,0.000234663124827,-1.8845236297203E-21,-0.25655509882689,1.3224815432166E-21,-1.3156461764479E-21,0.53851555796291,0.53925118919171,-2.5646579562388E-11,-2.5608334432656E-11,-1.3181152859772E-21,1.3194995997479E-21,2.5679621968958E-11,2.5576225427677E-11,0.5389220628795,0.53891812373965,0.18701229159381,4.2722194901092E-06,1.2055513700442E-06,-3.3312464054626E-06,0,0.005265413303105,100005500.90424,-1.4569308969441E-13,748.56342988388,0.005265413303105,283.00375847795,0.000436814255294,748.56342988388,654.66910934166
678.27930000008,-13.35597139191,-4.4519371821539,2.4910826712092E-22,0.001710616595868,1.7337156306154,4.7502386288374E-19,7.0738993606556,0,1.900095451535E-18,28.293261635062,3.6913019792965E-22,0.005507343797466,4.6155841473533E-19,-12.600848855149,-3.2189443736388E-19,3.2376848488065E-19,26.465131463286,26.471429872609,-2.3917207328135E-08,-2.3882245137E-08,3.2242756365473E-19,-3.2317245676128E-19,2.3940348598833E-08,2.3859721841902E-08,26.468654071807,26.468636790262,9.5133571332735,0.000105497452214,2.8293261635057E-05,-2.9456300120687E-06,0,0.006259667280298,100005504.9057,-1.4081834320096E-13,851.07178283675,0.006259667280298,321.11612041857,0.000244972561719,851.07178283675,744.40956916814
679.27930000009,-58.869138038131,-19.622933773729,3.912951891839E-20,0.001465217579709,1.7338841103539,6.7752951928625E-17,14.236073700639,0,2.710118077145E-16,56.93957775175,5.2666668333252E-20,0.011083415256468,7.634691336479E-17,-27.598412393707,-5.325900177225E-17,5.3537213229425E-17,57.968284509964,57.973952010987,-4.5204015488525E-06,-4.5137237232441E-06,5.3329207739472E-17,-5.3456328064509E-17,4.5239665629899E-06,4.5102458181121E-06,57.971452417696,57.971487080528,20.983911401281,0.000215179032131,5.6939577751692E-05,-2.5369999619913E-06,0,0.007252933698336,100005515.74326,-1.3532418417753E-13,938.85612576121,0.007252933698336,353.64457955038,-0.000911566830875,938.85612576121,821.27652586399
680.27930000009,-138.69511201667,-46.231543911185,1.6071470127806E-18,0.001032869621619,1.734020765841,2.5938084048305E-15,23.336554311613,0,1.0375233619322E-14,93.33814217103,2.0168522232132E-18,0.018168548294737,3.5047522546436E-15,-39.665581070126,-2.4455173660604E-15,2.4569497409624E-15,83.31623799792,83.320895342546,-0.00023087642865,-0.000230537236048,2.4480233223332E-15,-2.4539455143413E-15,0.000231022794601,0.000230394011659,83.318845879006,83.31896064617,30.224607925056,0.00035611478989,9.3338119245457E-05,-2.0092222033524E-06,0,0.008245214517091,100005534.83715,-1.278609782619E-13,1008.5826031629,0.008245214517091,379.41025723672,-0.002655216056895,1008.5826031629,882.34241121268
681.27930000009,-239.24342990194,-79.747462732687,1.8924687940196E-17,0.000383089611991,1.734121246348,2.9168035627012E-14,33.221793235226,0,1.1667214250805E-13,132.87209656059,2.2685560971636E-17,0.025864658349702,4.9395973557076E-14,-48.063764181941,-3.447631631026E-14,3.4619888581847E-14,100.95738503279,100.96098719174,-0.003507885587841,-0.003502851039459,3.4503211301314E-14,-3.4585898944948E-14,0.00350963796086,0.003501129815013,100.95944725913,100.95958776956,36.663806955339,0.000510293469067,0.000132872048902,-1.4222996095012E-06,0,0.009236511690605,100005563.53435,-1.1856308840289E-13,1057.07982317,0.009236511690605,397.2945773866,-0.005113719868753,1057.07982317,924.8222038173
682.27930000009,-604.90058364817,-201.61506826678,8.5277533644029E-17,0.000516214974974,1.7341806455391,1.2857699086763E-13,70.987519572025,0,5.1430796347051E-13,283.9078105972,1.0000891901807E-16,0.055267002357176,2.6066181770972E-13,-56.869340119527,-1.819768802009E-13,1.8265835038671E-13,119.44940326703,119.46134954855,-0.019377065901648,-0.019350296858151,1.8208834528831E-13,-1.825092343764E-13,0.019384672442962,0.019342800154061,119.45752552118,119.45451046688,43.090986772399,0.001061656946045,0.00028390362316,-3.9148133362341E-07,0,0.010226827167114,100005603.24989,-1.0758826242495E-13,1081.0609629003,0.010226827167114,406.1329079802,-0.002291150209811,1081.0609629003,945.82542732756
683.18930000009,-806.50759404437,-267.94913600815,1.7943370384315E-16,0.001354037494227,1.7342334360079,2.6576983279453E-13,98.576847726185,0,1.0630793311781E-12,394.23493207694,2.0874592094472E-16,0.076746594464099,5.9098064783491E-13,-54.571870082688,-4.1232732384585E-13,4.1304284946231E-13,114.60760058831,114.65987024066,-0.044588594294557,-0.044514684353694,4.1148573695983E-13,-4.1379055143014E-13,0.044608819470236,0.044493383663145,114.63197405008,114.61961525568,41.64407471305,0.001535081200691,0.000394227049169,1.6999449174139E-05,0,0.011127162744381,100005640.25399,-2.3391867224587E-13,1100.8909245938,0.011127162744381,413.44210590754,6.4133960089405E-05,1100.8909245938,963.19287084168
684.02930000009,-1020.8068552489,-343.74327394978,2.2730421807467E-16,0.002367267538954,1.7342296767321,3.4053749770554E-13,103.00994719302,0,1.3621499908222E-12,411.95457801887,2.7317812786298E-16,0.080198007600852,9.7782964294547E-13,-65.973284609827,-6.843667148971E-13,6.8219472755425E-13,139.50166643439,137.68907704015,-0.07424501358736,-0.074136354309,6.8161180365308E-13,-6.8465284180619E-13,0.074150513612967,0.074216369709682,138.2159886415,138.90820369945,49.72417207645,0.001453718419243,0.000411944999666,3.3883105839439E-05,0,0.011899617743052,100005685.00515,-2.5415159280388E-12,1088.9718730834,0.011899617743052,409.07185646902,1.6105682107283E-05,1088.9718730834,952.75098331314
685.02930000009,-38.007535930937,-12.668204800664,2.4829393903439E-19,0.002614223306195,1.7339718645131,4.2359683128541E-16,7.7270166816358,0,1.6943873251416E-15,30.905377227028,3.2779777178633E-19,0.006015841768386,3.17282550828E-13,-32.825574633999,-2.2319504177594E-13,2.2234059084714E-13,68.939247994908,68.962598298757,-0.023867668715423,-0.023923157651617,2.2332766050844E-13,-2.2215359762473E-13,0.023857456253344,0.023932719475735,68.953038157457,68.949233902246,25.218141537475,0.000114919210157,3.0905377227026E-05,-1.5996398672823E-05,0,0.010910958293357,100005695.91226,-2.4972961723345E-13,952.96025551882,0.010910958293357,358.89550828304,-0.000536735491131,952.96025551882,833.62273563342
686.02930000009,-3.1605954168944,-1.0533782710671,3.0616867429592E-22,0.002697408010462,1.7337403725613,5.9575667714692E-19,1.4007490868791,0,2.3830267085877E-18,5.6025173665569,4.6102613959063E-22,0.001090548365069,8.3575761563744E-14,-15.056573716625,-5.8791473781744E-14,5.8567275700235E-14,31.618407155703,31.634888166091,-0.006285724010638,-0.006300321275349,5.8826688368141E-14,-5.8517733076984E-14,0.006283048659619,0.006302825691777,31.628152451868,31.625550891395,11.605281019204,2.0090224381093E-05,5.6025173665531E-06,-1.4672976584243E-05,0,0.009921320426019,100005699.5859,-2.3525015336562E-13,833.59751909538,0.009921320426019,314.66230712453,-0.000637484873973,833.59751909538,729.10648896025
687.02930000009,-0.024321234058168,-0.00810489230272,2.4303840524571E-25,0.002706256732923,1.7335207644925,5.448237708422E-22,0.034744511288457,0,2.1792950833688E-21,0.13896616470586,4.2135277618626E-25,2.7050219509608E-05,2.199375445883E-14,-4.6702653561979,-1.5471533171683E-14,1.5412534517721E-14,9.8065427429069,9.8134116413402,-0.001654145138707,-0.001657986522693,1.5480800611968E-14,-1.5399496511593E-14,0.00165344111227,0.001658645566579,9.8105911903472,9.8095406686167,3.6128087889234,4.5997726808214E-07,1.3896616470585E-07,-1.4412324595642E-05,0,0.008930702205308,100005699.97669,-2.3115546534119E-13,721.9714795344,0.008930702205308,273.1277983966,3.4921630196284E-05,721.9714795344,631.38827837671
688.02930000009,-6.8675162108501E-06,-2.288365899509E-06,6.6188158855166E-29,0.002706355168822,1.7333019129757,1.7473319482553E-25,3.7053101871859E-05,0,6.989327793021E-25,0.000148199737674,1.349917499321E-28,2.8847564752847E-08,5.7878368488382E-15,-1.2364099715374,-4.0714608304888E-15,4.0559348513016E-15,2.5961720891389,2.5980306644628,-0.000435301855579,-0.000436312747298,4.0738996338065E-15,-4.0525037926543E-15,0.000435116585261,0.000436486180089,2.5972669532129,2.5969836704821,0.9568264199075,4.2543249759749E-10,1.4819973767365E-10,-1.442058165258E-05,0,0.007939101686988,100005699.98103,-2.297024692057E-13,611.66295219976,0.007939101686988,231.92135433004,7.3632255243539E-05,611.66295219976,534.84706066324
689.02930000009,-1.6410801185999E-10,-5.4680990436337E-11,3.7335622333086E-33,0.002706355232065,1.7330823401001,1.1984524317361E-29,3.3643170253404E-09,0,4.7938097269442E-29,1.3456117719172E-08,9.2446988147905E-33,2.6192774242777E-12,1.5231167093137E-15,-0.32537603165953,-1.0714382912186E-15,1.0673525023881E-15,0.6832136324002,0.6837027773116,-0.00011455325144,-0.000114819275892,1.0720800823224E-15,-1.0664495911607E-15,0.000114504496037,0.000114864916153,0.68350178083712,0.68342722706906,0.25180071889923,3.1918395008057E-14,1.3456117719172E-14,-1.4434934477414E-05,0,0.006946516921031,100005699.98104,-2.2833707411096E-13,501.83002544106,0.006946516921031,190.73089679799,6.0220691832764E-05,501.83002544106,438.74499806925
690.02930000009,-3.0067449966006E-16,-1.0018119876088E-16,2.0515752029342E-38,0.002706355232068,1.7328620385583,8.3981285932891E-35,2.3421208981249E-14,0,3.3592514373157E-34,9.3676827370437E-14,6.4629353448071E-38,1.8234501525114E-17,4.0082064694439E-16,-0.085625370105587,-2.8195776888679E-16,2.8088256002767E-16,0.17979326822747,0.17992199072384,-3.014562710274E-05,-3.0215633620587E-05,2.8212666148171E-16,-2.8064495153181E-16,3.0132796718727E-05,3.0227644229417E-05,0.17986909685284,0.17984947741669,0.066263423437836,1.7416638106583E-19,9.3676827370437E-20,-1.4449417257943E-05,0,0.005952945951598,100005699.98104,-2.2697705863828E-13,392.46114533527,0.005952945951598,149.55244249983,4.6895504777461E-05,392.46114533527,343.0716973996
691.02930000009,-1.2000936681988E-23,-3.998396231738E-24,2.5289699447625E-45,0.002706355232068,1.7326410177575,1.4282348218192E-41,3.5518631768136E-21,0,5.7129392872766E-41,1.4206238199173E-20,1.0945547650007E-44,2.7652908335569E-24,1.0547923874416E-16,-0.022533018010683,-7.4199498083266E-17,7.3916548048728E-17,0.047314072291597,0.047347946671611,-7.9330688740196E-06,-7.9514916637342E-06,7.4243943555402E-17,-7.385401942399E-17,7.9296924532835E-06,7.9546523539146E-06,0.04733402721599,0.0473288642004,0.017437763036039,1.9097575388899E-26,1.4206238199173E-26,-1.4464023385118E-05,0,0.004958386817014,100005699.98104,-2.2578193444078E-13,283.55423641331,0.004958386817014,108.38551768537,3.3739631471873E-05,283.55423641331,247.82512353721
692.02930000009,-3.3533609210259E-34,-1.1172332199412E-34,2.0475178824478E-55,0.002706355232068,1.7324192869881,1.86343618648E-51,3.7706288861252E-31,0,7.45374474592E-51,1.5081226236997E-30,1.4147623040228E-54,2.9356101216579E-34,2.7757726281978E-17,-0.00592974839167,-1.9526206132023E-17,1.945174550852E-17,0.01245108595491,0.012460000275667,-2.0876521010976E-06,-2.0925002094067E-06,1.9537902322695E-17,-1.9435290588012E-17,2.0867635683011E-06,2.09333197094E-06,0.01245633725685,0.012454978566937,0.004588890279511,1.2524681807604E-36,1.5081226236997E-36,-1.4478751749898E-05,0,0.003962837549742,100005699.98104,-2.2453658608642E-13,175.10725128142,0.003962837549742,67.229655335998,2.0749807872627E-05,175.10725128142,153.00333886815
693.02930000009,-1.1673608827068E-53,-3.8941265881338E-54,1.8435347449206E-74,0.002706355232068,1.7321968554153,4.3094822755573E-70,4.9894240735206E-50,0,1.7237929102229E-69,1.9955990265561E-49,3.1390376894943E-73,3.8844989083234E-53,7.3046731993776E-18,-0.001560461895155,-5.1384811994602E-18,5.1188862753546E-18,0.00327660533004,0.003278951206615,-5.493827627654E-07,-5.5065858225534E-07,5.1415591480041E-18,-5.1145560280468E-18,5.4914893807584E-07,5.5087746712186E-07,0.003277987253195,0.003277629702797,0.001207604091985,6.3624019147213E-56,1.9955990265561E-55,-1.4493601269511E-05,0,0.002966296176368,100005699.98104,-2.2329653435481E-13,67.118164212667,0.002966296176368,26.084392851086,7.9228277927446E-06,67.118164212667,58.605083810708
694.02930000009,-3.484734179218E-75,-1.1721267656684E-75,9.0643145354726E-97,0.002706355232068,1.7319736575384,3.6788523679969E-92,5.7277556571561E-71,1.5738219095107,-1.4715409471988E-91,-2.2909064055695E-70,3.498306451792E-95,4.4593244335856E-74,1.9202419021416E-18,-0.000410211905321,-1.3507968693828E-18,1.3456456638168E-18,0.00086134911555,0.000861965849625,-1.4442089327281E-07,-1.4475635254798E-07,1.3516062785906E-18,-1.3445070748336E-18,1.4435947519329E-07,1.4481384038196E-07,0.000861712440814,0.00086161840838,0.000317453182066,4.3964903376609E-77,-2.2909064055695E-76,-29.600789857372,59.620883760819,0.001968760717568,100005699.98104,-2.2221391367225E-13,-40.370091058803,0.001968760717568,-15.042102465059,-9.3339996525103E-06,-40.370091058803,35.33846861533
695.02930000009,-1.0433701971059E-42,-3.4804890354422E-43,2.1007689546597E-62,0.002706355232068,1.7317486817914,2.2957748823295E-58,6.4583706769306E-38,3.0048423978398,-9.1830995293181E-58,-2.583127433289E-37,1.8401271791172E-61,5.0281422350473E-41,5.0532739664665E-19,-0.000107950625374,-3.5547326862607E-19,3.5411768661011E-19,0.000226671080198,0.000226833378825,-3.8005541874332E-08,-3.8093820735703E-08,3.5568627130039E-19,-3.5381805757957E-19,3.7989379203203E-08,3.810894913052E-08,0.00022676669222,0.000226741946813,8.3540403863178E-05,1.7981164655697E-43,-2.583127433289E-43,-29.64332834673,59.076865234683,0.000970229188091,100005699.98104,-2.2112299982907E-13,-146.74329148123,0.000970229188091,-56.031839400722,-3.3919947869752E-05,-146.74329148123,128.26108610775
696.02930000009,-7.377461205837E-31,-2.4595918780518E-31,1.4354280463463E-49,0.002706355232068,1.7315216318312,9.0766003879775E-46,1.7340165670102E-25,3.9475818977896,-3.630640155191E-45,-6.935473340444E-25,7.1807770123908E-49,1.3500126224815E-28,1.329810465634E-19,-2.8408091933776E-05,-9.3545704444398E-20,9.3188971912866E-20,5.965035276706E-05,5.9693062981062E-05,-1.0001469873428E-08,-1.0024701180302E-08,9.3601757845853E-20,-9.3110122075687E-20,9.9972165340195E-09,1.0028682341425E-08,5.967551385437E-05,5.9669001897589E-05,2.1984342053626E-05,8.2834250284236E-31,-6.935473340444E-31,-29.691813565981,70.097898074974,-2.9300403266993E-05,100005699.98104,-2.2011190551694E-13,-251.82007382154,-2.9300403266993E-05,-96.848985975022,-5.8041412938015E-05,-251.82007382154,220.01042146936
697.02930000009,-1.155528947063E-23,-3.8517090573888E-24,1.5937273029841E-41,0.002706355232068,1.7312925301117,7.0985208490478E-38,1.0317945964517E-17,4.7053063950489,-2.8394083396191E-37,-4.1268255756733E-17,5.5872796935282E-41,8.0330012720445E-21,3.4995052440155E-20,-7.4758222522518E-06,-2.4617318916331E-20,2.4523441823278E-20,1.5697479281971E-05,1.5708718824868E-05,-2.6319687786546E-09,-2.6380822877176E-09,2.4632069828848E-20,-2.4502691841837E-20,2.6308494775204E-09,2.6391299629059E-09,1.5704100628363E-05,1.5702386953508E-05,5.7853598160957E-06,6.9601313045388E-23,-4.1268255756733E-23,-35.372864863761,75.604605335743,-0.001029830053688,100005699.98104,-2.1914267523581E-13,-355.61227452244,-0.001029830053688,-137.49457565236,-8.1710764877493E-05,-355.61227452244,310.59635914726
698.02930000009,-1.362944516916E-18,-4.5426492871138E-19,1.1744919925691E-35,0.002706355232068,1.7310613987236,4.0414769197278E-32,4.6239583931745E-12,5.3571071719253,-1.6165907678911E-31,-1.8494252465315E-11,3.1723781478093E-35,3.599966871269E-15,9.2092349017696E-21,-1.9673207235511E-06,-6.4782492603573E-21,6.4535447329565E-21,4.1309136397035E-06,4.133871463642E-06,-6.9262415819652E-10,-6.9423297827998E-10,6.482131084019E-21,-6.4480842051326E-21,6.9232960492708E-10,6.9450868259495E-10,4.1326561238954E-06,4.1322051564839E-06,1.5224625710986E-06,4.0183145248103E-17,-1.8494252465315E-17,-29.813716289367,75.52966425231,-0.002031361766353,100005699.98104,-2.1829188296443E-13,-458.13160560095,-0.002031361766353,-177.96962650126,-0.000104938630676,-458.13160560095,400.03028449315
699.02930000009,-7.8918375703757E-15,-2.6301649761772E-15,4.8586183404351E-31,0.002706355231605,1.7308282594021,1.3631398765396E-27,1.2456509249071E-07,5.9379686658574,-5.4525595061583E-27,-4.982177764386E-07,1.0681785316369E-30,9.6979723460782E-11,2.4234846190871E-21,-4.2291454859768E-07,-1.7048036705854E-21,1.6983024774366E-21,8.8739214980574E-07,8.8929972953872E-07,-1.8226972097335E-10,-1.826930951952E-10,1.7058252093893E-21,-1.6968654899567E-21,1.8219220688274E-10,1.8276564902878E-10,8.8838828397488E-07,8.8829466625748E-07,3.3202879685838E-07,1.3217419625287E-12,-4.982177764386E-13,-29.89247334472,75.475082981756,-0.00303389755047,100005699.98104,-2.175233834048E-13,-559.38965671442,-0.00303389755047,-218.27514152132,-0.000127735145259,-559.38965671442,488.32358198608
700.02930000009,3.6297146912802E-08,1.2096044693792E-08,3.0920478045719E-27,0.002706352987652,1.7305931339999,7.3276006378061E-24,0.000538809552431,6.4670334256254,-2.9310402551224E-23,-0.002155053970392,5.7353255319928E-27,4.194883200941E-07,6.3170033417604E-22,0.000449204860791,-4.4438676419599E-22,4.4270265403701E-22,-0.000945805568136,-0.000941247709804,-4.7950664394721E-11,-4.8062131635864E-11,4.4468017913877E-22,-4.4230134105893E-22,4.7930326674383E-11,4.8081163092352E-11,-0.000943698803824,-0.000943516854067,-0.000326985760711,6.7393012439999E-09,-2.155053970392E-09,-29.988478608008,75.431318424557,-0.004037439421295,100005699.98114,-2.1688097313992E-13,-659.39770180238,-0.004037439421295,-258.41203052769,-0.000149376008813,-659.39770180238,575.48737874073
701.02930000009,0.046721756262563,0.0155694169508,5.2362149911238E-24,0.002703577304624,1.7303566254046,1.0750041483573E-20,0.57909946362539,6.9550031196093,-4.3000165934292E-20,-2.3161998363597,8.4065935482016E-24,0.000450855892022,-9.4749110791517E-21,0.5380923960234,6.6354230969806E-21,-6.6030970532767E-21,-1.1324261105828,-1.1280265161428,4.4155286097508E-12,4.328827775745E-12,-6.6022920293552E-21,6.6341042549188E-21,-4.36056849219E-12,-4.3851337336245E-12,-1.1304543284542,-1.1302048835601,-0.39422078528236,8.2951440366334E-06,-2.3161998363631E-06,-30.166593289496,75.399155469959,-0.005041989400154,100005700.10372,-2.1465892678405E-13,-757.92878709712,-0.005041989400154,-298.28482684756,0.000698054041396,-757.92878709712,661.32595414687
702.02930000009,11.938189644644,3.9791775403385,2.2593730952184E-21,0.002613878926746,1.7301368008847,4.1299591921084E-18,6.5135764936494,7.3778279666797,-1.6519836768434E-17,-26.05207738983,3.2260980748381E-21,0.005071122791135,-4.2067510133689E-18,12.231549507634,2.9447450867339E-18,-2.9351423965396E-18,-25.701676501782,-25.683097766542,5.4069693129754E-09,5.391286783805E-09,-2.9335572472253E-18,2.9454655555784E-18,-5.3920999267279E-09,-5.4064374457311E-09,-25.693537931224,-25.692517797337,-9.2451567107868,9.6989600318966E-05,-2.6052077389831E-05,-14.158388425428,75.4157376714,-0.006047549514472,100005704.06502,-2.0152709294741E-13,-847.94493929329,-0.006047549514472,-335.0113088888,0.003175351984574,-847.94493929329,739.7133600535
703.02930000009,47.992787357459,15.997168925465,2.7089284809967E-19,0.002394163869964,1.729943865205,4.517906062002E-16,12.557406387768,7.7305065660829,-1.8071624248008E-15,-50.225321458326,3.5262089540637E-19,0.009776527301451,-5.2324059911624E-16,25.506701588914,3.6611999973554E-16,-3.6537680691748E-16,-53.585162803982,-53.569187860827,5.093715824422E-07,5.0809241582889E-07,-3.6503580277342E-16,3.6636042204459E-16,-5.0829836248039E-07,-5.0918813570388E-07,-53.578226646168,-53.577534917354,-19.396112904554,0.000189355009298,-5.0225321458299E-05,-3.6419011722776,75.448681994732,-0.007054121797802,100005713.7682,-1.8875000218023E-13,-926.19787695669,-0.007054121797802,-367.17347695078,0.006079154912676,-926.19787695669,807.83134170479
704.02930000009,110.63338704669,36.8773241063,1.0869460421272E-17,0.002018393732973,1.7297845132386,1.6895844158481E-14,20.138674265604,8.0131980183642,-6.7583376633924E-14,-80.547752725012,1.3177207284311E-17,0.015678902111824,-2.2728371021972E-14,36.664069117021,1.5897555109593E-14,-1.5882821057144E-14,-77.019581744793,-77.007422172359,1.7507333384504E-05,1.7470161131805E-05,-1.5862436830232E-14,1.5913854567114E-14,-1.748124897173E-05,-1.7496847416654E-05,-77.014312028185,-77.014195775663,-27.935392427248,0.000306465342746,-8.0547752724926E-05,-3.9985753974536,75.525847591751,-0.008061708289839,100005730.36326,-1.7357794484106E-13,-990.9084363051,-0.008061708289839,-393.94165915386,0.00992965529274,-990.9084363051,864.14306150103
705.02930000009,193.9155931897,64.638362197397,1.5675592300035E-16,0.001456074392922,1.7296665289399,2.3166653474048E-13,28.690211933399,8.2227233597147,-9.2666613896192E-13,-114.75067379914,1.805543582558E-16,0.022336683151415,-3.7321873320756E-13,45.109722193304,2.6096066212151E-13,-2.6098306049406E-13,-94.75774460227,-94.749844994084,0.000239781649511,0.000239358388972,-2.6056226621427E-13,2.6131867391738E-13,-0.000239561997844,-0.000239583533539,-94.75432878257,-94.754837303524,-34.407071972296,0.000439648266687,-0.000114750654878,-15.423124672318,36.333744019931,-0.009070311036453,100005755.19702,-1.5739532664019E-13,-1039.9618259695,-0.009070311036453,-414.34201099951,0.012304648293451,-1039.9618259695,906.81748450509
706.02930000009,279.22726407511,93.072214582668,9.0806543455877E-16,0.000700743359214,1.7295923564895,1.2985453051144E-12,36.687694255335,8.3624650784004,-5.1941812204577E-12,-146.73669101535,1.0114794417389E-15,0.02856311426785,-2.5711222379303E-12,50.794403817683,1.7971825508251E-12,-1.7989448490866E-12,-106.69734391204,-106.69182457294,0.001453313781567,0.001451129353713,-1.7954814307021E-12,1.8002368607432E-12,-0.00145266117938,-0.001451798333896,-106.69524167619,-106.69556968788,-38.769114900606,0.000564955676108,-0.000146736691015,-15.528697781423,26.171217411115,-0.010079932089705,100005788.55526,-1.4088377128325E-13,-1073.1759293528,-0.010079932089705,-428.21389876132,0.006578816151822,-1073.1759293528,935.70015126659
707.02930000009,188.62581963371,61.508935308341,2.369828842366E-15,0.000199963869392,1.7295525982398,3.3208896531966E-12,23.016574181058,8.4518867903916,-1.3283558612786E-11,-92.055072504223,2.5567596020435E-15,0.017919508192969,-8.666341781029E-12,52.81975086557,6.0411332392152E-12,-6.0721083851124E-12,-110.95684788037,-110.92793486775,0.004517872598092,0.004500570270311,-6.0432520063703E-12,6.0679588815491E-12,-0.004513066218645,-0.004505143925943,-111.01474443536,-110.89752307862,-40.532450468033,0.000357381093541,-9.2057494067438E-05,-98.69164346756,103.59696161688,-0.011090573511897,100005828.33059,-1.5750037270731E-12,-1094.8048185473,-0.011090573511897,-437.23725877327,-0.002032109029942,-1094.8048185473,954.50610212759
707.77930000009,287.05883441537,94.912962225987,3.9035337450371E-15,0.000971750374095,1.7295450834721,5.4277562453459E-12,34.060406565669,8.4866013201309,-2.1711024981384E-11,-136.22462429851,4.1634978533281E-15,0.026517675206037,-1.5696383298471E-11,54.859333198658,1.0974944757717E-11,-1.0999322072422E-11,-115.05460383881,-115.42505299505,0.007863395781718,0.007854837419658,-1.0981197805743E-11,1.099021844933E-11,-0.007861305870886,-0.007856434234366,-115.24563807628,-115.20844639795,-42.005875852071,0.000526274534645,-0.000136226833075,-93.65684597742,104.44676932296,-0.011849225432769,100005862.41756,-1.6772283690776E-12,-1103.1040585928,-0.011849225432769,-440.73385054206,0.000334927015117,-1103.1040585928,961.72306406932
708.77930000009,78.936422492722,26.326360512213,4.2018204044451E-17,0.001598827781396,1.7298164633443,6.4754989887332E-14,13.155750248141,8.0496757523282,-2.5901995954933E-13,-52.618267959933,5.0648145012744E-17,0.010242393015732,-8.8614050869501E-12,40.06641444882,6.2167566383769E-12,-6.1825692177459E-12,-84.155447946989,-84.164443497258,0.004460145900496,0.004464710974831,-6.1944681163307E-12,6.2045350306055E-12,-0.004460041693034,-0.004465589521028,-84.143930697444,-84.178237219983,-30.74101312116,0.000197761957759,-5.261826795995E-05,2.3445867028413,-95.875513600256,-0.011284126787459,100005890.1118,-6.3595379433047E-13,-998.65108731644,-0.011284126787459,-397.32307234839,0.001099390820644,-998.65108731644,870.85263305535
709.77930000009,13.284184756654,4.4316640461811,8.5582432647613E-20,0.001765291203805,1.7300892283437,1.4888740357109E-16,3.9476019205715,7.5671042814939,-5.9554961428436E-16,-15.789010889582,1.1648975070479E-19,0.003073400953899,-2.3456804126373E-12,22.476869169972,1.6455275823072E-12,-1.6365608904379E-12,-47.210423965671,-47.215150355365,0.001184313513578,0.001185517515477,-1.6396189755139E-12,1.6423868918947E-12,-0.001184340699547,-0.001185695846334,-47.200361193229,-47.226979276154,-17.278966225825,5.7901834118417E-05,-1.5789010889572E-05,1.9892172657467,-95.896742423406,-0.010273289836087,100005897.46337,-5.647892565134E-13,-888.92283541983,-0.010273289836087,-351.97704846999,-0.003723878569358,-888.92283541983,775.36236937425
710.77930000009,0.73704214550614,0.24604974504642,1.5531097131649E-22,0.00180461081085,1.7303315336401,3.0603748338017E-19,0.53214759572329,7.1024611923651,-1.2241499335207E-18,-2.1284020638009,2.3957078297373E-22,0.000414302914055,-6.1731623517184E-13,9.256947616399,4.3305573262962E-13,-4.3069614501216E-13,-19.443099374432,-19.445245923357,0.00031169770873,0.000312014532454,-4.3150072662666E-13,4.3222941817832E-13,-0.000311705028161,-0.000312061302689,-19.436320629735,-19.453137769109,-7.1442842666154,7.4755021849623E-06,-2.1284020638E-06,1.8622461688409,-56.529406569896,-0.009263473644405,100005899.19985,-5.3798594973455E-13,-788.222303775,-0.009263473644405,-310.7484859644,-0.000804842333418,-788.222303775,687.69138199862
711.77930000009,0.002853431423065,0.000953643968313,1.4668738744628E-25,0.001807401826736,1.7305638180063,3.319299538458E-22,0.007170525685813,6.6209910174654,-1.3277198153832E-21,-0.028679565137893,2.6003448177129E-25,5.5826047480869E-06,-1.6245164022527E-13,2.6623218288866,1.1396203391828E-13,-1.1334109015879E-13,-5.5918398708541,-5.5925208033945,8.202577697374E-05,8.2109151526185E-05,-1.1355282174097E-13,1.1374458318286E-13,-8.2027703570339E-05,-8.2121459064231E-05,-5.5894762984858,-5.5952584306831,-2.0600060732146,9.1891058167728E-08,-2.8679565137892E-08,1.8495078934824,-56.533587498761,-0.008254676152882,100005899.32311,-5.3210686924452E-13,-689.29506811003,-0.008254676152882,-270.594901773,-0.000173643370406,-689.29506811003,601.52271317723
712.77930000009,7.4562144066042E-07,2.49385917747E-07,4.5586709078639E-29,0.001807420924188,1.7307935020536,1.2116527680438E-25,7.1102443574666E-06,6.1031119968018,-4.8466110721754E-25,-2.8438461159191E-05,9.5020715860573E-29,5.5356727871959E-09,-4.2750416002685E-14,0.70206537103891,2.9989997958827E-14,-2.9826591764419E-14,-1.4745909521549,-1.4747713439295,2.1585722978357E-05,2.1607663643206E-05,-2.9882310583337E-14,2.993277410022E-14,-2.158622997776E-05,-2.161090246714E-05,-1.4739627271537,-1.4754987379168,-0.54331061061623,7.9000985937024E-11,-2.8438461159191E-11,1.8549646317595,-56.537386372226,-0.007246895308226,100005899.32395,-5.295927617826E-13,-589.35441630525,-0.007246895308226,-230.36758882818,-0.000135554859244,-589.35441630525,514.43149592488
713.77930000009,2.4293096223849E-11,8.1307712925812E-12,2.9525630301317E-33,0.001807420936797,1.7310211668111,9.5159615251051E-30,8.8083329453495E-10,5.5372143881721,-3.8063846100421E-29,-3.5230214569743E-09,7.474185810667E-33,6.8577177565559E-13,-1.1250105346096E-14,0.18475490643353,7.8921018305378E-15,-7.8491002156828E-15,-0.38805205942489,-0.38809953187072,5.6804513311001E-06,5.6862251885049E-06,-7.8637630579904E-15,7.877042925318E-15,-5.68058475192E-06,-5.6870775102485E-06,-0.38788673189134,-0.38829095698725,-0.14297722660581,8.1406582892789E-15,-3.5230214569743E-15,1.8601920277596,-73.416174005575,-0.006240129063379,100005899.32395,-5.2716290727181E-13,-488.16013521755,-0.006240129063379,-189.97142736854,-0.000112669150004,-488.16013521755,426.20779026546
714.77930000009,7.0176116811147E-17,2.3509174622814E-17,1.8870775802226E-38,0.001807420936798,1.7312467948131,7.7327005427448E-35,9.6769590745443E-15,4.90670087821,-3.0930802170979E-34,-3.8704411688076E-14,6.088723740511E-38,7.5339856567631E-18,-2.9605529520493E-15,0.048619694461045,2.0768681408051E-15,-2.0655519303834E-15,-0.10211892570756,-0.10213141845218,1.4948550649468E-06,1.4963745006413E-06,-2.0694105718391E-15,2.0729052723104E-15,-1.494890175669E-06,-1.4965987957464E-06,-0.1020754184777,-0.1021817934645,-0.037625572217168,7.0757210294225E-20,-3.8704411688076E-20,1.8649776471979,-90.294954206329,-0.005234375377466,100005899.32395,-5.2477518865321E-13,-385.69906865388,-0.005234375377466,-149.40476351855,-8.9372010476832E-05,-385.69906865388,336.83883360795
715.77930000009,4.8981032676969E-24,1.6434755156038E-24,2.7805146758139E-45,0.001807420936798,1.7314703640517,1.5662291366406E-41,2.5702346367957E-21,4.1824495977583,-6.2649165465622E-41,-1.0280028959842E-20,1.2390386254163E-44,2.0010532995498E-24,-7.7909259622442E-16,0.012794651743122,5.4654404706248E-16,-5.4356609800777E-16,-0.026873391642879,-0.026876679206103,3.9338276748592E-07,3.9378261886216E-07,-5.4458152963905E-16,5.455011872744E-16,-3.933920071444E-07,-3.9384164386599E-07,-0.026861942376171,-0.026889935783309,-0.009901462740373,1.3745398342584E-26,-1.0280028959842E-26,1.8693267760686,-95.923727037082,-0.004229632215763,100005899.32395,-5.226861649141E-13,-281.95953565146,-0.004229632215763,-108.66658770294,-6.5632051894832E-05,-281.95953565146,246.31315266342
716.77930000009,2.9208341282588E-34,9.8353709031412E-35,2.901947122887E-55,0.001807420936798,1.7316918521565,2.6200891632531E-51,5.8427436031152E-31,3.3033699347657,-1.0480356653012E-50,-2.3368906714568E-30,2.0972301021892E-54,4.5488614909746E-34,-2.0502429219229E-16,0.00336701238135,1.4382732803809E-16,-1.4304365751218E-16,-0.007071942574677,-0.007072807722591,1.0352174293257E-07,1.0362696694677E-07,-1.4331087627548E-16,1.4355289134178E-16,-1.0352417442027E-07,-1.0364249983624E-07,-0.007068929610887,-0.007076296294228,-0.002605647133634,1.9614981744637E-36,-2.3368906714568E-36,1.8732444864773,-95.927492552934,-0.003225897549672,100005899.32395,-5.2053146292847E-13,-176.92973289439,-0.003225897549672,-67.755875638659,-4.1438631618818E-05,-176.92973289439,154.61926223286
717.77930000009,5.661816691071E-53,1.9365881131881E-53,5.0095110994737E-74,0.001807420936798,1.7319112363891,1.1434463907119E-69,4.3648717834791E-49,2.0817788955332,-4.5737855628475E-69,-1.7457942464901E-48,9.7810920686916E-73,3.3982660359264E-52,-5.3953741304508E-17,0.00088605556476,3.7849282965864E-17,-3.7643053953247E-17,-0.001861036836888,-0.001861264507312,2.7242553933634E-08,2.7270244455217E-08,-3.7713374657526E-17,3.7777062806315E-17,-2.7243193798454E-08,-2.7274332056059E-08,-0.001860243951979,-0.001862182552135,-0.000685696362552,5.8605881222153E-55,-1.7457942464901E-54,1.8767354645521,-95.931250804409,-0.002223169356701,100005899.32395,-5.1843594969937E-13,-70.597731519765,-0.002223169356701,-26.671587546912,-1.6780780672028E-05,-70.597731519765,61.746438419526
718.77930000009,5.5163637905265E-78,1.7633012176458E-78,1.5317116578438E-97,0.001807420936798,1.7321285528868,6.3280177331279E-93,1.5219003786098E-73,0,2.5312070932511E-92,6.0870629201253E-73,5.0115095648975E-96,1.1848738372285E-76,-1.4186535016284E-17,0.000232978436583,9.9520471647363E-18,-9.8978215434154E-18,-0.000489338896933,-0.000489398760335,7.1631259664388E-09,7.1704068809526E-09,-9.9163115897171E-18,9.9330576778624E-18,-7.1632942117287E-09,-7.1714816700021E-09,-0.000489130416684,-0.000489640149988,-0.000180296223919,1.077784193767E-79,6.0870629201253E-79,1.8593016856679E-05,0,-0.001221445620432,100005899.32395,-5.166254084631E-13,37.01285281711,-0.001221445620432,14.580526704117,4.0322265304135E-06,37.01285281711,32.29611951357
719.77930000009,3.2404565999282E-43,1.0700076445295E-43,1.7846040630183E-62,0.001807420936798,1.7323448042118,1.9536044884397E-58,3.4985535635194E-38,0,7.8144179537589E-58,1.3992976126079E-37,1.4980626566113E-61,2.7237949638444E-41,-3.7332973185346E-18,6.1310092397304E-05,2.6189588193418E-18,-2.6046889240557E-18,-0.000128773346686,-0.000128789100208,1.8850324573962E-09,1.8869484869454E-09,-2.6095547241292E-18,2.6139615875933E-18,-1.8850767324474E-09,-1.8872313260548E-09,-0.000128718483484,-0.000128852623777,-4.7446355529534E-05,9.6481026808362E-44,1.3992976126079E-43,1.85868915344E-05,0,-0.000220724330501,100005899.32395,-5.1516615405115E-13,145.29763264799,-0.000220724330501,55.88405379469,1.693740716719E-05,145.29763264799,126.94395342026
720.77930000009,6.164177299618E-31,2.0440688135417E-31,1.6852437834697E-49,0.001807420936798,1.7325603406038,1.0614381077315E-45,2.5384131107836E-25,0,4.2457524309261E-45,1.0152754108539E-24,8.1759871049584E-49,1.9762786877654E-28,-9.8244630225629E-19,1.6134228922204E-05,6.8919943644481E-19,-6.8544420217516E-19,-3.3887710379718E-05,-3.3891856041764E-05,4.9606099098154E-10,4.9656520912975E-10,-6.8672467546163E-19,6.8788437588973E-19,-4.9607264230418E-10,-4.9663964044426E-10,-3.3873272700197E-05,-3.390857276419E-05,-1.2485878453373E-05,1.223447968711E-30,1.0152754108539E-30,1.8580927515285E-05,0,0.000778996517423,100005899.32395,-5.1355062968372E-13,254.04331079153,0.000778996517423,97.19812300184,3.0004207313181E-05,254.04331079153,222.02048623177
721.77930000009,1.8236971571651E-23,6.0580558788537E-24,2.2786513946779E-41,0.001807420936798,1.7327751527704,1.0072035595017E-37,2.8582104900335E-17,0,4.0288142380068E-37,1.1431830451753E-16,7.7791462324935E-41,2.2252565793783E-20,-2.5853840572117E-19,4.2458481586706E-06,1.8136820620769E-19,-1.8037998701356E-19,-8.9178152492397E-06,-8.9189062125542E-06,1.3054231814846E-10,1.3067500709425E-10,-1.8071695355814E-19,1.8102213775409E-19,-1.3054538428425E-10,-1.3069459427437E-10,-8.9140158613214E-06,-8.9233053483813E-06,-3.2857562822663E-06,1.9695745841417E-22,1.1431830451753E-22,1.8575126324692E-05,0,0.001777718921669,100005899.32395,-5.1224378762744E-13,363.2519297733,0.001777718921669,138.52320081278,4.3237936050378E-05,363.2519297733,317.52473969714
722.77930000009,3.6578685995805E-18,1.2162551425796E-18,1.9676464760078E-35,0.001807420936798,1.7329892312921,6.6988653909684E-32,2.1803509296336E-11,0,2.6795461563874E-31,8.720632102274E-11,5.1825547897915E-35,1.6975097768767E-14,-6.8036397591697E-20,1.1173133235655E-06,4.7728457807013E-20,-4.746840021659E-20,-2.3467616696791E-06,-2.3470488012407E-06,3.4353229011691E-11,3.4388147144639E-11,-4.7557075594174E-20,4.7637387191204E-20,-3.4354035889082E-11,-3.4393301663634E-11,-2.3457617551768E-06,-2.34820653865E-06,-8.6466181378629E-07,1.9560127450042E-16,8.720632102274E-17,1.8569489497992E-05,0,0.002775444874582,100005899.32395,-5.108276267843E-13,472.92555398464,0.002775444874582,179.85975816498,5.664187051542E-05,472.92555398464,413.45853443862
723.7793000001,-6.0152287452165E-14,-1.9921447047252E-14,9.37884478404E-31,0.001807420933348,1.7332025666192,2.5962594554128E-27,9.5530976171611E-07,0,1.0385037821651E-26,3.8209009672407E-06,2.0108598033063E-30,7.4375534614657E-10,-1.7904306654418E-20,-4.1605451722168E-07,1.2560114502469E-20,-1.2491678324569E-20,8.7458102305256E-07,8.7314748688833E-07,9.0402554192038E-12,9.0494443132328E-12,-1.251501392983E-20,1.2536148571609E-20,-9.0404680429516E-12,-9.0508004666503E-12,8.7781085841933E-07,8.7019247617686E-07,2.8563874066558E-07,1.056588441558E-11,3.8209009672407E-12,1.8564018179143E-05,0,0.003772176362552,100005899.32395,-5.0954161318877E-13,583.06626974568,0.003772176362552,221.20827041901,7.0220486016653E-05,583.06626974568,509.82388796937
724.7793000001,-5.2478323424501E-06,-1.7426469671733E-06,6.8165200259638E-27,0.001807394584667,1.7334151443855,1.5897422317822E-23,0.00655767972046,0,6.3589689271288E-23,0.026228398150372,1.2322890272035E-26,5.1054742092673E-06,-4.6987440863388E-21,-0.00531340881121,3.2961795605809E-21,-3.2782013741553E-21,0.011164478520993,0.011156128310899,1.8596695157918E-12,1.8615081108912E-12,-3.2842723802466E-21,3.2899433138114E-21,-1.8616135500471E-12,-1.8599134820632E-12,0.011182984461858,0.011140203228981,0.003861131549944,8.6283351911632E-08,2.6228398150373E-08,1.8555973669754E-05,0,0.004767915366035,100005899.32512,-5.0818926557118E-13,693.67365070065,0.004767915366035,262.56827449389,9.1881594578701E-05,693.67365070065,606.62064928669
725.7793000001,-2.7501751068744,-0.91549156803027,1.1928930219539E-23,0.001781591818798,1.733622416673,2.4107423841844E-20,3.9771667087975,0,9.6429695367375E-20,15.907259158004,1.8694694839713E-23,0.003096418725411,2.0479728166886E-20,-4.6081589655027,-1.443306706626E-20,1.4401493993226E-20,9.6799091646404,9.6785264698541,-1.0376835045173E-09,-1.0387849599127E-09,1.4493476774945E-20,-1.4339394358988E-20,1.0348266751033E-09,1.0417403889559E-09,9.6876154432904,9.6721632305238,3.4185728182587,5.8733205154615E-05,1.5907259158017E-05,1.7265513952525E-05,0,0.00576266385964,100005900.46465,-4.7834443039718E-13,802.25389091829,0.00576266385964,303.01279537892,0.001121351522043,802.25389091829,701.66499753632
726.7793000001,-31.973729155229,-10.654050985703,3.7969093807792E-21,0.001612323084018,1.7338041192532,6.8730555168771E-18,10.431640086217,0,2.7492222067508E-17,41.72286317328,5.3308113078099E-21,0.008121542638909,7.1636432281226E-18,-20.448973044571,-5.0395429588842E-18,5.0344448190249E-18,42.952424290149,42.953971655056,-3.9667976459566E-07,-3.9710650358381E-07,5.0574688404415E-18,-5.0158039301162E-18,3.9596554309149E-07,3.9785142789736E-07,42.961591329143,42.946330280925,15.514027790158,0.000156730730905,4.1722863173254E-05,1.5316897502848E-05,0,0.006756423811991,100005907.94009,-4.3496556815341E-13,897.30434330016,0.006756423811991,338.28969942068,-0.000255493479561,897.30434330016,784.88637486599
727.7793000001,-95.17277194266,-31.716940268421,3.0051157727298E-19,0.001278108865726,1.7339573725793,5.0058955151807E-16,18.61604110908,0,2.0023582060723E-15,74.45749196663,3.8829957406507E-19,0.01449350265039,6.1340122174951E-16,-34.112759144581,-4.3093999689054E-16,4.3104080244718E-16,71.651936962725,71.656726544726,-3.8341912883405E-05,-3.8381518404939E-05,4.3242117354473E-16,-4.2948816682969E-16,3.8302925968702E-05,3.8423012376002E-05,71.661523622616,71.648604068061,25.971073336647,0.000282852546383,7.4457477817585E-05,1.2724737743321E-05,0,0.007749197185876,100005922.70012,-3.8022558940674E-13,976.5407749093,0.007749197185876,367.60745989507,-0.001686582372175,976.5407749093,854.27502058307
728.7793000001,-187.75052130422,-62.573092895757,6.4711930048889E-18,0.000737885877345,1.7340759771064,1.0174566550379E-14,28.244773899774,0,4.0698266201515E-14,112.96768235557,7.8930802784878E-18,0.021989951737908,1.5293567135425E-14,-44.357641592202,-1.0730068904769E-14,1.0745895069925E-14,93.170048327448,93.177918058686,-0.001046832636059,-0.001047785125881,1.0765768769397E-14,-1.0708171039811E-14,0.001046494105821,0.001048181756341,93.179629272858,93.169663663126,33.822498209849,0.000432636725583,0.000112967653859,9.5201808073243E-06,0,0.008740985938241,100005946.55847,-3.1598944206004E-13,1035.7584697285,0.008740985938241,389.46541049682,-0.003003125322586,1035.7584697285,906.14080314827
729.7793000001,-268.5277126444,-89.486530863014,4.3236895441869E-17,1.6223574035199E-05,1.7341596136929,6.5602233655008E-14,35.327833631093,0,2.6240893462003E-13,141.28951249158,5.0898484217527E-17,0.027504476934099,1.263423168813E-13,-50.720353912143,-8.8531070563017E-14,8.8756157747803E-14,106.5326974385,106.54543453352,-0.009172761858708,-0.009178919614824,8.8807023511556E-14,-8.8461694958284E-14,0.00917467072164,0.009177434624858,106.5440324214,106.53514371021,38.72750267518,0.000544869363642,0.000141289512492,6.7084752135918E-06,0,0.009731792020175,100005979.83123,-2.591205443423E-13,1074.0970462976,0.009731792020175,403.60033176518,0.010385431909789,1074.0970462976,939.7108386783
730.7793000001,-296.53315616462,-97.750619978988,1.1770817200864E-16,0.000940396356114,1.7342158485844,1.7523064922828E-13,35.972383372962,0,7.0092259691314E-13,143.85150433982,1.3463081983446E-16,0.028006307759296,4.2135107573478E-13,-53.8630332935,-2.9534485315783E-13,2.9637590246985E-13,113.00448667946,113.28083403732,-0.031535402054822,-0.031592595177256,2.9664413716324E-13,-2.9501929367584E-13,0.031570608703877,0.03155955781043,113.19599735582,113.08097153092,41.200506962465,0.000555941523947,0.000143852845688,2.3306096042273E-05,0,0.01072161737643,100006020.67866,-6.580065813315E-13,1095.5152095259,0.01072161737643,411.48828872982,6.6479556497592E-05,1095.5152095259,958.4803816235
731.5293000001,-310.0600746079,-107.09435811694,1.7192860828881E-16,0.001715456438493,1.7342455278496,2.5412371024129E-13,38.651459315742,0,1.0164948409652E-12,154.55460016964,2.0148204139564E-16,0.030092118130369,7.5463845406279E-13,-55.438862404226,-5.3322733707328E-13,5.2814716305906E-13,116.49379050728,116.40933023276,-0.056892508624575,-0.057415027730821,5.3273513354531E-13,-5.2837851979549E-13,0.057100082879349,0.057198879641452,116.21762309643,116.68172522463,42.412938282612,0.000599578815873,0.000154555760117,3.9380518187776E-05,0,0.011463343956985,100006054.91107,-2.2595502635214E-12,1103.5175814725,0.011463343956985,414.44394633135,5.6698112284703E-05,1103.5175814725,965.48901634913
732.2793000001,-183.74564407721,-61.605730189384,4.9258660511192E-17,0.002407488750001,1.734169086166,7.5908282524718E-14,24.501454095706,0,3.0363313009887E-13,97.986504438953,5.9144306992717E-17,0.019075632032363,8.6379228526156E-13,-50.331495194149,-6.0616214722704E-13,6.0547532303473E-13,105.73646377048,105.70591545193,-0.065071808129583,-0.065223234957058,6.0636731217126E-13,-6.0480511936983E-13,0.065146400397702,0.065144116102989,105.70319189888,105.74423893075,38.592202961148,0.000370820900292,9.7986524393349E-05,7.5128907645819E-07,0,0.011652544504174,100006085.47676,-2.2245204017375E-13,1057.0036605174,0.011652544504174,397.3313815135,-6.1745691499127E-05,1057.0036605174,924.74235082269
733.2793000001,-22.753323240995,-7.5807027155309,4.6674648592192E-20,0.002648608927131,1.7339118053092,8.2273251355799E-17,5.4491058603886,0,3.290930054232E-16,21.794421746942,6.362414063931E-20,0.004242407755506,2.3960200021161E-13,-27.854708299005,-1.6810231119317E-13,1.6800943871347E-13,58.50358342633,58.514864024414,-0.017964095083173,-0.018001999640076,1.6822503122447E-13,-1.6776313906426E-13,0.017982887387711,0.017982116089892,58.518567238373,58.500763954686,21.411781863667,8.0457175546088E-05,2.1794421746933E-05,3.2211546973623E-06,0,0.010663640629408,100006096.12542,-2.0867809267604E-13,921.73735891044,0.010663640629408,347.37305675694,-0.000825130765979,921.73735891044,806.2767279078
734.2793000001,-1.2760834984602,-0.42496453707208,5.5246650906149E-23,0.002702506758646,1.7336850801915,1.1120270488044E-19,0.73092812844576,0,4.4481081952175E-19,2.9234451032893,8.59468913243E-23,0.000569064975612,6.3068694030888E-14,-11.640959263488,-4.424830744833E-14,4.4223961459832E-14,24.447965698274,24.455907892854,-0.004728266301249,-0.004738239506485,4.4280674683658E-14,-4.4159071687344E-14,0.004733210975756,0.004733007740776,24.458240586569,24.44627663738,8.9828526024616,1.0335439885299E-05,2.9234451032877E-06,3.0234056440842E-06,0,0.009673757855688,100006098.5057,-2.0227816337478E-13,805.3617409695,0.009673757855688,304.20188379504,-0.000426455497387,805.3617409695,704.38218866197
735.2793000001,-0.00415816348817,-0.001383617850646,3.5316814808533E-26,0.002706276757587,1.7334661571834,8.2268651272223E-23,0.008246024532308,0,3.2907460508889E-22,0.032981081308944,6.351957604676E-26,6.4199523639359E-06,1.6597012880515E-14,-3.3594952267237,-1.1644283042865E-14,1.1637876339277E-14,7.0552242743941,7.0580523467311,-0.001244279178908,-0.001246903700085,1.1652800819105E-14,-1.1620800014716E-14,0.001245580405928,0.001245526922969,7.0588711396744,7.0546344207616,2.5994842915959,1.0590083647235E-07,3.2981081308944E-08,3.0092028402112E-06,0,0.008682894243078,100006098.67219,-2.0104199939536E-13,694.34652167236,0.008682894243078,262.85368270956,6.9360508804419E-05,694.34652167236,607.20472164023
736.2793000001,-5.9635222447368E-07,-1.9831217346022E-07,6.8282387547114E-30,0.002706296728307,1.7332471339486,1.8862279972299E-26,4.4836007111823E-06,0,7.5449119889196E-26,1.7932762514849E-05,1.4542390842734E-29,3.4907127516067E-09,4.3676267589444E-15,-0.88556227630552,-3.0642792518601E-15,3.0625932800822E-15,1.8597529946187,1.8605037330572,-0.000327441273304,-0.000328131935505,3.0665207677597E-15,-3.0580995188403E-15,0.000327783700829,0.000327769626413,1.8607210579295,1.8595964060982,0.68531359569981,4.9293296712333E-11,1.7932762514849E-11,3.0249963315928E-06,0,0.007691047845895,100006098.67307,-2.0071876911799E-13,584.16233632631,0.007691047845895,221.65317428324,7.031730585966E-05,584.16233632631,510.77813131595
737.2793000001,-7.9178801827017E-12,-2.6315018734369E-12,2.3532378078929E-34,0.002706296735261,1.7330273783008,7.9839746117151E-31,2.2607853069024E-10,0,3.193589844686E-30,9.0423141173263E-10,6.1425572612555E-34,1.7601371325627E-13,1.1493732994131E-15,-0.23304276982004,-8.0638775904993E-16,8.0594408299465E-16,0.48940881909565,0.48960638444708,-8.616859393781E-05,-8.6350346815732E-05,8.069776305416E-16,-8.0476151647003E-16,8.6258706276437E-05,8.6255002495448E-05,0.48966357595048,0.4893676110103,0.1803457872369,2.0294418480493E-15,9.0423141173263E-16,3.0411025128832E-06,0,0.006698216712662,100006098.67307,-2.0043637191672E-13,474.44567467797,0.006698216712662,180.46573318261,5.6873451602166E-05,474.44567467797,414.78353443971
738.2793000001,-6.6067174245745E-18,-2.1939621367743E-18,6.0097972661724E-40,0.002706296735261,1.7328068963421,2.6416073406569E-36,7.1624507168576E-16,0,1.0566429362627E-35,2.864718247936E-15,2.0256703779553E-39,5.5763346604152E-19,3.0246608840742E-16,-0.061326929275099,-2.1220690560421E-16,2.1209014893924E-16,0.12879155211917,0.12884354290339,-2.2675903090342E-05,-2.2723732707427E-05,2.123621346511E-16,-2.117789478073E-16,2.2699616819481E-05,2.2698642143571E-05,0.12885859327098,0.12878070790636,0.047459328380613,4.9572512804509E-21,2.864718247936E-21,3.0572349890662E-06,0,0.005704398886082,100006098.67307,-2.0021021315696E-13,365.19253471974,0.005704398886082,139.29017519743,4.3590411942093E-05,365.19253471974,319.21718231559
739.2793000001,-6.8513632097553E-26,-2.27196835861E-26,1.9106329370909E-47,0.002706296735261,1.7325856974573,1.192019525095E-43,2.8184211494514E-23,0,4.7680781003799E-43,1.1272653476741E-22,9.0869744722796E-47,2.1942851914872E-26,7.9596189230426E-17,-0.016138635222076,-5.5843817420011E-17,5.5813092032301E-17,0.033892449922161,0.033906131681725,-5.9673316862252E-06,-5.9799184045028E-06,5.5884667092081E-17,-5.5731197151544E-17,5.9735721296344E-06,5.9733156368418E-06,0.033910092297387,0.033889596187264,0.012489273434573,1.3703292532974E-28,1.1272653476741E-28,3.0733933848331E-06,0,0.004709592403016,100006098.67307,-2.0010955749553E-13,256.40085189308,0.004709592403016,98.126029689575,3.0475867011381E-05,256.40085189308,224.07705808879
740.2793000001,-9.3195425940887E-38,-3.0801786840067E-38,7.3338416465056E-59,0.002706296735261,1.7323637909052,7.8784778251249E-55,1.4518856545169E-34,0,3.1513911300499E-54,5.8070114453978E-34,5.9242628282919E-58,1.1303673305763E-37,2.0946326159618E-17,-0.004247001275131,-1.4695713766525E-17,1.4687628151454E-17,0.008919048981282,0.008922649437547,-1.5703474878844E-06,-1.5736597760994E-06,1.4706463659935E-17,-1.4666076907561E-17,1.5719897067743E-06,1.5719222088994E-06,0.008923691702882,0.008918297999813,0.003286644717611,4.0775566431162E-40,5.8070114453978E-40,3.0895774539195E-06,0,0.003713795294462,100006098.67307,-2.0001287358482E-13,148.06858425654,0.003713795294462,56.972830752221,1.7526564300787E-05,148.06858425654,129.36127632003
741.2793000001,-5.1835126948888E-63,-1.6847473783431E-63,1.0764017364772E-83,0.002706296735261,1.7321411858203,4.1507882801469E-79,3.0164860939888E-59,0,1.6603153120588E-78,1.2064840801634E-58,2.9189936758966E-82,2.3484888916897E-62,5.5121807190412E-18,-0.001117629810871,-3.8672858175745E-18,3.8651580276281E-18,0.002347113735159,0.002348061221867,-4.1324856106075E-07,-4.1412021425717E-07,3.8701147315529E-18,-3.8594866583185E-18,4.1368072312131E-07,4.1366296058275E-07,0.002348335501706,0.002346916108825,0.000864904876684,2.3021929727492E-65,1.2064840801634E-64,3.1057869600245E-06,0,0.002717005585529,100006098.67307,-2.0002763312399E-13,40.193711439605,0.002717005585529,15.83011687329,4.7393337353633E-06,40.193711439605,35.069581060448
742.2793000001,-2.054094154024E-61,-7.005566177189E-62,3.0798509548491E-82,0.002706296735261,1.7319176562194,7.4580086841527E-78,4.7755216683134E-57,2.028667432433,-2.9832034736611E-77,-1.9100339536778E-56,6.4846323474111E-81,3.7179881669308E-60,1.4493642902679E-18,-0.000293867857441,-1.0168581638937E-18,1.0162986859545E-18,0.000617146462821,0.000617395593513,-1.0865893880098E-07,-1.0888812995858E-07,1.0176019941648E-18,-1.0148074648585E-18,1.0877257082832E-07,1.0876790038087E-07,0.000617467712232,0.000617094499256,0.000227416753327,6.0805304997571E-63,-1.9100339536778E-62,-51.165256055221,50.540973429549,0.001719221295414,100006098.67307,-1.9996274300524E-13,-67.083982266813,0.001719221295414,-25.275356224126,-1.5525321088823E-05,-67.083982266813,58.681778209359
743.2793000001,-5.2405411337448E-39,-1.7604637467544E-39,1.9306123950443E-58,0.002706296735261,1.7316921599054,1.7854860187381E-54,4.5587836830568E-34,3.2662181217786,-7.1419440749524E-54,-1.8233466893481E-33,1.4398371460635E-57,3.5492465459314E-37,3.8141093740264E-19,-7.7333501135547E-05,-2.6759375000001E-19,2.6744651920507E-19,0.000162406658213,0.000162472218798,-2.8594403756067E-08,-2.8654717108092E-08,2.6778949443867E-19,-2.6705409333863E-19,2.862430686544E-08,2.8623077804482E-08,0.000162491197373,0.000162392983617,5.9846401386751E-05,1.4972276643957E-39,-1.8233466893481E-39,-45.548666746489,50.538672643904,0.00072044043738,100006098.67307,-2.0000245857027E-13,-173.13184161007,0.00072044043738,-66.221858796696,-3.9993728987258E-05,-173.13184161007,151.31049843638
744.2793000001,-8.9115831240679E-29,-2.9842099732196E-29,2.8524473182907E-47,0.002706296735261,1.7314645950249,1.6327009833286E-43,2.936342559621E-23,4.1500660613313,-6.5308039333144E-43,-1.1744295973309E-22,1.2978972404469E-46,2.2860930483627E-26,1.0037111038763E-19,-2.0350883046403E-05,-7.0419275353873E-20,7.0380530471444E-20,4.2738513822924E-05,4.2755766576001E-05,-7.5248289297449E-09,-7.5407008354087E-09,7.047078695102E-20,-7.027726070074E-20,7.5326981543916E-09,7.5323747183916E-09,4.2760760928481E-05,4.2734915251552E-05,1.5749023353218E-05,1.5477926577073E-28,-1.1744295973309E-28,-39.932327826635,50.536348568958,-0.000279338981269,100006098.67307,-2.0018880406835E-13,-277.88625516127,-0.000279338981269,-106.99603050264,-6.400181934807E-05,-277.88625516127,242.76777086287
745.2793000001,-3.0180728140769E-22,-1.0092717348959E-22,6.5932867363391E-40,0.002706296735261,1.7312349839403,2.7356838678859E-36,3.7736125859642E-16,4.8764842023123,-1.0942735471544E-35,-1.5093069762693E-15,2.1615160483873E-39,2.9379506391355E-19,2.641340038398E-20,-5.3554854580287E-06,-1.853135337191E-20,1.8521157366956E-20,1.1246956151952E-05,1.1251496341586E-05,-1.9802144120565E-09,-1.9843912216839E-09,1.8544909029781E-20,-1.84939811626E-20,1.9822852567893E-09,1.9822001423404E-09,1.1252810642419E-05,1.1246009161249E-05,4.1444720287708E-06,2.7297560154373E-21,-1.5093069762693E-21,-39.941247260007,50.53400426381,-0.001280118959213,100006098.67307,-2.0030145704655E-13,-381.35902804394,-0.001280118959213,-147.59890092649,-8.7560469120334E-05,-381.35902804394,333.06447566008
746.2793000001,-1.5446462706316E-17,-5.1614830779233E-18,2.0682698352382E-34,0.002706296735261,1.7310033486524,6.7362229790877E-31,7.3335976235255E-11,5.5081151472939,-2.6944891916351E-30,-2.933170748824E-10,5.3045450464712E-34,5.7095812922101E-14,6.9508817537458E-21,-1.409283837807E-06,-4.8766627609477E-21,4.8739796061571E-21,2.9596107642277E-06,2.9608059351308E-06,-5.2110807492237E-10,-5.2220723333682E-10,4.8802300326047E-21,-4.866827986873E-21,5.2165303304719E-10,5.2163063458381E-10,2.9611519063885E-06,2.9593614258697E-06,1.090611183384E-06,6.7266507007747E-16,-2.933170748824E-16,-39.950433306028,50.531642203243,-0.002281901501138,100006098.67307,-2.0052605690337E-13,-483.56184148868,-0.002281901501138,-188.03148434426,-0.000110680208645,-483.56184148868,422.2120207242
747.2793000001,9.3754776473228E-14,3.1451634900896E-14,5.0002508934138E-30,0.002706296730791,1.7307697108101,1.3413135771055E-26,1.1675356864786E-06,6.0745990016893,-5.3652543084221E-26,-4.6697156015827E-06,1.053985716074E-29,9.0898631962776E-10,1.829165537646E-21,5.390401270707E-07,-1.2833226114396E-21,1.2826165649167E-21,-1.1350842175296E-06,-1.1292113322404E-06,-1.3713341181426E-10,-1.3742266350968E-10,1.2842614348982E-21,-1.2807344947915E-21,1.3727682152574E-10,1.3727092732975E-10,-1.1276319978388E-06,-1.1371362425302E-06,-3.7260392826202E-07,1.2944572523071E-11,-4.6697156015827E-12,-39.959894541809,50.529264414299,-0.00328468861776,100006098.67307,-2.0087653906624E-13,-584.50625453203,-0.00328468861776,-228.29477990633,-0.000133369783636,-584.50625453203,510.22177180459
748.2793000001,1.5725802242722E-06,5.2623960064069E-07,2.20011108334E-26,0.002706281685554,1.7305340948387,5.0200723573074E-23,0.003516068962802,6.5927442323353,-2.008028942923E-22,-0.014062989493224,3.9388861170128E-26,2.7374397400107E-06,4.3887255467144E-22,0.002995941769232,-3.0805729745304E-22,3.0801813969484E-22,-0.006300365411762,-0.006284879349354,-3.5990066962945E-11,-3.6066228838041E-11,3.0854446300717E-22,-3.072872345428E-22,3.6027669325606E-11,3.6026427389562E-11,-0.006280734713955,-0.006306193667786,-0.002183606346475,4.5630978120705E-08,-1.4062989493224E-08,-39.969662482739,50.526877630363,-0.004288482325851,100006098.67374,-2.0124783407931E-13,-684.20240054596,-0.004288482325851,-268.38924685125,-0.000150770074449,-684.20240054596,597.10386652479
749.2793000001,0.63958338754311,0.21368004345534,2.7610034408874E-23,0.002694973298114,1.7302989006267,5.490926507164E-20,2.0300450202894,7.0686706063614,-2.1963706028656E-19,-8.1194373507325,4.3031801420946E-23,0.001580494010781,-5.0555077512728E-20,2.1073573579298,3.5295693343373E-20,-3.5157550081325E-20,-4.4298001451892,-4.4228561586971,7.3190700280752E-11,7.3123409920756E-11,-3.5050053309311E-20,3.5397360275788E-20,-7.3280510941743E-11,-7.3040697122662E-11,-4.4211070588488,-4.4324433255881,-1.5538595592109,2.9682837079699E-05,-8.1194373507488E-06,-39.989632779986,50.526304854674,-0.005293284648261,100006099.17315,-1.9857293853359E-13,-781.69685436477,-0.005293284648261,-307.92451363114,0.002799102130623,-781.69685436477,682.03147306612
750.2793000001,18.531236478949,6.1797847501356,8.2870618065889E-21,0.002571599539384,1.7300859429709,1.4775329224719E-17,7.8819682263981,7.472393128305,-5.9101316898876E-17,-31.524986806994,1.1565807979594E-20,0.006136516362425,-1.5556842680595E-17,15.698327558509,1.0863124367367E-17,-1.0831513361547E-17,-32.979865213227,-32.968730254551,1.8666728854429E-08,1.8651404766207E-08,-1.0800137705548E-17,1.089249934768E-17,-1.8682915214053E-08,-1.8636572985199E-08,-32.966805655595,-32.983359732365,-11.895047491907,0.000117791745138,-3.1524986806991E-05,-45.637944457209,50.525525546487,-0.006299097613943,100006104.62167,-1.9171439953353E-13,-868.6375006226,-0.006299097613943,-343.4650190844,0.003779647942529,-868.6375006226,757.73170504984
751.2793000001,61.158260076039,20.391374103521,7.4974949942791E-19,0.002316171316233,1.7299005831454,1.2263382492684E-15,14.313592030402,7.8079531163672,-4.9053529970737E-15,-57.249115839664,9.5905658112244E-19,0.011143867012576,-1.4740487996882E-15,28.524202769595,1.0294209151615E-15,-1.0272555215072E-15,-59.920832000976,-59.90978121513,1.3526920525018E-06,1.3512921239194E-06,-1.0243822792219E-15,1.0320908220158E-15,-1.3534933515974E-06,-1.3505797474908E-06,-59.908777702335,-59.923512167873,-21.704746996826,0.000216383517975,-5.7249115839625E-05,-45.649185584745,39.27312325171,-0.007305923257984,100006115.90212,-1.8385672133204E-13,-943.74083865122,-0.007305923257984,-374.3853747976,0.006988089764412,-943.74083865122,823.10245192058
752.2793000001,130.35206113035,43.458535241624,2.3154734979798E-17,0.001896048101062,1.7297509680135,3.5480063522534E-14,22.286433463268,8.0725048139214,-1.4192025409014E-13,-89.13748745245,2.7723003620781E-17,0.01735113843542,-4.9864954495934E-14,39.043683094945,3.4826922304472E-14,-3.4779912043E-14,-82.01693578044,-82.006436125942,3.6665362325522E-05,3.6619441924286E-05,-3.4685379734687E-14,3.4914146891051E-14,-3.6677279992551E-05,-3.6609607786359E-05,-82.006537864205,-82.018572515687,-29.757389799239,0.000339797063629,-8.9137471570498E-05,-45.636076395197,5.5184834201929,-0.00831376362162,100006134.45606,-1.7392457214044E-13,-1004.6868912755,-0.00831376362162,-399.63266502248,0.011607961354181,-1004.6868912755,876.13505827702
753.2793000001,217.56686990461,72.531617068601,2.6266790267749E-16,0.001284540138882,1.7296440062339,3.844682845447E-13,31.029006975792,8.2638218188002,-1.5378731381788E-12,-124.10412451817,3.0015751240642E-16,0.024157692494506,-6.5119054868207E-13,46.803398421351,4.5483764163688E-13,-4.5456022233416E-13,-98.31585099632,-98.306379932258,0.000404893146719,0.000404304583769,-4.5335084130386E-13,4.559466480357E-13,-0.000404927675476,-0.00040428860523,-98.307520782345,-98.31648326853,-35.703493629929,0.000476069252692,-0.000124104093276,-56.82812186372,5.5104939342228,-0.009322620752267,100006161.46238,-1.6261790528278E-13,-1049.6824332146,-0.009322620752267,-418.37267777752,-0.001719627492705,-1049.6824332146,915.2638719852
754.2793000001,304.88561827274,101.64559205846,1.2470981528259E-15,0.000483394208975,1.7295803894798,1.7731471930001E-12,39.206356538336,8.3875627161775,-7.0925887720003E-12,-156.80904401021,1.3831354196649E-15,0.030524199375474,-3.6962864613716E-12,51.910225786611,2.5817413965878E-12,-2.5821546670474E-12,-109.04110639861,-109.03504400267,0.002048380457966,0.002045079691154,-2.575264310947E-12,2.5880428874936E-12,-0.002048233824272,-0.002045295035328,-109.03528155683,-109.04272013369,-39.617710605707,0.000603915619031,-0.000156808997895,-56.746208881724,5.505561767476,-0.010332496703542,100006196.84458,-1.5177322903939E-13,-1079.1669552913,-0.010332496703542,-430.69668501084,-0.003233012634822,-1079.1669552913,940.90512992284
755.1893000001,662.13947961578,222.52947000989,3.2493336782968E-15,0.000368402802247,1.7295511005206,4.5459539062824E-12,82.902842868179,8.4580807559932,-1.818381562513E-11,-331.57596817202,3.6139307402716E-15,0.064544238965624,-9.9227921315259E-12,54.099827584874,6.9600423907025E-12,-6.9262500476554E-12,-113.59709553495,-113.66853091037,0.005150017387839,0.005142104708215,-6.935760542821E-12,6.9476772190694E-12,-0.005136431179791,-0.005155726040646,-113.67377874801,-113.61185576362,-41.29512228139,0.00128923659194,-0.0003315706525,-105.22189322005,100.32531406228,-0.011252370965404,100006234.46055,-9.982844721711E-13,-1096.0171354828,-0.011252370965404,-437.7757400554,-0.002896161534747,-1096.0171354828,955.55614595154
755.9393000001,636.82334226538,209.62331766102,4.6371273670034E-15,0.00115108786345,1.7295465301928,6.4400848868436E-12,75.992591246911,8.4892026722501,-2.5760339547374E-11,-303.93568409076,5.1226125061497E-15,0.059164273742919,-1.7243764768885E-11,55.914911258941,1.2085608353168E-11,-1.2036407823398E-11,-117.26464039811,-117.54281957379,0.008604845554159,0.008615424496847,-1.204328893917E-11,1.2073626537095E-11,-0.008609959461734,-0.008610384110877,-117.42714124944,-117.56704498146,-42.681429592575,0.001182294005956,-0.000303931528401,-71.258238509357,75.542083105194,-0.012011145694546,100006269.02812,-3.0200983636828E-12,-1103.5497766647,-0.012011145694546,-440.93054940201,-0.001897061339904,-1103.5497766647,962.1078953247
756.7793000001,78.319133928839,26.104858796855,4.2411649909855E-17,0.001594842333287,1.7298156188192,6.5347965047129E-14,13.03182721557,8.0511400947718,-2.6139186018852E-13,-52.122306677781,5.0864132002305E-17,0.010145973529788,-9.0750737927905E-12,40.108157460783,6.3723935894584E-12,-6.3354463535906E-12,-84.248337010848,-84.246878927591,0.004620370392989,0.00462577641428,-6.3510165235219E-12,6.3541251312872E-12,-0.004617708056697,-0.004628485445194,-84.248756228929,-84.248000038473,-30.775176228698,0.000195926235012,-5.2122306677821E-05,-12.943472717956,45.0271259359,-0.011284126786601,100006288.62627,-1.3777090621747E-13,-998.97978641146,-0.011284126786601,-397.43005992796,0.001362134528667,-998.97978641146,871.14212748413
757.7793000001,13.371179486351,4.4568544735208,8.6482678553216E-20,0.001761928446714,1.7300885290013,1.5042547590208E-16,3.962686915014,7.568430679973,-6.0170190360834E-16,-15.849250798799,1.1708574572477E-19,0.003085163798165,-2.4019845831876E-12,22.51933413923,1.6866062831972E-12,-1.6768909954662E-12,-47.302938987796,-47.301027976339,0.001226666811056,0.00122808156677,-1.6809791414016E-12,1.681805590162E-12,-0.00122596304012,-0.001228797570156,-47.302997477337,-47.302286815722,-17.311433762542,5.8127441390154E-05,-1.5849250798789E-05,-12.79746537763,45.035977593523,-0.010273289835365,100006296.00538,-1.3441058722842E-13,-889.20431837933,-0.010273289835365,-352.06356874894,-0.003737381300324,-889.20431837933,775.61073975373
758.7793000001,0.7461263055605,0.2486865230148,1.5699415152801E-22,0.001801444747358,1.7303308875137,3.0929461925696E-19,0.53630323258632,7.1037970400316,-1.2371784770279E-18,-2.1450103200807,2.4073367598884E-22,0.000417540776067,-6.3213136246819E-13,9.2844657084067,4.4386484845499E-13,-4.413082211804E-13,-19.502614858633,-19.501370469853,0.000322842990964,0.00032321526662,-4.4238402454854E-13,4.4260152752772E-13,-0.00032265777674,-0.000323403699696,-19.502678772152,-19.502160311578,-7.165419911694,7.535099890536E-06,-2.1450103200798E-06,-12.744427914209,39.420993544498,-0.009263473643725,100006297.75055,-1.3237973248269E-13,-788.49145632212,-0.009263473643725,-310.82889366727,-0.000808419758344,-788.49145632212,687.92920125198
759.7793000001,0.002915167643416,0.000971572831842,1.4844668860426E-25,0.001804263318499,1.7305631876772,3.3584030241809E-22,0.007280749893593,6.6224132085598,-1.3433612096724E-21,-0.029120248909847,2.6138883951985E-25,5.6684535617966E-06,-1.6634985282209E-13,2.6718415548239,1.1680618371655E-13,-1.1613338936115E-13,-5.6123982866859,-5.6119695355877,8.4958489366134E-05,8.5056456256779E-05,-1.1641649453569E-13,1.1647373197269E-13,-8.4909748911409E-05,-8.5106043774497E-05,-5.6124213888984,-5.6122374780855,-2.0673636902089,9.3332078179102E-08,-2.9120248909846E-08,-18.364025038603,28.182056047181,-0.008254676152199,100006297.87503,-1.310352096074E-13,-689.56572174104,-0.008254676152199,-270.67493254948,-0.000173565424009,-689.56572174104,601.76199820213
760.7793000001,7.6670371593113E-07,2.5551714876573E-07,4.6209813409616E-29,0.001804282735214,1.7307928816508,1.227926772016E-25,7.2609055669944E-06,6.1046557763237,-4.911707088064E-25,-2.9040879100942E-05,9.5568607939933E-29,5.6530036912538E-09,-4.3776128421456E-14,0.70459289838455,3.0738365034431E-14,-3.0561314485197E-14,-1.480049114855,-1.479935243625,2.235742138227E-05,2.2383202057506E-05,-3.0635815598283E-14,3.0650878026124E-14,-2.2344594990373E-05,-2.2396251359953E-05,-1.4800552593443,-1.4800063340725,-0.54526529003572,8.0707942432416E-11,-2.9040879100942E-11,-23.991413384261,28.193045086027,-0.007246895307535,100006297.87589,-1.2998537385205E-13,-589.62886876411,-0.007246895307535,-230.44817547271,-0.000135253787116,-589.62886876411,514.674241084
761.7793000001,2.5130214431569E-11,8.3747282196459E-12,2.9995979847386E-33,0.001804282748102,1.7310205563495,9.6650109562732E-30,9.0431986491447E-10,5.538917112664,-3.8660043825093E-29,-3.616937808046E-09,7.5219075066517E-33,7.040614269405E-13,-1.1519994666499E-14,0.18541950381703,8.0890159562684E-15,-8.0424238635524E-15,-0.38948728166929,-0.38945731482835,5.8835119591083E-06,5.8902963248545E-06,-8.0620293542005E-15,8.0659931363731E-15,-5.8801366042951E-06,-5.8937303401377E-06,-0.38948889869208,-0.38947602318812,-0.14349119871278,8.3619704222779E-15,-3.616937808046E-15,-23.993971284221,28.203466881074,-0.006240129062679,100006297.87589,-1.288520053436E-13,-488.43845311307,-0.006240129062679,-190.05258421014,-0.000112365141917,-488.43845311307,426.45404942105
762.7793000001,7.3181385645244E-17,2.4386562577579E-17,1.9231465916044E-38,0.001804282748103,1.7312461943789,7.8781721435474E-35,1.0006540729146E-14,4.9086237435743,-3.1512688574189E-34,-4.002238245084E-14,6.1308782154104E-38,7.7906276503812E-18,-3.031567246841E-15,0.048794440619776,2.128681179607E-15,-2.1164201439138E-15,-0.10249630511547,-0.10248841913126,1.5482873619829E-06,1.5500727154756E-06,-2.1215794663404E-15,2.1226225630628E-15,-1.5473991137361E-06,-1.5509764006353E-06,-0.10249673064642,-0.10249334236703,-0.037760713587337,7.3214061742182E-20,-4.002238245084E-20,-29.621604857651,28.212871082293,-0.005234375376757,100006297.87589,-1.2775226794332E-13,-385.98129239262,-0.005234375376757,-149.48649394145,-8.906565577819E-05,-385.98129239262,337.08863163089
763.7793000001,5.1756327828987E-24,1.7245359177987E-24,2.8466226500159E-45,0.001804282748103,1.7314697737324,1.6029583143364E-41,2.6889675362631E-21,4.1847070498612,-6.4118332573457E-41,-1.0754854254806E-20,1.2472811327105E-44,2.0935051788083E-24,-7.9777814471093E-16,0.012840598655634,5.6017735518269E-16,-5.5695077772056E-16,-0.026972620260776,-0.026970545008785,4.0744265872779E-07,4.0791248703795E-07,-5.5830848961769E-16,5.5858298774218E-16,-4.0720890998386E-07,-4.0815029811345E-07,-0.026972732242245,-0.026971840592712,-0.00993699614068,1.4392639815141E-26,-1.0754854254806E-26,-40.874309724875,28.220390045879,-0.004229632215045,100006297.87589,-1.2686666818225E-13,-282.24570606211,-0.004229632215045,-108.74889512898,-6.5323531390399E-05,-282.24570606211,246.56649871801
764.7793000001,3.1689339415495E-34,1.0556905391328E-34,2.9890295520034E-55,0.001804282748103,1.7316912720409,2.6981650370272E-51,6.2549520150879E-31,3.3062303303698,-1.0792660148109E-50,-2.5017444944813E-30,2.0987749796854E-54,4.8698149975334E-34,-2.0994090394716E-16,0.003379093432382,1.4741459278435E-16,-1.4656549631488E-16,-0.007098033855097,-0.007097487737998,1.07221388114E-07,1.0734502673343E-07,-1.4692278772705E-16,1.4699502380902E-16,-1.0715987549578E-07,-1.0740760838261E-07,-0.00709806332381,-0.00709782867997,-0.00261499010265,2.1024747536944E-36,-2.5017444944813E-36,-40.877081843732,28.224112624522,-0.003225897548946,100006297.87589,-1.2592471930455E-13,-177.21989125858,-0.003225897548946,-67.838763538068,-4.1128126882391E-05,-177.21989125858,154.87611083658
765.7793000001,6.6264292322964E-53,2.2061274807906E-53,5.0322868532327E-74,0.001804282748103,1.7319106665675,1.151578761539E-69,4.9666255402263E-49,2.0863226256003,-4.606315046156E-69,-1.9864625779241E-48,8.9391228111707E-73,3.8667838662634E-52,-5.5247418649357E-17,0.000889232093533,3.8793182131914E-17,-3.8569736445913E-17,-0.001867897301819,-0.001867753587279,2.8216058929594E-08,2.824859530061E-08,-3.8663760187971E-17,3.8682769613077E-17,-2.8199871453517E-08,-2.826506409966E-08,-0.001867905056719,-0.001867843308544,-0.000688152952879,6.6792962997526E-55,-1.9864625779241E-54,-40.87991741255,28.218886026144,-0.002223169355966,100006297.87589,-1.2498209668991E-13,-70.891919579501,-0.002223169355966,-26.755059439368,-1.6468454510597E-05,-70.891919579501,62.006352470903
766.7793000001,2.1971714470061E-78,7.3691975032675E-79,6.1127505727792E-98,0.001804282748103,1.732127992239,2.5757174178118E-93,6.3136480357758E-74,0,1.0302869671247E-92,2.5252206847079E-73,1.9964228883915E-96,4.9155129930139E-77,-1.4526648929807E-17,0.000233812959178,1.0200203947244E-17,-1.0141451571176E-17,-0.000491141287809,-0.000491103499786,7.4190757195134E-09,7.4276307704199E-09,-1.0166173992724E-17,1.0171172292559E-17,-7.4148194160149E-09,-7.431961044432E-09,-0.000491143326867,-0.000491127090921,-0.000180941607353,4.4015600015977E-80,2.5252206847079E-79,-1.0341353664745E-06,0,-0.001221445619689,100006297.87589,-1.2416793447993E-13,36.715314186474,-0.001221445619689,14.49660627428,4.377619981337E-06,36.715314186474,32.030093829372
767.7793000001,2.8379920540335E-43,9.4686086821014E-44,1.6223436690609E-62,0.001804282748103,1.7323442498545,1.7799640065656E-58,3.0814953851477E-38,0,7.1198560262624E-58,1.2324817350561E-37,1.3857709717629E-61,2.3991091234296E-41,-3.8227893655219E-18,6.1529517116144E-05,2.6842550797325E-18,-2.6687939802618E-18,-0.000129247268334,-0.000129237324151,1.9523817158787E-09,1.9546330376069E-09,-2.6752998589578E-18,2.6766151961658E-18,-1.9512616398187E-09,-1.9557725795248E-09,-0.000129247804926,-0.000129243532323,-4.7616048948991E-05,8.4756263170012E-44,1.2324817350561E-43,-1.0246719346877E-06,0,-0.000220724329751,100006297.87589,-1.2351024820787E-13,144.99846670482,-0.000220724329751,55.800019978443,1.7283019192323E-05,144.99846670482,126.67787977718
768.77930000011,5.7571699895052E-31,1.9199885445614E-31,1.6106358911155E-49,0.001804282748103,1.7325597925738,1.0154811067979E-45,2.3743286073433E-25,0,4.0619244271918E-45,9.496417407688E-25,7.9061454487025E-49,1.8485419290343E-28,-1.0059937845102E-18,1.6191923193051E-05,7.0638051654023E-19,-7.0231181987055E-19,-3.4012323513274E-05,-3.4009706631875E-05,5.1378291698407E-10,5.1437536810789E-10,-7.0402388749814E-19,7.0437002759129E-19,-5.1348816112828E-10,-5.1467524654031E-10,-3.4012464721408E-05,-3.4011340355771E-05,-1.2530496637627E-05,1.142787118333E-30,9.496417407688E-31,-1.0152022971829E-06,0,0.00077899651818,100006297.87589,-1.2310109905622E-13,253.74250919944,0.00077899651818,97.113974619908,3.0349982164166E-05,253.74250919944,221.75310449333
769.77930000011,1.7432617580435E-23,5.8127890757245E-24,2.2134390053685E-41,0.001804282748103,1.732774611105,9.7899879473871E-38,2.7315224945353E-17,0,3.9159951789548E-37,1.0925058008797E-16,7.6218751323175E-41,2.1266364923125E-20,-2.647343072576E-19,4.2610179467809E-06,1.8588897825514E-19,-1.8481827221504E-19,-8.9505810504391E-06,-8.9498923997662E-06,1.3520557155283E-10,1.3536147922685E-10,-1.8526881482402E-19,1.8535990398607E-19,-1.3512800448607E-10,-1.3544039433547E-10,-8.9506182103549E-06,-8.9503223256365E-06,-3.2974879153289E-06,1.8805226505162E-22,1.0925058008797E-22,-1.0057264918388E-06,0,0.001777718922432,100006297.87589,-1.2249484049295E-13,362.94948411953,0.001777718922432,138.43893667132,4.3583791807493E-05,362.94948411953,317.2559120603
770.77930000011,3.5384786432603E-18,1.1797875595923E-18,1.9264643534353E-35,0.001804282748103,1.7329886960289,6.5616262924966E-32,2.1067396867128E-11,0,2.6246505169986E-31,8.426162820581E-11,5.1083381851933E-35,1.640209629049E-14,-6.9666686333691E-20,1.1213024760706E-06,4.8917986025383E-20,-4.8636222227937E-20,-2.3553781853869E-06,-2.3551969546149E-06,3.5580292715098E-11,3.5621320914461E-11,-4.8754785676738E-20,4.8778756420397E-20,-3.5559880398506E-11,-3.5642087977696E-11,-2.3553879675741E-06,-2.3553100836995E-06,-8.6774681592895E-07,1.8886457747519E-16,8.426162820581E-17,-9.9624455195047E-07,0,0.002775444875352,100006297.87589,-1.2184605853563E-13,472.62145577876,0.002775444875352,179.77537705533,5.6987745076228E-05,472.62145577876,413.18821247696
771.77930000011,-5.5034452605967E-14,-1.8357236315303E-14,9.2251261623426E-31,0.001804282744747,1.7332020377966,2.5545954871524E-27,9.2923376791797E-07,0,1.0218381948609E-26,3.7165840071701E-06,1.9887560755685E-30,7.2345823424458E-10,-1.8333274328651E-20,-3.9543575576514E-07,1.287310916559E-20,-1.2798961039621E-20,8.3041696772454E-07,8.307117153367E-07,9.3631403646189E-12,9.3739374195532E-12,-1.2830161851628E-20,1.2836469910197E-20,-9.3577686802693E-12,-9.3794024584681E-12,8.3026256747097E-07,8.3109163371943E-07,2.70674308041E-07,1.0271659548595E-11,3.7165840071701E-12,-9.8675650453568E-07,0,0.003772176363329,100006297.87589,-1.2145333920472E-13,582.76051042735,0.003772176363329,221.12377112078,7.0566271548674E-05,582.76051042735,509.55204571799
772.77930000011,-4.981486448487E-06,-1.6611707138747E-06,6.725172332259E-27,0.001804257007791,1.7334146221509,1.5688785526481E-23,0.006407439067411,0,6.2755142105925E-23,0.025627335539167,1.2213552329252E-26,4.9885343320327E-06,-4.8117316717003E-21,-0.005190393482773,3.37873856457E-21,-3.3591756266667E-21,0.010901433226976,0.010902696529909,1.9575936783158E-12,1.9618983111596E-12,-3.3674388369899E-21,3.36904623322E-21,-1.9559048596351E-12,-1.9636161881312E-12,0.010900326596451,0.010905645306186,0.00377167378977,8.4266626069835E-08,2.5627335539167E-08,-9.7717679282707E-07,0,0.004767915366818,100006297.87702,-1.2106180431001E-13,693.36628052561,0.004767915366818,262.48367766811,9.2045630262093E-05,693.36628052561,606.34732077365
773.77930000011,-2.7039244208716,-0.9014416909098,1.1806974694543E-23,0.001778730280378,1.7336219494339,2.3865889760161E-20,3.9540602852819,0,9.5463559040643E-20,15.814747122287,1.8578924005065E-23,0.00307844764388,2.0308120542661E-20,-4.5646448142354,-1.4139549463561E-20,1.4221910442698E-20,9.5877498918325,9.5881197175358,-1.0165405978064E-09,-1.0138585001758E-09,1.4139191243438E-20,-1.4219204516146E-20,1.0170190200798E-09,1.0133710187142E-09,9.5872717801797,9.5893696797731,3.3856989123529,5.8387187303039E-05,1.58147471223E-05,-9.3031277455775E-07,0,0.005762663860367,100006299.00437,-1.1944637503568E-13,801.97164555203,0.005762663860367,302.9380358329,0.001134332862561,801.97164555203,701.41358623716
774.77930000011,-31.833746984597,-10.611707213004,3.769544809737E-21,0.001609866251352,1.7338037274016,6.8245010838448E-18,10.411717006233,0,2.7298004335379E-17,41.642929048709,5.3124960382559E-21,0.008106079990804,7.137100332642E-18,-20.40705532505,-4.9744031992094E-18,4.9974161145726E-18,42.864985389247,42.865450697893,-3.9041558563682E-07,-3.894963349248E-07,4.973469259272E-18,-4.9972071449678E-18,3.9057878385388E-07,3.8932989404759E-07,42.864497130446,42.866771837204,15.481929491159,0.000156424855076,4.1642929048683E-05,-8.6679844217911E-07,0,0.006756423812632,100006306.46199,-1.1694457396821E-13,897.06018154813,0.006756423812632,338.22944227089,-0.000251912541681,897.06018154813,784.66826467245
775.77930000011,-94.923573778228,-31.642155812952,2.9914611778892E-19,0.001276175049409,1.7339570745117,4.9835859706137E-16,18.590716360348,0,1.9934343882455E-15,74.355758394545,3.8792753996815E-19,0.014473872586142,6.1260359306173E-16,-34.079096750573,-4.2717183894243E-16,4.2896404091799E-16,71.583328203868,71.583896657023,-3.7881033619881E-05,-3.7801371409146E-05,4.2710848253571E-16,-4.2892864754709E-16,3.7895528122354E-05,3.7786593042652E-05,71.582940086516,71.585097430497,25.945230527853,0.000282458858397,7.4355744283475E-05,-7.8515622458775E-07,0,0.007749197186408,100006321.19901,-1.1379601708718E-13,976.34677355341,0.007749197186408,367.5660249298,-0.001681942416818,976.34677355341,854.10080078955
776.77930000011,-187.43727572475,-62.480655243096,6.4580382758516E-18,0.000736565202536,1.7340757859134,1.0154250417572E-14,28.218085739974,0,4.0617001670288E-14,112.86027732907,7.9036896990436E-18,0.021969304967127,1.5307711615619E-14,-44.334438702533,-1.0679090924405E-14,1.071952831014E-14,93.124787394349,93.125511079914,-0.001037799120444,-0.001035885414953,1.0678081430304E-14,-1.0718048671842E-14,0.001038171836278,0.001035506115004,93.124580816352,93.126524298343,33.804611603089,0.000432217521054,0.000112860248839,-6.828572244665E-07,0,0.008740985938649,100006345.03045,-1.0984350578709E-13,1035.6239376088,0.008740985938649,389.44607456233,-0.003004584674662,1035.6239376088,906.01865636074
777.77930000011,-268.17847871314,-89.393449273226,4.3261611952177E-17,1.7003563199761E-05,1.7341595251463,6.5638826899343E-14,35.300812539644,0,2.6255530759737E-13,141.18065172615,5.1086354719864E-17,0.027483603882669,1.2670155501431E-13,-50.706938304998,-8.8428797998247E-14,8.8731558903672E-14,106.51024428905,106.51113603291,-0.00911895855942,-0.009104406400187,8.8426551980527E-14,-8.8713009413946E-14,0.009122081480553,0.009101238606845,106.51036539054,106.51181108717,38.717169483778,0.000544444299309,0.000141180651727,-5.6666688847255E-07,0,0.009731792020492,100006378.27778,-1.0523888934522E-13,1074.0199180365,0.009731792020492,403.60262422456,0.011446442023972,1074.0199180365,939.63807353623
778.77930000011,-308.23210325977,-102.62565100317,1.1946224543288E-16,0.0009417983063,1.734215619978,1.7778792019932E-13,38.085024099881,0,7.1115168079729E-13,152.30008977561,1.3835493888616E-16,0.029651281856171,4.2406643923522E-13,-53.935295633817,-2.9614296063865E-13,2.9701096045773E-13,113.29396460036,113.28967197508,-0.031493583518119,-0.031452474172902,2.9616385565874E-13,-2.9691980277611E-13,0.031502113041276,0.031443839822528,113.29950356393,113.28520892763,41.23775265576,0.000590677997916,0.000152301065962,-1.012838355734E-06,0,0.010721617377284,100006419.15448,-1.0034061739757E-13,1095.3713891456,0.010721617377284,411.46486065829,-0.001903388151794,1095.3713891456,958.35164179659
779.52930000011,-376.44147030261,-125.31579499354,1.8327222194703E-16,0.001719480421577,1.7342448242906,2.7086997881038E-13,45.035308206647,0,1.0834799152415E-12,180.08508439042,2.101449622861E-16,0.035062477107102,7.5594829424731E-13,-55.716710028789,-5.2918956597607E-13,5.2939195019787E-13,117.01792126943,117.05067687279,-0.056733388701395,-0.056743000748794,5.2916194113851E-13,-5.2929435513841E-13,0.056749832105366,0.056725775654481,117.0462334418,117.02099801964,42.565814377922,0.000697358452638,0.000180085422819,-2.9475934467433E-08,0,0.011463343962227,100006453.50295,-9.732363930775E-14,1103.1170937774,0.011463343962227,414.32673305394,2.7068812700288E-05,1103.1170937774,965.13369377354
780.27930000011,-189.60919567436,-63.257413878867,4.9995727313131E-17,0.002406906967699,1.7341692129577,7.7035847740575E-14,25.135027840696,0,3.081433909623E-13,100.51989643481,5.98423006104E-17,0.019569018409167,8.6231632560482E-13,-50.390268479373,-6.0496943125089E-13,6.0358220866498E-13,105.83407346373,105.85249275049,-0.064528176132419,-0.064583981688696,6.0452064324453E-13,-6.0377022760461E-13,0.064505124926878,0.064600768627434,105.8425006116,105.85353767655,38.630579974145,0.000380324420193,0.000100519900138,-3.4784070495962E-06,0,0.011652544504124,100006483.8653,-1.0266968548291E-13,1057.0560852546,0.011652544504124,397.38069268957,-3.6882246743579E-05,1057.0560852546,924.78398631513
781.27930000011,-22.772554524872,-7.5906054109713,4.70461386747E-20,0.002647792479958,1.7339119794596,8.2914604135012E-17,5.4539709376727,0,3.3165841654005E-16,21.813749941619,6.4394829981685E-20,0.004246220834988,2.3935830203876E-13,-27.866394040441,-1.6785831685399E-13,1.6756638702734E-13,58.529656925933,58.537695383992,-0.017822056013538,-0.017834654024228,1.6776131271567E-13,-1.6759210179534E-13,0.017816832605427,0.017838255711428,58.534489088371,58.533555089906,21.420678600817,8.0530112869221E-05,2.181374994161E-05,-2.9000739106071E-06,0,0.010663640629425,100006494.50366,-1.0153863644597E-13,921.81238882322,0.010663640629425,347.43075570223,-0.000824800409948,921.81238882322,806.33822023341
782.27930000011,-1.2780603353591,-0.42599632738159,5.5716295919057E-23,0.002701751315057,1.7336852457282,1.121284538081E-19,0.73222217079009,0,4.485138152324E-19,2.9286033028311,8.7081010386897E-23,0.000570075859635,6.3004565042723E-14,-11.648625933361,-4.4184064373506E-14,4.4107322446529E-14,24.465409547805,24.470604188554,-0.004690874839615,-0.004694188311837,4.4158559914823E-14,-4.4114063330678E-14,0.004689501165678,0.00469513524129,24.468529449544,24.468026660529,8.9887219859476,1.0354088881767E-05,2.9286033028295E-06,-2.6846572407081E-06,0,0.009673757855706,100006496.88664,-1.0018844946385E-13,805.43050921218,0.009673757855706,304.25731420823,-0.000426979185064,805.43050921218,704.43821944879
783.27930000011,-0.004170354569993,-0.001389975418071,3.5658241829481E-26,0.002705529907144,1.7334663229691,8.304741796733E-23,0.008277198798206,0,3.3218967186932E-22,0.033105569182584,6.4478883465039E-26,6.444261626474E-06,1.6580086916307E-14,-3.362192382394,-1.1627341929541E-14,1.1607146886845E-14,7.061380647292,7.0632084169157,-0.001234435602213,-0.001235307562554,1.1620630292287E-14,-1.1608920761439E-14,0.001234074111844,0.001235556752314,7.0624774524318,7.0623089942515,2.6015640610991,1.0630917949069E-07,3.3105569182584E-08,-2.6641218205615E-06,0,0.008682894243095,100006497.05352,-9.9367863614902E-14,694.41416170986,0.008682894243095,262.90874081768,6.9343832402808E-05,694.41416170986,607.25978583288
784.27930000011,-5.9871801182347E-07,-1.9954575484563E-07,6.9059639421434E-30,0.002705549960412,1.7332473014366,1.9072484826958E-26,4.507785367491E-06,0,7.628993930783E-26,1.8029384577366E-05,1.4801833759643E-29,3.5095627124037E-09,4.3631593535802E-15,-0.88627554608211,-3.0598118066446E-15,3.0544973475364E-15,1.8613816058341,1.8618667420091,-0.000324849879531,-0.000325079341676,3.058045595018E-15,-3.0549641543132E-15,0.000324754750956,0.000325144917605,1.8616727097152,1.8616280566651,0.68586393559557,4.9564497227025E-11,1.8029384577366E-11,-2.6757743778996E-06,0,0.007691047845912,100006497.0544,-9.86098082329E-14,584.22967575316,0.007691047845912,221.70816721056,7.0350677337171E-05,584.22967575316,510.83295521774
785.27930000011,-7.9569361098373E-12,-2.6518851772374E-12,2.385930273399E-34,0.002705549967406,1.733027547495,8.0925428260349E-31,2.2764153146299E-10,0,3.237017130414E-30,9.1047740341507E-10,6.2766332498185E-34,1.7723164824834E-13,1.1481941915944E-15,-0.23322976859535,-8.0520967937969E-16,8.0381114428419E-16,0.48983592331801,0.4899635920265,-8.5486390617065E-05,-8.5546775102109E-05,8.0474488913155E-16,-8.0393398756645E-16,8.5461356904639E-05,8.5564031840433E-05,0.48991253036273,0.48990077947088,0.18049006916131,2.043756793104E-15,9.1047740341507E-16,-2.6877788091828E-06,0,0.006698216712678,100006497.0544,-9.8001099926683E-14,474.51272309493,0.006698216712678,180.52066433905,5.6906417063421E-05,474.51272309493,414.83812872007
786.27930000011,-6.6483418422429E-18,-2.2156778775495E-18,6.1174431045481E-40,0.002705549967406,1.7328070672324,2.6879038331133E-36,7.2273099394975E-16,0,1.0751615332453E-35,2.8906422940451E-15,2.0827295089474E-39,5.626864503931E-19,3.0215488245393E-16,-0.061375953522041,-2.1189624353944E-16,2.1152820977089E-16,0.12890355739798,0.12893715426105,-2.2496308113979E-05,-2.2512198691632E-05,2.117739309176E-16,-2.1156053679086E-16,2.2489720327348E-05,2.2516739916179E-05,0.12892371704734,0.12892062472263,0.047497153401274,5.0030715138436E-21,2.8906422940451E-21,-2.6998184227665E-06,0,0.005704398886097,100006497.0544,-9.7412328949629E-14,365.2592937817,0.005704398886097,139.34504504972,4.3622894719588E-05,365.2592937817,319.27155249226
787.27930000011,-6.9116367235557E-26,-2.3032632626985E-26,1.9591616881218E-47,0.002705549967406,1.7325858700337,1.2216220698769E-43,2.8548059125547E-23,0,4.8864882795077E-43,1.1418110999623E-22,9.4489344580972E-47,2.2226258718902E-26,7.9514052291077E-17,-0.016151487403916,-5.5761895535973E-17,5.5665045013431E-17,0.033921822214793,0.033930663450976,-5.9200520118587E-06,-5.9242337227395E-06,5.572970816216E-17,-5.5673552081957E-17,5.9183183923317E-06,5.9254287759414E-06,0.033927127359544,0.0339263135939,0.012499189517391,1.3883995204808E-28,1.1418110999623E-28,-2.7118926762851E-06,0,0.00470959240303,100006497.0544,-9.6818930062484E-14,256.46732323351,0.00470959240303,98.180838697984,3.0507843691584E-05,256.46732323351,224.13121460813
788.27930000011,-9.4608859430049E-38,-3.1520989698958E-38,7.6592458146911E-59,0.002705549967406,1.7323639651578,8.2195621680096E-55,1.4844332242819E-34,0,3.2878248672038E-54,5.9371543437862E-34,6.3302112162664E-58,1.1557141854294E-37,2.0924647850799E-17,-0.004250370550499,-1.467411097916E-17,1.4648624123011E-17,0.008926751484595,0.00892907811423,-1.5579007740089E-06,-1.5590012189564E-06,1.4665640659275E-17,-1.4650862814205E-17,1.5574445605897E-06,1.5593157050913E-06,0.008928147568442,0.008927933420645,0.003289244247371,4.1710893214352E-40,5.9371543437862E-40,-2.7240011880896E-06,0,0.003713795294475,100006497.0544,-9.6314317694957E-14,148.13476949149,0.003713795294475,57.027579371979,1.7558018579899E-05,148.13476949149,129.41524889341
789.27930000011,-5.5333596764671E-63,-1.8380266916024E-63,1.2908773092656E-83,0.002705549967406,1.7321413617394,4.9426541029096E-79,3.2860169070303E-59,0,1.9770616411638E-78,1.3142786897675E-58,3.7014630524151E-82,2.5583477217936E-62,5.5064592366283E-18,-0.001118513073426,-3.8615891902344E-18,3.8548821553185E-18,0.002349133592032,0.002349745859972,-4.0997187470582E-07,-4.1026146409088E-07,3.8593601696448E-18,-3.8554712816719E-18,4.0985181913383E-07,4.1034422319219E-07,0.002349500980709,0.002349444626303,0.000865586340923,2.5155958508962E-65,1.3142786897675E-64,-2.7361435809271E-06,0,0.002717005585541,100006497.0544,-9.5922535218055E-14,40.259612168066,0.002717005585541,15.884805554683,4.770255150886E-06,40.259612168066,35.123621231728
790.27930000011,-1.9912539509203E-61,-6.6342048360555E-62,2.7663268394773E-82,0.002705549967406,1.7319178341938,6.711922068051E-78,4.5189531203671E-57,2.0278770847187,-2.6847688272204E-77,-1.8074051243037E-56,5.3664279695362E-81,3.5182574305496E-60,1.4478470852906E-18,-0.000294097541403,-1.0153520677867E-18,1.0135878512224E-18,0.000617672188168,0.000617833168243,-1.0779643479901E-07,-1.0787262886976E-07,1.0147660237172E-18,-1.0137427006559E-18,1.0776487018136E-07,1.0789438709341E-07,0.000617768784458,0.000617753967839,0.000227593955578,5.7482737962865E-63,-1.8074051243037E-62,-61.674897112873,97.015725527336,0.001719221295426,100006497.0544,-9.5611130969844E-14,-67.01861931011,0.001719221295426,-25.220773218512,-1.5485083103721E-05,-67.01861931011,58.628846800756
791.27930000011,-5.1850652805613E-39,-1.7282017132003E-39,1.8625698126398E-58,0.002705549967406,1.7316923402088,1.7236849493123E-54,4.4720282926317E-34,3.2657279295983,-6.8947397972491E-54,-1.7886370218504E-33,1.3539648652682E-57,3.4817238315036E-37,3.8101051988416E-19,-7.7393709798527E-05,-2.6719660051752E-19,2.6673233524968E-19,0.000162544514496,0.000162586877465,-2.8367343542324E-08,-2.8387394517288E-08,2.6704237915219E-19,-2.6677308489946E-19,2.8359037104884E-08,2.8393120337398E-08,0.000162569934447,0.000162566035356,5.9892852096788E-05,1.4682122797561E-39,-1.7886370218504E-39,-61.666190653869,96.624075104148,0.000720440437392,100006497.0544,-9.5334125914143E-14,-173.0671997781,0.000720440437392,-66.167414358693,-3.995426850027E-05,-173.0671997781,151.25800854892
792.27930000011,-8.8555364755142E-29,-2.9516123441251E-29,2.7913301753189E-47,0.002705549967406,1.7314647776365,1.5983653710417E-43,2.9021524126681E-23,4.1496805924906,-6.393461484167E-43,-1.1607478549863E-22,1.2508738727749E-46,2.2594877664412E-26,1.0026543392409E-19,-2.0366665725276E-05,-7.031454959632E-20,7.0192375117702E-20,4.2774662189491E-05,4.2785810284259E-05,-7.4650537482859E-09,-7.4703302953066E-09,7.0273965226033E-20,-7.0203098656818E-20,7.4628678544565E-09,7.4718370826465E-09,4.2781351617375E-05,4.2780325545851E-05,1.576119947169E-05,1.5294259331237E-28,-1.1607478549863E-28,-61.657603744756,96.456417206256,-0.000279338981258,100006497.0544,-9.505527944852E-14,-277.82232720244,-0.000279338981258,-106.94172347665,-6.3963161873126E-05,-277.82232720244,242.71583435638
793.27930000011,-3.0049066286945E-22,-1.0015476789816E-22,6.4923271563663E-40,0.002705549967406,1.7312351688395,2.6945820590284E-36,3.7419841267722E-16,4.8761563994605,-1.0778328236114E-35,-1.4966478085327E-15,2.1053577419096E-39,2.9133436686424E-19,2.6385510938235E-20,-5.3596225562337E-06,-1.8503737979291E-20,1.847158695646E-20,1.1256434774301E-05,1.1259368468994E-05,-1.9644781818098E-09,-1.9658667401473E-09,1.8493057934356E-20,-1.8474408926509E-20,1.9639029494231E-09,1.9662632611773E-09,1.1258195141389E-05,1.1257925123899E-05,4.1476637040897E-06,2.7064280762953E-21,-1.4966478085327E-21,-61.649145567104,96.35863312968,-0.001280118959203,100006497.0544,-9.4861076727236E-14,-381.29580679098,-0.001280118959203,-147.54473017036,-8.7522626195356E-05,-381.29580679098,333.01310582978
794.27930000011,-1.5396025771656E-17,-5.1315103386907E-18,2.0437554998373E-34,0.002705549967405,1.7310035358192,6.6578994633142E-31,7.2856393239649E-11,5.5078251416333,-2.6631597853257E-30,-2.91397177498E-10,5.1972966811004E-34,5.6722771871102E-14,6.9435214128926E-21,-1.4103686166757E-06,-4.8693808201706E-21,4.8609200656773E-21,2.9620969380427E-06,2.9628692357539E-06,-5.1696540399005E-10,-5.1733081232415E-10,4.8665702958488E-21,-4.8616626857076E-21,5.1681402779134E-10,5.1743515944939E-10,2.9625603118522E-06,2.9624892568193E-06,1.0914480376007E-06,6.6817832805884E-16,-2.91397177498E-16,-61.640825883047,96.29006601366,-0.002281901501128,100006497.0544,-9.471834308618E-14,-483.49931985715,-0.002281901501128,-187.97744872903,-0.000110643222574,-483.49931985715,422.16121771254
795.27930000011,9.2987104327654E-14,3.098721472598E-14,4.9521265664772E-30,0.00270554996296,1.7307699002245,1.3286513669042E-26,1.1612829171683E-06,6.0743362240345,-5.314605467617E-26,-4.6446790637E-06,1.036570766073E-29,9.0412361990469E-10,1.8272232501686E-21,5.3382848521457E-07,-1.2814025391165E-21,1.2791760454996E-21,-1.1233045788238E-06,-1.1190643986276E-06,-1.360428253385E-10,-1.3613898504125E-10,1.2806629488886E-21,-1.2793714551391E-21,1.3600298975084E-10,1.3616644461882E-10,-1.1214706538313E-06,-1.1214246013505E-06,-3.6880876973025E-07,1.287384277169E-11,-4.6446790637E-12,-61.632655016917,96.236528068711,-0.003284688617751,100006497.0544,-9.4626899506925E-14,-584.44442552102,-0.003284688617751,-228.24087831675,-0.000133333689007,-584.44442552102,510.17153201728
796.27930000011,1.5648242115492E-06,5.2149782332099E-07,2.1823592213418E-26,0.002705534986896,1.7305342864667,4.9803461389451E-23,0.003500149648759,6.5925023041062,-1.992138455578E-22,-0.013999234426775,3.8839349940385E-26,2.725062018822E-06,4.3895904613528E-22,0.002982211814956,-3.0791678544376E-22,3.073479352137E-22,-0.006269437703448,-0.006258032206394,-3.5702963966851E-11,-3.5728489731378E-11,3.0778263005355E-22,-3.0734704888796E-22,3.5692624605535E-11,3.573557466735E-11,-0.006264787754973,-0.006264494447367,-0.002173587411941,4.5420141884713E-08,-1.3999234426775E-08,-61.62447070028,96.191807106608,-0.004288482325842,100006497.05507,-9.457223215271E-14,-684.14126323186,-0.004288482325842,-268.33548059867,-0.000150757312396,-684.14126323186,597.05419013971
797.27930000011,0.63775373375247,0.21255482726108,2.7422368028844E-23,0.002694260791672,1.7302990872266,5.4543184489075E-20,2.0251155164036,7.0684588057083,-2.181727379563E-19,-8.0996727493957,4.2519903516106E-23,0.00157666555887,-4.9943335548048E-20,2.1013093718244,3.4916083167026E-20,-3.4918823432898E-20,-4.4161214381637,-4.4110876115006,7.3279745171553E-11,7.3088264643435E-11,-3.4856539901505E-20,3.4968949609339E-20,-7.3178359076078E-11,-7.3188931311671E-11,-4.4141517967873,-4.4139873356338,-1.5493594629923,2.9609581023646E-05,-8.099672749412E-06,-55.90549535807,96.12188694284,-0.005293284648253,100006497.55297,-9.4246165608672E-14,-781.63930642109,-0.005293284648253,-307.87206135083,0.002793167453257,-781.63930642109,681.98487982806
798.27930000011,18.521466219745,6.173623398613,8.2405329402198E-21,0.002570968427959,1.730086113914,1.4693968336556E-17,7.8784719442186,7.4722237006766,-5.8775873346223E-17,-31.510814706063,1.1449942957628E-20,0.006133830972112,-1.5398307777061E-17,15.68974988793,1.0762524229206E-17,-1.0770712804727E-17,-32.95963748339,-32.95274234892,1.8675285104873E-08,1.8636319056713E-08,-1.074897845942E-17,1.0781471179205E-17,-1.8657366284732E-08,-1.8653958427696E-08,-32.957141193561,-32.956850038149,-11.88846104393,0.00011773791529,-3.151081470606E-05,-55.704615991949,96.023226933278,-0.006299097613936,100006502.99793,-9.357599484976E-14,-868.58729401868,-0.006299097613936,-343.41545681746,0.003777995362131,-868.58729401868,757.69147027857
799.27930000011,61.140254845808,20.379629228059,7.4620260200609E-19,0.002315632433613,1.7299007354838,1.2206484407237E-15,14.309153012046,7.8078244518299,-4.8825937628947E-15,-57.23101948668,9.508458702984E-19,0.01114047756323,-1.4611561284245E-15,28.516847519895,1.021072696159E-15,-1.0223761964421E-15,-59.902532577096,-59.896861789236,1.3536256518367E-06,1.3509772657638E-06,-1.0201307776572E-15,1.0230612282861E-15,-1.352653214445E-06,-1.351931792736E-06,-59.900704085968,-59.900424591834,-21.699066157705,0.00021631404257,-5.7231019486641E-05,-44.24920049367,67.805037665743,-0.007305923257979,100006514.27437,-9.3042387629587E-14,-943.69866697869,-0.007305923257979,-374.33904072402,0.006985687543346,-943.69866697869,823.06917564577
800.27930000011,130.32728293285,43.441640442053,2.3061826008557E-17,0.001895622435997,1.7297510965253,3.5340437486557E-14,22.28120979357,8.072420047324,-1.4136174994623E-13,-89.116062273374,2.7520839581434E-17,0.017347175171842,-4.9490868970216E-14,39.037977981157,3.4579806464452E-14,-3.4639061965602E-14,-82.001533970667,-81.997436862602,3.6699303225832E-05,3.6632862136161E-05,-3.4558242642752E-14,3.4652137951069E-14,-3.6681382106967E-05,-3.6650310444966E-05,-82.000475924475,-82.000305892681,-29.752947914849,0.00033971420937,-8.9116046399557E-05,-27.165011719856,67.710280791326,-0.008313763621616,100006532.82342,-9.2741246786953E-14,-1004.6542573211,-0.008313763621616,-399.59023377791,0.011605054898805,-1004.6542573211,876.11005020062
801.27930000011,217.54003215889,72.51222970778,2.6175711060088E-16,0.001284238091372,1.7296441080659,3.8316075064701E-13,31.023583395436,8.2637812369449,-1.532643002588E-12,-124.08169042389,2.9830436612039E-16,0.024153614248055,-6.4701401515216E-13,46.799459713048,4.5202675598746E-13,-4.5296436340073E-13,-98.303846984372,-98.30131931788,0.000405365536048,0.000404691532493,-4.518609786128E-13,4.5302125043928E-13,-0.000405252232873,-0.000404799378387,-98.303514540196,-98.303508021395,-35.70038895875,0.000475982246859,-0.000124081659202,-4.5200913294523,61.996620023414,-0.009322620752264,100006559.82445,-9.2870417491612E-14,-1049.6599685805,-0.009322620752264,-418.33445780731,-0.001718482317418,-1049.6599685805,915.24768936354
802.27930000011,304.88342069129,101.63082371617,1.243113625796E-15,0.000483202739262,1.729580467366,1.7675863520763E-12,39.202636566472,8.3875593854226,-7.070345408305E-12,-156.79322604116,1.3758347082527E-15,0.030521485512104,-3.6759481008541E-12,51.908068831025,2.5678845440305E-12,-2.5739881409873E-12,-109.03365609977,-109.03288455851,0.002051238216053,0.002048087157627,-2.5674657203444E-12,2.5737962642771E-12,-0.002051043470203,-0.002048252181603,-109.03373020415,-109.03470164351,-39.615942569005,0.000603853369139,-0.000156793178542,-4.5662119849465,11.308379130044,-0.010332496703541,100006595.20205,-9.3642455315486E-14,-1079.1533302589,-0.010332496703541,-430.66215850107,-0.003234566153518,-1079.1533302589,940.89661559666
803.27930000011,748.1042260143,252.11014682834,3.2350798625516E-15,0.000535952767106,1.7295664238386,4.5466599970644E-12,81.491049700994,8.4372704494114,-1.8186639988258E-11,-325.92739365577,3.5677743386498E-15,0.063445462497238,-1.083157243805E-11,60.607335246782,7.633084455886E-12,-7.5686301219761E-12,-127.27629124551,-127.33928880243,0.00560579923432,0.00561428141705,-7.6142241498268E-12,7.5839628305064E-12,-0.005591635032983,-0.005628006177782,-127.03878562446,-127.57228356884,-45.859807433348,0.001191059305127,-0.000325921694036,63.308477627424,-81.209020893934,-0.011343393567081,100006640.20938,-3.9606142264894E-12,-1090.7557608942,-0.011343393567081,-435.59378399427,-7.1067441368422E-05,-1090.7557608942,950.98226583135
804.27930000011,147.74118622703,47.680589724866,1.1118486317611E-15,0.001404884772624,1.7296542387962,1.6071325655198E-12,18.834689433847,8.3182304385951,-6.4285302620792E-12,-75.329500573249,1.2595317758989E-15,0.014663897205857,-1.6106256115871E-11,50.737615397316,1.1322551085856E-11,-1.1246000260255E-11,-106.17716648275,-106.91012526575,0.008062447761098,0.008084517673333,-1.1298646797986E-11,1.1277145146733E-11,-0.008056176081365,-0.008083684080063,-106.34516777074,-106.86807263836,-38.989244455798,0.000286249851262,-7.5329645693414E-05,-6.2430623869613,7.3741871304391,-0.011789928690217,100006678.58592,-1.5418989688434E-12,-1061.8710258135,-0.011789928690217,-423.59575022244,0.00027230523633,-1061.8710258135,925.85171759121
805.27930000011,34.651538713019,11.557049727472,1.8812574059144E-18,0.001700828480454,1.729957423386,3.0802853035879E-15,7.4967199042643,7.8054559844659,-1.2321141214352E-14,-29.983865560293,2.4083283787298E-18,0.005836632177927,-4.5589071103041E-12,30.866443753766,3.2035925654605E-12,-3.1826268305067E-12,-64.833421797477,-64.836575260876,0.002321908968639,0.002328064592488,-3.196075856854E-12,3.1920175850848E-12,-0.002320817279543,-0.002327340165844,-64.823316225436,-64.848400582093,-23.700125456702,0.000111432118281,-2.9983865560283E-05,-11.135762424279,2.9267333292001,-0.010778580584607,100006691.65622,-6.648926681376E-13,-942.46195604033,-0.010778580584607,-373.9899195665,-0.007535358346373,-942.46195604033,821.9624751361
806.27930000011,3.9968419785396,1.3334622416486,3.8851463039673E-21,0.00178913364627,1.7302116429123,7.1834028535917E-18,1.7521131495051,7.3369785877809,-2.8733611414367E-17,-7.0077488594697,5.6175822338363E-21,0.001364122016625,-1.2003770439409E-12,15.237526319156,8.4351435594273E-13,-8.3799669075136E-13,-32.00565421457,-32.006974728582,0.00061166563406,0.000613286620754,-8.4153421484242E-13,8.4046997142402E-13,-0.000611380829518,-0.000613093647209,-31.997732000754,-32.016246259815,-11.733940899234,2.525781369556E-05,-7.0077488594649E-06,-11.302277809158,2.7314312914029,-0.009768254270978,100006695.55613,-6.2276720597464E-13,-838.39683448424,-0.009768254270978,-331.18678154878,-0.001840209983557,-838.39683448424,731.38652790782
807.27930000011,0.069661555494132,0.023261440289771,5.4348608633879E-24,0.001802415607668,1.7304472316414,1.1445723365153E-20,0.090758603419808,6.8675627960276,-4.5782893460611E-20,-0.36299795714932,8.9554845129007E-24,7.0660853465073E-05,-3.1588815168088E-13,5.1308536887958,2.2197707111569E-13,-2.2052506231555E-13,-10.777035817923,-10.777514196357,0.000160965639518,0.000161392215176,-2.2145597981302E-13,2.2117592629848E-13,-0.000160890699053,-0.000161341425846,-10.773162988716,-10.782026237957,-3.967047473888,1.2271528118717E-06,-3.6299795714927E-07,-11.358838406781,2.6647166251428,-0.008758947686437,100006696.14271,-6.0835719941397E-13,-739.22534473252,-0.008758947686437,-290.76034315651,-0.0003165206773,-739.22534473252,645.0258450511
808.27930000011,6.2890057153636E-05,2.1018772032726E-05,3.104051976438E-27,0.00180274346924,1.7306779975504,7.5843170247683E-24,0.000305793785574,6.369540140324,-3.0337268099073E-23,-0.001223052308743,5.9390623862771E-27,2.3807825445349E-07,-8.3127928957532E-14,1.3758244180472,5.8414644850543E-14,-5.8032539717055E-14,-2.8898286182851,-2.8899611293672,4.2359110554983E-05,4.2471366592366E-05,-5.827751643073E-14,5.8203818623753E-14,-4.2339389520752E-05,-4.245800105229E-05,-2.8887308783963,-2.8912383320401,-1.0646979639945,3.6706024071929E-09,-1.2230523087429E-09,-11.373598471471,2.6454770300241,-0.007750658774611,100006696.15719,-6.038170314674E-13,-639.88803443188,-0.007750658774611,-250.60765869933,-0.000147384482135,-639.88803443188,558.48035963075
809.27930000011,5.7682600469574E-09,1.9290710574576E-09,4.7354582470629E-31,0.001802744121505,1.7309066874828,1.3787854371241E-27,1.0662472503441E-07,5.8294701360818,-5.5151417484964E-27,-4.2645607034364E-07,1.0809420394378E-30,8.301355231457E-11,-2.1875630249125E-14,0.36210554684864,1.5372176210568E-14,-1.5271622872063E-14,-0.7605788503421,-0.76061374197238,1.1147062749961E-05,1.1176603622744E-05,-1.5336090015273E-14,1.5316695980124E-14,-1.114187303705E-05,-1.1173086398378E-05,-0.76028975403085,-0.7609500920144,-0.28022313079423,1.0870602793295E-12,-4.2645607034364E-13,-11.385446211555,2.6285091962588,-0.006743385485346,100006696.15722,-5.9992142265866E-13,-539.32857704333,-0.006743385485346,-210.29720101575,-0.000123927812919,-539.32857704333,470.83036361773
810.27930000011,6.2235469859434E-14,2.0828805275748E-14,1.0960764084217E-35,0.001802744121664,1.7311333515198,3.9518713208783E-32,4.3743620925482E-12,5.2341771430018,-1.5807485283513E-31,-1.7495691245911E-11,3.1036293084485E-35,3.4056954076016E-15,-5.7567078210022E-15,0.095290332824018,4.0452835422044E-15,-4.0188223068055E-15,-0.20015106760395,-0.20016024955671,2.9334187213103E-06,2.9411925852823E-06,-4.0357872358044E-15,4.0306835751268E-15,-2.9320530160514E-06,-2.9402670059842E-06,-0.20007499005024,-0.20024876222942,-0.07374246569018,3.6263764092806E-17,-1.7495691245911E-17,-11.396467386753,2.6119435194747,-0.005737125774681,100006696.15722,-5.9603203848992E-13,-437.50824330976,-0.005737125774681,-169.81676708921,-0.000100847543706,-437.50824330976,382.04094803002
811.27930000011,3.6138674830421E-20,1.2108999591275E-20,1.3870178430113E-41,0.001802744121664,1.7313579679728,6.5738966797961E-38,9.6621763533799E-18,4.5620938941853,-2.6295586719184E-37,-3.8644824247248E-17,5.1781057595444E-41,7.522566475828E-21,-1.5149133789054E-15,0.025076242285567,1.0645414619681E-15,-1.0575780235657E-15,-0.052670995223129,-0.052673411510291,7.719473360426E-07,7.7399307658311E-07,-1.0620424499635E-15,1.060699389991E-15,-7.7158794220206E-07,-7.7374950467874E-07,-0.05265097494292,-0.052696704169191,-0.019405787361479,6.1274509948117E-23,-3.8644824247248E-23,-11.406700783509,2.5960875748229,-0.004731877604821,100006696.15722,-5.922481461867E-13,-334.41536000011,-0.004731877604821,-129.16533257757,-7.7330128690318E-05,-334.41536000011,292.10065474589
812.27930000011,1.4667426485512E-28,4.9261534378388E-29,1.0968374479005E-49,0.001802744121664,1.7315805146543,7.5981272904841E-46,1.4932371593667E-25,3.7723984899481,-3.0392509161936E-45,-5.9723488253726E-25,6.0208270271254E-49,1.1625720109425E-28,-3.9865885449559E-16,0.006598968736082,2.8014069036844E-16,-2.7830821831438E-16,-0.013860699175731,-0.013861335036512,2.0314273079879E-07,2.036810801157E-07,-2.7948305983966E-16,2.7912962527504E-16,-2.0304815407239E-07,-2.036169826659E-07,-0.013855430714798,-0.013867464644193,-0.005106753342033,6.5166356653813E-31,-5.9723488253726E-31,-11.416178928857,2.5811989025258,-0.003727638944108,100006696.15722,-5.8870637290456E-13,-230.03818643828,-0.003727638944108,-88.341880880864,-5.3364774029504E-05,-230.03818643828,200.99804458086
813.27930000012,1.1201836474308E-41,3.7888375432728E-42,1.1602648122911E-62,0.001802744121664,1.7318009690131,1.4971511104854E-58,4.3607582603311E-38,2.7661296868115,-5.9886044419417E-58,-1.7441281395739E-37,1.2084402670071E-61,3.3951040298729E-41,-1.0490955092269E-16,0.001736559564383,7.372076072548E-17,-7.3238534325986E-17,-0.003647528983005,-0.003647696313668,5.3458269948758E-08,5.3599939911923E-08,-7.354770116771E-17,7.3454692669184E-17,-5.3433381494455E-08,-5.3583072272439E-08,-0.003646142554828,-0.003649309357954,-0.0013438738254,1.0297122348015E-43,-1.7441281395739E-43,-11.424933910753,2.5674760520415,-0.002724407767,100006696.15722,-5.8504205796304E-13,-124.36485749486,-0.002724407767,-47.345380084116,-2.8940624810412E-05,-124.36485749486,108.72201707962
814.27930000012,4.1060055642872E-76,1.5940672024813E-76,7.0779088449118E-98,0.001802744121664,1.7320193081254,6.4534594111072E-93,6.9178621105151E-72,1.0363603262941,-2.5813837644429E-92,-2.7668669764262E-71,8.0785673338135E-96,5.3859581357011E-75,-2.7607599205906E-17,0.000456986423373,1.9400075564873E-17,-1.9273174693532E-17,-0.000959869881972,-0.000959913916062,1.4067875403058E-08,1.4105156732917E-08,-1.9354533867484E-17,1.9330058104036E-17,-1.4061325851375E-08,-1.410071790949E-08,-0.000959505034797,-0.000960338398672,-0.000353648734849,2.3750136362479E-78,-2.7668669764262E-77,-11.432997206833,2.5550602230805,-0.001722182054044,100006696.15722,-5.8159141594323E-13,-17.383381421306,-0.001722182054044,-6.1747826020731,-4.0465918108353E-06,-17.383381421306,15.275803799215
815.27930000012,3.1661878036132E-54,1.0471189319255E-54,9.3292570421734E-74,0.001802744121664,1.7322359537262,1.6189768837369E-69,1.7494552886872E-49,0,6.4759075349476E-69,6.9971184042177E-49,1.224673155523E-72,1.3620527361526E-52,-7.2590664664877E-18,0.000120158757631,5.1010026963172E-18,-5.0676357283704E-18,-0.00025238555591,-0.000252397134109,3.6989686002886E-09,3.7087712510055E-09,-5.0890280869488E-18,5.0825924967878E-18,-3.6972464789833E-09,-3.7076041190861E-09,-0.000252289623994,-0.000252508746403,-9.2987429043632E-05,3.0146893733307E-55,6.9971184042177E-55,5.3930943434448E-06,0,-0.000720959791855,100006696.15722,-5.7861699248923E-13,90.650776686561,-0.000720959791855,35.11993488562,1.0739046728619E-05,90.650776686561,79.168818775923
816.27930000012,3.4086372213817E-36,1.1303109072273E-36,4.4813246871269E-55,0.001802744121664,1.7324518580709,3.5865781842491E-51,7.1657471945294E-31,0,1.4346312736996E-50,2.8660110355189E-30,2.7484775495393E-54,5.578951130761E-34,-1.9102683774094E-18,3.1620522562531E-05,1.3423605072889E-18,-1.3335797824863E-18,-6.6416824894722E-05,-6.6419871768947E-05,9.7340653632379E-10,9.7598616468472E-10,-1.339209314467E-18,1.3375157489872E-18,-9.7295334938192E-10,-9.7567902671733E-10,-6.639157981588E-05,-6.6449243236389E-05,-2.4470218867702E-05,2.7082300572343E-36,2.8660110355189E-36,5.4179764547929E-06,0,0.000279261026913,100006696.15722,-5.7591894162534E-13,199.16327705798,0.000279261026913,76.428518634293,2.372295939821E-05,199.16327705798,174.02858202822
817.27930000012,7.2703930309395E-27,2.4150178756361E-27,4.436324610111E-45,0.001802744121664,1.7326670429068,2.3060106901662E-41,5.8155092921378E-21,0,9.2240427606646E-41,2.3259701132769E-20,1.7759943844032E-44,4.5277123585305E-24,-5.0269897521628E-19,8.321136693148E-06,3.5325049579562E-19,-3.509397935412E-19,-1.7477999536046E-05,-1.7478801339679E-05,2.5615796924687E-10,2.5683681445647E-10,-3.524212398345E-19,3.5197556757094E-19,-2.5603871028199E-10,-2.5675598920489E-10,-1.747135613694E-05,-1.7486530623537E-05,-6.4394899137649E-06,3.3996519595626E-26,2.3259701132769E-26,5.4429558066978E-06,0,0.001278482403588,100006696.15722,-5.7324832223446E-13,308.1376816546,0.001278482403588,117.74787549453,3.6872129093974E-05,308.1376816546,269.31616824093
818.27930000012,1.217902212834E-20,4.049373308505E-21,3.2508640927053E-38,0.001802744121664,1.7328814988791,1.2510307207878E-34,3.7047154820561E-14,0,5.0041228831511E-34,1.4817373780785E-13,9.6600080208703E-38,2.884336560703E-17,-1.3228835417681E-19,2.1897587232333E-06,9.2960059613104E-20,-9.2351983966882E-20,-4.5994439654533E-06,-4.5996549649879E-06,6.7409558863754E-11,6.7588201192844E-11,-9.2741835756958E-20,9.2624554335677E-20,-6.7378175124744E-11,-6.7566931529091E-11,-4.5976957136148E-06,-4.6016889741221E-06,-1.6945917058487E-06,2.9346457012041E-19,1.4817373780785E-19,5.4680333466263E-06,0,0.002276706333503,100006696.15722,-5.7069003164804E-13,417.57604377055,0.002276706333503,159.07847414502,5.0189795042268E-05,417.57604377055,365.03246860553
819.27930000012,4.9583046613935E-16,1.6495817047679E-16,5.5806593056397E-33,0.001802744121644,1.7330952165045,1.704765991991E-29,5.7754497499787E-09,0,6.8190639679638E-29,2.3099479061E-08,1.3184539711915E-32,4.4965236730341E-12,-3.4812501133925E-20,5.7215273870493E-07,2.4463016423585E-20,-2.4302997541461E-20,-1.2017696965899E-06,-1.2018244467121E-06,1.7739243280449E-11,1.7786254119262E-11,-2.4405589460542E-20,2.4374726126914E-20,-1.773098445539E-11,-1.7780656874651E-11,-1.201288768789E-06,-1.2023785814687E-06,-4.4299162411157E-07,5.7788458462052E-14,2.3099479061E-14,5.4932100362682E-06,0,0.003273934806024,100006696.15722,-5.6836368503986E-13,527.4804387581,0.003273934806024,200.42078776206,6.3679311919787E-05,527.4804387581,461.17935045855
820.27930000012,-9.9586679272599E-10,-3.3079209251263E-10,9.5258822187343E-29,0.001802743769642,1.7333081861061,2.4123376272053E-25,9.2346134684447E-05,0,9.649350508821E-25,0.000369347444262,1.8676862627131E-28,7.1896838977771E-08,-9.1609381046774E-21,-7.1566012077304E-05,6.4374633603277E-21,-6.39535253539E-21,0.000150312219622,0.000150321742051,4.6614623722066E-12,4.6738573199809E-12,-6.4223504505371E-21,6.4142290870768E-21,-4.6593081318237E-12,-4.6723638986132E-12,0.000150615664328,0.000150052281329,5.1860497101889E-05,1.1173245280019E-09,3.6934744426247E-10,5.5184739282452E-06,0,0.00427016980457,100006696.15723,-5.658455258223E-13,637.85293063998,0.00427016980457,241.77528152474,7.7452877275921E-05,637.85293063998,557.75880818293
821.27930000012,-0.011660551669754,-0.003875496773663,3.3883320250633E-25,0.001801451764276,1.7335201694555,7.328442229744E-22,0.30171014632427,0,2.9313768918976E-21,1.2067193910565,5.6782474486933E-25,0.000234898903891,-1.7907361132873E-21,-0.25681720393306,1.2604353090179E-21,-1.2467852225943E-21,0.53940658842217,0.5394326832494,-2.5467684240261E-11,-2.5380516927715E-11,-1.2546200774735E-21,1.2538226470177E-21,2.5404424855112E-11,2.5448716016293E-11,0.54030473923119,0.53864947313496,0.18720257501655,4.2765030196949E-06,1.2067193910578E-06,5.5038512845521E-06,0,0.005265413306639,100006696.21429,-5.6097819593942E-13,748.57098996978,0.005265413306639,283.09614496819,0.00043708602521,748.57098996978,654.66351549166
822.27930000012,-13.364044838786,-4.4524947707024,2.5296364823424E-22,0.001710836630284,1.7337157701956,4.8222058701912E-19,7.0743323196356,0,1.9288823480765E-18,28.294486131895,3.7389507622816E-22,0.005507779603849,4.6763480743458E-19,-12.601609191287,-3.2703405722484E-19,3.2876331996989E-19,26.468923883354,26.470217780223,-2.3740084535093E-08,-2.368167949582E-08,3.2822776078381E-19,-3.2742462489591E-19,2.3699596594237E-08,2.3724616091904E-08,26.477641671396,26.462687498861,9.513868843869,0.000105502487634,2.829448613189E-05,4.8282438759564E-06,0,0.006259667283842,100006700.21618,-5.1699644328486E-13,851.07842715817,0.006259667283842,321.20830174774,0.000245021173394,851.07842715817,744.40299458691
823.27930000012,-58.886864954996,-19.624009504943,3.966480822952E-20,0.001465429314356,1.7338842477242,6.8660588995074E-17,14.236742634429,0,2.746423559803E-16,56.941232614994,5.326546965093E-20,0.011084134737546,7.7227695092438E-17,-27.599119713665,-5.4004277164633E-17,5.4264274303559E-17,57.970729693907,57.973392974499,-4.4882405064566E-06,-4.4794879126372E-06,5.4175224691828E-17,-5.4072637747822E-17,4.4830292578193E-06,4.4850330783075E-06,57.979146030371,57.966164350048,20.984299672722,0.000215186162484,5.6941232614935E-05,4.1021126944069E-06,0,0.00725293370189,100006711.0543,-4.7055663558029E-13,938.86184610568,0.00725293370189,353.73653524624,-0.000911492343689,938.86184610568,821.26900089385
824.27930000012,-138.72220581829,-46.232981224674,1.627232792143E-18,0.001033071774046,1.7340209007902,2.625562996804E-15,23.33744902976,0,1.0502251987216E-14,93.340049859684,2.0378628872215E-18,0.018169570566592,3.5417295693032E-15,-39.666179357796,-2.4764074100433E-15,2.4874209575267E-15,83.317083711769,83.321114486933,-0.000229264730818,-0.000228921130532,2.4831705126641E-15,-2.4798181350822E-15,0.000229115207712,0.000229082820945,83.324681080587,83.314664359857,30.224845953841,0.000356123433158,9.3340026933121E-05,3.1502494135444E-06,0,0.00824521452066,100006730.14899,-4.1065667083383E-13,1008.5872247209,0.00824521452066,379.50190009689,-0.002655107198682,1008.5872247209,882.3338082898
825.27930000012,-239.27612428624,-79.749067556892,1.9148142081281E-17,0.000383289014009,1.7341213790216,2.9505475657087E-14,33.222916919558,0,1.1802190262835E-13,132.87423599935,2.2912201687841E-17,0.025865996830652,4.9892946487814E-14,-48.064249348798,-3.4879739648342E-14,3.5024676611412E-14,100.95691238229,100.96181491526,-0.003483581014817,-0.003479601697355,3.4960079715387E-14,-3.4933613716169E-14,0.003482877061732,0.003480434814386,100.96333231342,100.95648785547,36.663910439853,0.000510303419745,0.000132874188331,2.0762464454797E-06,0,0.009236511694192,100006758.84715,-3.4209433236841E-13,1057.0833783558,0.009236511694192,397.38588673692,-0.005114494169189,1057.0833783558,924.81258604745
826.27930000012,-600.63400117345,-199.72594581159,8.6062379386901E-17,0.000515057002156,1.7341809576849,1.2971973898947E-13,70.373823249624,0,5.1887895595788E-13,281.44834019324,1.0072971990718E-16,0.054790194026304,2.6310912730003E-13,-56.791929853999,-1.8398173550981E-13,1.8463867807351E-13,119.31134398657,119.27102835432,-0.019235948794318,-0.019220928276096,1.8434667668158E-13,-1.8422144321067E-13,0.019235949911809,0.019221475704337,119.34086520488,119.24567147217,43.03802359491,0.001052802361325,0.00028144423575,-4.6362809875018E-06,0,0.010226827170722,100006798.51994,-2.5145757723737E-13,1081.1625839871,0.010226827170722,406.26122118053,-1.6435025849956E-05,1081.1625839871,945.89976027961
827.02930000012,-515.37276360489,-171.60192153913,1.5042891755407E-16,0.001226419567904,1.7342207979957,2.2383208259305E-13,60.532225842581,0,8.9532833037221E-13,242.07219503453,1.7384509975632E-16,0.047127949474306,5.5480206090321E-13,-56.748840944708,-3.8810133229596E-13,3.8922729930563E-13,119.19767932325,119.20374192799,-0.04123416642978,-0.041228388853994,3.8876467276743E-13,-3.8845636889206E-13,0.04125065228318,0.041212853419957,119.21807375872,119.18728426128,43.182994439127,0.000922352339188,0.000242069674148,-1.0491648689067E-06,0,0.010968920709365,100006829.93943,-2.4091333661386E-13,1095.4601800333,0.010968920709365,411.53204579214,5.6645725736423E-05,1095.4601800333,958.42298314881
827.77930000012,-572.52130182109,-190.60142711318,2.1078636412025E-16,0.002019100352652,1.7342478656199,3.1190541404115E-13,65.673542380129,0,1.2476216561646E-12,262.62252489215,2.4239659810779E-16,0.051130797418405,8.8959697885608E-13,-58.119859418268,-6.2236997788789E-13,6.2396444470644E-13,122.08415538852,122.07822193962,-0.066613442925107,-0.066609293526338,6.2329638729437E-13,-6.2286996394821E-13,0.066640689564447,0.066583308251185,122.10012571973,122.06354358149,44.218615671103,0.000999850366418,0.000262619446936,1.0906851452453E-06,0,0.011710463953423,100006864.95078,-2.0610245898249E-13,1101.7092384426,0.011710463953423,413.84418980964,8.5035834496091E-05,1101.7092384426,963.89532907481
828.77930000012,-61.775083315738,-20.592007784664,1.4070592105076E-18,0.002559799492021,1.7340353832288,2.3207645520897E-15,10.783881637651,0,9.2830582083587E-15,43.130789896159,1.8040896552279E-18,0.008395903425446,4.5178609156484E-13,-38.233974544373,-3.163451500071E-13,3.1685222320402E-13,80.308173656951,80.313247306267,-0.033494991075035,-0.033509787614484,3.1678632312507E-13,-3.1632744151589E-13,0.033507896481731,0.033497366108288,80.311231557329,80.311110081391,29.3599004092,0.000161478692139,4.3130789896184E-05,5.014668142203E-08,0,0.011158214811031,100006888.83188,-1.9593349113969E-13,986.16322387473,0.011158214811031,371.25741828704,0.000251560860533,986.16322387473,862.6872247491
829.77930000012,-6.8270900548327,-2.2756433354386,1.7194050994462E-21,0.002682776458882,1.7337973938923,3.2337823128625E-18,2.3972579112227,0,1.293512925145E-17,9.588039921096,2.5134145771697E-21,0.001866410304804,1.1932327806182E-13,-19.006949602299,-8.35504047164E-14,8.3685225213062E-14,39.921976133796,39.92626676504,-0.008840755875372,-0.008844618271938,8.3666870280711E-14,-8.354667513683E-14,0.00884416983763,0.008841331979349,39.92461563128,39.92447479923,14.634296626878,3.4784421914795E-05,9.5880399210892E-06,6.2780312186811E-09,0,0.010168821728928,100006894.26295,-1.9077547794084E-13,862.77266671874,0.010168821728928,325.58104052999,-0.000803641541135,862.77266671874,754.63782255967
830.77930000012,-0.11698832670796,-0.038994195839941,1.6356987920068E-24,0.002700969371296,1.7335763837762,3.5304218810268E-21,0.12053716653605,0,1.4121687524107E-20,0.48209880957737,2.7434142180678E-24,9.3845477435807E-05,3.1401217380429E-14,-6.4774117589404,-2.1987195539859E-14,2.202267632807E-14,13.604660646045,13.606883655301,-0.002326526823353,-0.002327543201513,2.2017844708649E-14,-2.1986215376796E-14,0.002327425250494,0.00232667837177,13.606029149857,13.605961104573,5.0080100246296,1.638827476044E-06,4.8209880957729E-07,-4.9507103595272E-09,0,0.009178448778611,100006895.06641,-1.8920738274819E-13,750.11723871219,0.009178448778611,283.70579709932,-5.6560879286782E-05,750.11723871219,656.01243854514
831.77930000012,-7.0941638454135E-05,-2.3645389721599E-05,6.1421222553282E-28,0.002701380912125,1.7333576753908,1.5510444815876E-24,0.000272746725657,0,6.2041779263504E-24,0.001090874089221,1.204942402646E-27,2.1234982898395E-07,8.26341324091E-15,-1.7358369239837,-5.7860585627002E-15,5.7953955393866E-15,3.6457992839995,3.6464314165117,-0.000612239065908,-0.00061250653174,5.7941240700202E-15,-5.785800627653E-15,0.000612475492246,0.000612278946752,3.6461883042463,3.6461688391338,1.3433010985838,3.2630387380714E-09,1.0908740892206E-09,-5.7249617074091E-09,0,0.008187094017286,100006895.08458,-1.890665096117E-13,639.65935733155,0.008187094017286,242.48462298397,7.6620753834418E-05,639.65935733155,559.33467302944
832.77930000012,-3.0550797507388E-09,-1.0182582687294E-09,5.4769678403785E-32,0.002701381428887,1.7331382969279,1.6661108055183E-28,4.4629459594754E-08,0,6.6644432220732E-28,1.7849937876403E-07,1.2938187208601E-31,3.4746734685259E-11,2.1745651742226E-15,-0.45683349674284,-1.5226349065549E-15,1.5250919860018E-15,0.95949287783457,0.95965931509363,-0.000161114265032,-0.00016118465023,1.5247573916297E-15,-1.5225670292752E-15,0.000161176481996,0.000161124759919,0.959595304198,0.9595901780428,0.35352996506568,4.4642362069237E-13,1.7849937876403E-13,-6.0118310897369E-09,0,0.007194755496376,100006895.08461,-1.8902523583858E-13,529.70780556428,0.007194755496376,201.29076170683,6.3670231777443E-05,529.70780556428,463.12310438076
833.77930000012,-1.153544662232E-14,-3.8446605443791E-15,6.0319054046718E-37,0.002701381428944,1.7329181874368,2.3068658535164E-33,6.4033653330096E-13,0,9.2274634140657E-33,2.5610812775309E-12,1.790328405515E-36,4.9854073596498E-16,5.7224945172919E-16,-0.12021839130618,-4.006902165493E-16,4.0133681122436E-16,0.25249613056562,0.25253992950916,-4.2398154317856E-05,-4.2416676594214E-05,4.0124876081855E-16,-4.0067235420302E-16,4.2414527073032E-05,4.2400916111214E-05,0.25252308466523,0.25252173568738,0.093033466752073,5.0964397238115E-18,2.5610812775309E-18,-6.2993336424502E-09,0,0.006201431261496,100006895.08461,-1.890645039204E-13,420.22087676969,0.006201431261496,160.10904085357,5.0300658835735E-05,420.22087676969,367.34086558661
834.77930000012,-1.4861864618075E-21,-4.953123181792E-22,2.4239030422483E-43,0.002701381428944,1.7326973562808,1.2478657710139E-39,3.1348428523247E-19,0,4.9914630840556E-39,1.2538074777075E-18,9.6748667167874E-43,2.4406648402497E-22,1.5059076586261E-16,-0.031636167695124,-1.0544395701632E-16,1.0561411214677E-16,0.066445822824238,0.066457348770501,-1.1157320484322E-05,-1.1162194729657E-05,1.0559094118333E-16,-1.0543925642407E-16,1.11616290699E-05,1.1158047267057E-05,0.066452915951996,0.06645256096074,0.02448229695515,1.8494569637932E-24,1.2538074777075E-24,-6.5883852719407E-09,0,0.005207119352431,100006895.08461,-1.8911815588725E-13,311.19644647221,0.005207119352431,118.93896950734,3.7101137695405E-05,311.19644647221,271.98587562222
835.77930000012,-4.6613480683887E-31,-1.5534069932747E-31,2.2836245863759E-52,0.002701381428944,1.7324758127826,1.7977016763276E-48,3.7360064050498E-28,0,7.1908067053105E-48,1.4942480334633E-27,1.3909879791814E-51,2.9087070406907E-31,3.9628834408776E-17,-0.008325241217741,-2.7748189529083E-17,2.7792966836314E-17,0.01748560407993,0.017488637199601,-2.9361136679821E-06,-2.9373963541449E-06,2.778686926593E-17,-2.7746952537754E-17,2.9372474972908E-06,2.9363049252833E-06,0.017487470677669,0.017487377259684,0.006442658595068,1.435644191015E-33,1.4942480334633E-33,-6.8789945646289E-09,0,0.004211817803113,100006895.08461,-1.8920684161987E-13,202.6324616766,0.004211817803113,77.780079499374,2.4068485697768E-05,202.6324616766,177.05617384109
836.77930000012,-5.6169192480854E-47,-1.8715256179932E-47,7.5010660402424E-68,0.002701381428944,1.7322535661393,1.2536103488765E-63,1.7104139307993E-43,0,5.014441395506E-63,6.8409482618745E-43,9.6408022334685E-67,1.3316607371783E-46,1.0428557870746E-17,-0.002190835565215,-7.3020971891519E-18,7.3138805966665E-18,0.004601438240125,0.004602236423176,-7.7265535962915E-07,-7.7299290599356E-07,7.3122759864534E-18,-7.3017716668629E-18,7.7295373339426E-07,7.7270569015227E-07,0.004601929446155,0.004601904862676,0.001695423017237,3.0664249411572E-49,6.8409482618745E-49,-7.1711712930237E-09,0,0.0032155246416,100006895.08461,-1.8948654147119E-13,94.526891157742,0.0032155246416,36.631907104563,1.1199475682246E-05,94.526891157742,82.550204358507
837.77930000012,-1.135597629745E-129,-7.7548948095463E-129,1.6683060771145E-166,0.002701381428944,1.7320306232837,2.2223309425209E-161,2.7082630003798E-124,0.9022789232003,-8.8893237700838E-161,-1.08313245639E-123,1.2192248921423E-163,2.1085466537338E-127,2.7420522658482E-18,-0.000576051425365,-1.9199905100427E-18,1.9230888019903E-18,0.001209887724593,0.001210097596338,-2.0315957449353E-07,-2.0324832788884E-07,1.9226668910394E-18,-1.919904918013E-18,2.0323802795437E-07,2.0317280825746E-07,0.001210016880764,0.001210010416863,0.000445791048723,6.9509617322592E-131,-1.08313245639E-129,9.4461767486757,5.3623523023734,0.002218237890047,100006895.08461,-1.8975082108109E-13,-13.120992204924,0.002218237890047,-4.5057594871127,-1.7297894006063E-06,-13.120992204924,11.547723427056
838.77930000012,-2.365468147728E-47,-7.8901841303948E-48,2.1500985677868E-67,0.002701381428944,1.7318061854964,2.891319005874E-63,1.0421839256142E-42,2.7139862659627,-1.1565276023496E-62,-4.1683046357094E-42,2.2767886991817E-66,8.114032452636E-46,7.2158697487893E-19,-0.000151591277307,-5.0525665077669E-19,5.0607198423187E-19,0.000318388979686,0.000318444208654,-5.3462621629456E-08,-5.348597760443E-08,5.0596095597334E-19,-5.0523412667907E-19,5.3483267113143E-08,5.3466104174997E-08,0.000318422967882,0.000318421266869,0.00011731201777,2.3687728198233E-48,-4.1683046357094E-48,3.9115675455951,5.3248462456715,0.001219955564687,100006895.08461,-1.9020320490739E-13,-119.82568250554,0.001219955564687,-45.539733802441,-2.7678564776814E-05,-119.82568250554,104.76275475871
839.77930000012,-2.996934689803E-33,-9.9927147839617E-34,3.2679687109266E-52,0.002701381428944,1.7315796676882,2.3162321505008E-48,5.0156082662133E-28,3.730886564853,-9.2649286020032E-48,-2.0060358514197E-27,1.8135102590499E-51,3.9049545137617E-31,1.8988980217482E-19,-3.9892124806189E-05,-1.3296122132833E-19,1.3317578104522E-19,8.3785908663196E-05,8.3800442486745E-05,-1.4068999300771E-08,-1.4075145562162E-08,1.3314656332958E-19,-1.3295529396599E-19,1.4074432279662E-08,1.4069915753831E-08,8.3794852854199E-05,8.3794405222985E-05,3.0871338623848E-05,2.1427618201563E-33,-2.0060358514197E-33,3.9984073510424,5.2841314623716,0.000220675675806,100006895.08461,-1.9063287463532E-13,-225.23091885937,0.000220675675806,-86.400849388069,-5.191818519315E-05,-225.23091885937,196.80935542433
840.77930000012,-3.0872584350168E-25,-1.0292736217806E-25,2.5510175275324E-43,0.002701381428944,1.7313510924032,1.2291887379316E-39,1.9631642427266E-19,4.5249850410341,-4.9167549517266E-39,-7.8518449687924E-19,9.60541151261E-43,1.5284421478326E-22,4.9970603995509E-20,-1.0497844268E-05,-3.4989517406538E-20,3.5045980037651E-20,2.2048748350022E-05,2.2052573010063E-05,-3.7023388545547E-09,-3.703956279181E-09,3.5038291230147E-20,-3.4987957582705E-20,3.7037685744915E-09,3.7025800247565E-09,2.2051102065798E-05,2.2050984269077E-05,8.1239720068154E-06,1.2264038586363E-24,-7.8518449687924E-25,4.0814607675802,5.239593766929,-0.00077960377228,100006895.08461,-1.9117154366152E-13,-329.34857055845,-0.00077960377228,-127.09014446698,-7.5702930399475E-05,-329.34857055845,287.68976690988
841.77930000012,-9.6473617940511E-20,-3.2162003006103E-20,5.1429591989653E-37,0.002701381428944,1.731120481824,1.8790157002848E-33,2.3310697428672E-13,5.1993892353723,-7.5160628011392E-33,-9.3233147965425E-13,1.4669164678134E-36,1.8148788405169E-16,1.3150054584695E-20,-2.7625685165839E-06,-9.2076946654934E-21,9.2225531336084E-21,5.8022558215789E-06,5.8032623037859E-06,-9.742919663941E-10,-9.7471760114262E-10,9.2205297803264E-21,-9.2072841877378E-21,9.7466820549581E-10,9.7435543180087E-10,5.8028752159272E-06,5.8028442169043E-06,2.1378702917558E-06,1.9109577539875E-18,-9.3233147965425E-19,4.1605964591566,5.1904251948869,-0.001780884781252,100006895.08461,-1.9169769804393E-13,-432.1903811535,-0.001780884781252,-167.60864100744,-9.9043514921351E-05,-432.1903811535,377.41527437659
842.77930000012,-1.2263036242965E-15,-4.0880660707584E-16,3.9324377867082E-32,0.002701381428903,1.7308878577759,1.1579749019886E-28,1.1391978626058E-08,5.7960324975654,-4.6318996079545E-28,-4.5563202564259E-08,9.0348293025009E-32,8.869344653238E-12,3.4605131315891E-21,-7.1852811571868E-07,-2.4230582544068E-21,2.4269683462534E-21,1.5091169379373E-06,1.5094135649759E-06,-2.5639058762662E-10,-2.5650259590057E-10,2.4264358895377E-21,-2.4229502343681E-21,2.564895971309E-10,2.5640728893531E-10,1.5092964959071E-06,1.5092818315854E-06,5.5648098102462E-07,1.1533795206256E-13,-4.5563202564259E-14,4.2357732447785,5.1355311200379,-0.002783169358808,100006895.08461,-1.9249231983661E-13,-533.76797134107,-0.002783169358808,-207.95734583711,-0.000121950312634,-533.76797134107,465.99726839668
843.77930000012,6.6047871888223E-10,2.2020038203208E-10,3.7861618679403E-28,0.00270138113067,1.7306532417968,9.343664391987E-25,7.3646289829429E-05,6.3369174336556,-3.7374657567948E-24,-0.000294554697805,7.2873274360023E-28,5.7338092738252E-08,9.0990083906799E-22,5.9865953865324E-05,-6.371158186378E-22,6.3814437008373E-22,-0.000125836203274,-0.000125643449069,-6.7468557896777E-11,-6.7498038905845E-11,6.3800578214571E-22,-6.370859948909E-22,6.7494614757838E-11,6.7472956366072E-11,-0.000125737991534,-0.000125779067093,-4.3510758301712E-05,8.8577613305619E-10,-2.9455469780452E-10,4.3070249630312,5.0733738261232,-0.003786459518688,100006895.08462,-1.932465978024E-13,-634.09281496617,-0.003786459518688,-248.13724053557,-0.000144334767262,-634.09281496617,553.44704472534
844.77930000012,0.001776200701411,0.00059215423488,8.7001475030082E-25,0.002700858164801,1.7304167642624,1.8490347837692E-21,0.11531105523479,6.8350774476041,-7.3961391350767E-21,-0.4611965260013,1.4416977743754E-24,8.9776633626614E-05,-1.3787085804256E-21,0.10282044786888,9.6228876492295E-22,-9.6325493220826E-22,-0.21610216938118,-0.21581677721548,-1.4555313396113E-11,-1.457088708178E-11,-9.599679587988E-22,9.6533148432043E-22,1.456468608005E-11,1.4561737521985E-11,-0.21596021673441,-0.21602333475678,-0.075139680183343,1.602358434659E-06,-4.6119652600149E-07,4.3765920608314,5.0020381000667,-0.004790757280702,100006895.10772,-1.939076213731E-13,-733.13120502599,-0.004790757280702,-288.13109573688,-2.5517581064968E-07,-733.13120502599,639.73667095986
845.77930000012,6.7429512409015,2.2477022440759,5.4850984345696E-22,0.002644062848779,1.7301903297933,1.0302423475921E-18,5.2063027751545,7.2776377665694,-4.1209693903683E-18,-20.823057043313,8.0306527199429E-22,0.004053421849876,-1.0140244768671E-18,8.644348617382,7.0809962581298E-19,-7.0905179649424E-19,-18.16032867054,-18.153972362997,1.4355114438601E-09,1.4321539190174E-09,-7.0697924369067E-19,7.0999031657843E-19,-1.4345371964534E-09,-1.4331408347627E-09,-18.1572903347,-18.158653187482,-6.5043203203328,7.7197091649271E-05,-2.0823057043318E-05,-1.1115394785514,4.9291006109387,-0.005796064670748,100006897.61598,-1.9107468078698E-13,-826.1938954158,-0.005796064670748,-326.02360593196,0.002733042853504,-826.1938954158,720.78581801895
846.77930000012,36.329618299001,12.109967963816,8.8335555418955E-20,0.002458443924884,1.7299902446737,1.5051716578459E-16,10.873505993617,7.6475003704313,-6.0206866313835E-16,-43.489519901112,1.1730175791738E-19,0.008465683562205,-1.6814815210222E-16,22.299575668847,1.1742037747728E-16,-1.1760192523246E-16,-46.843258492793,-46.83689761602,1.7861694366289E-07,1.7821653330496E-07,-1.1725958451213E-16,1.1773241862017E-16,-1.7851179922267E-07,-1.7832294756512E-07,-46.840336388638,-46.841636313638,-16.942755083588,0.000163505114502,-4.3489519901095E-05,-0.97039867929447,4.8386969205743,-0.006802383720844,100006905.81353,-1.8770130494221E-13,-907.48963361663,-0.006802383720844,-359.37682030841,0.005222379451683,-907.48963361663,791.55860649707
847.77930000012,92.278911480865,30.759709185862,4.6490395670971E-18,0.002125634838684,1.7298215410278,7.3442995194471E-15,18.078528862718,7.9483650997437,-2.9377198077789E-14,-72.306601036964,5.7224924027118E-18,0.014075233580818,-9.4736982173058E-15,34.067680797225,6.6157171638712E-15,-6.6271009660917E-15,-71.562089098821,-71.556106456809,7.8549579252019E-06,7.837948131761E-06,-6.6078976174882E-15,6.6332058700977E-15,-7.8509010038526E-06,-7.8420445344117E-06,-71.559484268557,-71.560621295199,-25.947327581684,0.000274536233019,-7.2306601036896E-05,-0.80703301382994,4.7127412752963,-0.007809716469146,100006920.51154,-1.8273713822939E-13,-975.87698277322,-0.007809716469146,-387.6225078381,0.008922253684532,-975.87698277322,851.07425881755
848.77930000012,171.6657295118,57.221770932378,8.6335582488373E-17,0.001612683471983,1.7296924733018,1.2903871845448E-13,26.502245121347,8.1765427617162,-5.161548738179E-13,-105.99778502942,1.0052482062303E-16,0.020633615450713,-1.9787964876106E-13,43.231755070151,1.3818648103273E-13,-1.3844686809269E-13,-90.811014027724,-90.805629154957,0.000134800030002,0.000134517559018,-1.380478628027E-13,1.3854951292342E-13,-0.000134738872534,-0.000134579050482,-90.808853008708,-90.809751830875,-32.966999482153,0.000405474472981,-0.000105997766808,-0.62412282944735,4.492186187246,-0.008818064959976,100006943.16542,-1.7579907375437E-13,-1029.0416586611,-0.008818064959976,-409.71004847207,-0.001379024771189,-1029.0416586611,897.31732764082
849.77930000012,258.86273430712,86.286924973983,6.2149937735056E-16,0.000905055183841,1.7296074343903,8.9507633018398E-13,34.832082152679,8.3331478048115,-3.5803053207359E-12,-139.31278842907,6.9715851959254E-16,0.027118914365879,-1.6784472822205E-12,49.601231342239,1.1721354870275E-12,-1.1745364328142E-12,-104.18977922859,-104.18513065271,0.000992312831085,0.00099029465745,-1.1711661736016E-12,1.1751992276489E-12,-0.000991917011106,-0.000990690044976,-104.18814837565,-104.18875313742,-37.852106096684,0.000535780079064,-0.000139312788429,-0.44320787002516,4.0674158080912,-0.009827431243848,100006974.41739,-1.6743752403479E-13,-1066.135579887,-0.009827431243848,-425.18192313515,0.010168238543422,-1066.135579887,929.59042146753
850.77930000012,294.82928293345,98.281174189045,2.0364061099589E-15,3.0249724728838E-05,1.7295612281727,2.8664882966538E-12,37.070790191878,8.4312687177992,-1.1465953186615E-11,-148.26470770874,2.2322455694794E-15,0.028861902607966,-6.7157479194565E-12,53.082541616997,4.6903187921467E-12,-4.7003195872499E-12,-111.5015306977,-111.49863680868,0.003618913338345,0.003611901434765,-4.6872383193974E-12,4.7021672986724E-12,-0.003617619480001,-0.003613182243782,-111.50034917302,-111.50131841135,-40.57213512768,0.000574148950375,-0.000148265446589,-0.31860282388662,3.8149398025968,-0.01083781737749,100007013.07512,-1.5864600973213E-13,-1089.6721808767,-0.01083781737749,-435.02845967422,-0.001864618704431,-1089.6721808767,950.04946916151
851.77930000012,610.12279878635,198.14797574844,4.1837415340255E-15,0.001018842949198,1.7295549984148,5.8373218633331E-12,66.720898552391,8.4711134210578,-2.3349287453332E-11,-266.84978845486,4.515976259874E-15,0.051946379022432,-1.5372155230191E-11,58.500822873915,1.0819028215907E-11,-1.076919643683E-11,-123.12673452341,-122.6457953249,0.007825463870097,0.007830774395395,-1.08209679002E-11,1.0763123846981E-11,-0.007805456989323,-0.007852140323478,-123.32915009908,-122.42466024468,-44.467656194095,0.001002076228479,-0.000266846539306,-52.899766298571,88.54512304019,-0.011849225435639,100007059.38343,-1.3831865134132E-12,-1099.0384996696,-0.011849225435639,-439.00599259579,-2.8081463641035E-05,-1099.0384996696,958.19066906731
