time,Dynamic_hardening_term,Dynamic_hardening_term_avg,Energy,Ep_eff,F_norm,Phi,Prager_term,Prager_term_avg,Static_hardening_term,Static_hardening_term_avg,backstress01,backstress02,backstress03,backstress04,backstress05,backstress06,backstress07,backstress08,backstress09,backstress10,backstress11,backstress12,backstress_avg,entropy_generation_rate,gamma_dot_average,phi_1,phi_2,slip_resistance_avg,ssd,strain_xx,strain_yy,strain_zz,stress_xx,stress_yy,stress_zz,vonmises
0,0,0,0,0,0,0,0,0,0,0,0,0,0,0,0,0,0,0,0,0,0,0,0,0,0,0,0,0,0,0,0,0,0,0,0,0
0.0165,-1.4917715399881e-290,-4.9725717999602e-291,6.8821656464656e-171,0,1.7320544275189,0,2.4780074498087e-164,5.9372213370806e-144,2.7992212117212e-166,-6.7068385555996e-146,-1.9600151462155e-166,1.9600151467761e-166,1.4088388335562e-145,1.4088388335562e-145,-4.7139033728759e-156,-4.71390337204e-156,1.9600151462155e-166,-1.9600151467761e-166,4.7139033728759e-156,4.71390337204e-156,1.4088388335562e-145,1.4088388335562e-145,4.6961294451873e-146,5.0052334069057e-152,5.9372213370806e-150,1.1478524909619e-20,0,329.01469625632,100000000,-3.2148743362257e-42,-1.0230296879015e-05,1.6499863875603e-05,0.68029634769621,7.0843988242227e-10,1.7776071802764,1.5535091676386
0.1165,-1.1869942908255e-180,-3.956647636085e-181,3.8300170022358e-115,1.533551703601e-110,1.7320763626565,0,1.9531292567503e-109,4.7267999294558e-89,2.7697912874394e-111,-6.7031692345255e-91,-1.9394083090275e-111,1.9394083090173e-111,1.4080680557927e-90,1.4080680557927e-90,-4.74068433448e-101,-4.7406843344953e-101,1.9394083090275e-111,-1.9394083090173e-111,4.74068433448e-101,4.7406843344954e-101,1.4080680557927e-90,1.4080680557927e-90,4.6963760194471e-91,2.8141184358828e-96,4.7267999294558e-95,1.8986543068582e-19,0,329.01469625632,100000000,-1.8288556727585e-40,-7.2248969130949e-05,0.0001164932143878,4.8033622753103,1.4856211759131e-08,12.553645257296,10.971170953436
0.2165,-7.4903824804712e-152,-2.4967941601571e-152,1.7026374621295e-100,6.8888930660015e-97,1.7320982908083,0,4.672133624207e-95,1.1420727765324e-74,7.1625645086412e-97,-1.7506889459917e-76,-5.0152288315215e-97,5.0152288314739e-97,3.6774980523892e-76,3.6774980523892e-76,-1.2457732690115e-86,-1.2457732690188e-86,5.0152288315215e-97,-5.0152288314739e-97,1.2457732690115e-86,1.2457732690188e-86,3.6774980523892e-76,3.6774980523892e-76,1.2343226254245e-76,1.2638425942704e-81,1.1420727765324e-80,-2.291438453874e-19,0,329.01469625632,100000000,-3.3744216701879e-40,-0.00013429695968673,0.00021647656722974,8.9265276798626,2.7579437382773e-08,23.334253393849,20.393048280452
0.3165,-1.2212815270676e-134,-4.0709384235587e-135,9.3718872147271e-92,9.7582212930315e-88,1.7321202119799,0,1.759134542576e-86,4.3432960802001e-66,3.040689121714e-88,-7.5057678281429e-68,-2.1290910165288e-88,2.1290910165446e-88,1.5766619554478e-67,1.5766619554478e-67,-5.3737592786432e-78,-5.3737592786185e-78,2.1290910165288e-88,-2.1290910165446e-88,5.3737592786432e-78,5.3737592786185e-78,1.5766619554478e-67,1.5766619554478e-67,5.3390478519895e-68,7.0279157687042e-73,4.3432960802001e-72,3.060630744796e-19,0,329.01469625632,100000000,-1.07831777276e-39,-0.00019637426921051,0.00031644992439996,13.049793019449,4.0351614901008e-08,34.119433588568,29.819143147987
0.4165,-2.5868907781067e-122,-8.6229692603557e-123,1.6704774856095e-85,1.6627875192074e-81,1.7321421261624,0,2.3826819156448e-80,5.9419346240022e-60,4.6617974966051e-82,-1.1621147082812e-61,-3.2641913637642e-82,3.2641913637581e-82,2.4411387220682e-61,2.4411387220682e-61,-8.3710128867418e-72,-8.3710128867516e-72,3.2641913637643e-82,-3.2641913637581e-82,8.3710128867418e-72,8.3710128867516e-72,2.4411387220682e-61,2.4411387220682e-61,8.3342612137042e-62,1.2655181237476e-66,5.9419346240022e-66,7.84688321552e-19,0,329.01469625632,100000000,-2.6377190723172e-39,-0.00025848092378349,0.0004164132878969,17.173158751667,5.312883619231e-08,44.909187841285,39.249457557635
0.5165,-1.0581286171224e-112,-3.5270953904081e-113,1.2374010484432e-80,6.1961182244108e-77,1.7321640333466,0,1.4232307408495e-75,3.5849087316554e-55,3.1296502342159e-77,-7.8787828527058e-57,-2.1913816019576e-77,2.1913816019573e-77,1.6550175096702e-56,1.6550175096702e-56,-5.7099236862156e-67,-5.7099236862161e-67,2.1913816019576e-77,-2.1913816019573e-77,5.7099236862156e-67,5.7099236862161e-67,1.6550175096702e-56,1.6550175096702e-56,5.6894100404351e-57,9.4703499561954e-62,3.5849087316554e-61,6.2823303476387e-19,0,329.01469625632,100000000,-2.5017499710941e-39,-0.00032061694952386,0.00051636665971877,21.296625334583,6.5925022689612e-08,55.703518153991,48.683993512793
0.6165,-8.0442507563013e-105,-2.6814169187671e-105,1.208401822746e-76,9.6771216545172e-71,1.7321859335236,0,1.164415963621e-71,2.9624531564264e-51,2.8510469562513e-73,-7.2482452999989e-53,-1.9963035415113e-73,1.9963035415088e-73,1.5225667606465e-52,1.5225667606469e-52,-5.2849856506738e-63,-5.2849856506806e-63,1.9963035415124e-73,-1.9963035415077e-73,5.2849856506747e-63,5.2849856506798e-63,1.5225667606468e-52,1.5225667606466e-52,5.2640009823648e-53,9.3431706833536e-58,2.9624531564264e-57,2.4882509790549e-16,0,329.01469625632,100000000,-1.531580859623e-34,-0.00038278237258726,0.00061631004186272,25.420193226649,7.8727484909735e-08,66.502426530702,58.122753018618
0.7165,-3.8501742052026e-98,-1.2833914017355e-98,2.8962344419323e-73,2.0632684965686e-67,1.7322078266842,0,2.4012758952268e-68,6.1705733871513e-48,6.4872621188881e-70,-1.6655344983579e-49,-4.5423819885622e-70,4.5423819885547e-70,3.4986225782279e-49,3.4986225782254e-49,-1.2218068601787e-59,-1.2218068601785e-59,4.5423819885534e-70,-4.5423819885635e-70,1.2218068601788e-59,1.2218068601785e-59,3.4986225782253e-49,3.498622578228e-49,1.215322168947e-49,2.2622653587777e-54,6.1705733871513e-54,2.8725872079099e-17,0,329.01469625632,100000000,-5.0240409323705e-34,-0.00044497721916785,0.0007162434363254,29.543862886794,9.1558931684721e-08,77.305914977634,67.565738082126
0.8165,-2.4154352368704e-92,-8.0514507895677e-93,2.4743206669927e-70,1.7922728110677e-64,1.7322297128193,0,1.8001927232417e-65,4.6724229459217e-45,5.3222727782116e-67,-1.3799140099151e-46,-3.7266562631386e-67,3.7266562631346e-67,2.8986480411317e-46,2.8986480411293e-46,-1.0184448698692e-56,-1.0184448698685e-56,3.7266562631356e-67,-3.7266562631377e-67,1.0184448698683e-56,1.0184448698694e-56,2.8986480411308e-46,2.8986480411302e-46,1.010907045657e-46,1.9525056183616e-51,4.6724229459217e-51,5.1195171971447e-16,0,329.01469625632,100000000,-2.7755575615629e-17,-0.0005072015154953,0.00081616684510243,33.667634774322,1.0440068814451e-07,88.113985503027,77.012950712103
0.9165,-3.1951944469601e-87,-1.0650648156531e-87,9.595705581139e-68,4.3698699189545e-62,1.7322515919199,0,6.2195405459042e-63,1.6304996189306e-42,1.9978294807988e-64,-5.230887327877e-44,-1.3988805267138e-64,1.3988805267126e-64,1.0988004467945e-43,1.0988004467941e-43,-3.884151954492e-54,-3.8841519544915e-54,1.3988805267125e-64,-1.398880526714e-64,3.8841519544918e-54,3.8841519544918e-54,1.0988004467941e-43,1.0988004467945e-43,3.8449628513634e-44,7.649609394208e-49,1.6304996189306e-48,-6.5629488803709e-16,0,329.01469625632,100000000,-2.7755575615629e-17,-0.00056945528783835,0.00091608027018915,37.791509348996,1.1726419332313e-07,98.926640117274,86.464392919161
1.0165,-1.23455517365e-82,-4.1151839121663e-83,1.9935356342427e-65,1.0850036702488e-59,1.7322734639768,0,1.1649978192643e-60,3.0847951484138e-40,4.0402143970142e-62,-1.0682747145909e-41,-2.8289587765405e-62,2.8289587765414e-62,2.2440183856293e-41,2.244018385631e-41,-7.9806456843834e-52,-7.9806456843915e-52,2.8289587765437e-62,-2.8289587765382e-62,7.9806456843875e-52,7.9806456843874e-52,2.2440183856303e-41,2.24401838563e-41,7.8749345386497e-42,1.6055060333655e-46,3.0847951484138e-46,-2.7892034454024e-16,0,329.01469625632,100000000,-2.7755575615629e-17,-0.00063173856250152,0.0010159837135812,41.915487070999,1.3014007824168e-07,109.74388083289,95.920066715744
1.1165,-1.7591025820753e-78,-5.8636752735949e-79,2.4976510047658e-63,1.6822802838781e-57,1.732295328981,0,1.3288505406812e-58,3.5539862175069e-38,4.9480538503007e-60,-1.3212171464622e-39,-3.4646281090805e-60,3.4646281090678e-60,2.7753493811818e-39,2.7753493811798e-39,-9.9303025716324e-50,-9.9303025716434e-50,3.4646281090716e-60,-3.4646281090767e-60,9.9303025716366e-50,9.9303025716392e-50,2.7753493811791e-39,2.7753493811826e-39,9.7637342091299e-40,2.0320989193531e-44,3.5539862175069e-44,2.8213381926788e-17,0,329.01469625632,100000000,-4.8572257327351e-17,-0.00069405136582881,0.0011158771772722,46.039568400942,1.4302737583141e-07,120.56570966449,105.37997411611
1.2165,-1.0984777441862e-74,-3.661592480617e-75,2.0599459015156e-61,7.9867939934775e-56,1.7323171869233,0,1.0058689770838e-56,2.7171834916458e-36,4.0019374851381e-58,-1.0791232989753e-37,-2.8021572766283e-58,2.8021572766318e-58,2.2668069272704e-37,2.2668069272703e-37,-8.1600264065566e-48,-8.1600264065498e-48,2.8021572766301e-58,-2.80215727663e-58,8.1600264065528e-48,8.1600264065535e-48,2.2668069272709e-37,2.2668069272697e-37,7.9919452398406e-38,1.6931429035591e-42,2.7171834916458e-42,-4.6181689084654e-16,0,329.01469625632,100000000,-4.8572257327351e-17,-0.00075639372420131,0.0012157606632552,50.163753799873,1.5593715025338e-07,131.39212862882,114.84411713631
1.3165,-3.4280647175669e-71,-1.1426882391893e-71,1.1954875359077e-59,4.2652994111836e-54,1.7323390377946,0,5.3940688681717e-55,1.471741576421e-34,2.2832563740048e-56,-6.2175062125549e-36,-1.5987364836636e-56,1.5987364836624e-56,1.3060496577501e-35,1.3060496577496e-35,-4.730074569242e-46,-4.7300745692411e-46,1.5987364836629e-56,-1.5987364836631e-56,4.7300745692402e-46,4.7300745692429e-46,1.3060496577499e-35,1.3060496577498e-35,4.6134268866956e-36,9.9267508012853e-41,1.471741576421e-40,7.255747099465e-17,0,329.01469625632,100000000,-4.8572257327351e-17,-0.00081876566403715,0.0013156341735245,54.288043729258,1.6885774211997e-07,142.22313974476,124.31249779427
1.4165,-5.9221472237215e-68,-1.9740490745743e-68,5.1420205468447e-58,1.4183507013091e-52,1.7323608815856,0,2.1562747450295e-53,5.942322982946e-33,9.6738546465626e-55,-2.6602455218592e-34,-6.7736345936463e-55,6.7736345936482e-55,5.5881130385332e-34,5.5881130385359e-34,-2.0361221086531e-44,-2.0361221086543e-44,6.773634593652e-55,-6.7736345936425e-55,2.0361221086536e-44,2.0361221086538e-44,5.588113038535e-34,5.5881130385341e-34,1.9772451417684e-34,4.3133996649145e-39,5.942322982946e-39,-3.9000617076387e-16,0,329.01469625632,100000000,-4.8572257327351e-17,-0.00088116721179244,0.0014154977100714,58.412438651015,1.8179609261083e-07,153.05874503333,133.78511810972
1.5165,-6.1424828809082e-65,-2.0474942936365e-65,1.7080766615986e-56,3.8188448450225e-51,1.7323827182873,0,6.6903119029603e-52,1.8622379556611e-31,3.1704792549891e-53,-8.8045579268443e-33,-2.2199700889296e-53,2.2199700889286e-53,1.8494858668214e-32,1.8494858668212e-32,-6.77983438856e-43,-6.7798343885606e-43,2.2199700889288e-53,-2.2199700889295e-53,6.7798343885604e-43,6.7798343885603e-43,1.8494858668211e-32,1.8494858668214e-32,6.5538766777094e-33,1.4474935426979e-37,1.8622379556611e-37,-2.0795579966783e-16,0,329.01469625632,100000000,-4.8572257327351e-17,-0.00094359839396205,0.0015153512748883,62.53693902749,1.9476025386536e-07,163.89894651767,143.26198010423
1.6165,-4.0841993194916e-62,-1.3613997731633e-62,4.5300073773977e-55,6.7780483533605e-50,1.7324045478904,0,1.6645588677461e-50,4.6797665271225e-30,8.3068911231753e-52,-2.3296008511832e-31,-5.8164865127054e-52,5.8164865127011e-52,4.8935606823164e-31,4.893560682316e-31,-1.8047688368294e-41,-1.80476883683e-41,5.8164865127054e-52,-5.8164865127011e-52,1.8047688368292e-41,1.8047688368302e-41,4.8935606823164e-31,4.893560682316e-31,1.7364280607335e-31,3.8782082653107e-36,4.6797665271225e-36,-2.3455939483092e-17,0,329.01469625632,100000000,-5.5511151231258e-17,-0.0010060592370789,0.001615194869966,66.661545321445,2.0773506165984e-07,174.74374622305,152.7430858012
1.7165,-1.8368598764848e-59,-6.12286625495e-60,9.8565409348535e-54,1.8556984995859e-48,1.7324263703858,0,3.4107603195894e-49,9.6852763244007e-29,1.7875554881793e-50,-5.0624737735128e-30,-1.2516466429531e-50,1.2516466429537e-50,1.0634234873641e-29,1.0634234873644e-29,-3.945758535988e-40,-3.945758535989e-40,1.2516466429536e-50,-1.2516466429532e-50,3.9457585359891e-40,3.9457585359879e-40,1.0634234873642e-29,1.0634234873643e-29,3.7780273823311e-30,8.5247028329419e-35,9.6852763244007e-35,6.6028992200664e-16,0,329.01469625632,100000000,-5.5511151231258e-17,-0.0010685497677128,0.0017150284972955,70.786257996096,2.2072518732889e-07,185.59314617691,162.2284372259
1.8165,-5.842222384642e-57,-1.947407461547e-57,1.7996166304991e-52,2.3264601332966e-47,1.7324481857642,0,5.8845001798507e-48,1.6877407934991e-27,3.2307822727306e-49,-9.2399817022313e-29,-2.2621942717396e-49,2.2621942717402e-49,1.9409510062804e-28,1.9409510062807e-28,-7.2454539848452e-39,-7.2454539848453e-39,2.2621942717402e-49,-2.2621942717396e-49,7.2454539848453e-39,7.2454539848452e-39,1.9409510062806e-28,1.9409510062805e-28,6.9032077730303e-29,1.5723773365993e-33,1.6877407934991e-33,-7.2577381447677e-16,0,329.01469625632,100000000,-5.5511151231258e-17,-0.0011310700124722,0.0018148521588674,74.911077515092,2.337375901274e-07,196.44714840882,171.71803640541
1.9165,-1.3640080033208e-54,-4.5466933444026e-55,2.8098079556447e-51,5.0041083990723e-46,1.7324699940165,0,8.7081778048962e-47,2.5226579933301e-26,4.9972815098741e-48,-1.4433023457575e-27,-3.4990973242997e-48,3.4990973242995e-48,3.0318016102662e-27,3.0318016102654e-27,-1.1386171186206e-37,-1.1386171186201e-37,3.4990973242993e-48,-3.4990973242999e-48,1.1386171186202e-37,1.1386171186205e-37,3.031801610266e-27,3.0318016102656e-27,1.0793735253058e-27,2.4801333535311e-32,2.5226579933301e-32,-6.573494437439e-16,0,329.01469625632,100000000,-8.3266726846887e-17,-0.001193619998004,0.0019146658566701,79.0360043425,2.4675681829551e-07,207.30575495046,181.21188536866
2.0165,-2.4127480970021e-52,-8.0424936566737e-53,3.8121117352628e-50,3.2985649312693e-45,1.7324917951333,0,1.1228489616943e-45,3.2853898945339e-25,6.7210996004207e-47,-1.960305864661e-26,-4.7061150310853e-47,4.7061150310862e-47,4.117819453812e-26,4.1178194538119e-26,-1.5558555078065e-36,-1.5558555078063e-36,4.7061150310858e-47,-4.7061150310857e-47,1.5558555078064e-36,1.5558555078064e-36,4.1178194538121e-26,4.1178194538118e-26,1.4673559517996e-26,3.3992663316217e-31,3.2853898945339e-31,3.767809256605e-16,0,329.01469625632,100000000,-8.3266726846887e-17,-0.0012561997509936,0.002014469592693,83.161038942865,2.5980271463485e-07,218.16896783578,190.70998614646
2.1165,-3.3218625080697e-50,-1.1072875026899e-50,4.5559958623369e-49,5.3759981857801e-44,1.7325135891056,0,1.278537443169e-44,3.7784447971765e-24,7.9675336260031e-46,-2.3467528062067e-25,-5.5788683381024e-46,5.5788683381012e-46,4.9295900873901e-25,4.9295900873904e-25,-1.873859103796e-35,-1.8738591037964e-35,5.5788683381021e-46,-5.5788683381016e-46,1.8738591037963e-35,1.8738591037961e-35,4.92959008739e-25,4.9295900873906e-25,1.7580991530991e-25,4.10415379789e-30,3.7784447971765e-30,6.3293524324052e-16,0,329.01469625632,100000000,-8.3266726846887e-17,-0.0013188092981641,0.0021142633689242,87.286181781138,2.7286746630447e-07,229.03678910077,200.21234077146
2.2165,-3.6434636231983e-48,-1.2144878743994e-48,4.8533287370881e-48,4.217618484994e-43,1.7325353759239,0,1.3005133564715e-43,3.8819333062954e-23,8.4229037577025e-45,-2.5053311748608e-24,-5.8977185782253e-45,5.8977185782259e-45,5.2626998857996e-24,5.2626998857991e-24,-2.0126026040118e-34,-2.0126026040114e-34,5.8977185782247e-45,-5.8977185782265e-45,2.0126026040117e-34,2.0126026040116e-34,5.2626998857994e-24,5.2626998857993e-24,1.8783503863905e-24,4.4167244835602e-29,3.8819333062954e-29,6.1341675916482e-16,0,329.01469625632,100000000,-8.3266726846887e-17,-0.0013814486662776,0.0022140471873509,91.411433322696,2.8592658212689e-07,239.90922078361,209.71895127816
2.3165,-3.2483131714278e-46,-1.0827710571428e-46,4.6554854263841e-47,5.3088729796132e-42,1.732557155579,0,1.193630574552e-42,3.5986232176771e-22,8.0215295901132e-44,-2.4094631570621e-23,-5.6166763209367e-44,5.6166763209348e-44,5.0613194809317e-23,5.0613194809317e-23,-1.9473123382111e-33,-1.9473123382115e-33,5.6166763209361e-44,-5.6166763209353e-44,1.9473123382112e-33,1.9473123382113e-33,5.0613194809315e-23,5.0613194809319e-23,1.8077633042379e-23,4.2800163080191e-28,3.5986232176771e-28,1.2696298714957e-15,0,329.01469625632,100000000,-9.0205620750794e-17,-0.0014441178821344,0.0023138210499611,95.53679403342,2.9902290687134e-07,250.78626492471,219.22981970296
2.4165,-2.3957761450726e-44,-7.9859204835755e-45,4.0571865991678e-46,4.0393644716132e-41,1.7325789280617,0,9.9717150239478e-42,3.0364704519037e-21,6.9430952259725e-43,-2.1060852734049e-22,-4.8615564041299e-43,4.8615564041288e-43,4.4240437508016e-22,4.424043750802e-22,-1.7124301010524e-32,-1.7124301010529e-32,4.8615564041305e-43,-4.8615564041282e-43,1.7124301010525e-32,1.7124301010527e-32,4.4240437508018e-22,4.4240437508018e-22,1.581190580407e-22,3.7681210528988e-27,3.0364704519037e-27,5.3487878943894e-16,0,329.01469625632,100000000,-9.7144514654701e-17,-0.0015068169725733,0.0024135849587406,99.66226437955,3.1211574590543e-07,261.66792356655,228.74494808405
2.5165,-1.4845048462442e-42,-4.9483494874789e-43,3.2375259221209e-45,4.3353252774434e-40,1.7326006933627,0,7.640862546318e-41,2.3500327433295e-20,5.5045774554555e-42,-1.6861898887628e-21,-3.8543060277335e-42,3.8543060277344e-42,3.5420113013684e-21,3.5420113013686e-21,-1.3793170280965e-31,-1.3793170280964e-31,3.8543060277349e-42,-3.8543060277329e-42,1.3793170280963e-31,1.3793170280966e-31,3.5420113013689e-21,3.5420113013681e-21,1.2667220756367e-21,3.0376105258383e-26,2.3500327433295e-26,-4.3661774041944e-17,0,329.01469625632,100000000,-9.7144514654701e-17,-0.0015695459644718,0.0025133389156755,103.78784482785,3.2525043409556e-07,272.55419875388,238.26433846157
2.6165,-7.8339347275354e-41,-2.6113115758454e-41,2.3819075034022e-44,1.8136066806125e-39,1.7326224514726,0,5.406604436067e-40,1.6795309682241e-19,4.024839948763e-41,-1.2450612220568e-20,-2.8181935853776e-41,2.8181935853771e-41,2.6153762092933e-20,2.615376209293e-20,-1.0246326213009e-30,-1.0246326213008e-30,2.8181935853773e-41,-2.8181935853773e-41,1.0246326213008e-30,1.0246326213009e-30,2.6153762092932e-20,2.6153762092931e-20,9.3586638726656e-21,2.2576793309807e-25,1.6795309682241e-25,5.8863475974596e-17,0,329.01469625632,100000000,-1.1102230246252e-16,-0.0016323048847469,0.0026130829227509,107.91353584546,3.3838507919672e-07,283.44509253356,247.7879928775
2.7165,-3.563602482821e-39,-1.1878674942738e-39,1.6256109564977e-43,1.4334998053611e-38,1.7326442023821,0,3.5540350834145e-39,1.1151071268493e-18,2.7306737218375e-40,-8.5304400614706e-20,-1.9120181832341e-40,1.9120181832332e-40,1.7919046546737e-19,1.7919046546735e-19,-7.0626535139787e-30,-7.0626535139791e-30,1.9120181832334e-40,-1.9120181832339e-40,7.0626535139786e-30,7.0626535139793e-30,1.7919046546735e-19,1.7919046546737e-19,6.4154388618599e-20,1.5565822413977e-24,1.1151071268493e-24,3.0536099812085e-16,0,329.01469625632,100000000,-1.1102230246252e-16,-0.0016950937603533,0.0027128169819515,112.03933790001,3.5155978819823e-07,294.34060695467,257.31591337568
2.8165,-1.4124939174223e-37,-4.7083130580739e-38,1.0347987519642e-42,8.1702925980359e-38,1.732665946082,0,2.1820027115617e-38,6.9148250411909e-18,1.7283952876584e-39,-5.4526065966834e-19,-1.2102226609461e-39,1.2102226609463e-39,1.1453748071957e-18,1.1453748071956e-18,-4.541703332305e-29,-4.5417033323037e-29,1.2102226609459e-39,-1.2102226609464e-39,4.5417033323045e-29,4.5417033323042e-29,1.1453748071957e-18,1.1453748071957e-18,4.102758795741e-19,1.0009882934498e-23,6.9148250411909e-24,-6.273591853984e-16,0,329.01469625632,100000000,-1.1102230246252e-16,-0.0017579126182856,0.0028125410952615,116.16525145952,3.6471128564585e-07,305.24074406841,266.84810200187
2.9165,-4.9255866897596e-36,-1.6418622299198e-36,6.1739266278697e-42,7.1229292354922e-37,1.7326876825628,0,1.257195897597e-37,4.0240138112036e-17,1.0255971107285e-38,-3.2673621878405e-18,-7.1812326339221e-39,7.1812326339216e-39,6.8634226027104e-18,6.8634226027096e-18,-2.7379729172488e-28,-2.7379729172483e-28,7.1812326339227e-39,-7.1812326339209e-39,2.737972917248e-28,2.737972917249e-28,6.8634226027106e-18,6.8634226027093e-18,2.4596452097601e-18,6.0332562862555e-23,4.0240138112036e-23,6.3523501722782e-17,0,329.01469625632,100000000,-1.3183898417424e-16,-0.0018207614855763,0.0029122552646647,120.29127699255,3.7791155326422e-07,316.14550592829,276.38456080369
3.0165,-1.5242801628048e-34,-5.0809338760159e-35,3.4676638678495e-41,1.6509669195121e-36,1.7327094118152,0,6.827024259106e-37,2.2070802220981e-16,5.7301452712681e-38,-1.8435098104439e-17,-4.0122486489755e-38,4.0122486489756e-38,3.8724776054537e-17,3.8724776054535e-17,-1.5541528605779e-27,-1.5541528605777e-27,4.0122486489753e-38,-4.0122486489758e-38,1.5541528605778e-27,1.5541528605778e-27,3.8724776054536e-17,3.8724776054536e-17,1.3883907540275e-17,3.4232929907209e-22,2.2070802220981e-22,-2.5733196234792e-16,0,329.01469625632,100000000,-1.3183898417424e-16,-0.0018836403892976,0.0030119594921436,124.41741496799,3.9109570033505e-07,327.05489458985,285.92529183062
3.1165,-4.2189018545895e-33,-1.4063006181965e-33,1.8407688227018e-40,1.7239834817265e-35,1.7327311338298,0,3.507714156294e-36,1.1453562819791e-15,3.0263455392704e-37,-9.8323559997626e-17,-2.1190476377897e-37,2.1190476377898e-37,2.0653851800635e-16,2.0653851800638e-16,-8.3391430016562e-27,-8.3391430016577e-27,2.11904763779e-37,-2.1190476377895e-37,8.3391430016572e-27,8.3391430016568e-27,2.0653851800636e-16,2.0653851800637e-16,7.4080466587122e-17,1.8357885414049e-21,1.1453562819791e-21,2.1772220504607e-16,0,329.01469625632,100000000,-1.3183898417424e-16,-0.001946549356561,0.0031116537796806,128.54366585531,4.04336448768e-07,337.96891211101,295.4702971341
3.2165,-1.051796892712e-31,-3.5059896423726e-32,9.2683363920133e-40,8.5791364756079e-35,1.7327528485973,0,1.7112150328968e-35,5.6435229514866e-15,1.5162893714447e-36,-4.9748542577021e-16,-1.0617060639879e-36,1.0617060639879e-36,1.0450181276067e-15,1.0450181276067e-15,-4.2448160393497e-26,-4.2448160393501e-26,1.0617060639881e-36,-1.0617060639876e-36,4.2448160393496e-26,4.2448160393503e-26,1.0450181276068e-15,1.0450181276067e-15,3.749696103342e-16,9.3377249985582e-21,5.6435229514866e-21,3.5178159842967e-16,0,329.01469625632,100000000,-1.3183898417424e-16,-0.0020094884145171,0.003211338129257,132.6700301243,4.1757653603209e-07,348.88756055173,305.0195787674
3.3165,-2.3771112126307e-30,-7.9237040421041e-31,4.4407364930325e-39,3.7420360222165e-34,1.7327745561082,0,7.9516200112659e-35,2.6486843000901e-14,7.230372779799e-36,-2.3956208138038e-15,-5.062708193945e-36,5.0627081939447e-36,5.0322422479431e-15,5.0322422479433e-15,-2.0564133294371e-25,-2.0564133294373e-25,5.0627081939454e-36,-5.0627081939443e-36,2.0564133294371e-25,2.0564133294372e-25,5.0322422479432e-15,5.0322422479432e-15,1.8063170166401e-15,4.5197013807439e-20,2.6486843000901e-20,-2.9143451864907e-16,0,329.01469625632,100000000,-2.1510571102112e-16,-0.0020724575903553,0.0033110125428543,136.79650824527,4.3082719578662e-07,359.81084197426,314.57313878572
3.4165,-4.8988095379853e-29,-1.6329365126617e-29,2.0306879958856e-38,9.7595963374589e-34,1.7327962563532,0,3.5296905958433e-34,1.1875165095892e-13,3.291040610645e-35,-1.1011580878937e-14,-2.3043871697276e-35,2.3043871697276e-35,2.3130932156014e-14,2.3130932156015e-14,-9.5094404328006e-25,-9.5094404328012e-25,2.3043871697277e-35,-2.3043871697275e-35,9.5094404328008e-25,9.509440432801e-25,2.3130932156015e-14,2.3130932156014e-14,8.3057165627284e-15,2.0879156338456e-19,1.1875165095892e-19,3.9883773176713e-16,0,329.01469625632,100000000,-2.914335439641e-16,-0.002135456911305,0.0034106770224534,140.92310068898,4.4408855702482e-07,370.73875844305,324.13097924618
3.5165,-9.2549291934897e-28,-3.0849763978299e-28,8.8866728427273e-38,2.1193279293469e-33,1.7328179493228,0,1.5007130554342e-33,5.0995128049014e-13,1.4337313770782e-34,-4.844435614361e-14,-1.0038989429326e-34,1.0038989429326e-34,1.0176223810362e-13,1.0176223810362e-13,-4.2088221000692e-24,-4.2088221000693e-24,1.0038989429326e-34,-1.0038989429326e-34,4.2088221000693e-24,4.2088221000693e-24,1.0176223810362e-13,1.0176223810362e-13,3.6552256414077e-14,9.2304633721531e-19,5.0995128049014e-19,-2.529759834911e-18,0,329.01469625632,100000000,-2.914335439641e-16,-0.0021984864046342,0.0035103315700338,145.04980792662,4.5737884912777e-07,381.67131202473,333.69310220775
3.6165,-1.6107188009373e-26,-5.3690626697916e-27,3.7309277083879e-37,1.9438955592179e-32,1.7328396350076,0,6.1262070039144e-33,2.1025690619257e-12,5.992857420896e-34,-2.0448819084656e-13,-4.1961997387849e-34,4.1961997387853e-34,4.2954799326092e-13,4.2954799326095e-13,-1.7872974643876e-23,-1.7872974643877e-23,4.1961997387853e-34,-4.1961997387849e-34,1.7872974643877e-23,1.7872974643876e-23,4.2954799326094e-13,4.2954799326093e-13,1.5433891718641e-13,3.9148513096747e-18,2.1025690619257e-18,-5.0692839861178e-16,0,329.01469625632,100000000,-2.9837243786801e-16,-0.0022615460976515,0.0036099761875746,149.17663042986,4.7069966576743e-07,392.60850478819,343.25950973134
3.7165,-2.5940513822369e-25,-8.64683794079e-26,1.5061279302078e-36,7.8766044478939e-32,1.7328613133981,0,2.4064964436238e-32,8.3420150980332e-12,2.4088695523235e-33,-8.3005405798431e-13,-1.6866908515096e-33,1.6866908515098e-33,1.7436119583687e-12,1.7436119583688e-12,-7.2986971124335e-23,-7.2986971124338e-23,1.6866908515099e-33,-1.6866908515096e-33,7.2986971124336e-23,7.2986971124337e-23,1.7436119583688e-12,1.7436119583687e-12,6.2667590372157e-13,1.5965186148184e-17,8.3420150980332e-18,-3.3151213098556e-16,0,329.01469625632,100000000,-2.9837243786801e-16,-0.0023246360177042,0.0037096108770552,153.30356867079,4.8401174902375e-07,403.5503388045,352.83020387981
3.8165,-3.8818913543181e-24,-1.2939637847724e-24,5.858430393346e-36,2.9038599769504e-31,1.7328829844849,0,9.1152311526624e-32,3.1913919676636e-11,9.3306130466237e-33,-3.2468483384787e-12,-6.5332967696558e-33,6.533296769655e-33,6.8203312007521e-12,6.8203312007518e-12,-2.8721720990089e-22,-2.8721720990089e-22,6.5332967696554e-33,-6.5332967696554e-33,2.8721720990088e-22,2.872172099009e-22,6.8203312007519e-12,6.820331200752e-12,2.4520070699659e-12,6.2734529535767e-17,3.1913919676636e-17,-7.4941326176167e-17,0,329.01469625632,100000000,-2.9837243786801e-16,-0.0023877561921795,0.0038092356404533,157.43062312198,4.9735915198455e-07,414.49681614699,362.40518671788
3.9165,-5.4183447339258e-23,-1.8061149113085e-23,2.1999433539808e-35,1.8249229083983e-30,1.7329046482585,0,3.3354866734322e-31,1.1795000236988e-10,3.4894500650917e-32,-1.2262173404307e-11,-2.4433135019339e-32,2.443313501934e-32,2.5757927423741e-11,2.5757927423739e-11,-1.0912506863892e-21,-1.0912506863891e-21,2.4433135019339e-32,-2.443313501934e-32,1.0912506863891e-21,1.0912506863892e-21,2.5757927423741e-11,2.5757927423739e-11,9.2628453259124e-12,2.3798505047576e-16,1.1795000236988e-16,-5.2571235690086e-16,0,329.01469625632,100000000,-2.9837243786801e-16,-0.002450906648505,0.0039088504797466,161.55779425645,5.10715715332e-07,425.44793889118,371.9844603122
4.0165,-7.0790902062766e-22,-2.3596967354251e-22,7.9896090814986e-35,5.0944755925726e-30,1.7329263047094,0,1.1811845251821e-30,4.2187359578459e-10,1.2621903388657e-31,-4.4791321539417e-11,-8.8378588013413e-32,8.8378588013418e-32,9.408867183533e-11,9.4088671835325e-11,-4.010132342215e-21,-4.0101323422145e-21,8.8378588013417e-32,-8.8378588013414e-32,4.0101323422146e-21,4.010132342215e-21,9.4088671835331e-11,9.4088671835324e-11,3.3844072443951e-11,8.7312430259015e-16,4.2187359578459e-16,-5.8251877487633e-16,0,329.01469625632,100000000,-3.1918911957973e-16,-0.0025140874141474,0.0040084553969122,165.68508254768,5.2410437343629e-07,436.40370911487,381.56802673138
4.1165,-8.6854212726648e-21,-2.8951404242215e-21,2.8108598358748e-34,5.4389598220421e-16,1.7329479538282,0,4.0545736183609e-30,1.4626324594433e-09,4.4231020461574e-31,-1.585091931118e-10,-3.0970567706129e-31,3.0970567706131e-31,3.3296448823136e-10,3.3296448823136e-10,-1.4276645192291e-20,-1.4276645192291e-20,3.097056770613e-31,-3.097056770613e-31,1.4276645192291e-20,1.427664519229e-20,3.3296448823136e-10,3.3296448823136e-10,1.1979809088126e-10,3.103142105237e-15,1.4626324594433e-15,-1.4641464304401e-16,0,329.01469625632,100000000,-3.1918911957973e-16,-0.0025772985166139,0.0041080503939265,169.81248846959,5.3749978078883e-07,447.36412889803,391.15588804592
4.2165,-1.0037369772203e-19,-3.3457899240678e-20,9.5943735430215e-34,2.5137829148246e-15,1.7329695956052,0,1.3511163601283e-29,4.9227497620048e-09,1.5039211283971e-30,-5.442656656314e-10,-1.0530458181984e-30,1.0530458181982e-30,1.1432847222372e-09,1.1432847222372e-09,-4.9316092622528e-20,-4.9316092622534e-20,1.0530458181984e-30,-1.0530458181983e-30,4.9316092622529e-20,4.9316092622532e-20,1.1432847222372e-09,1.1432847222372e-09,4.1144173233236e-10,1.0700167738974e-14,4.9227497620048e-15,-3.0475763560961e-16,0,329.01469625632,100000000,-3.1918911957973e-16,-0.0026405399834515,0.0042076354727649,173.9400124965,5.5090031614696e-07,458.32920032276,400.74804632813
4.3165,-1.0956834618994e-18,-3.6522782063315e-19,3.1818167236598e-33,8.2311388967111e-15,1.7329912300311,0,4.3768911587024e-29,1.6106653408511e-08,4.9686041813261e-30,-1.8158441345352e-09,-3.4790174541963e-30,3.4790174541959e-30,3.814363073169e-09,3.8143630731689e-09,-1.6552417287057e-19,-1.6552417287058e-19,3.479017454196e-30,-3.4790174541961e-30,1.6552417287058e-19,1.6552417287058e-19,3.8143630731689e-09,3.814363073169e-09,1.3730093507735e-09,3.5847607192204e-14,1.6106653408511e-14,-5.4264248638025e-19,0,329.01469625632,100000000,-3.1918911957973e-16,-0.0027038118422483,0.0043072106354026,178.06765510321,5.6433782138136e-07,469.29892547337,410.34450365222
4.4165,-1.1327210963515e-17,-3.775736987838e-18,1.0265724729196e-32,2.6469604467271e-14,1.7330128570962,0,1.3801547784605e-28,5.1296943395572e-08,1.5970845678637e-29,-5.8942733920227e-09,-1.1182788736337e-29,1.1182788736337e-29,1.2381513557301e-08,1.2381513557301e-08,-5.4052700789423e-19,-5.4052700789426e-19,1.1182788736337e-29,-1.1182788736337e-29,5.4052700789426e-19,5.4052700789424e-19,1.2381513557301e-08,1.2381513557301e-08,4.4577794477698e-09,1.1683830174701e-13,5.1296943395572e-14,-8.4688664760608e-17,0,329.01469625632,100000000,-3.1918911957973e-16,-0.002767114120633,0.0044067758838147,182.19541676472,5.7778182429704e-07,480.27330643578,419.94526209379
4.5164999999999,-1.1117154558821e-16,-3.7057181862742e-17,3.2262357554885e-32,8.3544313340109e-14,1.733034476791,0,4.2413544106653e-28,1.5921792294455e-07,5.0008059515285e-29,-1.863804963227e-08,-3.5015651389184e-29,3.5015651389185e-29,3.9151096132717e-08,3.9151096132718e-08,-1.7194556458593e-18,-1.7194556458594e-18,3.5015651389185e-29,-3.5015651389183e-29,1.7194556458593e-18,1.7194556458593e-18,3.9151096132717e-08,3.9151096132717e-08,1.4098673333444e-08,3.7093848134417e-13,1.5921792294455e-13,2.5181402018901e-16,0,329.01469625632,100000000,-3.1918911957973e-16,-0.0028304468462813,0.0045063312199751,186.32329795582,5.9124498168908e-07,491.25234529638,429.55032372885
4.6164999999999,-1.0382151633455e-15,-3.4607172111522e-16,9.887703333466e-32,2.582699964921e-13,1.7330560891059,0,1.271707154533e-27,4.8216731246287e-07,1.5271085824908e-28,-5.7476243633125e-08,-1.0692816773181e-28,1.0692816773182e-28,1.2073462536186e-07,1.2073462536187e-07,-5.3343487852155e-18,-5.3343487852156e-18,1.0692816773181e-28,-1.0692816773181e-28,5.3343487852157e-18,5.3343487852153e-18,1.2073462536187e-07,1.2073462536187e-07,4.3486253103948e-08,1.1484469564858e-12,4.8216731246287e-13,5.2835552085219e-16,0,329.01469625632,100000000,-3.1918911957973e-16,-0.0028938100469266,0.0046058766458573,190.45129914997,6.0472575984931e-07,502.23604413901,439.15969063111
4.7164999999999,-9.245505640515e-15,-3.0818352135051e-15,2.9583948567768e-31,7.7906515362844e-13,1.7330776940313,0,3.7242159779417e-27,1.42616023961e-06,4.5528649608811e-28,-1.7304582186612e-07,-3.1879167845639e-28,3.1879167845639e-28,3.6350013767082e-07,3.6350013767082e-07,-1.6156816751028e-17,-1.6156816751028e-17,3.187916784564e-28,-3.1879167845638e-28,1.6156816751028e-17,1.6156816751028e-17,3.6350013767083e-07,3.6350013767082e-07,1.3095048859417e-07,3.4712102732109e-12,1.42616023961e-12,1.2202095728844e-16,0,329.01469625632,100000000,-3.1918911957973e-16,-0.0029572037503876,0.0047054121634339,194.57942081563,6.1824253685703e-07,513.22440503524,448.77336486351
4.8164999999999,-7.8666821665464e-14,-2.6222273888494e-14,8.6500221382062e-31,2.2967260839673e-12,1.7330992915575,0,1.0662971023114e-26,4.1241460592734e-06,1.3265457374202e-27,-5.0916241845729e-07,-9.2884754064732e-28,9.2884754064697e-28,1.069546824131e-06,1.0695468241308e-06,-4.7824651998649e-17,-4.7824651998648e-17,9.2884754064706e-28,-9.2884754064723e-28,4.7824651998645e-17,4.7824651998652e-17,1.0695468241309e-06,1.0695468241309e-06,3.8537319718438e-07,1.0252996079798e-11,4.1241460592734e-12,6.7062621071029e-16,0,329.01469625632,100000000,-3.1918911957973e-16,-0.0030206279846568,0.0048049377746772,198.70766340655,6.3175705023868e-07,524.21743001846,458.39134845564
4.9164999999999,-6.4074399967118e-13,-2.1358133322373e-13,2.4739477837615e-30,6.625120764039e-12,1.7331208816746,0,2.9875904292728e-26,1.1670747328744e-05,3.7808804922624e-27,-1.4654960613847e-06,-2.6473731343397e-27,2.6473731343393e-27,3.0784217401188e-06,3.0784217401185e-06,-1.3847778803794e-16,-1.3847778803794e-16,2.6473731343393e-27,-2.6473731343397e-27,1.3847778803793e-16,1.3847778803794e-16,3.0784217401186e-06,3.0784217401187e-06,1.1093943119264e-06,2.9623224788756e-11,1.1670747328744e-11,-2.8842612064839e-16,0,329.01469625632,100000000,-3.1918911957973e-16,-0.0030840827781322,0.0049044534815588,202.83602733523,6.4531653730828e-07,535.21512101301,468.01364334153
5.0164999999999,-5.004657712018e-12,-1.6682192373396e-12,6.9272839194711e-30,1.871241461749e-11,1.733142464372,0,8.1986572104551e-26,3.2347550131228e-05,1.0550735772062e-26,-4.1298260517828e-06,-7.3876269000393e-27,7.3876269000393e-27,8.6751146152552e-06,8.6751146152544e-06,-3.9257849534842e-16,-3.9257849534837e-16,7.3876269000384e-27,-7.3876269000401e-27,3.925784953484e-16,3.9257849534839e-16,8.6751146152549e-06,8.675114615255e-06,3.1268444690224e-06,8.3793874215107e-11,3.2347550131228e-11,-4.3728325826657e-16,0,329.01469625632,100000000,-3.1918911957973e-16,-0.0031475681602322,0.0050039592860503,206.96451290192,6.589517992035e-07,546.21747964483,477.6402511941
5.1164999999999,-3.7547415873084e-11,-1.2515805291028e-11,1.9006341513337e-29,5.1792564484878e-11,1.7331640396377,0,2.2054645224327e-25,8.7885767488201e-05,2.8850579618829e-26,-1.1404080588163e-05,-2.020118053171e-26,2.0201180531709e-26,2.3955417236328e-05,2.3955417236327e-05,-1.0905708980469e-15,-1.0905708980469e-15,2.0201180531708e-26,-2.020118053171e-26,1.0905708980469e-15,1.090570898047e-15,2.3955417236328e-05,2.3955417236329e-05,8.6358547224942e-06,2.3224908476706e-10,8.7885767488201e-11,-5.8903666081767e-16,0,329.01469625632,100000000,-3.1918911957973e-16,-0.0032110841630064,0.0051034551901218,211.09312010955,6.7274427493672e-07,557.22450674722,487.27117299263
5.2164999999999,-2.7100498497969e-10,-9.0334994993219e-11,5.1137540584821e-29,1.4058286651828e-10,1.733185607456,0,5.8200820496348e-25,0.00023424203073509,7.736599649061e-26,-3.0882413203992e-05,-5.417168329965e-26,5.4171683299654e-26,6.4871612213457e-05,6.4871612213452e-05,-2.9710098650788e-15,-2.971009865079e-15,5.417168329965e-26,-5.4171683299647e-26,2.9710098650788e-15,2.971009865079e-15,6.4871612213458e-05,6.4871612213459e-05,2.338967851913e-05,6.3124637923461e-10,2.3424203073509e-10,3.0997543049523e-16,0,329.01469625632,100000000.00001,-3.3306690738755e-16,-0.0032746308252522,0.0052029411957431,215.22184818914,6.869458008695e-07,568.2362010932,496.90640791334
5.3164999999999,-1.8845152617732e-09,-6.2817175392442e-10,1.3502365525983e-28,3.7449166303239e-10,1.7332071678011,0,1.5078094945022e-24,0.00061290555207926,2.0360652191249e-25,-8.2073863543462e-05,-1.4256531968959e-25,1.4256531968957e-25,0.0001724043977225,0.00017240439772245,-7.9432688702952e-15,-7.9432688702967e-15,1.4256531968955e-25,-1.4256531968956e-25,7.9432688702954e-15,7.9432688702965e-15,0.00017240439772249,0.00017240439772252,6.2170372512464e-05,1.6837069193006e-09,6.1290555207926e-10,4.3160942054064e-17,0,329.01469625633,100000000.00002,-3.7470027081099e-16,-0.0033382082028635,0.0053024173048836,219.35069440582,7.0214380144073e-07,579.25255620487,506.54595053713
5.4164999999999,-1.2642605336356e-08,-4.2142017787868e-09,3.5011685292527e-28,9.7970173516678e-10,1.733228720623,0,3.8375200539798e-24,0.0015754151057995,5.2623914171046e-25,-0.00021421030020226,-3.6847273243725e-25,3.6847273243705e-25,0.00044997026090732,0.00044997026090701,-2.0856590779921e-14,-2.0856590779936e-14,3.6847273243692e-25,-3.6847273243706e-25,2.0856590779926e-14,2.0856590779931e-14,0.00044997026090721,0.00044997026090752,0.00016228645363316,4.4101444854979e-09,1.5754151057995e-09,-4.3363574148328e-16,0,329.01469625636,100000000.00004,-3.816391647149e-16,-0.0034018163943827,0.005401883519512,223.47965110667,7.1980801104683e-07,590.27355246114,516.18978394249
5.5164999999999,-8.1926418653777e-08,-2.7308806217946e-08,8.921459635656e-28,2.5186184543531e-09,1.7332502658117,0,9.6011374253694e-24,0.0039804315371852,1.3366298259835e-24,-0.00054940497322003,-9.3590842109657e-25,9.3590842109548e-25,0.0011540803542599,0.0011540803542579,-5.3817419936203e-14,-5.3817419936298e-14,9.3590842109456e-25,-9.3590842109541e-25,5.3817419936233e-14,5.3817419936263e-14,0.0011540803542592,0.0011540803542612,0.00041628983021399,1.1350735319461e-08,3.9804315371852e-09,3.0305424240339e-16,0,329.01469625642,100000000.00011,-3.816391647149e-16,-0.0034654556030125,0.0055013398415964,227.60869854691,7.4356459057521e-07,601.29913791073,525.83786291291
5.6164999999999,-5.1335622941079e-07,-1.7111874313727e-07,2.2353583535853e-27,6.3663694878873e-09,1.7332718031125,0,2.3627943591918e-23,0.0098904105668819,3.33845449553e-24,-0.0013854896652006,-2.3375863796225e-24,2.337586379616e-24,0.0029103602653356,0.0029103602653227,-1.3655500912401e-13,-1.365550091246e-13,2.3375863796095e-24,-2.3375863796159e-24,1.3655500912421e-13,1.3655500912438e-13,0.0029103602653313,0.0029103602653441,0.0010499438775003,2.8720997579475e-08,9.8904105668819e-09,-8.6645051933329e-17,0,329.01469625659,100000000.00028,-3.816391647149e-16,-0.0035291262846063,0.0056007862731045,231.73778774819,7.8205117460361e-07,612.32918240586,535.49007379387
5.7164999999999,-3.1127001676362e-06,-1.0375667225506e-06,5.5105526186514e-27,1.5829780696146e-08,1.7332933319273,0,5.7227393392227e-23,0.024175623867795,8.2042388819973e-24,-0.003436832553627,-5.7446093967866e-24,5.7446093967474e-24,0.007219412135584,0.0072194121355052,-3.4091779353108e-13,-3.4091779353481e-13,5.7446093967086e-24,-5.744609396745e-24,3.4091779353232e-13,3.4091779353341e-13,0.0072194121355578,0.0072194121356363,0.0026048313976765,7.1468052385461e-08,2.4175623867795e-08,3.8039432579542e-16,0,329.01469625699,100000000.0007,-3.816391647149e-16,-0.0035928294947915,0.0057002228160032,235.86680023858,8.556348094589e-07,623.36336983112,545.14614016684
5.8164999999999,-1.8264650921272e-05,-6.0882169738325e-06,1.3372165169711e-26,3.8726231200779e-08,1.7333148508573,0,1.3648167431115e-22,0.058126579738274,1.9848203698014e-23,-0.0083875550112314,-1.3897715450936e-23,1.3897715450702e-23,0.017618902140541,0.017618902140071,-8.3787682745981e-13,-8.3787682748229e-13,1.3897715450472e-23,-1.3897715450689e-23,8.378768274673e-13,8.3787682747381e-13,0.017618902140385,0.017618902140855,0.0063579212322727,1.7486961213173e-07,5.8126579738275e-08,-9.7839994662858e-17,0,329.01469625796,100000000.00171,-3.816391647149e-16,-0.0036565676880362,0.005799649472259,239.99545525321,1.0112240982419e-06,634.40094958226,554.80540532766
5.9164999999999,-0.00010357857686914,-3.4526192290745e-05,3.1955572047665e-26,9.3190535500865e-08,1.7333363566742,0,3.206367859139e-22,0.13733555827762,4.7293002583451e-23,-0.020131944146514,-3.3114568085504e-23,3.3114568084163e-23,0.042289171676223,0.042289171673504,-2.0281546180119e-12,-2.0281546181431e-12,3.3114568082839e-23,-3.3114568084085e-23,2.0281546180556e-12,2.0281546180936e-12,0.042289171675318,0.042289171678035,0.015262532860577,4.2031470605542e-07,1.3733555827762e-07,7.7621285846777e-16,0,329.01469626028,100000000.00412,-3.816391647149e-16,-0.0037203465147799,0.0058990662438376,244.123100743,1.3537008684439e-06,645.44017662982,564.4663421827
6.0164999999999,-0.00056526790941904,-0.00018842263648626,7.521992852532e-26,2.2030839549442e-07,1.7333578420858,0,7.422023661507e-22,0.31795987581835,1.1102486809864e-22,-0.047454869866631,-7.773963066629e-23,7.7739630658813e-23,0.099683722745502,0.099683722730377,-4.8368812494703e-12,-4.8368812502133e-12,7.7739630651442e-23,-7.7739630658387e-23,4.836881249718e-12,4.8368812499327e-12,0.099683722740459,0.099683722755584,0.03598246023913,9.8954518188326e-07,3.1795987581836e-07,-1.6266632272864e-16,0,329.01469626571,100000000.00973,-4.0939474033053e-16,-0.0037841787262667,0.0059984731327042,248.2482586167,2.1051532559994e-06,656.47709255185,574.12548628259
6.1164999999999,-0.0029379258577822,-0.00097930861941872,1.7438810012275e-25,5.0997007809267e-07,1.7333792911711,0,1.6926170783997e-21,0.71654497640177,2.5683750616815e-22,-0.10944505670272,-1.7983766352493e-22,1.7983766348474e-22,0.2299003393847,0.22990033930447,-1.1366751412967e-11,-1.1366751417032e-11,1.7983766344502e-22,-1.7983766348239e-22,1.1366751414323e-11,1.1366751415496e-11,0.22990033935797,0.22990033943821,0.083003141492215,2.2663941813293e-06,7.1654497640182e-07,8.3712262458146e-17,0,329.01469627812,100000000.02252,-4.2327252813834e-16,-0.0038480921537863,0.0060978701408235,252.36769391645,3.6896852090177e-06,667.50302920079,583.77525073375
6.2164999999999,-0.014223391147104,-0.0047411303840514,3.9790640237307e-25,1.1474783590287e-06,1.7334006711689,0,3.8002482853882e-21,1.5499725506045,5.8534798745031e-22,-0.24495026918436,-4.0986075592156e-22,4.0986075571412e-22,0.51454265463861,0.51454265424092,-2.6315288314126e-11,-2.6315288335511e-11,4.0986075550836e-22,-4.098607557012e-22,2.6315288321258e-11,2.6315288327433e-11,0.51454265450634,0.51454265490402,0.18582515953714,4.9781930549412e-06,1.5499725506047e-06,4.9831184858815e-16,0,329.01469630553,100000000.05067,-4.4408920985006e-16,-0.0039121440641673,0.0061972572701597,256.47473628288,6.7374296713367e-06,678.5001041413,593.39998322738
6.3164999999999,-0.061559995714209,-0.020519998586421,8.920044660274e-25,2.4750651191697e-06,1.7334219216904,0,8.3857096813071e-21,3.1371592574411,1.3131252014455e-21,-0.52379432617824,-9.1945047969816e-22,9.1945047868271e-22,1.1002826162288,1.1002826144559,-5.9962984451772e-11,-5.9962984558837e-11,9.1945047766845e-22,-9.1945047861208e-22,5.9962984487486e-11,5.9962984518393e-11,1.1002826156411,1.1002826174141,0.39754591314422,1.021725627031e-05,3.1371592574418e-06,1.9812041125713e-16,0,329.01469636301,100000000.1093,-7.1470607210244e-16,-0.003976440028799,0.0062966345226761,260.55706320079,1.1610911816545e-05,689.43526418378,602.97075215214
6.4164999999999,-0.22410401890933,-0.074701339738037,1.958989724333e-24,5.007913438716e-06,1.7334429520699,0,1.8135283191633e-20,5.7270888263388,2.8944337464809e-21,-1.0445145678072,-2.0266829815171e-21,2.0266829768995e-21,2.1941078080725,2.19410780136,-1.3423443514478e-10,-1.3423443564527e-10,2.0266829722287e-21,-2.0266829765183e-21,1.3423443531177e-10,1.3423443545621e-10,2.1941078058604,2.1941078125729,0.79330822512719,1.887346670644e-05,5.7270888263405e-06,-1.8519678968391e-16,0,329.01469647383,100000000.22115,-9.5062846483529e-16,-0.0040411385886071,0.0063960019003351,264.59611877765,1.7064823284597e-05,700.25870004061,612.4439585943
6.5164999999999,-0.64659156066086,-0.21553052069508,4.2021993544798e-24,9.2809154212996e-06,1.7334636686427,0,3.8325741150353e-20,9.1257430302682,6.2535277809898e-21,-1.8913006545843,-4.3787211779038e-21,4.3787211588766e-21,3.9728670698938,3.9728670495444,-2.9447963525098e-10,-2.9447963738386e-10,4.3787211392593e-21,-4.3787211569217e-21,2.9447963596281e-10,2.9447963657819e-10,3.9728670632491,3.9728670835984,1.4377395769125,3.0346418348333e-05,9.1257430302713e-06,3.5418345416511e-16,0,329.01469666332,100000000.40984,-1.3808398868775e-15,-0.0041064036161701,0.0064953594050995,268.57262693686,1.993883696138e-05,710.91859804295,621.77424684409
6.6164999999999,-1.4538759961711,-0.48462533355678,8.7943928904729e-24,1.5552928188295e-05,1.7334840269211,0,7.9058993913336e-20,12.659365358974,1.3216170622034e-20,-3.0655909808415,-9.2539648565215e-21,9.253964786735e-21,6.4395818891655,6.4395818408864,-6.317525291544e-10,-6.3175253728393e-10,9.253964713006e-21,-9.2539647777238e-21,6.3175253186858e-10,6.3175253421324e-10,6.4395818735894,6.4395819218684,2.3326483040725,4.2362896892967e-05,1.2659365358978e-05,3.1533468053975e-16,0,329.0146969453,100000000.68681,-1.6375789613221e-15,-0.0041723131164904,0.0065947070389308,272.47724268812,1.8874791677243e-05,721.3897041981,630.93950331503
6.7164999999999,-2.6511225785773,-0.88370752962904,1.7982145719226e-23,2.3713231308414e-05,1.7335040476961,0,1.5940956839504e-19,15.796501668718,2.7308897980429e-20,-4.4798932918707,-1.9121694944864e-20,1.912169471715e-20,9.410465987245,9.4104658949391,-1.3247507861239e-09,-1.3247508137358e-09,1.9121694470121e-20,-1.9121694681067e-20,1.3247507953464e-09,1.3247508033067e-09,9.4104659578607,9.4104660501669,3.4116498010153,5.3086820864442e-05,1.5796501668722e-05,5.6638762078467e-17,0,329.014697316,100000001.04717,-1.9775847626136e-15,-0.0042388310176035,0.0066940448037901,276.31392847414,1.6235483371221e-05,731.68243345833,639.94883119717
6.8164999999999,-4.1766761694648,-1.3922253961745,3.6013149906513e-23,3.3505950749799e-05,1.733523777117,0,3.1494610536054e-19,18.49826495636,5.5232269954232e-20,-6.0269638822427,-3.867364484551e-20,3.8673644175198e-20,12.660243178898,12.660243028493,-2.7183310947471e-09,-2.718331179282e-09,3.867364342894e-20,-3.8673644049247e-20,2.7183311229932e-09,2.7183311473547e-09,12.66024313166,12.660243282064,4.5927411177708,6.2357671623091e-05,1.8498264956364e-05,5.8168608555214e-16,0,329.01469776365,100000001.47962,-2.2690183065777e-15,-0.0043058768887177,0.006793372701638,280.09187700006,1.4308108396583e-05,741.82125890297,648.82364036422
6.9164999999999,-5.9919735373753,-1.9973245227576,7.0783480767253e-23,4.474189495829e-05,1.7335432493588,0,6.1089673682848e-19,20.957120526319,1.0952185239554e-19,-7.631977078715,-7.6687220132106e-20,7.6687218317614e-20,16.031734614213,16.031734394254,-5.4675973404181e-09,-5.4675975779121e-09,7.6687216248569e-20,-7.6687217926105e-20,5.4675974198029e-09,5.4675974882187e-09,16.03173454601,16.031734765968,5.8184887287122,7.0819866220532e-05,2.0957120526323e-05,2.1066569508173e-16,0,329.01469827896,100000001.97579,-2.629840789581e-15,-0.0043733911942532,0.0068926907344345,283.81788258987,1.3488095198763e-05,751.82425403297,657.57974239011
7.0164999999999,-8.0933931180533,-2.697797721414,1.3670125089846e-22,5.7339437648621e-05,1.7335624795579,0,1.1647106272131e-18,23.340637579845,2.1324430563894e-19,-9.2558584433234,-1.4931370087762e-19,1.4931369628431e-19,19.442860506158,19.442860206755,-1.079633944516e-08,-1.0796340067936e-08,1.4931369092937e-19,-1.4931369517226e-19,1.0796339653402e-08,1.0796339832745e-08,19.442860414448,19.442860713849,7.0588382985047,7.9042605474148e-05,2.334063757985e-05,-4.6500153515112e-16,0,329.01469885769,100000002.5321,-2.8588242884101e-15,-0.0044413476634703,0.0069919989041392,287.49486750119,1.3371660784197e-05,761.69912068214,666.22387189422
7.1164999999999,-10.491807016464,-3.4972690272923,2.5957913495181e-22,7.1287181487684e-05,1.7335814704776,0,2.184080151781e-18,25.738974714779,4.0812215007507e-19,-10.880725041697,-2.8576720432302e-19,2.8576719330886e-19,22.856055950599,22.856055562495,-2.0951420905173e-08,-2.0951422450061e-08,2.8576718019687e-19,-2.8576719036261e-19,2.0951421421919e-08,2.0951421866653e-08,22.856055833121,22.856056221224,8.3000255244331,8.7333841494966e-05,2.5738974714784e-05,-1.2797040031703e-15,0,329.01469949908,100000003.14803,-3.1086244689511e-15,-0.0045097416563514,0.0070912972127103,291.12322530072,1.3584038632709e-05,771.44677896757,674.75682746754
7.2164999999999,-13.199826605623,-4.3999422315821,4.8483831309065e-22,8.6607344854147e-05,1.7336002189845,0,4.0298537897588e-18,28.191380656333,7.6833461875651e-19,-12.498292026145,-5.3798804510914e-19,5.3798801985832e-19,26.253917788889,26.25391730299,-3.9986982112102e-08,-3.9986985773072e-08,5.3798798918464e-19,-5.3798801247273e-19,3.9986983337046e-08,3.9986984390602e-08,26.25391764353,26.253918129427,9.5356786283549,9.5828147623205e-05,2.8191380656338e-05,-1.5030208920475e-15,0,329.01470020407,100000003.82456,-3.3237301799728e-15,-0.0045785788465313,0.0071905856621061,294.70213877035,1.3927826506648e-05,781.06489760864,683.17656139932
7.3164999999999,-16.228420837699,-5.4094736518595,8.909985678298e-22,0.00010333606947134,1.7336187195222,0,7.3181431892071e-18,30.713587208576,1.4235344667879e-18,-14.104071721328,-9.9675911089531e-19,9.9675905518068e-19,29.627019204387,29.627018611594,-7.5093049883995e-08,-7.509305822965e-08,9.9675898614363e-19,-9.9675903748944e-19,7.5093052677301e-08,7.5093055078238e-08,29.627019029143,29.627019621933,10.762353097481,0.00010457970324246,3.0713587208582e-05,-1.5709899696095e-15,0,329.01470097428,100000004.5633,-3.6567970873614e-15,-0.0046478691522775,0.0072898642542848,298.2302888437,1.4320876059379e-05,790.54979467422,691.47984340828
7.4164999999999,-19.586981976994,-6.5289940430759,1.6114243286599e-21,0.0001215151502876,1.7336369655664,0,1.3082820900813e-17,33.312253421564,2.596530840084e-18,-15.695035550283,-1.8180914168786e-18,1.8180912980118e-18,32.96899836314,32.968997654314,-1.3880485831239e-07,-1.3880487670565e-07,1.8180911477666e-18,-1.8180912572335e-18,1.3880486447065e-07,1.3880486976035e-07,32.968998156127,32.968998864952,11.977728980627,0.00011361162169829,3.331225342157e-05,-2.2341151680604e-15,0,329.01470181164,100000005.36608,-3.9065972679037e-15,-0.0047176241927036,0.007389132991203,301.70615236891,1.4732894467346e-05,799.89723641236,699.66295991648
7.5164999999999,-23.283832154506,-7.7612774490853,2.8686824380709e-21,0.00014118899408312,1.733654950159,0,2.3029043494994e-17,35.990818201902,4.6638406696616e-18,-17.268775133143,-3.2656222087498e-18,3.2656219626945e-18,36.274796217477,36.274795383431,-2.5260813616154e-07,-2.5260817549612e-07,3.2656216453648e-18,-3.2656218717978e-18,2.5260814933551e-07,2.5260816064379e-07,36.274795976943,36.274796810989,13.179963557363,0.00012293599774063,3.5990818201909e-05,-3.7809736919509e-15,0,329.0147027182,100000006.23487,-4.2604808570055e-15,-0.0047878563538424,0.0074883918748172,305.12811162669,1.5152619475407e-05,809.10273122944,707.72197140703
7.6164999999999,-27.326463743767,-9.1088213279228,5.0277322254702e-21,0.00016240352700543,1.7336726661002,0,3.9920904214651e-17,38.751506468949,8.2511677870899e-18,-18.823207977167,-5.7774694671716e-18,5.7774689717412e-18,39.540038278355,39.540037309868,-4.5271163404992e-07,-4.5271171589456e-07,5.7774683195052e-18,-5.777468775092e-18,4.5271166147058e-07,4.5271168499176e-07,39.540038002702,39.540038971189,14.367464302071,0.00013256078577554,3.8751506468956e-05,9.5480545765363e-16,0,329.01470369609,100000007.1717,-4.5310977192617e-15,-0.0048585784539496,0.0075876409070833,308.49449368101,1.5574945080307e-05,818.16163540881,715.65280497881
7.7164999999999,-31.721550918448,-10.573850404332,8.6765821532669e-21,0.00018520573130558,1.7336901060288,0,6.8162141003107e-17,41.59593579269,1.4381111331951e-17,-20.356462671371,-1.0069657380379e-17,1.0069656408201e-17,42.760793455166,42.760792342998,-7.9911379903806e-07,-7.9911396507817e-07,1.0069655100834e-17,-1.0069655994167e-17,7.9911385468634e-07,7.9911390238654e-07,42.760793142968,42.76079425514,15.538800469906,0.0001424918731076,4.1595935792698e-05,9.9556541987946e-16,0,329.01470474749,100000008.17864,-4.7253867485769e-15,-0.004929803602273,0.0076868800899568,311.80358707872,1.5996427604962e-05,827.06919806374,723.45129370571
7.8164999999999,-36.474851744919,-12.158284033946,1.4746033834996e-20,0.00020964336257215,1.7337072624716,0,1.1464796631391e-16,44.525278189245,2.4697295660752e-17,-21.866823354028,-1.7293052180104e-17,1.7293050318111e-17,45.93345740415,45.93345613905,-1.3895688529785e-06,-1.3895691819456e-06,1.7293047758309e-17,-1.7293049468022e-17,1.3895689632715e-06,1.3895690577407e-06,45.933457054168,45.933458319275,16.692660427802,0.00015273362341071,4.4525278189255e-05,2.9727605894628e-16,0,329.01470587461,100000009.2578,-5.0306980803575e-15,-0.0050015451135863,0.0077861094253917,315.05365205716,1.6414059875278e-05,835.82058870244,731.11320077513
7.9164999999999,-41.591066042907,-13.863688823499,2.4683632149349e-20,0.00023576470981453,1.7337241278844,0,1.8998790349047e-16,47.540288805384,4.1797834294094e-17,-23.352696897614,-2.9266853714198e-17,2.9266850229261e-17,49.054683597091,49.054682169831,-2.3806782532827e-06,-2.3806788906328e-06,2.9266845326933e-17,-2.926684852439e-17,2.3806784670464e-06,2.3806786500007e-06,49.054683208312,49.054684635578,17.827826479843,0.00016328896228766,4.7540288805394e-05,5.2581942424056e-16,0,329.0147070797,100000010.41132,-5.3221316243343e-15,-0.005073816436302,0.0078853289153428,318.24292921711,1.6824852734959e-05,844.41092071924,738.63424006237
8.0164999999999,-47.0736735348,-15.691224680578,4.0700752890049e-20,0.00026361835649762,1.7337406946931,0,3.1022245742415e-16,50.641291968603,6.9721598868444e-17,-24.812591388914,-4.881908114836e-17,4.88190747688e-17,52.121338116621,52.121336518042,-4.0191065354654e-06,-4.019107744261e-06,4.88190655759e-17,-4.8819071424432e-17,4.0191069410428e-06,4.0191072878919e-06,52.121337688297,52.121339286878,18.943158367908,0.00017415931625517,5.0641291968614e-05,2.3379193932452e-15,0,329.014708365,100000011.64133,-5.6343818500278e-15,-0.0051466310813409,0.0079845385617631,321.36964817017,1.7225754239201e-05,852.83527486813,746.01009669197
8.1164999999999,-52.924760344542,-17.641586979945,6.6115500126004e-20,0.00029325292775979,1.7337569553358,0,4.9917773132921e-16,53.828150053281,1.1464287449966e-16,-26.245101633116,-8.0272970929139e-17,8.0272959497952e-17,55.13046920615,55.130467427178,-6.6868371771654e-06,-6.6868394234286e-06,8.0272942603434e-17,-8.0272953074128e-17,6.6868379311342e-06,6.6868385753967e-06,55.130468737812,55.130470516787,20.037582157925,0.00018534449259931,5.3828150053292e-05,1.4073336244978e-15,0,329.01470973277,100000012.94998,-5.8633653488825e-15,-0.0052200025472552,0.0080837383666063,324.43203669448,1.7613523334074e-05,861.08872415065,753.23644883999
8.2164999999999,-59.144837308915,-19.714946000577,1.0581712660813e-19,0.00032471681701888,1.7337729023097,0,7.9161745014252e-16,57.100223363991,1.8584292049545e-16,-27.64889959656,-1.3012726401044e-16,1.3012724394912e-16,58.079287193918,58.079285225595,-1.0965405861129e-05,-1.0965409953949e-05,1.301272134976e-16,-1.3012723185679e-16,1.0965407235471e-05,1.0965408408825e-05,58.079286685407,58.079288653734,21.110082909686,0.00019684252817616,5.7100223364004e-05,-2.4233044037763e-16,0,329.01471118527,100000014.33942,-6.1409211050752e-15,-0.0052939442395391,0.008182928331824,327.4283306442,1.7984777944662e-05,869.16636077854,760.30899135494
8.3164999999999,-65.732653000046,-21.910884599847,1.6687913322988e-19,0.00035805788815848,1.7337885282207,0,1.2373553872677e-15,60.456324784222,2.9703940652734e-16,-29.022728538504,-2.0798707767188e-16,2.0798704317285e-16,60.965152166182,60.965149999714,-1.7725094332274e-05,-1.7725101648922e-05,2.0798698930635e-16,-2.0798702084822e-16,1.7725096790214e-05,1.7725098886804e-05,60.965151617691,60.965153784164,22.159700171675,0.00020864951998656,6.0456324784236e-05,1.7020601912664e-15,0,329.01471272473,100000015.81175,-6.4184768612822e-15,-0.0053684693829763,0.0082821084593686,330.35678475216,1.833599574397e-05,877.06332558296,767.22346152314
8.4164999999999,-72.685004893179,-24.22833526942,2.5934688769226e-19,0.00039332315115094,1.7338038258378,0,1.9064756122462e-15,63.894671703172,4.6816463261018e-16,-30.365399996146,-3.278090160273e-16,3.2780895787129e-16,63.785567633988,63.785565260795,-2.8246002348128e-05,-2.8246015188102e-05,3.2780886430594e-16,-3.2780891742329e-16,2.8246006663496e-05,2.8246010340981e-05,63.785567046107,63.785569419303,23.185525660291,0.00022075944619624,6.3894671703186e-05,4.918618255997e-16,0,329.01471435332,100000017.36906,-6.6405214662772e-15,-0.0054435909263846,0.0083812787511907,333.21568440422,1.8663499067838e-05,884.77484007926,773.97566716121
8.5164999999999,-79.996552930978,-26.665517990035,3.9722018197224e-19,0.00043055841027503,1.733818788152,0,2.895765147489e-15,67.412837384743,7.2768807142589e-16,-31.675793027714,-5.0952741539909e-16,5.0952731927129e-16,66.538178943224,66.538176354981,-4.4378539507236e-05,-4.4378561637347e-05,5.0952715960734e-16,-5.095272473122e-16,4.4378546948392e-05,4.4378553283362e-05,66.538178316968,66.538180905214,24.186702667503,0.00023316398516205,6.7412837384758e-05,-5.4942615833912e-16,0,329.01471607318,100000019.01336,-6.8556271773935e-15,-0.0055193214394972,0.0084804392092413,336.00335841786,1.8963498806435e-05,892.29624127008,780.56151710775
8.6164999999999,-87.659640596691,-29.219880589159,5.9964025113706e-19,0.00046980788527241,1.7338334084392,0,4.3363856929502e-15,71.007703875905,1.1155745986461e-15,-32.952855267939,-7.8112569889965e-16,7.8112554306462e-16,69.220775491773,69.220772680461,-6.8750931263378e-05,-6.8750968739163e-05,7.8112527528449e-16,-7.8112541730125e-16,6.8750943870595e-05,6.875095459257e-05,69.220774828627,69.220777639941,25.162426855669,0.00024585233987469,7.1007703875921e-05,-7.9367243987918e-16,0,329.01471788637,100000020.74661,-7.1539996153896e-15,-0.0055956730020846,0.0085795898354703,338.71819281448,1.9232145777684e-05,899.62301915301,786.97705408462
8.7164999999999,-95.664129456994,-31.888043588652,8.9227326265603e-19,0.00051111380699979,1.7338476803278,0,6.4026921637096e-15,74.675418616999,1.6869528550178e-15,-34.195605443799,-1.18120496587e-15,1.1812047180644e-15,71.831296014123,71.831292972068,-0.0001050305017762,-0.00010503056415352,1.1812042764998e-15,-1.1812045020523e-15,0.00010503052277121,0.00010503054060738,71.831295316065,71.831298358121,26.111948170019,0.00025881107552479,7.4675418617016e-05,8.5969276563819e-17,0,329.01471979487,100000022.57067,-7.5425776741821e-15,-0.0056726570857838,0.0086787306318269,341.35864553133,1.946560358148e-05,906.75085677924,793.21848979277
8.8164999999999,-103.99725390172,-34.665751784565,1.3088575932974e-18,0.00055451599037894,1.7338615978691,0,9.3219441072351e-15,78.411357021326,2.5165345907404e-15,-35.403137056566,-1.7620784198504e-15,1.7620780332819e-15,74.367836315879,74.367833035819,-0.00015824344728961,-0.00015824354937346,1.7620773171327e-15,-1.7620776685158e-15,0.00015824348166731,0.00015824351083955,74.367835585436,74.367838865498,27.034573643935,0.00027202397832126,7.8411357021344e-05,-1.2893904787112e-16,0,329.01472180054,100000024.4873,-7.7715611732427e-15,-0.0057502844294514,0.0087778616002609,343.92326197301,1.9660026436348e-05,913.67567258734,799.28224200093
8.9164999999999,-112.64350342368,-37.547835007136,1.8928507511526e-18,0.00060005138876671,1.7338751556114,0,1.3384456281043e-14,82.210093392243,3.7037723921205e-15,-36.574622969983,-2.5933828126892e-15,2.5933822210962e-15,76.828658911735,76.828655386865,-0.00023515424369116,-0.00023515440800525,2.5933810783671e-15,-2.5933816153306e-15,0.00023515429905611,0.00023515434598194,76.828658152013,76.828661676886,27.929670898129,0.00028547194408751,8.2210093392262e-05,-8.5636475484061e-17,0,329.0147239051,100000026.49814,-8.0144224601892e-15,-0.0058285649092659,0.0088769827427199,346.41069125573,1.9811788358861e-05,920.39366460597,805.16497327062
9.0164999999999,-121.58454018451,-40.528180642706,2.6990753340898e-18,0.00064775363521991,1.7338883486757,0,1.8953509929736e-14,86.065382606175,5.3786683458128e-15,-37.709320662813,-3.7661456761308e-15,3.7661447879852e-15,79.212204058998,79.212200283024,-0.00034470053559958,-0.00034470079579731,3.7661429934925e-15,-3.7661437983462e-15,0.0003447006233227,0.00034470069758197,79.212203273716,79.212207049694,28.796672148937,0.00029913290540212,8.6065382606195e-05,-3.2751840041065e-15,0,329.01472611014,100000028.60467,-8.2781004289445e-15,-0.0059075074051914,0.008976094061152,348.81970294553,1.9917406046484e-05,926.90135598473,810.86363084422
9.1164999999999,-130.79915971202,-43.599720532784,3.7952253055845e-18,0.00069765257748993,1.7339011728323,0,2.6474119399391e-14,89.970154974607,7.7080510730112e-15,-38.806577911503,-5.3971805071129e-15,5.3971791992404e-15,81.517101694624,81.517097661819,-0.0004984723073721,-0.00049847271284331,5.3971764251619e-15,-5.3971776083146e-15,0.00049847244415483,0.00049847255979344,81.517100888154,81.517104920964,29.635078546791,0.00031298180601469,8.9970154974628e-05,-6.558528565076e-15,0,329.01472841706,100000030.8082,-8.5001450344069e-15,-0.0059871196658132,0.0090751955575039,351.14920404316,1.997371179967e-05,933.19564117947,816.37548710545
9.2164999999998,-140.26330228125,-46.75443476776,5.2630590929784e-18,0.00074977381491422,1.7339136245767,0,3.6479551688977e-14,93.916526566349,1.0902027848195e-14,-39.86583867046,-7.6336045483347e-15,7.6336026595167e-15,83.742183787356,83.742179492599,-0.00071121557807469,-0.00071121620002554,7.633598436814e-15,-7.6336001422255e-15,0.00071121578801635,0.00071121596526338,83.74218296474,83.742187259504,30.444464667241,0.00032699063080828,9.3916526566371e-05,-1.0199396984166e-14,0,329.01473082707,100000033.10987,-8.8262730485928e-15,-0.0060674081739588,0.0091742872337225,353.39825591796,1.9977971296816e-05,939.27383198495,821.69817990533
9.3164999999998,-149.9501218081,-49.983374651397,7.1990808311994e-18,0.00080413824656422,1.7339257012039,0,4.9594368024404e-14,97.895827023967,1.5220201035365e-14,-40.886648916138,-1.0657191544941e-14,1.0657188870442e-14,85.886496613827,85.886492052658,-0.0010013313607902,-0.0010013323000813,1.0657182539481e-14,-1.0657184949113e-14,0.0010013316780572,0.0010013319455346,85.886495780811,85.88650034199,31.224482975963,0.00034112849870316,9.7895827023989e-05,-1.9450221405994e-14,0,329.01473334116,100000035.51061,-9.0830121239498e-15,-0.0061483780158449,0.0092733690917535,355.56609084637,1.9927880691946e-05,945.13370248952,826.82975194399
9.4164999999998,-159.83011784605,-53.276706699723,9.7145022929806e-18,0.00086076164104149,1.7339374008784,0,6.6532736925221e-14,101.8986465021,2.0977126798059e-14,-41.868662220443,-1.4688193942105e-14,1.4688190230504e-14,87.949312466087,87.949307634747,-0.0013913311044199,-0.0013913325014299,1.468818087931e-14,-1.4688184215288e-14,0.0013913315766101,0.0013913319741076,87.949311629139,87.949316460492,31.974868088638,0.00035536182444909,0.00010189864650212,-2.9443200145552e-14,0,329.0147359601,100000038.0111,-9.4091401386132e-15,-0.0062300327568265,0.0093724411335427,357.65212777457,1.9821760778322e-05,950.77353192641,831.76868831002
9.5164999999998,-169.87133450526,-56.6237789475,1.2934291892116e-17,0.0009196542390392,1.7339487226986,0,8.809089251241e-14,105.91490278887,2.8546405244639e-14,-42.811644820079,-1.9988206814035e-14,1.9988201768325e-14,89.930140300285,89.930135195751,-0.0019082015363485,-0.0019082035830793,1.9988188157186e-14,-1.9988192679883e-14,0.0019082022286286,0.0019082028104994,89.930139466606,89.930144571153,32.695440647404,0.00036965455323388,0.00010591490278889,-4.4233229136523e-14,0,329.01473868439,100000040.61181,-9.6797570023814e-15,-0.0063123743270008,0.0094715033610345,359.65598689198,1.9658551455863e-05,956.19214432051,836.51395121414
9.6164999999998,-180.03962787146,-60.013210087711,1.6995157934164e-17,0.00098082040017445,1.7339596667536,0,1.1513290160337e-13,109.93392897371,3.8362742706367e-14,-43.715479955221,-2.6861611880334e-14,2.6861605165603e-14,91.828734850509,91.828729470512,-0.0025836262016308,-0.0025836291561828,2.6861585637301e-14,-2.6861591637199e-14,0.0025836272016943,0.0025836280409041,91.828734028022,91.828739408038,33.386110640723,0.00038396846954583,0.00010993392897374,-6.1830529165898e-14,0,329.01474151425,100000043.31293,-1.0061396169039e-14,-0.0063954029200576,0.0095705557761734,361.57750259045,1.94379349061e-05,961.38894379406,841.06501092255
9.7164999999998,-190.29900078254,-63.433001063849,2.2042382038551e-17,0.0010442583055248,1.7339702341704,0,1.4856935879095e-13,113.94458117547,5.092133555125e-14,-44.580171262978,-3.5655146061053e-14,3.5655137321752e-14,93.645103757093,93.64509810015,-0.0034540095308288,-0.003454013734242,3.5655109697419e-14,-3.5655117477974e-14,0.0034540109546769,0.0034540121475004,93.645102954458,93.645108611422,34.046880002682,0.0003982635787004,0.00011394458117549,-8.9845732423411e-14,0,329.01474444964,100000046.11439,-1.0345890821564e-14,-0.0064791169087288,0.0096695983809034,363.41673438246,1.9160329324118e-05,966.36394439836,845.42187189895
9.8164999999998,-200.61200081343,-66.870667731566,2.8225512116502e-17,0.0011099597267464,1.7339804271502,0,1.8932922425332e-13,117.93536491829,6.6774003558587e-14,-45.405845031414,-4.675519407268e-14,4.6755182962757e-14,95.379512301421,95.379506366852,-0.0045602532309976,-0.0045602591262826,4.6755144424285e-14,-4.6755154272907e-14,0.0045602552294917,0.0045602569007966,95.379511528024,95.379517462612,34.677844343195,0.00041249855613775,0.00011793536491832,-1.2841397200176e-13,0,329.01474749022,100000049.01581,-1.0665079944256e-14,-0.006563512780021,0.0097686311771672,365.17397537171,1.8826968490239e-05,971.11779339436,849.5850932129
9.9164999999998,-210.94017414589,-70.313392148599,3.5693034541153e-17,0.0011779098715536,1.733990248991,0,2.3832570092364e-13,121.89457776911,8.6521654973933e-14,-46.192751147694,-6.0582512464547e-14,6.0582498693608e-14,97.032485397604,97.03247918553,-0.0059472449671025,-0.005947253120082,6.0582445654742e-14,-6.0582457798977e-14,0.0059472477331622,0.0059472500421696,97.032484663525,97.032490875616,35.279193681759,0.00042663125612501,0.00012189457776914,-1.8035310788461e-13,0,329.01475063531,100000052.01655,-1.0921819022619e-14,-0.0066485850931014,0.0098676541669073,366.84975791147,1.8439877666915e-05,975.65178701249,853.55580236642
10.0165,-200.28419097337,-66.761390822214,4.1331899596609e-17,0.001247422258179,1.733992652284,0,2.7578350208703e-13,114.05451681592,1.105123647143e-13,-46.874112784933,-7.7380882379136e-14,7.7380807216763e-14,98.46375152225,98.46374504625,-0.0076418587160936,-0.0076418733991545,7.7380794003335e-14,-7.7380749914821e-14,0.0076418624804194,0.0076418692136206,98.46375111254,98.46375758694,35.804193904968,0.00039767483300021,0.00011405422645724,-2.5761385104921e-13,0,329.01475388397,100000055.08631,-1.1136924738493e-14,-0.0067129385954545,0.0099339940847402,367.10612886723,-0.0002287582045163,976.34478075433,854.16286221265
10.1165,-112.79498049356,-37.59832612322,1.8275223803872e-17,0.0012921729049118,1.7339635279857,0,1.2387866294703e-13,66.767295871236,1.1954522468513e-13,-45.094637777304,-8.3705276201656e-14,8.370562229916e-14,94.72578576565,94.725779336372,-0.0082671969869946,-0.0082671871823125,8.3705178880735e-14,-8.3705556757703e-14,0.0082672011942655,0.008267182506379,94.725784811991,94.725791241109,34.461508492627,0.00023077117651075,6.6767295871164e-05,-2.9798770096876e-13,0,329.01475608637,100000057.06255,-1.1421419392383e-14,-0.0066617662826437,0.0098349776642847,361.36135271021,-8.9990819412319e-05,960.80042570118,840.54950046182
10.2165,-89.971745213401,-29.990581826188,8.508601898429e-18,0.0013263549831161,1.7339361795748,0,5.8544415722689e-14,56.186618044028,1.147238731328e-13,-42.743706867998,-8.0329405106393e-14,8.0329710786529e-14,89.787419863932,89.787413411995,-0.0079179314981618,-0.0079179239151172,8.0329311067899e-14,-8.0329646036088e-14,0.0079179355903445,0.0079179193681167,89.787419228527,89.787425680446,32.666383034281,0.00019355506381999,5.6186618043995e-05,-3.1718181762939e-13,0,329.01475770152,100000058.57205,-1.168509736428e-14,-0.0066074882337541,0.0097359514386065,355.99859858352,-4.7396418110426e-05,946.29782000599,827.84897795487
10.3165,-74.004465336186,-24.668155271859,4.0182949396347e-18,0.0013557970194657,1.7339096208057,0,2.8057479624162e-14,48.88870257533,1.0478749675536e-13,-40.406231574894,-7.3371988535342e-14,7.3372255740503e-14,84.87731913811,84.877312642876,-0.0072182166997135,-0.0072182106086518,7.3371902392071e-14,-7.3372195568363e-14,0.0072182204619122,0.0072182064288654,84.87731860567,84.877325100907,30.880535424594,0.00016794793551519,4.8888702575306e-05,-3.2675454362129e-13,0,329.01475908791,100000059.87222,-1.1893264184814e-14,-0.0065518382225455,0.0096369154057638,350.80738305848,-3.816110746997e-05,932.26631820137,815.56143215751
10.4165,-61.046587388915,-20.34886259809,1.9150375383504e-18,0.0013814976706564,1.7338836840925,0,1.3567150245213e-14,42.736508439873,9.3452466769607e-14,-38.12951594125,-6.5435229578139e-14,6.5435462398665e-14,80.094850316931,80.094843789542,-0.0064277887442952,-0.0064277836987014,6.5435152658345e-14,-6.5435408159385e-14,0.0064277921108551,0.0064277799587705,80.094849845147,80.094856372541,29.14101577536,0.0001464182312327,4.2736508439854e-05,-3.3521519970201e-13,0,329.01476029755,100000061.00715,-1.217081994422e-14,-0.0064951111446184,0.0095378695638137,345.75162743764,-3.3116169041738e-05,918.60766216963,803.60075446171
10.5165,-50.262108978536,-16.754036428921,9.1888649913274e-19,0.0014039674743671,1.7338582844114,0,6.6042191904136e-15,37.356028403108,8.2319391031411e-14,-35.915254749468,-5.7639874831532e-14,5.764007735332e-14,75.443573416008,75.443566875015,-0.0056559912356774,-0.0056559869742679,5.7639807042148e-14,-5.7640029255722e-14,0.0056559942064696,0.0056559836741613,75.443572993881,75.443579534878,27.449217100032,0.00012763965580559,3.7356028403093e-05,-3.3675368106321e-13,0,329.01476135512,100000061.99941,-1.2406742340015e-14,-0.0064374567459585,0.0094388139108132,340.81285866303,-2.9203071180688e-05,905.27140727079,791.92273970617
10.6165,-41.226379891343,-13.742126705764,4.431531844891e-19,0.0014235920453354,1.7338333576707,0,3.2308720724709e-15,32.596112955014,7.2032473965431e-14,-33.760457987762,-5.0436996966493e-14,5.0437172962401e-14,70.917207592063,70.917201057204,-0.0049455848822604,-0.0049455812414156,5.0436937639007e-14,-5.0437130699349e-14,0.0049455874842811,0.0049455783510467,70.917207215141,70.917213750003,25.802862288518,0.00011107184555204,3.2596112955002e-05,-3.3723320443363e-13,0,329.01476227893,100000062.86603,-1.2705114780763e-14,-0.0063789879405194,0.0093397484448185,335.97711452612,-2.5911700697576e-05,892.21941246167,780.49396510181
10.7165,-33.637443721668,-11.212481294209,2.1450210068804e-19,0.0014406903005414,1.7338088508697,0,1.5862576949052e-15,28.358202982156,6.280143268332e-14,-31.662355580305,-4.397344044495e-14,4.3973593301855e-14,66.509934005579,66.509927496601,-0.0043097131250256,-0.0043097099934795,4.397338871949e-14,-4.3973556359081e-14,0.0043097153947363,0.0043097074722926,66.509933671062,66.509940180043,24.1998306108,9.6361515544319e-05,2.8358202982147e-05,-3.3871601493213e-13,0,329.01476308405,100000063.62108,-1.3003487221335e-14,-0.0063197981127232,0.0092406731638848,331.23284486147,-2.3072957677129e-05,879.42013175261,769.28678755798
10.8165,-27.261512396713,-9.0871708357795,1.0407661722281e-19,0.0014555336714052,1.7337847188777,0,7.8064248035275e-16,24.56849039437,5.4642170868689e-14,-29.619001890156,-3.8260341445878e-14,3.8260474160732e-14,62.217665636623,62.217659173279,-0.003748608023097,-0.0037486053192411,3.8260296442241e-14,-3.8260441965939e-14,0.0037486099984447,0.003748603125056,62.21766534226,62.217671805609,22.638629862763,8.3244010855395e-05,2.4568490394363e-05,-3.382943473338e-13,0,329.01476378329,100000064.27656,-1.3308798555636e-14,-0.0062599667831421,0.0091415880660669,326.5702184815,-2.0587639516438e-05,866.84672178565,758.27768522865
10.9165,-21.912221751271,-7.304073941126,5.0563336099685e-20,0.0014683572324143,1.7337609225766,0,3.8466391144571e-16,21.169728262297,4.7488694779601e-14,-27.629312471563,-3.3251491491801e-14,3.3251606695253e-14,58.038124485707,58.038118088006,-0.0032572043139308,-0.0032572019742373,3.3251452381646e-14,-3.3251578687583e-14,0.00325720603091,0.0032572000670564,58.038124229477,58.038130627184,21.118425769671,7.1514007076955e-05,2.1169728262291e-05,-3.3671562379541e-13,0,329.01476438771,100000064.84284,-1.3614109889768e-14,-0.0061995628782285,0.0090424931494198,321.9807211814,-1.8383094403195e-05,854.47594316859,747.44629471266
11.0165,-17.438322079602,-5.8127740408978,2.4571958646893e-20,0.0014793676832476,1.7337374275278,0,1.895966431024e-16,18.117076557586,4.1245080997963e-14,-25.693041785671,-2.8879725290104e-14,2.8879825280536e-14,53.97079476286,53.970788451362,-0.0028286025927512,-0.0028286005656558,2.8879691323451e-14,-2.8879800940513e-14,0.002828604084092,0.0028285989091155,53.970794542831,53.970800854333,19.639024996863,6.1010524078891e-05,1.8117076557581e-05,-3.3806923680829e-13,0,329.01476490702,100000065.32906,-1.3905543435916e-14,-0.0061386470753604,0.0089433884119968,317.45686713944,-1.6402386599251e-05,842.28737225765,736.77472035435
11.1165,-13.715151371592,-4.5717171310989,1.1933219595304e-20,0.0014887494778257,1.7337142029483,0,9.3389924208119e-17,15.375386430755,3.5809240412702e-14,-23.81077407229,-2.5073560287598e-14,2.5073647067599e-14,50.016903712493,50.016897508621,-0.0024556171606125,-0.0024556154031136,2.5073530798548e-14,-2.5073625927698e-14,0.0024556184554479,0.0024556139648494,50.016903526741,50.016909730615,18.200868042745,5.1607090881843e-05,1.5375386430752e-05,-3.3635081578895e-13,0,329.01476534988,100000065.74335,-1.4190038087998e-14,-0.0060772736058071,0.0088442738518516,312.99197721356,-1.4599748097029e-05,830.26279623407,726.24700419454
11.2165,-10.638399547612,-3.5461331846969,5.7863358194222e-21,0.0014966696715733,1.7336912208982,0,4.5931587207365e-17,12.917243925359,3.1083344871467e-14,-21.983932692607,-2.1764497420556e-14,2.1764572732152e-14,46.17944123843,46.179435164743,-0.0021314356593459,-0.0021314341349823,2.1764471823949e-14,-2.1764554378124e-14,0.0021314367833145,0.0021314328865135,46.179441084971,46.179447158659,16.805036262682,4.3204641295307e-05,1.2917243925356e-05,-3.3771773406112e-13,0,329.01476572413,100000066.09311,-1.4495349421622e-14,-0.0060154916833744,0.0087451494670363,308.58000357475,-1.2937966213284e-05,818.38573509056,715.84870714892
11.3165,-8.1194135958576,-2.7064711973426,2.7990203172237e-21,0.0015032818133514,1.7336684556274,0,2.2537226592113e-17,10.721465638552,2.6977957074848e-14,-20.214800337444,-1.888991287245e-14,1.888997822954e-14,42.46320235315,42.463196433563,-0.0018498678105489,-0.0018498664880982,1.8889890656957e-14,-1.8889962297549e-14,0.0018498687860742,0.0018498654045163,42.463202229885,42.463208149472,15.453267264218,3.5726038325321e-05,1.072146563855e-05,-3.3660058039483e-13,0,329.01476603695,100000066.3851,-1.4772905179462e-14,-0.0059533466540932,0.0086460152556034,304.21538890738,-1.1386980826505e-05,806.64105821963,705.56657309435
11.4165,-6.0815887225858,-2.0271962374582,1.3495848392521e-21,0.0015087290718301,1.7336458830494,0,1.1023246802563e-17,8.7718428390805,2.3413223975285e-14,-18.506536779226,-1.6393893696145e-14,1.6393950413608e-14,38.87482446742,38.874818727315,-0.0016054068057503,-0.0016054056583233,1.639387441633e-14,-1.6393936585706e-14,0.001605407652377,0.0016054047179182,38.874824372089,38.87483011219,14.147968535868,2.9111503118356e-05,8.771842839079e-06,-3.358874530393e-13,0,329.01476629502,100000066.62564,-1.5022705361526e-14,-0.0058908809218018,0.0085468712156044,299.89295331901,-9.9232993914894e-06,795.01467673655,695.38825932247
11.5165,-4.4575603324546,-1.4858534396366,6.480711256679e-22,0.001513146685131,1.7336234803279,0,5.3701000541132e-18,7.0559718741272,2.0318743533518e-14,-16.863174678884,-1.4227144520108e-14,1.4227193739571e-14,35.422778582134,35.422773048289,-0.0013932084137199,-0.0013932074180823,1.4227127788602e-14,-1.4227181738722e-14,0.0013932091484503,0.0013932066019681,35.422778512277,35.422784046117,12.892214470008,2.3314381621549e-05,7.0559718741261e-06,-3.3698712969347e-13,0,329.01476650467,100000066.82072,-1.5307200012943e-14,-0.0058281346743933,0.00844771734509,295.60780573736,-8.5301074833313e-06,783.4933025667,685.30212549132
11.6165,-3.1870298768646,-1.0623432874254,3.096755634079e-22,0.0015166637392183,1.7336012255776,0,2.6035123895391e-18,5.5640357096897,1.7632874899056e-14,-15.289566621694,-1.2346504539526e-14,1.2346547251984e-14,32.11725803173,32.117252731962,-0.0012090370670838,-0.0012090362031218,1.2346490019778e-14,-1.2346536837206e-14,0.0012090377046927,0.0012090354948871,32.117257984669,32.11726328443,11.689706340974,1.8296790129911e-05,5.564035709689e-06,-3.3556510118684e-13,0,329.01476667191,100000066.97603,-1.5605572452e-14,-0.0057651464103545,0.0083485536421106,291.35527957474,-7.1980051888292e-06,772.06427345973,675.29708032831
11.7165,-2.2151479241362,-0.73838263670845,1.4712291565134e-22,0.0015194042149258,1.73357909769,0,1.2550932816491e-18,4.2874399927744,1.5301856755573e-14,-13.791249878875,-1.0714330184059e-14,1.0714367249645e-14,28.969894402361,28.969889364795,-0.0010492017508641,-0.0010492010011469,1.0714317583823e-14,-1.071435821153e-14,0.0010492023041828,0.001049200386539,28.969894375207,28.969899412765,10.544669684317,1.4024829217618e-05,4.2874399927739e-06,-3.3735368386857e-13,0,329.01476680252,100000067.09705,-1.5917822678702e-14,-0.0057019532452429,0.0082493801047162,287.13089480101,-5.9259821421062e-06,760.71544946087,665.36249091345
11.8165,-1.4914438106341,-0.49714793274593,6.9432552966265e-23,0.001521487209611,1.7335570763019,0,6.0111726996487e-19,3.2172805686886,1.327890238601e-14,-12.374193661046,-9.2978614844145e-15,9.2978936496213e-15,25.993226612526,25.993221864386,-0.00091049195727536,-0.00091049130668811,9.297850549992e-15,-9.2978858063035e-15,0.00091049243744348,0.00091049077333348,25.993226602211,25.993231350344,9.4616621487212,1.0463321882602e-05,3.2172805686883e-06,-3.3788299788257e-13,0,329.01476690206,100000067.18904,-1.6209256223526e-14,-0.005638590967317,0.0081501967309553,282.93034978618,-4.7220500604555e-06,749.4351896395,655.48816223348
11.9165,-0.96932176767887,-0.32310725247868,3.2521466613243e-23,0.0015230262624572,1.733535141921,0,2.8577982368346e-19,2.3427430138444,1.1523345191809e-14,-11.04440341996,-8.0686237666262e-15,8.0686516792943e-15,23.199869709388,23.199865275315,-0.00079011801987956,-0.0007901174553112,8.0686142778169e-15,-8.0686448728791e-15,0.00079011843656626,0.00079011699246961,23.199869712737,23.199874146804,8.4452722681625,7.5704596738204e-06,2.3427430138442e-06,-3.3665226957051e-13,0,329.01476697583,100000067.257,-1.6583956495039e-14,-0.0055750938184619,0.0080510035188771,278.74954544069,-3.6027491491787e-06,738.2124156213,645.66439272394
12.0165,-0.60611883035419,-0.20203960746707,1.5104787009162e-23,0.0015241278183733,1.7335132762031,0,1.347454087197e-19,1.6496944580019,9.9998629390097e-15,-9.8073846237736,-7.0018844706659e-15,7.0019086930051e-15,20.601388475223,20.601384375255,-0.00068565734795823,-0.00068565685803381,7.0018762363622e-15,-7.0019027864376e-15,0.00068565770955543,0.0006856564563838,20.601388489061,20.601392589022,7.499710750835,5.2932698747707e-06,1.6496944580018e-06,-3.3542975758351e-13,0,329.0147670288,100000067.30565,-1.6923962296882e-14,-0.005511494009108,0.0079518004665295,274.58464036455,-2.5905786853426e-06,727.03675821703,635.88210254009
12.1165,-0.36362912973395,-0.12120970797216,6.9504812993296e-24,0.0015248890568973,1.733491462343,0,6.295528639408e-20,1.1198581010294,8.6777876259581e-15,-8.66751528142,-6.076169921116e-15,6.0761909410165e-15,18.206979352298,18.206975599823,-0.00059500680267248,-0.00059500637752217,6.0761627754673e-15,-6.0761858153441e-15,0.00059500711646313,0.00059500602897408,18.206979373587,18.206983126055,6.6283315550485,3.5652136642577e-06,1.1198581010293e-06,-3.3593923142475e-13,0,329.01476706554,100000067.33926,-1.720845694737e-14,-0.0054478210350262,0.0078525875719598,270.43212882524,-1.7091365072903e-06,715.89876497453,626.13301513605
12.2165,-0.20886605244789,-0.069622016144704,3.1659342478729e-24,0.001525395539608,1.733469685499,0,2.9122214663588e-20,0.73095147259032,7.5304982238737e-15,-7.6274304709511,-5.2728401252482e-15,5.272858366101e-15,16.022177583265,16.022174183387,-0.00051634090027165,-0.00051634053133112,5.2728339243265e-15,-5.2728539180893e-15,0.00051634117257605,0.00051634022886455,16.022177609246,16.022181009118,5.8331612717621,2.3071221848439e-06,7.3095147259029e-07,-3.3880420979839e-13,0,329.01476709009,100000067.36163,-1.7520707173355e-14,-0.0053841009345774,0.0077533648332149,266.28892521515,-9.767697398823e-07,704.79012465655,616.40985363402
12.3165,-0.11472923885853,-0.038243078747992,1.4263512716643e-24,0.0015257192835093,1.7334479331458,0,1.3327485361218e-20,0.45793681343767,6.5348895772727e-15,-6.6875570089589,-4.5757168980898e-15,4.575732727312e-15,14.047879737865,14.047876686652,-0.00044807531388243,-0.00044807499371992,4.575711516994e-15,-4.5757288673708e-15,0.0004480755501854,0.00044807473124253,14.047879766187,14.047882817395,5.1145422072064,1.4318245075015e-06,4.5793681343766e-07,-3.3863710702658e-13,0,329.01476710584,100000067.37592,-1.7839896293146e-14,-0.0053203556737067,0.0076541322483414,262.15243311627,-4.0075153154627e-07,693.70384998121,606.70650063758
12.4165,-0.060253949929743,-0.020084649439992,6.3513264533646e-25,0.0015259178296448,1.7334261952528,0,6.0295611645743e-21,0.27512581023426,5.6709094933071e-15,-5.8459235103824,-3.9707597332431e-15,3.9707734696764e-15,12.279944724581,12.279942009445,-0.000388835090897,-0.00038883481306344,3.9707550635842e-15,-3.9707701200585e-15,0.00038883529595827,0.00038883458528828,12.279944753377,12.279947468508,4.470985107293,8.5143911827349e-07,2.7512581023426e-07,-3.3910849137561e-13,0,329.01476711554,100000067.38469,-1.8131329837251e-14,-0.005256602835579,0.0075548898153847,258.02057849359,2.539735381675e-08,682.63436388522,597.01807358738
12.5165,-0.030276097581761,-0.010092032214437,2.793301335716e-25,0.0015260346085488,1.733404464235,0,2.6949129119802e-21,0.15851605588737,4.9211560398606e-15,-5.0983022349679,-3.4457838317656e-15,3.4457957520982e-15,10.709491753212,10.709489354366,-0.00033742701949763,-0.00033742677839663,3.4457797794846e-15,-3.4457928453344e-15,0.00033742719744766,0.00033742658073573,10.709491781128,10.709494179968,3.8992752183887,4.8514357578305e-07,1.5851605588737e-07,-3.4061195437715e-13,0,329.01476712127,100000067.38985,-1.8429702275206e-14,-0.0051928557102921,0.0074556375323899,253.89179619586,3.2049403181872e-07,671.57746059054,587.3408905382
12.6165,-0.014575595326965,-0.004858531602582,1.2125861023282e-25,0.0015261005096248,1.7333827346898,0,1.1892048387546e-21,0.087654700977603,4.2705276013066e-15,-4.4386410641442,-2.9902150718704e-15,2.9902254162097e-15,9.3238077453077,9.3238056379157,-0.00029281562330461,-0.00029281541407972,2.9902115553435e-15,-2.9902228937504e-15,0.00029281577772778,0.00029281524255166,9.3238077714609,9.3238098788483,3.3948005441826,2.650886868813e-07,8.7654700977602e-08,-3.3881960765395e-13,0,329.01476712451,100000067.39276,-1.8672563561896e-14,-0.0051291237585425,0.0073563753974015,249.76497314805,5.1083934301405e-07,660.53015086727,577.67233459508
12.7165,-0.0067356518115672,-0.0022452171793994,5.1927035440988e-26,0.0015261362301475,1.7333610029938,0,5.178108903346e-22,0.04658316148205,3.7059189662504e-15,-3.8596649336971,-2.5948772101391e-15,2.5948861868478e-15,8.1076107033873,8.1076088598938,-0.00025410231773383,-0.00025410213617067,2.594874158534e-15,-2.594883997884e-15,0.00025410245174062,0.00025410198732043,8.1076107272914,8.1076125707808,2.9520105256485,1.3909781510022e-07,4.658316148205e-08,-3.3989642567715e-13,0,329.01476712628,100000067.39434,-1.9088897196163e-14,-0.0050654133201616,0.0072571034084636,245.63936354103,6.2422335669331e-07,649.49043275021,568.01065313019
12.8165,-0.0029941489268612,-0.00099804959649901,2.1923870324291e-26,0.0015261548556322,1.7333392668559,0,2.2235640131152e-22,0.023832730114913,3.215957482959e-15,-3.3535017375458,-2.2518071380566e-15,2.2518149279499e-15,7.0443644841526,7.0443628763484,-0.00022050731640666,-0.00022050715884807,2.2518044899059e-15,-2.2518130283902e-15,0.00022050743269635,0.00022050702967739,7.0443645056185,7.044366113419,2.5648943780455,7.0212089663422e-08,2.3832730114913e-08,-3.3982299571129e-13,0,329.0147671272,100000067.39516,-1.9394208527955e-14,-0.0050017283989249,0.0071578215636196,241.51449576637,6.8538806736843e-07,638.45704071971,558.35473818069
12.9165,-0.0012830097385164,-0.0004276698908166,9.1210611540681e-27,0.0015261642146171,1.7333175249073,0,9.4114903483037e-23,0.011759936286266,2.7907740440459e-15,-2.9122182173382,-1.9540945259285e-15,1.9541012859159e-15,6.1174044879453,6.1174030885119,-0.00019135392705214,-0.00019135379032446,1.9540922278912e-15,-1.9540996374979e-15,0.00019135402796711,0.00019135367823151,6.1174045069854,6.1174059064155,2.2273913015796,3.415679764046e-08,1.1759936286266e-08,-3.4049151339065e-13,0,329.01476712767,100000067.39557,-1.9442780785298e-14,-0.0049380713821336,0.0070585298609119,237.39008753979,7.1355802133063e-07,627.42921736156,548.70392654829
13.0165,-0.00053102724016909,-0.00017700906989067,3.7371350630969e-27,0.0015261687547358,1.7332957763732,0,3.9243072805972e-23,0.0056066419348155,2.4218043239779e-15,-2.5282086119649,-1.6957426497662e-15,1.695748516012e-15,5.3107540557497,5.3107528392352,-0.00016605492241573,-0.00016605480376489,1.6957406555536e-15,-1.6957470855322e-15,0.00016605500998868,0.00016605470649181,5.310754072498,5.3107552890097,1.9336884396761,1.6043972540474e-08,5.6066419348155e-09,-3.4122743482422e-13,0,329.0147671279,100000067.39577,-1.9595436451187e-14,-0.0048744436157404,0.006959228298383,233.26597830833,7.2219628218573e-07,616.40653174751,539.05784081096
13.1165,-0.0002126712431256,-7.0890409860249e-05,1.5071371394718e-27,0.0015261708846871,1.7332740208379,0,1.6111038413604e-23,0.0025869357457159,2.1016162831889e-15,-2.1944316213017,-1.4715476100028e-15,1.4715527006692e-15,4.609622235122,4.609621178433,-0.00014410071250736,-0.00014410060954341,1.4715458794462e-15,-1.4715514593139e-15,0.00014410078850224,0.00014410052513085,4.6096222497745,4.6096233064611,1.6784028778837,7.2886766764348e-09,2.5869357457159e-09,-3.414700130705e-13,0,329.014767128,100000067.39587,-1.9824419950018e-14,-0.0048108458167398,0.0068599168740743,229.14208091659,7.1991327409597e-07,605.38874968626,529.41627574725
13.2165,-8.2541153729683e-05,-2.7513715976417e-05,5.9790676803886e-28,0.0015261718525353,1.7332522580904,0,6.5086534348816e-24,0.0011568664664504,1.8237604724721e-15,-1.9045230118456,-1.2769935149204e-15,1.276997932547e-15,4.0006403195333,4.0006394020814,-0.0001250490803439,-0.00012504899099287,1.2769920131615e-15,-1.276996855312e-15,0.00012504914629145,0.00012504891774054,4.0006403323084,4.0006412497582,1.4566684087429,3.2072268361721e-09,1.1568664664504e-09,-3.4012300700919e-13,0,329.01476712805,100000067.39591,-2.0053403448849e-14,-0.0047472783436067,0.0067605955860273,225.0183499817,7.1186673211534e-07,594.37574889326,519.77912408302
13.3165,-3.1085129245671e-05,-1.0361708948759e-05,2.3319290304206e-28,0.0015261722790731,1.7332304880302,0,2.5858630672756e-24,0.00050202533158815,1.5826401261998e-15,-1.6528215428887,-1.1081615201749e-15,1.1081653537448e-15,3.4719163088706,3.471915512506,-0.00010851627461845,-0.00010851619708057,1.1081602169644e-15,-1.1081644189315e-15,0.00010851633184705,0.00010851613351297,3.4719163199859,3.4719171163486,1.264155824051,1.3686591992809e-09,5.0202533158815e-10,-3.3969527405122e-13,0,329.01476712807,100000067.39593,-2.0289325841585e-14,-0.0046837413608121,0.0066612644322823,220.89476269301,7.0089509024587e-07,583.36746752303,510.14633144267
13.4165,-1.1370915772989e-05,-3.7903049376028e-06,8.9355038562001e-29,0.001526172461588,1.7332087106144,0,1.0097011754333e-24,0.00021161257855751,1.3733984294566e-15,-1.4343425410625,-9.6165089346424e-16,9.6165422019578e-16,3.0129794001273,3.0129787089599,-9.4169279961134e-05,-9.4169212674576e-05,9.6164976255189e-16,-9.6165340897472e-16,9.4169329623506e-05,9.4169157511284e-05,3.0129794097868,3.0129801009526,1.0970530041607,5.6699943927889e-10,2.1161257855751e-10,-3.4049377338334e-13,0,329.01476712808,100000067.39594,-2.0559942703837e-14,-0.0046202349326615,0.0065619234108789,216.77130787928,6.8851819119587e-07,572.3638748806,500.5178707139
13.5165,-4.0433007222854e-06,-1.3477667833739e-06,3.3616298201306e-29,0.001526172537482,1.7331869258281,0,3.8722575808342e-25,8.6708501380128e-05,1.1918206891441e-15,-1.2447246086737,-8.3451051492613e-16,8.3451340182871e-16,2.6146680429506,2.6146674431249,-8.1719109130322e-05,-8.1719050739756e-05,8.3450953353231e-16,-8.3451269785962e-16,8.1719152226805e-05,8.1719002869632e-05,2.6146680513393,2.6146686511636,0.95202433770032,2.2820698688458e-10,8.6708501380128e-11,-3.4073792976925e-13,0,329.01476712809,100000067.39594,-2.0837498459993e-14,-0.0045567590739144,0.0064625725198566,212.64798012106,6.7549674604648e-07,561.36495565752,490.8937282506
13.6165,-1.3983535640909e-06,-4.6611780808108e-07,1.2407839030857e-29,0.0015261725681702,1.73316513367,0,1.4575185757286e-25,3.4556157243814e-05,1.0342494388752e-15,-1.0801658961613,-7.241794337516e-16,7.2418193897525e-16,2.2689960735859,2.2689955530481,-7.0914982037274e-05,-7.0914931366556e-05,7.2417858210838e-16,-7.2418132807829e-16,7.0915019435948e-05,7.0914889825367e-05,2.2689960808683,2.2689966014049,0.82616208000825,8.9284908559602e-11,3.4556157243814e-11,-3.4022843678741e-13,0,329.01476712809,100000067.39594,-2.1142809791768e-14,-0.0044933137757783,0.0063632117572539,208.52477673235,6.6219237043123e-07,550.37070185469,481.27389680356
13.7165,-4.7053738741317e-07,-1.5684577881033e-07,4.4898067558534e-30,0.0015261725802424,1.733143334145,0,5.3804520565146e-26,1.3399448709108e-05,8.975107678016e-16,-0.93735934122249,-6.2843528377387e-16,6.2843745778056e-16,1.9690166782073,1.969016226484,-6.1539274360894e-05,-6.1539230389378e-05,6.2843454472686e-16,-6.2843692765061e-16,6.1539306815069e-05,6.1539194340372e-05,1.9690166845281,1.9690171362503,0.71693687376325,3.396933783958e-11,1.3399448709108e-11,-3.4113354338686e-13,0,329.01476712809,100000067.39594,-2.1468937805254e-14,-0.0044298990186735,0.0062638411211091,204.40169627987,6.4877725752497e-07,539.38110882187,471.65837205433
13.8165,-1.5407911058579e-07,-5.1359697515353e-08,1.5914541376282e-30,0.0015261725848637,1.7331215272607,0,1.9464125397383e-26,5.056169391205e-06,7.7885038950552e-16,-0.8134316180062,-5.4534951903161e-16,5.4535140561172e-16,1.7086941496163,1.7086937576133,-5.340313400713e-05,-5.3403095849112e-05,5.453488776944e-16,-5.4535094557053e-16,5.3403162170521e-05,5.3403064566164e-05,1.708694155102,1.7086945471041,0.62215108089239,1.2569929223269e-11,5.056169391205e-12,-3.4000584773861e-13,0,329.01476712809,100000067.39594,-2.1711799091892e-14,-0.0043665147782599,0.0061644606094594,200.27873788539,6.3532185472911e-07,528.39617339255,462.04715098286
13.9165,-4.9098543614033e-08,-1.6366179138871e-08,5.5210738949117e-31,0.0015261725865859,1.7330997130257,0,6.894420914577e-27,1.8566576968487e-06,6.7587816324125e-16,-0.70588778300524,-4.7324856765058e-16,4.7325020480492e-16,1.4827876104239,1.4827872702469,-4.6342677117929e-05,-4.6342644004803e-05,4.732480111049e-16,-4.7324980558603e-16,4.6342701557823e-05,4.634261685779e-05,1.4827876151844,1.4827879553606,0.53989645780227,4.5239475854881e-12,1.8566576968487e-12,-3.4014699816283e-13,0,329.01476712809,100000067.39594,-2.1989354848047e-14,-0.0043031610281788,0.006065070220342,196.15590090895,6.2186420953977e-07,517.41589303734,452.44023112665
14.0165,-1.5223087214448e-08,-5.074361715723e-09,1.8729245647667e-31,0.0015261725872097,1.7330778914494,0,2.3890190490212e-27,6.6336337273651e-07,5.8651995004558e-16,-0.61256212490764,-4.1068012158647e-16,4.1068154229176e-16,1.2867477682656,1.2867474730633,-4.0215687007589e-05,-4.0215658272367e-05,4.10679638622e-16,-4.1068119585381e-16,4.0215708216272e-05,4.0215634714476e-05,1.2867477723968,1.2867480675984,0.4685165688486,1.5833382351813e-12,6.6336337273651e-13,-3.4071295654728e-13,0,329.01476712809,100000067.39594,-2.2301605073726e-14,-0.0042398377412503,0.0059656699517934,192.03318480983,6.0841658428013e-07,506.4402654928,442.83761025589
14.1165,-4.5910848122537e-09,-1.5303613809137e-09,6.2067315068412e-32,0.00152617258743,1.7330560625411,0,8.0907226913634e-28,2.305417838995e-07,5.0897583397511e-16,-0.53157500944768,-3.5638388321698e-16,3.5638511609007e-16,1.1166262641127,1.1166260079392,-3.4898749534394e-05,-3.4898724598271e-05,3.563834641055e-16,-3.5638481545486e-16,3.4898767939066e-05,3.4898704154981e-05,1.1166262676978,1.1166265238707,0.40657378181827,5.3872556872651e-13,2.305417838995e-13,-3.4109412052525e-13,0,329.01476712809,100000067.39594,-2.2586099723788e-14,-0.0041765448899927,0.0058662598018492,187.91058908758,5.9498326344104e-07,495.46928860396,433.23928623566
14.2165,-1.3462119961451e-09,-4.4873726189258e-10,2.0072537116897e-32,0.0015261725875056,1.7330342263103,0,2.6752259044453e-28,7.7899271332398e-08,4.4168386693491e-16,-0.46129521066379,-3.0926617954175e-16,3.0926724941602e-16,0.96899654532627,0.96899632302153,-3.028476720625e-05,-3.0284745566945e-05,3.0926581584122e-16,-3.0926698852796e-16,3.028478317763e-05,3.0284727826473e-05,0.96899654843737,0.96899677074159,0.35282045819605,1.7811574893537e-13,7.7899271332398e-14,-3.402654852522e-13,0,329.01476712809,100000067.39594,-2.2884472161657e-14,-0.004113282446828,0.0057668397685444,183.78811325791,5.8156559887002e-07,484.50296025988,423.64525696956
14.3165,-3.8356951553922e-10,-1.2785648378138e-10,6.3278826035497e-33,0.001526172587531,1.7330123827665,0,8.6271770856294e-29,2.5577002048979e-08,3.8328860682234e-16,-0.40030713009523,-2.6837793265221e-16,2.6837886107783e-16,0.84088500631424,0.84088481340052,-2.6280801947726e-05,-2.6280783169365e-05,2.6837761703672e-16,-2.6837863468192e-16,2.6280815807521e-05,2.6280767774371e-05,0.84088500901403,0.8408852019273,0.30617388131006,5.7189938527086e-14,2.5577002048979e-14,-3.3924209805019e-13,0,329.01476712809,100000067.39594,-2.3155089023911e-14,-0.0040500503841663,0.0056674098499139,179.66575684284,5.6816706959084e-07,473.54127836755,414.05552037682
14.4165,-1.0611944692639e-10,-3.5373142646236e-11,1.9423087491456e-33,0.0015261725875394,1.7329905319191,0,2.7102482677879e-29,8.1542899687439e-09,3.3261381525954e-16,-0.34738231234787,-2.3289554273732e-16,2.3289634841529e-16,0.72971115413959,0.72971098673109,-2.2806203076016e-05,-2.2806186780352e-05,2.3289526884952e-16,-2.328961519513e-16,2.28062151034e-05,2.2806173420738e-05,0.72971115648243,0.72971132389054,0.26569447026917,1.7819721979943e-14,8.1542899687439e-15,-3.4012415612981e-13,0,329.01476712809,100000067.39594,-2.3425705886167e-14,-0.0039868486744382,0.0055679700439918,175.54351936707,5.5478089145809e-07,462.58424084205,404.47007438377
14.5165,-2.8483606535548e-11,-9.4945336977184e-12,5.797386131638e-34,0.0015261725875422,1.7329686737777,0,8.2840516575814e-30,2.522154990859e-09,2.8863876497321e-16,-0.30145471175745,-2.0210429855721e-16,2.0210499771607e-16,0.6332356536825,0.63323550840717,-1.979098277819e-05,-1.9790968636984e-05,2.0210406088026e-16,-2.0210482722669e-16,1.9790993215427e-05,1.9790957043652e-05,0.6332356557156,0.63323580099059,0.23056686280536,5.3835344960566e-15,2.522154990859e-15,-3.4112025411575e-13,0,329.01476712809,100000067.39594,-2.364081159719e-14,-0.003923677290108,0.0054685203488111,171.42140035655,5.4141535101482e-07,451.63184560284,394.8889169205
14.6165,-7.4099178387379e-12,-2.4699721094496e-12,1.6803922695339e-34,0.001526172587543,1.7329468083518,0,2.4603217307474e-30,7.5609402531076e-10,2.5047767958842e-16,-0.26159922337835,-1.7538398122703e-16,1.7538458794972e-16,0.54951522984358,0.54951510377518,-1.7174406367473e-05,-1.7174394095884e-05,1.7538377497348e-16,-1.7538444000084e-16,1.7174415424797e-05,1.7174384035312e-05,0.54951523160788,0.54951535767599,0.20008349478255,1.5753604266951e-15,7.5609402531076e-16,-3.4078842617137e-13,0,329.01476712809,100000067.39594,-2.3911428459442e-14,-0.0038605362036778,0.0053690607624047,167.29939933797,5.2806005735371e-07,440.68409057236,385.3120459197
14.7165,-1.8662018050262e-12,-6.2206713319269e-13,4.7230221983487e-35,0.001526172587543,1.7329249356507,0,7.0898211283397e-31,2.1943537401501e-10,2.1736189169817e-16,-0.22701305029265,-1.5219637133218e-16,1.5219689783975e-16,0.47686352772017,0.47686341831933,-1.4903768922488e-05,-1.4903758273333e-05,1.5219619234753e-16,-1.5219676945126e-16,1.4903776782339e-05,1.4903749542875e-05,0.47686352925121,0.47686363865179,0.17363034904053,4.4600183461887e-16,2.1943537401501e-16,-3.4092586367206e-13,0,329.01476712809,100000067.39594,-2.4147350852178e-14,-0.003797425387687,0.0052695912828051,163.17751583851,5.1472690806322e-07,429.74097367537,375.73945931605
14.8165,-4.5443928098198e-13,-1.5147972527571e-13,1.2852216953309e-35,0.001526172587543,1.7329030556839,0,1.9792665467125e-31,6.1575722757243e-11,1.8862435982416e-16,-0.19699953359782,-1.3207440773453e-16,1.3207486463225e-16,0.41381714588471,0.41381705094782,-1.2933333667684e-05,-1.2933324426459e-05,1.3207425241353e-16,-1.3207475321807e-16,1.293334048838e-05,1.293331685026e-05,0.41381714721333,0.41381724215,0.15067458780606,1.2200332430463e-16,6.1575722757243e-17,-3.4041015096702e-13,0,329.01476712809,100000067.39594,-2.4445723290048e-14,-0.0037343448147175,0.0051701119080438,159.0557493859,5.0140551310747e-07,418.8024928391,366.17115504639
14.9165,-1.0684254368896e-13,-3.5614172457957e-14,3.3802527453859e-36,0.001526172587543,1.7328811684609,0,5.3441392985511e-32,1.6682590634279e-11,1.6368623239845e-16,-0.17095411997545,-1.1461277969863e-16,1.1461317618966e-16,0.35910615986481,0.35910607747957,-1.1223410711049e-05,-1.1223402691612e-05,1.1461264491271e-16,-1.1461307950561e-16,1.1223416629977e-05,1.1223396117066e-05,0.35910616101777,0.35910624340281,0.13075382002498,3.2199674655424e-17,1.6682590634279e-17,-3.4046405828024e-13,0,329.01476712809,100000067.39594,-2.4716340152302e-14,-0.0036712944573891,0.005070622636152,154.93409950834,4.8811118219076e-07,407.86864599303,356.60713104946
15.0165,-2.4214335136564e-14,-8.0714429305836e-15,8.577058054235e-37,0.001526172587543,1.732859273991,0,1.3930811909003e-32,4.3568984971214e-12,1.4204518812828e-16,-0.1483521844054,-9.9459762838014e-17,9.9460106908748e-17,0.3116285425413,0.31162847104826,-9.7395575824073e-06,-9.7395506232237e-06,9.9459645872205e-17,-9.946002300735e-17,9.7395627187907e-06,9.7395449179017e-06,0.31162854354183,0.3116286150347,0.11346678759684,8.1859863042099e-18,4.3568984971214e-18,-3.3975902659351e-13,0,329.01476712809,100000067.39594,-2.5035529271881e-14,-0.0036082742883617,0.0049711234651601,150.81256573443,4.7482776321773e-07,396.93943106881,347.0473852659
15.1165,-5.2807377298328e-15,-1.7602454194486e-15,2.095485557109e-37,0.001526172587543,1.7328373722837,0,3.4991001476546e-33,1.0949268631755e-12,1.2326531788748e-16,-0.12873846281621,-8.6310134435312e-17,8.6310433016271e-17,0.27042796637758,0.27042790433667,-8.4518854689723e-06,-8.4518794298661e-06,8.6310032933616e-17,-8.6310360207522e-17,8.4518899262717e-06,8.4518744788478e-06,0.27042796724583,0.27042802928659,0.098465282964716,2.0010065854091e-18,1.0949268631755e-18,-3.4086867017993e-13,0,329.01476712809,100000067.39594,-2.5285329452425e-14,-0.0035452842803348,0.0048716143930982,146.69114759329,4.6156283655959e-07,386.01484600035,337.49191563828
15.2165,-1.1060198508564e-15,-3.6867317440076e-16,4.9187399599981e-38,0.001526172587543,1.7328154633484,0,8.4508772446471e-34,2.6426463794737e-13,1.0696834432842e-16,-0.11171788184099,-7.4899025431765e-17,7.4899284537176e-17,0.23467454040832,0.23467448656988,-7.3344571738718e-06,-7.3344519331991e-06,7.4898937349662e-17,-7.489922135451e-17,7.3344610418693e-06,7.3344476367576e-06,0.23467454116178,0.2346745950001,0.085447135277634,4.693744344378e-19,2.6426463794737e-19,-3.4020534607906e-13,0,329.01476712809,100000067.39594,-2.5590640784198e-14,-0.0034823244060473,0.0047720954179953,142.56984461445,4.4831860258528e-07,375.09488872375,327.94072011108
15.3165,-2.2199418107115e-16,-7.3998037055347e-17,1.1066994350782e-38,0.001526172587543,1.7327935471943,0,1.9580174087955e-34,6.112281396082e-14,9.2826002353792e-17,-0.096947600973369,-6.4996585248429e-17,6.4996810097375e-17,0.20364809399535,0.20364804727492,-6.3647646708943e-06,-6.3647601230937e-06,6.4996508811708e-17,-6.4996755268124e-17,6.3647680275018e-06,6.3647563946871e-06,0.20364809464919,0.20364814136952,0.07415012385398,1.0542143435617e-19,6.112281396082e-20,-3.4048210942185e-13,0,329.01476712809,100000067.39594,-2.5937585479394e-14,-0.0034193946382773,0.0046725665378802,138.44865632791,4.3508414442171e-07,364.17955717733,318.39379663068
15.4165,-4.2598813306433e-17,-1.4199599682918e-17,2.3806967435114e-39,0.001526172587543,1.732771623831,0,4.3412468876047e-35,1.3515896821204e-14,8.0553426970231e-17,-0.084130106833462,-5.6403351974253e-17,5.6403547095799e-17,0.1767236706452,0.1767236301017,-5.5232757320034e-06,-5.52327178547e-06,5.6403285643271e-17,-5.6403499515552e-17,5.523278644832e-06,5.5232685499979e-06,0.1767236712126,0.176723711756,0.064346696348509,2.2616375976918e-20,1.3515896821204e-20,-3.4082540449191e-13,0,329.01476712809,100000067.39594,-2.6249835705071e-14,-0.0033564949498428,0.0045730277507811,134.32758226412,4.2187549885072e-07,353.26884930161,308.85114314535
15.5165,-7.7945320865073e-18,-2.5981764378534e-18,4.8827638445003e-40,0.001526172587543,1.7327496932677,0,9.1856152955122e-36,2.8498567674914e-15,6.9903415337408e-17,-0.073007220444308,-4.8946234664048e-17,4.8946403988471e-17,0.15335893969636,0.15335890451314,-4.7930404954707e-06,-4.7930370707106e-06,4.8946177102721e-17,-4.8946362698834e-17,4.7930430231927e-06,4.793034263002e-06,0.15335894018874,0.15335897537188,0.055839385233135,4.6220865285705e-21,2.8498567674914e-21,-3.4132668018866e-13,0,329.01476712809,100000067.39594,-2.6520452567325e-14,-0.0032936253136006,0.0044734790547255,130.20662195396,4.0866986916966e-07,342.36276303933,299.31275760529
15.6165,-1.3559975827182e-18,-4.5199902329594e-19,9.5189012513594e-41,0.001526172587543,1.7327277555139,0,1.8492530056089e-36,5.7131748508764e-16,6.0661447434632e-17,-0.06335489680947,-4.2475026819003e-17,4.2475173756954e-17,0.13308327231392,0.13308324178229,-4.1593500498461e-06,-4.1593470778753e-06,4.247497686789e-17,-4.2475137926241e-17,4.1593522433766e-06,4.1593446413754e-06,0.13308327274121,0.13308330327277,0.048456830267195,8.9719802378915e-22,5.7131748508764e-22,-3.4069792613871e-13,0,329.01476712809,100000067.39594,-2.6825763899099e-14,-0.0032307857024468,0.0043739204477405,126.0857749288,3.9549067983699e-07,331.46129633541,289.77863796256
15.7165,-2.2356797900695e-19,-7.452262969956e-20,1.7579546881811e-41,0.001526172587543,1.7327058105787,0,3.5305951042339e-37,1.0854599830591e-16,5.2641365047803e-17,-0.054978712041235,-3.6859380821794e-17,3.6859508332999e-17,0.11548826175278,0.11548823525775,-3.6094401567237e-06,-3.6094375776788e-06,3.6859337474745e-17,-3.6859477239485e-17,3.6094420602464e-06,3.6094354633098e-06,0.11548826212357,0.11548828861854,0.042050326839029,1.6487357348956e-22,1.0854599830591e-22,-3.4008226922717e-13,0,329.01476712809,100000067.39594,-2.7068625185737e-14,-0.0031679760893167,0.0042743519278524,121.96504072042,3.8233399090635e-07,320.56444713697,280.24878217111
15.8165,-3.4809380685566e-20,-1.160312193154e-20,3.0642104911863e-42,0.001526172587543,1.7326838584715,0,6.3692042797772e-38,1.9475388416931e-17,4.5681622039799e-17,-0.047709947137997,-3.1986182383249e-17,3.198629303613e-17,0.10021949694187,0.10021947394976,-3.1322341444793e-06,-3.1322319064112e-06,3.1986144767136e-17,-3.1986266053506e-17,3.1322357963362e-06,3.1322300715842e-06,0.10021949726364,0.10021952025569,0.03649083065316,2.8579146193688e-23,1.9475388416931e-23,-3.4037608568857e-13,0,329.01476712809,100000067.39594,-2.7387814305318e-14,-0.0031051964471847,0.0041747734930866,117.84441886105,3.6917943914973e-07,309.67221339332,270.72318818682
15.9165,-5.0980200146051e-21,-1.6993392311992e-21,5.0204034696185e-43,0.001526172587543,1.7326618992017,0,1.0813404363989e-38,3.2868280295616e-18,3.9642030374632e-17,-0.041402189527525,-2.7757272114825e-17,2.7757368138229e-17,0.086969423687243,0.086969403734936,-2.7181197941642e-06,-2.7181178519923e-06,2.7757239471958e-17,-2.7757344722992e-17,2.7181212276282e-06,2.7181162597487e-06,0.086969423966471,0.086969443918732,0.031666358429388,4.6540465351632e-24,3.2868280295616e-24,-3.3989795519863e-13,0,329.01476712809,100000067.39594,-2.7665370061475e-14,-0.0030424467490638,0.0040751851414691,113.72390888339,3.5605019030936e-07,298.78459305597,261.2018539674
16.0165,-6.9921695964511e-22,-2.3307220688087e-22,7.6964480484838e-44,0.001526172587543,1.7326399327785,0,1.7200516129665e-39,5.1948500108105e-19,3.4400936351474e-17,-0.035928383922018,-2.4087468333198e-17,2.4087551661297e-17,0.07547114969933,0.075471132384929,-2.3587557234344e-06,-2.3587540380382e-06,2.4087440006063e-17,-2.4087531341801e-17,2.3587569673794e-06,2.3587526563059e-06,0.075471149941641,0.075471167256003,0.027479732256838,7.0883215390769e-25,5.1948500108105e-25,-3.3936025294702e-13,0,329.01476712809,100000067.39594,-2.7949864711536e-14,-0.0029797269680066,0.0039755868710236,109.60351032057,3.4293930573948e-07,287.90158407859,251.68477747247
16.1165,-8.93694882362e-23,-2.97898140199e-23,1.0984236834096e-44,0.001526172587543,1.7326179592112,0,2.5507159493276e-40,7.6513125447457e-20,2.9852770170306e-17,-0.031178273081179,-2.0902851270927e-17,2.0902923582173e-17,0.065493068660799,0.065493053635543,-2.0469033685638e-06,-2.0469019059947e-06,2.0902826688937e-17,-2.0902905949128e-17,2.0469044480462e-06,2.046900706942e-06,0.065493068871074,0.065493083896294,0.023846622168172,1.0046291726451e-25,7.6513125447457e-26,-3.4067492149203e-13,0,329.01476712809,100000067.39594,-2.8227420467693e-14,-0.0029170370771038,0.0038759786797741,105.48322270616,3.2983522164985e-07,277.02318441703,242.17195666352
16.2165,-1.0586085599343e-23,-3.5286932549877e-24,1.4511455492089e-45,0.001526172587543,1.7325959785091,0,3.506767083778e-41,1.0444019746963e-20,2.5905919470791e-17,-0.027056176933381,-1.8139274132529e-17,1.8139336883467e-17,0.056834195049319,0.056834182010561,-1.7762811802052e-06,-1.7762799110031e-06,1.8139252800537e-17,-1.8139321581696e-17,1.7762821169686e-06,1.7762788704778e-06,0.056834195231794,0.056834208270521,0.020693847506103,1.3175625306086e-26,1.0444019746963e-26,-3.3990270566897e-13,0,329.01476712809,100000067.39594,-2.8532731799467e-14,-0.0028543770494854,0.0037763605657446,101.36304557419,3.1675960015663e-07,266.14939202936,232.66338950391
16.3165,-1.154915540939e-24,-3.8497162042702e-25,1.7633621357449e-46,0.001526172587543,1.7325739906813,0,4.4417985264096e-42,1.313010255826e-21,2.2480884011718e-17,-0.023479065320405,-1.5741071004637e-17,1.574112545924e-17,0.049320115745889,0.049320104430992,-1.5414380960079e-06,-1.5414369946077e-06,1.5741052492959e-17,-1.5741112180525e-17,1.5414389089213e-06,1.5414360916508e-06,0.049320115904238,0.049320127219109,0.017957902867158,1.5888576238613e-27,1.313010255826e-27,-3.3973686114102e-13,0,329.01476712809,100000067.39594,-2.878947087391e-14,-0.0027917468583194,0.0036767325269582,97.242978459127,3.0369700900068e-07,255.28020487577,223.15907395887
16.4165,-1.1523387344654e-25,-3.8411266982724e-26,1.9567298113315e-47,0.001526172587543,1.7325519957372,0,5.1469435066259e-43,1.5096756907368e-22,1.9508674321255e-17,-0.020374885545626,-1.3659935594043e-17,1.3659982849173e-17,0.042799476883187,0.042799467064239,-1.3376437414881e-06,-1.3376427857046e-06,1.3659919529804e-17,-1.3659971326044e-17,1.3376444469258e-06,1.3376420021281e-06,0.042799477020601,0.042799486839527,0.015583678931198,1.7491683006579e-28,1.5096756907368e-28,-3.4028005633406e-13,0,329.01476712809,100000067.39594,-2.9101721099589e-14,-0.0027291464768129,0.0035770945614368,93.123020895855,2.9064605993027e-07,244.41562091862,213.65900799551
16.5165,-1.0431699001614e-26,-3.477230658484e-27,1.9666415439887e-48,0.001526172587543,1.732529993686,0,5.4124676866603e-44,1.5748679901692e-23,1.6929422062514e-17,-0.01768111103795,-1.185394820838e-17,1.1853989215884e-17,0.037140935169585,0.037140926648805,-1.1607931475005e-06,-1.1607923180816e-06,1.1853934268002e-17,-1.1853979216234e-17,1.1607937596719e-06,1.1607916381022e-06,0.037140935288831,0.037140943809591,0.013523352410753,1.74369534398e-29,1.5748679901692e-29,-3.39966045609e-13,0,329.01476712809,100000067.39594,-2.9365399067939e-14,-0.0026665758782114,0.0034774466672017,89.003172419736,2.7761702199034e-07,233.55563812247,204.16318958277
16.6165,-8.4900463148543e-28,-2.8300133943634e-28,1.7736489786806e-49,0.001526172587543,1.7325079845368,0,5.1182362975788e-45,1.4770145483264e-24,1.4691174123424e-17,-0.015343481897665,-1.0286731380215e-17,1.0286766966095e-17,0.032230512280237,0.032230504885994,-1.0073240650647e-06,-1.0073233453037e-06,1.0286719282902e-17,-1.0286758288504e-17,1.0073245963006e-06,1.0073227552248e-06,0.032230512383718,0.032230519777944,0.011735422760752,1.5593973733646e-30,1.4770145483265e-30,-3.3911363565619e-13,0,329.01476712809,100000067.39594,-2.9573565885059e-14,-0.0026040350357986,0.0033777888422745,84.883432566543,2.6459880038755e-07,222.70025445402,194.67161669149
16.7165,-6.147353560217e-29,-2.0491162635668e-29,1.4200336605736e-50,0.001526172587543,1.732485968299,0,4.3068275329456e-46,1.2323909730402e-25,1.2748846140629e-17,-0.013314911955402,-8.9267171265255e-18,8.9267480075777e-18,0.027969299025546,0.027969292608899,-8.7414521204174e-07,-8.7414458744078e-07,8.926706628605e-18,-8.9267404772556e-18,8.7414567304266e-07,8.7414407537647e-07,0.027969299115345,0.027969305531977,0.010183876245366,1.2377721722971e-31,1.2323909730402e-31,-3.3993490823021e-13,0,329.01476712809,100000067.39594,-2.985806053512e-14,-0.0025415239228972,0.003278121084675,80.76380087251,2.5160467333028e-07,211.84946788212,185.18428729433
16.8165,-3.9121659635712e-30,-1.3040542319951e-30,9.9685067993472e-52,0.001526172587543,1.7324639449816,0,3.1858547208428e-47,9.0378095923276e-27,1.1063314378548e-17,-0.011554540329407,-7.7465110841985e-18,7.7465378824502e-18,0.024271463052732,0.024271457484433,-7.5857400635658e-07,-7.5857346433445e-07,7.7465019742137e-18,-7.746531347716e-18,7.5857440640832e-07,7.5857301997043e-07,0.024271463130659,0.024271468698944,0.0088374605240275,8.6127759202199e-33,9.0378095923276e-33,-3.4074026292195e-13,0,329.01476712809,100000067.39594,-3.0163371866893e-14,-0.0024790425128672,0.0031784433924237,76.644276874279,2.3861979734281e-07,201.00327637776,175.70119936582
16.9165,-2.1575112871958e-31,-7.19169780864e-32,6.0476340865793e-53,0.001526172587543,1.7324419145938,0,2.0425570404868e-48,5.7436053463404e-28,9.6006276715922e-18,-0.010026908376944,-6.7223407135078e-18,6.7223639687483e-18,0.021062519950252,0.021062515118141,-6.5828253154396e-07,-6.5828206118287e-07,6.7223328079589e-18,-6.7223582979749e-18,6.5828287870465e-07,6.5828167556846e-07,0.021062520017876,0.021062524849975,0.0076690551448214,5.1783934782794e-34,5.7436053463404e-34,-3.3893992622667e-13,0,329.01476712809,100000067.39594,-3.0440927623051e-14,-0.0024165907791079,0.0030787557635396,72.524860108971,2.2565178557039e-07,190.16167791412,166.22235088235
17.0165,-1.014090629209e-32,-3.3802988005168e-33,3.1174023247086e-54,0.001526172587543,1.7324198771449,0,1.1162901685356e-49,3.1109560694327e-29,8.3313235559194e-18,-0.008701245461384,-5.8335764549106e-18,5.8335966355634e-18,0.018277832930423,0.018277828737168,-5.7125064621873e-07,-5.7125023804433e-07,5.8335695945586e-18,-5.8335917145259e-18,5.7125094748112e-07,5.712499034122e-07,0.018277832989106,0.018277837182351,0.0066551252652733,2.645031060551e-35,3.1109560694327e-35,-3.4047466481895e-13,0,329.01476712809,100000067.39594,-3.0746238954824e-14,-0.0023541686950557,0.0029790581960414,68.405550114113,2.127088433713e-07,179.3246704665,156.74773982213
17.1165,-3.9831774960551e-34,-1.3277244263174e-34,1.3381785416876e-55,0.001526172587543,1.7323978326439,0,5.0988343066821e-51,1.4080963036182e-30,7.22983481578e-18,-0.0075508491484123,-5.0623161939571e-18,5.062333706515e-18,0.015861310869807,0.015861307230944,-4.9572529296796e-07,-4.9572493875851e-07,5.0623102406159e-18,-5.0623294360905e-18,4.9572555440028e-07,4.9572464836828e-07,0.015861310920732,0.015861314559585,0.0057752475970116,1.1249091207016e-36,1.4080963036182e-36,-3.4010643765067e-13,0,329.01476712809,100000067.39594,-3.0989100241461e-14,-0.002291776234186,0.0028793506879469,64.286346427668,1.9977809746598e-07,168.49225201233,147.27736416523
17.2165,-1.2769108337991e-35,-4.2563645363143e-36,4.6696573422331e-57,0.001526172587543,1.7323757811,0,1.9010802079536e-52,5.2017425712504e-32,6.2739744906829e-18,-0.0065525473468266,-4.3930246643168e-18,4.3930398615301e-18,0.013764278482374,0.013764275324608,-4.3018518703622e-07,-4.3018487965699e-07,4.39301949807e-18,-4.3930361557007e-18,4.3018541390444e-07,4.3018462765941e-07,0.013764278526566,0.013764281684325,0.0050116990255357,3.8886152281917e-38,5.2017425712504e-38,-3.4099773544708e-13,0,329.01476712809,100000067.39594,-3.132216714885e-14,-0.0022294133700114,0.0027796332372741,60.167248588042,1.8686289432696e-07,157.6644205312,137.81122189357
17.3165,-3.2467497141229e-37,-1.0822485388213e-37,1.2865561796805e-58,0.001526172587543,1.7323537225223,0,5.6226652222403e-54,1.5241323247891e-33,5.444488970042e-18,-0.0056862315599872,-3.812220525524e-18,3.8122337135056e-18,0.011944495867677,0.011944493127401,-3.7331017353869e-07,-3.7330990679824e-07,3.8122160423095e-18,-3.8122304976259e-18,3.7331037041254e-07,3.7330968811739e-07,0.011944495906026,0.011944498646296,0.0043490996187856,1.0611805457508e-39,1.5241323247891e-39,-3.40356909212e-13,0,329.01476712809,100000067.39594,-3.1523395072066e-14,-0.0021670800760825,0.0026799058420399,56.048256134059,1.7395323296482e-07,146.84117400479,128.34931099089
17.4165,-6.3218773936693e-39,-2.1072895401381e-39,2.7001253036425e-60,0.001526172587543,1.73233165692,0,1.2736392903832e-55,3.4198377626348e-35,4.7246701734171e-18,-0.0049344518463424,-3.3082048123413e-18,3.3082162567327e-18,0.010365307685081,0.010365305307098,-3.2395463597345e-07,-3.2395440449889e-07,3.3082009218549e-18,-3.3082134660262e-18,3.239548068185e-07,3.2395421472996e-07,0.010365307718361,0.010365310096338,0.003774102833739,2.2056698976571e-41,3.4198377626348e-41,-3.4032850167852e-13,0,329.01476712809,100000067.39594,-3.1745439676992e-14,-0.0021047763259889,0.0025801685002597,51.929368605018,1.6107724937497e-07,136.022510417,118.89162944278
17.5165,-9.0229388175249e-41,-3.0076416560337e-41,4.1281675558489e-62,0.001526172587543,1.7323095843022,0,2.1149924458249e-57,5.6246177048587e-37,4.1000190046129e-18,-0.0042820653304394,-2.8708252859778e-18,2.8708352173001e-18,0.0089949048161295,0.008994902752541,-2.8112442040858e-07,-2.811242195374e-07,2.8708219098547e-18,-2.8708327955544e-18,2.8112456866611e-07,2.8112405485791e-07,0.0089949048450089,0.0089949069085926,0.0032751266809597,3.3393000272163e-43,5.6246177048587e-43,-3.4055155632442e-13,0,329.01476712809,100000067.39594,-3.1995239857536e-14,-0.0020425020933561,0.0024804212099504,47.810585540594,1.4821127503397e-07,125.20842775375,109.43817523668
17.6165,-8.929976625459e-43,-2.9766537864135e-43,4.3446267868367e-64,0.001526172587543,1.7322875046778,0,2.4357182003279e-59,6.4147667520064e-39,3.5579533006912e-18,-0.0037159311844826,-2.4912719405594e-18,2.4912805588563e-18,0.0078056836429158,0.0078056818521555,-2.4395681053484e-07,-2.4395663622095e-07,2.4912690107954e-18,-2.4912784572909e-18,2.4395693919117e-07,2.4395649331382e-07,0.0078056836679771,0.0078056854587333,0.0028421204320253,3.479649630938e-45,6.4147667520064e-45,-3.396010530838e-13,0,329.01476712809,100000067.39594,-3.2300551189308e-14,-0.0019802573518485,0.0023806639691265,43.691906480929,1.3535949826618e-07,114.39892400316,99.98894636186
17.7165,-5.7035318177786e-45,-1.901173622026e-45,2.9249857408608e-66,0.001526172587543,1.7322654180561,0,1.8104923764184e-61,4.7212821031626e-41,3.0875543932008e-18,-0.0032246459365423,-2.1618995457972e-18,2.1619070246645e-18,0.0067736900366114,0.0067736884826084,-2.1170315022735e-07,-2.1170299895958e-07,2.1618970033789e-18,-2.1619052009482e-18,2.1170326187395e-07,2.1170287494629e-07,0.0067736900583593,0.0067736916123587,0.0024663621706898,2.3191576733073e-47,4.7212821031626e-47,-3.4045739015338e-13,0,329.01476712809,100000067.39594,-3.2605862521082e-14,-0.001918042075168,0.0022808967758027,39.573330966577,1.2252494972995e-07,103.59399715542,90.54394080944
17.8165,-2.1370572340625e-47,-7.123508590368e-48,1.142915719052e-68,0.001526172587543,1.732243324446,0,7.8961246386705e-64,2.0385330153066e-43,2.6793471766821e-18,-0.0027983137738076,-1.876073651385e-18,1.8760801414673e-18,0.0058781368565622,0.0058781355080148,-1.837137635876e-07,-1.8371363231903e-07,1.8760714451012e-18,-1.8760785588654e-18,1.8371386047335e-07,1.837135247016e-07,0.0058781368754348,0.0058781382239791,0.0021402831099155,8.9696168245937e-50,2.0385330153066e-49,-3.4082628654854e-13,0,329.01476712809,100000067.39594,-3.2827907126009e-14,-0.0018558562370534,0.0021811196279927,35.454858538533,1.0970248732293e-07,92.793645202857,81.103156572416
17.9165,-4.1233891946571e-50,-1.374459621418e-50,2.2691115943321e-71,0.001526172587543,1.7322212238567,0,1.7737036445085e-66,4.5325375338783e-46,2.3251092544323e-18,-0.0024283472141682,-1.6280369512373e-18,1.6280425832623e-18,0.0051009852410903,0.0051009840708351,-1.5942486871487e-07,-1.5942475480139e-07,1.6280350366474e-18,-1.6280412098971e-18,1.5942495279131e-07,1.5942466141212e-07,0.0051009852574678,0.0051009864277203,0.0018573151360445,1.7623131263538e-52,4.5325375338783e-52,-3.4035418188631e-13,0,329.01476712809,100000067.39594,-3.3084646200455e-14,-0.0017936998112819,0.0020813325237103,31.336488738211,9.6897383976378e-08,81.99786613991,71.666591645664
18.0165,-3.4053099335367e-53,-1.135099986764e-53,1.8954225396269e-74,0.001526172587543,1.7321991162972,0,1.7057753133496e-69,4.3134937020947e-49,2.0177053172113e-18,-0.0021072941311134,-1.4127933157834e-18,1.4127982031954e-18,0.0044265812560613,0.0044265802405261,-1.3834722161487e-07,-1.3834712276195e-07,1.4127916543225e-18,-1.4127970114035e-18,1.3834729457551e-07,1.3834704171972e-07,0.0044265812702734,0.0044265822858062,0.0016117585092358,1.4564277112406e-55,4.3134937020947e-55,-3.3999516723558e-13,0,329.01476712809,100000067.39594,-3.3334446380998e-14,-0.0017315727716671,0.0019815354609678,27.218221107455,8.4109223349738e-08,71.206657963124,62.234244026019
18.1165,-9.1441187099288e-57,-3.0480289003495e-57,5.0319699763927e-78,0.001526172587543,1.7321770017764,0,5.3358120922122e-73,1.3347494680614e-52,1.7509434188274e-18,-0.0018286876477612,-1.2260071564133e-18,1.226011397658e-18,0.0038413405823391,0.0038413397010684,-1.2005626150324e-07,-1.2005617571972e-07,1.226005714615e-18,-1.2260103634335e-18,1.2005632481772e-07,1.2005610539213e-07,0.0038413405946723,0.0038413414759409,0.0013986670552992,3.8240034168237e-59,1.3347494680614e-58,-3.3933811397832e-13,0,329.01476712809,100000067.39594,-3.3598124349347e-14,-0.001669475092061,0.0018817284377776,23.100055188547,7.1344411167329e-08,60.420018671145,52.806111712379
18.2165,-5.1688007840125e-61,-1.7229261600648e-61,2.7242645900724e-82,0.001526172587543,1.7321548803034,0,3.5154668719678e-77,8.6942668831588e-57,1.5194502536041e-18,-0.0015869158764789,-1.0639160950045e-18,1.0639197755119e-18,0.0033334748908811,0.0033334741261236,-1.0418355900388e-07,-1.0418348456184e-07,1.0639148438271e-18,-1.0639188780228e-18,1.0418361394751e-07,1.041834235323e-07,0.0033334749015837,0.0033334756663394,0.0012137485363777,2.0463533395764e-63,8.6942668831588e-63,-3.4065261382241e-13,0,329.01476712809,100000067.39594,-3.3827107848177e-14,-0.001607406746352,0.0017819114521511,18.981990524163,5.8588516086311e-08,49.637946264712,43.382192706016
18.3165,-2.9075199338563e-66,-9.6916791399594e-67,1.400017318763e-87,0.001526172587543,1.7321327518873,0,2.307131599834e-82,5.635740090574e-62,1.3185629234802e-18,-0.0013771088802966,-9.2325517945668e-19,9.2325837336222e-19,0.0028927543939278,0.0028927537302794,-9.0409394985379e-08,-9.0409330385363e-08,9.2325409369813e-19,-9.2325759453068e-19,9.0409442664887e-08,9.0409277424569e-08,0.0028927544032155,0.0028927550668624,0.0010532781936756,1.0384480101866e-68,5.635740090574e-68,-3.401736781325e-13,0,329.01476712809,100000067.39594,-3.4056091347008e-14,-0.0015453677084657,0.0016820845020996,14.864026657437,4.5845283674017e-08,38.86043874667,33.962485011311
18.4165,-3.7556380656049e-73,-1.2518696548845e-73,1.5284110781143e-94,0.001526172587543,1.732110616537,0,3.4838713514212e-89,8.3887387045765e-69,1.1442350146395e-18,-0.0011950405792144,-8.0119111873197e-19,8.0119389036955e-19,0.002510301789427,0.0025103012135199,-7.8456320553591e-08,-7.8456264494377e-08,8.0119017652213e-19,-8.0119321450775e-19,7.8456361929366e-08,7.8456218535558e-08,0.0025103017974867,0.0025103023733925,0.00091402372074807,1.1171715659402e-75,8.3887387045765e-75,-3.409337898004e-13,0,329.01476712809,100000067.39594,-3.4333647103165e-14,-0.0014833579523652,0.0015822475856331,10.746163131902,3.31191334306e-08,28.087494121952,24.546986638308
18.5165,-3.1947239499778e-83,-1.0648946940569e-83,9.4265729075285e-105,0.001526172587543,1.7320884742615,0,3.4835363997334e-99,8.2229915524055e-79,9.9295509179897e-19,-0.0010370436255276,-6.952652127148e-19,6.9526761791269e-19,0.0021784134481753,0.0021784129484091,-6.8083568480944e-08,-6.8083519833349e-08,6.9526439507503e-19,-6.9526703140694e-19,6.8083604386406e-08,6.808347995077e-08,0.0021784134551694,0.0021784139549344,0.00079318015611313,6.7519139250409e-86,8.2229915524055e-85,-3.4038961114495e-13,0,329.01476712809,100000067.39594,-3.4576508389803e-14,-0.0014213774520504,0.0014824007007616,6.6283994915427,2.0419897640768e-08,17.319110397594,15.135695614713
18.6165,-2.1399317222984e-102,-7.1328877718784e-103,2.8928048076222e-124,0.001526172587543,1.7320663250697,0,2.8222319182996e-118,6.3470833011002e-98,8.6167596841123e-19,-0.00089993553353174,-6.0334382734597e-19,6.0334591455137e-19,0.0018904042419035,0.0018904038082117,-5.9082203503708e-08,-5.9082161287838e-08,6.033431178068e-19,-6.0334540558786e-19,5.908223466209e-08,5.9082126678156e-08,0.0018904042479729,0.0018904046816637,0.00068831338374538,1.9718062009994e-105,6.3470833011002e-104,-3.4124351343898e-13,0,329.01476712809,100000067.39594,-3.4826308570345e-14,-0.0013594261815584,0.001382543845494,2.5107352807251,7.7223691608227e-09,6.5552855826912,5.7286101161541
18.7165,-8.7661759189245e-122,-2.9222794030279e-122,7.0561549631005e-144,0.001526172587543,1.7320441681611,0.50625660363667,-1.0757240008786e-137,-2.9965142768592e-117,7.4775301701224e-19,-0.00078095425076741,-5.2357519964901e-19,5.2357701090311e-19,0.0016404722042584,0.0016404718279054,-5.1270892471432e-08,-5.1270855836959e-08,5.2357458391864e-19,-5.2357656923012e-19,5.1270919510335e-08,5.1270825803054e-08,0.0016404722095254,0.0016404725858775,0.00059731085720239,5.9792543068081e-125,-2.9965142768592e-123,-134.29710103108,152.66056728905,329.01476712809,100000067.39594,-3.5027536493633e-14,-0.0012975055208921,0.001282677017839,-1.6067364570259,-9.7747782547192e-09,-4.2034937973056,3.6738338773826
18.8165,-1.6200366409017e-89,-5.4002155531738e-90,6.1851244610018e-111,0.001526172587543,1.7320219931926,0.95499175515502,-2.6473688665618e-105,-6.3810386019893e-85,6.4889213699415e-19,-0.00067770381549238,-4.5435300486635e-19,4.5435457665345e-19,0.0014235843789091,0.0014235840523139,-4.4492336673301e-08,-4.4492304882294e-08,4.5435247054206e-19,-4.5435419337431e-19,4.4492360137375e-08,4.449227881919e-08,0.0014235843834797,0.0014235847100741,0.0005183400244105,4.5255117986233e-92,-6.3810386019893e-91,-134.29670587465,152.64820451441,329.01476712809,100000067.39594,-3.5096925432895e-14,-0.0012356334175974,0.0011828002158045,-5.7228203148759,-3.4773827308335e-08,-14.950983131261,13.066016157874
18.9165,-3.8760583296319e-77,-1.2920322297921e-77,3.0376908134643e-98,0.001526172587543,1.7319997971107,1.2520960770356,-7.5639675516514e-93,-1.7592973564373e-72,5.631017607512e-19,-0.00058810423183631,-3.9428275125661e-19,3.942841152369e-19,0.0012353715273157,0.0012353712438999,-3.8609981062071e-08,-3.860995347417e-08,3.9428228757563e-19,-3.942837826313e-19,3.8610001423947e-08,3.8609930856883e-08,0.001235371531282,0.0012353718146972,0.00044981001274793,2.1432902407259e-79,-1.7592973564373e-78,-134.29629675905,152.63580591281,329.01476712809,100000067.39594,-3.5145497690447e-14,-0.0011738151546166,0.0010829134373982,-9.8371620811953,-5.9729174762402e-08,-25.685337467874,22.446280064789
19.0165,-2.3890873196692e-69,-7.9636800848588e-70,3.1403456573335e-90,0.001526172587543,1.7319775799387,1.4911410904443,-5.5142501165886e-85,-1.2495836508917e-64,4.886537760034e-19,-0.00051035065702336,-3.4215441798215e-19,3.4215560162987e-19,0.0010720423974249,0.0010720421514796,-3.3505334830122e-08,-3.3505310889633e-08,3.4215401560468e-19,-3.4215531299824e-19,3.3505352499944e-08,3.3505291262589e-08,0.0010720424008668,0.0010720426468115,0.00039034039055425,2.157653528316e-71,-1.2495836508917e-70,-134.29589043125,152.62349120199,329.01476712809,100000067.39594,-3.5187131054092e-14,-0.001112050671289,0.00098301668062659,-13.949762818759,-8.4632613189508e-08,-36.406568890463,31.814637130528
19.1165,-1.1606366572308e-63,-3.8688099113705e-64,2.3294391750332e-84,0.001526172587543,1.7319553416995,1.6968443507314,-3.1593258309337e-79,-6.9954321257076e-59,4.2404859910903e-19,-0.0004428769238931,-2.9691799951074e-19,2.9691902666776e-19,0.00093030709909086,0.00093030688566214,-2.9075576604761e-08,-2.9075555829456e-08,2.9691765033181e-19,-2.9691877619627e-19,2.9075591938446e-08,2.9075538797314e-08,0.00093030710207774,0.00093030731550596,0.0003387332788953,1.5631375048137e-65,-6.9954321257076e-65,-134.29546957286,152.61117294983,329.01476712809,100000067.39594,-3.5221825523836e-14,-0.0010503399070645,0.00088310994349583,-18.06062358872,-1.0948280325284e-07,-47.114689469401,41.171099196763
19.2165,-3.4569131097605e-59,-1.1523095294091e-59,1.0031747802552e-79,0.001526172587543,1.7319330824164,1.8801812638324,-1.1083875897072e-74,-2.4009987560667e-54,3.6798490718116e-19,-0.00038432392908242,-2.5766231210277e-19,2.5766320345882e-19,0.0008073107003023,0.0008073105150911,-2.5231479081931e-08,-2.523146105334e-08,2.5766200908897e-19,-2.5766298610229e-19,2.5231492388341e-08,2.5231446273027e-08,0.00080731070289429,0.00080731088810505,0.00029394917105105,6.5828337836431e-61,-2.4009987560667e-60,-134.29507661549,152.59893916165,329.01476712809,100000067.39594,-3.5249581099675e-14,-0.00098868280150143,0.00078319322401167,-22.169745450628,-1.3428138727264e-07,-57.809711262129,50.515678116412
19.3165,-1.6705649791035e-55,-5.5685712005044e-56,6.7638568313353e-76,0.001526172587543,1.7319108021124,2.047169816143,-6.3051035178264e-71,-1.337063966508e-50,3.1933342592722e-19,-0.00033351225701026,-2.2359664010785e-19,2.2359741361724e-19,0.000700575721135,0.00070057556041068,-2.1895611747134e-08,-2.1895596102113e-08,2.2359637715567e-19,-2.2359722499754e-19,2.1895623294297e-08,2.1895583275913e-08,0.0007005757233843,0.00070057588410825,0.00025508599404047,4.3431614075136e-57,-1.337063966508e-56,-134.29467611214,152.58673672192,329.01476712809,100000067.39594,-3.5298153357226e-14,-0.00092707929426879,0.00068326652017924,-26.277129462423,-1.5904498282313e-07,-68.491646313187,59.848385735432
19.4165,-2.2456396793459e-52,-7.4854906164804e-53,1.237039909714e-72,0.001526172587543,1.7318885008105,2.2015332761822,-9.9731412645513e-68,-2.071163120711e-47,2.7711418301244e-19,-0.00028941842325988,-1.9403480881433e-19,1.9403548005763e-19,0.00060795223060966,0.00060795209113478,-1.900078121558e-08,-1.9000767638996e-08,1.940345806272e-19,-1.9403531637544e-19,1.9000791236086e-08,1.9000756508554e-08,0.00060795223256158,0.00060795237203613,0.00022136093843353,7.7756434483347e-54,-2.071163120711e-53,-134.2942600643,152.57455996595,329.01476712809,100000067.39594,-3.5325908933064e-14,-0.0008655293251435,0.00058332983000274,-30.382776680412,-1.8375989293665e-07,-79.160506654214,69.169233889431
19.5165,-1.1680281013127e-49,-3.893438607019e-50,8.5917509870252e-70,0.001526172587543,1.7318661785337,2.3457653583943,-6.1024734874945e-65,-1.2414035739999e-44,2.4047676876818e-19,-0.00025115425883631,-1.6838136303593e-19,1.6838194553379e-19,0.0005275745412708,0.00052757442023597,-1.6488677775792e-08,-1.6488665994175e-08,1.6838116501754e-19,-1.6838180349211e-19,1.6488686471481e-08,1.6488656335295e-08,0.00052757454296465,0.0005275746639992,0.00019209469045328,5.2878572124702e-51,-1.2414035739999e-50,-134.29384519102,152.56242196624,329.01476712809,100000067.39594,-3.5346725614999e-14,-0.00080403283401186,0.00048338315148592,-34.486688159311,-2.0842430332597e-07,-89.816304303996,78.478234402694
19.6165,-2.9198672246704e-47,-9.7329169868079e-48,2.8267967574813e-67,0.001526172587543,1.7318438353049,2.4816331939648,-1.7943546358601e-62,-3.5760888939665e-42,2.0868320664262e-19,-0.00021794902004209,-1.4611957303479e-19,1.461200785203e-19,0.0004578236291986,0.00045782352416585,-1.4308700874412e-08,-1.4308690650449e-08,1.4611940119652e-19,-1.4611995525803e-19,1.430870842044e-08,1.4308682268575e-08,0.0004578236306685,0.00045782373570101,0.00016669774876032,1.7037564958297e-48,-3.5760888939665e-48,-134.29342649285,152.55032706476,329.01476712809,100000067.39594,-3.5402236766454e-14,-0.00074258976086903,0.00038342648263214,-38.58886495223,-2.330415797234e-07,-100.45905126847,87.775399087843
19.7165,-4.0762247451955e-45,-1.358744933447e-45,5.1344265194729e-65,0.001526172587543,1.7318214711471,2.6104431321368,-2.9461070331597e-60,-5.7529268328138e-40,1.8109308835827e-19,-0.00018913386361592,-1.2680102618788e-19,1.2680146484288e-19,0.00039729452249097,0.00039729443134465,-1.2416939884288e-08,-1.2416931012041e-08,1.2680087706844e-19,-1.2680135787718e-19,1.2416946432652e-08,1.2416923738339e-08,0.00039729452376654,0.00039729461491264,0.00014465855030239,3.0308753160328e-46,-5.7529268328138e-46,-134.29301089963,152.53826945496,329.01476712809,100000067.39594,-3.5450809024006e-14,-0.00068120004581794,0.00028345982144368,-42.689308110691,-2.5761432405692e-07,-111.08875954076,97.060739745735
19.8165,-3.5411389319568e-43,-1.180382333275e-43,5.7491488986108e-63,0.001526172587543,1.7317990860831,2.7331932292804,-3.0098481821018e-58,-5.7591612703174e-38,1.5715067435828e-19,-0.00016412837442159,-1.1003659474471e-19,1.100369754049e-19,0.00034476800133192,0.00034476792223611,-1.0775289625751e-08,-1.0775281926508e-08,1.1003646534043e-19,-1.1003688258119e-19,1.0775295308352e-08,1.0775275614466e-08,0.00034476800243885,0.00034476808153447,0.0001255331660518,3.3241265308205e-44,-5.7591612703174e-44,-134.2925916183,152.52626023956,329.01476712809,100000067.39594,-3.550632017546e-14,-0.00061986362906983,0.00018348316592297,-46.788018684605,-2.8214004844484e-07,-121.7054411012,106.33426816539
19.9165,-2.0750555078182e-41,-6.9168663601675e-42,4.308554440967e-61,0.001526172587543,1.7317766801358,2.8506664060404,-2.074041818349e-56,-3.8889427536026e-36,1.3637369970964e-19,-0.00014242887431824,-9.5488597742666e-20,9.5488928075567e-20,0.00029918603960896,0.00029918597097045,-9.3506828253019e-09,-9.3506761439801e-09,9.5488485446993e-20,-9.5488847524129e-20,9.3506877566031e-09,9.3506706664566e-09,0.00029918604056954,0.00029918610920789,0.00010893635907485,2.4402200735944e-42,-3.8889427536026e-42,-134.29216567077,152.51426406319,329.01476712809,100000067.39594,-3.5534075751301e-14,-0.00055858045094359,8.3496514071108e-05,-50.884997722303,-3.0661785800922e-07,-132.30910791732,115.59599612397
20.0165,-8.7236795336503e-40,-2.9078989543914e-40,2.3013665667361e-59,0.001526172587543,1.7317542533279,2.9634902627976,-1.0253090667225e-54,-1.8840269158979e-34,1.1834365998388e-19,-0.00012359827672119,-8.2863999199674e-20,8.2864285859086e-20,0.00025963049340742,0.00025963043384364,-8.1144240513443e-09,-8.1144182533636e-09,8.2863901750672e-20,-8.2864215957397e-20,8.1144283306755e-09,8.1144135000264e-09,0.000259630494241,0.00025963055380463,9.4533824818756e-05,1.2768088075023e-40,-1.8840269158979e-40,-134.29174872525,152.50232456016,329.01476712809,100000067.39594,-3.5568770221043e-14,-0.00049735045186567,-1.6500136110957e-05,-54.98024627052,-3.3105048426288e-07,-142.89977194395,124.84593538683
20.1165,-2.7611941912993e-38,-9.2039978602141e-39,9.2028827061971e-58,0.001526172587543,1.7317318056822,3.0721770729951,-3.8159696205985e-53,-6.8717907575898e-33,1.0269738144672e-19,-0.00010725728249678,-7.1908505577474e-20,7.1908754337491e-20,0.00022530460711028,0.00022530455542147,-7.0416117106302e-09,-7.0416066792036e-09,7.1908421012256e-20,-7.1908693677542e-20,7.0416154241887e-09,7.0416025543077e-09,0.00022530460783366,0.00022530465952235,8.2035457314328e-05,5.0017427124145e-39,-6.8717907575898e-39,-134.29132652259,152.49043165627,329.01476712809,100000067.39594,-3.5603464690788e-14,-0.00043617357236967,-0.00011650678662307,-59.07376537442,-3.5543698268479e-07,-153.47744512313,134.08409770744
20.2165,-6.8377041642804e-37,-2.2792387579521e-37,2.8652634969968e-56,0.001526172587543,1.7317093372215,3.1771514365381,-1.111117315313e-51,-1.9609605899145e-31,8.9119705757365e-20,-9.307673985248e-05,-6.2401443622406e-20,6.2401659493728e-20,0.00019551696458652,0.00019551691973151,-6.1106364628639e-09,-6.1106320966449e-09,6.2401370237601e-20,-6.2401606853664e-20,6.1106396854509e-09,6.1106285171037e-09,0.00019551696521426,0.00019551701006916,7.1189505657617e-05,1.5255654917535e-37,-1.9609605899145e-37,-134.29089811165,152.47857098321,329.01476712809,100000067.39594,-3.5631220266626e-14,-0.00037504975309589,-0.00021652343946559,-63.165556077565,-3.7977053762054e-07,-164.04213938424,143.31049482749
20.3165,-1.3666376375382e-35,-4.5554664590646e-36,7.1694978861211e-55,0.001526172587543,1.7316868479684,3.2787699504574,-2.6111741266323e-50,-4.5164532983989e-30,7.7337141827708e-20,-8.0771014330206e-05,-5.4151315409621e-20,5.4151502740481e-20,0.00016966756220132,0.00016966752327661,-5.3027459501796e-09,-5.3027421612208e-09,5.4151251727061e-20,-5.4151457059987e-20,5.3027487467067e-09,5.3027390549326e-09,0.00016966756274606,0.00016966760167067,6.1777503066235e-05,3.7396662003924e-36,-4.5164532983989e-36,-134.29047715465,152.46674154035,329.01476712809,100000067.39594,-3.5679792524177e-14,-0.00031397893479205,-0.00031655009663961,-67.255619421968,-4.0406556733915e-07,-174.59386664394,152.52513847683
20.4165,-2.2616334295113e-34,-7.5387902008095e-35,1.479830820022e-53,0.001526172587543,1.7316643379456,3.3773355447101,-5.0807818152547e-49,-8.6129505564664e-29,6.7112356972573e-20,-7.0092235356228e-05,-4.6991941057264e-20,4.6992103621011e-20,0.00014723572312109,0.00014723568934264,-4.6016670739676e-09,-4.601663785949e-09,4.6991885794209e-20,-4.699206397996e-20,4.6016695007643e-09,4.6016610903449e-09,0.00014723572359382,0.00014723575737219,5.3609866367857e-05,7.5620769080754e-35,-8.6129505564664e-35,-134.29005069491,152.45495113089,329.01476712809,100000067.39594,-3.5693670312208e-14,-0.00025296105831158,-0.00041658676014654,-71.343956448045,-4.2830877672311e-07,-185.13263880626,161.72804037356
20.5165,-3.1654807118812e-33,-1.0551618581467e-33,2.5747793994183e-52,0.001526172587543,1.7316418071756,3.4731081516509,-8.3611942197088e-48,-1.3891687561072e-27,5.8239396387939e-20,-6.0825303457846e-05,-4.0779111414476e-20,4.0779252485583e-20,0.00012776960947473,0.00012776958016214,-3.9932782106825e-09,-3.9932753573747e-09,4.0779063457779e-20,-4.0779218085496e-20,3.9932803166312e-09,3.9932730181578e-09,0.00012776960988495,0.00012776963919747,4.6522077282698e-05,1.2890199774899e-33,-1.3891687561072e-33,-134.28963125914,152.44319614235,329.01476712809,100000067.39594,-3.5742242569759e-14,-0.00019199606461424,-0.00051663343198894,-75.430568194661,-4.5251468415801e-07,-195.65846776256,170.91921222398
20.6165,-3.8146497316131e-32,-1.2715517848794e-32,3.8456968214723e-51,0.001526172587543,1.7316192556811,3.5663127939477,-1.1846748104457e-46,-1.9291038203301e-26,5.0539534664497e-20,-5.2783557578612e-05,-3.5387683299309e-20,3.538780571933e-20,0.00011087712111753,0.00011087709568038,-3.4653247641757e-09,-3.4653222881052e-09,3.5387641682993e-20,-3.5387775867297e-20,3.4653265916958e-09,3.4653202581574e-09,0.00011087712147352,0.00011087714691061,4.0371368580672e-05,1.8862090255498e-32,-1.9291038203301e-32,-134.28918354005,152.43145897872,329.01476712809,100000067.39594,-3.5756120357791e-14,-0.00013108389476594,-0.00061669011416932,-79.515455699095,-4.7666423705503e-07,-206.17136539159,180.09866572263
20.7165,-4.0182822289403e-31,-1.3394293091135e-31,5.0074962166374e-50,0.001526172587543,1.7315966834846,3.6571458156524,-1.4672265692927e-45,-2.3416769086236e-25,4.3857675774828e-20,-4.5805015220113e-05,-3.0709058776785e-20,3.0709165011589e-20,9.62179976745e-05,9.6217975600408e-05,-3.0071723250049e-09,-3.007170176297e-09,3.0709022662584e-20,-3.0709139106309e-20,3.0071739109075e-09,3.0071684147297e-09,9.6217997983422e-05,9.6218020057462e-05,3.5033848363487e-05,2.4062138401991e-31,-2.3416769086236e-31,-134.28875535416,152.41979095139,329.01476712809,100000067.39594,-3.5776937039726e-14,-7.0224489937656e-05,-0.00071675680869103,-83.598619997083,-5.0077908117308e-07,-216.67134355949,189.26641255235
20.8165,-3.7481845698736e-30,-1.2493965650845e-30,5.7598645476727e-49,0.001526172587543,1.7315740906085,3.7457797523104,-1.6091149928197e-44,-2.5170573415508e-24,3.805922902019e-20,-3.9749109676627e-05,-2.664899770295e-20,2.6649089892394e-20,8.3496964776681e-05,8.3496945621017e-05,-2.6095924646839e-09,-2.6095906000578e-09,2.6648966363427e-20,-2.6649067412065e-20,2.6095938409135e-09,2.6095890713882e-09,8.349696504476e-05,8.3496984200379e-05,3.040200454694e-05,2.7116124972378e-30,-2.5170573415508e-30,-134.2883171574,152.40813613023,329.01476712809,100000067.39594,-3.5818570403374e-14,-9.4177914066084e-06,-0.00081683351755844,-87.680062122787,-5.2483809050577e-07,-227.15841411985,198.42246438425
20.9165,-3.1307285213656e-29,-1.0435775526561e-29,5.9196398053474e-48,0.001526172587543,1.7315514770754,3.8323671866938,-1.5802236666068e-43,-2.4227196228677e-23,3.3027398010057e-20,-3.4493858641722e-05,-2.3125719473653e-20,2.3125799474681e-20,7.2457786437245e-05,7.2457769814162e-05,-2.2645768501889e-09,-2.264575232086e-09,2.3125692277545e-20,-2.3125779966489e-20,2.2645780444664e-09,2.2645739055227e-09,7.2457786669882e-05,7.2457803292926e-05,2.6382539276943e-05,2.7303277248519e-29,-2.4227196228677e-29,-134.28787851734,152.39651237525,329.01476712809,100000067.39594,-3.5846325979213e-14,5.1336259445432e-05,-0.00091692024277563,-91.759783108816,-5.4885376750169e-07,-237.63258891367,207.56683287774
21.0165,-2.3644175764468e-28,-7.8814020026781e-29,5.4898895728189e-47,0.001526172587543,1.7315288429077,3.9170438370256,-1.4031448374558e-42,-2.1084705248204e-22,2.8660828067117e-20,-2.9933407154896e-05,-2.0068255742125e-20,2.0068325166174e-20,6.2878103766135e-05,6.2878089340798e-05,-1.9651759344855e-09,-1.9651745303129e-09,2.0068232141628e-20,-2.006830823717e-20,1.965176970867e-09,1.9651733791352e-09,6.2878103968014e-05,6.2878118393317e-05,2.2894489658562e-05,2.4807851466214e-28,-2.1084705248204e-28,-134.28744236452,152.38492885261,329.01476712809,100000067.39594,-3.5894898236765e-14,0.00011203772113165,-0.0010170169863483,-95.837783986243,-5.7282786720028e-07,-248.09387976945,216.69952968058
21.116500000001,-1.628307567414e-27,-5.4276986239295e-28,4.6341429138565e-46,0.001526172587543,1.7315061881277,3.9999310565515,-1.1361049363106e-41,-1.6732676154628e-21,2.4871564670118e-20,-2.5975895396551e-05,-1.7415020924653e-20,1.7415081170112e-20,5.4564956060989e-05,5.4564943542834e-05,-1.7053589738669e-09,-1.7053577553407e-09,1.7415000444391e-20,-1.74150664793e-20,1.7053598732279e-09,1.7053567563608e-09,5.4564956236178e-05,5.4564968754304e-05,1.9867596944471e-05,2.0516465020135e-27,-1.6732676154628e-27,-134.28700420622,152.37340157234,329.01476712809,100000067.39594,-3.597122606993e-14,0.00017268665206072,-0.0011171237502821,-99.914065784571,-5.9675529235319e-07,-258.54229850316,225.82056642886
21.216500000001,-1.0301865758173e-26,-3.4339593898248e-27,3.5876543760124e-45,0.001526172587543,1.7314835127578,4.0811378760526,-8.4508500893895e-41,-1.2199175007958e-20,2.158328181207e-20,-2.2541608382933e-05,-1.5112571700463e-20,1.5112623980838e-20,4.7350894057038e-05,4.7350883193915e-05,-1.4798925524751e-09,-1.4798914950509e-09,1.5112553927908e-20,-1.5112611232307e-20,1.4798933329311e-09,1.4798906281467e-09,4.7350894209065e-05,4.7350905072163e-05,1.7240891333882e-05,1.5561536521591e-26,-1.2199175007958e-26,-134.28656621059,152.36191925967,329.01476712809,100000067.39594,-3.5998981645771e-14,0.00023328311053705,-0.0012172405365835,-103.98862953177,-6.2063350377294e-07,-268.97785691827,234.92995474703
21.316500000001,-6.0272591731808e-26,-2.0090887453663e-26,2.5644911913565e-44,0.001526172587543,1.7314608168204,4.1607626874756,-5.8130755735277e-40,-8.2246997743557e-20,1.872974458816e-20,-1.9561370290897e-05,-1.3114530518785e-20,1.3114575887144e-20,4.1090607046302e-05,4.1090597619398e-05,-1.2842351671598e-09,-1.2842342495382e-09,1.3114515095949e-20,-1.3114564824103e-20,1.2842358444312e-09,1.2842334972478e-09,4.1090607178229e-05,4.1090616605111e-05,1.4961463875955e-05,1.0898150259414e-25,-8.2246997743557e-26,-134.28612577452,152.35042798703,329.01476712809,100000067.39594,-3.6040615009417e-14,0.00029382715476067,-0.0013173673472594,-108.06147625426,-6.4446411945529e-07,-279.40056680579,244.02770624794
21.416500000001,-3.2800889356246e-25,-1.0933642264066e-25,1.7026637275537e-43,0.001526172587543,1.7314381003376,4.2388946428672,-3.7193976959426e-39,-5.1578822046392e-19,1.6253475045743e-20,-1.6975151069845e-05,-1.1380651429623e-20,1.1380690799806e-20,3.5657995927167e-05,3.5657987746599e-05,-1.1144457493292e-09,-1.1144449530269e-09,1.1380638045848e-20,-1.1380681199416e-20,1.1144463370582e-09,1.1144443001972e-09,3.5657996041652e-05,3.5658004222201e-05,1.2983400740517e-05,7.089096283109e-25,-5.1578822046392e-25,-134.28567461359,152.33897849453,329.01476712809,100000067.39594,-3.6089187266968e-14,0.00035431884282812,-0.0014175041843174,-112.13260697695,-6.6826196791556e-07,-289.81043994431,253.11383253284
21.516500000001,-1.6690769812127e-24,-5.5635961293545e-25,1.0556058509896e-42,0.001526172587543,1.7314153633318,4.3156148253311,-2.225172851863e-38,-3.0244595598422e-18,1.4104594423011e-20,-1.4730857274255e-05,-9.8760094215381e-21,9.8760435865684e-21,3.094363322764e-05,3.0943626128629e-05,-9.6710428117675e-10,-9.6710359015396e-10,9.8759978072391e-21,-9.8760352554507e-21,9.671047912018e-10,9.6710302363528e-10,3.0943633326989e-05,3.0943640425983e-05,1.1266858389424e-05,4.3060067927676e-24,-3.0244595598422e-24,-134.28522583005,152.32755757335,329.01476712809,100000067.39594,-3.6123881736712e-14,0.00041475823273227,-0.0015176510497657,-116.20202272316,-6.920062471144e-07,-300.20748809993,262.18834519142
21.616500000001,-7.9784662280428e-24,-2.6594916322712e-24,6.1402703947566e-42,0.001526172587543,1.7313926058252,4.3909972358347,-1.2505666163268e-37,-1.6660055355332e-17,1.2239818455915e-20,-1.2783282760878e-05,-8.5702969375227e-21,8.5703265855762e-21,2.6852558940283e-05,2.6852552779837e-05,-8.3924290727776e-10,-8.3924230761546e-10,8.5702868587564e-21,-8.5703193559199e-21,8.3924334987213e-10,8.3924181599652e-10,2.6852559026498e-05,2.685256518693e-05,9.7772610200015e-06,2.4539838960684e-23,-1.6660055355332e-23,-134.2847771788,152.31619348909,329.01476712809,100000067.39594,-3.6151637312552e-14,0.00047514538236243,-0.0016178079456132,-120.26972451474,-7.1571246750933e-07,-310.59172302642,271.2512558018
21.716500000001,-3.597806624239e-23,-1.1992701481778e-23,3.3654666842867e-41,0.001526172587543,1.7313698278399,4.4651096300707,-6.6301759761915e-37,-8.6572600185094e-17,1.0621585516089e-20,-1.1093198114823e-05,-7.4372133988783e-21,7.4372391271467e-21,2.3302367770989e-05,2.3302362425018e-05,-7.2828615395955e-10,-7.2828563357892e-10,7.437204652631e-21,-7.4372328533272e-21,7.2828653803828e-10,7.2828520695719e-10,2.3302367845804e-05,2.3302373191763e-05,8.4846041149262e-06,1.3177742579566e-22,-8.6572600185094e-23,-134.28433387316,152.30488410629,329.01476712809,100000067.39594,-3.6193270676199e-14,0.00053548034950515,-0.0017179748738693,-124.33571337197,-7.393702927103e-07,-320.9631564651,280.30257593056
21.816500000001,-1.5363033074735e-22,-5.1210163442925e-23,1.7448305762433e-40,0.001526172587543,1.731347029398,4.538014232315,-3.3286177265861e-36,-4.2599571075841e-16,9.2173000181274e-21,-9.626560463091e-06,-6.453935440473e-21,6.4539577671933e-21,2.0221549273592e-05,2.0221544634415e-05,-6.3199905230018e-10,-6.3199860071936e-10,6.4539278505717e-21,-6.4539523228388e-21,6.3199938559966e-10,6.3199823050151e-10,2.0221549338516e-05,2.0221553977682e-05,7.3628500701337e-06,6.6936130379477e-22,-4.2599571075841e-22,-134.2838764554,152.29354701554,329.01476712809,100000067.39594,-3.6214087358135e-14,0.00059576319184359,-0.001818151836544,-128.39999031362,-7.6298522659915e-07,-331.32180014495,289.34231713278
21.916500000001,-6.2334275339327e-22,-2.0778112912414e-22,8.5867945455494e-40,0.001526172587543,1.7313242105218,4.6097683476819,-1.5878650454088e-35,-1.9917773649814e-15,7.9986758563949e-21,-8.3538277590461e-06,-5.6006571864773e-21,5.60067656137e-21,1.7548047436084e-05,1.7548043410255e-05,-5.484421198134e-10,-5.4844172793632e-10,5.600650600041e-21,-5.6006718368165e-21,5.4844240904718e-10,5.4844140666517e-10,1.7548047492424e-05,1.7548051518244e-05,6.3894037270549e-06,3.2273794271246e-21,-1.9917773649814e-21,-134.28343077888,152.28230479248,329.01476712809,100000067.39594,-3.624878182788e-14,0.00065599396695925,-0.001918338835648,-132.46255635693,-7.8654718878924e-07,-341.66766578263,298.37049095205
22.016500000001,-2.41068994907e-21,-8.0356411726251e-22,4.0240125036821e-39,0.001526172587543,1.7313013712331,4.6804248899102,-7.2198443419305e-35,-8.8764815000451e-15,6.9411666463986e-21,-7.2493637255144e-06,-4.8601913064908e-21,4.8602081198186e-21,1.5228010704314e-05,1.5228007210742e-05,-4.7593229402907e-10,-4.7593195396226e-10,4.8601855908508e-21,-4.8602040199009e-21,4.7593254502309e-10,4.7593167516654e-10,1.5228010753206e-05,1.522801424677e-05,5.5446572448755e-06,1.4818007288656e-20,-8.8764815000451e-21,-134.28297022487,152.27104889181,329.01476712809,100000067.39594,-3.6276537403717e-14,0.0007161727323308,-0.0020185358731925,-136.52341251767,-8.10081102155e-07,-352.00076508247,307.38710892046
22.116500000001,-8.9115606140752e-21,-2.9705231084053e-21,1.8009265808514e-38,0.001526172587543,1.7312785115541,4.7500328385019,-3.1379080168383e-34,-3.7812803569705e-14,6.0234712942588e-21,-6.2909214699324e-06,-4.2176228162514e-21,4.2176374066801e-21,1.3214707264165e-05,1.321470423248e-05,-4.1300903106573e-10,-4.1300873595934e-10,4.2176178562792e-21,-4.2176338488147e-21,4.130092488757e-10,4.1300849402335e-10,1.3214707306593e-05,1.3214710338271e-05,4.8115951449163e-06,6.497373811542e-20,-3.7812803569705e-20,-134.28251514768,152.25981766449,329.01476712809,100000067.39594,-3.6325109661271e-14,0.00077629954533469,-0.0021187429511894,-140.58255981001,-8.3355179384475e-07,-362.32110973645,316.39218255867
22.216500000001,-3.157120955731e-20,-1.0523746615722e-20,7.717748526392e-38,0.001526172587543,1.7312556315067,4.8186376364392,-1.3070068376897e-33,-1.5436966208764e-13,5.2271049351026e-21,-5.4591953681402e-06,-3.6600086495376e-21,3.660021310958e-21,1.1467583728816e-05,1.1467581097952e-05,-3.5840488632914e-10,-3.5840463023892e-10,3.660004345326e-21,-3.6600182234798e-21,3.5840507534233e-10,3.5840442028942e-10,1.1467583765635e-05,1.1467586396493e-05,4.1754515701379e-06,2.7279951838759e-19,-1.5436966208764e-19,-134.28206999184,152.24866222775,329.01476712809,100000067.39594,-3.6359804131014e-14,0.00083637446324577,-0.0022189600716511,-144.6399992467,-8.5700091693008e-07,-372.62871142437,325.38572337589
22.316500000001,-1.074450236084e-19,-3.5815041618512e-20,3.174653173613e-37,0.001526172587543,1.7312327311129,4.8862815376551,-5.2296597019089e-33,-6.0540034123762e-13,4.536026597921e-21,-4.7374321832144e-06,-3.1761169498308e-21,3.176127937278e-21,9.9514482551131e-06,9.9514459720772e-06,-3.1101998475224e-10,-3.1101976251985e-10,3.1761132146813e-21,-3.176125257997e-21,3.110201487759e-10,3.1101958032788e-10,9.951448287064e-06,9.9514505700945e-06,3.6234128505078e-06,1.0994110558696e-18,-6.0540034123762e-19,-134.28159455279,152.23750777292,329.01476712809,100000067.39594,-3.6401437494661e-14,0.00089639754323729,-0.0023191872365909,-148.6957318389,-8.803839249581e-07,-382.92358181365,334.36774286991
22.416500000001,-3.5203623908117e-19,-1.1734552170462e-19,1.256261996697e-36,0.001526172587543,1.7312098103946,4.9530039118054,-2.0145374045151e-32,-2.2857533600026e-12,3.9363160970551e-21,-4.1110935605024e-06,-2.7562008303652e-21,2.7562103651562e-21,8.6357615807615e-06,8.6357595995683e-06,-2.6989986633845e-10,-2.6989967348752e-10,2.7561975890418e-21,-2.7562080401043e-21,2.6990000867646e-10,2.6989951538325e-10,8.6357616084888e-06,8.6357635896775e-06,3.1443593636516e-06,4.2624032014646e-18,-2.2857533600026e-18,-134.28114779215,152.22640206056,329.01476712809,100000067.39594,-3.6443070858307e-14,0.00095636884238111,-0.002419424448022,-152.74975859632,-9.0372642609277e-07,-393.20573255958,343.33825252714
22.516500000001,-1.1126727083669e-18,-3.7089124059544e-19,4.792177090644e-36,0.001526172587543,1.7311868693737,5.0188415125857,-7.486118256622e-32,-8.3252087339666e-12,3.4158936420293e-21,-3.5675630136582e-06,-2.3918020454821e-21,2.3918103196732e-21,7.4940215193073e-06,7.4940198000531e-06,-2.3421626075744e-10,-2.3421609340344e-10,2.3917992326958e-21,-2.3918083020178e-21,2.3421638427686e-10,2.3421595620222e-10,7.4940215433713e-06,7.4940232626214e-06,2.728641425435e-06,1.5930054742821e-17,-8.3252087339666e-18,-134.28066990949,152.2152981841,329.01476712809,100000067.39594,-3.6477765328052e-14,0.0010162884176481,-0.002519671707959,-156.80208052718,-9.2703579770491e-07,-403.47517530518,352.29726382258
22.616500000001,-3.3988486815923e-18,-1.1329505759263e-18,1.7655326193747e-35,0.001526172587543,1.7311639080721,5.083828714784,-2.6885804687407e-31,-2.9305253324871e-11,2.964276517915e-21,-3.0958912155864e-06,-2.0755806186962e-21,2.0755877989521e-21,6.5032279183858e-06,6.5032264264511e-06,-2.0325040374191e-10,-2.0325025851387e-10,2.0755781777899e-21,-2.0755860480519e-21,2.0325051093076e-10,2.032501394521e-10,6.5032279392774e-06,6.5032294312086e-06,2.3678844815233e-06,5.7500262240831e-17,-2.9305253324871e-17,-134.2802203428,152.20426244973,329.01476712809,100000067.39594,-3.6554093161219e-14,0.0010761563259083,-0.0026199290184163,-160.85269863815,-9.502940667278e-07,-413.73192168127,361.24478821991
22.716500000001,-1.0051354610094e-17,-3.3504544931519e-18,6.2931557750864e-35,0.001526172587543,1.7311409265116,5.1479977244108,-9.3480111206249e-31,-9.9867733500623e-11,2.5723679350993e-21,-2.6865735657019e-06,-1.8011669957171e-21,1.8011732266675e-21,5.6434154175902e-06,5.6434141229592e-06,-1.7637855923236e-10,-1.7637843320499e-10,1.8011648775243e-21,-1.8011717072548e-21,1.7637865224972e-10,1.7637832988444e-10,5.6434154357504e-06,5.6434167303783e-06,2.0548189966041e-06,2.0080372377835e-16,-9.9867733500623e-17,-134.27974235969,152.19322540809,329.01476712809,100000067.39594,-3.6574909843155e-14,0.0011359726239311,-0.0027201963814101,-164.90161393444,-9.7351160712166e-07,-423.97598330652,370.18083717144
22.816500000001,-2.8822585466637e-17,-9.6075368400413e-18,2.1737760033404e-34,0.001526172587543,1.7311179247139,5.2113787655509,-3.1516301930753e-30,-3.3000784660215e-10,2.2322737952957e-21,-2.3313527995327e-06,-1.5630337443681e-21,1.5630391515212e-21,4.8972388102657e-06,4.8972376869783e-06,-1.5305945564671e-10,-1.5305934628149e-10,1.5630319062227e-21,-1.5630378329909e-21,1.5305953636619e-10,1.53059256621e-10,4.8972388261258e-06,4.8972399494105e-06,1.7831295312991e-06,6.7955837477014e-16,-3.3000784660215e-16,-134.2792756109,152.18225872781,329.01476712809,100000067.39594,-3.6602665418994e-14,0.0011957373683855,-0.0028204737989559,-168.94882741978,-9.9668510349258e-07,-434.20737178743,379.10542211817
22.916500000001,-8.0257773418792e-17,-2.6752614057256e-17,7.2873204504486e-34,0.001526172587543,1.7310949027007,5.2740002470142,-1.0318382352303e-29,-1.0589687634674e-09,1.937143682884e-21,-2.0230344657196e-06,-1.3563842170338e-21,1.3563889093044e-21,4.2495854345324e-06,4.2495844603333e-06,-1.3282338320686e-10,-1.3282328830087e-10,1.3563826219106e-21,-1.3563877650976e-21,1.3282345325437e-10,1.3282321049445e-10,4.2495854486179e-06,4.2495864228147e-06,1.5473137616254e-06,2.2319682536757e-15,-1.0589687634674e-15,-134.27881177076,152.17129445688,329.01476712809,100000067.39594,-3.6651237676545e-14,0.0012554506158406,-0.0029207612730707,-172.99434009637,-1.019812573473e-06,-444.42609871836,388.01855448981
23.016500000001,-2.1729333487969e-16,-7.243117279855e-17,2.3742973565231e-33,0.0015261725875412,1.7310718604939,5.3358889113894,-3.2850643589213e-29,-3.304436322744e-09,1.6810328784659e-21,-1.7552878120323e-06,-1.1770559328213e-21,1.1770600047243e-21,3.687156914431e-06,3.6871560708375e-06,-1.15262732712e-10,-1.1526265035359e-10,1.1770545485902e-21,-1.1770590117937e-21,1.152627934985e-10,1.1526258283399e-10,3.6871569276553e-06,3.6871577712467e-06,1.3425306291982e-06,7.1246389874225e-15,-3.304436322744e-15,-134.27834302629,152.16036251381,329.01476712809,100000067.39594,-3.6672054358481e-14,0.0013151124227651,-0.0030210588057717,-177.03815296488,-1.0428971565705e-06,-454.63217568134,396.92024570456
23.116500000001,-5.7258515705183e-16,-1.9086187793987e-16,7.528046489448e-33,0.0015261725875373,1.731048798115,5.3970699687277,-1.018325945683e-28,-1.0039722639042e-08,1.458782614495e-21,-1.5223611238541e-06,-1.0214367327871e-21,1.0214402663416e-21,3.1978711997764e-06,3.1978704732115e-06,-1.0002378518141e-10,-1.0002371371164e-10,1.021435531566e-21,-1.0214394046869e-21,1.0002383793129e-10,1.0002365511885e-10,3.1978712142801e-06,3.1978719408429e-06,1.1643838756528e-06,2.2131817101917e-14,-1.0039722639042e-14,-134.27787250568,152.14947619148,329.01476712809,100000067.39594,-3.673450440384e-14,0.0013747228455302,-0.003121366399077,-181.08026702462,-1.0659436903793e-06,-464.82561424664,405.81050716968
23.216500000001,-1.4687967091776e-15,-4.8959930459143e-16,2.3256121909718e-32,0.0015261725875261,1.7310257155858,5.4575672167356,-3.0772160820377e-28,-2.9735394701479e-08,1.2659161589816e-21,-1.3185217311125e-06,-8.8639201794987e-22,8.8639508433134e-22,2.7696862441649e-06,2.7696856299648e-06,-8.6799586980874e-11,-8.6799524960165e-11,8.8639097554291e-22,-8.8639433659642e-22,8.6799632756666e-11,8.6799474113956e-11,2.7696862656789e-06,2.7696868798766e-06,1.0084972198825e-06,6.6985144263849e-14,-2.9735394701479e-14,-134.27739228779,152.13859790216,329.01476712809,100000067.39594,-3.6783076661391e-14,0.0014342819404071,-0.0032216840550046,-185.12068327314,-1.0889474559002e-06,-475.00642597178,414.68935028058
23.316500000001,-3.660070941534e-15,-1.2200246284104e-15,7.0079889207927e-32,0.0015261725874944,1.7310026129278,5.5174031491187,-9.0748846801227e-28,-8.5948247324237e-08,1.0985486285524e-21,-1.1367154953637e-06,-7.6920160057179e-22,7.6920426154558e-22,2.3877841219678e-06,2.3877836361702e-06,-7.5323766900079e-11,-7.532371307916e-11,7.6920069598229e-22,-7.6920361266897e-22,7.5323806623828e-11,7.5323668955355e-11,2.3877841663303e-06,2.3877846521236e-06,8.694985116887e-07,1.9776088867607e-13,-8.5948247324237e-14,-134.27692033259,152.12776942209,329.01476712809,100000067.39594,-3.6838587812848e-14,0.0014937897635716,-0.0033220117755741,-189.15940270631,-1.1119025866537e-06,-485.1746224017,423.556786421
23.416500000001,-8.7750170062146e-15,-2.9250079392653e-15,2.0621121601876e-31,0.0015261725874039,1.7309794901625,5.5765990534582,-2.6145011463241e-27,-2.4269694558477e-07,9.533086993364e-22,-9.6512362311512e-07,-6.6750488627341e-22,6.6750719543918e-22,2.0273382661544e-06,2.0273379780507e-06,-6.5365170592154e-11,-6.5365123886926e-11,6.6750410128097e-22,-6.6750663235052e-22,6.5365205064005e-11,6.5365085596753e-11,2.0273383768912e-06,2.0273386649852e-06,7.3841120928231e-07,5.7011758133974e-13,-2.4269694558477e-13,-134.27642637102,152.11690446246,329.01476712809,100000067.39594,-3.6894098964303e-14,0.0015532463711094,-0.0034223495628053,-193.19642631764,-1.1348124476438e-06,-495.33021506702,432.41282696146
23.516500000001,-1.9538264137531e-14,-6.512759296314e-15,5.9309819043766e-31,0.0015261725871526,1.7309563473117,5.6351750998299,-7.3658929240501e-27,-6.7016198270867e-07,8.2727059956287e-22,-7.7822548261089e-07,-5.7925325538393e-22,5.7925525925572e-22,1.6347400101644e-06,1.6347401291905e-06,-5.6723204177424e-11,-5.6723163647113e-11,5.7925257417798e-22,-5.7925477061229e-22,5.6723234091732e-11,5.6723130419307e-11,1.6347403048949e-06,1.634740185844e-06,5.9588351049461e-07,1.6065092734016e-12,-6.7016198270867e-13,-134.27596212223,152.10615469193,329.01476712809,100000067.39594,-3.697042679747e-14,0.0016126518190299,-0.0035226974187178,-197.23175509694,-1.1576768945179e-06,-505.47321548081,441.25748325649
23.616500000001,-3.486701646394e-14,-1.1622343686688e-14,1.6689465177117e-30,0.0015261725864697,1.7309331843967,5.6931504211869,-2.0311825738119e-26,-1.8112632756596e-06,7.1789491341789e-22,-5.1384524207671e-07,-5.0266861391607e-22,5.0267035286055e-22,1.0793827280231e-06,1.0793838300105e-06,-4.922379291915e-11,-4.9223757747357e-11,5.0266802277885e-22,-5.0266992881814e-22,4.9223818878467e-11,4.9223728912621e-11,1.079383518412e-06,1.0793824163591e-06,3.9479663552237e-07,4.4289711649793e-12,-1.8112632756596e-12,-134.27547591415,152.0953789677,329.01476712809,100000067.39594,-3.6998182373311e-14,0.0016720061633044,-0.003623055345333,-201.26539002672,-1.1805034883358e-06,-515.60363512944,450.09076663659
23.716500000001,-2.7293785733445e-15,-9.0976369057311e-16,4.5987663065268e-30,0.0015261725846469,1.7309100014392,5.7505431863717,-5.4869837799485e-26,-4.7956094730792e-06,6.2297675050308e-22,-1.5191651803898e-08,-4.3620710192031e-22,4.3620861097314e-22,3.1910530330426e-08,3.1914134094647e-08,-4.2715872841217e-11,-4.2715842319463e-11,4.3620658895416e-22,-4.3620824298619e-22,4.2715895368427e-11,4.2715817296995e-11,3.1912625944968e-08,3.1909022007707e-08,1.6341968014208e-08,1.195652108831e-11,-4.7956094730792e-12,-134.27499863094,152.08466167257,329.01476712809,100000067.39594,-3.7032876843055e-14,0.001731309459961,-0.0037234233446729,-205.29733207278,-1.2032861768696e-06,-525.72148544918,458.9126883879
23.816500000001,5.1897121612912e-13,1.7299074029611e-13,1.2418879474338e-29,0.0015261725798813,1.7308867984611,5.8073706664445,-1.4532207688494e-25,-1.2448540525325e-05,5.4059961147708e-22,1.1128192433153e-06,-3.7852679029132e-22,3.7852809987127e-22,-2.3375904175411e-06,-2.3375804097701e-06,-3.706834289099e-11,-3.7068316404426e-11,3.785263451883e-22,-3.785277805167e-22,3.7068362439837e-11,3.7068294690224e-11,-2.3375849543066e-06,-2.337594962528e-06,-8.3887578285331e-07,3.1633565470183e-11,-1.2448540525325e-11,-134.27451978942,152.07399279586,329.01476712809,100000067.39594,-3.7074510206703e-14,0.001790561765319,-0.0038238014187593,-209.32758216141,-1.2259835175558e-06,-535.82677776908,467.72325970241
23.916500000001,4.5767738526901e-12,1.5255937607946e-12,3.2893029535792e-29,0.0015261725676585,1.7308635754846,5.8636492947568,-3.7763685121817e-25,-3.1705669234291e-05,4.6909250486696e-22,3.8532056340808e-06,-3.2845765402856e-22,3.2845879057095e-22,-8.0940493061109e-06,-8.0940230775819e-06,-3.2167412221529e-11,-3.2167389236494e-11,3.2845726788591e-22,-3.2845851338876e-22,3.2167429185739e-11,3.2167370393219e-11,-8.0940353190987e-06,-8.0940615487787e-06,-2.9158812287359e-06,8.2086328821367e-11,-3.1705669234291e-11,-134.27402637816,152.06327654927,329.01476712809,100000067.39594,-3.7088387994734e-14,0.0018497631365662,-0.0039241895696151,-213.35614112331,-1.2485876314124e-06,-545.91952317074,476.52249155563
24.016500000001,3.1523453385131e-11,1.0507833979962e-11,8.5511539487327e-29,0.0015261725368827,1.7308403325335,5.9193947207878,-9.6355113776444e-25,-7.9288757275916e-05,4.0698584298036e-22,1.0612600078545e-05,-2.8497069060455e-22,2.849716771443e-22,-2.2292841337597e-05,-2.2292774656037e-05,-2.7914279912456e-11,-2.7914259965609e-11,2.8497035580184e-22,-2.8497143648354e-22,2.7914294633637e-11,2.7914243613814e-11,-2.2292806167434e-05,-2.2292872851888e-05,-8.0389011346536e-06,2.0906986995227e-10,-7.9288757275916e-11,-134.27354978867,152.05265289567,329.01476712809,100000067.39594,-3.7130021358382e-14,0.0019089136331392,-0.0040245877992636,-217.38300955924,-1.2710289637987e-06,-555.99973215295,485.31039441439
24.116500000001,1.9840513196742e-10,6.613514350591e-11,2.1834644073804e-28,0.0015261724607646,1.7308170696345,5.9746218569252,-2.4156170164993e-24,-0.00019482144485413,3.5295678559697e-22,2.7184149358062e-05,-2.4713964963901e-22,2.4714050639575e-22,-5.7103057414457e-05,-5.7102891519236e-05,-2.422307955651e-11,-2.4223062245201e-11,2.4713935982069e-22,-2.4714029724379e-22,2.4223092330952e-11,2.4223048055777e-11,-5.7102970517793e-05,-5.7103136420163e-05,-2.0599752768033e-05,5.2301013642869e-10,-1.9482144485413e-10,-134.27306820419,152.04201704611,329.01476712809,100000067.39595,-3.717165472203e-14,0.0019680133199828,-0.0041249961097285,-221.40818752401,-1.2931023175307e-06,-566.06741384316,494.08697754955
24.216500000001,1.1862702558831e-09,3.9542400517569e-10,5.4796472115893e-28,0.0015261722757083,1.7307937868222,6.0293449156371,-5.9540613205887e-24,-0.00047064019132176,3.0574349990983e-22,6.7281277042227e-05,-2.1408099767632e-22,2.140817427471e-22,-0.00014133113091325,-0.00014133072572109,-2.1019001137676e-11,-2.1018986111172e-11,2.1408074794569e-22,-2.1408156049548e-22,2.1019012222136e-11,2.1018973798916e-11,-0.00014133091982799,-0.00014133132503752,-5.0996086590739e-05,1.2859051682011e-09,-4.7064019132176e-10,-134.27261483229,152.03145929177,329.0147671281,100000067.39596,-3.7199410297871e-14,0.002027062275111,-0.0042254145030349,-225.43167379474,-1.3143690717989e-06,-576.1225741735,502.8522474463
24.316500000001,6.8232309131779e-09,2.2744136405149e-09,1.3524249005049e-27,0.0015261718332036,1.7307704841486,6.0835774308,-1.4437572532145e-23,-0.00111847611508,2.6398260060866e-22,0.00016284069392259,-1.8484009358373e-22,1.848407439693e-22,-0.00034206335290684,-0.00034206237989305,-1.8236451679733e-11,-1.8236438630641e-11,1.8483988115438e-22,-1.8484058401444e-22,1.8236461296194e-11,1.8236427948973e-11,-0.00034206284849405,-0.00034206382154936,-0.00012344586004165,3.1092198504673e-09,-1.11847611508e-09,-134.27219236628,152.02081784613,329.01476712812,100000067.39597,-3.7220226979805e-14,0.0020860606068608,-0.0043258429812076,-229.45346420442,-1.3338463765286e-06,-586.16521173047,511.60620418722
24.416500000001,3.7938166600305e-08,1.2646073897923e-08,3.2845962500979e-27,0.0015261707919053,1.7307471617061,6.1373322491381,-3.4460371036422e-23,-0.0026162964152668,2.2586834188882e-22,0.00038706952226388,-1.581525543999e-22,1.5815312785819e-22,-0.00081307868676592,-0.00081307638759815,-1.5817001401511e-11,-1.5816990056235e-11,1.5815238026007e-22,-1.5815298481351e-22,1.5817009740731e-11,1.5816980793248e-11,-0.000813077500399,-0.00081307979966454,-0.00029347004978014,7.397404172269e-09,-2.6162964152668e-09,-134.27193677703,152.01035796125,329.01476712817,100000067.39602,-3.7338188176396e-14,0.0021450084926518,-0.0044262815462721,-233.47354790556,-1.3492629268065e-06,-596.19530845823,520.34883335065
24.516500000001,2.043743842097e-07,6.8124892728848e-08,7.8541434364479e-27,0.0015261683792506,1.7307238196767,6.190621461358,-8.1007581640962e-23,-0.0060266746099765,1.8841101984654e-22,0.00090520781537792,-1.3192498775455e-22,1.3192550655739e-22,-0.0019014805719674,-0.0019014752230641,-1.3706616617721e-11,-1.3706606723599e-11,1.3192486057475e-22,-1.3192537259222e-22,1.3706623841042e-11,1.3706598700034e-11,-0.0019014778243354,-0.0019014831734654,-0.00068640421613027,1.7326259477839e-08,-6.0266746099765e-09,-134.27198433061,151.99992077441,329.01476712827,100000067.39613,-3.7560232781546e-14,0.0022039062647379,-0.0045267302002556,-237.4918991222,-1.3555435671523e-06,-606.21280915476,529.08008814349
24.616500000001,1.0680355302748e-06,3.5601235073674e-07,1.8500709981626e-26,0.001526162872973,1.730700458441,6.2434562087414,-1.8764270583375e-22,-0.013676038525685,1.458125389689e-22,0.002084610670633,-1.0209756141427e-22,1.0209806033234e-22,-0.0043789355286141,-0.0043789232720237,-1.1851170009565e-11,-1.1851161313913e-11,1.0209750638025e-22,-1.0209792159573e-22,1.1851176247768e-11,1.1851154384401e-11,-0.0043789292602437,-0.004378941517352,-0.0015809245367351,3.9966133643968e-08,-1.3676038525685e-08,-134.27255586714,151.9895489288,329.0147671285,100000067.39637,-3.7747582917173e-14,0.002262754596991,-0.0046271889451846,-241.50845922058,-1.3416847256519e-06,-616.21757694197,537.79985059931
24.716500000001,5.4179533923618e-06,1.8059870130697e-06,4.2949513601044e-26,0.0015261504913838,1.7306770788104,6.2958462325283,-4.2849083030753e-22,-0.030578108373806,8.5929004314864e-23,0.0047295978475392,-6.0167105700913e-23,6.0167649179793e-23,-0.0099349985123185,-0.0099349708462259,-1.0188177673772e-11,-1.018816988502e-11,6.0167184033593e-23,-6.0167478101334e-23,1.0188183020324e-11,1.0188163945521e-11,-0.0099349844239795,-0.00993501209124,-0.0035872680050539,9.0806836892122e-08,-3.0578108373806e-08,-134.27450017322,151.97934320495,329.01476712904,100000067.39692,-3.8150038763825e-14,0.0023215549052847,-0.0047276577830873,-245.52309835747,-1.28387902163e-06,-626.20929810292,546.50784866086
24.816500000001,2.6677528907303e-05,8.892522057201e-06,9.830900936772e-26,0.001526123060934,1.730653682517,6.3477988990533,-9.6502054233328e-22,-0.067350234054002,-1.7350777933259e-23,0.010573190305555,1.2149470378038e-23,-1.2148751400003e-23,-0.022210055190009,-0.022209993690822,-8.6306246145382e-12,-8.630617325462e-12,-1.2149119017788e-23,1.2149012544217e-23,8.6306291077076e-12,8.6306123329888e-12,-0.022210024005848,-0.022210085507615,-0.008020460422368,2.0318528429228e-07,-6.7350234054003e-08,-134.27927241843,151.96922000571,329.01476713021,100000067.39813,-3.8399838944581e-14,0.0023803101903185,-0.0048281367159916,-249.53553492004,-1.1320129523316e-06,-636.18728237476,555.20348217915
24.916500000001,0.00012733454598231,4.2444907226306e-05,2.219443194209e-25,0.0015260632259598,1.7306302732206,6.3993171834288,-2.144195248023e-21,-0.14599172073525,-2.2032088559932e-22,0.023281854380725,1.5426935292587e-22,-1.5426818287737e-22,-0.048905888545019,-0.048905754074424,-7.0346235250759e-12,-7.0346160577815e-12,-1.5426841970752e-22,1.5426865660753e-22,7.0346271076492e-12,7.0346120748698e-12,-0.048905820647413,-0.048905955123622,-0.017663100248932,4.4728711372812e-07,-1.4599172073525e-07,-134.29014868692,151.95932735235,329.01476713278,100000067.40077,-3.8705150276555e-14,0.0024390267713304,-0.0049286257459262,-253.54517017894,-7.8347248264662e-07,-646.15005345936,563.88546615091
25.016500000001,0.00058699024702828,0.0001956636812417,4.943134096518e-25,0.0015259349437562,1.7306068585114,6.4503956782265,-4.7012699722548e-21,-0.31068162625535,-6.4348690421951e-22,0.050433006363985,4.5057070946879e-22,-4.5056850449677e-22,-0.10593962678011,-0.10593933839468,-5.1346878111479e-12,-5.1346789036304e-12,-4.5056852517816e-22,4.5056945003316e-22,5.1346902451854e-12,5.1346761924596e-12,-0.10593948178877,-0.10593977018621,-0.038267235662753,9.6630780103607e-07,-3.1068162625535e-07,-134.31359445069,151.94964604734,329.01476713831,100000067.40644,-3.8941072669464e-14,0.0024977177320948,-0.0050291248749208,-257.55076043088,-3.8078552498237e-08,-656.0945379295,572.55112409843
25.116500000001,0.0025919869969997,0.00086399680919466,1.0860685550867e-24,0.0015256657142501,1.7305834536617,6.5010131868657,-1.0171347055295e-20,-0.6456768652558,-1.5418854024611e-21,0.10715615459851,1.0796304759177e-21,-1.0796260067292e-21,-0.22509232909851,-0.22509172619143,-2.4153816233906e-12,-2.4153688009117e-12,-1.0796256145825e-21,1.0796279663174e-21,2.4153823156777e-12,2.4153680161046e-12,-0.22509202732519,-0.22509263025742,-0.081321801286773,2.0377202640372e-06,-6.4567686525583e-07,-134.36205071686,151.93985312847,329.01476714993,100000067.41832,-3.9253322895264e-14,0.0025564093766823,-0.0051296341050053,-261.54980455436,1.460815240542e-06,-666.0145519787,581.19506980396
25.216500000001,0.010787353802817,0.0035957891637979,2.3529913389918e-24,0.0015251170177279,1.7305600878877,6.5511205564653,-2.1705512853939e-20,-1.2971470657892,-3.4477544712262e-21,0.22198580754394,2.4141224496448e-21,-2.4141131613251e-21,-0.46630360652153,-0.4663023922355,2.1391493566324e-12,2.1391710249181e-12,-2.4141119230934e-21,2.4141172500099e-21,-2.1391517036731e-12,-2.1391684504796e-12,-0.46630300170493,-0.46630421604157,-0.16850834024529,4.1508910097425e-06,-1.2971470657893e-06,-134.45771284089,151.92902332493,329.0147671737,100000067.44255,-3.9496184181924e-14,0.0026151519998053,-0.0052301534382108,-265.53752640088,4.2354865151048e-06,-675.89829143125,589.80702087122
25.316500000001,0.041126663503236,0.013708904010238,5.0214956642647e-24,0.0015240466840308,1.7305368123682,6.600625585671,-4.5639507295094e-20,-2.4749388561494,-7.4532838298473e-21,0.44356622423255,5.2187992699567e-21,-5.218779947587e-21,-0.93175561568956,-0.93175330728083,1.0522896458691e-11,1.0522936773249e-11,-5.2187769324512e-21,5.2187884050813e-21,-1.0522904529769e-11,-1.0522927873032e-11,-0.93175447250625,-0.93175678101054,-0.33682956746575,8.0218026111455e-06,-2.4749388561498e-06,-134.63356049043,151.91462386179,329.01476722031,100000067.48982,-3.9704350998874e-14,0.0026740336744308,-0.0053306828765685,-269.50558264138,8.714204149114e-06,-685.72515545427,598.36903217761
25.416500000001,0.13773102915167,0.045910391035766,1.0537262521762e-23,0.0015220922447431,1.7305137039352,6.649387495138,-9.4392824908431e-20,-4.3722435451181,-1.5754338009745e-20,0.84086611997654,1.103120806769e-20,-1.1031168308977e-20,-1.7663240438521,-1.7663200218303,2.6591802593744e-11,2.6591880798866e-11,-1.103116155438e-20,1.1031185497719e-20,-2.6591821763464e-11,-2.6591859629018e-11,-1.7663220662874,-1.7663260884745,-0.63885787439795,1.4330927650645e-05,-4.3722435451192e-06,-134.92352831379,151.89183183497,329.01476730608,100000067.57613,-4.0009662330191e-14,0.0027331865782301,-0.0054312224221102,-273.44150040602,1.4411236242799e-05,-695.46439591697,606.85432040736
25.516500000001,0.3870500515595,0.12901679607723,2.1697281331943e-23,0.0015188382067713,1.7304908511183,6.6972470201207,-1.9163837912308e-19,-6.9676626657455,-3.266117167156e-20,1.4827889616612,2.2869394574181e-20,-2.2869314164665e-20,-3.1147474498087,-3.1147412198666,5.7643778040178e-11,5.7643931263843e-11,-2.2869299609201e-20,2.2869348287325e-20,-5.7643818792313e-11,-5.7643886216989e-11,-3.1147444143181,-3.1147506445152,-1.1273408502641,2.304657426304e-05,-6.9676626657474e-06,-135.33313858186,151.85367079989,329.01476745037,100000067.71982,-4.0252523616019e-14,0.0027927629492189,-0.0055317720768684,-277.33101143564,1.9177136066168e-05,-705.08093997748,615.23233858059
25.616500000001,0.88923341171235,0.29641134001378,4.3781529213259e-23,0.0015139873654493,1.7304683180519,6.7440987721224,-3.8142300100922e-19,-9.9042436205439,-6.6427778395856e-20,2.3965898131288,4.6512815388029e-20,-4.6512655986986e-20,-5.0342776872286,-5.0342692277803,1.1717131087963e-10,1.1717160934729e-10,-4.6512625401997e-20,4.6512722000699e-20,-1.1717139319163e-10,-1.1717151827663e-10,-5.0342736102352,-5.0342820700256,-1.8235094753337,3.2983668222373e-05,-9.9042436205467e-06,-135.81560199743,151.79483740474,329.01476766792,100000067.93404,-4.0564773840611e-14,0.0028528729687486,-0.0056323318428765,-281.16395891694,2.0706716767081e-05,-714.55000350781,623.48150902369
25.716500000001,1.6902422414359,0.56341437610276,8.6596091761563e-23,0.0015074925746784,1.7304461163181,6.7899440933592,-7.4442728474745e-19,-12.730485116168,-1.3252979655208e-19,3.5440772547815,9.2797531698131e-20,-9.2797221881828e-20,-7.444689751081,-7.4446795359483,2.2962127415596e-10,2.2962184822401e-10,-9.2797158967353e-20,9.2797346565046e-20,-2.2962143531996e-10,-2.2962166973957e-10,-7.4446848869391,-7.4446951024811,-2.6986177174344,4.2601887122213e-05,-1.2730485116172e-05,-136.30140291614,151.71573277654,329.01476796209,100000068.22084,-4.0842329595566e-14,0.0029135363478714,-0.0057329017221681,-284.93881475674,1.9354748926706e-05,-723.86818081975,631.5988833117
25.816500000001,2.7684089469753,0.92280335898515,1.6813838534979e-22,0.0014994948000056,1.7304242175771,6.8348617225029,-1.4267736938729e-18,-15.241853466043,-2.5951830236891e-19,4.8483235549727,1.8171504240894e-19,-1.8171445086385e-19,-10.184389242624,-10.184377897453,4.3861593768595e-10,4.386170254356e-10,-1.817143239893e-19,1.8171468168382e-19,-4.3861624612252e-10,-4.386166835251e-10,-10.184383906097,-10.184395251719,-3.6940264974087,5.1184513228764e-05,-1.5241853466046e-05,-136.75453488581,151.62093480164,329.01476832689,100000068.57402,-4.1085190881013e-14,0.0029747041131902,-0.0058334817167775,-288.66051766647,1.7352896856481e-05,-733.0480032293,639.59539643512
25.916500000001,4.0869616155772,1.3623209876084,3.2100613328825e-22,0.0014901640554633,1.7304025870444,6.8789398756063,-2.6897266246461e-18,-17.489406191719,-4.9934849230913e-19,6.2377015894071,3.49644440245e-19,-3.4964332856269e-19,-13.102916287642,-13.10290429727,8.2098138162408e-10,8.2098341172228e-10,-3.4964307739353e-19,3.4964374873234e-19,-8.2098196101994e-10,-8.2098276885821e-10,-13.102910714124,-13.102922704969,-4.7548907129315,5.8890354812475e-05,-1.7489406191723e-05,-137.18159384191,151.51386877093,329.01476875427,100000068.98606,-4.1369685529915e-14,0.0030363162324387,-0.0059340718287399,-292.33498828124,1.6122934075193e-05,-742.10435987973,647.48403351372
26.016500000001,5.6287345119184,1.8762453572955,6.0335355706646e-22,0.0014796099565382,1.7303812025301,6.9222394904143,-4.9935060393794e-18,-19.600726177506,-9.4526716360157e-19,7.6654504663496,6.6187724756699e-19,-6.6187518879439e-19,-16.102045021999,-16.102032671042,1.5102231177408e-09,1.5102268516856e-09,-6.618746999457e-19,6.6187594195087e-19,-1.5102241886535e-09,-1.5102256624232e-09,-16.102039346215,-16.102051697659,-5.8453130642826,6.6147975144816e-05,-1.960072617751e-05,-137.60523782583,151.39381391541,329.01476923883,100000069.45213,-4.172356911786e-14,0.0030983343632548,-0.0060346720600908,-295.96605741934,1.5823405033886e-05,-751.04693946409,655.27324634842
26.116500000001,7.3943002593415,2.4647673462517,1.1173242770085e-21,0.0014678767365377,1.7303600556314,6.9647931451823,-9.1364573741739e-18,-21.674280753003,-1.7622411278132e-18,9.1064991435935,1.2339234288721e-18,-1.2339196693539e-18,-19.129111255003,-19.129098686581,2.7351047902977e-09,2.7351115630693e-09,-1.2339187327218e-18,1.2339209989401e-18,-2.7351067408288e-09,-2.7351093951344e-09,-19.129105544129,-19.129118113047,-6.946019988726,7.3291519719638e-05,-2.1674280753007e-05,-138.04552555397,151.25648594275,329.01476977824,100000069.97026,-4.2028880448441e-14,0.0031607438896272,-0.0061352824128666,-299.5553025081,1.6144147861599e-05,-759.87985693108,662.96663032252
26.216500000001,9.3911730531726,3.1303916871559,2.0396000269304e-21,0.0014549670721414,1.7303391467568,7.0066155983767,-1.6482783955635e-17,-23.764459915562,-3.2378978117573e-18,10.54850585696,2.2671800620695e-18,-2.267173290661e-18,-22.158189896122,-22.158177177535,4.8820565553708e-09,4.882068676819e-09,-2.2671715222718e-18,2.2671756013205e-18,-4.8820600595154e-09,-4.8820647788078e-09,-22.158184182723,-22.158196901811,-8.0475200355585,8.0506435403675e-05,-2.3764459915567e-05,-138.5163906019,151.09587570975,329.01477037223,100000070.54035,-4.2285619521634e-14,0.0032235453516017,-0.0062359028891039,-303.10287140535,1.6796661060951e-05,-768.60370175338,670.56470980065
26.316500000001,11.627696652038,3.8758996327282,3.6712388522159e-21,0.0014408626723016,1.7303184807867,7.047712610779,-2.9329488777656e-17,-25.896763851558,-5.8665102666323e-18,11.985254016,4.1077377451164e-18,-4.1077257134159e-18,-25.176222382744,-25.17620954616,8.5946327934676e-09,8.5946542086369e-09,-4.1077224211077e-18,4.1077296643363e-18,-8.5946390065895e-09,-8.5946472912428e-09,-25.176216684045,-25.17622952113,-9.1450357077736,8.7879954407253e-05,-2.5896763851563e-05,-139.02774396401,150.9047478279,329.0147710216,100000071.16319,-4.2556236382561e-14,0.0032867469745863,-0.0063365334908403,-306.60819205455,1.7615139314147e-05,-777.21729347207,678.06646769601
26.416500000001,14.111310514575,4.703771002203,6.5176872504349e-21,0.0014255357949643,1.730298064635,7.0880858150184,-5.1488336000798e-17,-28.082406457359,-1.048536925153e-17,13.413189750129,7.3418684969319e-18,-7.341847403714e-18,-28.175743456066,-28.175730518358,1.4929664240549e-08,1.4929701601407e-08,-7.3418413566355e-18,7.3418540465386e-18,-1.4929675117892e-08,-1.4929689480513e-08,-28.175737782897,-28.175750721107,-10.235840078181,9.545057183131e-05,-2.8082406457365e-05,-139.58865342154,150.67417093493,329.01477172759,100000071.84002,-4.2778280986071e-14,0.0033503604745935,-0.0064371742201141,-310.07036889894,1.852314728468e-05,-785.71866013793,685.47019778819
26.516500000001,16.848537783331,5.6161801762041,1.1415175171786e-20,0.0014089544916876,1.7302779061372,7.1277349183509,-8.9194229867311e-17,-30.326553324257,-1.8492864332736e-17,14.829899174688,1.2948726412751e-17,-1.2948689921229e-17,-31.151682509421,-31.151669480614,2.5598768905563e-08,2.5598833287427e-08,-1.2948678959875e-17,1.2948700897059e-17,-2.5598787714359e-08,-2.5598812309553e-08,-31.151676869868,-31.151689899176,-11.318083889255,0.00010323612073889,-3.0326553324263e-05,-140.20883490502,150.39306014958,329.01477249168,100000072.57224,-4.3118286785861e-14,0.0034143991431043,-0.0065378250789633,-313.48836324001,1.9489838210458e-05,-794.10548279485,692.77389185599
26.616500000001,19.845266506222,6.6150898372101,1.9727169022795e-20,0.0013910847304159,1.730258013598,7.1666585946865,-1.5250057775825e-16,-32.632007919936,-3.2191932943129e-17,16.233500237841,2.2540831121915e-17,-2.2540768814614e-17,-34.10008610323,-34.100072989891,4.3336294091989e-08,4.3336403706284e-08,-2.2540749200279e-17,2.254078662409e-17,-4.3336326223966e-08,-4.3336367835814e-08,-34.100080504047,-34.100093617889,-12.390326810601,0.00011124637270767,-3.2632007919943e-05,-140.89994897054,150.04716111424,329.01477331545,100000073.36136,-4.3423598116042e-14,0.0034788770703433,-0.0066384860694275,-316.86106618576,2.0503642125263e-05,-802.37527503296,699.97539604545
26.716500000001,23.106918942323,7.7023074047701,3.3644775214122e-20,0.0013718912228564,1.7302383956161,7.2048548365787,-2.5738847312052e-16,-35.000633964622,-5.5322709131576e-17,17.622404348072,3.8737029106859e-17,-3.8736924093326e-17,-37.017617240261,-37.017604046878,7.2451462766557e-08,7.2451647192144e-08,-3.8736889437907e-17,3.8736952447687e-17,-7.2451517010145e-08,-7.2451586580229e-08,-37.017611687446,-37.01762488133,-13.451353750706,0.00011948790561345,-3.5000633964629e-05,-141.67680201065,149.61826216421,329.01477420051,100000074.20894,-4.3680337188812e-14,0.0035438088419122,-0.0067391571935472,-320.1873270615,2.15600077356e-05,-810.52545282488,707.0724716821
26.816500000001,26.638494665887,8.8794994034682,5.6638608675601e-20,0.0013513377772631,1.730219061008,7.2423211093026,-4.2890349415283e-16,-37.433850162133,-9.3875969695072e-17,18.995214941943,6.5732069706255e-17,-6.5731894975889e-17,-39.90134229723,-39.901329026871,1.1964445415008e-07,1.1964476084756e-07,-6.5731834505836e-17,6.5731939219882e-17,-1.1964454465647e-07,-1.1964465961746e-07,-39.901336796312,-39.90135006717,-14.50009679483,0.00012796579370418,-3.7433850162141e-05,-142.55855835829,149.08316006762,329.01477514856,100000075.11657,-4.3971770731015e-14,0.0036092094089579,-0.0068398384533623,-323.46596550653,2.2656689405265e-05,-818.55336418542,714.0628210948
26.916500000001,30.44454402046,10.148182614292,9.4127292321666e-20,0.0013293874918421,1.7302000187672,7.2790544372705,-7.0574472696114e-16,-39.932790384629,-1.5731630925596e-16,20.35067624359,1.1015307385102e-16,-1.1015278679892e-16,-42.748623389101,-42.74861004377,1.9519428852271e-07,1.9519479273322e-07,-1.1015268257788e-16,1.1015285436006e-16,-1.9519443780458e-07,-1.9519462559763e-07,-42.748617945298,-42.748631291127,-15.535595844342,0.00013668414981998,-3.9932790384638e-05,-143.57057634188,148.41268466452,329.0147761613,100000076.08589,-4.4270143167041e-14,0.0036750940164496,-0.0069405298509144,-326.69577808534,2.3792058108663e-05,-826.45630529916,720.94410165431
27.016500000001,34.529110778615,11.509704961182,1.5444991450557e-19,0.0013060028982354,1.7301812780324,7.3150514677709,-1.1468672482029e-15,-42.498351237093,-2.6039293005113e-16,21.687642330639,1.8232745138392e-16,-1.8232698572377e-16,-45.557053388984,-45.557039969873,3.1466145538805e-07,3.1466227498029e-07,-1.8232680827068e-16,1.8232708647256e-16,-3.1466169883399e-07,-3.1466200214141e-07,-45.557048007329,-45.557061426939,-16.556974890123,0.00014564628111833,-4.2498351237102e-05,-144.74731585156,147.56837754391,329.01477724048,100000077.11854,-4.4547698921284e-14,0.0037414781494322,-0.0070412313882448,-329.8755431724,2.4964503251576e-05,-834.23153235347,727.71393607023
27.116500000001,38.895661168655,12.965221853261,2.5025660478689e-19,0.0012811460919412,1.7301628480597,7.3503085271474,-1.8408214231043e-15,-45.131200899538,-4.2577839117986e-16,23.005056187661,2.9813055668029e-16,-2.9812981068768e-16,-48.324411927857,-48.324398435521,5.0129057459975e-07,5.0129189205024e-07,-2.9812951215922e-16,2.981299569705e-16,-5.012909671817e-07,-5.0129145161103e-07,-48.324406613289,-48.324420106118,-17.563425959192,0.00015485471209302,-4.5131200899549e-05,-146.13660953076,146.49667431871,329.01477838784,100000078.21621,-4.4783621312041e-14,0.0038083774837026,-0.0071419430673963,-333.00402537435,2.6172197378973e-05,-841.87627218154,734.36992164944
27.216500000001,43.547005350646,14.515670010208,4.0046251031107e-19,0.0012547788631033,1.7301447381931,7.3848216749433,-2.9187360094797e-15,-47.831772517774,-6.8785296342861e-16,24.301934745475,4.8163549882176e-16,-4.8163431852053e-16,-51.048633968144,-51.048620402646,7.8934769204207e-07,7.8934978655532e-07,-4.8163382225125e-16,4.8163452442175e-16,-7.8934831815228e-07,-7.8934908337288e-07,-51.048628725574,-51.048642291563,-18.554197652551,0.0001643111547305,-4.7831772517785e-05,-147.80640401423,145.12680315308,329.01477960516,100000079.38058,-4.5075054853973e-14,0.0038758078359804,-0.0072426648904115,-336.07997995151,2.7413026857982e-05,-849.3877328465,740.90963950098
27.316500000001,48.485213385341,16.161739451812,6.3294465530727e-19,0.0012268628336689,1.7301269578342,7.4185867584718,-4.57204794334e-15,-50.600249793595,-1.0980446401673e-15,25.57735799932,7.6885222426015e-16,-7.6885037977909e-16,-53.727786945377,-53.727773306397,1.2286817530166e-06,1.2286850468501e-06,-7.6884956445604e-16,7.688506588403e-16,-1.2286827407041e-06,-1.2286839363781e-06,-53.727781779753,-53.727795419219,-19.52858680871,0.00017401645194991,-5.0600249793607e-05,-149.85694843496,143.40291916078,329.01478089423,100000080.61334,-4.5331793926353e-14,0.0039437851113434,-0.0073433968593346,-339.10215744297,2.8684440878743e-05,-856.7631146685,747.33066412401
27.416500000001,53.711526661052,17.903843973676,9.8819609727715e-19,0.0011973596042741,1.7301095164097,7.4515994691839,-7.0762735722286e-15,-53.436547804083,-1.732240863135e-15,26.830461103013,1.2129172171096e-15,-1.2129143700072e-15,-56.360054161195,-56.360040448127,1.8908576433342e-06,1.8908627677388e-06,-1.2129130460619e-15,1.2129147301251e-15,-1.8908591846385e-06,-1.890861032912e-06,-56.360049077551,-56.3600627911,-20.485932446629,0.00018397050461863,-5.3436547804095e-05,-152.4403589844,141.27486308279,329.01478225682,100000081.91619,-4.5567716317006e-14,0.0040123252466951,-0.0074441389762092,-342.06930861079,2.9983399614819e-05,-863.9996219748,753.63057362291
27.516500000002,59.226265644332,19.742090397374,1.5241836712006e-18,0.0011662309130241,1.7300924233352,7.4838554017075,-1.0822279257998e-14,-56.340290639882,-2.7009035688728e-15,28.060428720507,1.8911760683741e-15,-1.8911717272811e-15,-58.943722918243,-58.943709130272,2.8772644439838e-06,2.8772723318332e-06,-1.8911696021697e-15,1.8911721607562e-15,-2.8772668235937e-06,-2.8772696504337e-06,-58.943717921741,-58.94373171019,-21.425611437183,0.00019417218752943,-5.6340290639895e-05,-155.79766923849,137.23417363537,329.01478369472,100000083.29082,-4.5879966540612e-14,0.0040814441494396,-0.0075448912430808,-344.98018977692,3.130639794617e-05,-871.09447575129,759.80696070485
27.616500000002,65.02873499666,21.676246942697,2.3226789914763e-18,0.0011334388076171,1.7300756879771,7.51535011614,-1.6356609523203e-14,-59.310786938195,-4.1626367534992e-15,29.266491136085,2.914683503511e-15,-2.9146769650393e-15,-61.477176349273,-61.477162485439,4.3296506257175e-06,4.3296626399001e-06,-2.9146735929036e-15,2.9146774306555e-15,-4.3296542608205e-06,-4.329658539102e-06,-61.477171445243,-61.477185309549,-22.347035520941,0.00020461925799938,-5.931078693821e-05,-160.33280950698,122.6288279923,329.01478520969,100000084.73891,-4.6178338976451e-14,0.0041511576308283,-0.0076456536619943,-347.83356860256,3.2649286265204e-05,-878.04492731459,765.85744456298
27.716500000002,71.117127360813,23.705711156422,3.4973400861712e-18,0.0010989458317255,1.7300593196098,7.546079203965,-2.443242481023e-14,-62.347004183462,-6.3420636712727e-15,30.447921763358,4.440721021984e-15,-4.4407112935375e-15,-63.958888184549,-63.95887424381,6.4435689750005e-06,6.4435870840026e-06,-4.4407060032687e-15,4.4407116860438e-15,-6.4435744699502e-06,-6.4435808779035e-06,-63.958883378516,-63.958897319724,-23.249649396596,0.00021530826009001,-6.2347004183478e-05,-76.84524942539,25.94486106116,329.01478680347,100000086.26211,-4.6442016942849e-14,0.00422148133362,-0.0077464262349959,-350.62823033998,3.4007355701112e-05,-884.84827307777,771.77968370948
27.816500000002,77.488427406035,25.829477927363,5.2038043632734e-18,0.0010627152260802,1.7300433273705,7.5760383577891,-3.6072437509166e-14,-65.447542572915,-9.5529525239968e-15,31.604035785067,6.6889895381704e-15,-6.6889752392122e-15,-66.387419894632,-66.387405875918,9.4852170814346e-06,9.4852440962132e-06,-6.6889670331442e-15,6.6889753394989e-15,-9.4852253017192e-06,-9.4852348011563e-06,-66.387415192356,-66.387429211538,-24.132929674817,0.00022623442722064,-6.5447542572931e-05,83.969893202456,-99.466467025877,329.01478847777,100000087.86204,-4.6747328272797e-14,0.0042924306538858,-0.0078472089641326,-353.36298457275,3.53752117779e-05,-891.50187044594,777.5713897895
27.916500000002,84.138318015422,28.04610821549,7.6520028731557e-18,0.0010247111442599,1.7300277202104,7.605223444939,-5.2644859682709e-14,-68.610609231542,-1.4227563687681e-14,32.734189717903,9.9621583525601e-15,-9.9621375911469e-15,-68.76141977627,-68.761405678521,1.381212149299e-05,1.3812161382122e-05,-9.9621250044669e-15,9.9621369877047e-15,-1.3812133663927e-05,-1.3812147603498e-05,-68.761415183762,-68.761429281974,-24.996384539956,0.00023739158593348,-6.8610609231559e-05,101.47925601559,-86.006796082695,329.01479023426,100000089.54029,-4.699018955779e-14,0.0043640206569588,-0.0079480018514514,-356.03667244412,3.6746780219208e-05,-898.00315484082,783.23034237524
28.016500000002,91.061090795128,30.353699221678,1.1120811386411e-17,0.00098489888273535,1.7300125068417,7.6336305847977,-7.5952737304419e-14,-71.833993587045,-2.0953152536702e-14,33.837781738727,1.4671424484272e-14,-1.4671394706403e-14,-71.079623637655,-71.079609459869,1.9898021603945e-05,1.9898079907115e-05,-1.4671375614978e-14,1.467139267516e-14,-1.9898039440522e-05,-1.989805969015e-05,-71.079619161203,-71.079633339447,-25.839553994388,0.00024877206368764,-7.1833993587064e-05,118.3148265201,-68.468752189383,329.01479207456,100000091.29839,-4.7274684206454e-14,0.0044362659876882,-0.0080488048990006,-358.64817435845,3.8115332792886e-05,-904.34965781723,788.75440470816
28.116500000002,98.249563368104,32.749856818879,1.5975007516381e-17,0.00094324512425009,1.7299976956826,7.6612562296105,-1.0833610423258e-13,-75.115044758046,-3.0516421489317e-14,34.914252637284,2.1367638062325e-14,-2.1367595873118e-14,-73.340856799721,-73.34084254099,2.8362150034195e-05,2.8362234397005e-05,-2.1367567234761e-14,2.1367591198462e-14,-2.8362175909453e-05,-2.8362205032876e-05,-73.340852445909,-73.340866705094,-26.662010582276,0.00026036660373354,-7.5115044758065e-05,103.71184234487,-52.988025875349,329.01479400023,100000093.13781,-4.7566117749349e-14,0.0045091807753599,-0.0081496181088287,-361.19641812473,3.9473443209358e-05,-910.53902619741,794.14154032462
28.216500000002,105.69500615754,35.231671146681,2.2684300266408e-17,0.00089971819311979,1.7299832947986,7.6880972483207,-1.5278512804997e-13,-78.4506518488,-4.395644482539e-14,35.963087279503,3.0778360367926e-14,-3.0778301325982e-14,-75.544037169962,-75.544022829504,4.0002869290824e-05,4.0002990146502e-05,-3.077825883747e-14,3.077829204061e-14,-4.0002906450999e-05,-4.0002947924085e-05,-75.544032945687,-75.544047286592,-27.463360504107,0.00027216429028217,-7.845065184882e-05,90.560481563698,-44.461671164152,329.01479601273,100000095.05995,-4.7829795717046e-14,0.0045827785338089,-0.0082504414829846,-363.68038749427,4.0813016877758e-05,-916.5690421084,799.38983046515
28.316500000002,113.38708158407,37.795696343666,3.1843939852492e-17,0.0008542883205163,1.7299693118417,7.7141510128359,-2.1306085797692e-13,-81.837228094081,-6.2626165956085e-14,36.983816477869,4.3850924325225e-14,-4.3850842714784e-14,-77.688179171361,-77.688164748545,5.5835304387807e-05,5.5835475813397e-05,-4.3850780364343e-14,4.3850825730195e-14,-5.5835357223148e-05,-5.5835415706103e-05,-77.68817508384,-77.688189507095,-28.243245042861,0.000284152487381,-8.1837228094102e-05,80.321029525701,-28.180002819943,329.01479811347,100000097.06612,-4.8142045942599e-14,0.004657072057485,-0.0083512750235186,-366.09913102765,4.212537105821e-05,-922.43764376801,804.49749213339
28.416500000002,121.31379871973,40.437935432028,4.4196110041767e-17,0.0008069279172598,1.729955753988,7.7394154859505,-2.9381838729499e-13,-85.270699810044,-8.8261973990937e-14,37.97601917288,6.1801152134668e-14,-6.1801040724901e-14,-79.772398324759,-79.772383819139,7.7132209820355e-05,7.713245059572e-05,-6.1800950217603e-14,6.1801011317813e-14,-7.7132284200802e-05,-7.7132365872459e-05,-79.772394381545,-79.772408887593,-29.001342228458,0.00029631679496955,-8.5270699810066e-05,72.974430747672,-20.834956181361,329.01480030374,100000099.15755,-4.8412662805385e-14,0.0047320733144089,-0.0084521187324804,-368.45177120757,4.3401218956818e-05,-928.14294682112,809.46289663179
28.516500000002,129.46148650166,43.153831388849,6.0650970565157e-17,0.00075761185110131,1.7299426278732,7.7638893099801,-4.0072532832007e-13,-88.746501117655,-1.2306010404595e-13,38.939324833764,8.6166850908791e-14,-8.6166700715034e-14,-81.795916291825,-81.795901703162,0.00010546683872162,0.00010546717361906,-8.6166570747204e-14,8.6166651828447e-14,-0.00010546694240637,-0.00010546705536846,-81.795912500811,-81.795927089897,-29.737368670314,0.00030864102564023,-8.8746501117678e-05,67.718442385483,-18.082757929688,329.01480258471,100000101.33533,-4.8676340775072e-14,0.0048077933371967,-0.0085529726119219,-370.73751369606,4.4630818014567e-05,-933.68326598587,814.2845883656
28.616500000002,137.81478853725,45.938265414477,8.2305881567285e-17,0.00070631772493957,1.729929939529,7.7875718950007,-5.4056664222654e-13,-92.259575367875,-1.6975769319848e-13,39.873415988763,1.188645682097e-13,-1.1886436827863e-13,-83.758066190186,-83.758051518466,0.00014275606577257,0.00014275652710187,-1.1886418363679e-13,1.1886428958981e-13,-0.00014275620890158,-0.0001427563636599,-83.75806255961,-83.758077231748,-30.451081489489,0.00032110720551062,-9.2259575367899e-05,63.836458619342,-16.596802376039,329.01480495744,100000103.60047,-4.9064918836006e-14,0.0048842421135224,-0.0086538366638938,-372.95565661628,4.5804036611813e-05,-939.0571367272,818.9613036692
28.716500000002,146.35668233811,48.785563343849,1.1046104314737e-16,0.00065302615191111,1.7299176943187,7.8104635054245,-7.2132529344621e-13,-95.804384128635,-2.3171530513329e-13,40.778030796045,1.6224737597992e-13,-1.6224711322773e-13,-85.658297993893,-85.658283239336,0.00019130148957869,0.0001913021190078,-1.6224685368941e-13,1.6224698993027e-13,-0.0001913016852527,-0.00019130189528056,-85.658294532332,-85.658309287299,-31.142280282477,0.00033369560237698,-9.580438412866e-05,60.857987622247,-15.654319923023,329.01480742285,100000105.95382,-4.927308565661e-14,0.0049614284775936,-0.0087547108904493,-375.1055997223,4.6910504252716e-05,-944.26333663505,823.49198937462
28.816500000002,155.06852548586,51.689511035102,1.4662956537479e-16,0.00059772102284171,1.7299058968755,7.8325653435134,-9.5222716569402e-13,-99.374924483549,-3.1299668168173e-13,41.652965566712,2.1916071275514e-13,-2.1916037189656e-13,-87.496183833267,-87.496168996349,0.0002538257525411,0.00025382660320423,-2.1916001091302e-13,2.1916018313999e-13,-0.00025382601749401,-0.00025382629988073,-87.496180549637,-87.496195386954,-31.810809049034,0.0003463847839332,-9.9374924483575e-05,58.490381464947,-14.990978037339,329.01480998169,100000108.39609,-4.9536763629843e-14,0.0050393600043952,-0.0088555952936409,-377.18685330567,4.7939703878931e-05,-949.30090615055,827.87582081202
28.916500000002,163.93013072679,54.643379401152,1.9253989472625e-16,0.00054038976116893,1.7298945510425,7.8538796283142,-1.2437384448515e-12,-102.96475522468,-4.1844048429449e-13,42.498077152017,2.9299261723399e-13,-2.9299218084714e-13,-89.271423009501,-89.271408090957,0.0003335009234672,0.00033350206236198,-2.9299168399424e-13,2.9299189777715e-13,-0.0003335012788315,-0.00033350165501536,-89.271419913043,-89.271434831978,-32.456558016872,0.00035915170824539,-0.0001029647552247,56.549133118076,-14.486975610491,329.01481263457,100000110.92783,-4.9821258286439e-14,0.0051180429086028,-0.0089564898755221,-379.19904667358,4.8881257322824e-05,-954.16916825319,832.11221890615
29.016500000002,172.91987134538,57.63995953414,2.5012860498123e-16,0.00048102356018115,1.7298836598173,7.8744096684254,-1.6075044719626e-12,-106.56703231747,-5.5371796855522e-13,43.313285108255,3.877141121605e-13,-3.8771356093949e-13,-90.983846542227,-90.983831543056,0.00043396555124442,0.00043396706190533,-3.8771288413127e-13,3.877131442852e-13,-0.00043396602340527,-0.00043396651998675,-90.983843642496,-90.98385864205,-33.079465297125,0.00037197184794194,-0.0001065670323175,54.914583652112,-14.080893385715,329.01481538192,100000113.54944,-5.0029425112036e-14,0.0051974819501721,-0.0090573946381472,-381.14193602602,4.9724969756657e-05,-958.86774670244,836.20086601531
29.116500000002,182.01481736916,60.671608107246,3.2152184653903e-16,0.00041961759728539,1.7298732253011,7.8941599269766,-2.0562210534188e-12,-110.17455376537,-7.2537001574515e-13,44.098573555859,5.0790513400145e-13,-5.0790444725362e-13,-92.633421074751,-92.63340599622,0.0005593269754128,0.00055932896083207,-5.0790353472399e-13,5.0790384441568e-13,-0.00055932759694141,-0.0005593282465673,-92.633418381606,-92.633433460507,-33.679518306805,0.00038481934867875,-0.0001101745537654,53.506496140689,-13.738226906367,329.01481822397,100000116.26112,-5.0362492030171e-14,0.0052776803486815,-0.0091583095835709,-383.01541155418,5.0461130897911e-05,-963.39658241832,840.14172015199
29.216500000002,191.19090219814,63.730302917662,4.0900425170989e-16,0.00035617122002659,1.7298632486541,7.9131360771979,-2.603432427331e-12,-113.77981369158,-9.408168487477e-13,44.853992653305,6.5876133617512e-13,-6.5876049262036e-13,-94.220251970138,-94.220236813779,0.00071414571977926,0.00071414830552881,-6.587592746927e-13,6.587596342281e-13,-0.00071414653043052,-0.00071414737273434,-94.220249493715,-94.220264650429,-34.256754897558,0.00039766722132181,-0.00011377981369161,52.269535204423,-13.438306938687,329.01482116079,100000119.06291,-5.060535333019e-14,0.0053586397084679,-0.0092592347138486,-384.81950358248,5.1080716014384e-05,-967.75594758459,843.93502722357
29.316500000002,200.42311825854,66.807708104718,5.1497480453519e-16,0.00029068809879321,1.729853730059,7.9313450470533,-3.2632544262653e-12,-117.37506515834,-1.2083341860917e-12,45.579659613526,8.4607739222934e-13,-8.4607637115587e-13,-95.744585446293,-95.744570213897,0.00090339932833735,0.00090340266582526,-8.4607476183584e-13,8.46075167081e-13,-0.00090340037608961,-0.00090340145866884,-95.744583196982,-95.74459842972,-34.811264135437,0.00041048756621097,-0.00011737506515837,51.164317837583,-13.16824972643,329.01482419222,100000121.95465,-5.0882909102769e-14,0.0054403599565696,-0.0093601700310364,-386.5543875851,5.1575524444979e-05,-971.94645707984,847.58133094986
29.416500000002,209.68573915796,69.895248201461,6.4189006368555e-16,0.000223176341516,1.7298446686917,7.9487950515182,-4.0500265885456e-12,-120.95239088212,-1.5369906003059e-12,46.275759198912,1.0762031342284e-12,-1.0762019170536e-12,-97.206809615764,-97.206794309363,0.0011324238330918,0.0011324281028666,-1.0761998114959e-12,1.0762002518936e-12,-0.0011324251752007,-0.0011324265546047,-97.206807604177,-97.206822910903,-35.343186682809,0.00042325182655481,-0.00012095239088215,50.162278791768,-12.919633918418,329.0148273179,100000124.93597,-5.1146587091039e-14,0.0055228392953043,-0.009461115537191,-388.22038791875,5.1938477180195e-05,-975.96907686801,851.08148013801
29.516500000002,218.95256475711,72.98418982542,7.9219611080122e-16,0.0001536485662779,1.7298360627029,7.9654956112866,-4.9779026499254e-12,-124.50378068471,-1.9365424541773e-12,46.942543642232,1.3559699871287e-12,-1.3559685593982e-12,-98.607454319622,-98.607438941476,0.0014068321447089,0.0014068375597093,-1.3559658313175e-12,1.3559662874724e-12,-0.0014068338487411,-0.0014068355914403,-98.607452556561,-98.607467935009,-35.852714742069,0.00043593106684343,-0.00012450378068474,49.242306143586,-12.686796814676,329.01483053727,100000128.00633,-5.1375570613775e-14,0.0056060741711224,-0.0095620712343694,-389.81798013559,5.2163746837589e-05,-979.82512903078,854.43663303842
29.616500000002,228.19718450708,76.065729457647,9.6825159595282e-16,8.2121928676453e-05,1.729827909209,7.9814575569224,-6.0603944716434e-12,-128.02121418189,-2.41728493633e-12,47.58033195354,1.6925866638279e-12,-1.6925850176701e-12,-99.947189671538,-99.947174224131,0.0017324099706917,0.0017324167793241,-1.6925815167813e-12,1.6925819576047e-12,-0.0017324121155011,-0.0017324142988024,-99.947188167967,-99.947203615654,-36.340091530578,0.00044849627092598,-0.00012802121418192,48.388419528309,-12.465892998364,329.01483384956,100000131.16496,-5.1701698655711e-14,0.0056900592610511,-0.0096630371246297,-391.34779176284,5.2246914223155e-05,-983.5162931805,857.6482585551
29.716500000002,237.39325353638,79.131085471857,1.1722451660873e-15,8.6181162981995e-06,1.729820204294,7.9966930177863,-7.3098894537992e-12,-131.49674696147,-2.989860284366e-12,48.189508588143,2.0935048828647e-12,-2.0935030198936e-12,-101.22682325972,-101.22680774573,0.0021149913036905,0.0021149997926042,-2.0934985694782e-12,2.0934989489107e-12,-0.0021149939802929,-0.0021149966931653,-101.22682202672,-101.22683754097,-36.805610267659,0.00046091865347573,-0.0001314967469615,47.588430322834,-12.254276614934,329.01483725378,100000134.4109,-5.198619333934e-14,0.0057747874777185,-0.0097640132100304,-392.81060147006,5.218518875606e-05,-987.0446040711,860.71813415206
29.816500000002,246.51477519017,82.171592314112,1.4061112887797e-15,6.6836809932868e-05,1.7298129430227,8.0112153953933,-8.7371652750446e-12,-134.92259825201,-3.6650270881448e-12,48.770521466918,2.5662578343489e-12,-2.5662557689792e-12,-102.44729598836,-102.44728041064,0.0025603169733066,0.0025603274697369,-2.5662501636875e-12,2.566250417039e-12,-0.0025603202856122,-0.0025603236293839,-102.44729503711,-102.44731061506,-37.249612666894,0.00047316997763623,-0.00013492259825204,46.83282493244,-12.049992204082,329.01484074873,100000137.74301,-5.2284565816556e-14,0.0058602499935187,-0.0098649994926304,-394.20733657936,5.1977436477289e-05,-990.4124453065,863.64834036814
29.916500000002,255.53638327459,85.178794584335,1.6714489332287e-15,0.00014421234196733,1.7298061194657,8.0250393212356,-1.0350927915272e-11,-138.29123796671,-4.4533973804231e-12,49.323879356846,3.118276090518e-12,-3.1182738536327e-12,-103.6096765752,-103.60966093674,0.0030738810946815,0.0030738939682287,-3.1182668576319e-12,3.1182668976076e-12,-0.0030738851600396,-0.0030738892489319,-103.6096759169,-103.60969155556,-37.672486939618,0.00048522287119229,-0.00013829123796674,46.114230164752,-11.851711327195,329.01484433303,100000141.15994,-5.2541304936807e-14,0.0059464362840209,-0.0099659959744899,-395.53906891394,5.1624233595993e-05,-993.62253913983,866.44125193525
30.016500000002,242.59338980485,80.864454423555,1.8358763581745e-15,0.00022282117227162,1.7298072631247,8.0248748298077,-1.1370073822132e-11,-130.05716096504,-5.3540651534706e-12,49.790192104238,3.74892319301e-12,-3.7489229189607e-12,-104.58921000036,-104.58919433044,0.0036541408943122,0.003654155251875,-3.7489122039393e-12,3.7489139986617e-12,-0.0036541458342476,-0.0036541495103139,-104.58920993936,-104.58922560878,-38.032683887846,0.00045478190315701,-0.0001300571609638,127.82677088746,-175.68186793767,329.01484800509,100000144.63134,-5.2860494108654e-14,0.0060139357767659,-0.010033669324333,-395.50717518657,0.0012050482634276,-993.50537693826,866.3382874446
30.116500000002,150.38841669486,50.129471981255,8.5520585327736e-16,0.00027695722005485,1.7298430956716,7.9645437005838,-5.375275988935e-12,-83.464602249236,-5.6469017382922e-12,48.096250332171,3.9539657782354e-12,-3.9539677817811e-12,-101.03091661653,-101.03090135075,0.0038525096807851,0.0038525237651469,-3.9539542838871e-12,3.9539579825968e-12,-0.0038525149618718,-0.0038525176223684,-101.03091666595,-101.03093193181,-36.753134736905,0.00028977568283336,-8.3464602249137e-05,47.247987670906,-15.765011586767,329.01485064145,100000147.02201,-5.3096416540908e-14,0.0059773544662331,-0.0099326660078169,-389.71377429233,-0.00022283217034607,-979.53466954378,854.18179357838
30.216500000002,124.39272791906,41.464242039376,4.1700641432547e-16,0.00032042548398555,1.7298765089194,7.9075622838314,-2.6581203579926e-12,-72.280033541556,-5.3879673223177e-12,45.938393966349,3.7726598600408e-12,-3.772661742918e-12,-96.498125309266,-96.498110191182,0.0036913985235625,0.0036914122428901,-3.7726489587277e-12,3.7726521797274e-12,-0.0036914036217776,-0.0036914063103561,-96.498125517395,-96.498140635584,-35.105227027197,0.00025024824722751,-7.2280033541503e-05,45.995120515395,-13.694852654797,329.0148526894,100000148.94158,-5.3443361272341e-14,0.0059366261885572,-0.0098316728919409,-384.27651513202,-0.00012294753259753,-966.4050959974,842.75755771935
30.316500000002,105.15262123494,35.050873068434,2.0615268461128e-16,0.00035869237283181,1.7299087284802,7.8520379208273,-1.3323279241958e-12,-64.077035006206,-4.9185540265938e-12,43.804311567518,3.4439763210496e-12,-3.4439780283467e-12,-92.015273784342,-92.015258745041,0.0033848926733159,0.0033849053819738,-3.443966413369e-12,3.4439691754661e-12,-0.0033848973693653,-0.0033848999160256,-92.015274188466,-92.015289227867,-33.474759064849,0.00022131650774492,-6.4077035006165e-05,45.498625032734,-13.298684411895,329.01485448797,100000150.63145,-5.367928369908e-14,0.0058938450456526,-0.0097306899746441,-379.01254772212,-9.8816367009389e-05,-953.67916652599,831.68381112671
30.416500000002,89.148722047881,29.716239997216,1.0290736700803e-16,0.00039270467199474,1.7299399690227,7.7976591598681,-6.7418370461313e-13,-57.034276431038,-4.3906458688511e-12,41.723271309783,3.074334554978e-12,-3.0743360815805e-12,-87.643842703709,-87.643827741994,0.0030329392158002,0.0030329506728636,-3.0743257386628e-12,3.0743281076473e-12,-0.0030329434356052,-0.0030329457604355,-87.643843293766,-87.643858255575,-31.884777819343,0.00019653385555842,-5.7034276431006e-05,45.123026051201,-13.062842924098,329.01485608592,100000152.13343,-5.3949900592953e-14,0.0058493774419475,-0.0096297172538674,-373.89006271284,-8.3833226607714e-05,-941.28147780633,820.89505933107
30.516500000002,75.59037521636,25.19679106801,5.1763846317932e-17,0.00042300365096604,1.7299703539583,7.7442530319533,-3.4371956198437e-13,-50.832931434524,-3.8723255960573e-12,39.693602294673,2.7114062034653e-12,-2.7114075554551e-12,-83.380322152874,-83.380307280561,0.0026826279497444,0.0026826381218312,-2.711398445228e-12,2.7114004817297e-12,-0.0026826316890458,-0.0026826337683116,-83.380322912376,-83.380337784779,-30.334061598936,0.00017476215043943,-5.0832931434498e-05,44.80359473569,-12.875149582202,329.01485750921,100000153.47143,-5.428296752969e-14,0.0058034338712996,-0.0095287547275518,-368.89093559733,-7.2203216412749e-05,-929.16923948124,810.35411651908
30.616500000002,64.025850200773,21.341949422574,2.6196305312638e-17,0.00045001433266446,1.7299999803101,7.6916839863093,-1.7628413171406e-13,-45.318931340132,-3.3921585486567e-12,37.711591757164,2.3751927642034e-12,-2.375193953553e-12,-79.216913077935,-79.216898309534,0.0023549803784583,0.0023549893293783,-2.3751859784605e-12,2.3751877333848e-12,-0.0023549836649977,-0.0023549855027247,-79.216913991201,-79.216928759689,-28.819774300385,0.00015544781926192,-4.5318931340111e-05,44.525031427859,-12.717098203848,329.014858778,100000154.66422,-5.4574401100897e-14,0.005756179779033,-0.009427802393639,-364.00094092732,-6.2772311350056e-05,-917.30889646642,800.03182103392
30.716500000002,54.120214406082,18.04007085773,1.3320119775148e-17,0.00047408990529329,1.73002892872,7.6398389511512,-9.0831710710156e-14,-40.382252670324,-2.9600263036306e-12,35.774052315594,2.0726133358936e-12,-2.0726143773813e-12,-75.146920048304,-75.14690539935,0.0020581013523786,0.0020581091866919,-2.0726074208382e-12,2.0726089361798e-12,-0.002058104226852,-0.0020581058396707,-75.146921101312,-75.146935750353,-27.339476460994,0.00013819528516038,-4.0382252670307e-05,44.279282728933,-12.581499120736,329.01485990897,100000155.7274,-5.4872773564042e-14,0.0057077526562382,-0.0093268602500708,-359.20825707485,-5.4984539668825e-05,-905.67256770218,789.90394211279
30.816500000002,45.611642970376,15.203880416763,6.7972363406127e-18,0.00049552950881925,1.7300572674856,7.5886216174047,-4.6966509178981e-14,-35.93775531953,-2.577118183492e-12,33.878481852716,1.80450068734e-12,-1.8045015965347e-12,-71.165087102188,-71.165072589065,0.0017937761475928,0.0017937829822833,-1.8044955411265e-12,1.8044968516068e-12,-0.0017937786541704,-0.0017937800635505,-71.165088282345,-71.165102795556,-25.891252219103,0.00012269863487646,-3.5937755319516e-05,44.06063698403,-12.463784076689,329.01486091625,100000156.67417,-5.511563487415e-14,0.0056582689334875,-0.0092259282947905,-354.50287021127,-4.8465914343616e-05,-894.23663410396,779.94995275491
30.916500000002,38.291232707895,12.76374370264,3.4775726216171e-18,0.00051458988913391,1.7300850552118,7.5379487416331,-2.4346553291654e-14,-31.91806093947,-2.2407652205333e-12,32.023000394241,1.5689860063893e-12,-1.5689867984621e-12,-67.267465153122,-67.267450793189,0.0015608085768645,0.0015608145275339,-1.5689815339729e-12,1.5689826685458e-12,-0.001560810758621,-0.0015608119869827,-67.267466448924,-67.267480808943,-24.473661437475,0.00010871594454701,-3.1918060939459e-05,43.864852576002,-12.360712329315,329.01486181192,100000157.51587,-5.5448701803319e-14,0.005607828507263,-0.0091250065257418,-349.87618415099,-4.2944119925341e-05,-882.98081602407,770.15222791965
31.016500000002,31.989848582268,10.663282368693,1.7821788922503e-18,0.00053149402256488,1.7301123427739,7.4877474101349,-1.2641665608521e-14,-28.269231811069,-1.9467793698937e-12,30.206287378657,1.3631368204482e-12,-1.3631375095473e-12,-63.451280218531,-63.451266030316,0.0013567121045977,0.0013567172791542,-1.363132936042e-12,1.3631339190813e-12,-0.0013567140014664,-0.001356715070313,-63.45128161923,-63.45129580753,-23.085691662447,9.6053648195958e-05,-2.826923181106e-05,43.688572491012,-12.269822480495,329.01486260648,100000158.26235,-5.5747074261417e-14,0.0055565180897984,-0.0090240949408688,-345.32073154962,-3.8215064371174e-05,-871.8874905958,760.49545120153
31.116500000002,26.568791999317,8.8562635493333,9.1412781302683e-19,0.00054643773832019,1.7301391748225,7.4379529299616,-6.5696891248351e-15,-24.947768245812,-1.6905722371706e-12,28.427540055618,1.1837403312733e-12,-1.1837409302492e-12,-59.714846031034,-59.714832034483,0.0011785594242389,0.0011785639204283,-1.1837369587836e-12,1.1837378109793e-12,-0.0011785610722529,-0.0011785620013542,-59.714847526366,-59.714861523,-21.726726197777,8.4555669544508e-05,-2.4947768245805e-05,43.529224752954,-12.189239237548,329.01486330916,100000158.92227,-5.6038507824116e-14,0.0055044137797466,-0.0089231935381165,-340.82995203539,-3.4122775806824e-05,-860.94116717008,750.96615889998
31.216500000002,21.912973049092,7.3043239406484,4.6894465305279e-19,0.00055959491705958,1.7301655909656,7.3885071625441,-3.4146312105723e-15,-21.918440113393,-1.467672796677e-12,26.686451722599,1.0276659221066e-12,-1.0276664424417e-12,-56.057518322094,-56.057504538845,0.0010233991766249,0.0010234030814941,-1.0276629946765e-12,1.027663733707e-12,-0.0010234006078003,-0.0010234014149148,-56.057519902018,-56.057533685349,-20.396527352186,7.4095569536101e-05,-2.1918440113387e-05,43.384747608915,-12.117524653029,329.0148639281,100000159.50329,-5.6364635854938e-14,0.0054515830780632,-0.00882230231543,-336.39801793733,-3.0546092318539e-05,-850.12807503701,741.55238166918
31.316500000002,17.925810847949,5.9752699143013,2.4043412403806e-19,0.00057112165028837,1.7301916267112,7.3393571777197,-1.7738132766896e-15,-19.15269080128,-1.2739489823518e-12,24.983206776285,8.9202031599401e-13,-8.920207678415e-13,-52.479684426715,-52.479670880412,0.00088844965283138,0.00088845304312625,-8.9201777519375e-13,8.9201841623784e-13,-0.00088845089535631,-0.0008884515962222,-52.479686081186,-52.479699627569,-19.095232551182,6.4570760508954e-05,-1.9152690801276e-05,43.253531364791,-12.053538406084,329.01486447063,100000160.0123,-5.6621374945351e-14,0.0053980864985113,-0.0087214212707552,-332.01969474419,-2.7389435542845e-05,-839.43583298289,732.24335728219
31.416500000002,14.525354342047,4.841784452007,1.2312544468773e-19,0.00058115962853724,1.7302173142346,7.29045414297,-9.2036471460092e-16,-16.627443605132,-1.1056845695838e-12,23.318489845673,7.7420140857881e-13,-7.7420180085673e-13,-48.982782468236,-48.98276918486,0.00077117819197621,0.00077118113495153,-7.7419920349726e-13,7.7419975963304e-13,-0.00077117927053188,-0.00077117987898477,-48.982784186981,-48.982797470434,-17.823361223605,5.5898170150839e-05,-1.6627443605129e-05,43.13428140867,-11.996382345971,329.0148649434,100000160.45558,-5.6898930716175e-14,0.0053439788768758,-0.0086205504020392,-327.690227327,-2.457641769361e-05,-828.85317947717,723.02929607849
31.516500000002,11.641278769882,3.8804259663157,6.2936933001526e-20,0.00058983894706293,1.7302426830114,7.2417523878742,-4.7668792380732e-16,-14.324191037637,-9.595869628187e-13,21.693506279073,6.7190372101694e-13,-6.7190406152485e-13,-45.569344393143,-45.56933140135,0.00066932291526978,0.00066932546964483,-6.7190180737082e-13,6.7190228989341e-13,-0.00066932385139368,-0.00066932437953685,-45.569346165449,-45.569359157319,-16.581830381032,4.801092226558e-05,-1.4324191037634e-05,43.025953999443,-11.945357832615,329.0148653525,100000160.83886,-5.714179201621e-14,0.0052893104522714,-0.0085196897072291,-323.40524561084,-2.2045295836359e-05,-818.36974856413,713.90118612305
31.616500000002,9.2125190383073,3.0708394259311,3.2092636063193e-20,0.00059728046007104,1.7302677603473,7.1932086024326,-2.4630409557952e-16,-12.228276878562,-8.3276368419364e-13,20.110010587758,5.83101937303e-13,-5.8310223284324e-13,-42.24305571964,-42.243043051071,0.00058088636615993,0.00058088858308404,-5.831002766122e-13,5.8310069529279e-13,-0.00058088717860682,-0.00058088763699599,-42.243057534149,-42.243070202792,-15.371976302102,4.0855709072346e-05,-1.2228276878559e-05,42.927777577798,-11.89991154267,329.01486570357,100000161.16747,-5.7433225572317e-14,0.0052341277715601,-0.0084188391842728,-319.16068531504,-1.9745876973696e-05,-807.97588112934,704.85062909948
31.716500000002,7.1853735675766,2.3951243040434,1.6314975904106e-20,0.00060359776890254,1.7302925718237,7.1447811431352,-1.2688687461918e-16,-10.328296740809,-7.2268634760441e-13,18.570337916234,5.0602567887486e-13,-5.0602593536935e-13,-39.008821643932,-39.008809333454,0.00050411644644528,0.00050411837041019,-5.0602423772107e-13,5.0602460102174e-13,-0.00050411715152548,-0.00050411754934937,-39.008823488458,-39.008835799006,-14.195578569587,3.4390589709119e-05,-1.0328296740807e-05,42.839123877448,-11.859597890994,329.01486600192,100000161.44644,-5.7759353596725e-14,0.00517847445047,-0.0083179988311189,-314.95272091498,-1.7637366352627e-05,-797.66246486854,695.8697011411
31.816500000002,5.5119642523092,1.8373212319546,8.2639470920581e-21,0.0006088988901747,1.7303171416698,7.0964294345263,-6.5134831232692e-17,-8.6155500537864,-6.271513015355e-13,17.077431042087,4.3913194667984e-13,-4.3913216927808e-13,-35.872823755977,-35.872811841783,0.00043748257369326,0.00043748424336517,-4.3913069605026e-13,4.3913101130467e-13,-0.00043748318557965,-0.00043748353082761,-35.872825617355,-35.872837531617,-13.0548807548,2.8582978729518e-05,-8.615550053785e-06,42.759539861266,-11.824091315111,329.01486625258,100000161.68054,-5.8016092680858e-14,0.0051223918099908,-0.0082171686457167,-310.77770931375,-1.5687065507654e-05,-787.42079949209,686.95083559116
31.916500000002,4.1489787206661,1.3829927521449,4.1681563839989e-21,0.00061328761275522,1.7303414930651,7.0481134679221,-3.3296757862848e-17,-7.0834787256637,-5.4424126961005e-13,15.634851736741,3.8107826184452e-13,-3.8107845502101e-13,-32.842543903797,-32.842532427236,0.00037965104761473,0.00037965249657844,-3.8107717655585e-13,3.8107745012271e-13,-0.00037965157861668,-0.00037965187823013,-32.842545767784,-32.842557244408,-11.952599246755,2.3407601616656e-05,-7.0834787256627e-06,42.68867267068,-11.793137860949,329.01486646041,100000161.87435,-5.8279770657674e-14,0.005065919392738,-0.0081163486260154,-306.63214397287,-1.3869905338207e-05,-777.24248675781,678.08672734708
32.016500000002,3.0566554506019,1.0188850236825,2.0921130904133e-21,0.00061686451653594,1.730365648366,6.9997934133058,-1.6940151085004e-17,-5.7270306018436,-4.7228987292206e-13,14.246760792753,3.306978241716e-13,-3.3069799181243e-13,-29.92672223874,-29.926711243777,0.00032946153931788,0.00032946279673443,-3.3069688236694e-13,3.306971197613e-13,-0.00032946200012284,-0.00032946226013,-29.926724090015,-29.926735085038,-10.891908270645,1.8844210490412e-05,-5.7270306018428e-06,42.626261844711,-11.766540670189,329.01486663007,100000162.0323,-5.8501815269834e-14,0.0050090953506961,-0.0080155387699661,-302.51262048074,-1.2168323583951e-05,-767.11934792935,669.27026105936
32.116500000002,2.1980028442009,0.73266751367688,1.0443171276573e-21,0.00061972759380312,1.7303896292456,6.9514293742291,-8.5720793398904e-18,-4.5418968978036,-4.0984970131967e-13,12.917846566159,2.8697715561646e-13,-2.8697730109568e-13,-27.135207111556,-27.135196643678,0.00028590553301444,0.00028590662419832,-2.869763383271e-13,2.8697654433326e-13,-0.00028590593289982,-0.0002859061585343,-27.135208933851,-27.135219401786,-9.8763857304119,1.4874898825415e-05,-4.5418968978031e-06,42.572067646158,-11.744108196862,329.01486676614,100000162.15873,-5.8793248819808e-14,0.004951956684022,-0.0079147390755194,-298.41581564379,-1.0572541990086e-05,-757.04337398462,660.49446783159
32.216500000002,1.5382685519708,0.51275610540362,5.1808198406901e-22,0.00062197239327759,1.7304134567305,6.9029813256076,-4.3114867765437e-18,-3.5236021185439,-3.5566401053167e-13,11.653179491773,2.4903628258353e-13,-2.4903640883006e-13,-24.47864946733,-24.478639571789,0.00024810699165154,0.00024810793857516,-2.4903557334791e-13,2.4903575211674e-13,-0.00024810733866978,-0.00024810753447458,-24.478651243759,-24.478661139353,-8.9099026611902,1.1480962432713e-05,-3.5236021185436e-06,42.525890028878,-11.725707083531,329.01486687306,100000162.25786,-5.9126315731995e-14,0.0048945393031696,-0.0078139495406268,-294.3384829031,-9.0809546186711e-06,-747.00671569201,651.75251663115
32.316500000002,1.0446889185298,0.34822958023041,2.552631200044e-22,0.00062369161098472,1.7304371511185,6.854409274825,-2.1540231268367e-18,-2.6664816772691,-3.0864185065376e-13,10.457972941631,2.1611132086492e-13,-2.1611143042095e-13,-21.968000504984,-21.967991224303,0.00021530523952621,0.00021530606125951,-2.161107053975e-13,2.161108605306e-13,-0.00021530554066597,-0.00021530571058412,-21.96800221858,-21.96801149931,-7.9964412533501,8.6394529218139e-06,-2.6664816772689e-06,42.487400369623,-11.71112070923,329.01486695515,100000162.33379,-5.936917702224e-14,0.0048368778883225,-0.007713170163241,-290.277466746,-7.699763327507e-06,-737.00172038016,643.03774636843
32.416500000002,0.68654023437025,0.22884670157669,1.2482449996971e-22,0.00062497409712187,1.7304607317741,6.8056736702303,-1.0682199730686e-18,-1.9626662847489,-2.6783632104359e-13,9.3372428313395,1.8753924969412e-13,-1.8753934476601e-13,-19.613796646773,-19.613788017622,0.00018683992444721,0.00018684063754021,-1.875387155979e-13,1.8753885022045e-13,-0.00018684018577362,-0.00018684033322721,-19.613798281255,-19.613806910452,-7.1398355287796,6.3198527998769e-06,-1.9626662847487e-06,42.456220230092,-11.700140891344,329.01486701655,100000162.39042,-5.9639793886959e-14,0.004779005536736,-0.0076124009413144,-286.22973724232,-6.4416954398556e-06,-727.02101845921,634.3437413209
32.516500000002,0.43547457594005,0.14515816164416,6.0538303427974e-23,0.00062590334401558,1.7304842168135,6.7567360425002,-5.2548518442848e-19,-1.4012819790857,-2.3242561590086e-13,8.2953818306658,1.6274463984074e-13,-1.6274472234328e-13,-17.425265125615,-17.425257175388,0.00016213786889668,0.00016213848771201,-1.6274417635765e-13,1.6274429318151e-13,-0.00016213809567324,-0.00016213822363211,-17.425266666325,-17.425274616595,-6.3434465848499,4.4815894176578e-06,-1.4012819790856e-06,42.431827345568,-11.692486480597,329.01486706118,100000162.43145,-5.99034718567e-14,0.0047209532235552,-0.007511641872801,-282.19244253191,-5.322962151674e-06,-717.05765460874,625.66444548648
32.616500000002,0.26605569956467,0.088685212742928,2.9099033528949e-23,0.00062655565668587,1.7305076227266,6.7075598062159,-2.5624467759205e-19,-0.96812253904057,-2.0169653205985e-13,7.335696241587,1.412281057491e-13,-1.4122817734402e-13,-15.409351151804,-15.40934389545,0.00014070160615235,0.00014070214315413,-1.4122770354337e-13,1.412278049218e-13,-0.00014070180294677,-0.00014070191398824,-15.409352586688,-15.409359843081,-5.6098088844792,3.0732331690884e-06,-9.6812253904053e-07,42.413552175643,-11.687795148753,329.01486709261,100000162.46026,-6.012551646206e-14,0.0046627491509685,-0.0074108929556547,-278.16297238009,-4.358942309851e-06,-707.10524686991,616.99430127406
32.716500000002,0.15633782660778,0.052112595670929,1.3853271048295e-23,0.00062699834228133,1.7305309640045,6.6581110877611,-1.2378188132808e-19,-0.64599879290847,-1.7503013455255e-13,6.4599842272183,1.2255626855039e-13,-1.2255633067975e-13,-13.569831941393,-13.56982537919,0.00012209940331838,0.00012209986932304,-1.2255591952051e-13,1.225560074956e-13,-0.00012209957409456,-0.00012209967045522,-13.569833261845,-13.569839824083,-4.9403075171779,2.0340053342596e-06,-6.4599879290845e-07,42.400552262377,-11.685663976397,329.01486711401,100000162.47981,-6.0361438854406e-14,0.0046044181087545,-0.0073101541878303,-274.13902124789,-3.5592032873631e-06,-697.15814522045,608.32838777686
32.816500000002,0.088293092564756,0.029431022705347,6.5278814857403e-24,0.00062728832073576,1.7305542528598,6.608359409598,-5.919613005142e-20,-0.41579288590748,-1.5188930562574e-13,5.6682468853575,1.0635303787131e-13,-1.0635309178652e-13,-11.906709797854,-11.90670391472,0.00010595658801922,0.00010595699241322,-1.0635273498687e-13,1.063528113307e-13,-0.00010595673621702,-0.0001059568198378,-11.906710999245,-11.906716882411,-4.3349563156453,1.2975937080631e-06,-4.1579288590747e-07,42.391919222448,-11.685640991191,329.01486712808,100000162.49262,-6.0673689079037e-14,0.0045459809920651,-0.0072094255672827,-270.11863700142,-2.9235547582219e-06,-687.21155529098,599.66252870704
32.916500000002,0.047926992476185,0.015975659347128,3.0428144465946e-24,0.00062747149912269,1.7305774991101,6.5582780765744,-2.8009528662877e-20,-0.25800000763782,-1.318079338851e-13,4.9586051976991,9.2292042061467e-14,-9.2292088848531e-14,-10.416037655908,-10.416032422491,9.1948013578061e-05,9.1948364506932e-05,-9.2291779221567e-14,9.2291845471921e-14,-9.194814218255e-05,-9.1948214747794e-05,-10.416038737665,-10.416043971109,-3.792332845894,7.9745184977055e-07,-2.5800000763782e-07,42.386740870183,-11.68726620722,329.014867137,100000162.5007,-6.0930428151911e-14,0.0044874545992154,-0.0071087070919685,-266.10024340078,-2.440733854286e-06,-677.26159766371,590.99334422745
33.016500000002,0.025023230070026,0.0083410739719758,1.4022205480122e-24,0.00062758306455093,1.7306007102563,6.5078441818358,-1.3105502847841e-20,-0.15435144178193,-1.1438152966297e-13,4.3274468337122,8.0090057064237e-14,-8.0090097665559e-14,-9.0902274576939,-9.0902228330452,7.979151601216e-05,7.9791820544536e-05,-8.0089828974558e-14,8.0089886465908e-14,-7.9791627613779e-05,-7.9791690585135e-05,-9.0902284229245,-9.0902330475975,-3.3096889935691,4.7217378743751e-07,-1.5435144178193e-07,42.384144013704,-11.690130417028,329.01486714245,100000162.50563,-6.1201045012194e-14,0.0044288517632292,-0.0070079987598439,-262.0826309412,-2.0900493248796e-06,-667.30528896116,582.31823464684
33.116500000002,0.012582615173738,0.0041942035867715,6.3850584650631e-25,0.00062764860594195,1.7306238917347,6.4570382514767,-6.0605425997983e-21,-0.089095460824486,-9.9259079561605e-14,3.7697659517436,6.9501302959568e-14,-6.9501338192968e-14,-7.9187639385668,-7.9187598737662,6.9242233775011e-05,6.9242498044989e-05,-6.9501105025763e-14,6.9501154916144e-14,-6.9242330621716e-05,-6.9242385267594e-05,-7.9187647933263,-7.9187688581483,-2.8832093983844,2.695523402387e-07,-8.9095460824486e-08,42.383385047888,-11.693864575477,329.01486714567,100000162.50853,-6.1430028508782e-14,0.0043701817819775,-0.0069073005688662,-258.06491904116,-1.8454633699119e-06,-657.34045173789,573.63530207016
33.216500000002,0.0061034033790361,0.0020344670285571,2.8714639646573e-25,0.0006276857796452,1.7306470472818,6.4058436340134,-2.7686353274475e-21,-0.049676209666646,-8.6135977115764e-14,3.2796134831216,6.031249400678e-14,-6.0312524581952e-14,-6.8891504932224,-6.8891469352118,6.0087677276449e-05,6.0087906607139e-05,-6.0312322241924e-14,6.0312365536266e-14,-6.0087761318995e-05,-6.008780874011e-05,-6.8891512456078,-6.8891548036371,-2.508354934584,1.4853623643156e-07,-4.9676209666646e-08,42.383873471791,-11.698192443532,329.0148671475,100000162.51017,-6.1811667671058e-14,0.0043114510415293,-0.006806612516993,-254.04649933073,-1.6801354988485e-06,-647.36557700673,564.94323075437
33.316500000002,0.0028610760099195,0.00095369162106585,1.274740436963e-25,0.0006277061614802,1.730670179335,6.3542457792455,-1.2488506396465e-21,-0.026791548884716,-7.4747887696048e-14,2.8505627380317,5.2338542843744e-14,-5.2338569376554e-14,-5.9878872266338,-5.9878841216036,5.2143449631956e-05,5.2143648642699e-05,-5.2338393788023e-14,5.2338431358394e-14,-5.2143522563187e-05,-5.2143563714728e-05,-5.9878878858819,-5.9878909909284,-2.1802185270344,7.9120793555245e-08,-2.6791548884716e-08,42.385157973981,-11.702895437845,329.0148671485,100000162.51107,-6.2033712273417e-14,0.0042526637021899,-0.0067059346021828,-250.02697232961,-1.5701483950359e-06,-637.37966967508,556.24115254156
33.416500000002,0.0012984639886428,0.00043282114520304,5.583584311063e-26,0.00062771698004566,1.7306932894055,6.3022315366508,-5.5595907370571e-22,-0.013997750194873,-6.4865424337154e-14,2.4761143084139,4.5418832496543e-14,-4.5418855521435e-14,-5.2013214923484,-5.2013187883073,4.524953284685e-05,4.5249705546264e-05,-4.5418703147569e-14,4.5418735750738e-14,-4.5249596135799e-05,-4.5249631846671e-05,-5.2013220680703,-5.2013247721255,-1.8938350270606,4.0802373808226e-08,-1.3997750194873e-08,42.386930861276,-11.707830463268,329.01486714904,100000162.51154,-6.2228001300098e-14,0.0041938223367619,-0.0066052668223949,-246.00608804341,-1.4964431417264e-06,-627.38210297332,547.52852009531
33.516500000002,0.00057149856305152,0.0001904994350754,2.4119550345236e-26,0.00062772254759691,1.7307163783845,6.2497885569029,-2.4415110748489e-22,-0.0070953821156871,-5.6289527379181e-14,2.1499995147554,3.9413981199783e-14,-3.9414001180539e-14,-4.5162853122293,-4.516282960674,3.9267064838286e-05,3.9267214705006e-05,-3.9413868952115e-14,3.9413897244799e-14,-3.9267119759765e-05,-3.926715074928e-05,-4.5162858138446,-4.5162881654122,-1.6444137607165,2.0402141190975e-08,-7.0953821156871e-09,42.388977623682,-11.712893283809,329.01486714932,100000162.51179,-6.2706784976807e-14,0.0041349284552958,-0.0065046091755892,-241.98369684503,-1.4452173620521e-06,-617.37249776588,538.8050017907
33.616500000002,0.00024431504665242,8.1438310074472e-05,1.0270165333864e-26,0.00062772532953807,1.7307394467717,6.1969048287888,-1.0571816041153e-22,-0.0034942195499336,-4.8847454920897e-14,1.8663754903342,3.4203034908053e-14,-3.4203052247142e-14,-3.9205051700002,-3.9205031267963,3.4075542483745e-05,3.4075672536496e-05,-3.4202937500717e-14,3.4202962052809e-14,-3.4075590144022e-05,-3.4075617036395e-05,-3.9205056063714,-3.920507649586,-1.427488268105,9.9054264863304e-09,-3.4942195499336e-09,42.391192751271,-11.718035133222,329.01486714946,100000162.51191,-6.3102301926631e-14,0.0040759828960972,-0.0064039616597252,-237.959712716,-1.4072058492476e-06,-607.35063204934,530.07040288696
33.716500000002,0.00010158008407983,3.3860011020678e-05,4.30841694792e-27,0.00062772668093811,1.7307624948313,6.1435683459075,-4.5112803129809e-23,-0.0016738327252695,-4.238930335411e-14,1.6199272062848,2.9681030970722e-14,-2.96810460174e-14,-3.4028163248498,-3.4028145505268,2.957039441325e-05,2.9570507271648e-05,-2.9680946441669e-14,2.9680967747714e-14,-2.9570435772333e-05,-2.9570459109249e-05,-3.4028167040847,-3.402818478417,-1.2389948112888,4.6754002524827e-09,-1.6738327252695e-09,42.393503064363,-11.723215799783,329.01486714952,100000162.51197,-6.3477002194736e-14,0.004016986094304,-0.0063033242727641,-233.9340879065,-1.3765888424831e-06,-597.31637846085,521.32461109283
33.816500000002,4.1121377025239e-05,1.3707118433588e-05,1.7797566341307e-27,0.0006277273198789,1.7307855226933,6.0897668780966,-1.896201157148e-23,-0.00078074987583295,-3.6784987909037e-14,1.405900871521,2.5756883906885e-14,-2.5756896964232e-14,-2.9532329711927,-2.9532314308581,2.566087468284e-05,2.566097262016e-05,-2.575681055347e-14,2.5756829042629e-14,-2.5660910573813e-05,-2.5660930825342e-05,-2.9532333005684,-2.953234840911,-1.0752982856642,2.1476919223899e-09,-7.8074987583295e-10,42.395848045489,-11.728413823347,329.01486714956,100000162.512,-6.3872519144551e-14,0.0039579382541203,-0.0062026970126677,-229.90679663534,-1.349941975799e-06,-587.2696640229,512.56756149891
33.916500000002,1.6222254459204e-05,5.407415152899e-06,7.2354506107362e-28,0.00062772761417589,1.7308085304136,6.0354878177854,-7.8463482946176e-24,-0.00035490921085036,-3.1921622398267e-14,1.2200929055718,2.235155069956e-14,-2.2351562030587e-14,-2.5629250749871,-2.5629237380262,2.2268234916272e-05,2.226831990524e-05,-2.2351487044244e-14,2.235150308894e-14,-2.2268266062078e-05,-2.226828363614e-05,-2.5629253609524,-2.5629266979204,-0.93318403936078,9.609646245944e-10,-3.5490921085036e-10,42.39821161839,-11.733620110224,329.01486714957,100000162.51201,-6.4233341624845e-14,0.0038988394529278,-0.006102079877398,-225.87782520865,-1.3253316528866e-06,-577.21044570863,503.79921529058
34.016500000002,6.2407236735396e-06,2.0802400140074e-06,2.8932077102738e-28,0.0006277277463308,1.7308315180089,5.9807180750106,-3.1944884624684e-24,-0.00015733099629752,-2.7701245383871e-14,1.0588138458258,1.9396438655703e-14,-1.9396448488649e-14,-2.2241425573272,-2.2241413970035,1.9324138103894e-05,1.9324211856419e-05,-1.9396383416295e-14,1.9396397339712e-14,-1.9324165131894e-05,-1.9324180382478e-05,-2.2241428055497,-2.2241439658795,-0.80983042992871,4.1909917918529e-10,-1.5733099629752e-10,42.400578129061,-11.738827272768,329.01486714958,100000162.51202,-6.4594164105137e-14,0.0038396897010762,-0.0060014728649175,-221.84716633097,-1.3017156234685e-06,-567.13869635761,495.01954747734
34.116500000002,2.3423587606007e-06,7.8078577753604e-07,1.1371977641506e-28,0.00062772780422093,1.7308544854764,5.925444001293,-1.2788634486358e-24,-6.8047495792309e-05,-2.4038846968174e-14,0.91884066012077,1.6832023763217e-14,-1.6832032296143e-14,-1.9301151223321,-1.9301141153618,1.6769282111686e-05,1.6769346113345e-05,-1.6831975827045e-14,1.6831987909639e-14,-1.6769305566298e-05,-1.6769318800593e-05,-1.9301153377669,-1.9301163447424,-0.70277244788989,1.7824337819895e-10,-6.8047495792309e-11,42.402955886641,-11.744033615448,329.01486714958,100000162.51202,-6.4954986585418e-14,0.0037804889746893,-0.0059008759731899,-217.81481597521,-1.2785603576641e-06,-557.05439691804,486.22854013358
34.216500000002,8.5803857687086e-07,2.8601267644899e-07,4.3908954159489e-29,0.0006277278289673,1.730877432803,5.8696513289178,-5.0310663771714e-25,-2.8724211238097e-05,-2.0860656463206e-14,0.79736584522208,1.4606651715444e-14,-1.4606659120227e-14,-1.6749453334884,-1.6749444596275,1.4552205175867e-05,1.4552260715828e-05,-1.4606610116942e-14,1.4606620602089e-14,-1.455222552953e-05,-1.4552237014111e-05,-1.6749455204539,-1.6749463943193,-0.60986283994652,7.3949811115245e-11,-2.8724211238097e-11,42.405335405456,-11.749235419625,329.01486714958,100000162.51202,-6.540601468646e-14,0.0037212372329605,-0.0058002892001789,-213.78077172957,-1.2555946679497e-06,-546.95753234527,477.42617882482
34.316500000002,3.0680845205059e-07,1.0226941576084e-07,1.6643056787374e-29,0.00062772783929343,1.7309003599712,5.8133251170697,-1.9436452716999e-25,-1.1835668184672e-05,-1.8102656448157e-14,0.69194799074286,1.2675497452775e-14,-1.2675503878567e-14,-1.4535047682993,-1.4535040099627,1.262824932324e-05,1.2628297520229e-05,-1.2675461354036e-14,1.2675470452935e-14,-1.2628266985933e-05,-1.2628276952131e-05,-1.4535049305519,-1.4535056888924,-0.52923432774504,2.9933650427798e-11,-1.1835668184672e-11,42.407709088282,-11.75444032605,329.01486714958,100000162.51202,-6.5759898272845e-14,0.0036619344269306,-0.0056997125438493,-209.7450319557,-1.2327031558298e-06,-536.84808951074,468.61245078563
34.416500000002,1.0708888929432e-07,3.5696271528435e-08,6.1881483452158e-30,0.00062772784349985,1.7309232669611,5.7564496996615,-7.3686169722206e-26,-4.7605247395795e-06,-1.5709293284112e-14,0.60046609300803,1.0999662263818e-14,-1.0999667840052e-14,-1.2613380500627,-1.2613373919825,1.095866083812e-05,1.0958702662956e-05,-1.0999630937715e-14,1.0999638833643e-14,-1.0958676165618e-05,-1.0958684814179e-05,-1.2613381908663,-1.2613388489499,-0.45926468043774,1.1821973212623e-11,-4.7605247395795e-12,42.410084146131,-11.759637111958,329.01486714958,100000162.51202,-6.6162354116556e-14,0.0036025805038015,-0.0055991460021662,-205.70759537459,-1.2098096065018e-06,-526.72605617259,459.78734402266
34.516500000002,3.648290048946e-08,1.2160957966078e-08,2.2552867485452e-30,0.0006277278451718,1.7309461537518,5.6990086317651,-2.7392986087857e-26,-1.8688958470479e-06,-1.3632358112349e-14,0.52107849142632,9.5453902593385e-15,-9.5453950983352e-15,-1.094576589683,-1.0945760186066,9.5098096569598e-06,9.5098459521091e-06,-9.5453630748786e-15,9.5453699268815e-15,-9.5098229580001e-06,-9.5098304631293e-06,-1.0945767118719,-1.0945772829514,-0.39854531502072,4.5548878766354e-12,-1.8688958470479e-12,42.412453387468,-11.764832961731,329.01486714958,100000162.51202,-6.6523176596845e-14,0.0035431754089886,-0.0054985895730955,-201.66846086915,-1.1868875593907e-06,-516.59142048423,450.95084688632
34.616500000002,1.2128267213804e-08,4.0427526605694e-09,8.0501061337335e-31,0.00062772784582087,1.7309690203222,5.640984632759,-9.9776793097288e-27,-7.1594556253359e-07,-1.1830015796525e-14,0.45218653783685,8.28338843664e-15,-8.28339263587e-15,-0.94986226956155,-0.94986177398692,8.2525119672395e-06,8.2525434637852e-06,-8.2833648462539e-15,8.2833707923493e-15,-8.2525235097412e-06,-8.2525300226128e-06,-0.94986237559626,-0.94986287117348,-0.34585351267622,1.7116582890939e-12,-7.1594556253359e-13,42.414823658682,-11.770023274563,329.01486714958,100000162.51202,-6.6883999077135e-14,0.0034837190870649,-0.0053980432546039,-197.62762739268,-1.1639324155798e-06,-506.44417076629,442.10294787202
34.716500000002,3.9329397688009e-09,1.3109788810425e-09,2.8117934858902e-31,0.00062772784606682,1.7309918666505,5.5823595249431,-3.5578456075442e-27,-2.6753716749836e-07,-1.0265962248984e-14,0.39240273850795,7.1882366386357e-15,-7.1882402826829e-15,-0.82428052273367,-0.82428009267906,7.1614423659421e-06,7.1614696983104e-06,-7.1882161671489e-15,7.1882213271074e-15,-7.1614523824027e-06,-7.1614580342035e-06,-0.82428061474965,-0.82428104480651,-0.30012805402228,6.2711831154692e-13,-2.6753716749836e-13,42.417190019629,-11.775210697415,329.01486714958,100000162.51202,-6.7210127087905e-14,0.0034242114821852,-0.0052975070446577,-193.58509392791,-1.1409468231266e-06,-496.28429540459,433.24363553128
34.816500000002,1.2434826221819e-09,4.144938635372e-10,9.601660503337e-32,0.00062772784615784,1.7310146927152,5.523114166651,-1.2408494447919e-27,-9.747475887373e-08,-8.90869316747e-15,0.34052295585027,6.2378755225901e-15,-6.2378786848556e-15,-0.71530193983439,-0.71530156663749,6.214623736905e-06,6.2146474556444e-06,-6.2378577576509e-15,6.2378622354082e-15,-6.2146324290833e-06,-6.2146373336561e-06,-0.71530201968494,-0.7153023928838,-0.26044795846877,2.2390584542863e-13,-9.747475887373e-14,42.419555945473,-11.780397535415,329.01486714958,100000162.51202,-6.7557071780392e-14,0.0033646525382737,-0.0051969809412248,-189.54085946898,-1.117908580445e-06,-486.11178280508,424.37289843248
34.916500000002,3.8309996273099e-10,1.2769987701065e-10,3.2023099907343e-32,0.00062772784619084,1.7310374984946,5.4632283790013,-4.228700549501e-28,-3.4605903611008e-08,-7.7308694525912e-15,0.29550221729995,5.4131622248197e-15,-5.4131649690002e-15,-0.62073145327964,-0.6207311294233,5.3929845717915e-06,5.393005154662e-06,-5.4131468085939e-15,5.4131506943442e-15,-5.3929921147716e-06,-5.3929963709079e-06,-0.62073152257313,-0.62073184643117,-0.2260139820635,7.7858458115869e-14,-3.4605903611008e-14,42.421917828415,-11.785579619405,329.01486714958,100000162.51202,-6.7966466518012e-14,0.0033050421991038,-0.0050964649422736,-185.49492301388,-1.0948360541909e-06,-475.92662137493,415.4907251443
35.016500000002,1.1492975586771e-10,3.830988400581e-11,1.0420270842707e-32,0.00062772784620251,1.7310602839668,5.4026808654173,-1.4067085430184e-28,-1.1963443668978e-08,-6.7087665238313e-15,0.25643369295962,4.6974847712332e-15,-4.6974871526039e-15,-0.5386641777348,-0.53866389669569,4.6799748179227e-06,4.6799926795194e-06,-4.6974713931959e-15,4.6974747652088e-15,-4.6799813636408e-06,-4.6799850570707e-06,-0.53866423786696,-0.53866451890754,-0.19613253875369,2.6348898193598e-14,-1.1963443668978e-14,42.424274934993,-11.790757127058,329.01486714958,100000162.51202,-6.829259452878e-14,0.0032453804083253,-0.0049959590457731,-181.44728356119,-1.0717247603917e-06,-465.72879951439,406.59710422869
35.116500000002,3.3546775622085e-11,1.1182247995728e-11,3.3045072468918e-33,0.00062772784620648,1.7310830491101,5.3414491229705,-4.5628240665183e-29,-4.0240201941364e-09,-5.8217964418212e-15,0.22253044012927,4.0764274668865e-15,-4.0764295334147e-15,-0.46744706270745,-0.46744681882469,4.0612325150995e-06,4.0612480152037e-06,-4.0764158575676e-15,4.0764187837646e-15,-4.0612381954043e-06,-4.0612414005236e-06,-0.4674471148895,-0.46744735877354,-0.17020173780765,8.671181006686e-15,-4.0240201941364e-15,42.426633103448,-11.795931366252,329.01486714958,100000162.51202,-6.8660355902974e-14,0.0031856671094821,-0.0048954632496925,-177.39794010877,-1.0485654310762e-06,-455.51830561355,397.69202423803
35.216500000002,9.5184937274615e-12,3.1728281198145e-12,1.0200606002586e-33,0.00062772784620815,1.7311057939027,5.2795093444879,-1.441403264501e-29,-1.3157192800815e-09,-5.0520932111147e-15,0.19310955627151,3.5374805245881e-15,-3.5374823178994e-15,-0.40564560429313,-0.40564539265426,3.5242945065723e-06,3.5243079573984e-06,-3.5374704501443e-15,3.537472989467e-15,-3.5242994358806e-06,-3.5243022172491e-06,-0.40564564957617,-0.40564586121615,-0.14769926328311,2.7723389058051e-15,-1.3157192800815e-15,42.428988007295,-11.801105100591,329.01486714958,100000162.51202,-6.9041995064981e-14,0.0031259022460135,-0.0047949775520024,-173.3468916533,-1.0253564922643e-06,-445.29512805106,388.77547371398
35.316500000002,2.6226241550323e-12,8.7420715361544e-13,3.0611112459141e-34,0.00062772784620827,1.7311285183226,5.2168363102118,-4.429072405268e-30,-4.177502420635e-10,-4.3841529103355e-15,0.16757842507059,3.0697880836815e-15,-3.069789639898e-15,-0.35201495367052,-0.35201477001255,3.0583453970873e-06,3.0583570695715e-06,-3.069779341186e-15,3.0697815447834e-15,-3.0583496746887e-06,-3.0583520883308e-06,-0.35201499296666,-0.35201517662559,-0.12817185437685,8.6021859271919e-16,-4.177502420635e-16,42.431338637185,-11.806275339681,329.01486714958,100000162.51202,-6.9375061969655e-14,0.0030660857612603,-0.0046945019506731,-169.29413719017,-1.0021008398505e-06,-435.05925519396,379.84744118739
35.416500000002,7.0089610227992e-13,2.3363178353567e-13,8.9180031727764e-35,0.00062772784620827,1.731151222348,5.1534032676025,-1.3219921399405e-30,-1.2865300662944e-10,-3.8045214009348e-15,0.14542278011,2.6639295434171e-15,-2.6639308938853e-15,-0.30547484368288,-0.30547468430644,2.6539997013422e-06,2.6540098306002e-06,-2.6639219567722e-15,2.6639238690306e-15,-2.6540034133994e-06,-2.6540055079324e-06,-0.30547487778365,-0.30547503716092,-0.1112261759682,2.5873490614954e-16,-1.2865300662944e-16,42.433690758852,-11.811444395328,329.01486714958,100000162.51202,-6.9722006662137e-14,0.0030062175984596,-0.0045940364436761,-165.23967571323,-9.7881304866834e-07,-424.81067539692,370.90791517754
35.516500000002,1.8145375444709e-13,6.0484517082896e-14,2.5185356239409e-35,0.00062772784620827,1.7311739059568,5.0891817976709,-3.8273932166703e-31,-3.8381142198056e-11,-3.3015233241633e-15,0.1261963463564,2.3117298063715e-15,-2.3117309782935e-15,-0.26508782975687,-0.26508769145169,2.3031127947265e-06,2.3031215847891e-06,-2.3117232227615e-15,2.3117248821991e-15,-2.3031160160103e-06,-2.3031178336239e-06,-0.26508785934916,-0.26508799765507,-0.096520895940609,7.5338794893149e-17,-3.8381142198056e-17,42.436035859417,-11.816601873268,329.01486714958,100000162.51202,-7.0159156975373e-14,0.0029462977007493,-0.0044935810289833,-161.18350621486,-9.5547682534384e-07,-414.54937700253,361.95688419251
35.616500000001,4.5442301404787e-14,1.514741608457e-14,6.8837902702511e-36,0.00062772784620827,1.7311965691272,5.0241416659374,-1.0731395149138e-31,-1.1076381210558e-11,-2.8650269275173e-15,0.10951185103801,2.0060946096987e-15,-2.0060956266802e-15,-0.23004040736914,-0.23004028734937,1.998616858378e-06,1.9986244863012e-06,-2.0060888965118e-15,2.0060903365542e-15,-1.998619653774e-06,-1.9986212310797e-06,-0.23004043304902,-0.23004055306942,-0.083759809879549,2.1206778866902e-17,-1.1076381210558e-17,42.438377356386,-11.821753763312,329.01486714958,100000162.51202,-7.056161281909e-14,0.0028863260111662,-0.0043931357045675,-157.12562768596,-9.3209536327847e-07,-404.27534834119,352.99433672901
35.716500000001,1.0991637661514e-14,3.6638747430414e-15,1.8178522828472e-36,0.00062772784620827,1.7312192118371,4.9582506558022,-2.9090777368651e-32,-3.0873482387274e-12,-2.4862399836232e-15,0.095033222940566,1.7408676273371e-15,-1.7408685098628e-15,-0.19962662590063,-0.19962652174875,1.7343785140437e-06,1.7343851334746e-06,-1.7408626694941e-15,1.7408639191476e-15,-1.7343809398587e-06,-1.7343823086279e-06,-0.19962664818535,-0.19962675233778,-0.072685874727664,5.7614952209341e-18,-3.0873482387274e-18,42.440722344091,-11.826915819159,329.01486714958,100000162.51202,-7.092937419328e-14,0.0028263024726466,-0.0042927004684011,-153.06603911594,-9.0867737689554e-07,-393.98857773108,344.02026127234
35.816500000001,2.563488859156e-15,8.544951949318e-16,4.6294853387979e-37,0.00062772784620827,1.7312418340644,4.8914743817226,-7.6104127287158e-33,-8.2973667601848e-13,-2.157532690809e-15,0.082468823025254,1.5107064648189e-15,-1.5107072306654e-15,-0.17323386888419,-0.17323377850229,1.5050752811211e-06,1.5050810253929e-06,-1.5107021624554e-15,1.5107032468914e-15,-1.5050773862175e-06,-1.505078574021e-06,-0.17323388822263,-0.17323397860501,-0.063076031243311,1.5081496164777e-18,-8.2973667601848e-19,42.443061664919,-11.832065516649,329.01486714958,100000162.51202,-7.1373463400424e-14,0.0027662270280246,-0.0041922753184584,-149.0047394927,-8.8520537942055e-07,-383.68905347808,335.03464629639
35.916500000001,5.7537954501195e-16,1.9179292550458e-16,1.1346825058979e-37,0.00062772784620827,1.731264435787,4.8237760791212,-1.9175932982087e-33,-2.1460948265676e-13,-1.8722839880991e-15,0.071565570026095,1.3109750488822e-15,-1.3109757134757e-15,-0.15033051424447,-0.15033043581202,1.3060883673888e-06,1.306093352207e-06,-1.3109713153367e-15,1.3109722563988e-15,-1.3060901941692e-06,-1.3060912249324e-06,-0.15033053102617,-0.15033060945904,-0.054736710981422,3.7964087904701e-19,-2.1460948265676e-19,42.445399307436,-11.837215910705,329.01486714958,100000162.51202,-7.1685713623382e-14,0.0027060996200331,-0.0040918602527139,-144.94172780263,-8.6169852455648e-07,-373.37676387583,326.03748026362
36.016500000001,1.2403360111986e-16,4.134447593508e-17,2.6707473658661e-38,0.00062772784620827,1.7312870169829,4.7551163673837,-4.6437441222405e-34,-5.3311325040635e-14,-1.6247481889963e-15,0.062103842704155,1.1376502443165e-15,-1.1376508210436e-15,-0.13045522598184,-0.13045515791899,1.1334096339405e-06,1.1334139597129e-06,-1.1376470043853e-15,1.137647821029e-15,-1.1334112192012e-06,-1.1334121136866e-06,-0.13045524054482,-0.13045530860803,-0.047499937297971,9.1708760450104e-20,-5.3311325040635e-20,42.447734537928,-11.842361889219,329.01486714958,100000162.51202,-7.2046536103679e-14,0.0026459201913036,-0.0039914552691423,-140.87700303061,-8.381368305416e-07,-363.05169720561,317.02875162499
36.116500000001,2.5621657474488e-17,8.5405399995698e-18,6.0224531074003e-39,0.00062772784620827,1.7313095776299,4.6854529816085,-1.0782745837782e-34,-1.2690331829347e-14,-1.4099392476923e-15,0.053893056077321,9.8724081705203e-16,-9.8724131752974e-16,-0.11320766160817,-0.11320760254395,9.8356086034018e-07,9.8356461419957e-07,-9.8723800547412e-16,9.8723871414885e-16,-9.8356223601257e-07,-9.835630122375e-07,-0.11320767424577,-0.1132077333103,-0.041219941842624,2.1210905371462e-20,-1.2690331829347e-20,42.450064475894,-11.847504197526,329.01486714958,100000162.51202,-7.2400419690072e-14,0.0025856886843653,-0.0038910603657195,-136.81056416001,-8.1453794696458e-07,-352.71384173644,308.00844882002
36.216500000001,5.0592087019519e-18,1.6864003170831e-18,1.2976796330618e-39,0.00062772784620827,1.7313321177057,4.6147404679192,-2.394602122939e-35,-2.8875797268417e-15,-1.2235303265125e-15,0.046767822519279,8.5671711118839e-16,-8.5671754549764e-16,-0.098240408157913,-0.098240356902608,8.5352368378038e-07,8.5352694133975e-07,-8.5671467133089e-16,8.5671528631131e-16,-8.535248775743e-07,-8.5352555117406e-07,-0.098240419124688,-0.098240470380262,-0.035770228386846,4.6851228026374e-21,-2.8875797268417e-21,42.452395586246,-11.852640360605,329.01486714958,100000162.51202,-7.2775119958177e-14,0.002525405041645,-0.0037906755404215,-132.74241017267,-7.9089651982289e-07,-342.36318572493,298.97656027671
36.316500000001,9.5231935496841e-19,3.1743927527004e-19,2.6642833396159e-40,0.00062772784620827,1.7313546371881,4.5429298361035,-5.0718932772437e-36,-6.263536743687e-16,-1.0617666416095e-15,0.040584620401869,7.4345002346504e-16,-7.43450400354e-16,-0.085251984343938,-0.085251939865128,7.4067880102719e-07,7.4068162790266e-07,-7.4344790618258e-16,7.4344843985607e-16,-7.4067983698889e-07,-7.4068042153162e-07,-0.085251993860789,-0.085252038339832,-0.031041024845018,9.8557434450168e-22,-6.263536743687e-22,42.454723891764,-11.857777442045,329.01486714958,100000162.51202,-7.3135942438463e-14,0.0024650692054674,-0.0036903007912252,-128.67254004892,-7.6719538559552e-07,-331.99971741536,289.93307441155
36.416500000001,1.7037427339702e-19,5.6791328814237e-20,5.1958676691253e-41,0.00062772784620827,1.7313771360549,4.4699681620376,-1.0214386531318e-36,-1.2912985479007e-16,-9.2138983138086e-16,0.035218903178245,6.451580459546e-16,-6.4515837301484e-16,-0.073980767902516,-0.073980729304276,6.427532085123e-07,6.4275566164485e-07,-6.4515620859934e-16,6.4515667171553e-16,-6.4275410750887e-07,-6.4275461476885e-07,-0.073980776161138,-0.07398081475958,-0.026937072165391,1.9684974935769e-22,-1.2912985479007e-22,42.457052065617,-11.862911905091,329.01486714958,100000162.51202,-7.3517581600467e-14,0.0024046811180544,-0.0035899361161077,-124.60095276757,-7.4346873741553e-07,-321.62342503962,280.87797962949
36.516500000001,2.8874065429726e-20,9.6246714591042e-21,9.5920389047581e-42,0.00062772784620827,1.7313996142837,4.3957981307266,-1.9493948757397e-37,-2.5218323262529e-17,-7.9957232418336e-16,0.030562590675887,5.5986131027344e-16,-5.5986159409285e-16,-0.064199725807732,-0.064199692312589,5.577744178447e-07,5.5777654664712e-07,-5.5985971583603e-16,5.5986011772335e-16,-5.577751979844e-07,-5.5777563817923e-07,-0.064199732974477,-0.064199766469796,-0.023375705553097,3.7203985288684e-23,-2.5218323262529e-23,42.459372350286,-11.868035670291,329.01486714958,100000162.51202,-7.3885342974663e-14,0.0023442407215246,-0.0034895815130477,-120.52764730589,-7.1968967834395e-07,-311.23429681718,271.81126432392
36.616500000001,4.6185100059835e-21,1.5395004752013e-21,1.6699182868436e-42,0.00062772784620827,1.7314220718522,4.3203575087496,-3.5125418915028e-38,-4.6483174802183e-18,-6.9386038333183e-16,0.026521892067292,4.8584170763508e-16,-4.8584195393055e-16,-0.055711841207421,-0.055711812140691,4.8403072451725e-07,4.8403257186941e-07,-4.858403239992e-16,4.8584067275275e-16,-4.8403140151421e-07,-4.8403178351061e-07,-0.055711847426646,-0.055711876493528,-0.02028518937582,6.6287024243294e-24,-4.6483174802183e-24,42.46169675584,-11.873161645701,329.01486714958,100000162.51202,-7.4253104348866e-14,0.0022837479578929,-0.0033892369800235,-116.45262263962,-6.9586205019127e-07,-300.83232095508,262.73291687664
36.716500000001,6.9441403909489e-22,2.3147089405705e-22,2.73017830868e-43,0.00062772784620827,1.7314445087381,4.2435785323002,-5.9510483429764e-39,-8.0537474376322e-19,-6.021246821532e-16,0.023015416667019,4.2160828145543e-16,-4.2160849518803e-16,-0.048346144966667,-0.048346119742867,4.2003672951155e-07,4.2003833262416e-07,-4.2160708075089e-16,4.2160738339552e-16,-4.2003731700232e-07,-4.2003764849475e-07,-0.048346150363644,-0.048346175587576,-0.017603272212605,1.1087890732546e-24,-8.0537474376322e-25,42.464012073012,-11.878283577011,329.01486714958,100000162.51202,-7.4641682404775e-14,0.0022232027690719,-0.0032889025150142,-112.37587774297,-6.719943839695e-07,-290.41748564791,253.64292565788
36.816500000001,9.76990024681e-23,3.2566267149531e-23,4.1723050173582e-44,0.00062772784620827,1.7314669249189,4.1653871937082,-9.4369908562159e-40,-1.3057356447209e-19,-5.225174135424e-16,0.019972534501404,3.6586719542265e-16,-3.6586738089754e-16,-0.041954271883346,-0.0419542499944,3.6450341931232e-07,3.6450481047644e-07,-3.6586615346399e-16,3.6586641609579e-16,-3.6450392913058e-07,-3.645042167962e-07,-0.041954276566786,-0.041954298455847,-0.015275932940535,1.733178547001e-25,-1.3057356447209e-25,42.466326599777,-11.8834014093,329.01486714958,100000162.51202,-7.5037199354593e-14,0.0021626050968693,-0.0031885781159998,-108.2974115886,-6.4808042165681e-07,-279.98977907778,244.54127902623
36.916500000001,1.2797308929263e-23,4.2657603900818e-24,5.929179734215e-45,0.00062772784620827,1.7314893203721,4.0857024050679,-1.3935760578822e-40,-1.970921820112e-20,-4.5343507008998e-16,0.017331953628343,3.1749567210669e-16,-3.1749583305983e-16,-0.036407472208494,-0.036407453213499,3.1631220166121e-07,3.1631340889868e-07,-3.1749476790601e-16,3.1749499581511e-16,-3.1631264407609e-07,-3.1631289370926e-07,-0.036407476272734,-0.036407495267828,-0.013256292602044,2.5186569379028e-26,-1.970921820112e-26,42.468643688617,-11.888520330943,329.01486714958,100000162.51202,-7.5432716304407e-14,0.0021019548829897,-0.0030882637809604,-104.21722314766,-6.2412205347683e-07,-269.54918941432,235.42796532865
37.016500000001,1.5518114852143e-24,5.1726931061443e-25,7.7896894338311e-46,0.00062772784620827,1.7315116950753,4.0044350120644,-1.9054977738727e-41,-2.7540721570654e-21,-3.9348614507145e-16,0.01504048555049,2.7551937716097e-16,-2.7551951683439e-16,-0.03159401827537,-0.031594001791714,2.7449237405928e-07,2.7449342168715e-07,-2.7551859250521e-16,2.755187902823e-16,-2.7449275798222e-07,-2.7449297461124e-07,-0.031594021802273,-0.031594038286015,-0.011503670134916,3.3830708085885e-27,-2.7540721570654e-27,42.470953927762,-11.893632328718,329.01486714958,100000162.51202,-7.5786599890795e-14,0.002041252069032,-0.0029879595078779,-100.1353113897,-6.0011257171358e-07,-259.09570481462,226.30297290043
37.116500000001,1.7309116360937e-25,5.7696914864754e-26,9.3996146212057e-47,0.00062772784620827,1.7315340490059,3.9214866238403,-2.3970696665739e-42,-3.5399477763469e-22,-3.4146310370846e-16,0.013051973853921,2.390927935725e-16,-2.3909291477962e-16,-0.027416953999666,-0.027416939695324,2.3820157117239e-07,2.3820248029275e-07,-2.3909211265655e-16,2.3909228428542e-16,-2.3820190433665e-07,-2.3820209232501e-07,-0.027416957060275,-0.027416971364692,-0.0099827629447881,4.1728921511657e-28,-3.5399477763469e-28,42.4732576972,-11.898737213229,329.01486714958,100000162.51202,-7.6133544583281e-14,0.0019804965964919,-0.0028876652947334,-96.051675282775,-5.7606042075758e-07,-248.62931342327,217.16629006521
37.216500000001,1.7631347591783e-26,5.8771007987212e-27,1.0340718615723e-47,0.00062772784620827,1.7315563821415,3.8367482151362,-2.7542127842672e-43,-4.1552108344303e-23,-2.9631806012648e-16,0.011326364492128,2.0748219064427e-16,-2.0748229582652e-16,-0.023792141919655,-0.0237921295065,2.0670879729701e-07,2.0670958622202e-07,-2.0748159975263e-16,2.0748174869034e-16,-2.0670908641342e-07,-2.0670924954773e-07,-0.02379214457562,-0.023792156988841,-0.0086629358146632,4.6918342810379e-29,-4.1552108344303e-29,42.47556776237,-11.903846968887,329.01486714958,100000162.51202,-7.6508244851384e-14,0.0019196884067595,-0.0027873811395096,-91.966313793364,-5.5196786085346e-07,-238.15000337226,208.01790513489
37.316500000001,1.6266683294693e-27,5.4222130206904e-28,1.0284661611002e-48,0.00062772784620827,1.7315786944592,3.7500984440767,-2.8666807440593e-44,-4.4176587246499e-24,-2.5714167007656e-16,0.0098288989883317,1.8005084465874e-16,-1.8005093593478e-16,-0.020646568438344,-0.020646557666339,1.7937970211395e-07,1.793803867347e-07,-1.8005033188924e-16,1.800504611358e-16,-1.793799530061e-07,-1.7938009457232e-07,-0.020646570743162,-0.020646581515223,-0.007517603828122,4.76851811078e-30,-4.4176587246499e-30,42.477870348556,-11.908947990945,329.01486714958,100000162.51202,-7.693845627072e-14,0.0018588274411207,-0.0026871070401889,-87.879225886377,-5.2782223074965e-07,-227.65776278102,198.85780640971
37.416500000001,1.346576362976e-28,4.4885749033856e-29,9.1591168036257e-50,0.00062772784620827,1.7316009859367,3.6614016115344,-2.6775329253476e-45,-4.2141474331629e-25,-2.2314481426322e-16,0.0085294143050026,1.5624621352637e-16,-1.5624629273475e-16,-0.01791687313058,-0.017916863782748,1.5566380314358e-07,1.5566439725021e-07,-1.5624576855044e-16,1.5624588070924e-16,-1.5566402086513e-07,-1.556641437148e-07,-0.017916875130677,-0.017916884478557,-0.0065236968766336,4.3390258332438e-31,-4.2141474331629e-31,42.480170877696,-11.914046819134,329.01486714958,100000162.51202,-7.7327034326631e-14,0.0017979136407551,-0.0025868429947552,-83.790410525189,-5.0363200030073e-07,-217.15257975637,189.6859821781
37.516500000001,9.8942307154728e-30,3.2980667508746e-30,7.2233803685488e-51,0.00062772784620827,1.7316232565511,3.5705051640676,-2.220027866269e-46,-3.5681766875252e-26,-1.9364270333059e-16,0.0074017352780559,1.3558880708169e-16,-1.3558887581788e-16,-0.015548072491365,-0.015548064379416,1.3508339752806e-07,1.3508391308749e-07,-1.355884209363e-16,1.3558851826651e-16,-1.3508358646451e-07,-1.3508369307215e-07,-0.015548074227028,-0.015548082339019,-0.0056611949646767,3.4960232329616e-32,-3.5681766875252e-32,42.48247453793,-11.919144595198,329.01486714958,100000162.51202,-7.7715612382539e-14,0.0017369469467373,-0.0024865890011923,-79.6998666716,-4.7939472714057e-07,-206.63444239251,180.5024207168
37.616500000001,6.3724792164849e-31,2.1241527549743e-31,4.9807056172845e-52,0.00062772784620827,1.7316455062797,3.477236609086,-1.6136189698638e-47,-2.6482459510296e-27,-1.6804108433794e-16,0.006423147377691,1.1766252884415e-16,-1.1766258849269e-16,-0.01349245241817,-0.013492445378707,1.1722393979346e-07,1.1722438719047e-07,-1.1766219375127e-16,1.176622782134e-16,-1.1722410375051e-07,-1.1722419626349e-07,-0.01349245392436,-0.01349246096386,-0.0049127249524535,2.462495267786e-33,-2.6482459510296e-33,42.484769507327,-11.924234906782,329.01486714958,100000162.51202,-7.8090312650647e-14,0.0016759273000356,-0.0023863450574853,-75.607593285861,-4.5513003044222e-07,-196.10333877101,171.30711029072
37.716500000001,3.5453308523568e-32,1.1817727901423e-32,2.9581306329154e-53,0.00062772784620827,1.7316677350999,3.3813996637475,-1.0132212699942e-48,-1.6978222463158e-28,-1.4582427088544e-16,0.0055739391758381,1.0210629470071e-16,-1.0210634646308e-16,-0.011708607118837,-0.011708601010065,1.0172569177382e-07,1.017260800202e-07,-1.0210600391066e-16,1.02106077206e-16,-1.0172583405401e-07,-1.017259143358e-07,-0.011708608425892,-0.011708614534696,-0.0042632106134923,1.4938707126129e-34,-1.6978222463158e-34,42.4870650461,-11.929328112008,329.01486714958,100000162.51202,-7.8423379555334e-14,0.0016148546415125,-0.0022861111616193,-71.513589326597,-4.3078685234445e-07,-185.55925696072,162.10003915301
37.816500000001,1.6747495930604e-33,5.5824775319995e-34,1.4869155327816e-54,0.00062772784620827,1.7316899429887,3.2827693912531,-5.4024019666637e-50,-9.2421045892557e-30,-1.2654475578429e-16,0.0048370053042611,8.8606759687417e-17,-8.8606804606253e-17,-0.010160605086044,-0.010160599784917,8.8276476503826e-08,8.8276813419917e-08,-8.8606507342899e-17,8.8606570947817e-17,-8.8276599973066e-08,-8.8276669640744e-08,-0.010160606220293,-0.010160611521448,-0.003699568958347,7.6693380305467e-36,-9.2421045892557e-36,42.489354530675,-11.934406361053,329.01486714958,100000162.51202,-7.8770324247821e-14,0.0015537289119247,-0.0021858873115802,-67.417853750935,-4.0642089662536e-07,-175.00218501787,152.88119554496
37.916500000001,6.581208512221e-35,2.1937272280022e-35,6.1948516617264e-56,0.00062772784620827,1.7317121299235,3.1810859787624,-2.3964196564648e-51,-4.1851611230519e-31,-1.098141970419e-16,0.0041975019058102,7.6892006367649e-17,-7.6892045347738e-17,-0.0088172653388006,-0.0088172607385385,7.6605390123635e-08,7.6605682495846e-08,-7.6891787385752e-17,7.6891842581426e-17,-7.6605497268932e-08,-7.6605557725805e-08,-0.0088172663230897,-0.0088172709233759,-0.0032104467075233,3.2632253468174e-37,-4.1851611230519e-37,42.491646594486,-11.93949396474,329.01486714958,100000162.51202,-7.9165841197636e-14,0.0014925500519217,-0.0020856735053548,-63.320385514374,-3.8199740989617e-07,-164.43211098592,143.65056769607
38.016500000001,2.0992393571585e-36,6.9974336518099e-37,2.0862594186531e-57,0.00062772784620827,1.7317342958813,3.0760466622968,-8.6291244308008e-53,-1.5383459329074e-32,-9.5295595595547e-17,0.003642547638672,6.6726067673618e-17,-6.6726101500126e-17,-0.0076515293524788,-0.0076515253604202,6.6477345136675e-08,6.6477598854178e-08,-6.672587764345e-17,6.6725925541671e-17,-6.6477438116227e-08,-6.647749058006e-08,-0.0076515302066345,-0.007651534198714,-0.0027859916054794,1.1222797793793e-38,-1.5383459329074e-38,42.493932877663,-11.944570037,329.01486714958,100000162.51202,-7.9526663677937e-14,0.0014313180020458,-0.0019854697409297,-59.221183570852,-3.5753047540622e-07,-153.84902289562,134.40814382393
38.116500000001,5.2755448927767e-38,1.7585065286982e-38,5.5090868869277e-59,0.00062772784620827,1.7317564408392,2.9672950758959,-2.4481834767613e-54,-4.4549708335729e-34,-8.2696507232532e-17,0.0031609642110297,5.790417388637e-17,-5.7904203240655e-17,-0.0066399160263684,-0.0066399125621022,5.7688335106554e-08,5.7688555279913e-08,-5.7904008980206e-17,5.7904050545774e-17,-5.7688415793223e-08,-5.7688461320781e-08,-0.0066399167675956,-0.0066399202318799,-0.0024176539693412,3.0262465096035e-40,-4.4549708335729e-40,42.496219605502,-11.949648404479,329.01486714958,100000162.51202,-7.9922180627755e-14,0.0013700327027325,-0.0018852760162929,-55.12024687272,-3.3301874135725e-07,-143.25290876499,125.15391213429
38.216500000001,1.0068739541002e-39,3.3562289145806e-40,1.0987263596238e-60,0.00062772784620827,1.7317785647744,2.8544069434733,-5.2752764208938e-56,-9.79801536788e-36,-7.1763151966488e-17,0.0027430512197922,5.0248628015414e-17,-5.0248653488752e-17,-0.0057620487102936,-0.0057620457040401,5.0061325411295e-08,5.0061516475401e-08,-5.0248484911594e-17,5.0248520981753e-17,-5.0061395430331e-08,-5.0061434938663e-08,-0.0057620493535227,-0.0057620523597919,-0.0020980144749809,6.1628842884924e-42,-9.79801536788e-42,42.498499828117,-11.954719293163,329.01486714958,100000162.51202,-8.021361416901e-14,0.0013086940943094,-0.0017850923294332,-51.017574370733,-3.0846309733103e-07,-132.64375659921,115.88786082096
38.316500000001,1.3939358628677e-41,4.646426075181e-42,1.5792278716305e-62,0.00062772784620827,1.7318006676637,2.7368704502419,-8.2456621678113e-58,-1.5631160960934e-37,-6.2275302216625e-17,0.0023803907580315,4.3605226496908e-17,-4.3605248602399e-17,-0.0050002447633294,-0.0050002421545346,4.3442687283427e-08,4.3442853086832e-08,-4.360510231293e-17,4.3605133614231e-17,-4.3442748045204e-08,-4.3442782330115e-08,-0.0050002453215169,-0.0050002479303254,-0.0018206347116038,9.0446026403414e-44,-1.5631160960934e-43,42.500782506809,-11.959790137385,329.01486714958,100000162.51202,-8.0595253331028e-14,0.0012473021169974,-0.001684918678339,-46.913165014059,-2.8385710693012e-07,-122.02155439072,106.60997806588
38.416500000001,1.320306530252e-43,4.4009936347249e-44,1.5410849478222e-64,0.00062772784620827,1.7318227494843,2.6140586552442,-8.8183445098615e-60,-1.7061161948063e-39,-5.4041846823883e-17,0.0020656778553888,3.78401531135e-17,-3.7840172296412e-17,-0.0043391593772087,-0.0043391571133242,3.7699103307797e-08,3.7699247190233e-08,-3.7840045347961e-17,3.7840072510899e-17,-3.7699156036223e-08,-3.7699185788305e-08,-0.0043391598615978,-0.0043391621254941,-0.0015799274946027,9.0116475891915e-46,-1.7061161948063e-45,42.50306093828,-11.96485810619,329.01486714958,100000162.51202,-8.099077028084e-14,0.0011858567109087,-0.0015847550610001,-42.807017750272,-2.5920237081795e-07,-111.38629011909,97.320252039004
38.516500000001,7.9292762781164e-46,2.6430731998437e-46,9.4474801711128e-67,0.00062772784620827,1.731844810213,2.4851896048675,-5.9798488622422e-62,-1.1807357630392e-41,-4.6896941551194e-17,0.0017925733360569,3.283728357092e-17,-3.2837300217647e-17,-0.0037654764900511,-0.0037654745254761,3.2714882045387e-08,3.2715006905039e-08,-3.2837190053128e-17,3.2837213624837e-17,-3.2714927802555e-08,-3.2714953621097e-08,-0.0037654769103988,-0.003765478874984,-0.0013710443244283,5.6404189997629e-48,-1.1807357630392e-47,42.505337075281,-11.969921359576,329.01486714958,100000162.51202,-8.1379348336751e-14,0.0011243578160471,-0.0014846014754066,-38.699131525358,-2.345091239969e-07,-100.7379517511,88.01867089836
38.616500000001,2.7279028391699e-48,9.0929359787182e-49,3.2802856808588e-69,0.00062772784620827,1.7318668498268,2.3492666976961,-2.3229653514316e-64,-4.680942664194e-44,-4.0696668528437e-17,0.0015555761304985,2.8495846438114e-17,-2.8495860883967e-17,-0.003267640564576,-0.0032676388597387,2.8389627692344e-08,2.8389736044226e-08,-2.8495765284366e-17,2.8495785739645e-17,-2.838966739993e-08,-2.8389689804986e-08,-0.0032676409293493,-0.0032676426341955,-0.0011897777245909,1.9994551266308e-50,-4.680942664194e-50,42.507608892175,-11.97497505629,329.01486714958,100000162.51202,-8.1754048604865e-14,0.0010628053723083,-0.0013844579195493,-34.589505283668,-2.0975766277649e-07,-90.076527240593,78.705222789993
38.716500000001,4.6747901642994e-51,1.5582489524781e-51,5.5931561606422e-72,0.00062772784620827,1.7318888683026,2.2049858470269,-4.4951470120244e-67,-9.243824542282e-47,-3.5316137354192e-17,0.0013499124689089,2.4728393335911e-17,-2.4728405871869e-17,-0.0028356238280796,-0.0028356223486399,2.4636217834799e-08,2.4636311861413e-08,-2.4728322911549e-17,2.4728340662423e-17,-2.4636252292621e-08,-2.4636271735491e-08,-0.002835624144626,-0.0028356256240735,-0.0010324764916138,3.4805707485455e-53,-9.243824542282e-53,42.509884252258,-11.980037763101,329.01486714958,100000162.51202,-8.2135687766871e-14,0.0010011993194794,-0.0012843243914198,-30.478137967984,-1.8496394177827e-07,-79.402004528584,69.379895847955
38.816500000001,3.2671641739671e-54,1.0890429518169e-54,3.8184058791198e-75,0.00062772784620827,1.7319108656171,2.0505835941121,-3.5475554460712e-70,-7.4446711768791e-50,-3.064696946259e-17,0.0011714397244779,2.1459037488272e-17,-2.1459048366844e-17,-0.0024607242857558,-0.0024607230019137,2.1379048565943e-08,2.1379130161242e-08,-2.1458976374758e-17,2.1458991778778e-17,-2.1379078468076e-08,-2.1379095340392e-08,-0.0024607245604514,-0.0024607258443003,-0.00089597214984141,2.4258296503581e-56,-7.4446711768791e-56,42.512149089906,-11.985086897511,329.01486714958,100000162.51202,-8.2454876883751e-14,0.00093953959723789,-0.0011842008890095,-26.365028519452,-1.6011387755418e-07,-68.714371543142,60.04267819432
38.916500000001,6.8933440465375e-58,2.2977516646654e-58,7.677653072143e-79,0.00062772784620827,1.7319328417472,1.8835725331684,-8.4522110121163e-74,-1.8100445435451e-53,-2.6595115083542e-17,0.0010165629695932,1.8621925155741e-17,-1.862193459605e-17,-0.0021353904387978,-0.0021353893246932,1.855251161724e-08,1.8552582424775e-08,-1.8621872122082e-17,1.8621885489527e-17,-1.8552537565993e-08,-1.8552552207611e-08,-0.0021353906771757,-0.0021353917912861,-0.00077751512970206,4.9794954493241e-60,-1.8100445435451e-59,42.514419767984,-11.990134578499,329.01486714958,100000162.51202,-8.27185548494e-14,0.0008778261451527,-0.0010840874103118,-22.250175877624,-1.352256605528e-07,-58.013616199422,50.69355793917
39.016500000001,2.7083277512814e-62,9.0276150500364e-63,2.7760899425896e-83,0.00062772784620827,1.7319547966696,1.7002411057341,-3.7499478126177e-78,-8.1949228007039e-58,-2.3078958823978e-17,0.00088216256419745,1.6159909161609e-17,-1.6159917353809e-17,-0.001853069176626,-0.0018530682098178,1.6099672829039e-08,1.6099734275067e-08,-1.6159863139561e-17,1.6159874739689e-17,-1.6099695347092e-08,-1.6099708052932e-08,-0.0018530693834878,-0.001853070350301,-0.0006747193838811,1.8380914503422e-64,-8.1949228007039e-64,42.516681174208,-11.995183602134,329.01486714958,100000162.51202,-8.3030805072371e-14,0.00081605890268246,-0.00098398395331938,-18.133578980422,-1.1029254130909e-07,-47.299726399604,41.332523180676
39.116500000001,8.4575231607855e-68,2.8191158889233e-68,7.5660623393806e-89,0.00062772784620827,1.7319767303611,1.4945956190395,-1.3223443839555e-83,-2.9489704842204e-63,-2.0027675711338e-17,0.00076553131773314,1.402339779198e-17,-1.4023404901085e-17,-0.0016080737793761,-0.0016080729403903,1.3971125341392e-08,1.3971178663604e-08,-1.4023357854536e-17,1.4023367921003e-17,-1.397114488232e-08,-1.3971155908313e-08,-0.0016080739588887,-0.0016080747978789,-0.00058551432582326,5.1142959086844e-70,-2.9489704842204e-69,42.518943764191,-12.000223523093,329.01486714958,100000162.51202,-8.3384688658769e-14,0.00075423780917666,-0.00088389051602538,-14.015236764145,-8.5305091532348e-08,-36.572690032894,31.95956200529
39.216500000001,3.7375304005491e-75,1.2458068832882e-75,2.6655453624916e-96,0.00062772784620827,1.7319986427983,1.2557206004616,-6.5984002233158e-91,-1.5017370107037e-70,-1.7379804585542e-17,0.00066431995894474,1.2169355883467e-17,-1.2169362052672e-17,-0.0013954693718588,-0.0013954686437957,1.2123994405205e-08,1.2124040677654e-08,-1.2169321226176e-17,1.216932996175e-17,-1.2124011362614e-08,-1.2124020930855e-08,-0.0013954695276378,-0.0013954702557046,-0.00050810312247481,1.8395350447543e-77,-1.5017370107037e-76,42.521203678997,-12.005264734892,329.01486714958,100000162.51202,-8.3835716759825e-14,0.00069236280387339,-0.00078380709642522,-9.8951481634743,-6.0275985767928e-08,-25.8324949755,22.574662488482
39.316500000001,2.7029539540916e-86,9.0094008471943e-87,1.2697115044527e-107,0.00062772784620827,1.7320205339579,0.95910077770201,-5.3870915827267e-102,-1.2514823521901e-81,-1.5082010103681e-17,0.00057648981515108,1.0560437977675e-17,-1.0560443331246e-17,-0.0012109735217195,-0.0012109728899141,1.0521073767905e-08,1.0521113922646e-08,-1.0560407902446e-17,1.0560415483084e-17,-1.0521088483365e-08,-1.0521096786583e-08,-0.0012109736569029,-0.0012109742887116,-0.00044092650116742,8.9478943437915e-89,-1.2514823521901e-87,42.523462708784,-12.0103041964,329.01486714958,100000162.51202,-8.4210417027933e-14,0.00063043382590149,-0.00068373369251363,-5.7733121114704,-3.5200535183519e-08,-15.079129090606,13.177812698822
39.416500000001,3.366210957035e-110,1.121902060137e-110,5.0930945430746e-132,0.00062772784620827,1.7320424038165,0.51277313579454,-7.5620689487012e-126,-1.7958475356638e-105,-1.3088007331834e-17,0.00050027170619541,9.1642353193661e-18,-9.1642399651379e-18,-0.0010508698921408,-0.0010508693438668,9.1300754784337e-09,9.1301103242891e-09,-9.1642092204031e-18,9.1642157988001e-18,-9.130088248353e-09,-9.1300954537964e-09,-0.0010508700094515,-0.0010508705577283,-0.00038263131123869,3.6707317631426e-113,-1.7958475356638e-111,42.525719838413,-12.015337794267,329.01486714958,100000162.51202,-8.4592056189944e-14,0.00056845081427878,-0.00058367030228619,-1.6497275395226,-1.0059136060438e-08,-4.3125802283211,3.7690007630919
39.516500000001,2.9917739719473e-110,9.9740914959444e-111,7.7595980150041e-132,0.00062772784620827,1.7320642545014,0,7.6785573376284e-126,1.8398131035027e-105,-1.1357629237132e-17,0.00043413030056723,7.9526229134997e-18,-7.9526269450494e-18,-0.00091193336837226,-0.00091193289258614,7.9229793781414e-09,7.9230096169926e-09,-7.9526002651057e-18,7.9526059737665e-18,-7.9229904597373e-09,-7.9229967125421e-09,-0.00091193347017322,-0.00091193394596184,-0.00033204325589854,5.6435973086248e-113,1.8398131035027e-111,1.2187368986544e-13,0,329.01486714958,100000162.51202,-8.4869611944799e-14,0.00050641742933881,-0.00048361692373876,2.4753591827116,7.6501068610643e-09,6.4658704777055,5.6506222833548
39.616500000001,1.882161310275e-86,6.2741913347703e-87,1.4820464739296e-107,0.00062772784620827,1.732086096759,0,5.4998125979989e-102,1.3336558676996e-81,-9.8560302024788e-18,0.00037673367080982,6.9012018254761e-18,-6.9012053240122e-18,-0.00079136610587182,-0.00079136569298967,6.8754774798667e-09,6.8755037208212e-09,-6.90118217144e-18,6.9011871253553e-18,-6.8754870963582e-09,-6.8754925224759e-09,-0.00079136619421362,-0.00079136660709793,-0.00028814361498928,1.0911410711673e-88,1.3336558676996e-87,1.2157507309408e-13,0,329.01486714958,100000162.51202,-8.50430842923e-14,0.00044435224932393,-0.0003835735548685,6.6007105091502,2.0409090033119e-08,17.249758653148,15.075240930393
39.716500000001,2.0420970577022e-75,6.8072008738728e-76,2.9796449941435e-96,0.00062772784620827,1.7321079320167,0,6.8045045481317e-91,1.6674017367462e-70,-8.5529584849085e-18,0.00032692548420694,5.9887897557809e-18,-5.9887927917734e-18,-0.00068673911410936,-0.00068673875581461,5.9664664414719e-09,5.9664892130939e-09,-5.9887727002168e-18,5.9887769991719e-18,-5.9664747865612e-09,-5.9664794952886e-09,-0.00068673919077143,-0.00068673954906806,-0.00025004797327782,2.2172878875963e-77,1.6674017367462e-76,1.2054522332358e-13,0,329.01486714958,100000162.51202,-8.5223495533703e-14,0.00038225773316469,-0.00028354019367272,10.726161621019,3.3181966418722e-08,28.038222731448,24.504080623224
39.816500000001,3.6266258744227e-68,1.2089022925174e-68,8.357073039896e-89,0.00062772784620827,1.7321297602654,0,1.3783318102403e-83,3.4123105267725e-63,-7.4221666676884e-18,0.00028370246809687,5.1970082379777e-18,-5.1970108725798e-18,-0.00059594492024415,-0.00059594460931977,5.1776363025627e-09,5.1776560635348e-09,-5.19699343734e-18,5.1969971679277e-18,-5.1776435443427e-09,-5.1776476305264e-09,-0.00059594498677069,-0.0005959452976967,-0.00021698897941108,6.2842247114213e-70,3.4123105267725e-69,1.2165521226901e-13,0,329.01486714958,100000162.51202,-8.5417784562911e-14,0.00032013385475854,-0.00018351683814927,14.851712976457,4.5976139545126e-08,38.83126471455,33.937143326242
39.916500000001,9.1151369945642e-63,3.0384323204021e-63,3.0615494608296e-83,0.00062772784620827,1.732151581496,0,3.9516765391271e-78,9.8830859771654e-58,-6.4408775209358e-18,0.00024619399310367,4.5099086337998e-18,-4.5099109200796e-18,-0.00051715468169511,-0.00051715441187823,4.4930978736892e-09,4.4931150220512e-09,-4.5098957899634e-18,4.5098990273278e-18,-4.4931041580291e-09,-4.493107703976e-09,-0.00051715473942613,-0.00051715500924443,-0.00018830073512954,2.326180922279e-64,9.8830859771654e-64,1.211305480548e-13,0,329.01486714958,100000162.51202,-8.5632890273841e-14,0.00025798058796539,-8.3503486296921e-05,18.977365034008,5.8778738854594e-08,49.628886606483,43.374431039943
40.016500000001,1.8210142239515e-58,6.070135452364e-59,8.4939855063714e-79,0.00062772784620827,1.7321733956995,0,9.0056873289925e-74,2.2752391411016e-53,-5.5893252061149e-18,0.00021364453628804,3.9136508840972e-18,-3.9136528681066e-18,-0.00044878134826555,-0.00044878111412131,3.8990626847541e-09,3.8990775659208e-09,-3.9136397383522e-18,3.9136425477027e-18,-3.8990681382376e-09,-3.8990712153727e-09,-0.00044878139836391,-0.00044878163250937,-0.0001634053809855,6.5207969935735e-60,2.2752391411016e-59,1.2170252904504e-13,0,329.01486714958,100000162.51202,-8.5799423727438e-14,0.00019579790660799,1.6499863885225e-05,23.103118252666,7.1603240728192e-08,60.431090413406,52.815945770297
40.116500000001,6.7746913077448e-55,2.2582584274148e-55,4.2485896556974e-75,0.00062772784620827,1.7321952028668,0,3.8219889380893e-70,9.7541171949317e-50,-4.850357138164e-18,0.00018539846285572,3.3962247323157e-18,-3.396226454018e-18,-0.00038944769462568,-0.0003894474914378,3.383565247636e-09,3.3835781613546e-09,-3.3962150601564e-18,3.396217498081e-18,-3.3835699801111e-09,-3.3835726504163e-09,-0.00038944773810051,-0.00038944794128946,-0.00014180145667859,3.2954145815964e-56,9.7541171949317e-56,1.2107854539312e-13,0,329.01486714958,100000162.51202,-8.5986773862742e-14,0.00013358578446999,0.00011649321439696,27.228973091848,8.4449383660514e-08,71.237878143577,62.261689525979
40.216500000001,7.6090053596754e-52,2.5363626367478e-52,6.2684731111099e-72,0.00062772784620827,1.7322170029888,0,4.8970190868484e-67,1.2624417200476e-46,-4.2090884856727e-18,0.00016088681988536,2.9472078051881e-18,-2.9472092992631e-18,-0.00033795857924005,-0.00033795840291576,2.936222038639e-09,2.936233245027e-09,-2.9471994117909e-18,2.947201527396e-18,-2.9362261454307e-09,-2.9362284626932e-09,-0.00033795861696705,-0.00033795879329226,-0.00012305380027818,4.9124217324059e-53,1.2624417200476e-52,1.2131014380856e-13,0,329.01486714958,100000162.51202,-8.6125551740726e-14,7.134419530081e-05,0.00021647656723876,31.354930011361,9.7292227949451e-08,82.049251807334,71.711664317771
40.316500000001,3.4854087067876e-49,1.1618141329738e-49,3.7066978117852e-69,0.00062772784620827,1.7322387960563,0,2.5589823860786e-64,6.6638054316319e-44,-3.6526023497991e-18,0.00013961587606563,2.5575556777244e-18,-2.5575569742668e-18,-0.00029327687095884,-0.0002932767179465,2.5480223460188e-09,2.5480320708035e-09,-2.5575483940232e-18,2.5575502299229e-18,-2.5480259098491e-09,-2.548027920745e-09,-0.00029327690369793,-0.00029327705671108,-0.00010678478287585,2.9348372839469e-50,6.6638054316319e-50,1.2162137341663e-13,0,329.01486714958,100000162.51202,-8.6354535239455e-14,9.0731128089764e-06,0.00031644992440839,35.480989471499,1.1016974424556e-07,92.865213417184,81.165872158397
40.416500000001,7.9529784927247e-47,2.6510159823541e-47,1.0770983792589e-66,0.00062772784620827,1.7322605820603,0,6.6612782306792e-62,1.7521999379101e-41,-3.169689582714e-18,0.00012115717660069,2.2194196938354e-18,-2.2194208189612e-18,-0.00025450255836919,-0.0002545024255867,2.2111467696839e-09,2.211155208749e-09,-2.2194133731168e-18,2.2194149662911e-18,-2.2111498623381e-09,-2.2111516073722e-09,-0.00025450258677982,-0.00025450271956301,-9.2666702109676e-05,8.6160995236416e-48,1.7521999379101e-47,1.2141545907364e-13,0,329.01486714958,100000162.51202,-8.651412979914e-14,-5.322748933085e-05,0.00041641328790614,39.607151932946,1.2305911169916e-07,103.68576498773,90.624315062484
40.516500000001,1.0395752406365e-44,3.4652784459232e-45,1.7735327375891e-64,0.00062772784620827,1.7322823609915,0,9.9334837997849e-60,2.6393386255529e-39,-2.7506230048059e-18,0.00010513891296253,1.9259888730037e-18,-1.9259898493759e-18,-0.00022085462111178,-0.00022085450588454,1.9188097171607e-09,1.9188170404919e-09,-1.9259833879512e-18,1.9259847704909e-18,-1.9188124009332e-09,-1.9188139152553e-09,-0.00022085464576622,-0.00022085476099406,-8.0415181345336e-05,1.4333403420396e-45,2.6393386255529e-45,1.219460707759e-13,0,329.01486714958,100000162.51202,-8.6729235510068e-14,-0.00011555763748504,0.00051636665972872,43.733417856825,1.3596714422759e-07,114.51090853567,100.08699504648
40.6165,8.6163576148993e-43,2.8721403241289e-43,1.8352084863608e-62,0.00062772784620827,1.7323041328409,0,9.3926994158789e-58,2.5208574761743e-37,-2.3869614727664e-18,9.1238433653617e-05,1.6713527185675e-18,-1.671353565853e-18,-0.00019165529800164,-0.00019165519800866,1.6651227232631e-09,1.6651290783722e-09,-1.6713479586971e-18,1.6713491584504e-18,-1.6651250522124e-09,-1.665126366325e-09,-0.0001916553193965,-0.00019165541939,-6.9783441555412e-05,1.4984668744248e-43,2.5208574761743e-43,1.2179939688704e-13,0,329.01486714958,100000162.51202,-8.6888830069757e-14,-0.00017791735805648,0.00061631004187314,47.859787704689,1.4888632223306e-07,125.34064607987,109.55391412871
40.7165,4.8862129379849e-41,1.6287487682824e-41,1.2896614036713e-60,0.00062772784620827,1.7323258975993,0,6.0766312536269e-56,1.6473367982732e-35,-2.0713798519522e-18,7.9175745126187e-05,1.4503821642056e-18,-1.4503828994709e-18,-0.00016631643507023,-0.00016631634829738,1.4449758403505e-09,1.4449813552468e-09,-1.4503780336405e-18,1.4503790747737e-18,-1.444977861388e-09,-1.444979001761e-09,-0.00016631645363647,-0.00016631654040976,-6.0557330517044e-05,1.063864499354e-41,1.6473367982732e-41,1.226373868727e-13,0,329.01486714958,100000162.51202,-8.704842462945e-14,-0.00024030667748589,0.00071624343633544,51.986261938523,1.6182294986595e-07,136.1749796413,119.0250743293
40.8165,2.0100162421198e-39,6.7000969006796e-40,6.5328510662615e-59,0.00062772784620827,1.7323476552576,0,2.8517815835941e-54,7.8089932051958e-34,-1.797521468204e-18,6.8707871948856e-05,1.258626260559e-18,-1.2586268986144e-18,-0.00014432763854111,-0.00014432756324056,1.2539347100525e-09,1.253939495821e-09,-1.2586226760984e-18,1.2586235795827e-18,-1.2539364638874e-09,-1.253937453491e-09,-0.0001443276546527,-0.00014432772995364,-5.2551009202355e-05,5.4445227906028e-40,7.8089932051958e-40,1.2164835297988e-13,0,329.01486714958,100000162.51202,-8.719414140134e-14,-0.00030272562225113,0.00081616684511248,56.112841020749,1.7477303172571e-07,147.01391124309,128.50047767027
40.9165,6.2798616434966e-38,2.09329976793e-38,2.4997749779689e-57,0.00062772784620827,1.7323694058064,0,1.0164713126473e-52,2.8114544271289e-32,-1.5598700671001e-18,5.9623962619065e-05,1.092222520977e-18,-1.0922230746747e-18,-0.00012524599410791,-0.00012524592876288,1.0881512432021e-09,1.0881553962413e-09,-1.0922194104201e-18,1.0922201944542e-18,-1.0881527651614e-09,-1.0881536239289e-09,-0.00012524600808937,-0.00012524607343473,-4.5603208473808e-05,2.1047584147202e-38,2.8114544271289e-38,1.2102206819529e-13,0,329.01486714958,100000162.51202,-8.7388430430546e-14,-0.00036517421886904,0.00091608027019936,60.239525414221,1.8774100004332e-07,157.85744291047,137.98012617543
41.0165,1.5458707284312e-36,5.1529316017599e-37,7.5012119523536e-56,0.00062772784620827,1.7323911492367,0,2.85462148544e-51,7.9751647289793e-31,-1.3536387015538e-18,5.1741042439008e-05,9.4781912050642e-19,-9.4781960099945e-19,-0.00010868714543271,-0.00010868708872699,9.4428610882995e-10,9.4428971279328e-10,-9.4781642119814e-19,9.4781710157465e-19,-9.4428742957011e-10,-9.4428817479946e-10,-0.00010868715756568,-0.00010868721427169,-3.9573980684131e-05,6.3807993075056e-37,7.9751647289793e-37,1.2192312977378e-13,0,329.01486714958,100000162.51202,-8.754108609634e-14,-0.00042765249389404,0.0010159837135909,64.366315582234,2.0073247087291e-07,168.70557667085,147.46402187047
41.1165,3.0890384835399e-35,1.0296850206516e-35,1.8197115497296e-54,0.00062772784620827,1.7324128855391,0,6.5077484161891e-50,1.8364340686143e-29,-1.1746733096499e-18,4.4900327906405e-05,8.2250738099961e-19,-8.2250779796637e-19,-9.431755216166e-05,-9.4317502953041e-05,8.1944147093493e-10,8.1944459841609e-10,-8.2250503856851e-19,8.2250562899203e-19,-8.1944261705924e-10,-8.1944326376136e-10,-9.4317562690519e-05,-9.4317611899397e-05,-3.434188074919e-05,1.56381984043e-35,1.8364340686143e-35,1.2081189520563e-13,0,329.01486714958,100000162.51202,-8.7707619549938e-14,-0.00049016047391867,0.0011158771772816,68.4932119885,2.1373582047855e-07,179.55831455377,156.95216678289
41.2165,5.1353019802453e-34,1.7117760666789e-34,3.6592234562177e-53,0.00062772784620827,1.7324346147046,0,1.2342613527894e-48,3.5180625572847e-28,-1.0193690405127e-18,3.8964028381901e-05,7.1376318240697e-19,-7.137635442463e-19,-8.1847771512915e-05,-8.1847728810196e-05,7.1110261816731e-10,7.111053321623e-10,-7.137611496701e-19,7.1376166203337e-19,-7.1110361276183e-10,-7.1110417396308e-10,-8.1847780649747e-05,-8.1847823352689e-05,-2.9801519912919e-05,3.1769616543888e-34,3.5180625572847e-34,1.2004301006212e-13,0,329.01486714958,100000162.51202,-8.7860275215726e-14,-0.00055269818557362,0.0012157606632649,72.620215097178,2.2675170638683e-07,190.4156585909,166.44456294208
41.3165,7.2491498582018e-33,2.416395060997e-33,6.2280337023678e-52,0.00062772784620827,1.7324563367238,0,1.987757631605e-47,5.7228216143868e-27,-8.8459764278257e-19,3.3812570609958e-05,6.1939612011818e-19,-6.1939643411852e-19,-7.1026628109984e-05,-7.1026591053018e-05,6.1708731068672e-10,6.1708966586279e-10,-6.1939435613069e-19,6.193948007541e-19,-6.170881737853e-10,-6.1708866078979e-10,-7.102663603883e-05,-7.102667309599e-05,-2.5861442930467e-05,5.4627503265508e-33,5.7228216143868e-33,1.2177003986182e-13,0,329.01486714958,100000162.51202,-8.8019869775422e-14,-0.0006152656555275,0.0013156341735339,76.747325372879,2.3978778248408e-07,201.27761081609,175.94121237925
41.4165,8.8403212063374e-32,2.9467874791964e-32,9.1309742793422e-51,0.00062772784620827,1.7324780515875,0,2.7655467107456e-46,8.0422347694672e-26,-7.676444531049e-19,2.9342190187513e-05,5.37505384242e-19,-5.3750565672817e-19,-6.1636154624906e-05,-6.1636122467264e-05,5.3550182390269e-10,5.355038676995e-10,-5.3750385347237e-19,5.3750423931185e-19,-5.3550257289048e-10,-5.3550299550781e-10,-6.1636161505475e-05,-6.1636193663285e-05,-2.2442285910253e-05,8.0912098088949e-32,8.0422347694672e-32,1.2165882872065e-13,0,329.01486714958,100000162.51202,-8.8172525441213e-14,-0.00067786291048809,0.0014154977100809,80.874543280625,2.5283932170146e-07,212.14417326534,185.44211712747
41.5165,9.4507682756406e-31,3.1502701906234e-31,1.1704981431117e-49,0.00062772784620827,1.7324997592864,0,3.3730126351395e-45,9.9074387561525e-25,-6.6615371541021e-19,2.5462841466027e-05,4.6644147211323e-19,-4.6644170857383e-19,-5.3487201322054e-05,-5.3487173415993e-05,4.6470280369885e-10,4.6470457728405e-10,-4.6644014372757e-19,4.6644047855498e-19,-4.6470345366251e-10,-4.6470382040535e-10,-5.3487207292938e-05,-5.3487235199145e-05,-1.9475177708827e-05,1.0478562369096e-30,9.9074387561525e-31,1.2254090704421e-13,0,329.01486714958,100000162.51202,-8.8345997788713e-14,-0.00074048997720132,0.0015153512748977,85.001869285895,2.6590481336147e-07,223.01534797681,194.94727922168
41.6165,8.9687817586456e-30,2.9896067879472e-30,1.3288263420081e-48,0.00062772784620827,1.7325214598113,0,3.6519382512052e-44,1.0834611048847e-23,-5.7808112956453e-19,2.2096383786645e-05,4.0477296281222e-19,-4.0477316801022e-19,-4.6415626066813e-05,-4.6415601850229e-05,4.0326416480108e-10,4.0326570389951e-10,-4.0477181005323e-19,4.0477210061291e-19,-4.0326472883266e-10,-4.032650470882e-10,-4.6415631248283e-05,-4.6415655464993e-05,-1.6900352678294e-05,1.2018011084554e-29,1.0834611048847e-29,1.2094512359791e-13,0,329.01486714958,100000162.51202,-8.8463958984981e-14,-0.00080314688245088,0.0016151948699758,89.129303854606,2.7898599596982e-07,233.89113699081,204.45670069868
41.7165,7.6378763287415e-29,2.545969338333e-29,1.3508523207034e-47,0.00062772784620827,1.7325431531528,0,3.548157183429e-43,1.0632565945703e-22,-5.0165267359174e-19,1.9175007514308e-05,3.5125768444537e-19,-3.5125786251402e-19,-4.027898805552e-05,-4.0278967040625e-05,3.4994836553235e-10,3.4994970114564e-10,-3.5125668409334e-19,3.5125693623795e-19,-3.4994885499297e-10,-3.4994913117176e-10,-4.0278992551944e-05,-4.0279013566949e-05,-1.4665946823236e-05,1.2342538293021e-28,1.0632565945703e-28,1.2109030819453e-13,0,329.01486714958,100000162.51202,-8.858885907515e-14,-0.00086583365305995,0.0017150284973055,93.256847453114,2.9208652807129e-07,244.77154234984,213.97038359712
41.8165,5.8921797116681e-28,1.9640677719181e-28,1.2415427788393e-46,0.00062772784620827,1.7325648393018,0,3.1228243085093e-42,9.4520725628176e-22,-4.3532887003475e-19,1.6639868166845e-05,3.0481769341684e-19,-3.0481784794293e-19,-3.4953678669363e-05,-3.4953660432861e-05,3.0368148034967e-10,3.0368263938072e-10,-3.0481682532196e-19,3.0481704413038e-19,-3.036819050984e-10,-3.0368214476342e-10,-3.4953682571313e-05,-3.4953700807911e-05,-1.2726953118454e-05,1.1460127320211e-27,9.4520725628176e-28,1.2180625288238e-13,0,329.01486714958,100000162.51202,-8.877620921047e-14,-0.00092855031588955,0.0018148521588768,97.384500548215,3.0520466820931e-07,255.65656609856,223.48832995753
41.9165,4.151673376786e-27,1.3838964882747e-27,1.0403510664592e-45,0.00062772784620827,1.7325865182488,0,2.5103663552587e-41,7.6746724034986e-21,-3.7777377668272e-19,1.4439901126681e-05,2.6451756170594e-19,-2.6451769580204e-19,-3.0332431659829e-05,-3.0332415834385e-05,2.6353156805597e-10,2.6353257385083e-10,-2.6451680838241e-19,2.6451699826204e-19,-2.6353193664842e-10,-2.6353214462718e-10,-3.0332435045899e-05,-3.0332450871426e-05,-1.1044314944787e-05,9.7014752165138e-27,7.6746724034986e-27,1.2145807189941e-13,0,329.01486714958,100000162.51202,-8.8928864876262e-14,-0.00099129689783966,0.0019146658566797,101.51226360716,3.18343116054e-07,266.54621028383,233.01054182232
42.0165,2.6913119696952e-26,8.9710735799713e-27,8.0070871890135e-45,0.00062772784620827,1.7326081899845,0,1.8566126266265e-40,5.7330577908315e-20,-3.2782807705295e-19,1.2530793060235e-05,2.2954553479667e-19,-2.2954565116384e-19,-2.6322162514031e-05,-2.6322148780878e-05,2.2868989996385e-10,2.2869077278196e-10,-2.295448810705e-19,2.2954504584602e-19,-2.2869021982447e-10,-2.2869040030623e-10,-2.6322165452427e-05,-2.6322179185651e-05,-9.5841393823311e-06,7.5433028076189e-26,5.7330577908315e-26,1.2186192056202e-13,0,329.01486714958,100000162.51202,-8.9074581648142e-14,-0.0010540734258497,0.0020144695927025,105.64013709762,3.3149774342282e-07,277.44047695463,242.53702123575
42.1165,1.61541748955e-25,5.3847445809589e-26,5.6975327269598e-44,0.00062772784620827,1.7326298544996,0,1.2714119590854e-39,3.9654517541816e-19,-2.8448572859649e-19,1.0874089326574e-05,1.9919718072884e-19,-1.9919728171104e-19,-2.2842093478863e-05,-2.2842081561379e-05,1.9845466989506e-10,1.9845542731736e-10,-1.991966134322e-19,1.9919675642265e-19,-1.9845494746671e-10,-1.9845510408687e-10,-2.2842096028772e-05,-2.2842107946318e-05,-8.3170145146306e-06,5.4225304060849e-25,3.9654517541816e-25,1.2194877945686e-13,0,329.01486714958,100000162.51202,-8.9220298420021e-14,-0.0011168799268974,0.0021142633689333,109.76812148773,3.4466723350938e-07,288.33936816219,252.06777024399
42.2165,9.0294618797686e-25,3.0098312795981e-25,3.7700067363127e-43,0.00062772784620827,1.7326515117848,0,8.1079025277852e-39,2.5542027928369e-18,-2.4687369825864e-19,9.4364193961155e-06,1.72861200918e-19,-1.7286128854928e-19,-1.9822126476842e-05,-1.9822116134976e-05,1.722168578909e-10,1.7221751517393e-10,-1.7286070862399e-19,1.7286083270959e-19,-1.7221709876463e-10,-1.7221723467795e-10,-1.9822128689626e-05,-1.9822139031546e-05,-7.2174169925053e-06,3.6248044241938e-24,2.5542027928369e-24,1.2153690014072e-13,0,329.01486714958,100000162.51202,-8.9435404130953e-14,-0.0011797164279995,0.0022140471873598,113.89621724606,3.5785113953281e-07,299.24288595988,261.60279089508
42.3165,4.7239612817456e-24,1.574659182482e-24,2.3318207718488e-42,0.00062772784620827,1.7326731618306,0,4.8394829585934e-38,1.5398749561641e-17,-2.1423437721314e-19,8.1888246771862e-06,1.500071169355e-19,-1.50007192981e-19,-1.7201431139728e-05,-1.7201422165166e-05,1.4944796288995e-10,1.4944853327319e-10,-1.5000668972799e-19,1.5000679740815e-19,-1.4944817191762e-10,-1.4944828986175e-10,-1.7201433059958e-05,-1.7201442034567e-05,-6.2631979242148e-06,2.2649782963513e-23,1.5398749561641e-23,1.2233087129249e-13,0,329.01486714958,100000162.51202,-8.9608876478452e-14,-0.0012425829562114,0.0023138210499697,118.02442484164,3.7105543948643e-07,310.1510324033,271.14208523893
42.4165,2.3238086403349e-23,7.7460547779725e-24,1.3544635979285e-41,0.00062772784620827,1.7326948046277,0,2.7160627319172e-37,8.7290124176628e-17,-1.8591032055516e-19,7.1061752110391e-06,1.3017458522677e-19,-1.3017465121824e-19,-1.4927219519069e-05,-1.492721173104e-05,1.2968935727595e-10,1.2968985224849e-10,-1.3017421450061e-19,1.3017430794432e-19,-1.2968953866795e-10,-1.2968964101862e-10,-1.4927221185425e-05,-1.4927228973495e-05,-5.4351367363968e-06,1.3291127191173e-22,8.7290124176628e-23,1.2136747974816e-13,0,329.01486714958,100000162.51202,-8.9747654356438e-14,-0.0013054795386278,0.0024135849587491,122.15274474393,3.8426529999636e-07,321.06380955021,280.68565532737
42.5165,1.0792644451006e-22,3.5975599135524e-23,7.4195543815718e-41,0.00062772784620827,1.7327164401668,0,1.4391792429397e-36,4.6717354800706e-16,-1.613310045686e-19,6.1666634859631e-06,1.1296412453715e-19,-1.1296418180385e-19,-1.2953682792988e-05,-1.2953676034619e-05,1.1254304886735e-10,1.1254347839927e-10,-1.1296380282493e-19,1.1296388391438e-19,-1.125432062774e-10,-1.1254329509623e-10,-1.2953684239034e-05,-1.2953690997439e-05,-4.7165540193114e-06,7.3552442755247e-22,4.6717354800706e-22,1.2112543776363e-13,0,329.01486714958,100000162.51202,-8.9907248916125e-14,-0.0013684062023823,0.0025133389156839,126.28117742287,3.9751022223368e-07,331.9812194606,290.23350321409
42.6165,4.7500705243005e-22,1.5833618944365e-22,3.8474209132911e-40,0.00062772784620827,1.7327380684383,0,7.226623228584e-36,2.3693873182145e-15,-1.400013348231e-19,5.3513651744785e-06,9.8029069270432e-20,-9.8029118965869e-20,-1.1241068551483e-05,-1.1241062686642e-05,9.766366426976e-11,9.7664037013001e-11,-9.8028790091977e-20,9.8028860460547e-20,-9.7663800868533e-11,-9.7663877944567e-11,-1.1241069806346e-05,-1.1241075671218e-05,-4.092975558007e-06,3.8531242402508e-21,2.3693873182145e-21,1.2114337224186e-13,0,329.01486714958,100000162.51202,-9.0066843475821e-14,-0.0014313629746488,0.0026130829227593,130.40972334881,4.1076338047193e-07,342.90326419664,299.78563095472
42.7165,1.9878198706986e-21,6.6260868936623e-22,1.8950993083318e-39,0.00062772784620827,1.732759689433,0,3.4503365017501e-35,1.142611680346e-14,-1.2149167362257e-19,4.6438579454747e-06,8.5068586698665e-20,-8.5068629823838e-20,-9.754880073853e-06,-9.754874984406e-06,8.475149211426e-11,8.4751815576892e-11,-8.5068344430562e-20,8.5068405495661e-20,-8.4751610653227e-11,-8.4751677538992e-11,-9.7548811628099e-06,-9.7548862522836e-06,-3.5518407819339e-06,1.9173375307709e-20,1.142611680346e-20,1.2142763351274e-13,0,329.01486714958,100000162.51202,-9.017786577819e-14,-0.0014943498826393,0.0027128169819601,134.53838299256,4.240334711816e-07,353.82994582271,309.34204060673
42.8165,7.933888692967e-21,2.6446376263353e-21,8.8944323725079e-39,0.00062772784620827,1.7327813031413,0,1.5711596163199e-34,5.2552498325615e-14,-1.0542918593072e-19,4.0298906722931e-06,7.3821617370909e-20,-7.3821654794477e-20,-8.4651814677633e-06,-8.4651770511952e-06,7.3546446053403e-11,7.3546726750844e-11,-7.3821407133219e-20,7.3821460124864e-20,-7.3546548920261e-11,-7.3546606963019e-11,-8.4651824127486e-06,-8.4651868293398e-06,-3.0822497597559e-06,9.0909109869045e-20,5.2552498325615e-20,1.2119914795037e-13,0,329.01486714958,100000162.51202,-9.0316643656158e-14,-0.0015573669536064,0.0028125410952702,138.66715682541,4.3731641465397e-07,364.76126640541,318.90273422957
42.9165,3.0285688776953e-20,1.0095259708607e-20,3.9889870786717e-38,0.00062772784620827,1.7328029095539,0,6.8426153850863e-34,2.3116940454402e-13,-9.1490329457018e-20,3.497096370276e-06,6.4061616664222e-20,-6.4061649139997e-20,-7.3459946663509e-06,-7.3459908337003e-06,6.3822825913124e-11,6.3823069499387e-11,-6.4061434222184e-20,6.4061480207771e-20,-6.3822915179893e-11,-6.3822965548783e-11,-7.3459954863994e-06,-7.34599931907e-06,-2.674743640558e-06,4.1188280783787e-19,2.3116940454402e-19,1.2103853308258e-13,0,329.01486714958,100000162.51202,-9.0455421534143e-14,-0.0016204142148408,0.0029122552646734,142.79604531907,4.5062431671942e-07,375.69722801357,328.46771388452
43.0165,1.1085045739974e-19,3.6950260422633e-20,1.7139315678224e-37,0.00062772784620827,1.7328245086612,0,2.8574149479394e-33,9.7502563531647e-13,-7.9394337632982e-20,3.0347430680661e-06,5.5591991557352e-20,-5.5592019739485e-20,-6.3747761089003e-06,-6.3747727829683e-06,5.5384771475958e-11,5.5384982857534e-11,-5.5591833236086e-20,5.5591873141892e-20,-5.5384848940713e-11,-5.5384892650302e-11,-6.3747768205307e-06,-6.3747801464801e-06,-2.3211141087468e-06,1.7878278505528e-18,9.7502563531647e-19,1.2228840900808e-13,0,329.01486714958,100000162.51202,-9.059419941212e-14,-0.0016834916936741,0.0030119594921521,146.92504894571,4.6394018388564e-07,386.63783271818,338.03698163484
43.1165,3.8994231212112e-19,1.2998114290532e-19,7.0720457779698e-37,0.00062772784620827,1.7328461004539,0,1.1468009042709e-32,3.9524337062579e-12,-6.8897564208043e-20,2.6335175434715e-06,4.8242140711361e-20,-4.8242165167518e-20,-5.5319624567705e-06,-5.5319595705679e-06,4.8062317322304e-11,4.8062500756994e-11,-4.8242003321846e-20,4.8242037951681e-20,-4.8062384545397e-11,-4.8062422476114e-11,-5.5319630743195e-06,-5.5319659605373e-06,-2.0142379759788e-06,7.4524282686041e-18,3.9524337062579e-18,1.218689364816e-13,0,329.01486714958,100000162.51202,-9.0746855077914e-14,-0.0017465994174764,0.003111653779689,151.05416817798,4.772799151774e-07,397.58308259253,347.61053954565
43.2165,1.3211674620463e-18,4.40390390808e-19,2.8084570671787e-36,0.00062772784620827,1.7328676849223,0,4.4330047071302e-32,1.5431493826615e-11,-5.9788575549867e-20,2.2853373817867e-06,4.1864018093572e-20,-4.1864039316365e-20,-4.8005758034225e-06,-4.8005732988296e-06,4.17079692635e-11,4.1708128446178e-11,-4.1863898868407e-20,4.1863928919811e-20,-4.1708027598987e-11,-4.1708060514861e-11,-4.8005763393397e-06,-4.8005788439458e-06,-1.7479334378324e-06,2.9897880548358e-17,1.5431493826615e-17,1.2195337011011e-13,0,329.01486714958,100000162.51202,-9.0899510743708e-14,-0.0018097374136587,0.0032113381292654,155.18340348894,4.9063161143753e-07,408.53297971209,357.18838968403
43.3165,4.3198408913956e-18,1.4399509325589e-18,1.0755658716285e-35,0.00062772784620827,1.7328892620571,0,1.6537206102073e-31,5.8143946144292e-11,-5.1883891794598e-20,1.9831869173461e-06,3.6329150926875e-20,-3.632916934379e-20,-4.1658790535202e-06,-4.1658768801482e-06,3.6193733406659e-11,3.6193871543699e-11,-3.6329047464541e-20,3.632907354283e-20,-3.6193784029576e-11,-3.6193812593623e-11,-4.1658795186385e-06,-4.1658816920219e-06,-1.5168346058552e-06,1.1567216493447e-16,5.8143946144292e-17,1.2203962689747e-13,0,329.01486714958,100000162.51202,-9.1031349727781e-14,-0.0018729057096705,0.0033110125428627,159.31275535215,5.040010302378e-07,419.48752615456,366.77053411896
43.4165,1.3655883572475e-17,4.5519735110911e-18,3.979795403551e-35,0.00062772784620827,1.7329108318488,0,5.9644740807391e-31,2.1181001854034e-10,-4.5024291062197e-20,1.7209715331863e-06,3.1526051897756e-20,-3.152606787976e-20,-3.6150698650223e-06,-3.6150679793105e-06,3.1408538008349e-11,3.1408657882207e-11,-3.1525962114241e-20,3.1525984744703e-20,-3.140858193838e-11,-3.1408606725956e-11,-3.6150702688459e-06,-3.6150721545675e-06,-1.3162801089276e-06,4.3238559096812e-16,2.1181001854034e-16,1.2203097671112e-13,0,329.01486714958,100000162.51202,-9.1170127605762e-14,-0.0019361043330025,0.0034106770224614,163.4422242416,5.1738404512325e-07,430.44672399989,376.35697492136
43.5165,4.1805826621798e-17,1.3935312599316e-17,1.4252346986485e-34,0.00062772784620827,1.7329323942877,0,2.0833445320471e-30,7.472515433487e-10,-3.9071602293678e-20,1.4933800778069e-06,2.7357973497848e-20,-2.7357987366861e-20,-3.1369916419807e-06,-3.1369900066997e-06,2.7255996185529e-11,2.7256100210792e-11,-2.7357895584666e-20,2.7357915223141e-20,-2.7256034307543e-11,-2.725605581794e-11,-3.1369919931117e-06,-3.1369936284013e-06,-1.1422079949755e-06,1.5642813261194e-15,7.472515433487e-16,1.2134377610177e-13,0,329.01486714958,100000162.51202,-9.1288088802036e-14,-0.0019993333111841,0.0035103315700415,167.57181063175,5.3079599494141e-07,441.41057533027,385.94771416406
43.6165,1.241248238765e-16,4.13750494482e-17,4.9477373788462e-34,0.00062772784620725,1.7329539493644,0,7.0584311643149e-30,2.5570822755623e-09,-3.3905922109177e-20,1.2957293095098e-06,2.3740959265269e-20,-2.3740971300651e-20,-2.7218067743103e-06,-2.7218053590617e-06,2.3652464416523e-11,2.3652554688543e-11,-2.3740891653035e-20,2.3740908695096e-20,-2.3652497498403e-11,-2.3652516164897e-11,-2.7218070813884e-06,-2.7218084966444e-06,-9.910371781828e-07,5.4859585552338e-15,2.5570822755623e-15,1.2243158170442e-13,0,329.01486714958,100000162.51202,-9.1433805573916e-14,-0.0020625926717869,0.0036099761875824,171.70151499751,5.4421968466642e-07,452.37908223009,395.54275392182
43.7165,3.5782170515956e-16,1.1927420820717e-16,1.6674956928486e-33,0.00062772784620391,1.7329754970694,0,2.3229727248608e-29,8.4998418857431e-09,-2.9423199626594e-20,1.1237149374302e-06,2.0602152672313e-20,-2.0602163116491e-20,-2.3604736741415e-06,-2.3604724587347e-06,2.0525357718233e-11,2.0525436055335e-11,-2.0602093999134e-20,2.0602108788054e-20,-2.0525386426338e-11,-2.0525402624923e-11,-2.3604739484486e-06,-2.3604751638615e-06,-8.5947834543374e-07,1.8677873276539e-14,8.4998418857431e-15,1.219639543856e-13,0,329.01486714958,100000162.51202,-9.1600339027517e-14,-0.0021258824424193,0.0037096108770627,175.83133781416,5.5766325326927e-07,463.3522467858,405.14209627114
43.8165,1.0016034885785e-15,3.3386867172084e-16,5.4633492719992e-33,0.00062772784619391,1.732997037393,0,7.4362770665338e-29,2.7482228743818e-08,-2.5533140591893e-20,9.7284618017461e-07,1.7878329595479e-20,-1.7878338658826e-20,-2.0435590080318e-06,-2.0435579944668e-06,1.7811687542324e-11,1.7811755522429e-11,-1.7878278679517e-20,1.7878291513184e-20,-1.7811712454913e-11,-1.7811726511873e-11,-2.0435592712223e-06,-2.0435602847916e-06,-7.4410549594454e-07,6.1821268489122e-14,2.7482228743818e-14,1.2193957659523e-13,0,329.01486714958,100000162.51202,-9.1739116905495e-14,-0.002189202650734,0.0038092356404606,179.96127955739,5.7111443236758e-07,474.33007108596,414.74574329038
43.9165,2.7132767783441e-15,9.044278182528e-16,1.7423961748624e-32,0.00062772784616264,1.7330185703258,0,2.3184045298826e-28,8.6539562556442e-08,-2.2157388602876e-20,8.369117687911e-07,1.5514624806598e-20,-1.5514632671674e-20,-1.7580153776112e-06,-1.7580146276e-06,1.5456792879465e-11,1.5456851871875e-11,-1.5514580622265e-20,1.5514591759186e-20,-1.5456814498343e-11,-1.5456826696823e-11,-1.7580156847058e-06,-1.758016434718e-06,-6.4019455442849e-07,1.9917807323448e-13,8.6539562556442e-14,1.2179807874246e-13,0,329.01486714958,100000162.51202,-9.1905650359087e-14,-0.0022525533244253,0.0039088504797538,184.09134070296,5.8458619146898e-07,485.31255722028,424.35369705885
44.0165,7.0039255678549e-15,2.3346473175018e-15,5.4156290693201e-32,0.00062772784606649,1.733040095858,0,7.047828019081e-28,2.657108659984e-07,-1.9227946786573e-20,7.0361068702997e-07,1.3463426829829e-20,-1.3463433655059e-20,-1.4780032373831e-06,-1.4780029841825e-06,1.3413238838989e-11,1.3413290031966e-11,-1.3463388487135e-20,1.3463398151636e-20,-1.341325759962e-11,-1.3413268185327e-11,-1.4780037440371e-06,-1.4780039972299e-06,-5.3841587687689e-07,6.2540109295208e-13,2.657108659984e-13,1.2293544432912e-13,0,329.01486714958,100000162.51202,-9.201667266145e-14,-0.0023159344912392,0.004008455396919,188.22152172612,5.9808348298692e-07,496.29970727813,433.96595965552
44.1165,1.6173761097106e-14,5.3912643086889e-15,1.6422958318999e-31,0.00062772784577676,1.7330616139802,0,2.0913694049863e-27,7.9636608018442e-07,-1.6685808125464e-20,5.4212361897101e-07,1.1683418894763e-20,-1.1683424817627e-20,-1.1387834346961e-06,-1.1387844064011e-06,1.1639860029376e-11,1.1639904454064e-11,-1.1683385621381e-20,1.1683394008131e-20,-1.1639876309642e-11,-1.1639885495795e-11,-1.1387845898105e-06,-1.1387836180727e-06,-4.1542509277401e-07,1.915912453775e-12,7.9636608018442e-13,1.2268584606558e-13,0,329.01486714958,100000162.51202,-9.2231778372373e-14,-0.0023793461789868,0.0041080503939329,192.35182309943,6.1159289759337e-07,507.29152334284,443.58253315409
44.2165,2.3444573484204e-14,7.8148555158988e-15,4.8641808763891e-31,0.00062772784492207,1.7330831246826,0,6.0640401678823e-27,2.3322306517326e-06,-1.4479766808186e-20,2.6833042156015e-07,1.0138746643043e-20,-1.0138751782846e-20,-5.6365291441124e-07,-5.6365724569568e-07,1.0100928124262e-11,1.0100966675435e-11,-1.0138717768761e-20,1.013872504669e-20,-1.0100942252073e-11,-1.0100950223686e-11,-5.6365599961828e-07,-5.6365166822944e-07,-2.0752661026147e-07,5.7325514172455e-12,2.3322306517326e-12,1.2218459738557e-13,0,329.01486714958,100000162.51202,-9.2384434038165e-14,-0.0024427884155966,0.0042076354727713,196.48224528725,6.2513248592573e-07,518.28800747685,453.20341960991
44.3165,-8.7743238258644e-14,-2.9247987463743e-14,1.4084803354392e-30,0.00062772784245574,1.7331046279553,0,1.7197599777001e-26,6.6804250613857e-06,-1.2565386568537e-20,-3.5060035382705e-07,8.7982957583432e-21,-8.7983002186225e-21,7.3647485008561e-07,7.3646110377856e-07,8.7654232199101e-12,8.7654566739159e-12,-8.7982707015627e-21,8.7982770172608e-21,-8.7654354797854e-12,-8.7654423973676e-12,7.3646624162104e-07,7.364799882355e-07,2.6158098713096e-07,1.6768815829096e-11,6.6804250613857e-12,1.2259100035987e-13,0,329.01486714958,100000162.51202,-9.2544028597861e-14,-0.0025062612292493,0.004307210635409,200.61278873011,6.3869053791073e-07,529.2891616801,462.82862102365
44.4165,-1.3703056092655e-12,-4.5677095884654e-13,3.9909415009316e-30,0.00062772783548531,1.7331261237884,0,4.7746440572477e-26,1.8732829611466e-05,-1.0904104989887e-20,-1.9526102278426e-06,7.6350647994561e-21,-7.6350686700742e-21,4.1016619437826e-06,4.1016220182338e-06,7.6063847407666e-12,7.6064137709667e-12,-7.6350430554902e-21,7.6350485361549e-21,-7.6063953795023e-12,-7.6064013822281e-12,4.1016379372083e-06,4.1016778636299e-06,1.4750087412271e-06,4.799982039598e-11,1.8732829611466e-11,1.2243308848043e-13,0,329.01486714958,100000162.51202,-9.2661989794121e-14,-0.002569764648745,0.0044067758838211,204.74345380273,6.5230803055319e-07,540.29498777799,472.45813924318
44.5165,-1.2062549847675e-11,-4.02086948345e-12,1.1075418072265e-29,0.00062772781619167,1.7331476121706,0,1.2988258039042e-25,5.1468132076345e-05,-9.4624551177757e-21,-6.2560761762934e-06,6.6256201726791e-21,-6.6256235316552e-21,1.3141536675053e-05,1.3141425136557e-05,6.6003040848009e-12,6.6003292745882e-12,-6.6256013036114e-21,6.6256060595901e-21,-6.6003133162753e-12,-6.6003185246035e-12,1.3141470666116e-05,1.3141582207032e-05,4.7342710603655e-06,1.3456620206406e-10,5.1468132076345e-11,1.2239772925165e-13,0,329.01486714958,100000162.51203,-9.2835462141624e-14,-0.0026332987044631,0.0045063312199814,208.87424070317,6.6602823970547e-07,551.30548712548,482.0919757047
44.6165,-9.2487077302695e-11,-3.0829170715432e-11,3.0127255847667e-29,0.00062772776383876,1.7331690930886,0,3.464536461334e-25,0.00013866152014285,-8.2113871687533e-21,-1.7804359070071e-05,5.7496211916938e-21,-5.7496241068287e-21,3.7399897516694e-05,3.7399593649471e-05,5.7264840459302e-12,5.7265058990551e-12,-5.7496048176232e-21,5.7496089445886e-21,-5.7264920549747e-12,-5.7264965726012e-12,3.7399719201166e-05,3.7400023074957e-05,1.3481077810703e-05,3.6978153850925e-10,1.3866152014285e-10,1.2120080933804e-13,0,329.01486714959,100000162.51203,-9.3029751170838e-14,-0.0026968634308618,0.0046058766458631,213.00514916564,6.7998729241085e-07,562.3206598403,491.73013076167
44.7165,-6.6454862214212e-10,-2.2151722999356e-10,8.0391036132636e-29,0.0006277276244665,1.7331905665231,0,9.068826634293e-25,0.00036659068922891,-7.1256729243622e-21,-4.8388988103796e-05,4.9894030336417e-21,-4.9894055640174e-21,0.00010164606797422,0.00010164525703824,4.9661959336048e-12,4.9662148806458e-12,-4.9893888251955e-21,4.9893924059538e-21,-4.9662028785974e-12,-4.9662067933238e-12,0.0001016455949993,0.00010164640595274,3.6649154908211e-05,9.9677965159679e-10,3.6659068922891e-10,1.2201388792737e-13,0,329.01486714959,100000162.51203,-9.3119956791488e-14,-0.0027604588728051,0.0047054121634395,217.13617773037,6.9456783759222e-07,573.34050285199,501.37260197741
44.8165,-4.5660896093255e-09,-1.522036799768e-09,2.105809246574e-28,0.00062772726019527,1.7332120324397,0,2.3311885987854e-24,0.00095174012283725,-6.183371809021e-21,-0.00012806405032244,4.3296028863155e-21,-4.329605083815e-21,0.00026901175661456,0.00026900963273696,4.3012354235123e-12,4.3012518212438e-12,-4.3295905584218e-21,4.3295936642892e-21,-4.3012414367078e-12,-4.3012448191253e-12,0.00026901052443299,0.00026901264835617,9.7011997350749e-05,2.6375906075441e-09,9.5174012283725e-10,1.217635403359e-13,0,329.01486714961,100000162.51205,-9.3251795775579e-14,-0.002824085101357,0.0048049377746825,221.26732192047,7.106581751987e-07,584.36500502936,511.01937986089
44.9165,-3.0207307936317e-08,-1.0069147933767e-08,5.4186409595714e-28,0.00062772632485075,1.7332334907669,0,5.8886383158126e-24,0.0024279802544919,-5.3653266358301e-21,-0.00033209935314623,3.7568068688125e-21,-3.7568087799606e-21,0.0006976089504899,0.00069760348608808,3.7109296000108e-12,3.7109437154377e-12,-3.7567961759445e-21,3.7567988674782e-21,-3.7109347830817e-12,-3.7109376803332e-12,0.00069760579607118,0.00069761126058958,0.0002516134450908,6.8557307885633e-09,2.4279802544919e-09,1.2253466279011e-13,0,329.01486714965,100000162.51209,-9.3439145910913e-14,-0.0028877422524752,0.0049044534815644,225.39856976875,7.3052219986278e-07,595.39413521924,520.6704373983
45.0165,-1.9296685249221e-07,-6.4322570125755e-08,1.3705676638151e-27,0.00062772396396808,1.7332549413424,0,1.4626381301488e-23,0.0060898270059252,-4.6546294806841e-21,-0.00084582183454448,3.2591760358962e-21,-3.2591777046884e-21,0.0017767359707803,0.0017767221506005,3.1653627231963e-12,3.1653746822879e-12,-3.259166769478e-21,3.2591690960207e-21,-3.1653671318392e-12,-3.1653695498594e-12,0.0017767280313017,0.0017767418517741,0.00064092455243682,1.7514036461427e-08,6.0898270059252e-09,1.2324348408096e-13,0,329.01486714975,100000162.5122,-9.3647312727964e-14,-0.0029514306202378,0.0050039592860555,229.5298910264,7.5958835624698e-07,606.42781337861,530.32570478772
45.1165,-1.192061846939e-06,-3.9735569540593e-07,3.4096471774094e-27,0.00062771810339004,1.7332763837868,0,3.574361528927e-23,0.015023841042207,-4.035934048825e-21,-0.0021179656928697,2.8259648959805e-21,-2.8259663691943e-21,0.0044490051946481,0.0044489708205699,2.6096284632266e-12,2.6096381170911e-12,-2.8259568857022e-21,2.8259588824579e-21,-2.6096320662628e-12,-2.60963392493e-12,0.0044489855403657,0.0044490199151696,0.0016051163438354,4.3993807619087e-08,1.5023841042207e-08,1.2297755534038e-13,0,329.01486714999,100000162.51245,-9.4022012998702e-14,-0.0030151508776698,0.0051034551901265,233.66121156933,8.1080149045093e-07,617.46584207938,539.9850094899
45.2165,-7.1260356677488e-06,-2.3753555409836e-06,8.3474703771178e-27,0.00062770379188068,1.733297817209,0,8.5986972908053e-23,0.036461787755061,-3.4943466882199e-21,-0.0052168833224399,2.4467448966761e-21,-2.4467462350028e-21,0.010958600742426,0.010958516653435,1.9272068208358e-12,1.9272134195529e-12,-2.4467380198049e-21,2.4467396995257e-21,-1.9272093999166e-12,-1.9272104250406e-12,0.010958552885157,0.010958636975918,0.003954187357463,1.0867642507683e-07,3.6461787755061e-08,1.2302348625639e-13,0,329.0148671506,100000162.51309,-9.4278752073123e-14,-0.0030789045906113,0.0052029411957473,237.79235376239,9.1435441186586e-07,628.50774683836,549.64793647661
45.3165,-4.1206266704901e-05,-1.3735481143463e-05,2.0120656455492e-26,0.00062766941763104,1.7333192395348,0,2.037233573774e-22,0.087014166050829,-3.0133111150392e-21,-0.012640794571068,2.1099233053772e-21,-2.109924607751e-21,0.026553290257416,0.02655308805148,8.5559784801337e-13,8.5559927129636e-13,-2.1099175132657e-21,2.1099188460552e-21,-8.5559876043144e-13,-8.555982303001e-13,0.026553175703766,0.026553377913936,0.0095825238850449,2.6389261213198e-07,8.701416605083e-08,1.219271577298e-13,0,329.01486715207,100000162.5146,-9.4597941192752e-14,-0.0031426953893981,0.0053024173048873,241.92290030189,1.1389497153298e-06,639.55241140635,559.31350900878
45.4165,-0.00022993162160191,-7.6644197494524e-05,4.7766288674406e-26,0.00062758830347288,1.7333406460174,0,4.7552182028067e-22,0.20385022163756,-2.5702187362912e-21,-0.030108460656356,1.7996695481405e-21,-1.799671005296e-21,0.063245919091293,0.063245442074805,-1.2054562266125e-12,-1.20546524576e-12,-1.7996649301292e-21,1.7996657972059e-21,1.2054585963927e-12,1.2054624345123e-12,0.063245650087345,0.063246127113782,0.022827487927753,6.2881847727754e-07,2.0385022163757e-07,1.2013811274575e-13,0,329.01486715553,100000162.51819,-9.481304690399e-14,-0.0032065315684846,0.0054018835195153,246.05189170245,1.6350050684416e-06,650.59726709261,568.97947905713
45.5165,-0.0012299300457222,-0.00040997837507736,1.1169646638878e-25,0.00062740084147869,1.7333620260767,0,1.0936223988699e-21,0.46680234937236,-2.1270381999035e-21,-0.070331256355217,1.4893540011062e-21,-1.4893560124881e-21,0.14773803357015,0.14773693510292,-5.6231710558457e-12,-5.6232029598082e-12,-1.4893509291205e-21,1.4893510203972e-21,5.623180541567e-12,5.6231917918742e-12,0.14773741699536,0.14773851548538,0.053332785272564,1.4639297241137e-06,4.6680234937238e-07,1.1940768023611e-13,0,329.01486716354,100000162.52647,-9.5055908191231e-14,-0.0032704316048,0.0055013398415994,250.17718315249,2.7092224205592e-06,661.63656843566,578.6408179771
45.616499999999,-0.0062124960642608,-0.0020708402666139,2.5718384400085e-25,0.00062697959707509,1.7333833571365,0,2.4773245860339e-21,1.0348941636841,-1.6103273514174e-21,-0.16024006858214,1.1275523207352e-21,-1.1275557451445e-21,0.33660071526293,0.33659827318537,-1.5474555146652e-11,-1.547463852628e-11,-1.1275517646367e-21,1.1275503579885e-21,1.5474580577705e-11,1.5474608630449e-11,0.33659935127552,0.33660179340336,0.12154042978051,3.2973337285577e-06,1.0348941636842e-06,1.197587150277e-13,0,329.01486718161,100000162.54507,-9.5319586160943e-14,-0.0033344349186772,0.0056007862731073,254.29418799153,4.8979330870209e-06,672.65802245555,588.28676601094
45.716499999999,-0.028749172891081,-0.0095830933568253,5.8241146427331e-25,0.00062607281259361,1.7334045946763,0,5.5210721705207e-21,2.1795771549957,-8.693276886453e-22,-0.35209019472663,6.0870309335684e-22,-6.0870977150855e-22,0.73960152727427,0.73959639873586,-3.7567980503708e-11,-3.7568179665626e-11,-6.0870728617896e-22,6.0870278670783e-22,3.7568041772619e-11,3.7568107686242e-11,0.7395986787769,0.73960380741999,0.26715363221015,7.0477565929091e-06,2.1795771549961e-06,1.2078612880308e-13,0,329.01486722071,100000162.58511,-9.5631836389289e-14,-0.0033986192499708,0.005700222816006,258.39384263381,8.8199775143102e-06,683.6373248235,597.89604963168
45.816499999999,-0.11579039562706,-0.038596926419389,1.2941871052188e-24,0.00062425130664709,1.7334256629657,0,1.2078374099008e-20,4.225508377616,4.0922080452013e-22,-0.73146611783331,-2.8653899555047e-22,2.8652519433469e-22,1.5365192695201,1.5365094570146,-8.6635605852679e-11,-8.6636062347779e-11,2.8652520839802e-22,-2.8653619024175e-22,8.6635746825766e-11,8.6635896823472e-11,1.536513856456,1.5365236691584,0.55532414513732,1.3842588251529e-05,4.2255083776171e-06,1.214068622361e-13,0,329.01486729992,100000162.66555,-9.5951025513175e-14,-0.0034631168590669,0.0057996494722615,262.46069170017,1.428067968103e-05,694.53300641959,607.4323705187
45.916499999999,-0.38040382818226,-0.1268016224474,2.8130744318531e-24,0.0006209571684765,1.7334464638932,0,2.5858363067891e-20,7.2597293321034,2.8672076598735e-21,-1.3987008569177,-2.0076263324513e-21,2.0075975085485e-21,2.9381132688394,2.9380968961802,-1.9366862016776e-10,-1.9366963800606e-10,2.0075928737062e-21,-2.0076172807646e-21,1.9366893526496e-10,1.9366926830768e-10,2.9381043142627,2.9381206872398,1.0627383447866,2.4034758328454e-05,7.2597293321058e-06,1.2076696093395e-13,0,329.01486744492,100000162.81102,-9.6180009017204e-14,-0.003528099151957,0.0058990662438399,266.47463618721,1.893731171868e-05,705.29108870618,616.84847966723
46.016499999999,-0.97514034410416,-0.32504746139744,5.9670014595824e-24,0.00061575028616977,1.7334669206865,0,5.4049704892118e-20,10.817816609995,7.7871560705086e-21,-2.4061772921603,-5.4525843242655e-21,5.4525248309266e-21,5.0544184637892,5.0543952429548,-4.2186718076261e-10,-4.21869395446e-10,5.4525109519043e-21,-5.4525625377386e-21,4.2186786784005e-10,4.2186859010003e-10,5.0544058951798,5.054429116449,1.8299678686971,3.6091229307829e-05,1.0817816609998e-05,1.2050039885396e-13,0,329.01486767737,100000163.04095,-9.6464503671481e-14,-0.003593700375766,0.0059984731327063,270.41980805904,1.985864001787e-05,715.86885925897,626.10698538254
46.116499999999,-1.9729567404333,-0.6576532658821,1.2353328894325e-23,0.00060855784117367,1.7334870217652,0,1.10317413537e-19,14.202863058213,1.767002770905e-20,-3.708015512778,-1.2372591532249e-20,1.2372471068561e-20,7.7890590662041,7.7890306162581,-8.9669219807518e-10,-8.9669690424459e-10,1.2372438601443e-20,-1.2372543978008e-20,8.9669366110402e-10,8.9669519129106e-10,7.7890438403552,7.789072290817,2.8226389984586,4.7633340483926e-05,1.4202863058216e-05,1.2094197279219e-13,0,329.01486800247,100000163.35857,-9.6693487172255e-14,-0.0036599410159887,0.0060978701408252,274.29356008937,1.765879993527e-05,726.25900837156,635.20147805682
46.216499999999,-3.3334924847589,-1.111165462916,2.5015642730873e-23,0.00059959482834714,1.7335068062595,0,2.2033358995301e-19,17.119660030766,3.7305428126716e-20,-5.1976144381858,-2.6121339722066e-20,2.6121100501414e-20,10.918108891541,10.918077359684,-1.8624132379806e-09,-1.862423016702e-09,2.6121030945839e-20,-2.6121240816674e-20,1.8624162838319e-09,1.8624194544915e-09,10.918092202171,10.918123734588,3.9595030038958,5.7623368720766e-05,1.711966003077e-05,1.225974397948e-13,0,329.01486841103,100000163.75437,-9.6977981822344e-14,-0.0037267530077114,0.0061972572701612,278.1036109905,1.5192542141129e-05,736.48203590867,644.14988832737
46.316499999999,-4.9993776416084,-1.6664607629287,4.9667099760237e-23,0.00058910133599565,1.7335263174638,0,4.316315684914e-19,19.683392607831,7.5728721569444e-20,-6.7797799871202,-5.3025409735736e-20,5.3024943149566e-20,14.241603582887,14.241570509782,-3.7871546868337e-09,-3.7871745912905e-09,5.3024800609646e-20,-5.3025210182185e-20,3.7871608977829e-09,3.7871673349482e-09,14.24158625726,14.241619330946,5.1676198954799,6.6433591514588e-05,1.9683392607835e-05,1.2110367573136e-13,0,329.01486889159,100000164.21776,-9.7234720895718e-14,-0.0037940609736994,0.0062966345226771,281.85858650756,1.3814102438873e-05,746.56091171145,652.97231193979
46.416499999999,-6.9505402833634,-2.3168485550713,9.6839472639535e-23,0.00057721367532381,1.7335455802077,0,8.3066435234724e-19,22.092637332091,1.4971748300161e-19,-8.3978970723548,-1.0483249448411e-19,1.0483159971646e-19,17.64061777434,17.640583977615,-7.5536161239713e-09,-7.5536558828083e-09,1.0483131574657e-19,-1.0483210087956e-19,7.553628551207e-09,7.5536413780151e-09,17.640600240062,17.640634037378,6.4034836479695,7.473498217182e-05,2.2092637332095e-05,1.2263158474449e-13,0,329.01486943729,100000164.74272,-9.7477582180608e-14,-0.0038618217524879,0.0063960019003362,285.56337752568,1.3382235515196e-05,756.50861261999,661.68010024469
46.516499999999,-9.1925926978744,-3.0641996144339,1.8559012697276e-22,0.0005639749361486,1.7335646028417,0,1.5718204549825e-18,24.477505608692,2.8990445969098e-19,-10.024676366246,-2.0299170740148e-19,2.0299001952389e-19,21.057827660942,21.057793515744,-1.4797962370418e-08,-1.4798040407704e-08,2.0298946575633e-19,-2.0299094566302e-19,1.4797986801823e-08,1.4798011918686e-08,21.057810112373,21.057844258167,7.6460939729257,8.2970847461454e-05,2.4477505608696e-05,1.218908835702e-13,0,329.01487004579,100000165.32734,-9.7734321252707e-14,-0.0039300209508328,0.0064953594051004,289.21951879509,1.3456084708567e-05,766.32912008199,670.2767314963
46.616499999999,-11.738120774039,-3.9127092384464,3.4978283981152e-22,0.00054937716942424,1.7335833847318,0,2.9259269653505e-18,26.900126004943,5.5126522690418e-19,-11.647795286618,-3.859970608855e-19,3.8599392821903e-19,24.467348494768,24.467314170105,-2.8500630808014e-08,-2.8500781446979e-08,3.8599286779889e-19,-3.8599561181303e-19,2.8500678044522e-08,2.8500726416781e-08,24.467331022228,24.467365347491,8.8859679586503,9.1353796376474e-05,2.6900126004948e-05,1.1980396914292e-13,0,329.01487071731,100000165.97198,-9.7997999218036e-14,-0.0039986598688675,0.0065947070389317,292.82670709715,1.3746604065258e-05,776.0214835521,678.76136673026
46.716499999999,-14.599089065108,-4.8663656098196,6.4852673762398e-22,0.00053338996183797,1.7336019213111,0,5.3598056916851e-18,29.386115064733,1.0307852533862e-18,-13.261206234376,-7.2175798256317e-19,7.2175226135149e-19,27.856476715471,27.856442296644,-5.3997460730147e-08,-5.3997746877698e-08,7.2175026425257e-19,-7.2175527027059e-19,5.3997550602063e-08,5.3997642276785e-08,27.856459368815,27.856493788241,10.118458419281,9.9971826745485e-05,2.9386115064738e-05,1.2130256853891e-13,0,329.01487145318,100000166.67797,-9.8247799394751e-14,-0.0040677466818173,0.0066940448037913,296.38382987515,1.4120171919141e-05,785.58257724199,687.13126262302
46.816499999999,-17.785678378202,-5.928562329346,1.1831868277548e-21,0.00051597383968538,1.733620206444,0,9.6642422182022e-18,31.94580349837,1.8966778363336e-18,-14.861274149441,-1.3280577747527e-18,1.3280474918044e-18,31.217576525614,31.217542065176,-1.0067830591685e-07,-1.0067884101505e-07,1.3280437896663e-18,-1.3280527767846e-18,1.0067847424876e-07,1.0067864528601e-07,31.217559339463,31.217593800502,11.340778118652,0.00010886062747514,3.1945803498377e-05,1.2056855753314e-13,0,329.01487225522,100000167.44706,-9.8525355146232e-14,-0.0041372923131397,0.0067933727016392,299.88944780702,1.4524913450705e-05,795.00839435655,695.38290438762
46.916499999999,-21.306749418222,-7.1022529641754,2.1245547948997e-21,0.00049708549387065,1.7336382333456,0,1.7155804136982e-17,34.58392743767,3.4358137279955e-18,-16.445318886377,-2.4057639390024e-18,2.4057457479005e-18,34.545018015429,34.544983552016,-1.8478751702497e-07,-1.8478850238985e-07,2.4057389893841e-18,-2.4057548686451e-18,1.8478782750794e-07,1.8478814173595e-07,34.545001018108,34.545035482123,12.550875356966,0.00011803673061111,3.4583927437677e-05,1.1925546439817e-13,0,329.01487312541,100000168.28117,-9.8795972002862e-14,-0.0042073088286575,0.0068926907344358,303.34198293958,1.4942076021801e-05,804.29455194666,703.51244772172
47.016499999999,-25.170241882224,-8.390084078999,3.75538020464e-21,0.0004766796467747,1.7336559949101,0,2.998882613099e-17,37.303229348457,6.1292806400268e-18,-18.01110502941,-4.291735100948e-18,4.2917034223498e-18,37.834105471985,37.834071037075,-3.3395448260694e-07,-3.3395626985538e-07,4.2916912677595e-18,-4.2917188847203e-18,3.3395504669121e-07,3.3395561530027e-07,37.834088688647,37.834123124159,13.747040277768,0.00012750985518202,3.7303229348465e-05,1.1985388481134e-13,0,329.01487406586,100000169.18229,-9.9129038903627e-14,-0.004277808863819,0.0069919989041403,306.7397859194,1.5364161484771e-05,813.43647143682,711.5158768512
47.116499999999,-29.383290412342,-9.7944338868024,6.5355930322544e-21,0.00045470975619318,1.7336734838342,0,5.1627997734561e-17,40.105616529823,1.0770492820179e-17,-19.55665708729,-7.54152158698e-18,7.541467276011e-18,41.080689178761,41.080654799342,-5.9438423986801e-07,-5.9438743350505e-07,7.5414457368697e-18,-7.5414930198205e-18,5.9438524952659e-07,5.9438626316824e-07,41.08067263263,41.080707012646,14.927762395655,0.00013728687641172,4.0105616529831e-05,1.1981633998552e-13,0,329.01487507872,100000170.15248,-9.9392716864261e-14,-0.0043488054084325,0.0070912972127117,310.08116135588,1.5787129224148e-05,822.4294468145,719.38906423076
47.216499999999,-33.952172312642,-11.317394821057,1.1200251562831e-20,0.00043112836471804,1.7336906926776,0,8.7549528279091e-17,42.992492782816,1.8646298330166e-17,-21.080180316405,-1.3056177127107e-17,1.3056085448864e-17,44.280999097124,44.280964797001,-1.042051361405e-06,-1.0420569845173e-06,1.3056047830071e-17,-1.3056127529689e-17,1.0420531421754e-06,1.0420549226404e-06,44.28098281013,44.281017110844,16.091669687541,0.00014737295352237,4.2992492782824e-05,1.2185461592022e-13,0,329.01487616619,100000171.19383,-9.9691089293295e-14,-0.0044203117005527,0.0071905856621078,313.36438042364,1.6207817285883e-05,831.2686786017,727.12780029023
47.316499999999,-38.882183363828,-12.960732140547,1.8903514560164e-20,0.00040588735395428,1.7337076139073,0,1.4625953695123e-16,45.964837763898,3.1809320353932e-17,-22.580018214519,-2.2272952824132e-17,2.2272800440867e-17,47.431555577879,47.431521378471,-1.7997871743383e-06,-1.7997969316078e-06,2.2272735674934e-17,-2.2272867945305e-17,1.7997902697212e-06,1.7997933516994e-06,47.431539571063,47.431573771056,17.237495960849,0.00015777178955096,4.5964837763907e-05,1.2187297835294e-13,0,329.01487733051,100000172.30847,-9.9975583933307e-14,-0.004492341149975,0.0072898642542865,316.58769004555,1.662324342898e-05,839.94929869133,734.7278151853
47.416499999999,-44.177484220056,-14.725832728306,3.1425643905771e-20,0.00037893818158668,1.7337242399381,0,2.4074108582251e-16,49.023209973144,5.3479433166436e-17,-24.054625817586,-3.7446411494989e-17,3.7446162076818e-17,50.529113268669,50.529079189549,-3.0628470228674e-06,-3.0628637108298e-06,3.7446052145301e-17,-3.7446268291338e-17,3.0628523263033e-06,3.0628575844797e-06,50.529097562457,50.529131642159,18.364060375517,0.00016848562852807,4.9023209973155e-05,1.2183402156956e-13,0,329.01487857392,100000173.49854,-1.0021844520865e-13,-0.0045649072674429,0.0073891329912046,319.7493214671,1.7030413570378e-05,848.46639359782,742.18479916246
47.516499999999,-49.840931906929,-16.613648924223,5.1463912164135e-20,0.00035023212620064,1.7337405631741,0,3.9046402920463e-16,52.167722930809,8.862369910578e-17,-25.502551838133,-6.2054500801427e-17,6.205409877119e-17,53.570623593959,53.570589653261,-5.1363932018621e-06,-5.1364213376783e-06,6.2053914781446e-17,-6.2054262578409e-17,5.1364021595244e-06,5.13641100268e-06,53.570608208373,53.57064214965,19.470253750361,0.00017951516047537,5.2167722930821e-05,1.1989479131023e-13,0,329.01487989869,100000174.76619,-1.0049600095223e-13,-0.0046380235919558,0.0074883918748189,322.84749911947,1.7426149373441e-05,856.81502853364,749.49442364954
47.616499999999,-55.873901470852,-18.624639074832,8.3031819977198e-20,0.0003197205497616,1.7337565760532,0,6.2411110478322e-16,55.398009007606,1.4477680246603e-16,-26.922426695837,-1.0137302286231e-16,1.0137238468462e-16,56.553209612113,56.553175826832,-8.4893089970155e-06,-8.4893557651443e-06,1.0137208100355e-16,-1.0137263207186e-16,8.4893239139516e-06,8.4893385761269e-06,56.55319456692,56.553228352778,20.555029385124,0.00019085938384176,5.5398009007618e-05,1.2195399918009e-13,0,329.01488130708,100000176.11358,-1.0080825116401e-13,-0.0047117036131646,0.0075876409070849,325.88045012994,1.780715460292e-05,864.990273274,756.6523639142
47.716499999999,-62.27610073397,-20.75870578492,1.3199346090922e-19,0.00028735518286409,1.7337722710955,0,9.8318436735852e-16,58.713176286913,2.3317701763368e-16,-28.312954832424,-1.6327104165803e-16,1.6327004399938e-16,59.474149872141,59.474116258366,-1.3829812580185e-05,-1.3829889232278e-05,1.6326954963505e-16,-1.6327040941123e-16,1.3829837074283e-05,1.3829861043695e-05,59.474135186969,59.474168801318,21.617397164045,0.00020251544377002,5.8713176286926e-05,1.2137523555741e-13,0,329.01488280133,100000177.54283,-1.0110662358666e-13,-0.0047859606872992,0.0076868800899581,328.84641466454,1.816997452361e-05,872.98723030653,763.65432372538
47.816499999999,-69.045381256896,-23.015132905065,2.0676017102472e-19,0.00025308843569728,1.7337876409549,0,1.5266515162601e-15,62.111761445158,3.7030439171068e-16,-29.672910286685,-2.5928792194246e-16,2.5928638599064e-16,62.330869118608,62.330835691694,-2.2209360112178e-05,-2.2209483999726e-05,2.592855921541e-16,-2.5928691301375e-16,2.2209399775229e-05,2.2209438414583e-05,62.330854813021,62.330888240505,22.65642015563,0.00021447845644561,6.2111761445172e-05,1.1869309175497e-13,0,329.01488438366,100000179.05605,-1.0134254596289e-13,-0.0048608079457493,0.0077861094253931,331.74365721125,1.8510983508582e-05,880.80106555443,770.4960622701
47.916499999999,-76.177549330007,-25.392522528766,3.1917349444073e-19,0.00021687373624129,1.7338026784763,0,2.3367640279042e-15,65.591680947099,5.7991569859028e-16,-31.001134821809,-4.0605820868726e-16,4.060558799581e-16,65.120934357966,65.120901132663,-3.5162149376833e-05,-3.516234684836e-05,4.0605462243426e-16,-4.0605662046368e-16,3.5162212719602e-05,3.5162274146581e-05,65.120920451519,65.120953677382,23.671213166248,0.00022674132749941,6.5591680947114e-05,1.1883617798117e-13,0,329.01488605624,100000180.65529,-1.0164785727689e-13,-0.0049362581958409,0.0078853289153441,334.57047886044,1.8826443184712e-05,888.4270418208,777.17342345458
48.016499999999,-83.666181667683,-27.888733557121,4.8559058859385e-19,0.00017866589597194,1.7338173767563,0,3.5261200334117e-15,69.150182670311,8.9567166273893e-16,-32.296538088657,-6.2715121518822e-16,6.2714773831103e-16,67.842055201545,67.842022192104,-5.4887927792074e-05,-5.4888238245456e-05,6.2714577292872e-16,-6.2714874866798e-16,5.4888027570335e-05,5.4888123883761e-05,67.842041713815,67.842074723811,24.660942852037,0.00023929457189337,6.9150182670327e-05,1.1674823584594e-13,0,329.01488782116,100000182.34254,-1.0192541301411e-13,-0.0050123238137161,0.0079845385617644,337.32523059371,1.9112527036299e-05,895.86055498124,783.68236761347
48.116499999999,-91.502451355781,-30.500823681322,7.2817417326586e-19,0.00013842150216297,1.7338317292089,0,5.2459473579391e-15,72.783800091004,1.3644421745096e-15,-33.558099428593,-9.5538534249958e-16,9.5538023081473e-16,70.492087652622,70.49205487286,-8.4485481196292e-05,-8.4485962638445e-05,9.5537719994783e-16,-9.5538156309808e-16,8.4485636236087e-05,8.4485785190527e-05,70.492074603229,70.49210738354,25.624829085681,0.00025212614285605,7.2783800091021e-05,1.1502454679923e-13,0,329.01488968046,100000184.11973,-1.0213357981125e-13,-0.0050890166296025,0.0080837383666074,340.00632755077,1.9365366053005e-05,903.09717283515,790.01900554803
48.216499999999,-99.674970410652,-33.224996902377,1.0763680739518e-18,9.6099334657314e-05,1.7338457296345,0,7.6954417992066e-15,76.488311243129,2.0503506840141e-15,-34.784870994376,-1.4356599735635e-15,1.4356525739259e-15,73.069040662192,73.069008125533,-0.00012824280265643,-0.00012824353918219,1.4356479616155e-15,-1.4356542591755e-15,0.00012824304031788,0.00012824326756542,73.069028070786,73.069060607988,26.562147332058,0.00026522127777656,7.6488311243147e-05,1.0758876207178e-13,0,329.01489163606,100000185.98868,-1.0240419665267e-13,-0.0051663478060905,0.008182928331825,342.61226419851,1.9581106884576e-05,910.1326764037,796.17963470761
48.316499999999,-108.16965603628,-36.056558950085,1.5685111715453e-18,5.1660803824196e-05,1.7338593722928,0,1.1131813566594e-14,80.258704788149,3.0395759621691e-15,-35.975981913136,-2.1283176778324e-15,2.1283071318516e-15,75.57108487375,75.571052593251,-0.00019198718440584,-0.00019198829605685,2.128300204854e-15,-2.1283091513847e-15,0.00019198754384282,0.00019198788587307,75.571072759998,75.571105041035,27.472231821704,0.00027856236945388,8.0258704788167e-05,9.9816855288583e-14,0,329.01489368976,100000187.95108,-1.0273032464472e-13,-0.0052443277104448,0.008282108459369,345.14163028009,1.9755981764601e-05,916.96310333716,802.16077721833
48.416499999999,-116.96962817278,-38.989883132638,2.2535081642011e-18,5.0704161682185e-06,1.7338726519777,0,1.5880479366619e-14,84.089155602995,4.4458654092032e-15,-37.130643241034,-3.113004643432e-15,3.1129898474954e-15,77.996563031071,77.996531019418,-0.00028349407215324,-0.00028349572764606,3.112979579394e-15,-3.1129920870969e-15,0.00028349460853774,0.00028349511645302,77.996551414613,77.996583426796,28.354479330701,0.00029212887138222,8.4089155603014e-05,9.0933621661766e-14,0,329.01489584324,100000190.00851,-1.0311196378771e-13,-0.005322965782351,0.0083812787511909,347.59312737113,1.988639172965e-05,923.58479295946,807.95921934543
48.516499999999,-126.05514622008,-42.018389244492,3.1924374988534e-18,4.3703827961342e-05,1.7338855640942,0,2.2344606738416e-14,87.97301233731,6.4166286684612e-15,-38.248153471696,-4.4929374409135e-15,4.4929170087472e-15,80.344001549241,80.343969818736,-0.00041294733841481,-0.00041294977122185,4.4929019842707e-15,-4.49291918934e-15,0.00041294812829585,0.00041294887255275,80.343990449645,80.344022180668,29.20835338519,0.00030589724592982,8.797301233733e-05,7.4999006811835e-14,0,329.01489809799,100000192.16238,-1.0336176394665e-13,-0.0054022703989103,0.0084804392092415,349.965585822,1.9969012949054e-05,929.99443234427,813.57205185833
48.616499999999,-135.40359273172,-45.134538131045,4.4599393221882e-18,9.4689823810082e-05,1.7338981047352,0,3.1012998495829e-14,91.90279931433,9.1393762018129e-15,-39.327904364989,-6.3994113305463e-15,6.3993835636775e-15,82.612122758614,82.612091321157,-0.00059343576219946,-0.00059343929041524,6.3993618606432e-15,-6.3993851409257e-15,0.00059343691015226,0.00059343798638235,82.612112195325,82.612143633281,30.033388712214,0.00031984096401055,9.1902799314352e-05,5.3277289338619e-14,0,329.01490045533,100000194.41393,-1.0366707525746e-13,-0.0054822487391031,0.0085795898354703,352.25798181207,2.0000857962131e-05,936.18910268109,818.99671064919
48.716499999999,-144.98951138841,-48.329844346526,6.1451950377611e-18,0.0001479110562089,1.7339102707569,0,4.2465134481984e-14,95.870234970144,1.2848151371708e-14,-40.369386862273,-8.9963040236991e-15,8.9962668968903e-15,84.799857330398,84.799826197453,-0.00084146133897534,-0.00084146638928826,8.9962359437762e-15,-8.9962669213326e-15,0.00084146298566226,0.000841464521647,84.799847322667,84.799878456093,30.829195758221,0.00033393056421458,9.5870234970166e-05,2.3992661261925e-14,0,329.01490291637,100000196.76419,-1.039585087817e-13,-0.0055629066502934,0.0086787306318273,354.4694541949,1.9979370436616e-05,942.16632506296,824.2310168442
48.816499999999,-154.78470558927,-51.594909017841,8.3522917303905e-18,0.00020338607171085,1.7339220598518,0,5.7372105860105e-14,99.866268700612,1.7829487392581e-14,-41.372196852996,-1.2484246757499e-14,1.2484197927811e-14,86.906356389992,86.906325572524,-0.001177425330381,-0.00117743246629,1.2484154335934e-14,-1.2484194856772e-14,0.0011774276620883,0.0011774298259064,86.906346956793,86.906377774717,31.595465095672,0.00034813377820754,9.9866268700635e-05,-1.9644583915456e-14,0,329.01490548201,100000199.21398,-1.042221867323e-13,-0.0056442485197087,0.0087778616002611,356.59932076998,1.9902532663192e-05,947.92410471579,829.27321554984
48.916499999999,-164.75840250285,-54.919474528394,1.1199766077793e-17,0.00026112808009412,1.7339334706164,0,7.649222297088e-14,103.88113750236,2.4427317086261e-14,-42.336040557358,-1.7104062121351e-14,1.7103998970771e-14,88.931002823808,88.930972332225,-0.0016260487905008,-0.0016260587446599,1.7103938341415e-14,-1.7103990423665e-14,0.0016260520501317,0.0016260550594192,88.930993983748,88.931024475751,32.331971537985,0.00036241572748538,0.00010388113750238,-7.5800765136939e-14,0,329.01490815287,100000201.76389,-1.0455525362478e-13,-0.005726277154067,0.0088769827427198,358.64709358148,1.9768943368561e-05,953.46097259903,834.12201229732
49.016499999999,-174.87748540762,-58.292501964872,1.4819148946605e-17,0.00032114457500439,1.7339445026128,0,1.0066028125533e-13,107.90444315958,3.3046191142649e-14,-43.260739293219,-2.3139017495797e-14,2.3138937218053e-14,90.873421292649,90.873391136748,-0.0022166770480605,-0.0022166907583036,2.3138853926606e-14,-2.3138919668037e-14,0.0022166815474567,0.0022166856796186,90.873413063887,90.873443220157,33.038577785747,0.00037673919430951,0.0001079044431596,-1.5989140650177e-13,0,329.01491092934,100000204.41425,-1.0479117600647e-13,-0.0058089936707166,0.0089760940611517,360.61249282188,1.9577882528822e-05,958.77602324997,838.77660619821
49.116499999999,-185.10679465283,-61.7022714378,1.9352386585038e-17,0.00038343700482718,1.733955156421,0,1.3076984328088e-13,111.92524994881,4.4152137422069e-14,-44.146233404674,-3.0915426744103e-14,3.0915326485944e-14,92.733486484072,92.733456672973,-0.0029834137886249,-0.0029834324368444,3.0915213447241e-14,-3.0915294883412e-14,0.0029834199219613,0.0029834255250642,92.73347888422,92.733508695629,33.715237434038,0.00039106496686608,0.00011192524994884,-2.674833520553e-13,0,329.01491381152,100000207.16512,-1.0513118180174e-13,-0.0058923974036747,0.0090751955575034,362.49545890965,1.932939298721e-05,963.86894772569,843.23671880887
49.216499999999,-195.40949468777,-65.136504424745,2.4948096236982e-17,0.00044800050482036,1.7339654336816,0,1.6774842659668e-13,115.93220194059,5.8270535140545e-14,-44.992585145539,-4.0801161718496e-14,4.0801038784407e-14,94.51132916945,94.511299711515,-0.0039650313910693,-0.0039650564436894,4.0800887205646e-14,-4.0800986111496e-14,0.0039650396489168,0.0039650471528713,94.511322215473,94.511351673638,34.361997182851,0.00040535225550969,0.00011593220194062,-4.1361005957043e-13,0,329.01491679921,100000210.0163,-1.0542261534603e-13,-0.0059764858278957,0.0091742872337216,364.29616232028,1.9024284536437e-05,968.74006052515,847.50261772591
49.316499999999,-205.74750147132,-68.582506240167,3.1756717567218e-17,0.00051482370094318,1.7339753371259,0,2.1252613725177e-13,119.91365801129,7.5980493295963e-14,-45.799980335072,-5.320171602791e-14,5.32015681546e-14,96.207339681952,96.207310584733,-0.005204611105485,-0.0052046443538572,5.3201367284451e-14,-5.3201484914732e-14,0.0052046220889974,0.0052046320165155,96.207333390085,96.207362487431,34.978998110843,0.00041955917350847,0.00011991365801131,-6.0172666729871e-13,0,329.01491989192,100000212.96728,-1.0572792668597e-13,-0.0060612545048119,0.0092733690917525,366.01501077908,1.8664173414719e-05,973.39031945381,851.5751340052
49.416499999999,-216.08196138528,-72.027325673453,3.9924736389389e-17,0.00058388859447966,1.7339848705918,0,2.6599899118098e-13,123.85784170485,9.790541360907e-14,-46.568728635057,-6.8553597194045e-14,6.8553422896755e-14,97.822168498595,97.822139768754,-0.0067488799833874,-0.0067489235820597,6.8553159781481e-14,-6.8553296549165e-14,0.0067488944179271,0.0067489073946537,97.822162884232,97.822191614074,35.566475896948,0.00043364327223207,0.00012385784170487,-8.4607496575499e-13,0,329.01492308885,100000216.01728,-1.0603323803541e-13,-0.0061466970518193,0.0093724411335416,367.65265347478,1.82514493364e-05,977.82133752745,855.45567261428
49.516499999999,-226.37376975714,-75.457927829869,4.9588270154162e-17,0.00065517053466529,1.733994039026,0,3.2898883493523e-13,127.75300216776,1.2469967532163e-13,-47.299262337023,-8.7315003321806e-14,8.7314802309955e-14,99.356723692657,99.356695335905,-0.008647230834967,-0.0086472873354781,8.7314461568644e-14,-8.7314616665193e-14,0.0086472495823817,0.0086472663455074,99.356718770273,99.356747126861,36.124759904587,0.00044756211744394,0.00012775300216778,-1.1505848250337e-12,0,329.01492638889,100000219.16521,-1.0635242718398e-13,-0.006232805137786,0.0094715033610335,369.20998202393,1.778928726223e-05,982.03538619729,859.14621529011
49.616499999999,-236.58411447763,-78.861375336662,6.0866400124792e-17,0.00072863828415819,1.7340028484694,0,4.0220232086878e-13,131.58758159342,1.5703168241951e-13,-47.992133594499,-1.0995395272993e-13,1.0995372638338e-13,100.81216511972,100.81213714077,-0.010950435621712,-0.010950507999423,1.099532900156e-13,-1.0995346098203e-13,0.010950459690404,0.010950481095063,100.8121609028,100.81218888137,36.654271078405,0.00046127389052839,0.00013158758159344,-1.5380090630954e-12,0,329.01492979061,100000222.40969,-1.0667161634585e-13,-0.0063195685059815,0.0095705557761725,370.68812800511,1.7281542054783e-05,986.03538941205,862.64931537832
49.716499999999,-246.67502822361,-82.225012417357,7.3854698630276e-17,0.00080425417945429,1.7340113060273,0,4.8619172569247e-13,135.35038402991,1.9556383408608e-13,-48.648010085844,-1.369342592184e-13,1.3693401110948e-13,102.189895307,102.18986770954,-0.013709089455098,-0.013709181126622,1.3693345834865e-13,-1.3693364061195e-13,0.013709120007049,0.013709147029804,102.18989180794,102.18991940478,37.155518642145,0.0004747379963631,0.00013535038402993,-2.0163925609889e-12,0,329.01493329231,100000225.74906,-1.07004683311e-13,-0.0064069750249769,0.0096695983809025,372.0884569852,1.6732685454851e-05,989.82490830157,865.96808446496
49.816499999999,-256.60993166201,-85.53664595973,8.8619420180658e-17,0.00088197438535197,1.7340194198238,0,5.8132046460864e-13,139.03074009069,2.4093028161329e-13,-49.267669146343,-1.6869995740574e-13,1.6869969384682e-13,103.49154712721,103.49151991382,-0.016971848964558,-0.016971963793525,1.686990010715e-13,-1.6869918746573e-13,0.016971887318494,0.016971921057323,103.49154435729,103.49157156975,37.629095626818,0.00048791565836612,0.00013903074009071,-2.5975212645602e-12,0,329.01493689199,100000229.1814,-1.0729611693045e-13,-0.0064950107672146,0.0097686311771662,373.41255907425,1.6147713892726e-05,993.40811656317,869.10617087094
49.916499999999,-266.35414981366,-88.784717637262,1.0519279712825e-16,0.00096174923949449,1.7340271989406,0,6.8773592113635e-13,142.61866207801,2.9371358391677e-13,-49.851990460882,-2.0565895686353e-13,2.0565868745489e-13,104.71896844875,104.71894162094,-0.020783552122602,-0.020783694411969,2.0565782816853e-13,-2.0565800846392e-13,0.02078359975264,0.020783641422974,104.71896641806,104.71899324458,38.075673298583,0.0005007704810604,0.00014261866207803,-3.3024157163024e-12,0,329.01494058736,100000232.70451,-1.0755285610053e-13,-0.0065836601139896,0.0098676541669062,374.66223616066,1.5531982182624e-05,996.78976693316,872.06773034264
50.016499999999,-249.80503640569,-83.268334533427,1.147230326631e-16,0.0010427528895892,1.7340276324878,0,7.5035764257951e-13,132.48059522032,3.5364721445041e-13,-50.332471992667,-2.4762482760287e-13,2.4762437378884e-13,105.72826389223,105.72823749601,-0.02512547081478,-0.025125656947286,2.4762351326101e-13,-2.4762348155271e-13,0.025125529204026,0.025125592088304,105.72826296793,105.72828936167,38.447348031707,0.00046336060249548,0.00013248059521886,-4.1493923647624e-12,0,329.01494437591,100000236.28194,-1.0778877861045e-13,-0.0066514664944864,0.0099339940847414,374.50426920441,-0.00021050617562491,996.35902203023,871.69050103852
50.116499999999,-143.14684043907,-47.715611392904,4.9509559732376e-17,0.001095263187059,1.7339972412118,0,3.2911876907367e-13,79.023499067378,3.7039569190547e-13,-48.353163887271,-2.5935086471468e-13,2.5935173064763e-13,101.57053283993,101.57050751101,-0.026299438310171,-0.02629955305056,2.5934951785475e-13,-2.5935074748417e-13,0.026299499928369,0.02629948466559,101.57053178447,101.57055711133,36.951622658608,0.00027407861118395,7.9023499067285e-05,-4.6944190740228e-12,0,329.01494695502,100000238.60098,-1.080871511408e-13,-0.0066025276394295,0.009834977664286,368.47828348966,-9.891937361574e-05,980.04136951953,857.3992670737
50.216499999999,-114.73899845341,-38.24633183731,2.2636566531908e-17,0.001135843156413,1.7339688500715,0,1.5279844012583e-13,66.768349550547,3.5034009238209e-13,-45.871169417601,-2.4530801138771e-13,2.4530878516421e-13,96.35686016416,96.356835354754,-0.024823819561682,-0.024823932492509,2.4530675281273e-13,-2.453078310877e-13,0.02482387795193,0.024823867717456,96.356859861898,96.356884669146,35.056067078306,0.00023081076869694,6.6768349550501e-05,-4.9405272702785e-12,0,329.01494887174,100000240.39308,-1.0833001251199e-13,-0.0065500888540561,0.009735951438608,362.88345528507,-5.537573608391e-05,964.9006032715,844.13931606018
50.316499999999,-94.449047247195,-31.483014864901,1.0534891343715e-17,0.0011708185779166,1.7339413917964,0,7.2183845850773e-14,58.050507052211,3.1757327179214e-13,-43.430113591215,-2.2236472497881e-13,2.2236540709807e-13,91.229183505126,91.229159044924,-0.022460464467528,-0.022460568764985,2.223635925609e-13,-2.2236452940004e-13,0.022460517413149,0.022460510043598,91.229183653049,91.229208111037,33.190976556197,0.00020011111454437,5.8050507052178e-05,-5.0579906801579e-12,0,329.01495051885,100000241.93763,-1.0860756834777e-13,-0.0064960261938125,0.0096369154057654,357.4913915946,-4.521616813379e-05,950.31662681973,831.36744706
50.416499999999,-78.022763442909,-26.007586941631,4.962828708412e-18,0.0012013247221086,1.7339146765243,0,3.4509616412199e-14,50.719608754678,2.8202892072668e-13,-41.062447925882,-1.9747659253511e-13,1.9747719037805e-13,86.255670273821,86.255646130956,-0.019918962636568,-0.019919056104838,1.9747559153203e-13,-1.9747640398005e-13,0.019919009649601,0.019919003970185,86.25567078228,86.255694922914,31.381918153826,0.00017436683331802,5.0719608754652e-05,-5.1133506433046e-12,0,329.01495195475,100000243.28479,-1.089267575415e-13,-0.0064406737369886,0.0095378695638154,352.26111409604,-3.9081822574536e-05,936.17755302258,818.98559561364
50.516499999999,-64.433129171469,-21.477708875721,2.3599195409291e-18,0.0012279997665802,1.7338885981091,0,1.6650647464131e-14,44.36775274106,2.4783641470831e-13,-38.76512551773,-1.7353501259997e-13,1.7353553466651e-13,81.429920095919,81.429896270884,-0.017487110899966,-0.017487193413677,1.7353413552423e-13,-1.7353483986815e-13,0.017487152203298,0.017487147614306,81.429920914389,81.429944737201,29.626628202324,0.00015212133222557,4.436775274104e-05,-5.143476626931e-12,0,329.01495321016,100000244.46276,-1.0919043557866e-13,-0.0063842183829333,0.0094388139108151,347.16954915057,-3.4241390034423e-05,922.42028074981,806.93846151565
50.616499999999,-53.100887933741,-17.700295171053,1.1303599162834e-18,0.0012513324574519,1.7338630753438,0,8.0912116068524e-15,38.798713246228,2.1656856388636e-13,-36.532876109731,-1.5164127155216e-13,1.5164172637672e-13,76.740862248923,76.740838752089,-0.015270950848964,-0.01527102312346,1.5164050653387e-13,-1.5164111722644e-13,0.015270986933246,0.015270983113077,76.740863338696,76.74088683333,27.921079042647,0.00013266989924042,3.8798713246212e-05,-5.1577435259995e-12,0,329.0149543083,100000245.49313,-1.0948880808037e-13,-0.0063268031515654,0.0093397484448202,342.19900920997,-3.0209806874752e-05,908.99645559246,795.18367029461
50.716499999998,-43.608841121217,-14.53627961931,5.4441579691712e-19,0.0012717215569089,1.7338380419735,0,3.9531637466478e-15,33.876905068632,1.8866627967634e-13,-34.361350269648,-1.3210409781367e-13,1.3210449346687e-13,72.179360300741,72.179337147919,-0.013297806319598,-0.013297869360476,1.3210343211981e-13,-1.321039617239e-13,0.013297837749305,0.013297834512031,72.179361629167,72.179384779816,26.261940579384,0.00011552547602004,3.387690506862e-05,-5.1657991157394e-12,0,329.01495526804,100000246.39351,-1.097316694262e-13,-0.0062685447414931,0.0092406731638863,337.33505621212,-2.6784656026916e-05,895.86662473154,783.6866492904
50.816499999998,-35.638763616191,-11.87958717659,2.6326581377838e-19,0.0012895002470988,1.7338134426252,0,1.9390663791213e-15,29.500450415505,1.640801865055e-13,-32.247301967227,-1.1488891969359e-13,1.1488926355204e-13,67.738595627644,67.738572839263,-0.011561731782554,-0.011561786644039,1.1488834115993e-13,-1.1488880053183e-13,0.011561759112987,0.011561756341236,67.738597166064,67.7386199523,24.646725924793,0.00010032238897038,2.9500450415495e-05,-5.1718651109209e-12,0,329.01495610513,100000247.17861,-1.1005085860067e-13,-0.0062095406918143,0.0091415880660686,332.56562362905,-2.3833247228163e-05,882.99782762442,772.41851568501
50.916499999998,-28.941878890868,-9.6472923304055,1.2765775013202e-19,0.0013049516905492,1.7337892302156,0,9.5368998634091e-16,25.5908545702,1.4256269770671e-13,-30.188486073494,-9.9822377540396e-14,9.9822676211049e-14,63.413852100224,63.41382970135,-0.010043780512889,-0.010043828196252,9.9821875095462e-14,-9.9822273608898e-14,0.010043804257095,0.01004380186994,63.413853822766,63.413876219526,23.073713496347,8.6779072545502e-05,2.5590854570192e-05,-5.1758155249641e-12,0,329.01495683293,100000247.86095,-1.1041168113452e-13,-0.0061498739422728,0.0090424931494214,327.88045542222,-2.1256937381661e-05,870.36205812169,761.35472858419
51.016499999998,-23.320177359485,-7.7733918832982,6.1999925277967e-20,0.0013183202516336,1.7337653640817,0,4.6978634526541e-16,22.086927300666,1.238008599153e-13,-28.18356626835,-8.6685341677154e-14,8.6685601005322e-14,59.202322633511,59.202300654159,-0.0087210282236255,-0.0087210696391779,8.6684905473148e-14,-8.6685251227987e-14,0.0087210488417649,0.0087210467790034,59.202324516203,59.202346493476,21.541876434094,7.4676061573425e-05,2.208692730066e-05,-5.1790229289773e-12,0,329.01495746293,100000248.4513,-1.107100536194e-13,-0.0060896161235903,0.0089433884119983,323.27070078138,-1.8979461035842e-05,857.9351554864,750.47411713046
51.116499999998,-18.613535217645,-6.2045112322923,3.01283943497e-20,0.0013298199466995,1.7337418085707,0,2.3154238905282e-16,18.940692597787,1.0747567658728e-13,-26.232060581055,-7.5254450866011e-14,7.5254675984534e-14,55.102994788882,55.102973264481,-0.0075705056731722,-0.0075705416308297,7.5254072244751e-14,-7.5254372247622e-14,0.0075705235717685,0.0075705217859845,55.102996808935,55.103018331295,20.050840745267,6.3841175951663e-05,1.8940692597782e-05,-5.180387531505e-12,0,329.01495800521,100000248.95912,-1.1096679273723e-13,-0.0060288300379629,0.0088442738518528,318.72860864757,-1.6940492493212e-05,845.69596963813,739.75814900337
51.216499999998,-14.690505165471,-4.8968346096978,1.463477355378e-20,0.001339640978353,1.7337185319481,0,1.1407488382736e-16,16.1145028774,9.3287244636386e-14,-24.334319843172,-6.5319713046918e-14,6.531990844233e-14,51.116605511949,51.116584483889,-0.0065708104256544,-0.0065708416379062,6.531938444216e-14,-6.5319644759796e-14,0.0065708259609701,0.0065708244133491,51.116607647139,51.116628673198,18.600868641015,5.4139060187312e-05,1.6114502877396e-05,-5.1832675615714e-12,0,329.01495846869,100000249.39282,-1.1125128742717e-13,-0.0059675715800629,0.0087451494670376,314.24729136824,-1.509151695985e-05,833.62571605811,729.19036516033
51.316499999998,-11.44156158582,-3.8138534756715,7.0995392959515e-21,0.001347954894881,1.7336955055345,0,5.6130063840097e-17,13.578934067092,8.0964015464792e-14,-22.491530726206,-5.6690989942636e-14,5.6691159525507e-14,47.24564751309,47.245627029291,-0.0057026631737099,-0.0057026902635281,5.6690704763653e-14,-5.6690930652802e-14,0.005702676656597,0.0057026753145867,47.245649741228,47.245670223069,17.192860713551,4.5463540837129e-05,1.3578934067089e-05,-5.1822100975739e-12,0,329.01495886143,100000249.75996,-1.1156353768935e-13,-0.0059058912567342,0.0086460152556049,309.82053803994,-1.339311275382e-05,821.70746684859,718.75593390963
51.416499999998,-8.774032788464,-2.9246772661797,3.4366355637148e-21,0.0013549187256583,1.7336727030105,0,2.756000891971e-17,11.31118269182,7.0264791412856e-14,-20.705733621768,-4.919939498781e-14,4.9199542160802e-14,43.494406826223,43.494386941611,-0.0049489925284907,-0.0049490160387582,4.9199147503561e-14,-4.9199343521486e-14,0.0049490042295253,0.0049490030654255,43.494409124693,43.494429007393,15.828369525246,3.7731794177825e-05,1.1311182691818e-05,-5.1835005437568e-12,0,329.01495919076,100000250.06748,-1.1182721569093e-13,-0.0058438354077862,0.0085468712156057,305.44266489639,-1.1813303536429e-05,809.9257432113,708.44129386769
51.516499999998,-6.6082218374622,-2.2027403353711,1.6585547588293e-21,0.0013606783101321,1.7336500998572,0,1.3492192414128e-17,9.2937585978823,6.0977528355959e-14,-18.979842649152,-4.2696454914395e-14,4.2696582635103e-14,39.869004836443,39.868985613182,-0.004294819021166,-0.0042948394240964,4.2696240146052e-14,-4.2696410244998e-14,0.004294829175551,0.00429482816559,39.869007181838,39.869026403241,14.509614924291,3.0879585794145e-05,9.2937585978807e-06,-5.1840572037976e-12,0,329.01495946352,100000250.32182,-1.1214640484047e-13,-0.0057814471909835,0.0084477173450912,301.10839488438,-1.0326764990687e-05,798.26618774027,698.23386686072
51.616499999998,-4.8743940594385,-1.6247977916303,7.9736255701065e-22,0.0013653709342089,1.7336276729117,0,6.5803477238116e-18,7.5133056159729,5.2916866274407e-14,-17.317649945402,-3.705238066007e-14,3.7052491497582e-14,36.377407291555,36.37738879878,-0.0037270635406017,-0.0037270812465139,3.7052194284484e-14,-3.7052341892797e-14,0.0037270723526381,0.0037270714763162,36.377409659422,36.377428150402,13.239487498108,2.4856992196007e-05,7.5133056159718e-06,-5.1842499745559e-12,0,329.01495968611,100000250.52904,-1.1243783841117e-13,-0.0057187673634774,0.0083485536421117,296.81276230571,-8.914739064447e-06,786.71530511138,688.12183075755
51.716499999998,-3.510435278379,-1.1701449091551,3.8154534121299e-22,0.0013691273010689,1.7336054000342,0,3.1946264559908e-18,5.9594079996215,4.5921284535398e-14,-15.723789450486,-3.2154075498265e-14,3.2154171683321e-14,33.029348229102,33.02933054186,-0.0032343372877389,-0.0032343526529642,3.2153913762648e-14,-3.2154041854665e-14,0.0032343449348112,0.0032343441744017,33.02935059387,33.029368279386,12.021521282144,1.9624117237506e-05,5.9594079996207e-06,-5.1856238216464e-12,0,329.01495986463,100000250.69492,-1.1265294414572e-13,-0.0056558348658103,0.0082493801047173,292.55104152701,-7.5656558345913e-06,775.26026823106,678.09394964815
51.816499999998,-2.4600812804333,-0.82002694956415,1.8156406919966e-22,0.0013720727922152,1.7335832598978,0,1.5425266393964e-18,4.623272803728,3.9850287665957e-14,-14.203628252965,-2.7903164517119e-14,2.7903247986214e-14,29.836101737178,29.836084934235,-0.0028067383036815,-0.0028067516375665,2.7903024164282e-14,-2.7903135320704e-14,0.002806744939768,0.0028067442799181,29.836104072352,29.836120873645,10.859811375238,1.5146442977632e-05,4.6232728037274e-06,-5.1874907052156e-12,0,329.01496000492,100000250.825,-1.1286111098319e-13,-0.0055926871930355,0.0081501967309565,288.3187013282,-6.2760834331662e-06,763.88879383355,668.13946484738
51.916499999998,-1.6716922731319,-0.55723064833565,8.5847812404114e-23,0.0013743279296768,1.7335612319144,0,7.4014391084757e-19,3.4962398714354,3.4581792539589e-14,-12.763049874478,-2.4214165127964e-14,2.421423756192e-14,26.810026722177,26.810010882353,-0.002435664615189,-0.0024356761862426,2.4214043331093e-14,-2.4214139791215e-14,0.0024356703739323,0.0024356698013336,26.810029000854,26.810044839114,9.7588492562684,1.1389680808574e-05,3.4962398714351e-06,-5.1883694372379e-12,0,329.0149601126,100000250.92458,-1.131456056505e-13,-0.0055293605236771,0.0080510035188781,284.1113880721,-5.0514699714238e-06,752.58909585399,658.24805400126
52.016499999998,-1.0975883790226,-0.36586271274421,4.0295823913314e-23,0.001376007954503,1.7335392963168,0,3.5260951376597e-19,2.5681804429295,3.0009776600997e-14,-11.408099711326,-2.1012840352476e-14,2.1012903210072e-14,23.963822124099,23.96380732104,-0.0021136470865142,-0.0021136571277748,2.1012734658373e-14,-2.1012818365318e-14,0.0021136520838989,0.0021136515870094,23.963824319879,23.963839121467,8.7232529694917,8.314371610361e-06,2.5681804429293e-06,-5.1894025613013e-12,0,329.01496019305,100000250.99877,-1.13416222527e-13,-0.0054658895784577,0.0079518004665305,279.92494072435,-3.9061498333072e-06,741.34992447381,648.40986519468
52.116499999998,-0.69395494516631,-0.23131825843201,1.8760110658788e-23,0.0013772215176674,1.7335174343952,0,1.6664292962722e-19,1.8259992435197,2.6042195248446e-14,-10.144485212842,-1.8234740573943e-14,1.8234795121183e-14,21.309476992373,21.309463288053,-0.0018342019393042,-0.001834210653014,1.8234648853693e-14,-1.8234721493629e-14,0.0018342062759853,0.0018342058447925,21.309479080643,21.309492783592,7.7573862943017,5.8710003677479e-06,1.8259992435196e-06,-5.1875326037164e-12,0,329.01496025136,100000251.05236,-1.1366602271894e-13,-0.0054023072055253,0.0078525875719608,275.75543783423,-2.8613523785593e-06,730.16069088552,638.61562608769
52.216499999998,-0.4212537468773,-0.14041787737886,8.6550856553286e-24,0.0013780686494737,1.7334956288629,0,7.8058167864843e-20,1.252603270745,2.2599153891859e-14,-8.9769654829326,-1.5823923612459e-14,1.5823970948015e-14,18.85698828434,18.856975722138,-0.0015917015889514,-0.0015917091506209,1.5823844018591e-14,-1.5823907054722e-14,0.0015917053522789,0.0015917049780956,18.856990243775,18.857002804714,6.8648930487108,3.9968588038523e-06,1.2526032707449e-06,-5.1874822652298e-12,0,329.0149602922,100000251.08977,-1.1391582290831e-13,-0.0053386437413812,0.0077533648332159,271.59927046569,-1.9409944795325e-06,719.01166141344,628.85681374424
52.316499999998,-0.24494956089103,-0.081649828977885,3.9536162106518e-24,0.001378638399619,1.7334738642819,0,3.6209476790179e-20,0.82674165630832,1.9611311468892e-14,-7.9087191210267,-1.3731836866977e-14,1.3731877944289e-14,16.613032953634,16.613021552379,-0.0013812619835802,-0.0013812685455186,1.3731767796262e-14,-1.373182249833e-14,0.0013812652493564,0.0013812649246447,16.613034767686,16.613046167788,6.0482139928068,2.6159632087448e-06,8.2674165630829e-07,-5.1887658021044e-12,0,329.01496031978,100000251.11493,-1.1420725645885e-13,-0.005274926266919,0.0076541322483423,267.4532269361,-1.1655367686861e-06,707.89418287835,619.12585178478
52.416499999998,-0.13623980437174,-0.045413252996066,1.7866907749333e-24,0.001379006727619,1.733452127447,0,1.6620729836316e-20,0.5239530413419,1.7018489993983e-14,-6.9408225191014,-1.1916343721648e-14,1.1916379368111e-14,14.579872062452,14.579861812961,-0.0011986445596297,-0.001198650254011,1.1916283782815e-14,-1.1916331252679e-14,0.0011986473936359,0.0011986471118548,14.579873720454,14.579883968905,5.3081871173034,1.642694106677e-06,5.2395304134188e-07,-5.1872654282438e-12,0,329.01496033768,100000251.1312,-1.1451256779533e-13,-0.0052111779369187,0.0075548898153857,263.31456848255,-5.4581402605537e-07,696.80088315891,609.41628580387
52.516499999998,-0.072446481502517,-0.024148818339263,7.9818661750873e-25,0.0013792352477637,1.7334304076213,0,7.5435667943186e-21,0.31848333738627,1.4768465460921e-14,-6.0719734232751,-1.0340876935882e-14,1.0340907869507e-14,12.754770096045,12.754760961225,-0.0010401710253476,-0.0010401759668714,1.0340824921602e-14,-1.034086611544e-14,0.0010401734846681,0.0010401732401416,12.754771593667,12.754780727555,4.6438344444182,9.8853137380131e-07,3.1848333738627e-07,-5.1885792054892e-12,0,329.01496034883,100000251.14129,-1.1472767350959e-13,-0.0051474175702858,0.007455637532391,259.18107411638,-7.9178756621838e-08,685.7257887764,599.72288614292
52.616499999998,-0.036847810823205,-0.012282598707388,3.5225274716988e-25,0.0013793712247955,1.733408696552,0,3.3830068147379e-21,0.18563280535004,1.281591738597e-14,-5.2985401321025,-8.9737031145411e-15,8.9737299584129e-15,11.130098308843,11.130090227451,-0.00090264934596503,-0.00090265363416684,8.9736579771033e-15,-8.9736937246751e-15,0.0009026514801372,0.00090265126793975,11.130099647755,11.130107728321,4.0523972733958,5.6994581150595e-07,1.8563280535004e-07,-5.1900410826793e-12,0,329.01496035549,100000251.14729,-1.1497747369229e-13,-0.0050836596254074,0.0073563753974025,255.05104043284,2.501085431268e-07,674.66432161238,590.04164486915
52.716499999998,-0.017948138099223,-0.0059827101092139,1.5346839400182e-25,0.0013794488396255,1.7333869882615,0,1.4981443204156e-21,0.10381360291742,1.1121516639785e-14,-4.614922254187,-7.7872840079258e-15,7.7873073027522e-15,9.6940925311856,9.6940854242396,-0.00078330948332231,-0.00078331320457817,7.7872448381387e-15,-7.7872758594994e-15,0.00078331133533418,0.00078331115119151,9.6940937180525,9.6941008242699,3.5296098160805,3.1502837807072e-07,1.0381360291742e-07,-5.1929168105152e-12,0,329.01496035931,100000251.15072,-1.1524809055594e-13,-0.0050199145691949,0.0072571034084648,250.9232357226,4.6685879699729e-07,663.61317333023,580.36966572677
52.816499999998,-0.0083870483967554,-0.0027956814919584,6.5968741249539e-26,0.0013794913761607,1.7333652786733,0,6.5474805769583e-22,0.055772235892161,9.6511335900415e-15,-4.0141197920547,-6.757722053332e-15,6.7577422683343e-15,8.4320485855035,8.4320423637395,-0.00067974761657047,-0.00067975084583663,6.7576880622088e-15,-6.7577149822142e-15,0.00067974922372662,0.00067974906392959,8.4320496305747,8.4320558516996,3.0701328756871,1.6714085503885e-07,5.577223589216e-08,-5.1924739188078e-12,0,329.01496036141,100000251.1526,-1.1547013516178e-13,-0.0049561895342503,0.0071578215636208,246.79682097955,5.9903458674661e-07,652.57009152814,570.7049768562
52.916499999998,-0.0037677067768787,-0.001255901628067,2.7961860575537e-26,0.0013795137912589,1.7333435651678,0,2.8224308330883e-22,0.02883063866959,8.3751507974189e-15,-3.488366067715,-5.8642791248622e-15,5.8642966672257e-15,7.3276518080199,7.3276463788178,-0.0005898777304658,-0.00058988053278854,5.8642496277281e-15,-5.8642729886214e-15,0.00058987912513876,0.00058987898646861,7.3276527236609,7.3276581523044,2.6680373019953,8.5261890472741e-08,2.883063866959e-08,-5.1927423448666e-12,0,329.01496036253,100000251.15359,-1.1590728547835e-13,-0.0048924890991145,0.0070585298609134,242.67125718974,6.7257637563241e-07,641.53362970511,561.04631187089
53.016499999998,-0.0016306127365586,-0.00054353728667863,1.1680553225824e-26,0.0013795251682791,1.7333218461555,0,1.199406672765e-22,0.014366494159946,7.2678665142072e-15,-3.0296972624872,-5.0889588632298e-15,5.0889740863057e-15,6.3641734224344,6.3641686952191,-0.00051188960090664,-0.00051189203273241,5.0889332659316e-15,-5.0889535382655e-15,0.00051189081118896,0.00051189069085248,6.3641742218513,6.3641789485798,2.3172397722216,4.1895794581031e-08,1.4366494159946e-08,-5.1951614987204e-12,0,329.01496036309,100000251.15409,-1.1610851340197e-13,-0.0048288160371942,0.0069592282983847,238.54621688168,7.0835381435234e-07,630.50290920685,551.39290144785
53.116499999998,-0.00068126816124746,-0.0002270892569274,4.8060886262206e-27,0.0013795307403078,1.7333001207233,0,5.021921206686e-23,0.0069135008679421,6.3069770153385e-15,-2.6303846448241,-4.4161442040248e-15,4.4161574144477e-15,5.5253784763343,5.5253743661334,-0.0004442123336928,-0.00044421444400526,4.4161219909626e-15,-4.4161395830776e-15,0.00044421338396288,0.00044421327953617,5.5253791726242,5.5253832824016,2.0118340140627,1.9867130274006e-08,6.9135008679421e-09,-5.193881238049e-12,0,329.01496036337,100000251.15434,-1.1624035238646e-13,-0.0047651719365104,0.0068599168740763,234.42151122379,7.2137072909216e-07,619.4774232797,541.74430179512
53.216499999998,-0.00027528474355932,-9.1761525281277e-05,1.9467415800829e-27,0.0013795333782023,1.7332783883738,0,2.0705967860767e-23,0.0032183632864118,5.4731273560401e-15,-2.2832120699752,-3.8322828182925e-15,3.8322942821565e-15,4.7961087560512,4.7961051854021,-0.00038548272314126,-0.0003854845544479,3.8322635420342e-15,-3.8322788082838e-15,0.00038548363455443,0.00038548354393405,4.7961093615929,4.796112931874,1.7463038162575,9.1075771781198e-09,3.2183632864118e-09,-5.1944395001437e-12,0,329.0149603635,100000251.15445,-1.1657341929412e-13,-0.0047015576566928,0.0067605955860294,230.29703642492,7.2149651542201e-07,608.45689315132,532.10026867052
53.316499999998,-0.00010775545832383,-3.5918462906297e-05,7.7582171070622e-28,0.0013795345872835,1.7332566488506,0,8.4022819852709e-24,0.001451503697184,4.7495215172806e-15,-1.9816196034878,-3.3256141364391e-15,3.325624084658e-15,4.1625844816498,4.1625813812799,-0.00033451779370746,-0.00033451938289582,3.3255974087078e-15,-3.3256106565963e-15,0.00033451858462209,0.00033451850598269,4.1625850077764,4.1625881078267,1.515633560772,4.0424322097714e-09,1.451503697184e-09,-5.1952699023552e-12,0,329.01496036356,100000251.15451,-1.1687873062611e-13,-0.004637973635715,0.0066612644322844,226.17273784368,7.1467790049239e-07,597.44117173904,522.46067309535
53.416499999998,-4.0913984785765e-05,-1.3637985608398e-05,3.0401184194057e-28,0.0013795351245778,1.7332349020293,0,3.3536525291704e-24,0.00063504666677798,4.1215840910156e-15,-1.7197498492943,-2.8859324602976e-15,2.8859410932558e-15,3.6125016234803,3.6124989322041,-0.00029029097175181,-0.00029029235083251,2.8859179441509e-15,-2.8859294405272e-15,0.00029029165809908,0.00029029158985665,3.6125020803534,3.6125047713521,1.3153441692931,1.739498814696e-09,6.3504666677798e-10,-5.1959682605759e-12,0,329.01496036359,100000251.15453,-1.1710077523128e-13,-0.0045744200801908,0.0065619234108812,222.0485877672,7.0432261412898e-07,586.43018407363,512.82544920763
53.516499999998,-1.508516332783e-05,-5.0283841468998e-06,1.1706272816993e-28,0.0013795353563352,1.7332131478545,0,1.3157943455724e-24,0.00026980765194387,3.576666692837e-15,-1.4924331229854,-2.5043813933151e-15,2.5043888849041e-15,3.1350007571295,3.1349984213179,-0.00025191140758831,-0.00025191260433983,2.5043687963579e-15,-2.5043787727905e-15,0.00025191200319315,0.00025191194397309,3.1350011537398,3.1350034893105,1.1414821054136,7.2646162970788e-10,2.6980765194387e-10,-5.1955471669426e-12,0,329.0149603636,100000251.15454,-1.1732281983643e-13,-0.0045108970757772,0.0064625725198587,217.92457254297,6.9223068932417e-07,575.42389282049,503.19456408394
53.616499999998,-5.4055399681085e-06,-1.8018452847948e-06,4.4264542644586e-29,0.0013795354534589,1.7331913863055,0,5.0713369193019e-25,0.00011140934042991,3.1037931893705e-15,-1.2951396151798,-2.1732754488207e-15,2.1732819499417e-15,2.7205665778931,2.7205645507534,-0.00021860603135072,-0.00021860706987891,2.1732645173156e-15,-2.1732731747574e-15,0.00021860654821024,0.00021860649681971,2.7205669221301,2.7205689490607,0.99058299597761,2.9469510859251e-10,1.1140934042991e-10,-5.1960441739479e-12,0,329.01496036361,100000251.15454,-1.1754486444158e-13,-0.0044474046476073,0.0063632117572561,213.80068554627,6.7933285929555e-07,564.42227944716,493.56800125648
53.716499999998,-1.8836795206506e-06,-6.2789267032175e-07,1.6424630171564e-29,0.0013795354930317,1.7331696173782,0,1.9187594824447e-25,4.4737501980143e-05,2.6934386090523e-15,-1.1239173508862,-1.8859452433898e-15,1.8859508849932e-15,2.3608975783623,2.3608958191722,-0.00018970398125241,-0.00018970488247609,1.8859357571464e-15,-1.885943269982e-15,0.00018970442977758,0.00018970438518143,2.3608978771146,2.3608996361233,0.85962429823838,1.1619141660824e-10,4.4737501980143e-11,-5.1952698830844e-12,0,329.01496036361,100000251.15455,-1.1777384794063e-13,-0.004383942791733,0.0062638411211113,209.67692352725,6.6607797066388e-07,553.42533444676,483.94575215642
53.816499999998,-6.3860600840556e-07,-2.1286848998895e-07,5.9760264029239e-30,0.0013795355087164,1.7331478410763,0,7.1213718044081e-26,1.7477600088523e-05,2.33733728314e-15,-0.97532706221594,-1.6366031572134e-15,1.6366080529367e-15,2.0487692422181,2.0487677155881,-0.00016462309059125,-0.00016462387266355,1.6365949251526e-15,-1.6366014447112e-15,0.00016462347981662,0.00016462344111655,2.0487695014835,2.0487710279561,0.74597555096383,4.454475431354e-11,1.7477600088523e-11,-5.1952055834926e-12,0,329.01496036361,100000251.15455,-1.1801670922748e-13,-0.0043205114907536,0.0061644606094619,205.55328479803,6.5267707827318e-07,542.43305248817,474.32781186932
53.916499999998,-2.1067585702903e-07,-7.0225223440841e-08,2.1304046014606e-30,0.0013795355147654,1.7331260574068,0,2.5906814268307e-26,6.6442892952967e-06,2.0283163524778e-15,-0.84637979892205,-1.420226755564e-15,1.4202310040204e-15,1.7779029891003,1.7779016642981,-0.00014285816131451,-0.00014285883998851,1.4202196118695e-15,-1.4202252694728e-15,0.00014285849908013,0.00014285846549662,1.7779032140928,1.7779045387584,0.64735068829853,1.6608828487306e-11,6.6442892952967e-12,-5.1947070545437e-12,0,329.01496036361,100000251.15455,-1.1831508166556e-13,-0.0042571107212684,0.0060650702203446,201.42976836908,6.3922529569092e-07,531.44543010698,464.71417711437
54.016499999998,-6.7635534556496e-08,-2.2545157199823e-08,7.43495672025e-31,0.0013795355170359,1.7331042663781,0,9.2302380710451e-27,2.4580689405708e-06,1.7601512864225e-15,-0.73447987710955,-1.232457623173e-15,1.2324613099381e-15,1.5428463328278,1.5428451831751,-0.00012397078794261,-0.00012397137688866,1.2324514239511e-15,-1.2324563335589e-15,0.00012397108105201,0.0001239710519086,1.5428465280756,1.5428476776097,0.56176441990581,6.0231511850199e-12,2.4580689405708e-12,-5.1954874667665e-12,0,329.01496036361,100000251.15455,-1.1862039299756e-13,-0.0041937404573023,0.0059656699517958,197.30637355317,6.2577114397861e-07,520.46246464705,455.10484531805
54.116499999998,-2.1128376527622e-08,-7.0427852944357e-09,2.5378885946187e-31,0.001379535517865,1.7330824679995,0,3.2179477993114e-27,8.8485234330722e-07,1.5274405037005e-15,-0.63737398957785,-1.0695135737764e-15,1.0695167731119e-15,1.3388659827274,1.3388649850699,-0.00010758052687848,-0.00010758103795958,1.0695081941578e-15,-1.0695124546631e-15,0.00010758078123569,0.00010758075594535,1.3388661521621,1.3388671497167,0.48749331545634,2.1242332600628e-12,8.8485234330722e-13,-5.1954224730234e-12,0,329.01496036361,100000251.15455,-1.1880774313318e-13,-0.0041304006718236,0.0058662598018517,193.18309979002,6.1230648286299e-07,509.4841537922,445.49981420436
54.216499999998,-6.4205934128844e-09,-2.1401956102575e-09,8.4650650572553e-32,0.0013795355181599,1.7330606622803,0,1.0967467077549e-27,3.0985996474557e-07,1.3254965697217e-15,-0.55310641424948,-9.2811246649343e-16,9.2811524284257e-16,1.1618537545866,1.1618528888296,-9.3357233228266e-05,-9.3357676738988e-05,9.2810779811781e-16,-9.2811149533883e-16,9.3357453956737e-05,9.3357432010051e-05,1.1618539016205,1.1618547672881,0.42304154920319,7.2838102241191e-13,3.0985996474557e-13,-5.195001703603e-12,0,329.01496036361,100000251.15455,-1.1904366552614e-13,-0.0040670913373939,0.0057668397685471,189.05994657125,5.9886348191748e-07,498.51049536563,435.89908161915
54.316499999998,-1.8972565707616e-09,-6.3241817695666e-10,2.7561969425025e-32,0.001379535518262,1.7330388492299,0,3.6505828604149e-28,1.05512038954e-07,1.150251778768e-15,-0.47997986742457,-8.0540609449103e-16,8.0540850377719e-16,1.0082443391113,1.0082435878165,-8.1014410776041e-05,-8.1014795649913e-05,8.0540204332449e-16,-8.0540525173343e-16,8.1014602321853e-05,8.1014583276753e-05,1.0082444667058,1.0082452179231,0.36711096013435,2.4272434866919e-13,1.05512038954e-13,-5.1952984983883e-12,0,329.01496036361,100000251.15455,-1.1927958791908e-13,-0.0040038124264387,0.0056674098499166,184.93691340927,5.8543611288154e-07,487.54148724707,426.30264545778
54.416499999998,-5.4485657042647e-10,-1.8161865206615e-10,8.7506674584822e-33,0.0013795355182965,1.733017028858,0,1.1854539669265e-28,3.4917553416308e-08,9.9817621922377e-16,-0.41652141491936,-6.9892281427281e-16,6.9892490502563e-16,0.87494369496041,0.87494304299478,-7.0303441162841e-05,-7.0303775152279e-05,6.9891929871372e-16,-6.9892208293676e-16,7.0303607384252e-05,7.0303590857117e-05,0.87494380568563,0.87494445758402,0.31857497981141,7.8564232963572e-14,3.4917553416308e-14,-5.1954663771226e-12,0,329.01496036361,100000251.15455,-1.1957796035717e-13,-0.0039405639113569,0.0055679700439943,180.8139998247,5.7202797190394e-07,476.57712733912,416.71050363558
54.516499999998,-1.5196639027512e-10,-5.0655403562897e-11,2.7059475276105e-33,0.0013795355183077,1.7329952011739,0,3.7512845080672e-29,1.1222634765368e-08,8.6620667145675e-16,-0.36145284171375,-6.0651775998755e-16,6.0651957432053e-16,0.75926680731217,0.75926624154334,-6.1008576029768e-05,-6.1008865862239e-05,6.0651470922288e-16,-6.0651712534193e-16,6.1008720274935e-05,6.1008705932864e-05,0.75926690339835,0.75926746910883,0.27645596993365,2.4682614781949e-14,1.1222634765368e-14,-5.1947999073691e-12,0,329.01496036361,100000251.15455,-1.1984857721963e-13,-0.00387734576456,0.0054685203488135,176.69120534151,5.5863097509571e-07,465.61741355441,407.12265407663
54.616499999998,-4.1130802822078e-11,-1.3710250625063e-11,8.1396458314294e-34,0.0013795355183114,1.7329733661871,0,1.155365712439e-29,3.5002586450944e-09,7.5168490615782e-16,-0.31366491977276,-5.2632963993749e-16,5.263312143963e-16,0.65888363492324,0.65888314395508,-5.2942591253233e-05,-5.2942842766758e-05,5.2632699251647e-16,-5.263290891988e-16,5.2942716427649e-05,5.2942703981753e-05,0.6588837183058,0.65888420922332,0.23990554126246,7.5205577598558e-15,3.5002586450944e-15,-5.1950063622092e-12,0,329.01496036361,100000251.15455,-1.2013307186992e-13,-0.0038141579584924,0.0053690607624072,172.5685294852,5.4525250382237e-07,454.66234381054,397.53909470931
54.716499999998,-1.0792619071867e-11,-3.5975350201765e-12,2.3785992197178e-34,0.0013795355183127,1.7329515239072,0,3.4588856588515e-30,1.058389365716e-09,6.5230414029857e-16,-0.27219507049599,-4.5674324504928e-16,4.5674461134783e-16,0.57177218793391,0.57177176187698,-4.594301573666e-05,-4.5943233997414e-05,4.5674094764556e-16,-4.5674276712411e-16,4.5943124361683e-05,4.5943113561267e-05,0.57177226029241,0.5717726863054,0.20818746885767,2.2201323534818e-15,1.058389365716e-15,-5.1954525646884e-12,0,329.01496036361,100000251.15455,-1.2038287205068e-13,-0.0037510004656365,0.0052695912828077,168.44597178211,5.3188853688377e-07,443.71191602843,387.95982346492
54.816499999998,-2.7425325239058e-12,-9.1417626404628e-13,6.7428806526198e-35,0.0013795355183127,1.7329296743436,0,1.0051277748733e-30,3.0992461668089e-10,5.6606257218277e-16,-0.23620797764459,-3.9635691412499e-16,3.963580997843e-16,0.49617780343777,0.49617743371011,-3.986885879618e-05,-3.9869048200533e-05,3.9635492046257e-16,-3.9635649938664e-16,3.9868953059816e-05,3.986894368733e-05,0.49617786622971,0.49617823591923,0.18066286395405,6.3429785516747e-16,3.0992461668089e-16,-5.1946090019345e-12,0,329.01496036361,100000251.15455,-1.2062573333754e-13,-0.0036878732585086,0.0051701119080465,164.32353175911,5.1854877522681e-07,432.76612813145,378.38483827683
54.916499999998,-6.7406966192678e-13,-2.2468956683476e-13,1.851440290465e-35,0.0013795355183127,1.7329078175058,0,2.8308671024192e-31,8.7779829580574e-11,4.9122305965973e-16,-0.20497876243501,-3.4395430053429e-16,3.4395532943678e-16,0.43057780313173,0.43057748228601,-3.4597770220847e-05,-3.4597934583924e-05,3.4395257045532e-16,-3.4395394062877e-16,3.4597852021825e-05,3.4597843888482e-05,0.4305778576219,0.43057817843452,0.15677730549401,1.7516409568005e-16,8.7779829580574e-17,-5.1944729581783e-12,0,329.01496036361,100000251.15455,-1.2090328909392e-13,-0.0036247763096696,0.0050706226361548,160.2012089436,5.0522400679228e-07,421.82497804535,368.81413708049
55.016499999998,-1.6002333534637e-13,-5.334103202248e-14,4.9157916131565e-36,0.0013795355183127,1.7328859534031,0,7.7147976744511e-32,2.4013691939013e-11,4.2627812930821e-16,-0.17787838270904,-2.9847987165105e-16,2.9848076452165e-16,0.37365082285423,0.37365054442774,-3.0023575803209e-05,-3.0023718435733e-05,2.9847837030698e-16,-2.9847955932888e-16,3.0023646789224e-05,3.0023639731196e-05,0.37365087014022,0.37365114853799,0.13604967273431,4.6689552553435e-17,2.4013691939013e-17,-5.195072127163e-12,0,329.01496036361,100000251.15455,-1.2118084485028e-13,-0.0035617095917184,0.0049711234651629,156.07900286346,4.9191374292328e-07,410.8884636982,359.24771781336
55.116499999998,-3.6636659694896e-14,-1.2212200750434e-14,1.2598490974466e-36,0.0013795355183127,1.732864082045,0,2.0308302482501e-32,6.3354453703593e-12,3.6991961177959e-16,-0.15436096236788,-2.5901764752596e-16,2.5901842234954e-16,0.32425019683069,0.32424995521516,-2.6054138699027e-05,-2.6054262474009e-05,2.5901634467559e-16,-2.5901737649611e-16,2.6054200299934e-05,2.6054194175052e-05,0.32425023786497,0.32425047945559,0.11806245420759,1.1993115168781e-17,6.3354453703593e-18,-5.1951499780162e-12,0,329.01496036361,100000251.15455,-1.2148615618227e-13,-0.0034986730772931,0.0048716143931008,151.95691304702,4.7862503445185e-07,399.95658302026,349.68557841477
55.216499999998,-8.0752730453141e-15,-2.6917532550022e-15,3.1105894084269e-37,0.0013795355183127,1.732842203441,0,5.1539613463431e-33,1.6091782616937e-12,3.2101229167266e-16,-0.13395279595014,-2.2477275053346e-16,2.2477342291709e-16,0.28138086072137,0.28138065104999,-2.260950353807e-05,-2.2609610948678e-05,2.2477161993381e-16,-2.2477251533665e-16,2.2609556994679e-05,2.2609551679572e-05,0.28138089633048,0.28138110598024,0.10245333791164,2.9636143412824e-18,1.6091782616937e-18,-5.194691786394e-12,0,329.01496036361,100000251.15455,-1.2179146751427e-13,-0.003435666739072,0.004772095417998,147.83493902305,4.6534398788799e-07,389.02933394404,340.127716826
55.316499999998,-1.7103409321348e-15,-5.7011266029149e-16,7.3833336970908e-38,0.0013795355183127,1.7328203176004,0,1.2584377914472e-33,3.9274918285624e-13,2.7857104117618e-16,-0.11624280690902,-1.9505539435229e-16,1.9505597783963e-16,0.24417930830575,0.24417912635516,-1.9620285903255e-05,-1.9620379113035e-05,1.9505441322998e-16,-1.95055190251e-16,1.9620332292331e-05,1.9620327679938e-05,0.24417933920696,0.24417952113878,0.088907913355389,7.0314912113733e-19,3.9274918285624e-19,-5.1936598366994e-12,0,329.01496036361,100000251.15455,-1.2208983995235e-13,-0.0033726905497724,0.0046725665378829,143.71308032082,4.5208968795153e-07,378.10671440424,330.57413099022
55.416499999998,-3.4736115146745e-16,-1.1578684077088e-16,1.6809508390777e-38,0.0013795355183127,1.7327984245326,0,2.949660942519e-34,9.1917775156184e-14,2.4174097688794e-16,-0.10087426740318,-1.6926698977358e-16,1.6926749611767e-16,0.21189619809884,0.21189604020406,-1.7026274737846e-05,-1.7026355624299e-05,1.692661383661e-16,-1.6926681265666e-16,1.7026314993791e-05,1.7026310991205e-05,0.21189622491457,0.21189638279307,0.077153338469278,1.5983791574745e-19,9.1917775156184e-20,-5.1949236200996e-12,0,329.01496036361,100000251.15455,-1.2235351792092e-13,-0.0033097444821515,0.004573027750784,139.59133647,4.3884905180002e-07,367.18872233778,321.02481885252
55.516499999998,-6.749120227297e-17,-2.2497024632502e-17,3.6615780461688e-39,0.0013795355183127,1.732776524247,0,6.6206655917984e-35,2.0580270461171e-14,2.0978024011396e-16,-0.087537612818406,-1.4688808746946e-16,1.4688852686945e-16,0.18388125955583,0.18388112253643,-1.477521952932e-05,-1.477528972172e-05,1.4688734862714e-16,-1.4688793376929e-16,1.4775254462999e-05,1.4775250989598e-05,0.18388128282624,0.18388141983152,0.06695284381672,3.4729038681304e-20,2.0580270461171e-20,-5.1948017343613e-12,0,329.01496036361,100000251.15455,-1.226449514651e-13,-0.0032468285090057,0.0044734790547284,135.46970700075,4.2562709274554e-07,356.27535568381,311.47977835988
55.616499999998,-1.2513252186417e-17,-4.1710757257048e-18,7.6104519402838e-40,0.0013795355183127,1.7327546167529,0,1.4192597825172e-35,4.3970333858893e-15,1.8204505379603e-16,-0.075964206285808,-1.2746791485627e-16,1.2746829616289e-16,0.15957019483694,0.15957007593296,-1.2821777840478e-05,-1.2821838752694e-05,1.2746727369679e-16,-1.274677814769e-16,1.2821808155551e-05,1.2821805141371e-05,0.15957021503075,0.15957033392246,0.058100963407188,7.1937215839242e-21,4.3970333858893e-21,-5.1946773070489e-12,0,329.01496036361,100000251.15455,-1.2292250722147e-13,-0.0031839426031711,0.0043739204477433,131.34819144363,4.1241786541419e-07,345.36661238364,301.9390074612
55.716499999997,-2.2076178328212e-18,-7.3587106461467e-19,1.504828137125e-40,0.0013795355183127,1.7327327020598,0,2.8972360390798e-36,8.9392093753975e-16,1.5797675507281e-16,-0.065920927597187,-1.1061529629612e-16,1.1061562718994e-16,0.1384733122984,0.1384732091148,-1.1126601988169e-05,-1.112665484714e-05,1.1061473990477e-16,-1.1061518055093e-16,1.1126628295266e-05,1.1126625679593e-05,0.13847332982237,0.13847343299534,0.05041939604663,1.4164823658822e-21,8.9392093753975e-22,-5.1939482097221e-12,0,329.01496036361,100000251.15455,-1.2319312408394e-13,-0.0031210867375222,0.0042743519278551,127.22678932972,3.9922464242193e-07,334.46249038083,292.40250410728
55.816499999997,-3.6944669804227e-19,-1.231486270769e-19,2.8214712998067e-41,0.0013795355183127,1.7327107801768,0,5.6140169624314e-37,1.723902312869e-16,1.3709054227476e-16,-0.057205477523503,-9.5990773744714e-17,9.5991060890844e-17,0.12016566275729,0.12016557321566,-9.6555464728368e-06,-9.6555923432878e-06,9.5990290914235e-17,-9.5990673302274e-17,9.6555693018554e-06,9.6555670320018e-06,0.12016567796441,0.1201657674968,0.043753413861506,2.6429048711129e-22,1.723902312869e-22,-5.1939511006449e-12,0,329.01496036361,100000251.15455,-1.2346374094641e-13,-0.0030582608849737,0.0041747734930895,123.10550019049,3.8604966435749e-07,323.56298762112,282.87026625079
55.916499999997,-5.8445495846987e-20,-1.9481786595259e-20,4.9981566709986e-42,0.0013795355183127,1.7326888511134,0,1.0289532827059e-37,3.1426611316073e-17,1.1896570968638e-16,-0.049642302952539,-8.3299769133577e-17,8.3300018315924e-17,0.1042784798473,0.10427840214403,-8.3789801943347e-06,-8.3790200002226e-06,8.3299350138439e-17,-8.3299681970699e-17,8.3790000051134e-06,8.3789980353587e-06,0.10427849304388,0.10427857073914,0.037968745654266,4.6561985976553e-23,3.1426611316073e-23,-5.1943381873971e-12,0,329.01496036361,100000251.15455,-1.2372048002108e-13,-0.0029954650184784,0.0040751851414718,118.98432355788,3.7289893480717e-07,312.66810205241,273.3422918463
56.016499999997,-8.706689283692e-21,-2.9022226407488e-21,8.332161958969e-43,0.0013795355183127,1.7326669148789,0,1.7768554695472e-38,5.394922284089e-18,1.0323717337713e-16,-0.043079060766851,-7.2286650758342e-17,7.2286866996124e-17,0.0904917520509,0.090491684620831,-7.2711896001498e-06,-7.2712241432745e-06,7.2286287158832e-17,-7.2286575119326e-17,7.2712067917321e-06,7.2712050824e-06,0.090491763502747,0.090491830925861,0.032948872312491,7.7154047631801e-24,5.394922284089e-24,-5.19451375386e-12,0,329.01496036361,100000251.15455,-1.2395640241402e-13,-0.0029326991110289,0.0039755868710262,114.86325896429,3.5975907927466e-07,301.77783162485,263.81857885031
56.116499999997,-1.2161867586523e-21,-4.0539453697728e-22,1.3013619994231e-43,0.0013795355183127,1.7326449714826,0,2.8784592772475e-39,8.6839647847081e-19,8.9588117407911e-17,-0.037383549234779,-6.272958415382e-17,6.272977180266e-17,0.078527776788005,0.078527718272911,-6.3098607438019e-06,-6.3098907199569e-06,6.2729268626046e-17,-6.272951851509e-17,6.3098756624736e-06,6.3098741791334e-06,0.078527786725796,0.078527845234855,0.028592679793805,1.1972038843644e-24,8.6839647847081e-25,-5.1942127760075e-12,0,329.01496036361,100000251.15455,-1.242339581704e-13,-0.0028699631356562,0.0038759786797775,110.74230594253,3.4663174619577e-07,290.89217429071,254.29912522114
56.216499999997,-1.5853264168484e-22,-5.2844069456687e-23,1.8949264511237e-44,0.0013795355183127,1.7326230209336,0,4.3533465839243e-40,1.3044340026796e-19,7.7743612287547e-17,-0.032441045104319,-5.4436063738326e-17,5.4436226577987e-17,0.068145566723011,0.068145515944236,-5.4756298206489e-06,-5.4756558336363e-06,5.443578992669e-17,-5.4436006777736e-17,5.475642766913e-06,5.4756414796862e-06,0.06814557534692,0.068145626120457,0.024812422411226,1.7311859931221e-25,1.3044340026796e-25,-5.1945017802991e-12,0,329.01496036361,100000251.15455,-1.2449069724506e-13,-0.0028072570654305,0.0037763605657484,106.62146402589,3.3352645146703e-07,280.01112800449,244.78392891904
56.316499999997,-1.9181590531857e-23,-6.3938450324406e-24,2.5582897020394e-45,0.0013795355183127,1.7326010632415,0,6.1136176795522e-41,1.8187527249293e-20,6.746507713737e-17,-0.028151992761602,-4.7239035222309e-17,4.7239176532828e-17,0.059135995617664,0.059135951552385,-4.7516931276543e-06,-4.7517157014472e-06,4.7238797611493e-17,-4.7238985792517e-17,4.7517043622842e-06,4.7517032452425e-06,0.059136003101399,0.059136047162133,0.021531955393929,2.3201434041114e-26,1.8187527249293e-26,-5.1949161981788e-12,0,329.01496036361,100000251.15455,-1.2475437521363e-13,-0.0027445808734606,0.0036767325269617,102.50073274809,3.2043965951047e-07,269.13469072285,235.27298790612
56.416499999997,-2.1413347714707e-24,-7.1377607317429e-25,3.1826318205866e-46,0.0013795355183127,1.7325790984153,0,7.9241850515557e-42,2.3396949152112e-21,5.8545474016781e-17,-0.024429998907272,-4.0993530675941e-17,4.0993653303702e-17,0.051317585954003,0.051317547714624,-4.1234685906363e-06,-4.1234881799329e-06,4.099332447981e-17,-4.0993487781295e-17,4.1234783399282e-06,4.1234773705714e-06,0.051317592448309,0.051317630683743,0.018685201122337,2.8642772608887e-27,2.3396949152112e-27,-5.1927682269867e-12,0,329.01496036361,100000251.15455,-1.2503193097e-13,-0.0026819345328938,0.0035770945614399,98.380111643286,3.0735664303554e-07,258.26286040462,225.76630014638
56.516499999997,-2.1906178878494e-25,-7.3020359362412e-26,3.6230596742977e-47,0.0013795355183127,1.7325571264643,0,9.4151102172692e-43,2.7582073162629e-22,5.080513761024e-17,-0.021200092358057,-3.5573748476677e-17,3.5573854891739e-17,0.044532853478497,0.044532820294772,-3.5783020412259e-06,-3.5783190406084e-06,3.5573569541875e-17,-3.5573711253161e-17,3.5783105015573e-06,3.5783096603598e-06,0.044532859114186,0.044532892294489,0.016214818143299,3.2346902870216e-28,2.7582073162629e-28,-5.1939185683095e-12,0,329.01496036361,100000251.15455,-1.2529560893857e-13,-0.0026193180169167,0.0034774466672045,94.259600246099,2.94309859996e-07,247.39563501082,216.26386360569
56.616499999997,-2.0378900452792e-26,-6.7929434117923e-27,3.744431535464e-48,0.0013795355183127,1.7325351473978,0,1.0175311512351e-43,2.9568318764196e-23,4.408815627414e-17,-0.018397213921133,-3.0870519318908e-17,3.0870611664763e-17,0.038645135036454,0.038645106239972,-3.1052123271455e-06,-3.1052270790283e-06,3.0870364041196e-17,-3.0870487016738e-17,3.1052196689309e-06,3.1052189389486e-06,0.038645139927045,0.038645168720557,0.014071046155664,3.3155062680397e-29,2.9568318764196e-29,-5.1927247732456e-12,0,329.01496036361,100000251.15455,-1.2562173695227e-13,-0.0025567312987537,0.0033777888422776,90.13919809155,2.8126292747222e-07,236.53301250458,206.76567625179
56.716499999997,-1.7088545946391e-27,-5.6961610993955e-28,3.4818256715778e-49,0.0013795355183127,1.7325131612249,0,9.9149064050569e-45,2.8571733652757e-24,3.8259231547898e-17,-0.01596490592322,-2.6789107244177e-17,2.6789187380925e-17,0.033535835800571,0.033535810811291,-2.6946701216293e-06,-2.6946829231557e-06,2.6788972495836e-17,-2.6789079212698e-17,2.6946764927523e-06,2.6946758592815e-06,0.033535840044574,0.033535865031277,0.012210703701086,3.0568013279748e-30,2.8571733652757e-30,-5.1933636498878e-12,0,329.01496036361,100000251.15455,-1.2592704828425e-13,-0.0024941743516682,0.0032781210846781,86.018904715146,2.6824023344537e-07,225.67499085128,197.27173605432
56.816499999997,-1.2786580632949e-28,-4.2621768848517e-29,2.8830689490442e-50,0.0013795355183127,1.732491167955,0,8.6229012890051e-46,2.4636073632295e-25,3.3200952871197e-17,-0.013854174997904,-2.3247301398666e-17,2.3247370940481e-17,0.029102040445246,0.029102018759815,-2.3384059765976e-06,-2.3384170856256e-06,2.3247184465494e-17,-2.3247277073248e-17,2.3384115053901e-06,2.3384109556709e-06,0.029102044128146,0.02910206581134,0.010596318370806,2.5090570532605e-31,2.4636073632295e-31,-5.194807781764e-12,0,329.01496036361,100000251.15455,-1.2614909288939e-13,-0.0024316471489617,0.0031784433924268,81.898719652807,2.5523009066571e-07,214.82156801838,187.78204098475
56.916499999997,-8.4384862040577e-30,-2.8128169861138e-30,2.1006562801099e-51,0.0013795355183127,1.7324691675972,0,6.6156135733219e-47,1.8735582264768e-26,2.8811432612687e-17,-0.012022505224624,-2.017376008071e-17,2.0173820428355e-17,0.025254440149134,0.025254421330749,-2.0292437532506e-06,-2.0292533935466e-06,2.0173658607351e-17,-2.0173738971372e-17,2.0292485510778e-06,2.0292480740373e-06,0.025254443345116,0.02525446216156,0.0091953720083709,1.8118110144955e-32,1.8735582264768e-32,-5.1941882278188e-12,0,329.01496036361,100000251.15455,-1.2641970975186e-13,-0.0023691496639737,0.0030787557635426,77.778642440896,2.4223772067731e-07,203.97274197554,178.29658901649
57.016499999997,-4.8455806425836e-31,-1.6151863199803e-31,1.3282847947361e-52,0.0013795355183127,1.7324471601606,0,4.4171566043682e-48,1.2397497827977e-27,2.5002253773129e-17,-0.010433001741207,-1.7506573722892e-17,1.7506626091934e-17,0.021915533670094,0.0219155173397,-1.7609560749148e-06,-1.7609644406608e-06,1.7506485665394e-17,-1.7506555404434e-17,1.760960238418e-06,1.7609598244474e-06,0.021915536443532,0.021915552772242,0.0079796457046147,1.1351806984179e-33,1.2397497827977e-33,-5.1942669475414e-12,0,329.01496036361,100000251.15455,-1.2670420440214e-13,-0.0023066818700832,0.0029790581960441,73.658672616227,2.2927143431252e-07,193.12851069455,168.81537812476
57.116499999997,-2.3828370417085e-32,-7.942751952009e-33,7.1715737712812e-54,0.0013795355183127,1.7324251456545,0,2.5261706971517e-49,7.0253523024775e-29,2.1696689024089e-17,-0.0090536475799647,-1.519201786325e-17,1.5192063308546e-17,0.019018066257211,0.019018052085869,-1.5281388905655e-06,-1.5281461502706e-06,1.5191941447892e-17,-1.5192001966687e-17,1.5281425036092e-06,1.5281421443699e-06,0.019018068663972,0.019018082833852,0.0069246513912879,6.0718714013312e-35,7.0253523024775e-35,-5.1947574432667e-12,0,329.01496036361,100000251.15455,-1.2703033241584e-13,-0.0022442437407053,0.0028793506879499,69.538809716011,2.1631008896376e-07,182.28887214934,159.33840628671
57.216499999997,-9.8479478766807e-34,-3.2826322799935e-34,3.243329076445e-55,0.0013795355183127,1.732403124088,0,1.2144013095254e-50,3.3458389938492e-30,1.882815520871e-17,-0.0078566587579919,-1.3183470986987e-17,1.318351042393e-17,0.016503674955323,0.016503662657584,-1.3261026223904e-06,-1.326108922285e-06,1.3183404674555e-17,-1.3183457192119e-17,1.3261057577511e-06,1.3261054460071e-06,0.016503677043884,0.016503689340355,0.0060091385840772,2.7199135662964e-36,3.3458389938492e-36,-5.1943204292046e-12,0,329.01496036361,100000251.15455,-1.2731482706611e-13,-0.0021818352492956,0.0027796332372771,65.419053277945,2.0337138418003e-07,171.45382431602,149.86567148137
57.316499999997,-3.3446399031189e-35,-1.114873716343e-35,1.2007980954226e-56,0.0013795355183127,1.7323810954703,0,4.7983199388059e-52,1.3094658414666e-31,1.6338872173984e-17,-0.0068179246314082,-1.1440475441065e-17,1.1440509664023e-17,0.014321713014734,0.014321702342887,-1.1507777048066e-06,-1.1507831717879e-06,1.1440417895844e-17,-1.1440463470026e-17,1.1507804256392e-06,1.150780155111e-06,0.014321714827165,0.014321725497911,0.0052146663394602,9.9727132314167e-38,1.3094658414666e-37,-5.1947499348289e-12,0,329.01496036361,100000251.15455,-1.2758544392858e-13,-0.002119456369346,0.0026799058420423,61.299402840126,1.9044161110388e-07,160.6233651728,140.39717168969
57.416499999997,-9.0850975761386e-37,-3.0283474077698e-37,3.5402670557664e-58,0.0013795355183127,1.7323590598104,0,1.5165907227882e-53,4.0988298189247e-33,1.4178698919705e-17,-0.0059165222407398,-9.9279225059016e-18,9.9279522042195e-18,0.012428229726509,0.012428220465594,-9.9863261222784e-07,-9.9863735641589e-07,9.9278725687733e-18,-9.9279121175618e-18,9.9863497333733e-07,9.9863473857591e-07,0.012428231299317,0.012428240559277,0.0045252318034324,2.9112631348626e-39,4.0988298189247e-39,-5.19377244004e-12,0,329.01496036361,100000251.15455,-1.2785606079105e-13,-0.0020571070743868,0.0025801685002624,57.179857941102,1.7753406065604e-07,149.79749270004,130.93290489452
57.516499999997,-1.9093433644632e-38,-6.3644355386244e-39,8.0351760937281e-60,0.0013795355183127,1.7323370171176,0,3.7093700425433e-55,9.9265830048735e-35,1.2304123620954e-17,-0.0051342948650254,-8.6153452092908e-18,8.6153709811742e-18,0.010785085134437,0.010785077097914,-8.6660272443548e-07,-8.6660684139125e-07,8.6153018743837e-18,-8.6153361944004e-18,8.666047733811e-07,8.6660456965765e-07,0.010785086499304,0.010785094534998,0.0039269478700561,6.54128335696e-41,9.9265830048735e-41,-5.1941658818535e-12,0,329.01496036361,100000251.15455,-1.2813361654742e-13,-0.001994787337986,0.0024804212099533,53.060418119843,1.6463967342317e-07,138.97620488023,121.47286908069
57.616499999997,-2.9794762403462e-40,-9.9315148992419e-41,1.3462188179524e-61,0.0013795355183127,1.732314967401,0,6.7377903728351e-57,1.785011750597e-36,1.0677387180379e-17,-0.0044554862955657,-7.4763046378664e-18,7.4763270024318e-18,0.0093591817915111,0.0093591748175023,-7.5202859670645e-07,-7.5203216935674e-07,7.4762670322965e-18,-7.4762968148407e-18,7.520303747596e-07,7.5203019797056e-07,0.0093591829759275,0.009359189949217,0.0034077634569882,1.0847245960669e-42,1.785011750597e-42,-5.1940179990931e-12,0,329.01496036361,100000251.15455,-1.2841117230379e-13,-0.0019324971337505,0.0023806639691293,48.941082915767,1.5176695352999e-07,128.159499698,112.01706223505
57.716499999997,-3.2774941547798e-42,-1.0924892244537e-42,1.5790260621405e-63,0.0013795355183127,1.7322929106695,0,8.6292866444426e-59,2.2627076107062e-38,9.2657226562289e-18,-0.0038664234625869,-6.4878573847401e-18,6.4878767924713e-18,0.0081217980864018,0.0081217920344314,-6.5260239128914e-07,-6.5260549159693e-07,6.4878247510278e-18,-6.4878505960019e-18,6.5260393426469e-07,6.5260378084904e-07,0.0081217991142257,0.008121805165572,0.0029572207635694,1.2590224741751e-44,2.2627076107062e-44,-5.1933314368417e-12,0,329.01496036361,100000251.15455,-1.2873036142359e-13,-0.0018702364353232,0.0022808967758054,44.821851868688,1.3889687012904e-07,117.34737514008,102.56548234652
57.816499999997,-2.3771652044359e-44,-7.9238126396391e-45,1.2111710303779e-65,0.0013795355183127,1.7322708469324,0,7.2888223234968e-61,1.891172604853e-40,8.0406952461108e-18,-0.0033552410220453,-5.6300934062445e-18,5.6301102480665e-18,0.007048009711288,0.0070480044594527,-5.6632139120974e-07,-5.6632408162375e-07,5.6300650870572e-18,-5.6300875150499e-18,5.6632273018745e-07,5.6632259705499e-07,0.0070480106032227,0.0070480158545163,0.0025662446219829,9.5538426245837e-47,1.891172604853e-46,-5.1937813985147e-12,0,329.01496036361,100000251.15455,-1.2902873386167e-13,-0.0018080052163861,0.0021811196279955,40.702724518906,1.2605818984544e-07,106.53982919536,93.118127406265
57.916499999997,-1.0409831182549e-46,-3.4699085351777e-47,5.5533252555177e-68,0.0013795355183127,1.7322487761986,0,3.718269120148e-63,9.5433464881922e-43,6.9776295319357e-18,-0.0029116423549953,-4.8857349789459e-18,4.8857495940994e-18,0.0061161876178108,0.0061161830603241,-4.9144766004946e-07,-4.9144999476204e-07,4.8857104038574e-18,-4.8857298666302e-18,4.9144882200003e-07,4.9144870646911e-07,0.0061161883918222,0.0061161929488388,0.002226959698439,4.3322868333599e-49,9.5433464881922e-49,-5.1934957247104e-12,0,329.01496036361,100000251.15455,-1.2931322851194e-13,-0.001745803450658,0.002081332523713,36.583700407091,1.1322552506259e-07,95.736859854801,83.674995407884
58.016499999997,-2.4426424699345e-49,-8.142047436671e-50,1.3476153488373e-70,0.0013795355183127,1.7322266984773,0,1.0167842304693e-65,2.5804888548329e-45,6.0551124491991e-18,-0.0025266921653917,-4.2397886788203e-18,4.2398013616945e-18,0.0053075623486089,0.0053075583936706,-4.264730351297e-07,-4.2647506116836e-07,4.2397673528207e-18,-4.2397842424072e-18,4.2647404345801e-07,4.264739432015e-07,0.0053075630202877,0.0053075669748181,0.0019325318623131,1.039310264168e-51,2.5804888548329e-51,-5.1944667673442e-12,0,329.01496036361,100000251.15455,-1.2964629541954e-13,-0.0016836311118951,0.0019815354609706,32.464779074388,1.004169675593e-07,84.93846511151,74.236084347826
58.116499999997,-2.5976326955016e-52,-8.6586597446004e-53,1.4590471139629e-73,0.0013795355183127,1.7322046137775,0,1.2608209123775e-68,3.162312084679e-48,5.2545619690237e-18,-0.0021926364986753,-3.6792433724947e-18,3.6792543785576e-18,0.004605845968874,0.0046058425368207,-3.7008874897163e-07,-3.7009050714635e-07,3.6792248660199e-18,-3.6792395226228e-18,3.7008962398817e-07,3.7008953698665e-07,0.0046058465517497,0.0046058499834489,0.0016770305279764,1.1117924403701e-54,3.162312084679e-54,-5.1942489187091e-12,0,329.01496036361,100000251.15455,-1.2991691228202e-13,-0.0016214881738918,0.0018817284377805,28.345960062342,8.7625214381723e-08,74.144642960684,64.801392226123
58.216499999997,-9.7942880471303e-56,-3.2647110280528e-56,5.4868736612367e-77,0.0013795355183127,1.7321825221083,0,5.5474853361526e-72,1.3739929199964e-51,4.5598528050395e-18,-0.0019027465558226,-3.1928081372709e-18,3.1928176882148e-18,0.0039969039825887,0.0039969010042895,-3.2115906712303e-07,-3.211605928483e-07,3.1927920775495e-18,-3.1928047963931e-18,3.2115982645305e-07,3.2115975095406e-07,0.003996904488402,0.003996907466394,0.0014553091965059,4.1276822213288e-58,1.3739929199964e-57,-5.1935568969545e-12,0,329.01496036361,100000251.15455,-1.3018752914448e-13,-0.0015593746104792,0.0017819114521541,24.227242912923,7.4836285755533e-08,63.355391399628,55.370917047914
58.316499999997,-8.9438648474125e-60,-2.9812309356666e-60,4.8588900246821e-81,0.0013795355183127,1.7321604234786,0,5.9187467231496e-76,1.4458427525865e-55,3.9569916058083e-18,-0.0016511831568444,-2.770684830917e-18,2.7706931191243e-18,0.003468470624939,0.0034684680404028,-2.7869841134577e-07,-2.7869973535388e-07,2.7706708944622e-18,-2.770681931739e-18,2.7869907028426e-07,2.7869900476704e-07,0.0034684710638784,0.0034684736481481,0.0012629017910545,3.6041262736348e-62,1.4458427525865e-61,-5.1937590959371e-12,0,329.01496036361,100000251.15455,-1.3048590158256e-13,-0.001497290395526,0.0016820845021024,20.108627168553,6.2075608249829e-08,52.570708427768,45.94465682678
58.416499999997,-1.0433611931112e-64,-3.4777859063733e-65,5.2773877366386e-86,0.0013795355183127,1.7321383178975,0,8.0843007783819e-81,1.9436317329632e-60,3.4338350902759e-18,-0.001432879123656,-2.404370730161e-18,2.4043779225787e-18,0.003009901796108,0.003009899553275,-2.4185150736194e-07,-2.4185265632204e-07,2.4043586362541e-18,-2.4043682142852e-18,2.4185207918172e-07,2.4185202232658e-07,0.0030099021770149,0.0030099044196166,0.0010959326977924,3.8514226346271e-67,1.9436317329632e-66,-5.1929858642991e-12,0,329.01496036361,100000251.15455,-1.3074957955113e-13,-0.0014352355029377,0.0015822475856359,15.990112372057,4.9328712589799e-08,41.790592046612,36.522609593355
58.516499999997,-4.671862112851e-71,-1.557236080415e-71,2.062875516762e-92,0.0013795355183127,1.732116205374,0,4.2563264405196e-87,1.0028853563714e-66,2.9798454487248e-18,-0.0012434372131878,-2.0864872624799e-18,2.0864935039833e-18,0.0026119606598581,0.0026119587135516,-2.0987615727981e-07,-2.0987715433513e-07,2.0864767675166e-18,-2.0864850792297e-18,2.0987665349893e-07,2.0987660416064e-07,0.0026119609904051,0.0026119629365109,0.00095103870039458,1.4748210918404e-73,1.0028853563714e-72,-5.1948086740767e-12,0,329.01496036361,100000251.15455,-1.3104101309531e-13,-0.001373209906657,0.0014824007007643,11.871698066685,3.6596035506042e-08,31.015040259759,27.104773421727
58.616499999997,-5.3307237714506e-80,-1.7768187886664e-80,1.8267316809994e-101,0.0013795355183127,1.7320940859171,0,5.771088894171e-96,1.3186382370905e-75,2.5858780823317e-18,-0.0010790415448271,-1.8106313813758e-18,1.8106367976859e-18,0.0022666315882691,0.0022666298992851,-1.8212828968902e-07,-1.8212915492299e-07,1.8106222739587e-18,-1.8106294867746e-18,1.8212872030267e-07,1.8212867748743e-07,0.0022666318751143,0.0022666335639241,0.00082530123562346,1.2656372928849e-82,1.3186382370905e-81,-5.1943217061619e-12,0,329.01496036361,100000251.15455,-1.3136020221509e-13,-0.0013112135806645,0.0013825438454969,7.7533837961166,2.3881658813175e-08,20.24405107291,17.69114654026
58.716499999997,-2.4635347059537e-95,-8.2109403558064e-96,4.9089651281307e-117,0.0013795355183127,1.7320719595357,0,3.3077912669093e-111,7.0220047534424e-91,2.2439974058201e-18,-0.00093638073809757,-1.5712465914248e-18,1.5712512916409e-18,0.0019669587049671,0.0019669572392848,-1.5804898629254e-07,-1.5804973713335e-07,1.5712386881054e-18,-1.5712449473101e-18,1.5804935997447e-07,1.5804932281986e-07,0.0019669589538882,0.0019669604194194,0.00071618760544553,3.1546050202277e-98,7.0220047534424e-97,-5.1933807032073e-12,0,329.01496036361,100000251.15455,-1.3162388018365e-13,-0.001249246498977,0.0012826770178419,3.6351691044528,1.118347721369e-08,9.4776224938519,8.2817281973966
58.816499999997,-3.4294253685775e-180,-1.1490592474173e-180,1.137238507413e-205,0.0013795355183127,1.732049826222,0.28018713099259,-5.7683472172319e-199,-1.1323911439881e-175,1.9473164358828e-18,-0.00081258097572315,-1.3635106281187e-18,1.3635147069148e-18,0.0017069052775867,0.0017069040056836,-1.3715318381556e-07,-1.3715383538701e-07,1.3635037697044e-18,-1.3635092013739e-18,1.3715350809266e-07,1.3715347585029e-07,0.0017069054935978,0.0017069067653697,0.00062149978293169,6.9192451970177e-184,-1.1323911439881e-181,-131.45969326992,164.6806580623,329.01496036361,100000251.15455,-1.3188755815248e-13,-0.0011873086648405,0.0011828002158075,-0.48294452265085,-1.6744009208047e-09,-1.2842373384494,1.1235148257409
58.916499999997,-1.283703146632e-94,-4.2794423024601e-95,3.4575105720319e-116,0.0013795355183127,1.7320276779029,0.85691053567077,-1.8411165457307e-110,-4.8598962914978e-90,1.6898600771381e-18,-0.00070514895525645,-1.1832397307152e-18,1.1832432702502e-18,0.0014812338821258,0.0014812327783821,-1.1902004497653e-07,-1.1902061040316e-07,1.1832337790577e-18,-1.1832384926016e-18,1.1902032638067e-07,1.190202984011e-07,0.0014812340695779,0.0014812351732078,0.00053933076706979,2.775038502925e-97,-4.8598962914978e-96,-131.46177753739,164.68629710249,329.01496036361,100000251.15455,-1.321442972317e-13,-0.0011254140823342,0.0010829134374015,-4.6000242287664,-2.7990172056836e-08,-12.036655238172,10.520094392868
59.016499999997,-7.4798072001298e-80,-2.4933975708678e-80,4.7653190298005e-101,0.0013795355183127,1.732005508451,1.1790285573339,-1.339317095107e-95,-3.2629998434255e-75,1.4664425423637e-18,-0.00061192073869369,-1.0268028119075e-18,1.0268058834783e-18,0.001285398956592,0.001285397998775,-1.032843249621e-07,-1.032848156333e-07,1.0267976471227e-18,-1.0268017374857e-18,1.0328456916162e-07,1.0328454488124e-07,0.0012853991192609,0.0012854000769791,0.00046802548443903,3.524995224855e-82,-3.2629998434255e-81,-131.4638628546,164.69193642741,329.01496036361,100000251.15455,-1.3239409741701e-13,-0.0010635733702914,0.0009830166806302,-8.7153611107168,-5.2972697523445e-08,-22.775931525799,19.904775974905
59.116499999997,-3.4101473246988e-71,-1.1367554102328e-71,3.8363039446708e-92,0.0013795355183127,1.7319833178898,1.4303645859413,-7.3248396198299e-87,-1.7142661332332e-66,1.2725631897855e-18,-0.00053101828720324,-8.9104852311198e-19,8.910511885883e-19,0.0011154554979775,0.0011154546667941,-8.9629035050196e-08,-8.9629460849426e-08,8.910440411668e-19,-8.910475907402e-19,8.9629246963929e-08,8.9629225893679e-08,0.0011154556391398,0.0011154564702375,0.00040614752107411,2.7238971848609e-73,-1.7142661332332e-72,-131.46595257226,164.69758309641,329.01496036361,100000251.15455,-1.3269246985965e-13,-0.0010017864680061,0.00088310994349979,-12.828956232904,-7.7894027970591e-08,-33.502078293561,29.277545461785
59.216499999997,-4.6706950730137e-65,-1.5569396021926e-65,8.2395839057359e-86,0.0013795355183127,1.7319611062422,1.6437150595549,-1.1913718406243e-80,-2.7056316812653e-60,1.1043167565138e-18,-0.00046081200311372,-7.7324239993565e-19,7.7324471300755e-19,0.00096798037806647,0.00096797965677439,-7.7779120180888e-08,-7.7779489684916e-08,7.7323851055144e-19,-7.7324159083337e-19,7.7779304077365e-08,7.7779285792826e-08,0.00096798050056563,0.00096798122178331,0.00035245048476871,5.6737206480821e-67,-2.7056316812653e-66,-131.46803843849,164.70322885301,329.01496036361,100000251.15455,-1.3296308672668e-13,-0.00094005331487519,0.00078319322401594,-16.940810657347,-1.0276756254915e-07,-44.215107619948,38.638413980191
59.316499999997,-2.6226063973053e-60,-8.7422088604887e-61,6.7994240645301e-81,0.0013795355183127,1.7319388735314,1.8323966234503,-7.9118319455615e-76,-1.7506679569368e-55,9.5831429708638e-19,-0.00039988773895541,-6.7101150335794e-19,6.7101351061705e-19,0.00084000304272169,0.00084000241679212,-6.7495890508305e-08,-6.7496211159957e-08,6.7100812819183e-19,-6.7101080122761e-19,6.7496050091705e-08,6.7496034224577e-08,0.00084000314902515,0.00084000377489016,0.00030585276966649,4.5594933932854e-62,-1.7506679569368e-61,-131.47013289134,164.70888702022,329.01496036361,100000251.15455,-1.3324064248761e-13,-0.00087837385040473,0.00068326652018371,-21.050925444436,-1.275948856912e-07,-54.915031570499,47.987393234009
59.416499999997,-1.9442207227871e-56,-6.4808529616681e-57,7.1106395057796e-77,0.0013795355183127,1.7319166197805,2.0033914785518,-6.9228690639612e-72,-1.4955483830209e-51,8.3161492079437e-19,-0.00034701831264453,-5.8229662221853e-19,5.8229836409657e-19,0.00072894567676169,0.00072894513358669,-5.8572213531267e-08,-5.857249178935e-08,5.822936932854e-19,-5.8229601291733e-19,5.8572352016039e-08,5.8572338246715e-08,0.0007289457690107,0.00072894631212968,0.00026541576974721,4.6530075150676e-58,-1.4955483830209e-57,-131.47222725693,164.71454396078,329.01496036361,100000251.15455,-1.3349044267293e-13,-0.00081674801421044,0.00058332983000734,-25.159301652952,-1.5239037197354e-07,-65.601862197843,57.324495022883
59.516499999997,-3.5570877813181e-53,-1.1857145200895e-53,1.7840847654675e-73,0.0013795355183127,1.7318943450126,2.1609024251128,-1.4932378246451e-68,-3.1530737734496e-48,7.2166655406321e-19,-0.0003011387886641,-5.0531079504645e-19,5.0531230662962e-19,0.00063257127968,0.00063257080831853,-5.0828341875573e-08,-5.0828583344968e-08,5.0530825334953e-19,-5.0531026630136e-19,5.082846205118e-08,5.0828450102308e-08,0.00063257135973271,0.00063257183104556,0.0002303249727224,1.1406015333155e-54,-3.1530737734496e-54,-131.47432489348,164.72021211935,329.01496036361,100000251.15455,-1.3370554838872e-13,-0.00075517574601749,0.00048338315149068,-29.265940340009,-1.7710844112365e-07,-76.275611541646,66.64973116653
59.616499999997,-2.3347439347272e-50,-7.7825877637235e-51,1.573061153436e-70,0.0013795355183127,1.7318720492507,2.3076921395525,-1.1546606647634e-65,-2.3848645360668e-45,6.2625453467812e-19,-0.00026132502733645,-4.3850331574591e-19,4.3850462748167e-19,0.00054893860630827,0.00054893819726581,-4.4108292687982e-08,-4.4108502232546e-08,4.3850111008845e-19,-4.3850285690657e-19,4.4108396975092e-08,4.4108386605988e-08,0.00054893867577715,0.00054893908477741,0.00019987355351982,9.8327917615506e-52,-2.3848645360668e-51,-131.47642331799,164.72587654257,329.01496036361,100000251.15455,-1.3401779861918e-13,-0.00069365698565939,0.00038342648263709,-33.370842561205,-2.0179980659317e-07,-86.936291628795,75.963113485005
59.716499999997,-7.0001051628146e-48,-2.333397482988e-48,6.2365857942984e-68,0.0013795355183127,1.7318497325177,2.4456918404333,-4.0765487747119e-63,-8.239751388559e-43,5.4345700240192e-19,-0.00022677507011084,-3.8052849811468e-19,3.8052963642497e-19,0.00047636306480448,0.00047636270984181,-3.8276705712954e-08,-3.827688755349e-08,3.8052658406868e-19,-3.805280999388e-19,3.8276796212194e-08,3.8276787213997e-08,0.00047636312508884,0.0004763634800149,0.00017344813688436,3.8133163451723e-49,-8.239751388559e-49,-131.4785218583,164.73155034525,329.01496036361,100000251.15455,-1.342814765923e-13,-0.00063219167307924,0.00028345982144893,-37.474009370462,-2.2643706896576e-07,-97.583914473252,85.26465379196
59.816499999997,-1.1308431201008e-45,-3.7695198286357e-46,1.3157695856117e-65,0.0013795355183127,1.7318273948366,2.5763144208022,-7.7520907055298e-61,-1.5339002208654e-40,4.7160618742901e-19,-0.00019679298591469,-3.3021857002632e-19,3.3021955783984e-19,0.00041338278434454,0.00041338247631172,-3.3216116765164e-08,-3.3216274564442e-08,3.3021690903762e-19,-3.3021822449354e-19,3.321619529944e-08,3.32161874909e-08,0.00041338283665866,0.00041338314465971,0.00015051644231498,7.8724144539553e-47,-1.5339002208654e-46,-131.48062466749,164.73722909233,329.01496036361,100000251.15455,-1.3453127677763e-13,-0.00057077974832784,0.00018348316592853,-41.575441820142,-2.5103356385563e-07,-108.21849207618,94.554363891913
59.916499999997,-1.1074414007081e-43,-3.6915098129927e-44,1.6659628120199e-63,0.0013795355183127,1.7318050362303,2.7006305304713,-8.9343149795835e-59,-1.7310148741484e-38,4.0925481691897e-19,-0.00017077485318951,-2.8656015129087e-19,2.865610085049e-19,0.00035872916902695,0.00035872890171935,-2.8824591678057e-08,-2.8824728614586e-08,2.865587099026e-19,-2.865598514412e-19,2.8824659829263e-08,2.8824653053095e-08,0.00035872921442458,0.00035872948170461,0.00013061656247286,9.7560065993677e-45,-1.7310148741484e-44,-131.48273364458,164.74291203826,329.01496036361,100000251.15455,-1.3481577143246e-13,-0.00050942115156456,8.3496514077052e-05,-45.675140960977,-2.7557818582234e-07,-118.84003642592,103.832255579
60.016499999997,-7.1726280763322e-42,-2.3908991108808e-42,1.3835157305016e-61,0.0013795355183127,1.7317826567216,2.8194744868413,-6.8087153276452e-57,-1.2919440839714e-36,3.5514696294477e-19,-0.00014819659525132,-2.4867384139329e-19,2.4867458527448e-19,0.00031130134486566,0.00031130111289898,-2.5013673069637e-08,-2.5013791901695e-08,2.4867259057193e-19,-2.4867358118695e-19,2.5013732210526e-08,2.501372633024e-08,0.00031130138426124,0.000311301616204,0.00011334765909843,7.9313806992476e-43,-1.2919440839714e-42,-131.48484190706,164.74859844252,329.01496036361,100000251.15455,-1.3507251051169e-13,-0.00044811582305638,-1.6500136104826e-05,-49.773107842133,-3.0007486881168e-07,-129.44855949802,113.09834063635
60.116499999997,-3.2825347213035e-40,-1.0941880944992e-40,8.0621193284779e-60,0.0013795355183127,1.7317602563333,2.9335114378655,-3.6659231579024e-55,-6.8133413340056e-35,3.0819274465344e-19,-0.00012860342394622,-2.1579650595077e-19,2.1579715148293e-19,0.00027014398516304,0.00027014378386484,-2.1706598567742e-08,-2.1706701688935e-08,2.1579542050134e-19,-2.1579628014649e-19,2.1706649889575e-08,2.1706644786726e-08,0.00027014401935011,0.00027014422062756,9.8361889027391e-05,4.5251421985894e-41,-6.8133413340056e-41,-131.48694874729,164.75428926059,329.01496036361,100000251.15455,-1.3534312737872e-13,-0.00038686370317793,-0.00011650678661673,-53.869343511183,-3.2453710994292e-07,-140.0440732553,122.35263083578
60.216499999997,-1.117529116198e-38,-3.7251285268054e-39,3.4742047056257e-58,0.0013795355183127,1.7317378350883,3.04328181184,-1.4681620450452e-53,-2.6729763605847e-33,2.674463750709e-19,-0.00011160067896731,-1.8726590508936e-19,1.8726646527528e-19,0.00023442806760525,0.00023442789292081,-1.8836754604947e-08,-1.8836844092417e-08,1.8726496314793e-19,-1.8726570913881e-19,1.8836799141486e-08,1.8836794713287e-08,0.00023442809727242,0.00023442827193884,8.53573976736e-05,1.909429883577e-39,-2.6729763605847e-39,-131.48906178827,164.75998607463,329.01496036361,100000251.15455,-1.3561374424575e-13,-0.00032566473241155,-0.00021652343945927,-57.963849014095,-3.4893579490078e-07,-150.62658964778,131.59513793759
60.316499999997,-2.9481318052699e-37,-9.8271843001431e-38,1.1541947211936e-56,0.0013795355183127,1.7317153930092,3.1492317911298,-4.5558217276351e-52,-8.1258472060644e-32,2.3208711035361e-19,-9.684587831171e-05,-1.6250735411322e-19,1.6250784023658e-19,0.00020343417547484,0.00020343402388555,-1.6346334638274e-08,-1.6346412294545e-08,1.6250653670649e-19,-1.6250718406942e-19,1.6346373286607e-08,1.6346369443864e-08,0.00020343420121969,0.00020343435279335,7.4072238848323e-05,6.2119775635037e-38,-8.1258472060644e-38,-131.49117295112,164.76568955216,329.01496036361,100000251.15455,-1.3594681115792e-13,-0.00026451885134598,-0.00031655009663305,-62.056625395286,-3.7330096613832e-07,-161.19612061281,140.82587369049
60.416499999997,-6.2282052531863e-36,-2.0760840783353e-36,3.0570107051288e-55,0.0013795355183127,1.7316929301189,3.2517348326386,-1.1320306009583e-50,-1.9781999353252e-30,2.0140271775233e-19,-8.4041819751954e-05,-1.4102214777579e-19,1.4102256962845e-19,0.00017653800662136,0.00017653787507379,-1.4185174766584e-08,-1.4185242155868e-08,1.4102143843896e-19,-1.410220002136e-19,1.4185208305195e-08,1.4185204970503e-08,0.00017653802896247,0.00017653816049647,6.4279098444211e-05,1.6113136741498e-36,-1.9781999353252e-36,-131.49329106192,164.77139383237,329.01496036361,100000251.15455,-1.3619661134324e-13,-0.0002034260006774,-0.00041658676014,-66.147673697557,-3.9760815973672e-07,-171.75267807501,150.0448498315
60.516499999997,-1.0824251646086e-34,-3.6081097536681e-35,6.6349082054273e-54,0.0013795355183127,1.7316704464399,3.3511072544192,-2.3139009794905e-49,-3.9617829609978e-29,1.7477512928755e-19,-7.2930594366513e-05,-1.2237751498582e-19,1.2237788106506e-19,0.0001531977983006,0.00015319768414502,-1.2309743291771e-08,-1.2309801771472e-08,1.2237689943089e-19,-1.2237738693293e-19,1.230977239622e-08,1.230976950241e-08,0.00015319781768797,0.00015319793183178,5.5780715704586e-05,3.4251111070811e-35,-3.9617829609978e-35,-131.49540828234,164.77710250434,329.01496036361,100000251.15455,-1.3648804489198e-13,-0.00014238612120754,-0.00051663343198211,-70.236994962166,-4.2187782017835e-07,-182.29627394634,159.25207808599
60.616499999997,-1.582480883018e-33,-5.2749723516219e-34,1.2071860525371e-52,0.0013795355183127,1.7316479419949,3.4476197734798,-3.9784824897234e-48,-6.6744705691326e-28,1.5166799216206e-19,-6.3288391545438e-05,-1.0619790160845e-19,1.0619821928811e-19,0.00013294341458431,0.00013294331552132,-1.0682263870746e-08,-1.0682314618807e-08,1.0619736743644e-19,-1.0619779048551e-19,1.0682289127276e-08,1.0682286616059e-08,0.00013294343140847,0.00013294353046124,4.8405909849785e-05,6.103662603743e-34,-6.6744705691326e-34,-131.49752778281,164.78281439966,329.01496036361,100000251.15455,-1.3679335622854e-13,-8.1399153846407e-05,-0.00061669011416229,-74.324590228794,-4.4610482507042e-07,-192.82692012611,168.4475701676
60.716499999996,-1.9828989347913e-32,-6.6097063580208e-33,1.8766948928722e-51,0.0013795355183127,1.7316254168066,3.5415062105194,-5.8626696818119e-47,-9.6375023144726e-27,1.3161586514192e-19,-5.4920990829712e-05,-9.2157405772978e-20,9.2157681451997e-20,0.0001153668765308,0.00011536679056499,-9.2699545960903e-09,-9.269998634716e-09,9.2156942224215e-20,-9.2157309341682e-20,9.2699765134376e-09,9.2699743342301e-09,0.00011536689113062,0.00011536697708756,4.200613202589e-05,9.2940092829283e-33,-9.6375023144726e-33,-131.49964994499,164.78853556957,329.01496036361,100000251.15455,-1.3704315641386e-13,-2.0465039607913e-05,-0.00071675680868374,-78.410460535535,-4.7028461938119e-07,-203.34462850097,177.63133777828
60.816499999996,-2.1634734706268e-31,-7.2116234895707e-32,2.533369408092e-50,0.0013795355183127,1.7316028708973,3.6329701681056,-7.5222665054672e-46,-1.2117166307566e-25,1.1421484329104e-19,-4.7659849777533e-05,-7.9973213313755e-20,7.9973452545066e-20,0.00010011414436803,0.00010011406976782,-8.0443676783632e-09,-8.0444058946127e-09,7.9972811051085e-20,-7.9973129631705e-20,8.0443866980033e-09,8.0443848069103e-09,0.0001001141570376,0.00010011423163012,3.6452473122646e-05,1.2288954133052e-31,-1.2117166307566e-31,-131.50177436126,164.79426072164,329.01496036361,100000251.15455,-1.3734152885651e-13,4.0416280386882e-05,-0.00081683351755097,-82.494606918931,-4.9440969395909e-07,-213.84941094499,186.80339260828
60.916499999996,-2.0833102895655e-30,-6.944409531243e-31,3.0107098208692e-49,0.0013795355183127,1.7315803042898,3.722190230742,-8.5180848015291e-45,-1.3445874181411e-24,9.9114422215968e-20,-4.1358709056433e-05,-6.9399901115735e-20,6.9400108718114e-20,8.6877986159807e-05,8.6877921422541e-05,-6.9808164294557e-09,-6.9808495931092e-09,6.9399552036483e-20,-6.9399828497345e-20,6.9808329344964e-09,6.9808312934261e-09,8.6877997154328e-05,8.6878061884917e-05,3.1633067189767e-05,1.4305529771367e-30,-1.3445874181411e-30,-131.50390076736,164.79999024186,329.01496036361,100000251.15455,-1.3762602351136e-13,0.00010124486491261,-0.00091692024276777,-86.577030413972,-5.1849098779607e-07,-224.34127931963,195.96374633615
61.016499999996,-1.7912340386428e-29,-5.9708148422564e-30,3.1875030083549e-48,0.0013795355183127,1.7315577170064,3.8093240680408,-8.6123464758019e-44,-1.3322110049978e-23,8.601043794433e-20,-3.5890646378432e-05,-6.0224493618608e-20,6.0224673773737e-20,7.5391789310382e-05,7.5391733132073e-05,-6.0578780048594e-09,-6.057906783924e-09,6.0224190691358e-20,-6.0224430601144e-20,6.0578923277576e-09,6.0578909036543e-09,7.5391798851309e-05,7.5391855023824e-05,2.7450838149324e-05,1.4835910151507e-29,-1.3322110049978e-29,-131.50603005531,164.80572422834,329.01496036361,100000251.15455,-1.3788276259059e-13,0.00016202077263742,-0.0010170169863402,-90.657732054086,-5.4253645735508e-07,-234.82024547381,205.11241062878
61.116499999996,-1.3890529558526e-28,-4.630202510021e-29,3.0374100599899e-47,0.0013795355183127,1.7315351090697,3.8945117111988,-7.8534566449966e-43,-1.1904881966968e-22,7.4638940226639e-20,-3.1145519936418e-05,-5.2262172903809e-20,5.2262329240507e-20,6.54241902542e-05,6.5424141503263e-05,-5.2569618887143e-09,-5.2569868628795e-09,5.2261910026773e-20,-5.2262118217926e-20,5.2569743179725e-09,5.2569730821508e-09,6.5424198533715e-05,6.5424247279624e-05,2.3821544416791e-05,1.3848540510116e-28,-1.1904881966968e-28,-131.50816077391,164.81146233155,329.01496036361,100000251.15455,-1.3813950166982e-13,0.00022274406212484,-0.0011171237502736,-94.736712871126,-5.6652818498374e-07,-245.28632124386,214.24939714138
61.216499999996,-9.8009335020956e-28,-3.2669955717274e-28,2.6285601834513e-46,0.0013795355183127,1.731512480502,3.9778781976717,-6.5159132039515e-42,-9.679643179905e-22,6.4770875853016e-20,-2.7027749845508e-05,-4.5352555953806e-20,4.5352691621125e-20,5.6774414157967e-05,5.6774371852424e-05,-4.5619354297373e-09,-4.5619571020514e-09,4.535232783192e-20,-4.5352508497981e-20,4.561946215715e-09,4.5619451432821e-09,5.6774421342841e-05,5.6774463644021e-05,2.0672082044065e-05,1.1739854807713e-27,-9.679643179905e-28,-131.51029365385,164.81720566615,329.01496036361,100000251.15455,-1.3841011853685e-13,0.0002834147918341,-0.0012172405365747,-98.813973895428,-5.9047439021262e-07,-255.73951845362,223.37471751753
61.316499999996,-6.3408196372971e-27,-2.1136176637392e-27,2.0821324309987e-45,0.0013795355183127,1.7314898313256,4.059535726859,-4.9569318760142e-41,-7.216438698501e-21,5.6207474892168e-20,-2.3454392901535e-05,-3.9356464097444e-20,3.9356581828095e-20,4.9268230763825e-05,4.9268194051526e-05,-3.9587988852973e-09,-3.9588176923002e-09,3.9356266135705e-20,-3.9356422915785e-20,3.9588082452536e-09,3.9588073146079e-09,4.9268236998782e-05,4.9268273707294e-05,1.7939012205074e-05,9.1096899563187e-27,-7.216438698501e-27,-131.5124285607,164.82295302554,329.01496036361,100000251.15455,-1.387015520856e-13,0.00034403302011991,-0.0013173673472502,-102.88951615576,-6.1437505112008e-07,-266.17984891442,232.48838338917
61.416499999996,-3.7870944160139e-26,-1.2623712484444e-26,1.5201531920421e-44,0.0013795355183127,1.7314671615631,4.1395854329648,-3.4811931489387e-40,-4.9667155281796e-20,4.8776246918801e-20,-2.0353471877016e-05,-3.4153119569072e-20,3.4153221734475e-20,4.2754444913227e-05,4.2754413054686e-05,-3.4354034281309e-09,-3.4354197486473e-09,3.4152947779988e-20,-3.4153083832068e-20,3.4354115506011e-09,3.4354107429966e-09,4.2754450323856e-05,4.2754482179111e-05,1.5567283363516e-05,6.51536011359e-26,-4.9667155281796e-26,-131.51456796887,164.82870372391,329.01496036361,100000251.15455,-1.3899992452825e-13,0.00040459880523237,-0.001417504184308,-106.96334067936,-6.3823468436663e-07,-276.60732442511,241.5904063766
61.516499999996,-2.1007231739947e-25,-7.0024453074833e-26,1.0292636222684e-43,0.0013795355183127,1.7314444712366,4.2181188549839,-2.2706003038912e-39,-3.1748090653768e-19,4.2327506582498e-20,-1.7662525702013e-05,-2.9637712712487e-20,2.9637801370533e-20,3.7101851060994e-05,3.7101823414493e-05,-2.9812064355795e-09,-2.9812205983495e-09,2.9637563635752e-20,-2.9637681700296e-20,2.9812134841725e-09,2.981212783342e-09,3.7101855756281e-05,3.7101883399931e-05,1.3509122383642e-05,4.3215363314273e-25,-3.1748090653768e-25,-131.51670650943,164.83445715331,329.01496036361,100000251.15455,-1.3931217475872e-13,0.00046511220531783,-0.0015176510497562,-111.0354484919,-6.6204422509854e-07,-287.02195677207,250.68079808858
61.616499999996,-1.0880954903142e-24,-3.6270024681127e-25,6.4984000128539e-43,0.0013795355183127,1.7314217603684,4.2952191647534,-1.3828809566475e-38,-1.8949660429699e-18,3.6731358533467e-20,-1.532735132656e-05,-2.5719290826462e-20,2.5719367762969e-20,3.2196590435123e-05,3.2196566443784e-05,-2.5870591322011e-09,-2.5870714225017e-09,2.5719161459263e-20,-2.5719263914413e-20,2.5870652488948e-09,2.5870646407215e-09,3.2196594509643e-05,3.2196618498508e-05,1.172307224804e-05,2.6728987125013e-24,-1.8949660429699e-24,-131.51884978775,164.8402251147,329.01496036361,100000251.15455,-1.3957585273186e-13,0.00052557327841918,-0.0016178079456034,-115.10584061756,-6.8581644672342e-07,-297.42375772925,259.75957012223
61.716499999996,-5.2879658715312e-24,-1.7626635749894e-24,3.8446481485852e-42,0.0013795355183127,1.7313990289807,4.3709622000249,-7.9022162249695e-38,-1.0612280131783e-17,3.1875080973279e-20,-1.3300911922297e-05,-2.2318926127435e-20,2.2318992892114e-20,2.7939857608259e-05,2.7939836788831e-05,-2.2450223082937e-09,-2.2450329736855e-09,2.231881386396e-20,-2.2318902773446e-20,2.2450276162953e-09,2.245027088529e-09,2.7939861144084e-05,2.7939881961365e-05,1.0173156999391e-05,1.5491757490452e-23,-1.0612280131783e-23,-131.52099061935,164.84598613039,329.01496036361,100000251.15455,-1.3983953070499e-13,0.00058598208247544,-0.0017179748738591,-119.17451807894,-7.0953980434658e-07,-307.81273905818,268.82673406316
61.816499999996,-2.4216390266842e-23,-8.0721670857483e-24,2.1408703060533e-41,0.0013795355183127,1.7313762770959,4.4454173391109,-4.2550939808035e-37,-5.6003492691902e-17,2.7660855128115e-20,-1.1542389431505e-05,-1.9368125927072e-20,1.9368183864748e-20,2.4245910284897e-05,2.4245892218019e-05,-1.9482064023981e-09,-1.9482156577112e-09,1.9368028506026e-20,-1.936810566073e-20,1.9482110086252e-09,1.9482105506353e-09,2.4245913353248e-05,2.4245931418262e-05,8.8281570858287e-06,8.4509500465519e-23,-5.6003492691902e-23,-131.52313897265,164.8517592581,329.01496036361,100000251.15455,-1.4012402535984e-13,0.00064633867532253,-0.0018181518365336,-123.24148189715,-7.3322035649168e-07,-318.18891250799,277.88230148541
61.916499999996,-1.0491088211864e-22,-3.497045049935e-23,1.1265042377343e-40,0.0013795355183127,1.7313535047359,4.518648245823,-2.1674903043783e-36,-2.7958372816581e-16,2.4003794909885e-20,-1.0016362379256e-05,-1.6807453001325e-20,1.6807503279022e-20,2.1040342215936e-05,2.1040326537692e-05,-1.6906327265984e-09,-1.6906407582604e-09,1.6807368460381e-20,-1.680743541441e-20,1.6906367238331e-09,1.6906363263944e-09,2.1040344878618e-05,2.1040360555244e-05,7.660980513385e-06,4.3563398865984e-22,-2.7958372816581e-22,-131.52528758511,164.85753436744,329.01496036361,100000251.15455,-1.4040158112078e-13,0.00070664311469343,-0.0019183388356373,-127.30673309174,-7.5685143472242e-07,-328.55228981543,286.92628395152
62.016499999996,-4.3147163523805e-22,-1.4382450716746e-22,5.6214049864139e-40,0.0013795355183127,1.7313307119229,4.5907135074662,-1.0481500946388e-35,-1.3250408086037e-15,2.0830237077167e-20,-8.6920923875441e-06,-1.4585328361424e-20,1.4585371991873e-20,1.8258584452296e-05,1.8258570846884e-05,-1.4671130393203e-09,-1.4671200091109e-09,1.4585254997695e-20,-1.4585313099687e-20,1.467116508078e-09,1.4671161631848e-09,1.8258586762944e-05,1.8258600366953e-05,6.6481171387563e-06,2.1296580315923e-21,-1.3250408086037e-21,-131.52743735024,164.86331439786,329.01496036361,100000251.15455,-1.4065832020002e-13,0.00076689545821872,-0.0020185358731816,-131.37027268077,-7.8044679240868e-07,-338.90288270493,295.9586930125
62.116499999996,-1.6900266135048e-21,-5.6334461308331e-22,2.6689676565149e-39,0.0013795355183127,1.7313078986791,4.6616671840747,-4.827223367347e-35,-5.9807575854716e-15,1.8076257455121e-20,-7.5429050197329e-06,-1.2656992311315e-20,1.2657030173353e-20,1.5844604748541e-05,1.584459294191e-05,-1.2731450398895e-09,-1.2731510881994e-09,1.2656928647054e-20,-1.2656979067342e-20,1.2731480500404e-09,1.2731477507458e-09,1.5844606753696e-05,1.584461855911e-05,5.7691651103016e-06,9.9057280321897e-21,-5.9807575854716e-21,-131.52959200234,164.86909958951,329.01496036361,100000251.15455,-1.4093587596096e-13,0.00082709576342655,-0.0021187429511782,-135.43210168075,-8.0398462549219e-07,-349.24070288854,304.9795402079
62.216499999996,-6.3227944732714e-21,-2.1076069780499e-21,1.2092556097361e-38,0.0013795355183127,1.7312850650264,4.7315592835312,-2.1234587130643e-34,-2.5784420581059e-14,1.5686383326956e-20,-6.5456524834638e-06,-1.0983602864396e-20,1.0983635720668e-20,1.3749778918132e-05,1.3749768672463e-05,-1.1048216798252e-09,-1.104826928484e-09,1.0983547617229e-20,-1.0983591371417e-20,1.104824292002e-09,1.1048240322774e-09,1.3749780658184e-05,1.3749790902796e-05,5.0064199182039e-06,4.3968438971002e-20,-2.5784420581058e-20,-131.53174551373,164.87488809818,329.01496036361,100000251.15455,-1.4125506508534e-13,0.00088724408774267,-0.0022189600716395,-139.4922211067,-8.2748729894343e-07,-359.56576206603,313.98883706579
62.316499999996,-2.2654450000551e-20,-7.5515142918964e-21,5.2426045992722e-38,0.0013795355183127,1.7312622109869,4.8004361744387,-8.9457692848133e-34,-1.0646025268494e-13,1.3612476060994e-20,-5.6802473679597e-06,-9.5314533591769e-21,9.5314818714998e-21,1.193191140334e-05,1.1931902512258e-05,-9.5875246414792e-10,-9.5875701887799e-10,9.5314054162755e-21,-9.531443385693e-21,9.5875473096708e-10,9.587545055808e-10,1.1931912913339e-05,1.1931921803504e-05,4.3445177750668e-06,1.8674604393472e-19,-1.0646025268494e-19,-131.53390094344,164.88068226543,329.01496036361,100000251.15455,-1.4153955974018e-13,0.00094734048849051,-0.0023191872365788,-143.55063197211,-8.5095021073011e-07,-369.87807192487,322.98659510281
62.416499999996,-7.7926302599291e-20,-2.5975538595707e-20,2.1802616331638e-37,0.0013795355183127,1.7312393365826,4.8683409464312,-3.6180650283662e-33,-4.2199149957125e-13,1.1812761466354e-20,-4.9292580186989e-06,-8.271293514504e-21,8.2713182571935e-21,1.0354385320448e-05,1.0354377604863e-05,-8.3199515749467e-10,-8.3199911004083e-10,8.2712519101657e-21,-8.271284859621e-21,8.3199712461616e-10,8.3199692902835e-10,1.035438663081e-05,1.0354394345599e-05,3.7701261397104e-06,7.6084397395141e-19,-4.2199149957125e-19,-131.53606031054,164.88647796011,329.01496036361,100000251.15455,-1.4185180997065e-13,0.0010073850228925,-0.0024194244480098,-147.60733528896,-8.7435547610613e-07,-380.17764414024,331.97282582417
62.516499999996,-2.579116677635e-19,-8.5970894882828e-20,8.71750792889e-37,0.0013795355183127,1.7312164418354,4.9353137258781,-1.4079599957892e-32,-1.6094455797501e-12,1.0250988345965e-20,-4.2775573807164e-06,-7.1777402485215e-21,7.1777617199635e-21,8.9854248209859e-06,8.985418125487e-06,-7.219965194142e-10,-7.2199994939157e-10,7.1777041447207e-21,-7.1777327379064e-21,7.2199822646123e-10,7.2199805673222e-10,8.9854259581058e-06,8.9854326529141e-06,3.2716751364996e-06,2.9803218285088e-18,-1.6094455797501e-18,-131.53822212713,164.89228177047,329.01496036361,100000251.15455,-1.4210161015598e-13,0.0010673777480692,-0.0025196717079463,-151.66233206776,-8.9772304496612e-07,-390.46449037512,340.94754072366
62.616499999996,-8.2301345634735e-19,-2.7433888061073e-19,3.3582179547755e-36,0.0013795355183127,1.7311935267672,5.0013919535502,-5.2826566340378e-32,-5.9183134311089e-12,8.8956982978426e-21,-3.7120181742017e-06,-6.2287663936584e-21,6.2287850263466e-21,7.7974547784605e-06,7.7974489681909e-06,-6.2654087508862e-10,-6.2654385158638e-10,6.2287350631653e-21,-6.2287598760268e-21,6.2654235644582e-10,6.2654220915679e-10,7.7974557652488e-06,7.7974615749191e-06,2.8391244125722e-06,1.124771960542e-17,-5.9183134311089e-18,-131.54038817226,164.89809396518,329.01496036361,100000251.15455,-1.4237222702302e-13,0.0011273187210401,-0.0026199290184036,-155.71562331746,-9.2104480793278e-07,-400.7386222802,349.91075128369
62.716499999996,-2.5369676216603e-18,-8.4565908904015e-19,1.2488141824571e-35,0.0013795355183127,1.7311705913999,5.0666106297052,-1.9146344174607e-31,-2.1022862257759e-11,7.7195920564351e-21,-3.2212480544826e-06,-5.4052570089451e-21,5.4052731781932e-21,6.7665444661733e-06,6.7665394241296e-06,-5.4370548555452e-10,-5.4370806852752e-10,5.4052298206776e-21,-5.405251353014e-21,5.4370677106049e-10,5.4370664324464e-10,6.7665453225256e-06,6.7665503640493e-06,2.4637605796059e-06,4.0976894061362e-17,-2.1022862257759e-17,-131.54255435805,164.90390496479,329.01496036361,100000251.15455,-1.4267753835959e-13,0.0011872079987239,-0.0027201963813969,-159.76721004556,-9.4432610465729e-07,-411.00005149402,358.86246897531
62.816499999996,-7.5675462762234e-18,-2.5225248516272e-18,4.4909172519991e-35,0.0013795355183127,1.7311476357553,5.1310025311442,-6.7150851855282e-31,-7.2263433582659e-11,6.6989796103877e-21,-2.7953587586308e-06,-4.6906243525711e-21,4.690638384072e-21,5.8719226272266e-06,5.8719182519536e-06,-4.7182181845701e-10,-4.7182405993341e-10,4.6906007588827e-21,-4.6906194444144e-21,4.7182293400537e-10,4.7182282308814e-10,5.8719233704551e-06,5.8719277452768e-06,2.1380206584256e-06,1.443652184485e-16,-7.2263433582659e-17,-131.54472456927,164.90972131801,329.01496036361,100000251.15455,-1.4298284969615e-13,0.001247045637938,-0.0028204737989425,-163.81709325805,-9.6756816346892e-07,-421.24878964289,367.80270525821
62.916499999996,-2.187911620035e-17,-7.2930655343042e-18,1.564368229578e-34,0.0013795355183127,1.7311246598552,5.1945984040626,-2.2827261359141e-30,-2.4075899638867e-10,5.8133030205783e-21,-2.425762538566e-06,-4.0704737591553e-21,4.070485935542e-21,5.095549862449e-06,5.0955460661632e-06,-4.0944193922321e-10,-4.0944388435252e-10,4.0704532848042e-21,-4.0704694999093e-21,4.0944290728418e-10,4.0944281103139e-10,5.0955505077301e-06,5.0955543036241e-06,1.8553364190445e-06,4.926669001887e-16,-2.4075899638867e-16,-131.54689406147,164.91554429338,329.01496036361,100000251.15455,-1.4328122213881e-13,0.0013068316954003,-0.0029207612730572,-167.8652739594,-9.9075373834339e-07,-431.48484834096,376.73147158075
63.016499999996,-6.140237669861e-17,-2.0467532904503e-17,5.2865959774175e-34,0.0013795355183127,1.7311016637215,5.2574271359134,-7.5326231028233e-30,-7.7864061848678e-10,5.0447223265998e-21,-2.1049856281102e-06,-3.5323136915382e-21,3.5323242580767e-21,4.4217267997157e-06,4.4217235070526e-06,-3.5530934568089e-10,-3.5531103364335e-10,3.5322959241149e-21,-3.53230999541e-21,3.5531018575387e-10,3.5531010222673e-10,4.4217273606972e-06,4.4217306530202e-06,1.6099918249399e-06,1.631089772542e-15,-7.7864061848678e-16,-131.54906650562,164.92136724878,329.01496036361,100000251.15455,-1.4359347236928e-13,0.0013665662277277,-0.0030210588057579,-171.91175315264,-1.0139059756914e-06,-441.70823919027,385.64877937998
63.116499999996,-1.6749533861392e-16,-5.5831978246674e-17,1.7356650383624e-33,0.0013795355183117,1.7310786473758,5.3195159090091,-2.4162185090428e-29,-2.447876438746e-09,4.3777562005234e-21,-1.8264770391793e-06,-3.0653041266095e-21,3.0653132961388e-21,3.836692451465e-06,3.8366895995158e-06,-3.0833365865054e-10,-3.0833512344634e-10,3.0652887082291e-21,-3.0653009191489e-21,3.083343876569e-10,3.0833431517294e-10,3.8366929414464e-06,3.8366957930999e-06,1.3969771248698e-06,5.2463272260241e-15,-2.447876438746e-15,-131.55124248864,164.92720415199,329.01496036361,100000251.15455,-1.4387796702413e-13,0.0014262492914369,-0.0031213663990628,-175.95653183921,-1.0370170149592e-06,-451.91897378053,394.55464008152
63.216499999996,-4.4458785383665e-16,-1.4819647054041e-16,5.5435136484216e-33,0.0013795355183086,1.7310556108398,5.3808903381811,-7.5437838785176e-29,-7.4904044550972e-09,3.7989701091759e-21,-1.5843578682402e-06,-2.6600382065887e-21,2.6600461638085e-21,3.3280976076607e-06,3.3280951492666e-06,-2.6756865870794e-10,-2.6756992984211e-10,2.6600248266829e-21,-2.6600354231886e-21,2.6756929133189e-10,2.6756922843108e-10,3.3280980424983e-06,3.328100500634e-06,1.2117980655619e-06,1.6415819941045e-14,-7.4904044550972e-15,-131.55342186247,164.93304518194,329.01496036361,100000251.15455,-1.4415552278509e-13,0.0014858809429471,-0.0032216840549906,-179.99961101917,-1.0600851689249e-06,-462.11706368955,403.44906509988
63.316499999996,-1.1488682766282e-15,-3.8295741245905e-16,1.7245334257274e-32,0.0013795355183002,1.7310325541352,5.4415745944682,-2.2952644687482e-28,-2.2336324455435e-08,3.2967057021223e-21,-1.3729649918873e-06,-2.3083527565385e-21,2.3083596617292e-21,2.8840463215075e-06,2.8840442373547e-06,-2.3219322671189e-10,-2.3219432978855e-10,2.3083411455993e-21,-2.3083503411337e-21,2.3219377569619e-10,2.3219372111154e-10,2.8840467274298e-06,2.8840488113532e-06,1.0501295547298e-06,5.0030780440428e-14,-2.2336324455435e-14,-131.55560104222,164.93888466678,329.01496036361,100000251.15455,-1.4443307854603e-13,0.001545461238577,-0.0033220117755603,-184.04099169093,-1.0831031559766e-06,-472.30252048269,412.33206583801
63.416499999996,-2.8867656532992e-15,-9.6225847163609e-16,5.2315192125162e-32,0.0013795355182759,1.7310094772836,5.5015915165329,-6.8133285365669e-28,-6.4983242751856e-08,2.8608459702253e-21,-1.1857989376764e-06,-2.003163848429e-21,2.0031698406805e-21,2.4908858030383e-06,2.4908841376719e-06,-2.0149480417244e-10,-2.014957614106e-10,2.0031537725807e-21,-2.0031617523667e-21,2.0149528057516e-10,2.0149523320718e-10,2.4908862379644e-06,2.4908879031165e-06,9.0701820917336e-07,1.4869001944608e-13,-6.4983242751856e-14,-131.55778280688,164.94472507058,329.01496036361,100000251.15455,-1.4473145098871e-13,0.0016049902345485,-0.0034223495627909,-188.0806748512,-1.1060752442969e-06,-482.47535571263,421.20365368706
63.516499999996,-7.0061445627193e-15,-2.3353891767596e-15,1.5492580522837e-31,0.0013795355182072,1.7309863803067,5.560962711258,-1.9752855627499e-27,-1.8464394573117e-07,2.4826114329351e-21,-1.0128494207751e-06,-1.738324091513e-21,1.7383292915269e-21,2.1275884305926e-06,2.1275873925517e-06,-1.7485504026885e-10,-1.748558709499e-10,1.7383153478018e-21,-1.7383222725732e-21,1.7485545368604e-10,1.7485541258062e-10,2.1275890416336e-06,2.1275900794459e-06,7.7485614876302e-07,4.3138610365733e-13,-1.8464394573117e-13,-131.55996763139,164.95057644345,329.01496036361,100000251.15455,-1.4501594564355e-13,0.0016644679869932,-0.0035226974187034,-192.11866149463,-1.1290052537782e-06,-492.63558091854,430.06384002569
63.616499999996,-1.6018724254677e-14,-5.3395909894369e-15,4.4833203049942e-31,0.0013795355180157,1.7309632632259,5.6197086447709,-5.5985578254937e-27,-5.1291391798454e-07,2.1543832186155e-21,-8.3365085659154e-07,-1.5084987532015e-21,1.5085032657238e-21,1.7511641321767e-06,1.7511643627329e-06,-1.5173733631346e-10,-1.517380571696e-10,1.5084911655093e-21,-1.5084971747471e-21,1.5173769507248e-10,1.5173765940163e-10,1.7511653078911e-06,1.751165077019e-06,6.3811992541524e-07,1.2230115267577e-12,-5.1291391798454e-13,-131.56215378673,164.95642872231,329.01496036361,100000251.15455,-1.4534901255573e-13,0.0017238945519573,-0.0036230553453191,-196.1549526126,-1.1519011491932e-06,-502.783207623,438.91263621741
63.716499999996,-3.1306504989782e-14,-1.0435524988713e-14,1.2690214079122e-30,0.0013795355174908,1.7309401260629,5.6778487249738,-1.5527560298638e-26,-1.3942305940778e-06,1.8695493958554e-21,-5.9937743255947e-07,-1.3090581602741e-21,1.3090620762086e-21,1.2590492205809e-06,1.259052496862e-06,-1.3167603653644e-10,-1.3167666208767e-10,1.3090515757753e-21,-1.3090567905139e-21,1.3167634786368e-10,1.3167631690888e-10,1.2590519860829e-06,1.2590487092105e-06,4.5980451506671e-07,3.3914706180993e-12,-1.3942305940778e-12,-131.56434416376,164.96229595354,329.01496036361,100000251.15455,-1.4563350721059e-13,0.0017832699854392,-0.0037234233446589,-200.18954919046,-1.1747477894481e-06,-512.91824732527,447.75005360466
63.816499999996,-2.606043793847e-14,-8.6867637630876e-15,3.516570921202e-30,0.0013795355160828,1.7309169688393,5.7354013764832,-4.2178542686758e-26,-3.7118112637329e-06,1.622371261981e-21,-1.8741002509744e-07,-1.1359840741166e-21,1.1359874723653e-21,3.9366947792564e-07,3.936805128517e-07,-1.1426704688737e-10,-1.1426758973394e-10,1.1359783602115e-21,-1.1359828854691e-21,1.1426731705379e-10,1.1426729019151e-10,3.9367649984764e-07,3.9366546357091e-07,1.4699511278423e-07,9.2071809497541e-12,-3.7118112637329e-12,-131.56653395583,164.9681552129,329.01496036361,100000251.15455,-1.4588330739592e-13,0.0018425943434592,-0.0038238014187449,-204.22245220033,-1.1975408415625e-06,-523.04071148301,456.57610349292
63.916499999996,2.5831279093152e-13,8.6105064661575e-14,9.5480808534264e-30,0.0013795355123818,1.7308937915768,5.7923841087166,-1.1230500597416e-25,-9.6862599780625e-06,1.4078664028133e-21,7.118578343141e-07,-9.8578780917921e-22,9.8579075825538e-22,-1.4953356747072e-06,-1.4953047166108e-06,-9.9159691512185e-11,-9.9160162588385e-11,9.8578285085323e-22,-9.8578677772565e-22,9.9159925959643e-11,9.9159902648753e-11,-1.4953175814111e-06,-1.4953485428492e-06,-5.3492197811492e-07,2.4491271248221e-11,-9.6862599780625e-12,-131.56872959361,164.97402807739,329.01496036361,100000251.15455,-1.4614698536907e-13,0.0019018676822422,-0.0039241895696006,-208.25366258291,-1.2202780545504e-06,-533.15061146694,465.39079711114
64.016499999996,2.6677307993358e-12,8.8924986795471e-13,2.5421596993032e-29,0.0013795355028405,1.7308705942976,5.8488135776402,-2.9333434611922e-25,-2.4796032198145e-05,1.2217049682136e-21,2.8718536922785e-06,-8.5543760511944e-22,8.5544016458743e-22,-6.0326311782465e-06,-6.0325495654336e-06,-8.6049639639589e-11,-8.6050048433812e-11,8.5543330270119e-22,-8.5543671014528e-22,8.6049843090377e-11,8.6049822861209e-11,-6.0325849136956e-06,-6.0326665349193e-06,-2.1721019391954e-06,6.3883040932184e-11,-2.4796032198145e-11,-131.57092769273,164.97990227301,329.01496036361,100000251.15455,-1.463898466605e-13,0.0019610900586787,-0.0040245877992487,-212.28318120322,-1.2429272506171e-06,-543.24795845018,474.19414551534
64.116499999996,1.9129854264736e-11,6.3766599409864e-12,6.6420739840227e-29,0.001379535478698,1.7308473770248,5.9047056413268,-7.521435918759e-25,-6.2313407908684e-05,1.0601142037711e-21,8.1946884491236e-06,-7.4229177987846e-22,7.4229400169882e-22,-1.7213798529683e-05,-1.7213590098851e-05,-7.467275295799e-11,-7.4673107703567e-11,7.4228804721635e-22,-7.422910035131e-22,7.4672929509876e-11,7.4672911954657e-11,-1.7213681956163e-05,-1.721389040804e-05,-6.2062879301874e-06,1.6352085695192e-10,-6.2313407908684e-11,-131.57312624266,164.98578239585,329.01496036361,100000251.15455,-1.4666740242145e-13,0.0020202615314195,-0.0041249961097136,-216.31100874383,-1.2654254807297e-06,-553.33276314145,482.986159356
64.216499999996,1.2263799740065e-10,4.0879593010371e-11,1.7042159255965e-28,0.0013795354186996,1.7308241397843,5.9600754087894,-1.8945783641892e-24,-0.00015383428775079,9.1978256816601e-22,2.1280121897949e-05,-6.4403159260653e-22,6.4403352253301e-22,-4.4701110572198e-05,-4.4700589928889e-05,-6.4799712696216e-11,-6.4800020536508e-11,6.4402835577841e-22,-6.4403091960196e-22,6.4799865904744e-11,6.4799850669136e-11,-4.4700821659599e-05,-4.470134235486e-05,-1.6124448257657e-05,4.1103526404466e-10,-1.5383428775079e-10,-131.57533568117,164.9916679503,329.01496036361,100000251.15455,-1.4695883597022e-13,0.0020793821634796,-0.0042254145030196,-220.33714545233,-1.2876330279105e-06,-563.40503515503,491.76684832899
64.316499999996,7.4214874213408e-10,2.473844641607e-10,4.2968929028882e-28,0.0013795352721611,1.7308008826078,6.0149372801281,-4.6911756136879e-24,-0.00037331765874045,7.9774590678163e-22,5.306578362777e-05,-5.5858154228379e-22,5.5858322161409e-22,-0.00011147019267237,-0.00011146891621832,-5.6231280664355e-11,-5.6231547794922e-11,5.5857873916493e-22,-5.5858096003895e-22,5.623141361391e-11,5.6231400389308e-11,-0.00011146948852419,-0.00011147076510448,-4.0219284494017e-05,1.0152906263544e-09,-3.7331765874045e-10,-131.57756700224,164.99756509768,329.01496036362,100000251.15456,-1.4724333062507e-13,0.0021384520282988,-0.0043258429811918,-224.36159055422,-1.3091915687276e-06,-573.46478154676,500.53621989955
64.416499999996,4.3108737311003e-09,1.4369667998178e-09,1.0652868863813e-27,0.0013795349202005,1.7307776055413,6.0693049730096,-1.1425518782951e-23,-0.00089108907675262,6.9121790788465e-22,0.00012913569590229,-4.8399065279003e-22,4.8399212112826e-22,-0.00027126293531368,-0.00027125985903187,-4.8794016631088e-11,-4.8794248420577e-11,4.8398823427207e-22,-4.8399015187674e-22,4.8794131995777e-11,4.8794120511805e-11,-0.00027126124707911,-0.00027126432366293,-9.7890723792511e-05,2.4659014624358e-09,-8.9108907675262e-10,-131.57983009474,165.00348102698,329.01496036364,100000251.15457,-1.4752088638603e-13,0.0021974712236408,-0.0044262815462565,-228.38434090979,-1.3292974597288e-06,-583.51200346831,509.29427638654
64.516499999996,2.4183273229008e-08,8.0611403871058e-09,2.5984774211037e-27,0.0013795340884079,1.7307543086631,6.1231915240896,-2.7387249947773e-23,-0.0020932649245812,5.9728196381488e-22,0.00030838481235815,-4.1821671329945e-22,4.1821801378031e-22,-0.00064779428894342,-0.00064778699465713,-4.2336188605161e-11,-4.2336389694701e-11,4.182146479854e-22,-4.1821628907823e-22,4.2336288699875e-11,4.2336278716069e-11,-0.00064779030537484,-0.00064779760037223,-0.00023380364927827,5.8922778812607e-09,-2.0932649245812e-09,-131.58216658891,165.00943711251,329.01496036367,100000251.15461,-1.4775680878356e-13,0.002256439902948,-0.00452673020024,-232.40538799028,-1.346122855689e-06,-593.54668864136,518.04100840394
64.616499999996,1.3137772422133e-07,4.3792839801324e-08,6.2395791599777e-27,0.001379532153136,1.7307309921244,6.176609240493,-6.4645470574921e-23,-0.0048417765903608,5.1226292204052e-22,0.00072430095069006,-3.5868637653074e-22,3.5868756668526e-22,-0.0015214692324224,-0.0015214522054732,-3.6723417352621e-11,-3.6723591730028e-11,3.5868466298579e-22,-3.5868603317554e-22,3.6723504173481e-11,3.6723495468133e-11,-0.0015214599773252,-0.001521477005922,-0.00054920578045304,1.3859071685661e-08,-4.8417765903608e-09,-131.58465779823,165.01547009381,329.01496036375,100000251.1547,-1.4789558666642e-13,0.0023153583449943,-0.0046271889451689,-236.42471117444,-1.3555782250658e-06,-603.56879468944,526.77638033586
64.716499999996,6.9217786074301e-07,2.307273356918e-07,1.475722014702e-26,0.0013795277184034,1.7307076562375,6.2295695484845,-1.5033822478718e-22,-0.011031613648969,4.3038490500652e-22,0.0016748684461112,-3.0135536010868e-22,3.0135653527408e-22,-0.0035182346874159,-0.0035181955426053,-3.1833179816845e-11,-3.1833330855078e-11,3.0135405560792e-22,-3.0135511994569e-22,3.183325506797e-11,3.1833247419975e-11,-0.0035182135076513,-0.0035182526562222,-0.0012701405303759,3.2100232069567e-08,-1.1031613648969e-08,-131.58754024291,165.02166705614,329.01496036394,100000251.15489,-1.4822865357861e-13,0.0023742271062436,-0.0047276577830715,-240.44226311548,-1.3486524342459e-06,-613.57821278597,535.50029866036
64.816499999996,3.5395793467366e-06,1.179866776515e-06,3.4393728971124e-26,0.0013795177062779,1.7306843016669,6.2820826294687,-3.4462818098236e-22,-0.02476459126133,3.4087112140397e-22,0.0038152456061692,-2.3867772543211e-22,2.3867906950055e-22,-0.0080143184072235,-0.0080142297551583,-2.754643563573e-11,-2.7546566071195e-11,2.386770104842e-22,-2.3867764989319e-22,2.7546500734758e-11,2.7546493889932e-11,-0.0080142706569659,-0.0080143593174869,-0.0028936579768803,7.3233749410851e-08,-2.476459126133e-08,-131.59124690609,165.02823405457,329.01496036437,100000251.15533,-1.4848539265783e-13,0.0024330473489066,-0.0048281367159758,-244.45793830007,-1.3058899611313e-06,-623.57468961971,544.21254395516
64.916499999996,1.7570752737437e-05,5.8569519190855e-06,7.9026223657153e-26,0.0013794954350394,1.730660929832,6.3341566204964,-7.7905891684686e-22,-0.05477049959039,2.2170045493367e-22,0.0085633885433365,-1.5523422170975e-22,1.5523611649802e-22,-0.017988283677418,-0.017988085928851,-2.3732902356798e-11,-2.3733014155212e-11,1.5523454131006e-22,-1.5523445736788e-22,2.3732958402561e-11,2.3732952006943e-11,-0.017988177637653,-0.017988375404952,-0.0064956673778819,1.6455381068882e-07,-5.477049959039e-08,-131.59671333768,165.03555541101,329.01496036533,100000251.15632,-1.4877682620657e-13,0.0024918215351128,-0.0049286257459103,-248.47150665908,-1.1860008222473e-06,-633.55766277579,552.91262746655
65.016499999996,8.4594260679538e-05,2.8198250164976e-05,1.7907780341903e-25,0.0013794466446572,1.7306375437431,6.3857959423805,-1.7373454580588e-21,-0.11925520722953,2.629792201684e-23,0.018935008342626,-1.8412903064957e-23,1.8416161478872e-23,-0.039774942838673,-0.039774508763628,-2.0223056053701e-11,-2.0223150055591e-11,1.841527037606e-23,-1.841378113256e-23,2.0223103721459e-11,2.0223097186219e-11,-0.039774711096315,-0.039775145212195,-0.014364773946573,3.6390074014161e-07,-1.1925520722953e-07,-131.60593721561,165.04449885058,329.01496036742,100000251.15847,-1.4904050417966e-13,0.0025505548647735,-0.0050291248749051,-252.48247635422,-9.0367734626496e-07,-643.52592083052,561.59949496738
65.116499999996,0.00039385688077429,0.00013128637506859,4.0031478782447e-25,0.0013793415244282,1.7306141496806,6.4369979478809,-3.8230252529032e-21,-0.25513722051669,-3.4448573545964e-22,0.041206576133502,2.4121084758688e-22,-2.4120449108034e-22,-0.086558670240462,-0.086557734754076,-1.6753221114697e-11,-1.6753296242938e-11,-2.4120420872473e-22,2.4120859936442e-22,1.6753260408862e-11,1.6753252636203e-11,-0.086558173009872,-0.086559108583634,-0.031265137202612,7.9043914989989e-07,-2.551372205167e-07,-131.62295065214,165.05677250896,329.01496037195,100000251.16311,-1.4933193772826e-13,0.0026092581645834,-0.00512963410499,-256.4898187307,-2.899359858094e-07,-653.47692270737,570.2709337761
65.216499999996,0.0017613815476378,0.00058713045185091,8.8282132942553e-25,0.0013791195144383,1.7305907604023,6.4877465718536,-8.3014702271571e-21,-0.53400765282248,-1.1005167434665e-21,0.088045632586896,7.7058601237061e-22,-7.7057288625247e-22,-0.18494893707803,-0.18494696770966,-1.2857352435451e-11,-1.2857404035081e-11,-7.7057033021227e-22,7.7058082506597e-22,1.2857382161068e-11,1.2857370992434e-11,-0.18494789505098,-0.18494986460181,-0.066815052744805,1.6789400001323e-06,-5.3400765282251e-07,-131.65564710147,165.07569505564,329.01496038152,100000251.17292,-1.4958173791319e-13,0.0026679534062441,-0.0052301534381954,-260.49144437954,9.6566351288195e-07,-663.40550264904,578.92244457937
65.316499999997,0.0074634523622359,0.002487830798416,1.9200941827459e-24,0.0013786629988479,1.7305674007119,6.5380014605133,-1.7782791551899e-20,-1.0840124842327,-2.6809630612923e-21,0.18378380942735,1.8772193570858e-21,-1.8771917914757e-21,-0.38605682517446,-0.38605281592361,-7.6556732037677e-12,-7.6556896840269e-12,-1.8771845814419e-21,1.8772079023519e-21,7.6556898883989e-12,7.6556710083588e-12,-0.38605471402627,-0.38605872364525,-0.13949890089929,3.4565183507158e-06,-1.0840124842328e-06,-131.71829479312,165.10722514548,329.01496040128,100000251.19308,-1.4996337708171e-13,0.0027266832822121,-0.0053306828765532,-264.48329724581,3.3503076484889e-06,-673.30163458056,587.54529394582
65.416499999997,0.0292278407551,0.0097426626124874,4.1150163757677e-24,0.0013777604098203,1.7305441153055,6.5876830327637,-3.7546609552872e-20,-2.1013365632976,-5.9909288973221e-21,0.37128101202486,4.1948676464143e-21,-4.1948098968249e-21,-0.7799139126276,-0.77990616023549,5.5050148760193e-13,5.5054526674412e-13,-4.1947930061999e-21,4.1948429757581e-21,-5.5050572576413e-13,-5.5054092800934e-13,-0.77990985260109,-0.77991760569781,-0.28190751613046,6.7888951490167e-06,-2.1013365632979e-06,-131.83325605214,165.16053102186,329.01496044052,100000251.23294,-1.502548106283e-13,0.0027855246963128,-0.005431222422095,-268.4580865562,7.3714287649035e-06,-683.14731112193,596.12379583894
65.516499999997,0.10176377493519,0.033921411616622,8.6761740080487e-24,0.0013760789875822,1.7305209746702,6.6366622956112,-7.8017107082189e-20,-3.798850281054,-1.2860447872242e-20,0.71505991455659,9.0049260612595e-21,-9.0048065164874e-21,-1.502056512088,-1.502042659896,1.503437173154e-11,1.5034527143263e-11,-9.0047695453475e-21,9.0048739224926e-21,-1.5034413281134e-11,-1.503448178779e-11,-1.502049304557,-1.5020631579931,-0.54319050199237,1.2417232664137e-05,-3.7988502810548e-06,-132.02630700336,165.2457614131,329.01496051414,100000251.30719,-1.5060869421775e-13,0.0028445988906765,-0.0055317720768533,-272.40435747668,1.2890397061471e-05,-692.91427961232,604.63334028325
65.616499999997,0.30066334585858,0.10022149838494,1.7959426095595e-23,0.0013732036455425,1.7304980671194,6.6847790229822,-1.5921165865564e-19,-6.2330803809842,-2.6905314494328e-20,1.287593743443,1.8839185021174e-20,-1.8838941843392e-20,-2.7047216260332,-2.704699468269,4.2006071556187e-11,4.2006439839798e-11,-1.8838863719779e-20,1.8839076764286e-20,-4.2006182956953e-11,-4.2006317678969e-11,-2.7047101889297,-2.7047323486576,-0.97874519156176,2.0572224436022e-05,-6.233080380986e-06,-132.30797461673,165.36598908613,329.01496064127,100000251.43416,-1.5091400554631e-13,0.0029040577131786,-0.0056323318428613,-276.30784609825,1.8178089299699e-05,-702.56744399647,613.04335881229
65.716499999997,0.728765774932,0.24292266398508,3.643795964586e-23,0.0013687875355567,1.7304754671515,6.7319060056886,-3.1858747512402e-19,-9.128057504895,-5.5093956515613e-20,2.1311320576574,3.8576958973997e-20,-3.8576474267293e-20,-4.4766581337541,-4.4766270416444,9.2998166268205e-11,9.2998941363059e-11,-3.8576313235044e-20,3.8576738252924e-20,-9.2998410078096e-11,-9.2998673500062e-11,-4.4766422379364,-4.4766733327635,-1.6211910112262,3.0350875610448e-05,-9.1280575048976e-06,-132.65151803382,165.50867519264,329.01496083874,100000251.62918,-1.5122625576483e-13,0.0029640291654227,-0.0057329017221529,-280.1566768931,2.0660266686422e-05,-712.07774258651,621.32854557161
65.816499999997,1.4514624484005,0.48382194655397,7.2449919990835e-23,0.0013627153302562,1.7304532007367,6.7780158662274,-6.2499464001748e-19,-12.017085962923,-1.1055869825615e-19,3.2240895172485,7.7413541532852e-20,-7.741259501614e-20,-6.7725233790313,-6.772484847079,1.889924014686e-10,1.8899394615128e-10,-7.7412270124937e-20,7.7413099860302e-20,-1.8899289493052e-10,-1.8899340330333e-10,-6.7725038868488,-6.7725424221302,-2.4545035555537,4.0169755269397e-05,-1.2017085962926e-05,-133.00457159232,165.65179323939,329.01496111312,100000251.89732,-1.5148299482929e-13,0.0030245577107619,-0.0058334817167622,-283.94697241519,1.9869629707976e-05,-721.43596047937,629.48089043557
65.916499999997,2.4609956916935,0.8203333752285,1.4134739137204e-22,0.0013550938606215,1.7304312468186,6.823173658927,-1.2035107666671e-18,-14.614118315769,-2.1762344035522e-19,4.4950906874451,1.5238060215678e-19,-1.5237878811939e-19,-9.4423860795342,-9.442342605396,3.6755446155488e-10,3.6755744128929e-10,-1.5237814545234e-19,1.5237973449455e-19,-3.6755541999059e-10,-3.6755638578658e-10,-9.4423643213282,-9.4424077991934,-3.424375901997,4.9036372985532e-05,-1.4614118315772e-05,-133.33212466981,165.78174041552,329.01496146022,100000252.23388,-1.5176748946819e-13,0.003085606911393,-0.0059340718287248,-287.68250062183,1.7837705517738e-05,-730.65175360079,637.50882410292
66.016499999997,3.7193330153542,1.2397794519848,2.7104284159401e-22,0.0013460986099171,1.7304095695212,6.8674705838964,-2.2786082641085e-18,-16.919283411547,-4.2071258968534e-19,5.8679062381159,2.945842460084e-19,-2.9458082664058e-19,-12.326119222278,-12.326072952815,6.950624587169e-10,6.950680745908e-10,-2.9457957834531e-19,2.9458257096509e-19,-6.9506427109086e-10,-6.9506607674521e-10,-12.326096300355,-12.326142573763,-4.4724936938057,5.6933639887078e-05,-1.6919283411551e-05,-133.63319701931,165.89899012714,329.01496187188,100000252.63111,-1.5202422853119e-13,0.0031471148642512,-0.0060346720600756,-291.36937481459,1.6350491131839e-05,-739.74050327293,645.42576153871
66.116499999997,5.2033038673874,1.7344366894363,5.1153983176442e-22,0.0013358580631708,1.7303881426882,6.9109758982578,-4.2473229972542e-18,-19.055267765335,-7.9985884335252e-19,7.2889352792954,5.6006361150335e-19,-5.6005726322796e-19,-15.311129136882,-15.311081414474,1.2872785414036e-09,1.2872889300796e-09,-5.6005487889722e-19,5.6006042989983e-19,-1.2872819001357e-09,-1.2872852243794e-09,-15.31110572136,-15.311153447825,-5.5577313015514,6.4271385618793e-05,-1.9055267765339e-05,-133.92314285313,166.01000396503,329.01496234181,100000253.08333,-1.5231566206344e-13,0.0032090364107223,-0.0061352824128513,-295.01207726603,1.583033671461e-05,-748.71351387116,653.24156259715
66.216499999997,6.9099227344803,2.3033099361261,9.5103214816347e-22,0.0013244316496817,1.7303669547019,6.9537287310534,-7.8012202279359e-18,-21.132218982145,-1.49720405617e-18,8.7282660976295,1.0483468583549e-18,-1.048335241069e-18,-18.334583519172,-18.33453505035,2.343308558176e-09,2.343327468255e-09,-1.0483307571475e-18,1.0483409063586e-18,-2.3433146787728e-09,-2.3433207097974e-09,-18.334559955988,-18.334608428921,-6.6571000769931,7.142271558885e-05,-2.1132218982149e-05,-134.21682890245,166.12056312557,329.01496286696,100000253.58792,-1.5257934001947e-13,0.0032713514083007,-0.0062359028890887,-298.61270871148,1.6020946017224e-05,-757.57619307875,660.96094890263
66.316499999997,8.8457175964212,2.9485751911565,1.7426944027681e-21,0.001311830596366,1.730346004154,6.9957475051778,-1.4126775985096e-17,-23.215042915688,-2.7615500993175e-18,10.170994445419,1.9336458144415e-18,-1.933624851628e-18,-21.365174632353,-21.365125764211,4.2007615807095e-09,4.2007954994376e-09,-1.9336165420743e-18,1.9336348391756e-18,-4.2007725677873e-09,-4.2007833575664e-09,-21.365151091518,-21.3651999638,-7.7591378610233,7.860870546619e-05,-2.3215042915693e-05,-134.52404272919,166.23416067571,329.01496344665,100000254.14438,-1.5291240691359e-13,0.0033340572731091,-0.0063365334908251,-302.17171094442,1.6607412237232e-05,-766.32985446178,668.58507552071
66.416499999997,11.019112416966,3.6730404420901,3.1485755810568e-21,0.001298040652822,1.7303252950616,7.0370397267709,-2.5229603889369e-17,-25.33517715474,-5.0221093963496e-18,11.609739288489,3.5164963258636e-18,-3.5164590199127e-18,-24.387397933736,-24.387348842248,7.4240048574929e-09,7.4240648605039e-09,-3.516443835566e-18,3.5164763665429e-18,-7.4240243059126e-09,-7.4240433506756e-09,-24.387374504674,-24.387423600316,-8.8581706317828,8.5936810633527e-05,-2.5335177154745e-05,-134.85085920887,166.3526971479,329.01496408144,100000254.75334,-1.5314139039804e-13,0.0033971607460799,-0.0064371742200987,-305.68865051479,1.7392778887355e-05,-774.9736578355,676.11322168699
66.516499999997,13.437822737725,4.479277534478,5.6103715976854e-21,0.0012830358494721,1.730304833957,7.0776078184131,-4.4450860052407e-17,-27.50654548732,-9.0087478868828e-18,13.040451398985,6.3079527470129e-18,-6.3078872596156e-18,-27.392747640571,-27.392698426792,1.2943279927136e-08,1.2943384672292e-08,-6.3078598876839e-18,6.3079169348151e-18,-1.2943313895276e-08,-1.2943347073072e-08,-27.392724378646,-27.392773596588,-9.9510899712816,9.3454779698134e-05,-2.7506545487326e-05,-135.20161265172,166.47731859686,329.01496477252,100000255.41595,-1.5337037388122e-13,0.003460672885929,-0.0065378250789483,-309.16269243505,1.8281834530624e-05,-783.50577905598,683.54380985598
66.616499999997,16.10858801073,5.3695329509058,9.8617087124539e-21,0.0012667850402875,1.7302846285001,7.1174518703281,-7.7276738568881e-17,-29.735407593291,-1.5945060259549e-17,14.46050040638,1.1164779808813e-17,-1.116466639871e-17,-30.37569840814,-30.375649140295,2.2270726993895e-08,2.2270907499288e-08,-1.1164617707609e-17,1.1164716391792e-17,-2.2270785557381e-08,-2.2270842621363e-08,-30.375675354184,-30.375724626188,-11.035880021134,0.00010118418363342,-2.9735407593297e-05,-135.58028370024,166.60892889084,329.01496552131,100000256.13358,-1.536479296204e-13,0.0035246066814239,-0.0066384860694129,-312.59282522823,1.9235073960733e-05,-791.92396483911,690.8748889496
66.716499999997,19.03744387875,6.345818571202,1.7103421302555e-20,0.0012492546151238,1.7302646869016,7.1565707789709,-1.3258726997792e-16,-32.024989530795,-2.7853684862076e-17,15.867896642916,1.9503235053882e-17,-1.9503041268048e-17,-33.332070746381,-33.332021476842,3.7830820362661e-08,3.7831127526577e-08,-1.9502955772466e-17,1.9503124192436e-17,-3.7830920060346e-08,-3.7831016984283e-08,-33.332047934288,-33.332097207982,-12.111017768455,0.00010913623459472,-3.2024989530801e-05,-135.99119367062,166.7484576651,329.01496632936,100000256.90772,-1.5396711872164e-13,0.0035889760594385,-0.0067391571935326,-315.97795415277,2.0237487233107e-05,-800.2257622944,698.10433425761
66.816499999997,22.229929956657,7.4099809326707,2.9272746057219e-20,0.0012304095569428,1.7302450176979,7.1949626947002,-2.2455210223028e-16,-34.377331827151,-4.8031756432123e-17,17.260987360749,3.3631982298611e-17,-3.3631655539412e-17,-36.258392896768,-36.258343668873,6.3458228704929e-08,6.3458744978514e-08,-3.3631507326826e-17,3.3631790939211e-17,-6.3458396336314e-08,-6.3458558948256e-08,-36.258370356499,-36.258419588541,-13.175238915333,0.00011731811001764,-3.4377331827158e-05,-136.43942588062,166.89691079909,329.01496719829,100000257.73991,-1.5424467445804e-13,0.0036537954975486,-0.0068398384533479,-319.31693751453,2.1283335376216e-05,-808.40860821842,705.22992519488
66.916499999997,25.691160711023,8.5637248564827,4.9450028067697e-20,0.0012102138751288,1.7302256296585,7.2326252095728,-3.754621935456e-16,-36.793947558878,-8.177999780189e-17,18.638331552131,5.7262603890258e-17,-5.7262060108923e-17,-39.151637880759,-39.151588731845,1.0513663677457e-07,1.0513749403226e-07,-5.7261806386056e-17,5.7262277679754e-17,-1.0513691521432e-07,-1.0513718474896e-07,-39.151615639696,-39.151664792742,-14.227441499014,0.00012573520277065,-3.6793947558886e-05,-136.93120356302,167.05550673582,329.01496812977,100000258.63175,-1.5450835240528e-13,0.0037190798647611,-0.0069405298508999,-322.60860153186,2.2370016484939e-05,-816.46986557487,712.24937706493
67.016499999997,29.425812313083,9.8086090652295,8.2463085241314e-20,0.0011886308251226,1.7302065317395,7.2695554551058,-6.1989072074142e-16,-39.276038996834,-1.3750359650858e-16,19.998639790106,9.6280437912015e-17,-9.6279544685502e-17,-42.009097129633,-42.009048092652,1.7207855085483e-07,1.7207995737976e-07,-9.6279115697867e-17,9.627988862217e-17,-1.7207900783392e-07,-1.7207944930094e-07,-42.009075213324,-42.009124254423,-15.266639657573,0.00013439185716223,-3.9276038996843e-05,-137.47423544097,167.22567562124,329.01496912551,100000259.58485,-1.5471651919992e-13,0.0037848443402629,-0.0070412313882307,-325.85174785132,2.3495824512445e-05,-824.40684185721,719.16035704511
67.116499999997,33.438070975539,11.146028961838,1.3577033900257e-19,0.0011656230598105,1.7301877330501,7.3057501698377,-1.0107063765999e-15,-41.824563997842,-2.283487520521e-16,21.34073940758,1.5989049365134e-16,-1.5988904526469e-16,-44.828307339885,-44.828258444414,2.7827937163503e-07,2.7828165231257e-07,-1.598883287723e-16,1.5988957989321e-16,-2.7828011282015e-07,-2.7828082744581e-07,-44.828285772527,-44.828334672099,-16.291936913497,0.00014329158925036,-4.1824563997851e-05,-138.07827074252,167.40916550159,329.01497018723,100000260.60087,-1.5505652497742e-13,0.0038511043568632,-0.0071419430673822,-329.04515870672,2.4659166367058e-05,-832.21680161031,725.9604950838
67.216499999997,37.731564627877,12.577193854625,2.2072945783549e-19,0.0011411527615909,1.730169242824,7.3412057567629,-1.6276179999534e-15,-44.440251608246,-3.7459757611961e-16,22.663551458439,2.6229436820316e-16,-2.6229204956918e-16,-47.607002077882,-47.606953350843,4.4471953627155e-07,4.4472319163936e-07,-2.6229086727465e-16,2.6229286626362e-16,-4.4472072448032e-07,-4.4472186795267e-07,-47.606980882673,-47.607029613792,-17.302508514131,0.00015243713300864,-4.4440251608256e-05,-138.75591048,167.60814394012,329.01497131669,100000261.68147,-1.5526469176948e-13,0.0039178755511651,-0.0072426648903976,-332.18760140201,2.5858306695093e-05,-839.89697723593,732.64739330089
67.316499999998,42.309286026242,14.103101327271,3.5438836105692e-19,0.0011151817723672,1.7301510703913,7.3759183377224,-2.5891082804562e-15,-47.123598415487,-6.0711740974352e-16,23.96607442008,4.2510546915293e-16,-4.2510180445428e-16,-50.3430775455,-50.343029011691,7.024361931688e-07,7.0244198498409e-07,-4.2509987671579e-16,4.2510302951052e-16,-7.0243807621145e-07,-7.024398850721e-07,-50.343056744894,-50.343105282758,-18.297588944683,0.00016183042060601,-4.7123598415498e-05,-139.52363120036,167.82527810816,329.01497251566,100000262.82834,-1.5554918639328e-13,0.003985173714122,-0.0073433968593205,-335.27783270877,2.7091165734607e-05,-847.44457953338,739.21863515538
67.416499999998,47.173509989433,15.724509650768,5.6196902865245e-19,0.0010876717287015,1.7301332251476,7.4098838077262,-4.0688083889472e-15,-49.87485577269,-9.7224919281157e-16,25.247372369349,6.8077186631727e-16,-6.8076614717436e-16,-53.034567742576,-53.034519425082,1.0967396456271e-06,1.0967487191608e-06,-6.8076304092923e-16,6.8076794971344e-16,-1.0967425960924e-06,-1.0967454253916e-06,-53.034547358483,-53.034595680005,-19.276462869885,0.00017147253144876,-4.9874855772702e-05,-140.4035240051,168.06388292507,329.01497378592,100000264.04318,-1.5588919216721e-13,0.0040530147393185,-0.0074441389761952,-338.31460342632,2.8355371959275e-05,-854.85680858245,745.67179490862
67.516499999998,52.325705864932,17.441908605435,8.8024963847173e-19,0.0010585842059754,1.7301157165226,7.4430978907777,-6.3175605370887e-15,-52.694011661597,-1.5386223191535e-15,26.506566377023,1.0773480748994e-15,-1.0773392617111e-15,-55.679626390209,-55.679578310715,1.6929073573953e-06,1.6929214138074e-06,-1.0773343147129e-15,1.0773418596782e-15,-1.6929119287173e-06,-1.6929163050011e-06,-55.679606444145,-55.679654527636,-20.238458541105,0.00018136362279484,-5.2694011661609e-05,-141.42585442009,168.32806510378,329.01497512926,100000265.32768,-1.5611123674382e-13,0.0041214145675381,-0.0075448912430666,-341.29666323659,2.9647979168338e-05,-862.13086528934,752.00444766215
67.616499999998,57.766446075075,19.255488996292,1.3620837199936e-18,0.0010278808739684,1.7300985539446,7.475556198177,-9.6925892531161e-15,-55.58076902607,-2.4064971228178e-15,27.742828322867,1.6850366942446e-15,-1.6850232832152e-15,-58.276513938717,-58.276466117758,2.5837456483433e-06,2.5837671842802e-06,-1.6850154953884e-15,1.6850269439509e-15,-2.5837526527102e-06,-2.5837593475524e-06,-58.27649445192,-58.276542276844,-21.182943057042,0.00019150284814846,-5.5580769026083e-05,-142.63323577637,168.62276005196,329.01497654745,100000266.68353,-1.5635409800134e-13,0.0041903891267283,-0.0076456536619801,-344.22276593527,3.096561548169e-05,-869.2639637951,758.21418014427
67.716499999998,63.495311727211,21.165111189726,2.0823212731385e-18,0.00099552366547118,1.7300817468032,7.5072542899511,-1.4695322883029e-14,-58.534521743005,-3.7203542503063e-15,28.955376584677,2.6050035268574e-15,-2.6049833742861e-15,-60.82358851208,-60.823540969236,3.8994602952867e-06,3.8994929312626e-06,-2.6049712541768e-15,2.6049884037516e-15,-3.8994709103819e-06,-3.8994810410058e-06,-60.823569505594,-60.823617052374,-22.109319059122,0.0002018882673975,-5.8534521743019e-05,-144.08762773518,168.95317369729,329.01497804227,100000268.11242,-1.5658308147046e-13,0.0042599542667463,-0.0077464262349818,-347.0916750945,3.2304317337168e-05,-876.25334487874,764.29860235989
67.816499999998,69.510796522663,23.170273083176,3.1454094164081e-18,0.00096147495897589,1.7300653044074,7.5381877398323,-2.2019433327691e-14,-61.554329143538,-5.6855621249376e-15,30.14347321044,3.9810481911746e-15,-3.9810182860786e-15,-63.31929996781,-63.319252721856,5.8203138280631e-06,5.8203627521628e-06,-3.9809996370047e-15,3.9810249973562e-15,-5.8203297412235e-06,-5.8203449062655e-06,-63.319281462557,-63.319328712412,-23.017022562123,0.00021251675182167,-6.1554329143553e-05,-145.88221713278,169.32237548514,329.01497961547,100000269.61601,-1.5686063719658e-13,0.004330125688491,-0.0078472089641188,-349.90217019247,3.3659506259418e-05,-883.09629044015,770.25536017787
67.916499999998,75.810210475636,25.270078011414,4.6949407483694e-18,0.00092569777601149,1.7300492359413,7.5683522040262,-3.2610544972073e-14,-64.6388898906,-8.5900442716692e-15,31.306422284937,6.0147756536302e-15,-6.0147318300183e-15,-65.762186465859,-65.762139534886,8.5925588815931e-06,8.5926314404275e-06,-6.0147034566279e-15,6.014740476913e-15,-8.592582481709e-06,-8.5926049417799e-06,-65.762168482679,-65.762215417514,-23.905521698948,0.00022338388676536,-6.4638889890617e-05,-148.1635412185,169.71975037259,329.01498126876,100000271.19592,-1.5713125402877e-13,0.0044009188672025,-0.0079480018514377,-352.65305322923,3.502595309273e-05,-889.79013910788,776.08214889509
68.016499999998,82.389585253413,27.463203193265,6.9253767162472e-18,0.00088815599324023,1.7300335504157,7.5977434938473,-4.7738748999293e-14,-67.786516000631,-1.283191729579e-14,32.443569270865,8.9849484332655e-15,-8.9848850147633e-15,-68.150873084617,-68.150826486121,1.2548111151343e-05,1.2548217625728e-05,-8.9848423264065e-15,8.9848956698983e-15,-1.2548145780583e-05,-1.2548178694959e-05,-68.150855644294,-68.150902246612,-24.774316211153,0.00023448387473741,-6.7786516000648e-05,-151.17311979047,170.05715649884,329.01498300383,100000272.85376,-1.5738105417959e-13,0.0044723489698846,-0.0080488048989868,-355.34315583256,3.6397803404874e-05,-896.33230298069,781.77672778493
68.116499999998,89.243583240325,29.747869419578,1.0096091090369e-17,0.00084881456898697,1.7300182566169,7.6263576521465,-6.9084493620999e-14,-70.995107809082,-1.8954053148561e-14,33.554301151315,1.3271687216607e-14,-1.3271596589169e-14,-70.484072120212,-70.484025871161,1.8128348814873e-05,1.8128503422947e-05,-1.3271533071922e-14,1.3271608937661e-14,-1.8128399093977e-05,-1.8128446826312e-05,-70.484055243489,-70.484101496325,-25.622937552682,0.00024580944176998,-7.09951078091e-05,-155.3317411941,169.58231984354,329.01498482231,100000274.59107,-1.5766554880072e-13,0.0045444307669684,-0.0081496181088148,-357.97134684294,3.7768458664089e-05,-902.72028547571,787.33693560642
68.216499999998,96.365412717217,32.121812779733,1.4547746432527e-17,0.00080763978340491,1.7300033630514,7.6541910332951,-9.8837560408924e-14,-74.262130721213,-2.7686408138366e-14,34.638047232114,1.9386109776104e-14,-1.9385981889574e-14,-72.760584771936,-72.760538888807,2.5912284421862e-05,2.5912506596886e-05,-1.9385888414311e-14,1.938599489909e-14,-2.5912356664144e-05,-2.5912425171484e-05,-72.760568479512,-72.760614366386,-26.450949498546,0.00025735175004039,-7.4262130721232e-05,-161.41467197754,165.1939646315,329.01498672577,100000276.40935,-1.5783208222676e-13,0.0046171785385164,-0.0082504414829709,-360.53654035032,3.9130687914648e-05,-908.95170021799,792.76070701743
68.316499999998,103.74675181097,34.582259311491,2.0720828400584e-17,0.00076459949099539,1.7299888778885,7.681240386336,-1.3980765814482e-13,-77.584594636139,-3.9996727383042e-14,35.694280483978,2.8005834404107e-14,-2.8005656211134e-14,-74.979303961583,-74.979258460396,3.6649138916275e-05,3.6649454909319e-05,-2.8005520140984e-14,2.8005667626786e-14,-3.6649241646378e-05,-3.6649338966588e-05,-74.979288274103,-74.97933377899,-27.257949166632,0.00026910031994621,-7.758459463616e-05,-80.911626547996,75.447535976447,329.01498871572,100000278.31,-1.5806106569981e-13,0.0046906059754674,-0.0083512750235046,-363.03770414038,4.0476565880798e-05,-915.02429086873,798.04608980261
68.416499999998,111.37768408295,37.12590353051,2.9175918045134e-17,0.00071966338368092,1.7299748088999,7.7075029407411,-1.9554367669067e-13,-80.959036971904,-5.7149851358127e-14,36.722519318104,4.0016506568512e-14,-4.0016261419747e-14,-77.139218063278,-77.139172959603,5.1295048607517e-05,5.1295493466072e-05,-4.0016065477382e-14,4.0016267018316e-14,-5.1295193201101e-05,-5.1295330054141e-05,-77.139203001307,-77.139248108631,-28.043568371292,0.00028104296498477,-8.0959036971925e-05,83.40891564296,-100.3215471294,329.01499079357,100000280.29438,-1.5831086585714e-13,0.0047647260766031,-0.0084521187324665,-365.47386848872,4.1797532807059e-05,-920.93595174728,803.19126278995
68.516499999998,119.24664878289,39.748891848258,4.0614987333831e-17,0.00067280326209765,1.7299611633973,7.7329764940457,-2.7045689636647e-13,-84.381510249541,-8.0775302812744e-14,37.722329697609,5.6559123516801e-14,-5.6558790545006e-14,-79.239415338767,-79.239370647731,7.1053254337325e-05,7.1053874308513e-05,-5.6558511398838e-14,5.6558783067799e-14,-7.105345579705e-05,-7.1053646314718e-05,-79.239400922759,-79.239445617398,-28.807475234137,0.00029316574291292,-8.4381510249563e-05,103.48434406222,-143.95844309607,329.01499296064,100000282.36372,-1.5860923827514e-13,0.0048395510421373,-0.0085529726119079,-367.84413522499,4.3084458313775e-05,-926.68474906008,808.19455429361
68.616499999998,127.3404088706,42.446811912679,5.5902673423395e-17,0.00062399331222752,1.7299479481689,7.7576595004617,-3.6994154783363e-13,-87.847575205302,-1.1294211263267e-13,38.69332749208,7.908242762491e-14,-7.9081981166826e-14,-81.279088883424,-81.279044619685,9.741666689821e-05,9.7417522298937e-05,-7.908158769651e-14,7.9081948835306e-14,-9.7416944779041e-05,-9.7417207376187e-05,-81.279075133675,-81.279119400966,-29.549375981164,0.00030545292671856,-8.7847575205325e-05,114.13451702615,-101.73462012144,329.01499521814,100000284.51916,-1.5892148848518e-13,0.0049150921650454,-0.0086538366638803,-370.14768696977,4.4327703794446e-05,-932.26894250728,813.05446088379
68.716499999998,135.64403986574,45.214688891519,7.6086148234584e-17,0.00057321038395119,1.7299351694147,7.7815511593996,-5.0048422467021e-13,-91.352300370268,-1.5623896595175e-13,39.635180985079,1.0939902501404e-13,-1.0939843413789e-13,-83.257541893498,-83.257498071227,0.00013221119440889,0.00013221236299426,-1.093978853437e-13,1.0939835864212e-13,-0.00013221157390219,-0.00013221193229884,-83.257528830101,-83.25757265587,-30.269016857336,0.00031788699884275,-9.1352300370292e-05,89.891682033561,-52.830881201828,329.01499756716,100000286.76173,-1.5914353307972e-13,0.0049913597214451,-0.0087547108904357,-372.38379642934,4.5517218425531e-05,-937.68700699455,817.76966624668
68.816499999998,144.14094243989,48.046989669611,1.0241188701319e-16,0.00052043426758458,1.7299228326829,7.8046515026742,-6.6975197881763e-13,-94.890269006606,-2.1385675211872e-13,40.547613445481,1.4974318737036e-13,-1.4974241559616e-13,-85.17419306749,-85.174149700334,0.00017763768875249,0.0001776392695975,-1.4974165812536e-13,1.4974226943574e-13,-0.00017763820193282,-0.00017763868633212,-85.17418071027,-85.17422408087,-30.966186090544,0.00033044867192391,-9.4890269006631e-05,76.644539224141,-29.15400858319,329.01500000865,100000289.09232,-1.594696610892e-13,0.0050683628615663,-0.0088555952936274,-374.55183561587,4.6642670228745e-05,-942.93765413798,822.33905986338
68.916499999998,152.81288134935,50.937635826671,1.3633739591521e-16,0.00046564796399533,1.7299109428066,7.8269614790223,-8.8664772871838e-13,-98.45559417854,-2.8966954746462e-13,41.430405673936,2.0282755642398e-13,-2.0282656174387e-13,-87.028581955259,-87.028539056302,0.00023630986434252,0.00023631198222995,-2.0282552701966e-13,2.0282630479538e-13,-0.00023631055157371,-0.00023631119999393,-87.028570323713,-87.028613226059,-31.64071583718,0.00034311693894736,-9.8455594178565e-05,68.983529577115,-22.680961241335,329.01500254342,100000291.51169,-1.5965007233434e-13,0.0051461095030128,-0.0089564898755088,-376.65128484487,4.7693553782732e-05,-948.01985321253,826.76175520384
69.016499999998,161.64005286392,53.880026113524,1.7953583119085e-16,0.00040883794350123,1.7298995038437,7.8484830344457,-1.1613211446695e-12,-102.04194259403,-3.8830903767325e-13,42.283398436241,2.7189525483588e-13,-2.7189399015815e-13,-88.820374069567,-88.820331651276,0.0003112851183012,0.00031128792858125,-2.7189259111414e-13,2.71893565346e-13,-0.00031128602978943,-0.00031128688954024,-88.82036318279,-88.820405604411,-32.292484041927,0.00035586915518154,-0.00010204194259406,64.030512176118,-19.680982562098,329.01500517211,100000294.02042,-1.5991375031537e-13,0.0052246062281862,-0.0090573946381341,-378.68174134825,4.8659441065592e-05,-952.93285116445,831.03710710634
69.116499999998,170.60118222529,56.867068938376,2.3389147627995e-16,0.00034999438845083,1.7298885190199,7.8692191868018,-1.5051236873944e-12,-105.64256765285,-5.1522650822173e-13,43.106494696604,3.607632922275e-13,-3.6076170637928e-13,-90.549365577274,-90.549323651446,0.00040608489717062,0.00040608859102612,-3.6075983382514e-13,3.6076103433996e-13,-0.00040608609464162,-0.00040608722392567,-90.549355453883,-90.549397382976,-32.921416145309,0.00036868115356684,-0.00010564256765288,60.536973175301,-17.909058061375,329.01500789519,100000296.61895,-1.6022600056432e-13,0.0053038581878649,-0.0091583095835577,-380.6429273317,4.9530062038453e-05,-957.67619128485,835.16472799203
69.216499999999,179.67365190751,59.891225120383,3.0148427393389e-16,0.00028911141425038,1.7298779906766,7.8891740930222,-1.9304981427726e-12,-109.25035189598,-6.7673592112204e-13,43.899661566173,4.7385272779673e-13,-4.7385076722441e-13,-92.215487392424,-92.215445970134,0.00052470117158777,0.00052470598160371,-4.7384828589391e-13,4.7384973987898e-13,-0.00052470273005415,-0.00052470419966443,-92.215478050486,-92.215519475972,-33.52748657431,0.00038152739436011,-0.00010925035189601,57.908444081834,-16.714468173967,329.01501071297,100000299.30755,-1.60434167417e-13,0.0053838690129876,-0.0092592347138357,-382.53469729902,5.0295537430015e-05,-962.24973012915,839.14450255419
69.316499999999,188.83366053855,62.944560863533,3.8456205782071e-16,0.0002261872636237,1.7298679202243,7.9083531073348,-2.4507958944655e-12,-112.857858761,-8.8003137838624e-13,44.662931886297,6.16200898452e-13,-6.1619850975188e-13,-93.818808502041,-93.818767593576,0.0006715857488714,0.00067159195476995,-6.1619525411348e-13,6.1619698274131e-13,-0.00067158775844382,-0.00067158965351624,-93.818799958986,-93.818840870573,-34.110719954525,0.00039438114879127,-0.00011285785876103,55.830345545402,-15.836026548571,329.01501362553,100000302.08629,-1.6073947879846e-13,0.0054646407367232,-0.0093601700310234,-384.35704446567,5.0946646435667e-05,-966.6536522653,842.97660055962
69.416499999999,198.05641134684,66.018810572343,4.8549978820254e-16,0.00016122446938536,1.7298583081039,7.9267628289286,-3.080019245385e-12,-116.45739324247,-1.1331725552684e-12,45.396405371894,7.9345121929429e-13,-7.934483526865e-13,-95.359538367892,-95.359497982697,0.00085161960981408,0.00085162754418142,-7.9344412262707e-13,7.9344613667695e-13,-0.00085162217749883,-0.00085162459926958,-95.359530640441,-95.359571028676,-34.6711919868,0.00040721471538172,-0.0001164573932425,54.121897144885,-15.148879251475,329.01501663279,100000304.95505,-1.6099621793869e-13,0.0055461737288342,-0.0094611155371779,-386.11010608856,5.1474948759507e-05,-970.88848244808,846.66148741235
69.516499999999,207.31632790077,69.105448765029,6.0674593848881e-16,9.4229983807044e-05,1.7298491537556,7.9444111376056,-3.8324911234384e-12,-120.04107070815,-1.4450325437524e-12,46.100249248681,1.0118166636393e-12,-1.0118132774649e-12,-96.838028265041,-96.837988411657,0.0010700602118494,0.0010700702656494,-1.0118078339867e-12,1.0118101283967e-12,-0.0010700634632655,-0.0010700665307725,-96.838021369123,-96.838061225459,-35.209029937679,0.00041999966631175,-0.00012004107070818,52.672228842154,-14.585945329179,329.01501973444,100000307.91354,-1.6123907930933e-13,0.005628466644235,-0.0095620712343565,-387.79416755107,5.187304334513e-05,-974.95509484255,850.19993215236
69.616499999999,216.58729382734,72.195769979925,7.5075714486608e-16,2.5215337977998e-05,1.7298404555974,7.9613072161462,-4.7224601164139e-12,-123.60089279317,-1.8252040032905e-12,46.774698328325,1.2780140496423e-12,-1.2780101159168e-12,-98.25477143971,-98.254732125724,0.0013324657381613,0.0013324783658057,-1.2780031770136e-12,1.2780057243466e-12,-0.0013324698191022,-0.0013324736707631,-98.254765390387,-98.254804707235,-35.724412700854,0.00043270712002263,-0.0001236008927932,51.409826162778,-14.108054394259,329.01502292997,100000310.96125,-1.615374518517e-13,0.0057115163874331,-0.0096630371246168,-389.4096650599,5.2134754992353e-05,-978.85471896383,853.59301260023
69.716499999999,225.8429121237,75.280975212673,9.1992323693061e-16,4.5803948500915e-05,1.7298322110131,7.977461558337,-5.7636544799506e-12,-127.1288289571,-2.2838615339494e-12,47.420054478076,1.5991676737004e-12,-1.5991631846977e-12,-99.610401995183,-99.610363227164,0.0016445965409402,0.001644612264669,-1.5991544215954e-12,1.5991571644674e-12,-0.0016446016186997,-0.001644606413695,-99.610396806574,-99.61043557736,-36.217570396357,0.0004453080350078,-0.00012712882895713,50.286590092495,-13.690891459879,329.01502621867,100000314.09747,-1.6185664109863e-13,0.0057953180942692,-0.0097640132100175,-390.95718683387,5.2255274146488e-05,-982.58894205567,856.84211740671
69.816499999999,235.05677874781,78.35226311315,1.1164857145856e-15,0.00011880670448211,1.7298244163522,7.9928859619017,-6.9688039814409e-12,-130.61690201358,-2.8315806626231e-12,48.036685455821,1.9826825641639e-12,-1.9826775399352e-12,-100.90569244471,-100.90565422817,0.0020122954455334,0.0020123148588585,-1.9826665738945e-12,1.9826694164831e-12,-0.0020123017099179,-0.0020123076293045,-100.90568812993,-100.90572634914,-36.688783485171,0.00045777351873014,-0.00013061690201361,49.269108834573,-13.318529202901,329.01502959959,100000317.3213,-1.6217583037092e-13,0.0058798651320334,-0.0098649994926176,-392.43747269672,5.2231389636396e-05,-986.15970770346,859.94894482982
69.916499999999,244.20276436704,81.400923901901,1.3424535217062e-15,0.00019376828907472,1.7298170669394,8.0075935059064,-8.3491526009682e-12,-134.05727569061,-3.4791165984701e-12,48.625023097627,2.4360895652952e-12,-2.4360840619609e-12,-102.14154990426,-102.14151224361,0.0024413500443328,0.002441373814307,-2.4360704618403e-12,2.4360732606631e-12,-0.0024413577082834,-0.0024413649557691,-102.14154647536,-102.14158413855,-37.138381389277,0.00047007514467058,-0.00013405727569065,48.333544136499,-12.980229001776,329.0150330716,100000320.63163,-1.6243950851995e-13,0.0059651491186348,-0.0099659959744771,-393.85141201894,5.2061484413055e-05,-989.56931055881,862.91549813287
70.016499999999,232.31461523807,77.438197305996,1.4905969333967e-15,0.00027002507271437,1.7298176934533,8.0082583096509,-9.2693474919685e-12,-126.23066749663,-4.2280721503711e-12,49.12598151885,2.9605091429199e-12,-2.9605051059151e-12,-103.19385862584,-103.19382158067,0.0029318279045486,0.0029318555735553,-2.9604865872039e-12,2.9604909769314e-12,-0.0029318371863969,-0.002931844828364,-103.19385640867,-103.19389345559,-37.525023337019,0.00044113500695622,-0.00012623066749544,104.64187782964,-159.97917143614,329.01503663337,100000323.99917,-1.6275175895392e-13,0.0060317622583526,-0.010033669324326,-393.89937683466,0.0011758090422894,-989.64486348894,862.98018903687
70.116499999999,143.59459637725,47.864865706614,6.9747846162499e-16,0.00032247323661839,1.7298531337917,7.9483993042421,-4.4014282965899e-12,-80.753198116461,-4.4868221989767e-12,47.465493987048,3.1416851139379e-12,-3.1416830874275e-12,-99.705842794584,-99.705807167324,0.0031094505959726,0.0031094790552875,-3.1416616441084e-12,3.1416673998047e-12,-0.0031094604937366,-0.0031094675859328,-99.705841192145,-99.705876821613,-36.271106121871,0.00028017593669205,-8.0753198116367e-05,48.05349848499,-14.391500428217,329.01503918842,100000326.3153,-1.6298768150518e-13,0.0059945122444055,-0.0099326660078103,-388.16199282928,-0.00021516911809342,-975.80456083615,850.93697604249
70.216499999999,118.72148043758,39.573826420355,3.4128229803019e-16,0.00036451692831102,1.7298862154911,7.8918097920547,-2.1839832483343e-12,-69.912010246544,-4.2936223050429e-12,45.329105684612,3.0064062138216e-12,-3.0064044239805e-12,-95.218152020339,-95.21811711739,0.0029881531829281,0.0029881807326809,-3.0063840157156e-12,3.0063890366189e-12,-0.0029881627225867,-0.0029881696724709,-95.218150972121,-95.218185877243,-34.639651101654,0.0002418885595971,-6.9912010246494e-05,47.142227140144,-13.442659292754,329.01504116931,100000328.17196,-1.6332768745293e-13,0.0059532189433061,-0.0098316728919342,-382.77202591918,-0.00011753261761295,-962.78494908702,839.60822910535
70.316499999999,100.37756345882,33.459187142134,1.6919920517499e-16,0.00040153880267218,1.7299181445461,7.8366212660321,-1.0977420363365e-12,-62.005540972916,-3.9258512701839e-12,43.212141120794,2.7488920138257e-12,-2.7488904690973e-12,-90.771262914085,-90.771228518826,0.0027445767217518,0.0027446021399301,-2.7488718709873e-12,2.7488761844333e-12,-0.0027445854994599,-0.0027445919598401,-90.771262408609,-90.771296805997,-33.022279750157,0.00021402126910635,-6.2005540972878e-05,46.652390993423,-13.160246949939,329.01504290929,100000329.80686,-1.636676933925e-13,0.0059099428832715,-0.0097306899746373,-377.5493516002,-9.4449947019038e-05,-950.1548561039,828.61769726948
70.416499999999,85.104018287267,28.368005270264,8.465516364217e-17,0.00043445844813407,1.7299491293287,7.7825301367021,-5.5673167670104e-13,-55.210250829809,-3.5077602416384e-12,41.146223732042,2.4561435500552e-12,-2.4561422314406e-12,-86.43160352254,-86.431569588767,0.0024616361474269,0.0024616590070873,-2.4561256431945e-12,2.45612934344e-12,-0.0024616440291925,-0.002461649864198,-86.431603512213,-86.431637448083,-31.443862957599,0.00019012501617268,-5.5210250829778e-05,46.259548775597,-12.967341207908,329.01504445584,100000331.26059,-1.6400769932291e-13,0.0058650397102615,-0.0096297172538603,-372.46306296059,-8.0326424611442e-05,-937.84098537181,817.9017152932
70.516499999999,72.144961691423,24.048319662838,4.26606905811e-17,0.00046379126494978,1.7299792873394,7.7293713998107,-2.8434857775455e-13,-49.214365727541,-3.0953838844493e-12,39.130351744514,2.1673964845484e-12,-2.1673953602484e-12,-82.197069494817,-82.19703601361,0.0021786345910993,0.0021786548566205,-2.1673807360323e-12,2.1673839155151e-12,-0.0021786415718885,-0.0021786467577836,-82.197069930668,-82.197103413944,-29.903695395189,0.0001690882224593,-4.9214365727516e-05,45.922760197701,-12.809085936603,329.01504583373,100000332.55593,-1.6428525519927e-13,0.0058187098207193,-0.0095287547275446,-367.49589929664,-6.9357380548672e-05,-925.80258178725,807.42486608906
70.616499999999,61.077843588827,20.359280265838,2.1620395632499e-17,0.00048994132838604,1.7300087108231,7.6770160101344,-1.4603951439179e-13,-43.872702220123,-2.7124637642698e-12,37.161133076059,1.8992747450849e-12,-1.8992737840168e-12,-78.060535409879,-78.060502383155,0.001913265343115,0.0019132831589415,-1.8992609756426e-12,1.8992637138991e-12,-0.0019132714765632,-0.0019132760425327,-78.060536247996,-78.060569276765,-28.399187085824,0.00015038960135599,-4.3872702220103e-05,45.628637000329,-12.674222729693,329.01504706211,100000333.71071,-1.6463913890019e-13,0.0057711104978208,-0.0094278023936316,-362.63433554901,-6.0431004211593e-05,-914.00774201561,797.15942346704
70.716499999999,51.589739033393,17.1965787492,1.1005410739967e-17,0.00051324540478377,1.7300374766752,7.6253559884862,-7.5328642172549e-14,-39.082397244352,-2.3673970661202e-12,35.235608175558,1.6576580724647e-12,-1.6576572481288e-12,-74.015784423627,-74.015751859152,0.0016724652469086,0.0016724808308761,-1.6576460724755e-12,1.65764843565e-12,-0.0016724706101026,-0.001672474607807,-74.015785625291,-74.015818191793,-26.92807300204,0.00013365945392014,-3.9082397244336e-05,45.369018113642,-12.557535578237,329.01504815687,100000334.73982,-1.6493057254818e-13,0.0057223728332965,-0.0093268602500633,-357.86709930086,-5.3032745491877e-05,-902.42987980808,787.08228190329
70.816499999999,43.435193521881,14.478396935618,5.6205168889488e-18,0.00053398970653762,1.7300656502422,7.5742990168903,-3.8980745090676e-14,-34.76374154989,-2.0614030963415e-12,33.351462478244,1.4434002323057e-12,-1.4433995230327e-12,-70.057954551385,-70.057922461743,0.0014578829221195,0.0014578965123994,-1.4433897935058e-12,1.4433918363468e-12,-0.0014578875981615,-0.0014578910864491,-70.057956082138,-70.057988173788,-25.488580759859,0.00011861145148393,-3.4763741549877e-05,45.137997424905,-12.45555626529,329.01504913153,100000335.65589,-1.6520118950714e-13,0.0056726082170276,-0.0092259282947831,-353.18460904059,-4.6818952326914e-05,-891.04639468354,777.17379957431
70.916499999999,36.417611650686,12.139203017271,2.8770794969597e-18,0.00055242070185923,1.7300932877808,7.523765004288,-2.0217468146755e-14,-30.853491351815,-1.7924909567502e-12,31.506980024187,1.2551071938187e-12,-1.2551065820129e-12,-66.183441238456,-66.183409640871,0.0012686565082157,0.0012686683377503,-1.2550981225295e-12,1.255099890617e-12,-0.0012686605778737,-0.0012686636153158,-66.183443067136,-66.183474666711,-24.079395638247,0.00010501855548021,-3.0853491351804e-05,44.931100023259,-12.365733673169,329.01504999769,100000336.4698,-1.6549956203491e-13,0.005621912534442,-0.0091250065257343,-348.57861219032,-4.1538725804228e-05,-879.83781595209,767.41705440516
71.016499999999,30.37724436448,10.125747304328,1.4748785891242e-18,0.00056875312308444,1.73012043828,7.47368354298,-1.050075554115e-14,-27.30090751777,-1.557387299283e-12,29.700989730213,1.0904869501427e-12,-1.0904864214181e-12,-62.389784498565,-62.389753415016,0.0011028260447923,0.0011028363298259,-1.0904790718933e-12,1.0904806035067e-12,-0.0011028295827977,-0.0011028322242562,-62.389786596483,-62.389817682002,-22.69961944363,9.2698695771674e-05,-2.7300907517761e-05,44.744870109803,-12.286151460315,329.01505076545,100000337.19104,-1.6578405676842e-13,0.0055703692763988,-0.0090240949408613,-344.0419168941,-3.7003105231045e-05,-868.78716867806,757.79729299884
71.116499999999,25.182646078318,8.394214598385,7.5656764007851e-19,0.00058317614376439,1.7301471448649,7.4239919382133,-5.457533357717e-15,-24.065010086578,-1.3524623185378e-12,27.932830228697,9.4699790149029e-13,-9.4699744394958e-13,-58.675595053961,-58.675564511452,0.00095804572129877,0.00095805465708346,-9.4699106170078e-13,9.4699238926096e-13,-0.00095804879500219,-0.00095805109026212,-58.675597394183,-58.675627938639,-21.348743515553,8.1504833812914e-05,-2.4065010086571e-05,44.576597311081,-12.215318523725,329.01505144372,100000337.82796,-1.6607549038977e-13,0.0055180519363487,-0.0089231935381086,-339.56818503491,-3.3067081752336e-05,-857.87948423989,748.30150523
71.2165,20.724395019623,6.9081309727025,3.8807149648435e-19,0.00059585825227926,1.7301734459043,7.374633642267,-2.8362587929628e-15,-21.112590330686,-1.1741607652034e-12,26.202333241887,8.2215065224401e-13,-8.221502559329e-13,-55.040519411253,-55.04048944222,0.00083193486823292,0.00083194262831078,-8.22144715191e-13,8.2214586634902e-13,-0.00083193753742974,-0.00083193953087101,-55.040521967981,-55.040551938934,-20.026635905939,7.1317762610269e-05,-2.111259033068e-05,44.424150094917,-12.15207560502,329.0150520404,100000338.388,-1.6634610732356e-13,0.0054650258994999,-0.0088223023154219,-335.15176882406,-2.9617447126829e-05,-847.10141365284,738.91808814246
71.3165,16.910379761022,5.6367926162427,1.9890890167164e-19,0.00060695117101701,1.7301993758987,7.3255569820315,-1.4729250448851e-15,-18.416742197726,-1.0191882817875e-12,24.509822892334,7.1363848389437e-13,-7.136381404001e-13,-51.485238412652,-51.485209055475,0.0007222422769926,0.00072224901418277,-7.1363333101017e-13,7.1363432947506e-13,-0.00072224459430238,-0.00072224632507498,-51.485241160664,-51.485270519728,-18.733540749678,6.2040780550051e-05,-1.8416742197722e-05,44.285819630865,-12.095520783825,329.01505256261,100000338.87786,-1.6663060203959e-13,0.0054113499595249,-0.0087214212707473,-330.78757928626,-2.6564598239458e-05,-836.44091602205,729.63657513313
71.4165,13.662196034357,4.5540647714623,1.0181135716517e-19,0.00061659306427076,1.730224966206,7.27671410274,-7.6388373532092e-16,-15.955758827705,-8.8457775362515e-13,22.856128336331,6.1938381426627e-13,-6.1938351642267e-13,-48.011493773533,-48.011465073121,0.00062691455630482,0.00062692040442531,-6.1937934226566e-13,6.1938020844499e-13,-0.00062691656778535,-0.00062691807020885,-48.011496687669,-48.011525389932,-17.470087830244,5.3595679521257e-05,-1.5955758827701e-05,44.160289170378,-12.044934657279,329.01505301681,100000339.30365,-1.6685958559899e-13,0.0053570775572757,-0.0086205504020309,-326.47097850286,-2.3836676608803e-05,-825.88700288418,720.4474136985
71.5165,10.912343077518,3.6374471831406,5.2007867562737e-20,0.00062491120570733,1.7302502456433,7.2280600735843,-3.9538686560111e-16,-13.712284352841,-7.6769811552821e-13,21.242606892311,5.3754436398688e-13,-5.3754410565394e-13,-44.622136665694,-44.622108674097,0.00054411590733875,0.00054412098316727,-5.3754048304376e-13,5.3754123455102e-13,-0.00054411765317246,-0.00054411895721639,-44.622139720373,-44.622167713781,-16.237310183415,4.5919649953791e-05,-1.3712284352838e-05,44.046472554165,-11.999742332891,329.01505340898,100000339.67098,-1.6715101919826e-13,0.005302257807938,-0.0085196897072207,-322.19768989727,-2.1375464988754e-05,-815.42952493272,711.34178000627
71.6165,8.6020037872282,2.8673341491963,2.6497806951267e-20,0.00063202422266182,1.7302752409909,7.1795521183997,-2.0413053262324e-16,-11.672636371982,-6.6623690602643e-13,19.671173931631,4.6650094092533e-13,-4.6650071682026e-13,-41.321190505701,-41.32116328267,0.00047222411178138,0.00047222851700945,-4.6649757299169e-13,4.6649822505701e-13,-0.00047222562695396,-0.00047222675872713,-41.321193674481,-41.321220899282,-15.036666896816,3.8962798192131e-05,-1.167263637198e-05,43.943560067512,-11.959516396706,329.01505374465,100000339.98509,-1.6739388053499e-13,0.0052469363623881,-0.0084188391842644,-317.96372264441,-1.9133552312155e-05,-805.05899189724,702.31142227155
71.7165,6.6792584961744,2.2264191129999,1.3457310508839e-20,0.00063804399116995,1.7302999774167,7.1311489492632,-1.0505795839389e-16,-9.8262275874661,-5.7817216451798e-13,18.14433398799,4.0483776249956e-13,-4.0483756806402e-13,-38.113916303104,-38.113889916471,0.00040981566762133,0.00040981949068674,-4.0483483979752e-13,4.0483540560661e-13,-0.00040981698255564,-0.00040981796476992,-38.113919558283,-38.113945946641,-13.870066886359,3.268602150705e-05,-9.8262275874644e-06,43.850905672537,-11.923898831842,329.01505402904,100000340.25092,-1.6758816960923e-13,0.0051911561319157,-0.0083179988311104,-313.76530774644,-1.7072548924288e-05,-794.7664198361,693.34852795144
71.8165,5.0976303224959,1.6992097798204,6.8085115236033e-21,0.00064307721712555,1.7303244788288,7.0828101946404,-5.3867702007977e-17,-8.1650204480132,-5.0174132162107e-13,16.665204660489,3.5132067261061e-13,-3.5132050390361e-13,-35.006862870993,-35.006837396697,0.00035564675138161,0.0003556500691329,-3.5131813629913e-13,3.5131862727714e-13,-0.00035564789251209,-0.00035564874490634,-35.006866183299,-35.006891659271,-12.739887237578,2.7059009129503e-05,-8.1650204480119e-06,43.768026464695,-11.892642758719,329.01505426713,100000340.47319,-1.6788654208692e-13,0.0051349578909158,-0.008217168645708,-309.59884462202,-1.5161974741367e-05,-784.54320324528,684.44561250658
71.9165,3.8148984274435,1.2716325360119,3.4294579478794e-21,0.00064722670215923,1.7303487681576,7.0344959277562,-2.7500811829285e-17,-6.6829505236905,-4.3541070748395e-13,15.237520924971,3.0487579127202e-13,-3.0487564488185e-13,-32.007875882261,-32.007851403761,0.00030863337914389,0.00030863625832501,-3.0487359027752e-13,3.0487401632949e-13,-0.00030863436942831,-0.00030863510914768,-32.007879220667,-32.007903700785,-11.648976681612,2.2058149572574e-05,-6.6829505236896e-06,43.694565466094,-11.865537368435,329.01505446372,100000340.65643,-1.6817103677159e-13,0.0050783807584169,-0.0081163486260068,-305.46085831084,-1.3378775231055e-05,-774.38101243278,675.59543012969
72.0165,2.7921487276961,0.93071601977812,1.7187209679743e-21,0.00065059225751085,1.730372867559,6.986166315264,-1.3970524279058e-17,-5.3752586076414,-3.7784727093741e-13,13.865602828364,2.6456971227718e-13,-2.6456958524778e-13,-29.126030008331,-29.126006615118,0.00026783239422589,0.00026783489278642,-2.645678022727e-13,2.6456817198883e-13,-0.00026783325359655,-0.00026783389552803,-29.126033340087,-29.126056734855,-10.600631233627,1.7664145916505e-05,-5.3752586076407e-06,43.630207030104,-11.842417137101,329.01505462344,100000340.80505,-1.6841389808765e-13,0.005021462546307,-0.0080155387699572,-301.34796860406,-1.1707601539022e-05,-764.27171957329,666.79090942402
72.1165,1.9930609949887,0.6643534877274,8.5646738237497e-22,0.00065327119919798,1.7303967985273,6.9377814194668,-7.0575589907474e-18,-4.237686685521,-3.2789308841689e-13,12.554265409197,2.2959165427174e-13,-2.2959154404041e-13,-26.371439698351,-26.371417483196,0.00023242399535767,0.00023242616360163,-2.2958999678794e-13,2.2959031761982e-13,-0.00023242474111684,-0.00023242529818385,-26.371442989296,-26.371465205937,-9.5985258562229,1.3859200626298e-05,-4.2376866855205e-06,43.574699284802,-11.823140892409,329.01505475083,100000340.92335,-1.6864982050465e-13,0.004964239951227,-0.0079147390755105,-297.25687344423,-1.0140968862569e-05,-754.2073594101,658.02511923821
72.2165,1.383454037729,0.46115120878439,4.2408426112317e-22,0.0006553583424894,1.7304205818993,6.8893011954006,-3.543128988441e-18,-3.2655292620218,-2.8454274791643e-13,11.308648418342,1.992376249318e-13,-1.9923752927604e-13,-23.754901491034,-23.754880545734,0.00020169604757665,0.00020169792916588,-1.9923618658403e-13,1.9923646499648e-13,-0.00020169669474186,-0.00020169717816162,-23.754904706297,-23.754925653006,-8.6465850114886,1.0623763487848e-05,-3.2655292620215e-06,43.527755804161,-11.807560195759,329.01505485031,100000341.01552,-1.6892737627994e-13,0.0049067485617005,-0.0078139495406176,-293.18434947081,-8.6795382351987e-06,-744.1801319112,649.29127103224
72.3165,0.931119213034,0.31037296826365,2.0851245552714e-22,0.00065694542774427,1.7304442377374,6.8406857206191,-1.7665198955553e-18,-2.4525966251684,-2.4692346480989e-13,10.133948528639,1.7289649800385e-13,-1.7289641499576e-13,-21.287331494983,-21.287311904546,0.00017503018188662,0.00017503181471493,-1.7289524982057e-13,1.7289549142287e-13,-0.0001750307434914,-0.00017503116299943,-21.287334600114,-21.287354191879,-7.7487788156836,7.9330620718357e-06,-2.4525966251682e-06,43.489019646244,-11.795505384925,329.01505492614,100000341.08561,-1.6923268762588e-13,0.0048490226574429,-0.0077131701632316,-289.1272721117,-7.3315447650477e-06,-734.18245305249,640.58276316425
72.4165,0.60595629266412,0.20198535658107,1.0172974532908e-22,0.00065811996865666,1.7304677850914,6.7918956732011,-8.7408314970014e-19,-1.7902355003898,-2.1427769204323e-13,9.0350518951066,1.5003783691078e-13,-1.5003776487774e-13,-18.978993545873,-18.978975381467,0.00015188957826866,0.0001518909952223,-1.5003675375049e-13,1.5003696340983e-13,-0.00015189006562416,-0.00015189042966952,-18.978996508393,-18.979014674037,-6.9088430222427,5.7539304751053e-06,-1.7902355003897e-06,43.458018104053,-11.786763057761,329.01505498243,100000341.13748,-1.6951024339143e-13,0.0047910947994532,-0.0076124009413053,-285.08265559852,-6.1110675383982e-06,-724.20705493616,631.89326816337
72.5165,0.38037776198543,0.12679253563546,4.9214910582276e-23,0.00065896362363308,1.7304912416598,6.742893028585,-4.289357400986e-19,-1.2666363759029,-1.8594795946322e-13,8.016091429352,1.3020127920583e-13,-1.3020121669659e-13,-16.838569218614,-16.838552530149,0.0001318082805312,0.00013180951014976,-1.3020033925086e-13,1.3020052119071e-13,-0.00013180870345353,-0.00013180901936859,-16.838572009832,-16.838588699441,-6.1299412293864,4.0427148014434e-06,-1.2666363759029e-06,43.434130105386,-11.781047484562,329.01505502298,100000341.17473,-1.6971147131961e-13,0.0047329952493583,-0.0075116418727915,-281.04770950267,-5.0345877759941e-06,-714.24712711883,623.21685592391
72.6165,0.22987546590814,0.07662512080775,2.3592787041049e-23,0.00065955033270764,1.7305146234049,6.693641884514,-2.0861419482412e-19,-0.86668181778312,-1.6136368122231e-13,7.0799863084923,1.129872990794e-13,-1.1298724483467e-13,-14.872190521545,-14.872175331176,0.00011438187893757,0.00011438294598807,-1.1298648339652e-13,1.1298664128182e-13,-0.00011438224594527,-0.00011438252009317,-14.872193118383,-14.872208309798,-5.4143130189511,2.7450805697743e-06,-8.6668181778309e-07,43.416552810024,-11.778016244139,329.01505505127,100000341.20064,-1.7004453822808e-13,0.004674751307588,-0.0074108929556449,-277.01990349552,-4.116321589772e-06,-704.29647886696,614.54813516087
72.7165,0.13357642724783,0.044525453713856,1.1199699953858e-23,0.00065994458499652,1.7305379441979,6.6441092660906,-1.0049027835516e-19,-0.5725023765971,-1.4002968858087e-13,6.228048571921,9.8049177994027e-14,-9.8049130921103e-14,-13.082613515258,-13.082599813306,9.9259400565795e-05,9.9260326541117e-05,-9.8048470153163e-14,9.8048607164266e-14,-9.9259719051249e-05,-9.9259956953954e-05,-13.082615901721,-13.082629604622,-4.7629727022661,1.7982080741833e-06,-5.7250237659708e-07,43.404368123656,-11.777274418034,329.01505507035,100000341.21805,-1.7030821619418e-13,0.0046163867035439,-0.0073101541878203,-272.99702777674,-3.3634063328201e-06,-694.34969139599,605.88238617265
72.8165,0.074595085479509,0.024865015032404,5.2614228623208e-24,0.00066020021639251,1.7305612155797,6.5942657393887,-4.7914091790076e-20,-0.36470118324839,-1.2151626909379e-13,5.4597465808321,8.5086030094332e-14,-8.5085989244985e-14,-11.468721436891,-11.468709181297,8.6136258937167e-05,8.6137062488784e-05,-8.5085415837622e-14,8.5085534734351e-14,-8.6136535315481e-05,-8.6136741764945e-05,-11.468723604847,-11.468735861293,-4.1755273096881,1.1351448888006e-06,-3.6470118324838e-07,43.396573035969,-11.778392423471,329.01505508277,100000341.22934,-1.7057883305144e-13,0.004557921182277,-0.0072094255672729,-268.97723537358,-2.7725090176197e-06,-684.40222588598,597.21565510401
72.9165,0.040044490113142,0.013348155508126,2.4446218624161e-24,0.00066036003812599,1.730584446698,6.544085694463,-2.2600003200785e-20,-0.2239645205549,-1.0545051773789e-13,4.7726871145429,7.383674624161e-14,-7.3836710793002e-14,-10.025487092117,-10.025476211726,7.4748128896241e-05,7.4748826209793e-05,-7.383621319623e-14,7.3836316373518e-14,-7.4748368734403e-05,-7.4748547889056e-05,-10.025489041208,-10.025499922358,-3.6501613043822,6.9028187385887e-07,-2.239645205549e-07,43.392187967545,-11.780958520913,329.01505509056,100000341.2364,-1.7075924428586e-13,0.0044993703949242,-0.0071087070919583,-264.95905588138,-2.3294185843881e-06,-674.45046120265,588.54478698119
73.0165,0.020683334129704,0.0068944403139685,1.1227701692777e-24,0.00066045638324252,1.7306076444393,6.4935472428206,-1.0539584502141e-20,-0.13262701931628,-9.1508828963219e-14,4.1628229302778,6.4074736926703e-14,-6.4074706164789e-14,-8.7444088548026,-8.7443992557364,6.4865627645455e-05,6.4866232766709e-05,-6.4074274355644e-14,6.4074363891779e-14,-6.486583577445e-05,-6.4865991242946e-05,-8.7444105915049,-8.7444201912427,-3.183793661349,4.0448006119199e-07,-1.3262701931627e-07,43.390326549545,-11.784583163299,329.01505509528,100000341.24065,-1.7104373892736e-13,0.0044407461219023,-0.0070079987598335,-260.94137755003,-2.0114648803869e-06,-664.49165327782,579.86739049141
73.1165,0.010293199721402,0.0034310642178021,5.0946529716696e-25,0.00066051241679311,1.7306308137201,6.4426317764459,-4.857205919413e-21,-0.075798694631726,-7.9410380078498e-14,3.6248334045264,5.5603369317987e-14,-5.5603342623132e-14,-7.6143102410241,-7.6143018147018,5.628969707707e-05,5.6290222194817e-05,-5.5602967903789e-14,5.5603045602281e-14,-5.6289877689184e-05,-5.6290012603081e-05,-7.6143117771251,-7.6143202040382,-2.7723676697047,2.2857944378339e-07,-7.5798694631725e-08,43.390215081253,-11.788949398634,329.01505509803,100000341.24313,-1.7136292803733e-13,0.0043820567704103,-0.0069073005688557,-256.9234029398,-1.791908949031e-06,-654.5238286927,571.18174541784
73.216500000001,0.0049439059844624,0.0016479674484698,2.2827996074367e-25,0.00066054389024502,1.7306539578698,6.3913233110537,-2.2109893592712e-21,-0.041860293967127,-6.8911475547328e-14,3.1525884957264,4.8252007121531e-14,-4.8251983956024e-14,-6.6223145073729,-6.6223071385476,4.884759559997e-05,4.8848051291522e-05,-4.82516587786e-14,4.8251726204515e-14,-4.8847752333226e-05,-4.884786941006e-05,-6.6223158582033,-6.622323227546,-2.4112050519504,1.2473589861095e-07,-4.1860293967127e-08,43.391274244282,-11.793808559909,329.01505509958,100000341.24452,-1.7157803373799e-13,0.004323308028625,-0.0068066125169825,-252.90458909807,-1.6444453344291e-06,-644.54563930354,562.48667610287
73.316500000001,0.0022959901215831,0.00076532943916747,1.0095821601907e-25,0.00066056098648734,1.7306770790288,6.3396077588802,-9.936175233668e-22,-0.022370805931814,-5.9800638699991e-14,2.7396035493604,4.1872573783857e-14,-4.187255368108e-14,-5.7548000127146,-5.7547935862857,4.238941936392e-05,4.238981480816e-05,-4.1872271495602e-14,4.1872330007086e-14,-4.2389555375358e-05,-4.2389656973379e-05,-5.7548011954688,-5.7548076223495,-2.095353675933,6.5826480426956e-08,-2.2370805931814e-08,43.393073606964,-11.798980826261,329.01505510042,100000341.24527,-1.7180701722607e-13,0.0042645035478059,-0.0067059346021724,-248.88458442841,-1.5464021799986e-06,-634.55620794304,553.78141710302
73.416500000001,0.0010328285460749,0.00034427589429352,4.4048316202079e-26,0.00066056998061879,1.7307001785057,6.2874722500288,-4.4063745689927e-22,-0.01158662068853,-5.189435220981e-14,2.3794180768355,3.6336569961509e-14,-3.6336552516535e-14,-4.9981958794696,-4.9981902854477,3.6785083143656e-05,3.6785426305923e-05,-3.6336307639007e-14,3.6336358414644e-14,-3.6785201172923e-05,-3.6785289338594e-05,-4.9981969118309,-4.9982025062464,-1.8198775489182,3.3646107557715e-08,-1.158662068853e-08,43.395324013033,-11.804337939215,329.01505510087,100000341.24567,-1.7207069518344e-13,0.0042056455530562,-0.0066052668223848,-244.86317174296,-1.4802351665036e-06,-624.5549887497,545.06549155866
73.516500000001,0.00045078264272479,0.00015026074774872,1.8950540228817e-26,0.00066057457011792,1.7307232570612,6.2349045709177,-1.9273835374791e-22,-0.0058245702994799,-4.5033361643426e-14,2.0658680813452,3.153248525659e-14,-3.1532470118029e-14,-4.3395540400602,-4.3395491766379,3.1921700243487e-05,3.1921998036019e-05,-3.153225761594e-14,3.1532301678492e-14,-3.1921802668017e-05,-3.1921879177241e-05,-4.3395549392136,-4.3395598029782,-1.580065600772,1.6681796565643e-08,-5.8245702994799e-09,43.39782977071,-11.809799928346,329.0150551011,100000341.24587,-1.7240376207968e-13,0.0041467353306814,-0.0065046091755786,-240.84022258349,-1.433514083958e-06,-614.54165486092,536.33861338108
73.616500000001,0.00019117323357729,6.3724351470232e-05,8.0353342317877e-27,0.00066057684482665,1.7307463151152,6.1818927395879,-8.3113025175521e-23,-0.0028456721633918,-3.9079467681931e-14,1.7932526858778,2.7363552121029e-14,-2.7363538983949e-14,-3.7668992548689,-3.7668950299156,2.7701308736192e-05,2.7701567157354e-05,-2.7363354576917e-14,2.7363392813927e-14,-2.77013976191e-05,-2.7701464012982e-05,-3.7669000368862,-3.7669042621371,-1.3715596522869,8.0337450704231e-09,-2.8456721633918e-09,43.400475822458,-11.815317995996,329.01505510121,100000341.24597,-1.7269519561244e-13,0.0040877735825434,-0.0064039616597146,-236.81566387272,-1.3980557627916e-06,-604.51601626597,527.60061570056
73.716500000001,7.887771839113e-05,2.6292546795128e-05,3.3562462614879e-27,0.00066057794126474,1.7307693528861,6.1284247049423,-3.5315558830758e-23,-0.00135278385199,-3.3912742425729e-14,1.5564141708284,2.3745796705472e-14,-2.3745785305255e-14,-3.2693972387852,-3.2693935702099,2.4038898282243e-05,2.4039122537352e-05,-2.3745625278813e-14,2.3745658460479e-14,-2.4038975413876e-05,-2.4039033029774e-05,-3.269397918307,-3.2694015871407,-1.1904160779934,3.7625234918452e-09,-1.35278385199e-09,43.403187027589,-11.820867006649,329.01505510127,100000341.24602,-1.7292417910003e-13,0.0040287606645057,-0.0063033242727535,-232.78945539665,-1.3688220346804e-06,-594.47796425113,518.85140247312
73.816500000001,3.1695637622988e-05,1.0565201536072e-05,1.3801895674167e-27,0.000660578455789,1.730792370478,6.0744881423053,-1.4778529677837e-23,-0.00062635657767716,-2.9429113724677e-14,1.3507565264023,2.0606347400501e-14,-2.0606337507515e-14,-2.8373936322048,-2.837390447613,2.0860697807218e-05,2.0860892413394e-05,-2.0606198638287e-14,2.0606227432981e-14,-2.0860764741221e-05,-2.0860814739679e-05,-2.8373942223337,-2.8373974071498,-1.033120328651,1.7153858951315e-09,-6.2635657767716e-10,43.405939670327,-11.826432331071,329.01505510129,100000341.24604,-1.7308377364855e-13,0.0039696967366787,-0.0062026970126569,-228.76157557391,-1.3429039280999e-06,-584.42743624182,510.0909178528
73.916500000001,1.2414257804917e-05,4.1380814021286e-06,5.5848915113603e-28,0.00066057869106398,1.730815367933,6.0200703159214,-6.0873092422362e-24,-0.00028268889398968,-2.5538268881418e-14,1.1722256339934,1.7881967003872e-14,-1.7881958418845e-14,-2.4623723700438,-2.4623696060121,1.8102689558089e-05,1.8102858435239e-05,-1.788183790962e-14,1.7881862897346e-14,-1.8102747642698e-05,-1.8102791030823e-05,-2.4623728823682,-2.4623756465946,-0.89657199813938,7.6193302048401e-10,-2.8268889398968e-10,43.408716620177,-11.832000443501,329.0150551013,100000341.24605,-1.732919404544e-13,0.0039105818528677,-0.006102079877387,-224.73201295967,-1.3186468328828e-06,-574.36439478639,501.31912788244
74.016500000001,4.7423127502158e-06,1.5807690981328e-06,2.2224143085258e-28,0.00066057879596914,1.7308383452609,5.9651579838363,-2.4665888129185e-24,-0.00012443818155758,-2.2161835505637e-14,1.0172687717944,1.551777894959e-14,-1.5517771499595e-14,-2.1368706193429,-2.1368682205335,1.570931961308e-05,1.5709466162857e-05,-1.5517666922984e-14,1.5517688607064e-14,-1.570937001828e-05,-1.5709407670029e-05,-2.1368710640348,-2.1368734630132,-0.7780539926123,3.2992342962512e-10,-1.2443818155758e-10,43.411501906157,-11.837573546662,329.01505510131,100000341.24606,-1.7347929057853e-13,0.0038514160112573,-0.0060014728649064,-220.7007614196,-1.2952025978637e-06,-564.2888156041,492.53601008044
74.116500000001,1.7676677463953e-06,5.8922187095739e-07,8.6915800125988e-29,0.00066057884160371,1.7308613024552,5.909737327244,-9.8260707540303e-25,-5.3449626064857e-05,-1.9231802878005e-14,0.88278535300917,1.3466161942546e-14,-1.346615547752e-14,-1.8543753001307,-1.8543732183778,1.3632378874003e-05,1.3632506048326e-05,-1.346606472706e-14,1.3466083544272e-14,-1.3632422615094e-05,-1.3632455288877e-05,-1.8543756860766,-1.8543777679761,-0.67519493598141,1.3932942495755e-10,-5.3449626064857e-11,43.414289601629,-11.843142081019,329.01505510131,100000341.24606,-1.7363888512705e-13,0.0037921991818966,-0.0059008759731785,-216.66781750618,-1.27211697533e-06,-554.20068108033,483.74154777324
74.216500000001,6.4309107093041e-07,2.1436341911495e-07,3.3384873328909e-29,0.00066057886097779,1.7308842395012,5.8537938923902,-3.8458670097454e-25,-2.240782483782e-05,-1.6689152026341e-14,0.76607608647145,1.1685790734029e-14,-1.168578512375e-14,-1.6092162924119,-1.6092144858505,1.1830032002493e-05,1.1830142363004e-05,-1.1685706371475e-14,1.168572270085e-14,-1.1830069960542e-05,-1.18300983145e-05,-1.6092166273528,-1.6092184340414,-0.58593033212536,5.7401862872875e-11,-2.240782483782e-11,43.417069383301,-11.848708374225,329.01505510131,100000341.24606,-1.7378460188775e-13,0.0037329313210277,-0.0058002892001674,-212.63317908766,-1.2491734868122e-06,-544.09997686397,474.93572713042
74.316500000001,2.2838083083128e-07,7.6126842736941e-08,1.2585641599085e-29,0.00066057886900674,1.7309071563805,5.7973125375953,-1.4778936596569e-25,-9.1700429450079e-06,-1.4482666920226e-14,0.66479444229555,1.0140803716886e-14,-1.0140798848346e-14,-1.3964644851025,-1.3964629173721,1.0265974740869e-05,1.0266070510537e-05,-1.0140730507968e-14,1.0140744678424e-14,-1.0266007680457e-05,-1.0266032285718e-05,-1.3964647757697,-1.3964663436106,-0.50846546843671,2.3073641277624e-11,-9.1700429450079e-12,43.419851118077,-11.854268665895,329.01505510131,100000341.24606,-1.7393725754236e-13,0.0036736123782919,-0.0056997125438375,-208.59684465703,-1.2262850655047e-06,-533.98669015028,466.11853566846
74.416500000001,7.9168924270447e-08,2.6389604820937e-08,4.6532359575272e-30,0.00066057887225514,1.7309300530729,5.740277380928,-5.5720170881659e-26,-3.6631238724889e-06,-1.2567902838376e-14,0.57690222375764,8.8000805734811e-15,-8.8000763486142e-15,-1.2118384505008,-1.2118370900349,8.9087026440355e-06,8.9087857519242e-06,-8.8000170435675e-15,8.8000293405371e-15,-8.9087312286558e-06,-8.9087525808368e-06,-1.2118387027427,-1.2118400633044,-0.44124144790509,9.0490907428281e-12,-3.6631238724889e-12,43.422633690653,-11.859832037583,329.01505510131,100000341.24606,-1.741384854543e-13,0.0036142423002361,-0.0055991460021545,-204.55881299488,-1.2033790620675e-06,-523.8608088429,457.28996152049
74.516500000001,2.6785097622918e-08,8.9283529183298e-09,1.6859667585164e-30,0.00066057887353744,1.7309529295574,5.6826717458585,-2.0595334757396e-26,-1.4281556406779e-06,-1.0906291128894e-14,0.50062984953397,7.6366154263259e-15,-7.6366117600318e-15,-1.0516210133178,-1.0516198327176,7.7308764927797e-06,7.7309486129132e-06,-7.6365602957491e-15,7.6365709669272e-15,-7.7309012982063e-06,-7.7309198273997e-06,-1.0516212322121,-1.0516224128955,-0.38290481745352,3.4619925771635e-12,-1.4281556406779e-12,43.425409175287,-11.865387895614,329.01505510131,100000341.24606,-1.7428420221501e-13,0.0035548210319671,-0.0054985895730833,-200.51908301035,-1.1804558958426e-06,-513.72232115745,448.44999309081
74.616500000001,8.8421276410844e-09,2.9473714075668e-09,5.9813106418645e-31,0.00066057887403183,1.7309757858126,5.6244781032261,-7.456907421353e-27,-5.4328119354348e-07,-9.4643623298039e-15,0.43444132123812,6.6269728649218e-15,-6.6269696833511e-15,-0.91258566162741,-0.91258463711436,6.7087716062187e-06,6.708834191296e-06,-6.6269250231992e-15,6.6269342835331e-15,-6.7087931321015e-06,-6.7088092115366e-06,-0.91258585158225,-0.91258687616748,-0.33228077651489,1.2916912810812e-12,-5.4328119354348e-13,43.428182972995,-11.87094246302,329.01505510131,100000341.24606,-1.7446461344525e-13,0.0034953485179045,-0.0053980432545909,-196.47765366776,-1.1574829589719e-06,-503.571215439,439.59861889584
74.716500000001,2.8469232340237e-09,9.4897290575e-10,2.0759344819359e-31,0.00066057887421785,1.7309986218169,5.5656780083819,-2.6424465263635e-27,-2.0157157877792e-07,-8.2130720013968e-15,0.37700355626062,5.7508158916855e-15,-5.7508131307526e-15,-0.79193212755505,-0.79193123849328,5.821799961029e-06,5.8218542716871e-06,-5.7507743751524e-15,5.7507824111706e-15,-5.8218186409589e-06,-5.82183259452e-06,-0.79193229239608,-0.79193318152047,-0.28834972277256,4.6981787084101e-13,-2.0157157877792e-13,43.430955479832,-11.876494291192,329.01505510131,100000341.24606,-1.7462420799377e-13,0.0034358247021227,-0.0052975070446447,-192.43452395422,-1.1344826292962e-06,-493.40748008115,430.73582749358
74.816500000001,8.9357502585948e-10,2.9785784801756e-10,7.0419468872831e-32,0.00066057887428612,1.7310214375486,5.5062520325794,-9.1561133406419e-28,-7.2907169726208e-08,-7.1272156907716e-15,0.32715965352623,4.9904962784922e-15,-4.9904938825843e-15,-0.68723022943603,-0.68722945791766,5.0520954916415e-06,5.0521426218474e-06,-4.9904602508906e-15,4.9904672244609e-15,-5.0521117018841e-06,-5.0521238106346e-06,-0.68723037248341,-0.68723114405613,-0.25022680520763,1.6650024863759e-13,-7.2907169726208e-14,43.433722427858,-11.882040854513,329.01505510131,100000341.24606,-1.7483931369353e-13,0.0033762495284928,-0.0051969809412118,-188.38969286545,-1.1114515206583e-06,-483.23110349061,421.86160745272
74.916500000001,2.7324674710996e-10,9.1082091190864e-11,2.3323770645608e-32,0.0006605788743108,1.731044232986,5.4461796877608,-3.0991834694461e-28,-2.5690934651345e-08,-6.1849212443457e-15,0.2839056398882,4.3306990824818e-15,-4.3306970033387e-15,-0.59637102538655,-0.59637035587115,4.3841542182001e-06,4.3841951172867e-06,-4.330667818116e-15,4.3306738697054e-15,-4.3841682852746e-06,-4.3841787931182e-06,-0.59637114952156,-0.59637181908413,-0.21714413894325,5.7456841678432e-14,-2.5690934651345e-14,43.436487184948,-11.887586205643,329.01505510131,100000341.24606,-1.7499890824205e-13,0.0033166229407444,-0.0050964649422606,-184.34315939961,-1.0883544690481e-06,-473.04207407194,412.97594733941
75.016500000001,8.1345233391523e-11,2.7115028694071e-11,7.5347284571586e-33,0.00066057887431932,1.7310670081073,5.3854393438557,-1.0236692520245e-28,-8.8133842333745e-09,-5.3672082421034e-15,0.24637026766361,3.7581341606922e-15,-3.7581323564341e-15,-0.51752437608904,-0.51752379509075,3.8045219534668e-06,3.804557445255e-06,-3.7581070298112e-15,3.7581122813156e-15,-3.804534160723e-06,-3.8045432793169e-06,-0.51752448381208,-0.5175250648513,-0.18843535358411,1.9292482980824e-14,-8.8133842333745e-15,43.439248934239,-11.893124696027,329.01505510131,100000341.24606,-1.7520013615401e-13,0.0032569448824932,-0.0049959590457601,-180.29492255512,-1.0652120541126e-06,-462.84038022181,404.07883571214
75.116500000002,2.3555838241065e-11,7.8519312223064e-12,2.3713918928572e-33,0.0006605788743224,1.7310897628907,5.3240081376132,-3.2958096370412e-29,-2.9409988150572e-09,-4.6576056793671e-15,0.21379747341291,3.2612684697703e-15,-3.2612669040546e-15,-0.44910209777627,-0.44910159359218,3.3015232982277e-06,3.3015540976204e-06,-3.2612449258832e-15,3.2612494830823e-15,-3.3015338915535e-06,-3.3015418045714e-06,-0.44910219125717,-0.44910269547677,-0.16352217692971,6.297712818903e-15,-2.9409988150572e-15,43.442009427439,-11.898663098238,329.01505510131,100000341.24606,-1.7539442517205e-13,0.0031972152972481,-0.0048954632496799,-176.24498132948,-1.0420378331558e-06,-452.62601032617,395.17026111935
75.216500000002,6.6289013579427e-12,2.2096294167525e-12,7.2623161917592e-34,0.00066057887432355,1.7311124973143,5.261861871872,-1.0330809720045e-29,-9.5372580464717e-10,-4.0418201951432e-15,0.18553115188611,2.8300937585366e-15,-2.8300923998253e-15,-0.38972597844494,-0.38972554091941,2.8650264664152e-06,2.8650531937975e-06,-2.8300733274042e-15,2.8300772820926e-15,-2.8650356591896e-06,-2.8650425260216e-06,-0.38972605956667,-0.38972649712302,-0.14190278940502,1.9966629888632e-15,-9.5372580464717e-16,43.444766927711,-11.904197550653,329.01505510131,100000341.24606,-1.7554708082667e-13,0.0031374341284152,-0.0047949775519896,-172.1933347189,-1.0188247831012e-06,-442.39895275941,386.25021209869
75.316500000002,1.8109140155386e-12,6.0363675779737e-13,2.1612952917722e-34,0.00066057887432355,1.7311352113562,5.1989749040032,-3.1486084385246e-30,-3.0023788776321e-10,-3.5074481642438e-15,0.16100194144121,2.4559249740859e-15,-2.4559237950108e-15,-0.3382000193597,-0.33819963967974,2.4862392028752e-06,2.4862623966106e-06,-2.4559072441686e-15,2.4559106760047e-15,-2.4862471802662e-06,-2.4862531392292e-06,-0.33820008975626,-0.33820046946297,-0.12314171694602,6.1415959817416e-16,-3.0023788776321e-16,43.447520571745,-11.90972846859,329.01505510131,100000341.24606,-1.7573443095082e-13,0.0030776013193019,-0.0046945019506601,-168.13998171828,-9.955635071303e-07,-432.15919588414,377.31867717683
75.416500000002,4.7967998931219e-13,1.5989298442466e-13,6.2417919870338e-35,0.00066057887432355,1.7311579049946,5.135320022061,-9.3178595416938e-31,-9.164419380673e-11,-3.043725853921e-15,0.139715755964,2.1312253207674e-15,-2.1312242975787e-15,-0.2934863452509,-0.29348601576871,2.1575316829963e-06,2.1575518102707e-06,-2.1312099349355e-15,2.1312129130461e-15,-2.1575386056905e-06,-2.1575437768146e-06,-0.29348640634028,-0.29348673584569,-0.1068610596856,1.8305688748638e-16,-9.164419380673e-17,43.450270149556,-11.915256479638,329.01505510131,100000341.24606,-1.7588014771153e-13,0.0030177168131123,-0.0045940364436628,-164.08492132095,-9.722647111698e-07,-421.90672805059,368.37564486888
75.516500000002,1.2303589442745e-13,4.1011872206706e-14,1.74664098021e-35,0.00066057887432355,1.7311805782074,5.0708683069544,-2.6735160343783e-31,-2.7087621346132e-11,-2.6413126124771e-15,0.12124383276302,1.8494544482453e-15,-1.8494535603332e-15,-0.25468429896338,-0.25468401304227,1.8722828269096e-06,1.8723002931423e-06,-1.8494410965856e-15,1.849443680958e-15,-1.8722888343493e-06,-1.8722933217953e-06,-0.25468435197609,-0.25468463791734,-0.092732880125167,5.2800335647304e-17,-2.7087621346132e-17,43.453018470905,-11.920781718342,329.01505510131,100000341.24606,-1.7601892557836e-13,0.0029577805529505,-0.00449358102897,-160.02815251878,-9.4890854697208e-07,-411.64153759691,359.42110367874
75.616500000002,3.0514676719807e-14,1.0171534890795e-14,4.728127506201e-36,0.00066057887432355,1.7312032309727,5.005588978649,-7.4254803189729e-32,-7.7416493358737e-12,-2.2921027226691e-15,0.10521409615628,1.6049367107289e-15,-1.6049359402082e-15,-0.22101229984211,-0.22101205172284,1.6247469326024e-06,1.6247620896115e-06,-1.6049251243019e-15,1.6049273669925e-15,-1.624752145794e-06,-1.6247560399515e-06,-0.22101234584597,-0.22101259398272,-0.080472597607585,1.4716028176906e-17,-7.7416493358737e-18,43.455763077887,-11.926304279382,329.01505510131,100000341.24606,-1.762201534903e-13,0.00289779248182,-0.0043931357045538,-155.96967430217,-9.2551109323922e-07,-401.36361284907,350.45504209892
75.716500000002,7.3061697928877e-15,2.435383916319e-15,1.2359519050937e-36,0.00066057887432355,1.7312258632684,4.939449224085,-1.9929307681971e-32,-2.1359946679142e-12,-1.9890621301127e-15,0.091303662855044,1.3927468437457e-15,-1.3927461750962e-15,-0.19179210057204,-0.19179188525681,1.4099379415652e-06,1.409951094655e-06,-1.3927367891688e-15,1.3927387353517e-15,-1.409942465517e-06,-1.409945844825e-06,-0.1917921404937,-0.19179235582411,-0.0698332560888,3.9567736156658e-18,-2.1359946679142e-18,43.458505260414,-11.9318211129,329.01505510131,100000341.24606,-1.7639362582664e-13,0.0028377525426228,-0.0042927004683875,-151.90948566003,-9.0207290345571e-07,-391.07294212075,341.47744861052
75.816500000002,1.6858313538263e-15,5.619423324171e-16,3.1139671243222e-37,0.00066057887432355,1.7312484750724,4.8724140040779,-5.1591162986033e-33,-5.6795013685876e-13,-1.7260867579448e-15,0.079232338206201,1.2086107556744e-15,-1.2086101754275e-15,-0.16643512541143,-0.16643493856318,1.223529005764e-06,1.2235404198741e-06,-1.2086020304206e-15,1.2086037192971e-15,-1.2235329316008e-06,-1.223535864128e-06,-0.16643516005501,-0.16643534691643,-0.060600549763842,1.0245011211019e-18,-5.6795013685876e-19,43.461242606138,-11.937335549256,329.01505510131,100000341.24606,-1.7650464811784e-13,0.0027776606781601,-0.0041922753184447,-147.84758557973,-8.7858894007953e-07,-380.76951371339,332.48831168322
75.916500000002,3.7415122526973e-16,1.2471673770188e-16,7.5462339758911e-38,0.00066057887432355,1.7312710663627,4.8044458359809,-1.2855687752135e-33,-1.4525427703604e-13,-1.4978795538094e-15,0.068756972297821,1.0488194357011e-15,-1.0488189321691e-15,-0.14443061465025,-0.14443045250534,1.0617653329366e-06,1.0617752379788e-06,-1.0488118640196e-15,1.0488133296085e-15,-1.0617687397356e-06,-1.0617712845512e-06,-0.14443064471358,-0.14443080686991,-0.052588506355845,2.5494867920922e-19,-1.4525427703604e-19,43.463979978003,-11.942847721466,329.01505510131,100000341.24606,-1.7658791483343e-13,0.0027175168311313,-0.0040918602527001,-143.78397304716,-8.5506865603368e-07,-370.45331591613,323.48761977526
76.016500000002,7.9702701059543e-17,2.6567491747286e-17,1.7549977005989e-38,0.00066057887432355,1.7312936371171,4.7355045482788,-3.076788941313e-34,-3.5656644360051e-14,-1.2998437925517e-15,0.059666562247074,9.1015424406895e-16,-9.1015380710926e-16,-0.12533533649627,-0.12533519578866,9.2138855467672e-07,9.2139715016594e-07,-9.1014767344497e-16,9.1014894526731e-16,-9.2139151106028e-07,-9.2139371942394e-07,-0.12533536258491,-0.12533550330243,-0.045635741119757,6.0845413031185e-20,-3.5656644360051e-20,43.466711390573,-11.948354928438,329.01505510131,100000341.24606,-1.7676832606368e-13,0.002657320944134,-0.0039914552691283,-139.71864704667,-8.315022299747e-07,-360.12433700579,314.47536133339
76.116500000002,1.625871950578e-17,5.4195570782028e-18,3.9074412008391e-39,0.00066057887432355,1.7313161873135,4.665547002556,-7.0557475299493e-35,-8.3818413777397e-15,-1.1279904854421e-15,0.051778002017933,7.898220797586e-16,-7.8982170056968e-16,-0.1087646591595,-0.10876453705495,7.995710938699e-07,7.9957855294314e-07,-7.8981637784167e-16,7.8981748151544e-16,-7.995736593878e-07,-7.9957557578208e-07,-0.10876468179894,-0.10876480391209,-0.039602206106729,1.3893510084149e-20,-8.3818413777397e-21,43.469441659058,-11.953860373693,329.01505510131,100000341.24606,-1.7690016503658e-13,0.0025970729596634,-0.0038910603657053,-135.6516065611,-8.0787646265911e-07,-349.78256524685,305.4515247929
76.216500000002,3.1679791118937e-18,1.0559897499718e-18,8.3065418727946e-40,0.00066057887432355,1.7313387169296,4.5945267773713,-1.5463097249591e-35,-1.8820063048564e-15,-9.788580308947e-16,0.044932394158512,6.8539911969794e-16,-6.8539879064186e-16,-0.094384803302731,-0.094384697341713,6.9385920945872e-07,6.9386568236239e-07,-6.8539417163566e-16,6.853951293919e-16,-6.9386143578761e-07,-6.9386309881399e-07,-0.094384822948993,-0.094384928917475,-0.034366369210576,3.0274578924309e-21,-1.8820063048564e-21,43.472170059363,-11.959363283011,329.01505510131,100000341.24606,-1.7708751516072e-13,0.0025367728201125,-0.0037906755404071,-131.58285057181,-7.8421559731202e-07,-339.42798889146,296.41609857755
76.316500000002,5.8795661720649e-19,1.959848989221e-19,1.681096760145e-40,0.00066057887432355,1.7313612259431,4.5223938074626,-3.2293556860751e-36,-4.0250354406086e-16,-8.4944248822411e-16,0.038991849166306,5.9478199625198e-16,-5.9478171070065e-16,-0.081906118801246,-0.081906026849412,6.0212357130187e-07,6.0212918841816e-07,-5.9477770237666e-16,5.9477853350725e-16,-6.0212550328617e-07,-6.021269464426e-07,-0.081906135850061,-0.081906227808372,-0.029822766174557,6.2774898211606e-22,-4.0250354406086e-22,43.474893698452,-11.964859594751,329.01505510131,100000341.24606,-1.7724710970926e-13,0.0024764204677717,-0.0036903007912109,-127.51237805859,-7.6051378285432e-07,-329.06059617938,287.36907109961
76.416500000002,1.0361797978265e-19,3.4539208135003e-20,3.228633265635e-41,0.00066057887432355,1.7313837143318,4.4490939703136,-6.4067481830315e-37,-8.174198956021e-17,-7.3713706995983e-16,0.033836708011694,5.1614542957306e-16,-5.1614518177468e-16,-0.071077250387083,-0.07107717059227,5.2251636956745e-07,5.2252124404066e-07,-5.1614170339417e-16,5.1614242464036e-16,-5.2251804612269e-07,-5.2251929847834e-07,-0.071077265181862,-0.071077344982297,-0.02587987624915,1.234720024854e-22,-8.174198956021e-23,43.47761549256,-11.970356543255,329.01505510131,100000341.24606,-1.7737200978827e-13,0.0024160158448291,-0.0035899361160938,-123.44018799973,-7.3675890123728e-07,-318.68037533799,278.31043075977
76.516500000002,1.7281094772675e-20,5.7603441624455e-21,5.8636316043992e-42,0.00066057887432355,1.7314061820734,4.3745686103816,-1.2032629030331e-37,-1.5709667299041e-17,-6.3967963392667e-16,0.029363131873674,4.4790546140925e-16,-4.4790524637248e-16,-0.061680074657759,-0.061680005412676,4.5343409472518e-07,4.5343832474068e-07,-4.4790222787122e-16,4.4790285376092e-16,-4.5343554962181e-07,-4.5343663640259e-07,-0.061680087496509,-0.06168015674647,-0.022458278710669,2.2956995573063e-23,-1.5709667299041e-23,43.480333965197,-11.975847614109,329.01505510131,100000341.24606,-1.7749690986728e-13,0.0023555588933687,-0.0034895815130334,-119.36627937198,-7.1297505255663e-07,-308.28731458223,269.24016594719
76.616500000002,2.7171512307004e-21,9.0571364318676e-22,1.0031015455033e-42,0.00066057887432355,1.7314286291455,4.2987539890974,-2.1312103215645e-38,-2.8463951685633e-18,-5.5510711743592e-16,0.025481010538401,3.8868754979809e-16,-3.8868736319149e-16,-0.053525306466809,-0.05352524637667,3.9348523842313e-07,3.9348890918517e-07,-3.8868474376851e-16,3.8868528690887e-16,-3.9348650096681e-07,-3.934874440635e-07,-0.053525317608138,-0.05352537770251,-0.019489053107921,4.0193209666876e-24,-2.8463951685633e-24,43.48304848693,-11.981335201226,329.01505510131,100000341.24606,-1.7766344330973e-13,0.0022950495553719,-0.0033892369800091,-115.29065115054,-6.8913340565123e-07,-297.8814021146,260.15826503942
76.716500000002,4.0108948447997e-22,1.3369596113982e-22,1.6094536807852e-43,0.00066057887432355,1.7314510555258,4.2215806459731,-3.544844952653e-39,-4.8418162053216e-19,-4.8171599576569e-16,0.022112147329905,3.3729888198439e-16,-3.3729872004918e-16,-0.046448686196676,-0.046448634051098,3.4146226465558e-07,3.4146545010345e-07,-3.3729644694205e-16,3.3729691827342e-16,-3.4146336027742e-07,-3.4146417868661e-07,-0.046448695865002,-0.046448748014253,-0.016912391013427,6.5981633357344e-25,-4.8418162053216e-25,43.485763873814,-11.986820692081,329.01505510131,100000341.24606,-1.778924267973e-13,0.002234487772716,-0.0032889025149996,-111.21330230912,-6.6524173644775e-07,-287.46262612516,251.06471640242
76.816500000002,5.5325306543722e-23,1.8441691250634e-23,2.410359726196e-44,0.00066057887432355,1.7314734611917,4.1429726526008,-5.5109833113173e-40,-7.6962025120472e-20,-4.1802796845478e-16,0.019188684012455,2.9270434786763e-16,-2.92704207342e-16,-0.040307671115067,-0.040307625863694,2.9631728664325e-07,2.9632005094071e-07,-2.9270223476404e-16,2.9270264378034e-16,-2.9631823741212e-07,-2.9631894761882e-07,-0.040307679505136,-0.040307724759696,-0.014676391316045,1.0107768955159e-25,-7.6962025120472e-26,43.488472254888,-11.992304621049,329.01505510131,100000341.24606,-1.7805202134583e-13,0.0021738734871746,-0.0031885781159856,-107.13423181986,-6.413202931479e-07,-277.03097479149,241.95950839054
76.916500000002,7.094004353099e-24,2.3646576168828e-24,3.3513981305793e-45,0.00066057887432355,1.7314958461208,4.0628467367414,-7.965976546678e-41,-1.1371813681958e-20,-3.6276018223699e-16,0.016651733937748,2.5400569001762e-16,-2.5400556807098e-16,-0.034978564169521,-0.034978524900866,2.5714095949133e-07,2.5714335831899e-07,-2.5400385628901e-16,2.5400421122897e-16,-2.5714178455835e-07,-2.571424008681e-07,-0.034978571450333,-0.034978610721754,-0.012736014788843,1.4372538485627e-26,-1.1371813681958e-26,43.491180325681,-11.997782467574,329.01505510131,100000341.24606,-1.7819773810655e-13,0.0021132066404172,-0.003088263780947,-103.05343865335,-6.1734352291553e-07,-266.58643627865,232.84262934648
77.016500000002,8.4061180820198e-25,2.8020262107824e-25,4.3003030808573e-46,0.00066057887432355,1.7315182102907,3.9811112477362,-1.064307033825e-41,-1.5528138277084e-21,-3.1479939082317e-16,0.014450195904709,2.2042341028191e-16,-2.2042330445793e-16,-0.030354022386175,-0.030353988309258,2.2314416346465e-07,2.2314624514153e-07,-2.2042181899192e-16,2.20422127005e-16,-2.2314487944895e-07,-2.2314541427593e-07,-0.030354028704385,-0.030354062783703,-0.011052176874317,1.8856337807837e-27,-1.5528138277084e-27,43.493883326712,-12.003257740159,329.01505510131,100000341.24606,-1.7835733265509e-13,0.0020524871740102,-0.0029879595078642,-98.970921778651,-5.9331729671998e-07,-256.12899873917,223.71406760127
77.116500000003,9.1445435959154e-26,3.0481660584833e-26,5.0577627459147e-47,0.00066057887432355,1.7315405536787,3.8976649266251,-1.305655723664e-42,-1.9465768193423e-22,-2.7317953103767e-16,0.012539724839773,1.9128106853409e-16,-1.9128097670117e-16,-0.026340894684958,-0.026340865113375,1.936421089306e-07,1.9364391538744e-07,-1.9127968762972e-16,1.9127995492016e-16,-1.9364273025408e-07,-1.9364319437119e-07,-0.026340900167833,-0.026340929741499,-0.0095909604131576,2.2672260636764e-28,-1.9465768193423e-28,43.496584854247,-12.008728309719,329.01505510131,100000341.24606,-1.7853774388535e-13,0.001991715029413,-0.0028876652947197,-94.886680163268,-5.6925383774341e-07,-245.65865031308,214.57381147428
77.216500000003,9.0643154352485e-27,3.0214225687943e-27,5.4109402830808e-48,0.00066057887432355,1.7315628762623,3.8123954339321,-1.4596843509386e-43,-2.2234640985294e-23,-2.3706226363023e-16,0.010881838564278,1.6599165729605e-16,-1.6599157760444e-16,-0.022858345558843,-0.022858319896941,1.6804054279927e-07,1.6804211042312e-07,-1.6599045896207e-16,1.6599069091385e-16,-1.6804108197712e-07,-1.6804148473296e-07,-0.022858350316823,-0.022858375980533,-0.0083229324587192,2.4792702099978e-29,-2.2234640985294e-29,43.499283409224,-12.014199327012,329.01505510131,100000341.24606,-1.7870427732779e-13,0.0019308901479808,-0.0027873811394958,-90.800712773152,-5.4514575945574e-07,-235.17537912779,205.42184927317
77.316500000003,8.1171959566837e-28,2.7057168541555e-28,5.2197519539037e-49,0.00066057887432355,1.7315851780189,3.725177574071,-1.4744872512994e-44,-2.2944929498197e-24,-2.057200868016e-16,0.0094431426568001,1.4404577778161e-16,-1.4404570862608e-16,-0.019836226822844,-0.019836204553722,1.4582377862035e-07,1.4582513898749e-07,-1.4404473788025e-16,1.4404493916551e-16,-1.458242465131e-07,-1.458245960203e-07,-0.019836230951769,-0.01983625322246,-0.0072225514159532,2.4443360525346e-30,-2.2944929498197e-30,43.501978565328,-12.019665058686,329.01505510131,100000341.24606,-1.7887081077024e-13,0.0018700124709655,-0.0026871070401751,-86.713018572692,-5.2098832568263e-07,-224.67917329814,196.25816929391
77.416500000003,6.5032030105473e-29,2.167721435696e-29,4.4951906088659e-50,0.00066057887432355,1.7316074589259,3.6358711362712,-1.3326603268382e-45,-2.1183298254595e-25,-1.785216823023e-16,0.0081946577970206,1.2500137919403e-16,-1.250013191816e-16,-0.017213664635283,-0.017213645310377,1.265443092297e-07,1.265454897417e-07,-1.2500047677879e-16,1.2500065145198e-16,-1.26544715262e-07,-1.2654501856059e-07,-0.017213668218319,-0.017213687544586,-0.0062676525629423,2.1511567041156e-31,-2.1183298254595e-31,43.504671668674,-12.02512665442,329.01505510131,100000341.24606,-1.7907203868221e-13,0.001809081939511,-0.0025868429947412,-82.623596524718,-4.9678104171001e-07,-214.17002092637,187.08275982071
77.516500000003,4.6089543875197e-30,1.5363083767686e-30,3.4163665985496e-51,0.00066057887432355,1.7316297189605,3.5443182456621,-1.0655916003522e-46,-1.7300323953749e-26,-1.5491919893451e-16,0.0071112360419456,1.0847485459865e-16,-1.0847480252051e-16,-0.014937833330013,-0.014937816560068,1.098137927156e-07,1.0981481715124e-07,-1.0847407149239e-16,1.0847422307191e-16,-1.0981414506608e-07,-1.0981440826534e-07,-0.014937836439334,-0.014937853210461,-0.0054390015920119,1.6705575955007e-32,-1.7300323953749e-32,43.507363162557,-12.030585983211,329.01505510131,100000341.24606,-1.7926632770027e-13,0.0017480984946567,-0.0024865890011784,-78.532445590508,-4.7252875160924e-07,-203.64791010209,177.89560912604
77.616500000003,2.8519879961164e-31,9.5065621237743e-32,2.2609611843996e-52,0.00066057887432355,1.7316519581,3.4503400814257,-7.4398591662612e-48,-1.2336303790163e-27,-1.3443721731162e-16,0.006171054276684,9.4133314016746e-17,-9.4133268823896e-17,-0.012962891361197,-0.012962876808419,9.5295230137111e-08,9.5296119131356e-08,-9.4132634445547e-17,9.4132765984627e-17,-9.5295535903066e-08,-9.5295764304562e-08,-0.012962894059432,-0.012962908613236,-0.0047199071775001,1.1296139976923e-33,-1.2336303790163e-33,43.510050302887,-12.0360432032,329.01505510131,100000341.24606,-1.7947449450614e-13,0.0016870620773375,-0.0023863450574711,-74.439564729756,-4.4823074499072e-07,-193.11282890223,168.69670547062
77.716500000003,1.5174508121419e-32,5.0581325554809e-33,1.2827554601884e-53,0.00066057887432355,1.7316741763217,3.3537327667379,-4.4666955326175e-49,-7.5637558118076e-29,-1.1666317359498e-16,0.0053551746364702,8.1687879099362e-17,-8.1687839881492e-17,-0.011249057927603,-0.011249045298858,8.2696177431949e-08,8.269694889161e-08,-8.1687289374773e-17,8.1687403522974e-17,-8.2696442772362e-08,-8.2696640976727e-08,-0.011249060269103,-0.011249072898737,-0.004095884766229,6.54778195098e-35,-7.5637558118076e-35,43.512732020351,-12.041495074174,329.01505510131,100000341.24606,-1.796340890547e-13,0.0016259726283798,-0.002286111161605,-70.344952900597,-4.2388748403258e-07,-182.56476539107,159.48603710337
77.816500000003,6.8180276934031e-34,2.2726581013e-34,6.1250037491865e-55,0.00066057887432355,1.7316963736027,3.2542621597484,-2.2646703963485e-50,-3.9162204118664e-30,-1.0123904931552e-16,0.0046471630456156,7.0887864317248e-17,-7.0887830284402e-17,-0.0097618116770894,-0.0097618007179999,7.1762854783151e-08,7.176352424756e-08,-7.0887352560583e-17,7.0887451617165e-17,-7.1763085042712e-08,-7.1763257042332e-08,-0.0097618137090172,-0.0097618246688787,-0.0035543648184862,3.1941099001485e-36,-3.9162204118664e-36,43.515413310802,-12.046943912003,329.01505510131,100000341.24606,-1.7981450028495e-13,0.0015648300885033,-0.0021858873115658,-66.248609059584,-3.9950416006858e-07,-172.00370762019,150.26359226144
77.916500000003,2.5318334305936e-35,8.4393734148425e-36,2.407901938171e-56,0.00066057887432355,1.7317185499203,3.1516571635843,-9.4900683101859e-52,-1.6758261109998e-31,-8.7854159890187e-17,0.0040327581897068,6.1515727459985e-17,-6.1515697926647e-17,-0.0084711953509569,-0.0084711858407767,6.227503479064e-08,6.2275615744666e-08,-6.1515283363046e-17,6.1515369323285e-17,-6.2275234607415e-08,-6.2275383866838e-08,-0.008471197114242,-0.0084712066250921,-0.003084439622681,1.2828081533433e-37,-1.6758261109998e-37,43.518092574405,-12.052389163843,329.01505510131,100000341.24606,-1.7996021704571e-13,0.0015036343983235,-0.0020856735053402,-62.150532161686,-3.7506453343405e-07,-161.42964362842,141.02935917017
78.016500000003,7.5716376233315e-37,2.5238560719693e-37,7.5901608478186e-58,0.00066057887432355,1.7317407052515,3.045601005736,-3.2027182693425e-53,-5.7752270414581e-33,-7.6238896573947e-17,0.003499584253234,5.3382687733342e-17,-5.3382662104628e-17,-0.0073512123617887,-0.0073512041089565,5.4041606481436e-08,5.4042110627101e-08,-5.3382302350787e-17,5.338237694616e-17,-5.4041779880287e-08,-5.4041909406012e-08,-0.0073512138919487,-0.0073512221453623,-0.0026766435838223,4.1309164618587e-39,-5.7752270414581e-39,43.520769022905,-12.057833906163,329.01505510131,100000341.24606,-1.8009899491254e-13,0.0014423854983469,-0.0019854697409151,-58.050721160308,-3.5059017547571e-07,-150.84256144191,131.78332604311
78.116500000003,1.7668609122718e-38,5.8894775585488e-39,1.8575254626258e-59,0.00066057887432355,1.7317628395734,2.9357196784974,-8.4338393775473e-55,-1.5529839843974e-34,-6.6159295792917e-17,0.0030369016363893,4.6324923191215e-17,-4.6324900950892e-17,-0.006379303150176,-0.0063792959884568,4.6896725805335e-08,4.689716329753e-08,-4.6324588760372e-17,4.6324653493435e-17,-4.6896876278996e-08,-4.6896988680029e-08,-0.0063793044780324,-0.0063793116402561,-0.0023227625602182,1.0327694199853e-40,-1.5529839843974e-40,43.523441940305,-12.063271450612,329.01505510131,100000341.24606,-1.802238949916e-13,0.0013810833289737,-0.0018852760162783,-53.949175007249,-3.2606101751223e-07,-140.24244907397,122.52548108201
78.216500000003,3.0939139551286e-40,1.0312933688468e-40,3.3913299614751e-61,0.00066057887432355,1.7317849528631,2.821566321876,-1.666541005955e-56,-3.133705350284e-36,-5.7412326469982e-17,0.0026353906297817,4.0200270907896e-17,-4.0200251607983e-17,-0.0055358907727083,-0.0055358845578453,4.0696475076408e-08,4.0696854727436e-08,-4.0199980692401e-17,4.0200036867058e-17,-4.0696605655835e-08,-4.0696703196244e-08,-0.0055358919250078,-0.0055358981403086,-0.0020156684079121,1.9262878368355e-42,-3.133705350284e-42,43.526112439695,-12.068709973291,329.01505510131,100000341.24606,-1.8040430622188e-13,0.0013197278304961,-0.0017850923294185,-49.845892652729,-3.014867868536e-07,-129.62929452519,113.25581247684
78.316500000003,3.8706909133226e-42,1.2902147386147e-42,4.3932967081923e-63,0.00066057887432355,1.7318070450977,2.7025996593037,-2.3526720552731e-58,-4.5177652507876e-38,-4.9821800416574e-17,0.0022869636896763,3.4885363423003e-17,-3.4885346674745e-17,-0.0048039865681115,-0.0048039811749202,3.5315964072192e-08,3.5316293529278e-08,-3.4885111577113e-17,3.4885160324877e-17,-3.5316077387617e-08,-3.5316162032137e-08,-0.0048039875680647,-0.004803992961636,-0.0017491754001207,2.549436713679e-44,-4.5177652507876e-44,43.528779409084,-12.074141477621,329.01505510131,100000341.24606,-1.8056390077041e-13,0.0012583189430989,-0.0016849186783243,-45.740873045383,-2.7686709045155e-07,-119.00308578332,103.97430840585
78.416500000003,3.2489234671029e-44,1.082959968053e-44,3.7872021085534e-65,0.00066057887432355,1.7318291162539,2.5781534589954,-2.2281499792786e-60,-4.3697822190002e-40,-4.3234823414563e-17,0.0019846025324645,3.0273143779136e-17,-3.0273129245178e-17,-0.0041688479585564,-0.0041688432784028,3.064681439871e-08,3.0647100298031e-08,-3.0272925229978e-17,3.0272967532764e-17,-3.0646912732619e-08,-3.0646986186224e-08,-0.0041688488263049,-0.0041688535067882,-0.0015179156295636,2.2454760832348e-46,-4.3697822190002e-46,43.531443480433,-12.079571518465,329.01505510131,100000341.24606,-1.807373731068e-13,0.001196856606858,-0.0015847550609853,-41.63411513223,-2.5219642192362e-07,-108.36381082328,94.680957035606
78.516500000003,1.6849996619445e-46,5.6165810418865e-47,1.9972764240093e-67,0.00066057887432355,1.7318511663089,2.4473919845366,-1.3037237043152e-62,-2.6115909075921e-42,-3.7518715503236e-17,0.0017222167669929,2.6270709098245e-17,-2.6270696485833e-17,-0.0036176814933085,-0.0036176774319214,2.6594976449433e-08,2.6595224549794e-08,-2.6270519443632e-17,2.6270556153536e-17,-2.6595061782543e-08,-2.6595125524793e-08,-0.0036176822463313,-0.0036176863080045,-0.0013172308839437,1.2100868739866e-48,-2.6115909075921e-48,43.534106102193,-12.084999890869,329.01505510131,100000341.24606,-1.8086921207975e-13,0.0011353407617425,-0.0014846014753916,-37.525617858703,-2.2748043668365e-07,-97.711457607142,85.375746521169
78.616500000003,4.833383817323e-49,1.6111004241906e-49,5.7545569572038e-70,0.00066057887432355,1.7318731952395,2.3092426724458,-4.2183312089991e-65,-8.6325968276293e-45,-3.2558338437405e-17,0.0014945212172174,2.2797439260347e-17,-2.2797428315431e-17,-0.0031393851531968,-0.0031393816287687,2.3078834985722e-08,2.3079050284551e-08,-2.2797274680111e-17,2.2797306536571e-17,-2.3078909036879e-08,-2.3078964351719e-08,-0.0031393858066619,-0.0031393893313383,-0.0011430788166493,3.5633401173812e-51,-8.6325968276293e-51,43.536764393804,-12.09042301777,329.01505510131,100000341.24606,-1.810079899466e-13,0.0010737713476116,-0.0013844579195343,-33.415380168636,-2.0272219429547e-07,-87.046014084112,76.058665006324
78.716500000003,6.5731928170278e-52,2.1910211616872e-52,7.739197069695e-73,0.00066057887432355,1.7318952030225,2.1622899526163,-6.4692361532661e-68,-1.352854674525e-47,-2.825377648425e-17,0.001296929464119,1.9783372991022e-17,-1.9783363493141e-17,-0.0027243247251982,-0.0027243216667374,2.0027565179873e-08,2.0027752013885e-08,-1.978323017006e-17,1.9783257814754e-17,-2.0027629440671e-08,-2.0027677442296e-08,-0.0027243252922683,-0.0027243283509446,-0.00099195152269766,4.8992193699096e-54,-1.352854674525e-53,43.539421318909,-12.095841705693,329.01505510131,100000341.24606,-1.8120227896468e-13,0.0010121483042161,-0.0012843243914045,-29.303401004228,-1.7790876095509e-07,-76.367468190472,66.729700624071
78.816500000003,3.3898381810469e-55,1.1299199483247e-55,3.8673240157471e-76,0.00066057887432355,1.7319171896348,2.0045986832883,-3.7606504413609e-71,-8.0396654781078e-51,-2.4518323843727e-17,0.0011254614625223,1.7167798647573e-17,-1.7167790405414e-17,-0.0023641397427037,-0.0023641370886043,1.7379706006919e-08,1.7379868139469e-08,-1.7167674709075e-17,1.7167698698844e-17,-1.737976177175e-08,-1.7379803427044e-08,-0.002364140234801,-0.0023641428890874,-0.00086080487981269,2.5038620919631e-57,-8.0396654781078e-57,43.542074481386,-12.101260131359,329.01505510131,100000341.24606,-1.8138269019497e-13,0.0009504715711973,-0.0011842008889943,-25.189679306103,-1.5305355961601e-07,-65.675807849622,57.388841497627
78.916500000003,4.7111559607186e-59,1.570341570833e-59,5.0652906312957e-80,0.00066057887432355,1.7319391550532,1.8334000774673,-5.8874592434252e-75,-1.2875679519412e-54,-2.1276738153605e-17,0.00097666337196154,1.4898031318388e-17,-1.4898024165931e-17,-0.0020515750825645,-0.0020515727793655,1.5081922249365e-08,1.5082062946251e-08,-1.4897923765891e-17,1.4897944583954e-17,-1.5081970641487e-08,-1.5082006789504e-08,-0.0020515755096013,-0.0020515778129625,-0.00074699723137093,3.356367877393e-61,-1.2875679519412e-60,43.54472499156,-12.106672858844,329.01505510131,100000341.24606,-1.8152840695573e-13,0.0008887410880879,-0.0010840874102963,-21.074214013249,-1.2814792182324e-07,-54.971020971989,48.036075742582
79.016500000004,1.0064795511714e-63,3.3548148765602e-64,9.7969288270285e-85,0.00066057887432355,1.7319610992544,1.6444809900017,-1.4151927320393e-79,-3.1697887449233e-59,-1.8463724899893e-17,0.00084753798676818,1.2928351602903e-17,-1.2928345396078e-17,-0.0017803348268179,-0.0017803328281265,1.3087930178183e-08,1.3088052273429e-08,-1.2928258270001e-17,1.2928276335693e-17,-1.3087972172346e-08,-1.3088003541207e-08,-0.0017803351973958,-0.0017803371962279,-0.00064823617612073,6.6517584852976e-66,-3.1697887449233e-65,43.547374253755,-12.112085408416,329.01505510131,100000341.24606,-1.8163942924698e-13,0.00082695679431064,-0.00098398395330332,-16.957004063037,-1.03198396628e-07,-44.25309545505,38.671391472265
79.116500000004,1.1883158352837e-69,3.9608697004023e-70,9.8308070796043e-91,0.00066057887432355,1.731983022215,1.4308394482075,-1.8757054773057e-85,-4.3125887211069e-65,-1.6022622204484e-17,0.00073548436404693,1.1219084696244e-17,-1.1219079310027e-17,-0.0015449554454612,-0.0015449537110183,1.1357565270316e-08,1.1357671223259e-08,-1.1219003702953e-17,1.1219019380167e-17,-1.13576017124e-08,-1.135762893396e-08,-0.0015449557670447,-0.0015449575016098,-0.0005625323928717,6.8552686730066e-72,-4.3125887211069e-71,43.550018646481,-12.117489159253,329.01505510131,100000341.24606,-1.8181984047728e-13,0.00076511862917771,-0.00088389051600943,-12.838048391217,-7.8193272586379e-08,-33.522019183282,29.294776813484
79.216500000004,8.6812037885985e-78,2.8935383090332e-78,5.445111250386e-99,0.00066057887432355,1.7320049239119,1.1791129049041,-1.5300175578885e-93,-3.6304666504407e-73,-1.390425949799e-17,0.00063824543348223,9.7358012287683e-18,-9.7357965546675e-18,-0.0013406957458258,-0.0013406942406949,9.8559731839421e-09,9.8560651287691e-09,-9.7357309436607e-18,9.7357445481784e-18,-9.8560048079914e-09,-9.8560284305695e-09,-0.0013406960248926,-0.0013406975301295,-0.00048815957005618,3.9211777079814e-80,-3.6304666504407e-79,43.552659821691,-12.12289219492,329.01505510131,100000341.24606,-1.8197943502584e-13,0.00070322653189112,-0.00078380709640923,-8.7173459319183,-5.3144113348992e-08,-22.777780028169,19.906219966923
79.316500000004,7.1843653237866e-91,2.3944891169154e-91,2.6029136633848e-112,0.00066057887432355,1.7320268043216,0.856349737325,-1.3875752073424e-106,-3.4620378425649e-86,-1.2065967088293e-17,0.00055386253369069,8.4486237632043e-18,-8.4486197070698e-18,-0.0011634413718247,-0.0011634400656882,8.5529076954966e-09,8.5529874842301e-09,-8.4485627705426e-18,8.4485745763969e-18,-8.552935138507e-09,-8.5529556379265e-09,-0.0011634416139958,-0.0011634429202243,-0.00042361963303291,1.9731123667735e-93,-3.4620378425649e-92,43.555300437074,-12.12829354664,329.01505510131,100000341.24606,-1.8213209068052e-13,0.00064128044154331,-0.00068373369249748,-4.59489561763,-2.8044474719866e-08,-12.020365848142,10.505709592397
79.416500000004,1.8283726649779e-128,6.0902382103033e-129,5.6187619678251e-151,0.00066057887432355,1.7320486634206,0.27637730570176,-2.9237755912341e-144,-1.0147032270237e-123,-1.0470714496741e-17,0.00048063585937872,7.3316234552578e-18,-7.3316199353885e-18,-0.0010096217194139,-0.0010096205859629,7.422119913075e-09,7.4221891528668e-09,-7.3315705264919e-18,7.3315807714834e-18,-7.4221437278198e-09,-7.4221615169923e-09,-0.0010096219295673,-0.0010096230630981,-0.00036761249365936,6.0022252208674e-132,-1.0147032270237e-129,43.55793665652,-12.13369324169,329.01505510131,100000341.24606,-1.8236107416815e-13,0.0005792802971151,-0.00058367030226981,-0.47069637923134,-2.9104354147838e-09,-1.2497644886043,1.0932551108041
79.516500000004,1.7161761062147e-100,5.7217201926154e-101,7.5402882365023e-122,0.00066057887432355,1.7320705061566,0,5.0538010246075e-116,1.0985434324731e-95,-9.0863709595637e-18,0.00041709051623391,6.3623022546401e-18,-6.3622992001362e-18,-0.00087613863163608,-0.0008761376480398,6.4408340861125e-09,6.4408941716428e-09,-6.3622563236388e-18,6.3622652141298e-18,-6.4408547522863e-09,-6.4408701895347e-09,-0.00087613881400494,-0.00087613979767051,-0.00031901008044642,4.9666197102395e-103,1.0985434324731e-101,-4.4809060478511e-12,0,329.01505510131,100000341.24606,-1.8272189664868e-13,0.00051723463871588,-0.00048361692372262,3.6546810153215,1.1279774544712e-08,9.5310467113892,8.3285418364223
79.616500000004,1.0651736591205e-82,3.5508913358315e-83,1.0726670910415e-103,0.00066057887432355,1.7320923417174,0,3.3771699419597e-98,7.8562216279406e-78,-7.8850551491765e-18,0.00036194667126608,5.521137578118e-18,-5.5211349274524e-18,-0.00076030369654931,-0.00076030284299502,5.5892866581943e-09,5.5893387997723e-09,-5.5210977196883e-18,5.5211054347609e-18,-5.589304592078e-09,-5.5893179883564e-09,-0.00076030385480705,-0.00076030470842146,-0.00027683352227766,7.5702217730883e-85,7.8562216279406e-84,-4.4803262375596e-12,0,329.01505510131,100000341.24606,-1.83165985858e-13,0.00045515934900221,-0.00038357355485221,7.7801786322025,2.4043435928957e-08,20.3165409735,17.754624694502
79.716500000004,4.295692173103e-73,1.4319790134108e-73,7.4296197420941e-94,0.00066057887432355,1.7321141702744,0,1.5285714449625e-88,3.6508898120009e-68,-6.8425661886625e-18,0.00031409343473811,4.791183904266e-18,-4.7911816040468e-18,-0.00065978338371758,-0.00065978264301233,4.8503229441708e-09,4.8503681920722e-09,-4.7911493155487e-18,4.7911560106059e-18,-4.8503385070025e-09,-4.850350132149e-09,-0.00065978352105195,-0.00065978426180937,-0.00024023315799171,5.3861606069302e-75,3.6508898120009e-74,-4.4799891180631e-12,0,329.01505510131,100000341.24606,-1.8357538059777e-13,0.00039305471405095,-0.00028354019365638,11.905776170748,3.6822909774616e-08,31.10661196732,27.184930627461
79.816500000004,1.736343499009e-66,5.7880569844042e-67,4.5777367836207e-87,0.00066057887432355,1.7321359918185,0,6.9944554797509e-82,1.7005155155377e-61,-5.9379054629843e-18,0.00027256690992761,4.1577379443463e-18,-4.1577359482408e-18,-0.00057255293563023,-0.00057255229285417,4.2090581681401e-09,4.2090974337832e-09,-4.1577079286289e-18,4.1577137385276e-18,-4.2090716733984e-09,-4.2090817615757e-09,-0.00057255305480751,-0.00057255369762885,-0.0002084717548794,3.379306111917e-68,1.7005155155377e-67,-4.4792454228057e-12,0,329.01505510131,100000341.24606,-1.8404722538269e-13,0.00033092070774662,-0.00018351683813321,16.031474089261,4.9625331587915e-08,41.901261695561,36.619460661013
79.916500000004,1.8809307651202e-61,6.2699816327834e-62,7.0812768269801e-82,0.00066057887432355,1.7321578063407,0,8.6051047188512e-77,2.122754632758e-56,-5.1528505994956e-18,0.00023653063760926,3.6080403422764e-18,-3.6080386100775e-18,-0.00049685528946135,-0.00049685473166719,3.6525754814077e-09,3.652609555711e-09,-3.6080142949591e-18,3.6080193367268e-18,-3.6525872011257e-09,-3.6525959555377e-09,-0.00049685539288212,-0.00049685595071558,-0.00018090955031277,5.3055424848189e-63,2.122754632758e-62,-4.4798261199939e-12,0,329.01505510131,100000341.24606,-1.8442886454687e-13,0.00026875730393652,-8.3503486280893e-05,20.157272846454,6.2441369851019e-08,52.700492163034,46.058216624333
80.016500000004,2.1830906824588e-57,7.2771749831749e-58,1.1262237069882e-77,0.00066057887432355,1.7321796138318,0,1.1360448312831e-72,2.839109054439e-52,-4.4715884188864e-18,0.00020525874744921,3.1310186658579e-18,-3.1310171626743e-18,-0.00043116568495801,-0.00043116520091023,3.1696657813773e-09,3.1696953506919e-09,-3.1309960622757e-18,3.1310004374676e-18,-3.1696759516228e-09,-3.1696835486075e-09,-0.00043116577470544,-0.00043116625878733,-0.00015699136515305,8.5506231491686e-59,2.839109054439e-58,-4.4806376159869e-12,0,329.01505510131,100000341.24606,-1.8485907596837e-13,0.00020656447643024,1.6499863900994e-05,24.283172901468,7.5269109472674e-08,63.504305376648,55.501200468821
80.116500000004,5.5571538017837e-54,1.8524297797154e-54,3.818359284815e-74,0.00066057887432355,1.7322014142829,0,3.2922614881834e-69,8.3281154900389e-49,-3.8803964139531e-18,0.00017812133696615,2.717064377325e-18,-2.7170630728784e-18,-0.00037416095154557,-0.0003741605314941,2.7506019291796e-09,2.7506275891133e-09,-2.717044762179e-18,2.7170485589236e-18,-2.7506107548095e-09,-2.7506173473912e-09,-0.00037416102942743,-0.00037416144950849,-0.00013623542090513,2.9350834558964e-55,8.3281154900389e-55,-4.4798585857517e-12,0,329.01505510131,100000341.24606,-1.8522683734474e-13,0.00014434219899865,0.0001164932144132,28.409174713871,8.8107552896542e-08,74.312703345431,64.948414180655
80.216500000004,4.7167269588563e-51,1.5722760812284e-51,4.2277808220382e-71,0.00066057887432355,1.7322232076847,0,3.1829807752949e-66,8.1455332491238e-46,-3.367366340297e-18,0.00015457178355071,2.357839290781e-18,-2.3578381587962e-18,-0.00032469285600759,-0.00032469249149144,2.3869428181539e-09,2.3869650855688e-09,-2.357822268968e-18,2.3578255637421e-18,-2.3869504769407e-09,-2.3869561979124e-09,-0.00032469292359264,-0.00032469328813447,-0.0001182236353643,3.2884368981038e-52,8.1455332491238e-52,-4.4799398840542e-12,0,329.01505510131,100000341.24606,-1.8558072093329e-13,8.209044537794e-05,0.0002164765672543,32.535278743661,1.0096713509216e-07,85.125688080521,74.399859759867
80.316500000004,1.7421194447258e-48,5.8071764352817e-49,2.0049837848781e-68,0.00066057887432355,1.7322449940282,0,1.3396052437915e-63,3.4669011766593e-43,-2.9221643512998e-18,0.00013413573397211,2.0461076180403e-18,-2.0461066357161e-18,-0.00028176497388859,-0.00028176465756539,2.0713633465806e-09,2.0713826700041e-09,-2.0460928466937e-18,2.0460957058634e-18,-2.0713699927935e-09,-2.0713749573913e-09,-0.00028176503253816,-0.00028176534888365,-0.00010259320128268,1.5774818226805e-49,3.4669011766593e-49,-4.4805711638913e-12,0,329.01505510131,100000341.24606,-1.8598317677918e-13,1.9809189265202e-05,0.00031644992442496,36.661485451277,1.1384847037557e-07,95.943261595189,83.855539213601
80.416500000004,3.3516741178756e-46,1.1172441786297e-46,4.8913428907944e-66,0.00066057887432355,1.7322667733041,0,2.9374729010017e-61,7.6861750269517e-41,-2.5358228458309e-18,0.00011640154959028,1.7755902198134e-18,-1.775589367363e-18,-0.0002445126187457,-0.00024451234424382,1.7975068698444e-09,1.7975236385039e-09,-1.7755774013975e-18,1.7755798825542e-18,-1.7975126373567e-09,-1.7975169455813e-09,-0.00024451266964117,-0.00024451294416239,-8.9029278426398e-05,3.8917832256647e-47,7.6861750269517e-47,-4.479998399307e-12,0,329.01505510131,100000341.24606,-1.8633706036773e-13,-4.2501595680358e-05,0.00041641328792229,40.78779529756,1.2674708689062e-07,106.76542590479,93.315454553394
80.516500000004,3.8143691661533e-44,1.2714766938521e-44,6.9876938698611e-64,0.00066057887432355,1.7322885455035,0,3.8108870342906e-59,1.0079901807497e-38,-2.2005598359236e-18,0.00010101201481357,1.5408381264504e-18,-1.5408373867031e-18,-0.00021218542496883,-0.00021218518675905,1.5598571600061e-09,1.5598717116688e-09,-1.5408270027667e-18,1.5408291558878e-18,-1.5598621649913e-09,-1.5598659036224e-09,-0.00021218546913537,-0.00021218570736194,-7.7258651821238e-05,5.6213674255209e-45,1.0079901807497e-44,-4.4809592174998e-12,0,329.01505510131,100000341.24606,-1.8682278294046e-13,-0.00010484193583665,0.00051636665974363,44.914208743792,1.3964724285041e-07,117.59218302681,102.77960779405
80.616500000004,2.8187903555179e-42,9.3961065189904e-43,6.4283122609487e-62,0.00066057887432355,1.7323103106171,0,3.2108203146931e-57,8.5838388779282e-37,-1.9096221959833e-18,8.7657141787291e-05,1.3371227806e-18,-1.3371221386553e-18,-0.00018413223333895,-0.00018413202662306,1.3536272936931e-09,1.3536399214697e-09,-1.3371131275868e-18,1.3371149960422e-18,-1.3536316369655e-09,-1.3536348813094e-09,-0.00018413227166621,-0.00018413247839666,-6.7044228446375e-05,5.2279689718434e-43,8.5838388779282e-43,-4.4805920852435e-12,0,329.01505510131,100000341.24606,-1.8725993325588e-13,-0.00016721185761898,0.00061631004188783,49.040726251705,1.52572159852e-07,128.42353498091,112.24800095298
80.716500000004,1.4513347804185e-40,4.8378490528535e-41,4.0915227543231e-60,0.00066057887432355,1.7323320686358,0,1.8850196304497e-55,5.0929764436345e-35,-1.657149636134e-18,7.6067926379837e-05,1.1603407909683e-18,-1.1603402338955e-18,-0.00015978797487797,-0.00015978779549214,1.1746632302049e-09,1.1746741884538e-09,-1.160332414187e-18,1.1603340356126e-18,-1.17466699925e-09,-1.1746698146568e-09,-0.00015978800813795,-0.00015978818753642,-5.8180261524238e-05,3.3635893435458e-41,5.0929764436345e-41,-4.4798786602685e-12,0,329.01505510131,100000341.24606,-1.8764851131395e-13,-0.00022961138748197,0.00071624343635018,53.167348283444,1.6551715933054e-07,139.25948378884,121.72063604996
80.816500000004,5.4979504262472e-39,1.8326737136617e-39,1.9046430123728e-58,0.00066057887432355,1.7323538195503,0,8.1429123516173e-54,2.2232598885366e-33,-1.4380566597495e-18,6.6010929694347e-05,1.0069312786525e-18,-1.0069307952307e-18,-0.0001386622887944,-0.0001386621331253,1.0193601376275e-09,1.0193696470782e-09,-1.0069240093716e-18,1.0069254164273e-18,-1.0193634083644e-09,-1.0193658515442e-09,-0.00013866231765705,-0.00013866247333711,-5.0488206210564e-05,1.58262236061e-39,2.2232598885366e-39,-4.479445223119e-12,0,329.01505510131,100000341.24606,-1.8807178384155e-13,-0.0002920405519168,0.00081616684512696,57.294075301596,1.7848057388858e-07,150.10003147449,131.1975151069
80.916500000004,1.5997312981328e-37,5.3325022166654e-38,6.7752547943587e-57,0.00066057887432355,1.7323755633515,0,2.7019995417966e-52,7.4545572543695e-32,-1.2479301274653e-18,5.72835759628e-05,8.7380415117753e-19,-8.738037316693e-19,-0.00012032964525888,-0.00012032951017091,8.8458978153486e-10,8.845980337341e-10,-8.7379784297367e-19,8.7379906400148e-19,-8.8459261984523e-10,-8.8459474001041e-10,-0.00012032967030558,-0.00012032980540307,-4.3813123206716e-05,5.689916903672e-38,7.4545572543695e-38,-4.4808829043731e-12,0,329.01505510131,100000341.24606,-1.8846036189963e-13,-0.00035449937745247,0.0009160802702139,61.420907769166,1.9145574660479e-07,160.9451800639,140.67864014776
81.016500000005,3.7009875723215e-36,1.233676645082e-36,1.907748401322e-55,0.00066057887432355,1.7323973000302,0,7.1291627152132e-51,1.9873661174001e-30,-1.0829403643295e-18,4.9710072108965e-05,7.5827785947505e-19,-7.5827749543031e-19,-0.00010442077405484,-0.00010442065682695,7.6763751368295e-10,7.6764467485283e-10,-7.5827238528348e-19,7.582734448783e-19,-7.676399767382e-10,-7.6764181659478e-10,-0.0001044207957901,-0.00010442091302625,-3.8020557853079e-05,1.619176430899e-36,1.9873661174001e-36,-4.478893869011e-12,0,329.01505510131,100000341.24606,-1.8889751221506e-13,-0.00041698789065714,0.0010159837136053,65.547846149608,2.044439739863e-07,171.79493158522,150.16401319848
81.116500000005,7.0025237508559e-35,2.3341999446132e-35,4.3760068615929e-54,0.00066057887432355,1.7324190295772,0,1.5384292839155e-49,4.3331160517416e-29,-9.3976401954178e-19,4.313786678896e-05,6.5802538405799e-19,-6.5802506814388e-19,-9.0615226453586e-05,-9.061512472448e-05,6.6614759147556e-10,6.6615380586189e-10,-6.5802063361333e-19,6.5802155311834e-19,-6.6614972888846e-10,-6.6615132549624e-10,-9.0615245315208e-05,-9.061534705148e-05,-3.299383183981e-05,3.7533937893284e-35,4.3331160517416e-35,-4.4786765100899e-12,0,329.01505510131,100000341.24606,-1.8931384584875e-13,-0.00047950611813621,0.0011158771772958,69.674890906823,2.1745637818621e-07,182.6492880688,159.65363628696
81.216500000005,1.1091046320007e-33,3.6970537009664e-34,8.3734865096776e-53,0.00066057887432355,1.7324407519832,0,2.7791614244231e-48,7.9086754430536e-28,-8.1551712496389e-19,3.7434577584659e-05,5.7102736240305e-19,-5.7102708825618e-19,-7.8634920489308e-05,-7.8634832209882e-05,5.7807572678368e-10,5.780811195614e-10,-5.7102324001819e-19,5.7102403795476e-19,-5.7807758160764e-10,-5.7807896712673e-10,-7.8634936857221e-05,-7.8635025142866e-05,-2.8631692982525e-05,7.2578664611888e-34,7.9086754430536e-34,-4.4796589793421e-12,0,329.01505510131,100000341.24606,-1.8968160722512e-13,-0.00054205408653373,0.0012157606632789,73.802042505119,2.3047931350657e-07,193.50825154712,169.14751144304
81.316500000005,1.4994246167139e-32,4.9981314774959e-33,1.3633989565512e-51,0.00066057887432355,1.732462467239,0,4.2854653990851e-47,1.2320870665372e-26,-7.0769700401346e-19,3.2485324455138e-05,4.9553141339643e-19,-4.9553117549472e-19,-6.823853961814e-05,-6.8238463010203e-05,5.0164790832054e-10,5.0165258811514e-10,-4.9552783603511e-19,4.955285284759e-19,-5.0164951791686e-10,-5.0165072025545e-10,-6.8238553822039e-05,-6.8238630435374e-05,-2.484627572286e-05,1.1941752718012e-32,1.2320870665372e-32,-4.4800590013697e-12,0,329.01505510131,100000341.24606,-1.900701852832e-13,-0.00060463182253198,0.0013156341735477,77.929301409258,2.4351552413087e-07,204.37182405477,178.64564069841
81.416500000005,1.7589271116365e-31,5.863145917585e-32,1.9208930882746e-50,0.00066057887432355,1.7324841753353,0,5.7340981788734e-46,1.6655211550349e-25,-6.1413186082611e-19,2.8190415734463e-05,4.3001683952466e-19,-4.3001663307611e-19,-5.9216671934572e-05,-5.9216605455026e-05,4.3532466814083e-10,4.3532872921633e-10,-4.3001373512892e-19,4.300143360216e-19,-4.3532606493123e-10,-4.3532710830775e-10,-5.9216684260563e-05,-5.9216750744792e-05,-2.1561331272766e-05,1.7001167400737e-31,1.6655211550349e-31,-4.4799912459347e-12,0,329.01505510131,100000341.24606,-1.9047958002299e-13,-0.00066723935285115,0.0014154977100947,82.056668084459,2.5657866885436e-07,215.24000762858,188.1480260867
81.516500000005,1.8156100688666e-30,6.0520886317309e-31,2.3754482780707e-49,0.00066057887432355,1.7325058762629,0,6.7514026817827e-45,1.9811185220173e-24,-5.3293703427147e-19,2.446334006543e-05,3.7316399581483e-19,-3.7316381666099e-19,-5.1387592035668e-05,-5.1387534345432e-05,3.7777007249242e-10,3.7777359665014e-10,-3.7316130185354e-19,3.7316182330175e-19,-3.7777128461213e-10,-3.7777219004307e-10,-5.138760273203e-05,-5.138766042633e-05,-1.8710691752738e-05,2.1244237852762e-30,1.9811185220173e-30,-4.4799811363203e-12,0,329.01505510131,100000341.24606,-1.9084734139936e-13,-0.00072987670425052,0.0015153512749114,86.184142996348,2.6965388262423e-07,226.11280430747,197.65466964344
81.616500000005,1.6690586100146e-29,5.5635774315012e-30,2.6102038611879e-48,0.00066057887432355,1.7325275700125,0,7.0795568763194e-44,2.0986742970706e-23,-4.6247703565813e-19,2.1229023821215e-05,3.2382770852977e-19,-3.23827553062e-19,-4.4593600568128e-05,-4.4593550505161e-05,3.278248124105e-10,3.2782787063672e-10,-3.238253707391e-19,3.2382582324626e-19,-3.2782586427497e-10,-3.2782664999821e-10,-4.4593609850317e-05,-4.4593659916811e-05,-1.623693738745e-05,2.3587448214037e-29,2.0986742970706e-29,-4.4796300861741e-12,0,329.01505510131,100000341.24606,-1.9123591945746e-13,-0.0007925439035271,0.0016151948699894,90.311726611002,2.8273895843531e-07,236.99021613257,207.165573406
81.716500000005,1.3807465889264e-28,4.6025275152992e-29,2.5757094554136e-47,0.00066057887432355,1.7325492565747,0,6.6806596888447e-43,2.0006587992737e-22,-4.0133260546157e-19,1.8422318914603e-05,2.810142081973e-19,-2.8101407328403e-19,-3.8697847726539e-05,-3.8697804282434e-05,2.8448285202405e-10,2.8448550591993e-10,-2.8101217948765e-19,2.8101257216851e-19,-2.8448376482075e-10,-2.8448444666294e-10,-3.8697855781523e-05,-3.8697899228688e-05,-1.409023991245e-05,2.3518325344363e-28,2.0006587992737e-28,-4.4785904788161e-12,0,329.01505510131,100000341.24606,-1.9165919198507e-13,-0.00085524097751758,0.001715028497319,94.439419394957,2.9585463534732e-07,247.87224514715,216.68073941367
81.816500000005,1.0372566841559e-27,3.457550509864e-28,2.3037012032224e-46,0.00066057887432355,1.7325709359404,0,5.7249198700371e-42,1.7319322387782e-21,-3.4827212550643e-19,1.5986690535066e-05,2.4386111234053e-19,-2.4386099526425e-19,-3.3581576719255e-05,-3.3581539018927e-05,2.4687116420706e-10,2.468734672294e-10,-2.4385935184808e-19,2.4385969261231e-19,-2.4687195632223e-10,-2.4687254801756e-10,-3.3581583709283e-05,-3.3581621412267e-05,-1.2227358894902e-05,2.1253556724703e-27,1.7319322387782e-27,-4.4792953810824e-12,0,329.01505510131,100000341.24606,-1.9204083114925e-13,-0.00091796795309636,0.0018148521588905,98.567221815162,3.0897507188625e-07,258.75889339667,226.20016970761
81.916500000005,7.1324423316802e-27,2.3774995673079e-27,1.8826929056255e-45,0.00066057887432355,1.7325926081001,0,4.4906105443344e-41,1.3723615376565e-20,-3.0222681076528e-19,1.3873078381104e-05,2.116200547063e-19,-2.1161995310876e-19,-2.9141731677697e-05,-2.9141698961757e-05,2.1423214539411e-10,2.1423414393217e-10,-2.1161852696986e-19,2.116188226814e-19,-2.1423283278315e-10,-2.1423334625001e-10,-2.9141737743569e-05,-2.9141770461814e-05,-1.0610770751506e-05,1.7549899696736e-26,1.3723615376565e-26,-4.4784057178291e-12,0,329.01505510131,100000341.24606,-1.9245022588906e-13,-0.00098072485717684,0.0019146658566931,102.69513433904,3.2212156854589e-07,269.65016292878,235.72386633088
82.016500000005,4.5207489741689e-26,1.5069278712621e-26,1.4159783579426e-44,0.00066057887432355,1.7326142730446,0,3.2468854914324e-40,1.0023659024555e-19,-2.622691810679e-19,1.2038908449882e-05,1.8364161109608e-19,-1.8364152293083e-19,-2.528888182573e-05,-2.5288853435188e-05,1.8590835534631e-10,1.8591008965618e-10,-1.836402853428e-19,1.836405419581e-19,-1.8590895185514e-10,-1.8590939743616e-10,-2.5288887089628e-05,-2.5288915482169e-05,-9.2079129196056e-06,1.3336315061486e-25,1.0023659024555e-25,-4.4804796107739e-12,0,329.01505510131,100000341.24606,-1.9283880394715e-13,-0.0010435117167114,0.0020144695927159,106.82315743442,3.3527336458247e-07,280.54605579326,245.2518313284
82.116500000005,2.6576375725817e-25,8.8588578123631e-26,9.8628707798065e-44,0.00066057887432355,1.7326359307645,0,2.1774427406436e-39,6.7904300328705e-19,-2.2759437908191e-19,1.0447235478901e-05,1.5936221816391e-19,-1.5936214165505e-19,-2.1945420096128e-05,-2.1945395459121e-05,1.6132927448394e-10,1.6133077949942e-10,-1.5936106768945e-19,1.5936129037746e-19,-1.613297921279e-10,-1.6133017879833e-10,-2.1945424664083e-05,-2.1945449302825e-05,-7.9905279569822e-06,9.3855907261419e-25,6.7904300328705e-25,-4.4789994980424e-12,0,329.01505510131,100000341.24606,-1.9317880974791e-13,-0.0011063285586914,0.0021142633689466,110.95129156963,3.4844723711872e-07,291.44657404215,254.78406674701
82.216500000005,1.4571063098472e-24,4.8570561608057e-25,6.3982832121913e-43,0.00066057887432355,1.7326575812504,0,1.3618871136082e-38,4.2902085177128e-18,-1.975039582568e-19,9.0659987660817e-06,1.3829282168972e-19,-1.3829275529615e-19,-1.9043999909302e-05,-1.9043978529572e-05,1.3999981204197e-10,1.4000111807824e-10,-1.3829182332034e-19,1.3829201656659e-19,-1.4000026124783e-10,-1.4000059679628e-10,-1.9044003873324e-05,-1.904402525456e-05,-6.9340943587081e-06,6.1517150387689e-24,4.2902085177128e-24,-4.4787898892979e-12,0,329.01505510131,100000341.24606,-1.9353269333648e-13,-0.0011691754101467,0.0022140471873734,115.07953721339,3.6164122041304e-07,302.35171972961,264.3205746354
82.316500000005,7.4875439874115e-24,2.4958655661807e-24,3.885272383074e-42,0.00066057887432355,1.7326792244929,0,7.9834793384404e-38,2.5404590168735e-17,-1.7139181417597e-19,7.867376378428e-06,1.2000902567278e-19,-1.2000896805715e-19,-1.6526178626647e-05,-1.6526160073547e-05,1.2149033357078e-10,1.2149146693504e-10,-1.2000815929855e-19,1.2000832699557e-19,-1.2149072338681e-10,-1.2149101457215e-10,-1.6526182066582e-05,-1.6526200620989e-05,-6.0173326261182e-06,3.7741969925448e-23,2.5404590168735e-23,-4.4782610134053e-12,0,329.01505510131,100000341.24606,-1.9390739360677e-13,-0.0012320522981464,0.0023138210499834,119.20789483489,3.7484281774991e-07,313.26149491204,273.8613570442
82.416500000005,3.622122725718e-23,1.2073825247373e-23,2.2183906649281e-41,0.00066057887432355,1.7327008604828,0,4.4057782410185e-37,1.4161903072116e-16,-1.4873197593507e-19,6.8272247412317e-06,1.0414254382084e-19,-1.0414249382262e-19,-1.4341240353929e-05,-1.4341224253748e-05,1.0542800690844e-10,1.0542899042977e-10,-1.0414179199059e-19,1.0414193751627e-19,-1.054283451866e-10,-1.0542859787411e-10,-1.4341243339068e-05,-1.4341259440383e-05,-5.2217766387662e-06,2.1772469506284e-22,1.4161903072116e-22,-4.4788180987546e-12,0,329.01505510131,100000341.24606,-1.9429597166486e-13,-0.0012949592497987,0.0024135849587627,123.33636490378,3.8807320482561e-07,324.17590164801,283.4064160259
82.516500000005,1.6561320442971e-22,5.5204770917247e-23,1.1958577127869e-40,0.00066057887432355,1.7327224892106,0,2.2980764976061e-36,7.46172212871e-16,-1.2906801163117e-19,5.924592319587e-06,9.0373781244158e-20,-9.0373737856238e-20,-1.244517438266e-05,-1.2445160411096e-05,9.1489292308257e-11,9.1490145797506e-11,-9.0373128813938e-20,9.0373255099559e-20,-9.1489585862413e-11,-9.1489805141921e-11,-1.2445176973131e-05,-1.244519094568e-05,-4.5314016955967e-06,1.1858022851801e-21,7.46172212871e-22,-4.478548692019e-12,0,329.01505510131,100000341.24606,-1.9467761082903e-13,-0.0013578962922515,0.0025133389156972,127.46494789014,4.01316728039e-07,335.09494199829,292.95575363489
82.616500000005,7.1829194405295e-22,2.394322126564e-22,6.1086164637984e-40,0.00066057887432355,1.7327441106668,0,1.1370607950596e-35,3.7293295909207e-15,-1.1200383456006e-19,5.141297596341e-06,7.8425396929207e-20,-7.8425359277636e-20,-1.0799788692308e-05,-1.0799776567935e-05,7.9393425452265e-11,7.939416610107e-11,-7.8424830757268e-20,7.8424940346573e-20,-7.9393680195409e-11,-7.9393870483811e-11,-1.0799790940292e-05,-1.0799803065519e-05,-3.9323017330024e-06,6.1197765684356e-21,3.7293295909207e-21,-4.4791301589345e-12,0,329.01505510131,100000341.24606,-1.9504537220542e-13,-0.0014208634526911,0.0026130829227724,131.59364426451,4.1457803828746e-07,346.01861802589,302.50937192748
82.716500000005,2.9648442919259e-21,9.8828774282615e-22,2.9667202502194e-39,0.00066057887432355,1.7327657248422,0,5.3542744553487e-35,1.7738517694427e-14,-9.719572493304e-20,4.4615628454953e-06,6.8056717322551e-20,-6.8056684648922e-20,-9.3719406562062e-06,-9.3719301348051e-06,6.8896762080161e-11,6.8897404807241e-11,-6.8056226004621e-20,6.8056321105044e-20,-6.8896983143526e-11,-6.8897148273758e-11,-9.3719426069821e-06,-9.3719531291243e-06,-3.4124092178207e-06,3.0027992971226e-20,1.7738517694427e-20,-4.477822201092e-12,0,329.01505510131,100000341.24606,-1.9544088915741e-13,-0.0014838607583439,0.0027128169819729,135.72245449786,4.2784157280955e-07,356.94693179596,312.06727296188
82.816500000005,1.168127319386e-20,3.8937820594069e-21,1.3740377183903e-38,0.00066057887432355,1.7327873317271,0,2.4066206353212e-34,8.0536227984087e-14,-8.4345406408327e-20,3.8716963229849e-06,5.9058888498869e-20,-5.9058860145044e-20,-8.1328694527978e-06,-8.1328603224392e-06,5.9787870319114e-11,5.9788428070773e-11,-5.9058462138445e-20,5.9058544665571e-20,-5.9788062155529e-11,-5.9788205453771e-11,-8.1328711456604e-06,-8.1328802766621e-06,-2.9612520721928e-06,1.4050851694266e-19,8.0536227984087e-20,-4.47795901171e-12,0,329.01505510131,100000341.24606,-1.9587803947281e-13,-0.0015468882364749,0.0028125410952827,139.85137906165,4.4113624535407e-07,367.87988537594,321.62945879819
82.916500000006,4.4049934761019e-20,1.4683401403697e-20,6.0857151463131e-38,0.00066057887432355,1.7328089313123,0,1.0353422119127e-33,3.4997099170856e-13,-7.3194037979416e-20,3.3598164681887e-06,5.1250669264444e-20,-5.12506446593e-20,-7.0576167244623e-06,-7.0576088012363e-06,5.1883271860237e-11,5.1883755871137e-11,-5.1250299273447e-20,5.12503708896e-20,-5.1883438333818e-11,-5.1883562686494e-11,-7.057618193511e-06,-7.0576261172952e-06,-2.5697427302368e-06,6.2873462567535e-19,3.4997099170856e-19,-4.4788151385036e-12,0,329.01505510131,100000341.24606,-1.9623886195528e-13,-0.0016099459143895,0.0029122552646856,143.98041842778,4.544466409474e-07,378.81748083545,331.19593149845
83.016500000006,1.5938455806542e-19,5.3128504429172e-20,2.5841386608784e-37,0.00066057887432355,1.7328305235882,0,4.273743097906e-33,1.4592130747045e-12,-6.35170002003e-20,2.9156125410193e-06,4.4474780457538e-20,-4.4474759105458e-20,-6.1245237727638e-06,-6.1245168970778e-06,4.5023746197266e-11,4.5024166216728e-11,-4.4474459383324e-20,4.4474521531053e-20,-4.5023890661251e-11,-4.5023998573168e-11,-6.1245250475913e-06,-6.1245319237616e-06,-2.2299950625937e-06,2.6972486398546e-18,1.4592130747045e-18,-4.4788577372241e-12,0,329.01505510131,100000341.24606,-1.9662744001336e-13,-0.0016730338194323,0.0030119594921644,148.10957306857,4.677764251401e-07,389.75972024631,340.76669312659
83.116500000006,5.5460388267395e-19,1.8486904720956e-19,1.0544368217534e-36,0.00066057887432355,1.7328521085453,0,1.6965662125265e-32,5.851148641928e-12,-5.5119370727702e-20,2.5301367990575e-06,3.859473691046e-20,-3.8594718381354e-20,-5.3147950065881e-06,-5.3147890399599e-06,3.9071123484557e-11,3.9071487972936e-11,-3.8594458285704e-20,3.8594512216836e-20,-3.9071248848852e-11,-3.9071342493655e-11,-5.3147961128813e-06,-5.3148020799299e-06,-1.9351654252162e-06,1.1119184738482e-17,5.851148641928e-18,-4.4787826267458e-12,0,329.01505510131,100000341.24606,-1.9703683475316e-13,-0.0017361519789878,0.003111653779701,152.23884345683,4.8111475549666e-07,400.70660568259,350.34174574846
83.216500000006,1.8597956739043e-18,6.1993546543586e-19,4.1433724485389e-36,0.00066057887432355,1.7328736861743,0,6.4905451774016e-32,2.2610464864972e-11,-4.7831998045197e-20,2.1956237614641e-06,3.3492098260262e-20,-3.3492082180903e-20,-4.6121182886496e-06,-4.612113110944e-06,3.3905501413667e-11,3.3905817712768e-11,-3.3491856472691e-20,3.3491903273548e-20,-3.3905610203456e-11,-3.390569146741e-11,-4.6121192487232e-06,-4.6121244267936e-06,-1.679314428813e-06,4.4141949418091e-17,2.2610464864972e-17,-4.478203974449e-12,0,329.01505510131,100000341.24606,-1.9744622949298e-13,-0.0017993004204798,0.0032113381292773,156.36823006582,4.9447771279501e-07,411.6581392206,359.92109143186
83.316500000006,6.0218670748361e-18,2.0073003866964e-18,1.5709827300502e-35,0.00066057887432355,1.7328952564655,0,2.3976082739479e-31,8.4365064028397e-11,-4.1508094283179e-20,1.9053319894362e-06,2.9064083231791e-20,-2.9064069278296e-20,-4.0023325801432e-06,-4.0023280872482e-06,2.9422830048603e-11,2.9423104529567e-11,-2.9063873411133e-20,2.9063914024414e-20,-2.9422924455214e-11,-2.9422994975201e-11,-4.0023334134488e-06,-4.0023379066604e-06,-1.4572859418454e-06,1.6908775621676e-16,8.4365064028397e-17,-4.4785209173439e-12,0,329.01505510131,100000341.24606,-1.9783480755107e-13,-0.001862479171372,0.0033110125428747,160.49773336925,5.0785299134892e-07,422.61432293884,369.50473224646
83.416500000006,1.8860436327157e-17,6.2868470658894e-18,5.7578839878217e-35,0.00066057887432355,1.7329168194094,0,8.5671551445503e-31,3.0449162430676e-10,-3.6020278504585e-20,1.6534020666981e-06,2.5221499338113e-20,-2.522148722942e-20,-3.4731296150702e-06,-3.473125717131e-06,2.5532815971367e-11,2.5533054163e-11,-2.5221317257999e-20,2.5221352501769e-20,-2.5532897896411e-11,-2.5532959092898e-11,-3.4731303387921e-06,-3.4731342370059e-06,-1.2645985236772e-06,6.2610194110441e-16,3.0449162430676e-16,-4.4787303390843e-12,0,329.01505510131,100000341.24606,-1.9816093556402e-13,-0.0019256882591686,0.0034106770224733,164.62735384129,5.2125222704672e-07,433.57515891809,379.09267026391
83.516500000006,5.7230704949571e-17,1.9077005906582e-17,2.0434295355e-34,0.00066057887432355,1.7329383749966,0,2.9660150485348e-30,1.0647917691695e-09,-3.1258010899963e-20,1.4347177127279e-06,2.1886946296759e-20,-2.1886935788965e-20,-3.013762155004e-06,-3.0137587757254e-06,2.2157103520532e-11,2.2157310220673e-11,-2.1886788289591e-20,2.1886818873756e-20,-2.2157174614205e-11,-2.2157227719859e-11,-3.0137627850858e-06,-3.0137661646027e-06,-1.097339382067e-06,2.2448197305132e-15,1.0647917691695e-15,-4.4782869751213e-12,0,329.01505510131,100000341.24606,-1.985425747282e-13,-0.0019889277114133,0.0035103315700534,168.75709195656,5.3466511074819e-07,444.54064924134,388.68490755777
83.616500000006,1.6848857416165e-16,5.6163159836823e-17,7.0329856821607e-34,0.00066057887432175,1.7329599232176,0,9.9644478777451e-30,3.6132298466602e-09,-2.7125366209362e-20,1.2447349278409e-06,1.8993256973525e-20,-1.8993247854974e-20,-2.6146850911661e-06,-2.6146821699e-06,1.9227696484992e-11,1.9227875857154e-11,-1.8993119856601e-20,1.8993146397211e-20,-1.9227758179318e-11,-1.9227804263834e-11,-2.6146856448351e-06,-2.614688566308e-06,-9.5203428322519e-07,7.8054791598643e-15,3.6132298466602e-15,-4.4790797471386e-12,0,329.01505510131,100000341.24606,-1.9893809168019e-13,-0.002052197555691,0.0036099761875942,172.88694819011,5.4808551613676e-07,455.51079599374,398.28144620346
83.716500000006,4.8169959041501e-16,1.6056737827031e-16,2.3508940313143e-33,0.00066057887431727,1.7329814640627,0,3.2530742700954e-29,1.1914774328628e-08,-2.3539101521343e-20,1.0791763681176e-06,1.6482144449959e-20,-1.6482136536979e-20,-2.2669134472049e-06,-2.2669109492084e-06,1.6685588452215e-11,1.668574410945e-11,-1.6482025461366e-20,1.6482048493022e-20,-1.6685641989888e-11,-1.6685681981536e-11,-2.2669139502533e-06,-2.2669164484289e-06,-8.2541561607417e-07,2.6359026589628e-14,1.1914774328628e-14,-4.4783378619532e-12,0,329.01505510131,100000341.24606,-1.993336086322e-13,-0.0021154978196243,0.0037096108770744,177.01692301744,5.6154050650516e-07,466.4856012626,407.88228827825
83.816500000006,1.3366686962598e-15,4.4555854058255e-16,7.6423320538551e-33,0.00066057887430329,1.7330029975223,0,1.033404688954e-28,3.823052975816e-08,-2.0426979528431e-20,9.332873685498e-07,1.4303027962163e-20,-1.4303021095363e-20,-1.9604595770584e-06,-1.9604575281824e-06,1.4479574194641e-11,1.4479709272316e-11,-1.4302924705139e-20,1.4302944691763e-20,-1.4479620654058e-11,-1.447965535838e-11,-1.9604600856041e-06,-1.9604621346347e-06,-7.138588530119e-07,8.6567967695154e-14,3.823052975816e-14,-4.4779515578026e-12,0,329.01505510131,100000341.24606,-1.9972218669028e-13,-0.0021788285308809,0.0038092356404722,181.1470169143,5.7499970302131e-07,477.46506713704,417.48743586097
83.916500000006,3.5807078266059e-15,1.1935752844128e-15,2.4191613772593e-32,0.00066057887426008,1.733024523587,0,3.1982948534133e-28,1.1951022189879e-07,-1.772631346249e-20,7.9977107974701e-07,1.2412014060482e-20,-1.2412008101547e-20,-1.6799956997226e-06,-1.6799942932373e-06,1.2565218070708e-11,1.2565335289653e-11,-1.2411924455146e-20,1.2411941799323e-20,-1.2565258387688e-11,-1.2565288503722e-11,-1.6799963647603e-06,-1.6799977713769e-06,-6.1181937691659e-07,2.7684058231112e-13,1.1951022189879e-13,-4.4775185411462e-12,0,329.01505510131,100000341.24606,-2.0006219249105e-13,-0.0022421897171707,0.0039088504797655,185.27723035647,5.8848173426312e-07,488.44919570717,427.0968910313
84.016500000006,9.0492335454937e-15,3.0164253784865e-15,7.4655224877619e-32,0.00066057887412817,1.7330460422471,0,9.6546958551732e-28,3.6439339329871e-07,-1.5382704394638e-20,6.6289237419236e-07,1.0771012463392e-20,-1.0771007292295e-20,-1.3924685259485e-06,-1.3924684379842e-06,1.0903958427561e-11,1.0904060148872e-11,-1.0770934704846e-20,1.0770949755935e-20,-1.0903993414194e-11,-1.0904019548556e-11,-1.3924697811465e-06,-1.3924698692159e-06,-5.0736913338331e-07,8.63092552952e-13,3.6439339329871e-13,-4.4784620071592e-12,0,329.01505510131,100000341.24606,-2.004091371857e-13,-0.0023055814062578,0.0040084553969308,189.40756381874,6.0198428004588e-07,499.43798906158,436.71065586756
84.116500000006,1.9580038515718e-14,6.5267027110402e-15,2.2484812451479e-31,0.00066057887373294,1.733067553493,0,2.8457627239117e-27,1.0848623935763e-06,-1.3348945447968e-20,4.8177039366328e-07,9.3469687841963e-21,-9.3469642967776e-21,-1.0120034747323e-06,-1.0120067696439e-06,9.4623293117414e-12,9.462417584308e-12,-9.3469013061701e-21,9.3469143673396e-21,-9.4623596727356e-12,-9.4623823518241e-12,-1.0120065709048e-06,-1.0120032760569e-06,-3.6954759204885e-07,2.6261370116193e-12,1.0848623935763e-12,-4.4779783510607e-12,0,329.01505510131,100000341.24606,-2.0076995966817e-13,-0.0023690036259817,0.0041080503939446,193.53801777224,6.1550475990267e-07,510.43144928008,446.32873244034
84.216500000006,1.7016002445482e-14,5.6719495722094e-15,6.616053418742e-31,0.0006605788725735,1.733089057315,0,8.1985497584229e-27,3.15686372715e-06,-1.1584070804017e-20,1.4387901544898e-07,8.1111986427018e-21,-8.1111947485804e-21,-3.0222745601197e-07,-3.0224012339655e-07,8.2112820218543e-12,8.2113586235608e-12,-8.1111400860104e-21,8.1111514203417e-21,-8.2113083687112e-12,-8.2113280492926e-12,-3.0223594910244e-07,-3.0222328169018e-07,-1.1315179676391e-07,7.8065077937396e-12,3.15686372715e-12,-4.4779561143599e-12,0,329.01505510131,100000341.24606,-2.0113078215064e-13,-0.0024324564043262,0.0042076354727828,197.66859267684,6.290416781485e-07,521.42957841351,455.95112279489
84.316500000006,-2.2280261342689e-13,-7.4268541411832e-14,1.9037442768649e-30,0.00066057886924767,1.7331105537032,0,2.3108123585509e-26,8.9872135004062e-06,-1.0052530224084e-20,-6.6176038745202e-07,7.0388096627482e-21,-7.0388062835058e-21,1.3901032095656e-06,1.3900643005704e-06,7.1255880471969e-12,7.1256545205306e-12,-7.0387588479229e-21,7.0387686837019e-21,-7.125610910463e-12,-7.1256279888064e-12,1.3900794035192e-06,1.390118312782e-06,4.9729956104896e-07,2.2693151526728e-11,8.9872135004062e-12,-4.4782561322398e-12,0,329.01505510131,100000341.24606,-2.0150548242093e-13,-0.0024959397695963,0.0043072106354206,201.79928896047,6.4261569828824e-07,532.43237842858,465.57782890278
84.416500000006,-2.6123902269902e-12,-8.7080592926505e-13,5.3618142730479e-30,0.00066057885990577,1.7331320426472,0,6.3777519230518e-26,2.505348925205e-05,-8.723472140485e-21,-2.7833901703339e-06,6.1081994907096e-21,-6.1081965583336e-21,5.8468117205683e-06,5.8467001520892e-06,6.1832988025473e-12,6.1833564851198e-12,-6.1081553942671e-21,6.1081639295633e-21,-6.1833186423281e-12,-6.1833334620149e-12,5.8467455001299e-06,5.8468570695412e-06,2.1042031840917e-06,6.4569138127117e-11,2.505348925205e-11,-4.4774715833398e-12,0,329.01505510131,100000341.24606,-2.018732437973e-13,-0.0025594537509059,0.0044067758838326,205.93010696363,6.5625421795374e-07,543.43985105971,475.20885253229
84.516500000006,-2.177974615902e-11,-7.2599872991741e-12,1.4793762209972e-29,0.00066057883419467,1.7331535241356,0,1.7250782832553e-25,6.8445973367837e-05,-7.5701200756271e-21,-8.4939341196676e-06,5.3006191623854e-21,-5.3006166179544e-21,1.7842415738333e-05,1.7842106414505e-05,5.3652189740047e-12,5.3652690240331e-12,-5.3005808962824e-21,5.3005883028862e-21,-5.3652361887714e-12,-5.3652490471565e-12,1.7842234482789e-05,1.7842543809394e-05,6.429165316009e-06,1.7997704663801e-10,6.8445973367837e-11,-4.4782405079094e-12,0,329.01505510131,100000341.24606,-2.0218549402244e-13,-0.0026229983794416,0.0045063312199929,210.06104679346,6.7002071719648e-07,554.45199741962,484.84419490765
84.616500000006,-1.6332425250929e-10,-5.4441942640614e-11,4.001821049304e-29,0.00066057876481096,1.7331749981537,0,4.5764623894297e-25,0.00018340229696589,-6.5692278422765e-21,-2.3771127110109e-05,4.5997916327078e-21,-4.5997894253456e-21,4.9933781127585e-05,4.9932943437276e-05,4.6543013767342e-12,4.654344792548e-12,-4.5997584266303e-21,4.5997648533837e-21,-4.6543163101435e-12,-4.6543274631446e-12,4.9933293932692e-05,4.9934131630817e-05,1.8000660906025e-05,4.9183409991967e-10,1.8340229696589e-10,-4.47669373218e-12,0,329.01505510132,100000341.24607,-2.0253243871709e-13,-0.0026865736917243,0.0046058766458749,214.19210794826,6.841135745313e-07,565.4688169963,494.4838558312
84.716500000006,-1.1573501368029e-09,-3.8578703983973e-10,1.0621287681119e-28,0.00066057858107613,1.7331964646793,0,1.1916612159147e-24,0.00048234539182402,-5.7005977203393e-21,-6.4048716521623e-05,3.9915744017632e-21,-3.9915724879652e-21,0.0001345411287328,0.00013453890506526,4.0347492792408e-12,4.0347869095842e-12,-3.9915455880543e-21,3.9915511635243e-21,-4.0347622239611e-12,-4.034771888137e-12,0.00013453984293284,0.00013454206662175,4.8512383186164e-05,1.3187278936255e-09,4.8234539182402e-10,-4.4774061324778e-12,0,329.01505510133,100000341.24607,-2.027475444276e-13,-0.0027501797378466,0.0047054121634512,218.32328836728,6.9898740024838e-07,576.49030511421,504.12783146165
84.816500000006,-7.8634656360852e-09,-2.6211797626657e-09,2.7678760133877e-28,0.00066057810330278,1.7332179236705,0,3.0477614538094e-24,0.0012459623081332,-4.9466403581559e-21,-0.00016846622058198,3.4636513564119e-21,-3.4636497000274e-21,0.0003538811570877,0.00035387536234809,3.490316816862e-12,3.4903493532735e-12,-3.4636263577111e-21,3.463631191986e-21,-3.4903280126625e-12,-3.4903363618284e-12,0.00035387782371394,0.00035388361851086,0.00012762349544524,3.4715992923735e-09,1.2459623081332e-09,-4.4779040425816e-12,0,329.01505510135,100000341.24609,-2.0307367244059e-13,-0.002813816601909,0.0048049377746947,222.45458207043,7.1584508773173e-07,587.51644662486,513.77610879213
84.916500000007,-5.1495659554156e-08,-1.7165378727897e-08,7.0869204448753e-28,0.00066057688254841,1.7332393750375,0,7.66126051296e-24,0.0031631141646481,-4.2919403981046e-21,-0.00043456971196328,3.0052286200268e-21,-3.0052271935965e-21,0.00091285970018271,0.00091284486279103,3.0005975668986e-12,3.0006254964139e-12,-3.0052069402655e-21,3.0052111252651e-21,-3.0006071861347e-12,-3.0006143356876e-12,0.00091285120710518,0.00091286604464719,0.0003292629476232,8.9787720758366e-09,3.1631141646481e-09,-4.4771725131164e-12,0,329.0150551014,100000341.24615,-2.0331653372676e-13,-0.0028774844518605,0.0049044534815763,226.58597339456,7.3757141667032e-07,598.54720049304,523.42865216028
85.016500000007,-3.2580301366992e-07,-1.0860199832269e-07,1.7839537550665e-27,0.00066057381595873,1.7332608185736,0,1.8939952825116e-23,0.0078961907019344,-3.7227563416319e-21,-0.0011013899753031,2.6066843563615e-21,-2.606683145452e-21,0.0023135861548033,0.0023135488038811,2.5324586485133e-12,2.5324821142995e-12,-2.6066655770008e-21,2.6066691838161e-21,-2.5324667524493e-12,-2.5324727150115e-12,0.002313564876963,0.0023136022282737,0.00083461424555987,2.2827132199681e-08,7.8961907019344e-09,-4.4768636183309e-12,0,329.01505510153,100000341.24628,-2.0360796727025e-13,-0.0029411836589938,0.0050039592860674,230.71742315632,7.7114632210602e-07,609.58246277655,533.08537084742
85.116500000007,-1.9938918930769e-06,-6.6463664411773e-07,4.417524593471e-27,0.0006605662390611,1.7332822537945,0,4.6075096803396e-23,0.019389683093325,-3.2263018255845e-21,-0.0027449504057984,2.2590655166943e-21,-2.2590645309908e-21,0.0057660584065704,0.0057659659322822,2.020034169581e-12,2.0200526161499e-12,-2.2590493028455e-21,2.2590523726671e-21,-2.0200405965395e-12,-2.020045170373e-12,0.005766005973088,0.0057660984483592,0.0020803590842533,5.7068082203125e-08,1.9389683093325e-08,-4.4767313533841e-12,0,329.01505510185,100000341.24662,-2.0388552302607e-13,-0.0030049150796132,0.0051034551901384,234.84883599471,8.3308652679935e-07,620.62197921552,542.74604257358
85.216500000007,-1.1808389373892e-05,-3.9361649849368e-06,1.0766474228738e-26,0.00066054782243521,1.733303679564,0,1.1035389530877e-22,0.046836616065036,-2.789474042892e-21,-0.0067299016113168,1.9531974752073e-21,-1.9531967748137e-21,0.014136868796818,0.014136643632741,1.3182440836773e-12,1.3182554013807e-12,-1.9531836023531e-21,1.9531861232228e-21,-1.3182481787385e-12,-1.3182506798774e-12,0.014136741715829,0.014136966882348,0.0051011847398358,1.4029878548676e-07,4.6836616065036e-08,-4.476829004034e-12,0,329.01505510263,100000341.24743,-2.0414920099425e-13,-0.0030686807069478,0.0052029411957598,238.9799846863,9.6172207874728e-07,631.66514256727,552.41013611291
85.316500000007,-6.7618379031058e-05,-2.2539658557217e-05,2.5838060991606e-26,0.00066050380263063,1.7333250932483,0,2.6033477359445e-22,0.11121446890506,-2.3962986286762e-21,-0.016229568446033,1.6778949283275e-21,-1.6778946839188e-21,0.03409191994166,0.034091381225682,9.6050859886455e-14,9.6049379571184e-14,-1.6778833535877e-21,1.6778852058164e-21,-9.6050840650171e-14,-9.6049476303464e-14,0.03409161728193,0.034092156003856,0.012303524742524,3.389421472184e-07,1.1121446890506e-07,-4.4777569293099e-12,0,329.01505510451,100000341.24938,-2.0444757343242e-13,-0.0031324851475467,0.0053024173049002,243.11033851154,1.2434145760267e-06,642.71053281072,562.07640884408
85.416500000007,-0.00037314999261736,-0.00012438441004965,6.1075270096842e-26,0.00066040049540634,1.7333464888583,0,6.0509652748479e-22,0.25901576811914,-2.022511615549e-21,-0.03845569622264,1.4161681585342e-21,-1.416168785726e-21,0.080780239732743,0.080778976571225,-2.4052062243981e-12,-2.4052343393642e-12,-1.4161591887045e-21,1.416160021804e-21,2.4052147261464e-12,2.4052242955737e-12,0.080779533314019,0.080780796489691,0.029157465497067,8.0281410842643e-07,2.5901576811914e-07,-4.4779887307085e-12,0,329.01505510892,100000341.25394,-2.0466267914489e-13,-0.0031963388636605,0.0054018835195287,247.23868578689,1.8643568982822e-06,653.75490547269,571.74202123306
85.516500000007,-0.0019677078750883,-0.00065590817443214,1.4219746771856e-25,0.00066016341106216,1.7333678531794,0,1.3856939897957e-21,0.58844166034933,-1.6239266886299e-21,-0.089260756351052,1.1370777404074e-21,-1.1370801936365e-21,0.18750160174674,0.18749871743922,-7.9100488769148e-12,-7.9101360333154e-12,-1.1370724078785e-21,1.1370713705489e-21,7.9100761095153e-12,7.9101040131645e-12,0.18749999629295,0.18750288063297,0.067691141972813,1.8539317815932e-06,5.8844166034936e-07,-4.4771139262199e-12,0,329.01505511906,100000341.26441,-2.0499574605605e-13,-0.0032602649301916,0.0055013398416127,251.36234598267,3.1922849832703e-06,664.79107893049,581.40068755596
85.616500000007,-0.009732067453121,-0.0032440487762952,3.2591486865402e-25,0.0006596361195757,1.7333891585109,0,3.1248580281108e-21,1.2887556555637,-1.1116697165746e-21,-0.20157548930086,7.7839366146473e-22,-7.7840006121293e-22,0.42343044388811,0.42342411678475,-2.0283978051357e-11,-2.0284198275198e-11,-7.7839453657544e-22,7.783897000449e-22,2.0284047448634e-11,2.0284116781117e-11,0.42342693995902,0.4234332671332,0.15290613790493,4.1241036361537e-06,1.2887556555638e-06,-4.4755686275049e-12,0,329.01505514171,100000341.28769,-2.0530799629013e-13,-0.0033243117119623,0.0056007862731203,255.47568842296,5.8232332390299e-06,675.80395990676,591.03919690799
85.716500000007,-0.043553094006904,-0.014517806826044,7.3428678941593e-25,0.00065851966980958,1.7334103520137,0,6.9293157079253e-21,2.6607203804399,-3.0061171520528e-22,-0.43694090980351,2.1048788004674e-22,-2.1050280806697e-22,0.9178399592895,0.91782696464073,-4.8031941006983e-11,-4.8032459868119e-11,-2.1050076674184e-22,2.1048793474768e-22,4.803210503283e-11,4.8032267370983e-11,0.91783280506024,0.91784579984926,0.33158057725381,8.6375071284403e-06,2.6607203804404e-06,-4.4765149422656e-12,0,329.01505518995,100000341.33699,-2.0552310201714e-13,-0.0033885714729941,0.0057002228160193,259.5679497033,1.0280685515036e-05,686.76468141242,600.63228196366
85.816500000007,-0.16658592475677,-0.055529004266658,1.6219426344958e-24,0.0006563349701793,1.7334313492118,0,1.5070572544684e-20,5.0017659508853,1.1943237574114e-21,-0.8890321196572,-8.36271644005e-22,8.3623858548764e-22,1.867503986504,1.8674799757973,-1.0942113273768e-10,-1.094223123585e-10,8.3623431343199e-22,-8.3626395201316e-22,1.0942150628018e-10,1.0942187424268e-10,1.8674908633287,1.8675148742743,0.67508574883545,1.6439734646149e-05,5.0017659508867e-06,-4.4733953324169e-12,0,329.01505528525,100000341.43347,-2.0577290222242e-13,-0.0034531917496658,0.0057996494722749,263.6218754647,1.5851621023606e-05,697.62693753375,610.1394105543
85.916500000007,-0.51107553472523,-0.17035940790608,3.5014828830499e-24,0.00065252517028911,1.7334520523217,0,3.2048917743397e-20,8.2568342580098,4.1579566691837e-21,-1.6522413511295,-2.9114189387571e-21,2.911348293232e-21,3.4707021397537,3.4706638638126,-2.4254197702898e-10,-2.4254458930019e-10,2.9113315908215e-21,-2.9113958853344e-21,2.4254280537122e-10,2.4254361854669e-10,3.4706814106713,3.4707196869468,1.2557107057095,2.7404050514874e-05,8.2568342580126e-06,-4.4735627666151e-12,0,329.01505545362,100000341.60171,-2.0603658021937e-13,-0.0035183433929648,0.0058990662438536,267.61740171081,1.964366432235e-05,708.33682150688,619.51339575657
86.016500000007,-1.2197270889618,-0.40657730916617,7.3748364757818e-24,0.00064674034617426,1.7334724006305,0,6.6525973850406e-20,11.827614746009,1.014754516746e-20,-2.7527508157222,-7.1053522758301e-21,7.1052057862745e-21,5.7824315729005,5.7823797133687,-5.2442357442541e-10,-5.2442922011753e-10,7.1051639900493e-21,-7.1052979992412e-21,5.2442536710483e-10,5.2442712136118e-10,5.7824037879232,5.782455647843,2.0941184692028,3.9527966015813e-05,1.1827614746012e-05,-4.4733666781199e-12,0,329.01505571287,100000341.85717,-2.0633495268026e-13,-0.0035841326292716,0.0059984731327202,271.54190564485,1.9422732928247e-05,718.86030327967,628.72444383153
86.116500000007,-2.3282385137244,-0.77608178506363,1.5167734066817e-23,0.00063901368572381,1.7334924012855,0,1.3490806062609e-19,15.085115016581,2.2182995948064e-20,-4.11983476811,-1.5532622179932e-20,1.5532326142914e-20,8.6541251688172,8.6540637804715,-1.1070324768623e-09,-1.1070443933619e-09,1.5532233849803e-20,-1.5532505035114e-20,1.1070362658642e-09,1.1070399622817e-09,8.654092646824,8.6541540355723,3.1368541932641,5.0651054949421e-05,1.5085115016585e-05,-4.472768635488e-12,0,329.01505606312,100000342.19838,-2.0658475287368e-13,-0.0036505472503053,0.0060978701408393,275.39655732334,1.6880442600555e-05,729.2003072286,637.77510195987
86.216500000007,-3.7806223740337,-1.2602102895716,3.0535465043618e-23,0.00062959187686091,1.7335120989371,0,2.6790451670979e-19,17.880254650442,4.6023006959298e-20,-5.6440422528051,-3.2225491564662e-20,3.2224906059113e-20,11.855870667116,11.855804011249,-2.2848808330667e-09,-2.2849054332718e-09,3.2224713493483e-20,-3.2225249791381e-20,2.2848886650315e-09,2.2848962837422e-09,11.855835730825,11.855902387094,4.3003388697158,6.0234460725249e-05,1.7880254650446e-05,-4.4723624368577e-12,0,329.0150564933,100000342.61444,-2.0681373637755e-13,-0.0037175095457408,0.0061972572701752,279.19021774496,1.4678420214367e-05,739.38040702151,646.68599195287
86.316500000007,-5.5286959328017,-1.8429019762644,6.0305229651833e-23,0.00061869020589183,1.7335315324458,0,5.2209641919945e-19,20.381688405961,9.2484109764318e-20,-7.2407410138102,-6.4757738301891e-20,6.4756601696515e-20,15.209890310994,15.209821137786,-4.6198480037555e-09,-4.61989776685e-09,6.4756213145096e-20,-6.475725353865e-20,4.6198638655356e-09,4.6198792546426e-09,15.209854410396,15.209923584005,5.5196597264997,6.8837633210778e-05,2.0381688405965e-05,-4.4734952229759e-12,0,329.01505699297,100000343.09586,-2.0712598660394e-13,-0.003784951874466,0.0062966345226911,282.93062030992,1.3614975635227e-05,749.42118824269,655.47512353842
86.416500000007,-7.5620620087111,-2.5206911726605,1.1699548740946e-22,0.00060641424490487,1.7335507212006,0,9.9985255346495e-19,22.774323574721,1.8155655786718e-19,-8.8632926914217,-1.2712661638714e-19,1.2712444765393e-19,18.618216108067,18.61814580334,-9.1663392908322e-09,-9.1664380960949e-09,1.2712368218115e-19,-1.2712566559843e-19,9.1663708194456e-09,9.1664013326273e-09,18.618179955653,18.61825026078,6.7589579240081,7.7087374809666e-05,2.2774323574725e-05,-4.4726624004143e-12,0,329.01505755675,100000343.63797,-2.0737578678246e-13,-0.0038528405735444,0.0063960019003499,286.62154932598,1.33686106149e-05,759.33266296687,664.15125332265
86.516500000007,-9.8897507876137,-3.2965879571089,2.2314020400788e-22,0.00059278849249518,1.7335696702752,0,1.8830442722185e-18,25.165883697475,3.4956035284679e-19,-10.48995008259,-2.4476353354415e-19,2.447594636576e-19,22.035166159809,22.035095353027,-1.7869143685234e-08,-1.7869336472429e-08,2.4475798484952e-19,-2.4476170336929e-19,1.7869205269013e-08,1.7869264726712e-08,22.035130077488,22.03520088467,8.0014954904594,8.5351243194249e-05,2.5165883697479e-05,-4.4723913392754e-12,0,329.01505818321,100000344.23968,-2.0767415921587e-13,-0.0039211669725052,0.0064953594051144,290.26387011353,1.3525795443572e-05,769.11701695634,672.71628776492
86.616500000007,-12.52453968351,-4.1748514668129,4.1857599831067e-22,0.00057779644173758,1.7335883775343,0,3.4891047553083e-18,27.605061877247,6.6135834233218e-19,-12.110811499116,-4.6308571042682e-19,4.6307819672272e-19,25.439941097727,25.439870083252,-3.4253397892148e-08,-3.4253767844215e-08,4.6307538927706e-19,-4.6308224729299e-19,3.4253516194151e-08,3.4253630142019e-08,25.439905241734,25.439976256609,9.2396546325308,9.3796046975353e-05,2.7605061877252e-05,-4.4712564260306e-12,0,329.01505887299,100000344.90173,-2.079100816015e-13,-0.0039899349950473,0.006594707038946,293.85697118867,1.384890623127e-05,778.77247163852,681.16866302157
86.716500000007,-15.477873448693,-5.1592966152584,7.7248575598552e-22,0.00056140419674381,1.7336068378051,0,6.3624702187469e-18,30.111539583255,1.2308221965718e-18,-13.720769804636,-8.6182653791885e-19,8.6181288915718e-19,28.821812918964,28.821741858019,-6.4599201946502e-08,-6.4599900514887e-08,8.6180764586958e-19,-8.6182009031383e-19,6.459942556964e-08,6.4599640452021e-08,28.821777382389,28.821848443729,10.469513251885,0.0001024894840295,3.011153958326e-05,-4.4720211011407e-12,0,329.01505962762,100000345.62561,-2.0822233181708e-13,-0.0040591538764427,0.0066940448038052,297.39961444705,1.4234644146238e-05,788.29556314871,689.50533975305
86.816500000008,-18.759499392414,-6.2531725023146,1.4029125845597e-21,0.00054357085940691,1.7336250447083,0,1.1420841191733e-17,32.693418915368,2.2545000676537e-18,-15.316552182134,-1.5786098046981e-18,1.5785854063256e-18,32.173906765196,32.173835766435,-1.1990438859084e-07,-1.1990568704828e-07,1.5785757667262e-18,-1.578597987669e-18,1.1990480469663e-07,1.1990520358028e-07,32.173871617,32.173942616151,11.688563266611,0.00011145961106135,3.2693418915374e-05,-4.4731142835101e-12,0,329.01506044897,100000346.41313,-2.0846519309036e-13,-0.004128834967331,0.0067933727016533,300.89030912391,1.4644165031212e-05,797.68214544295,697.72268120688
86.916500000008,-22.377988787899,-7.4593362165972,2.5077504034411e-21,0.00052425243870096,1.7336429913461,0,2.0184540123008e-17,35.35465209234,4.0659774430973e-18,-16.895636668633,-2.8470133812667e-18,2.846970455905e-18,35.490925012359,35.490854161062,-2.191031643305e-07,-2.191055407486e-07,2.8469530037165e-18,-2.8469920531927e-18,2.191039267196e-07,2.1910465577506e-07,35.490890310929,35.490961162616,12.894874654511,0.00012072027874939,3.5354652092347e-05,-4.4694759134223e-12,0,329.01506133908,100000347.26623,-2.086941765723e-13,-0.0041989905327971,0.0068926907344499,304.32745255974,1.5063291309633e-05,806.92776809936,705.81678395088
87.016500000008,-26.34105005617,-8.780357229479,4.4129720258024e-21,0.00050340324316973,1.7336606705467,0,3.5129026773166e-17,38.097678672018,7.2220114924637e-18,-18.455874164885,-5.0568808295917e-18,5.0568064926281e-18,38.768353270074,38.768282638748,-3.9424494958162e-07,-3.9424923302538e-07,5.0567753682442e-18,-5.0568429118372e-18,3.9424632531949e-07,3.9424763764262e-07,38.768319068054,38.768389699768,14.086803806447,0.00013028017390699,3.8097678672025e-05,-4.4703469252718e-12,0,329.01506230005,100000348.18693,-2.0898561009557e-13,-0.0042696333254539,0.0069919989041543,307.70938035208,1.5486021961994e-05,816.02781101943,713.7835957997
87.116500000008,-30.655583322653,-10.218535580261,7.6461496162428e-21,0.00048097643567353,1.7336780749614,0,6.0215745119793e-17,40.924245040767,1.2636435849263e-17,-19.995346618523,-8.8480820611398e-18,8.8479553311589e-18,42.00216248311,42.002092135893,-6.9866893905422e-07,-6.9867654447282e-07,8.8479006408717e-18,-8.848015644908e-18,6.9867138454757e-07,6.9867371140792e-07,42.002128829439,42.00219917704,15.262884253462,0.00014014562421819,4.0924245040775e-05,-4.4699943357999e-12,0,329.01506333407,100000349.1773,-2.092562269331e-13,-0.0043407764160617,0.0070912972127255,311.03438634799,1.5908677498418e-05,824.97753821106,721.61896290415
87.216500000008,-35.327600443267,-11.77587521802,1.3046194705487e-20,0.0004569243410346,1.7336951971182,0,1.0167498977245e-16,43.835630743635,2.1784351630461e-17,-21.512302187967,-1.525348869819e-17,1.5253275993901e-17,45.188672737437,45.188602732389,-1.2196591118041e-06,-1.2196724159783e-06,1.525318129133e-17,-1.5253374060767e-17,1.2196633947708e-06,1.219667459419e-06,45.188639678454,45.18870968388,16.421776823201,0.00015032136370295,4.3835630743644e-05,-4.4694944271804e-12,0,329.01506444334,100000350.23944,-2.0948521040299e-13,-0.0044124331003309,0.0071905856621216,314.30073374569,1.6328207830001e-05,833.77212774294,729.3186559809
87.316500000008,-40.362089755018,-13.454038918418,2.192365877874e-20,0.0004311986909779,1.733712029464,0,1.6913592552055e-16,46.832696455507,3.700745199553e-17,-23.005118452853,-2.5912763543303e-17,2.5912412042441e-17,48.324475980396,48.324406370945,-2.0976527907753e-06,-2.0976757234595e-06,2.5912250409805e-17,-2.5912568527367e-17,2.0976601823733e-06,2.0976671786194e-06,48.324443560553,48.324513170379,17.562241408367,0.00016081068457921,4.6832696455517e-05,-4.4682248309166e-12,0,329.0150656301,100000351.37548,-2.0979052170138e-13,-0.00448461682539,0.0072898642543003,317.5066639459,1.6741625710616e-05,842.40669570422,736.87839129655
87.416500000008,-45.762857339106,-15.254295371316,3.6289730613946e-20,0.00040375086189826,1.7337285644048,0,2.7722195690488e-16,49.915876632187,6.1961532905705e-17,-24.472278687032,-4.3385709395886e-17,4.3385137452518e-17,51.406386179983,51.406317015929,-3.5548165055e-06,-3.5548554624888e-06,4.3384865509169e-17,-4.3385382379499e-17,3.5548290776418e-06,3.5548409450827e-06,51.406354442341,51.406423606766,18.683118773722,0.00017161539890564,4.9915876632198e-05,-4.4670808828354e-12,0,329.0150668966,100000352.58758,-2.1003338295006e-13,-0.0045573411189114,0.0073891329912186,320.65040515389,1.7145880011499e-05,850.87631954393,744.29385111091
87.516500000008,-51.532355320366,-17.177461947231,5.9175904313008e-20,0.00037453212405091,1.7337447943487,0,4.4775184574595e-16,53.085151294776,1.0225911825021e-16,-25.912355901374,-7.1602237733572e-17,7.160132136182e-17,54.431405805308,54.431337133562,-5.9366926356872e-06,-5.9367578639312e-06,7.1600870264058e-17,-7.1601697124248e-17,5.9367137129489e-06,5.9367335535304e-06,54.431374791897,54.431443464009,19.783318322385,0.00018273572845721,5.3085151294788e-05,-4.4688372654758e-12,0,329.01506824512,100000353.87787,-2.1029012198185e-13,-0.0046306195152246,0.0074883918748326,323.73018140303,1.7537782117376e-05,859.17606259268,751.56070515806
87.616500000008,-57.671501221009,-19.223844481892,9.5069601655565e-20,0.00034349391018054,1.7337607117509,0,7.1270437989032e-16,56.34000746807,1.6637306319537e-16,-27.3240022315,-1.1649507540032e-16,1.1649362965986e-16,57.396703534585,57.396635399715,-9.7716287497831e-06,-9.7717364106584e-06,1.164928918202e-16,-1.1649419421619e-16,9.7716635839598e-06,9.7716962809875e-06,57.396673286654,57.396741421886,20.861809957535,0.00019417015888161,5.6340007468082e-05,-4.4685288640715e-12,0,329.0150696779,100000355.24852,-2.1058155547842e-13,-0.0047044654759706,0.0075876409070987,326.74422228984,1.7913977734821e-05,867.30100054485,758.67463384613
87.716500000008,-64.179491251665,-21.393175039845,1.5049297379598e-19,0.00031058810794467,1.733776309163,0,1.1181114612798e-15,59.679394634487,2.6687982704983e-16,-28.705942273498,-1.8687030927052e-16,1.8686806327245e-16,60.299600256215,60.299532700847,-1.5853758641164e-05,-1.5853933827676e-05,1.8686687311332e-16,-1.8686889292281e-16,1.5853815399851e-05,1.5853868520875e-05,60.299570814411,60.299638370137,21.91761896767,0.00020591527305398,5.96793946345e-05,-4.4708637639406e-12,0,329.01507119719,100000356.70164,-2.1085911118244e-13,-0.0047788923039895,0.0076868800899722,329.69077357846,1.8270968104211e-05,875.24625032587,765.63135354772
87.816500000008,-71.053610818034,-23.684548750024,2.347515689318e-19,0.00027576737863446,1.7337915792865,0,1.7290341448798e-15,63.101676900047,4.2213196362177e-16,-30.056969452046,-2.9557847075743e-16,2.9557503500481e-16,63.137561439744,63.137494504844,-2.5356287468656e-05,-2.5356568535643e-05,2.9557314157383e-16,-2.9557622562783e-16,2.5356378657277e-05,2.535646374639e-05,63.137532844209,63.137599779463,22.949823233546,0.00021796557291155,6.3101676900061e-05,-4.4724382362554e-12,0,329.01507280519,100000358.23933,-2.1123381139651e-13,-0.0048539130496809,0.0077861094254071,332.56810876724,1.8605083009729e-05,883.00700158871,772.42664419428
87.916500000008,-78.289046304294,-26.096361066827,3.608752093194e-19,0.00023898550335152,1.7338065150308,0,2.6357403300558e-15,66.604584087322,6.5845562878392e-16,-31.375944777479,-4.6105323953522e-16,4.6104806449911e-16,65.908194525005,65.908128250087,-3.998255882962e-05,-3.9983003490829e-05,4.6104509322405e-16,-4.6104972937124e-16,3.9982703298568e-05,3.998283769075e-05,65.908166815442,65.908233090709,23.957552263791,0.00023031329748397,6.6604584087337e-05,-4.4757570398229e-12,0,329.01507450404,100000359.86361,-2.1148361151596e-13,-0.0049295404094996,0.0078853289153582,335.37454165995,1.8912554940442e-05,890.57855095183,779.05637927272
88.016500000008,-85.878703061258,-28.626247099521,5.4676387420448e-19,0.00020019775661103,1.7338211095755,0,3.9611333557761e-15,70.185163862677,1.0129671795712e-15,-32.661797515635,-7.092836377291e-16,7.0927596302421e-16,68.609250329246,68.609184752507,-6.2162600049781e-05,-6.2163293797139e-05,7.0927136330568e-16,-7.092782242976e-16,6.2162825773149e-05,6.2163035091912e-05,68.60922354493,68.609289122013,24.939987694525,0.00024294824454693,7.0185163862693e-05,-4.4785720512547e-12,0,329.01507629584,100000361.57648,-2.1169871716189e-13,-0.005005786616602,0.0079845385617787,338.10843994183,1.9189543353542e-05,897.95633897255,785.51655821853
88.116500000008,-93.813035387019,-31.271024939118,8.1653539889898e-19,0.00015936130620647,1.7338353564368,0,5.8693710799888e-15,73.839737045379,1.5370893292377e-15,-33.913527399241,-1.0762760561337e-15,1.0762648504964e-15,71.238627692401,71.238562850783,-9.5302248878712e-05,-9.5303316378725e-05,1.0762578252744e-15,-1.0762678200408e-15,9.5302596725912e-05,9.5302918252951e-05,71.238601872148,71.238666714102,25.89636496883,0.00025585760353952,7.3839737045396e-05,-4.4855361111888e-12,0,329.01507818258,100000363.37982,-2.1197627284951e-13,-0.0050826633240117,0.0080837383666215,340.76823971647,1.9432169994053e-05,905.13598973163,791.8033410964
88.216500000008,-102.0798950878,-34.026645178701,1.2020486318011e-18,0.00011643563725567,1.733849249538,0,8.5754621307347e-15,77.563858351769,2.3008178075628e-15,-35.13020807488,-1.6110417874167e-15,1.6110256809903e-15,73.794380717816,73.794316647031,-0.00014409022560419,-0.00014409184581188,1.6110150939503e-15,-1.6110294246017e-15,0.00014409075435652,0.00014409124148459,73.794355899924,73.794419971032,26.825975962011,0.00026902580781323,7.7563858351787e-05,-4.4947713181606e-12,0,329.01508016615,100000365.27542,-2.1230240079178e-13,-0.0051601814810512,0.0081829283318391,343.35246091515,1.9636609616289e-05,912.11335278168,797.91308535133
88.316500000008,-110.66440586812,-36.888149043518,1.7445454838369e-18,7.1382999313677e-05,1.7338627832833,0,1.2355432839233e-14,81.352284931348,3.3977405849284e-15,-36.310991518496,-2.3791115077658e-15,2.3790887200234e-15,76.274728047493,76.274664782,-0.00021486531041672,-0.00021486773620169,2.3790729758188e-15,-2.3790931970192e-15,0.00021486610330201,0.00021486683129469,76.274704269647,76.274767535448,27.728172348445,0.00028243441469052,8.1352284931367e-05,-4.5113471493777e-12,0,329.01508224834,100000367.26495,-2.1253832311158e-13,-0.0052383512041636,0.0082821084593836,345.85972344183,1.97991268253e-05,918.88454708408,803.84238430109
88.416500000008,-119.54887126376,-39.849637702057,2.4963194823327e-18,2.4168917757988e-05,1.7338759526327,0,1.7556435988963e-14,85.19895512687,4.9507414130362e-15,-37.455113173763,-3.4665289201402e-15,3.4664971891301e-15,78.678063655757,78.678001228698,-0.00031604087890159,-0.00031604446198309,3.4664740820037e-15,-3.4665021572013e-15,0.00031604205192455,0.00031604312520322,78.678040954911,78.678103382256,28.602369522257,0.00029606202210754,8.519895512689e-05,-4.5329254118783e-12,0,329.01508443074,100000369.34994,-2.1285751215773e-13,-0.0053171816436485,0.0083812787512056,348.28876386774,1.991618869253e-05,925.44600642401,809.58810692288
88.516500000008,-128.71272401519,-42.904255390625,3.5222800015071e-18,2.5237924992685e-05,1.7338887531796,0,2.4605941604025e-14,89.096979898055,7.1182281127155e-15,-38.561897577229,-4.9842118279745e-15,4.9841683493873e-15,81.002968665449,81.002907108564,-0.00045857736292132,-0.00045858258483791,4.9841348760005e-15,-4.984173222456e-15,0.00045857907524788,0.00045858063639979,81.002947077688,81.003008634828,29.448050891452,0.00030988423066323,8.9096979898075e-05,-4.5669768968416e-12,0,329.01508671482,100000371.53174,-2.1314894562931e-13,-0.0053966808482417,0.0084804392092562,350.63845243836,1.9984560875555e-05,931.79452565858,815.14743836888
88.616500000008,-138.13252458328,-46.044188918668,4.9012449409135e-18,7.6863478192851e-05,1.7339011812272,0,3.4018940826469e-14,93.038649243879,1.0100617501462e-14,-39.630764237031,-7.0724929095583e-15,7.0724342971995e-15,83.248223696766,83.248163040283,-0.00065648491079165,-0.00065649242046215,7.0723864304265e-15,-7.0724379422457e-15,0.00065648737739403,0.00065648961804069,83.248203257146,83.248263913848,30.264772367346,0.00032387365953636,9.3038649243901e-05,-4.6159571232066e-12,0,329.01508910184,100000373.81154,-2.1341262352817e-13,-0.0054768556298577,0.0085795898354854,352.90781010531,2.0001373665726e-05,937.92730701889,820.51792052858
88.716500000008,-147.78201589413,-49.260685917279,6.7267663271592e-18,0.00013073030056148,1.7339132338634,0,4.6401944305427e-14,97.015455743052,1.4146690995344e-14,-40.661233530812,-9.9055699386585e-15,9.9054922209376e-15,85.412821256439,85.412761528913,-0.00092732910914957,-0.0009273397672995,9.9054246429696e-15,-9.9054926786936e-15,0.00092733261582888,0.00092733578940563,85.412801998794,85.412861726493,31.052166870308,0.00033800002397036,9.7015455743074e-05,-4.6854560841069e-12,0,329.01509159284,100000376.19032,-2.1370405700776e-13,-0.0055577114311864,0.0086787306318424,355.09602524912,1.9964201947845e-05,943.84200556342,825.69749184717
88.816500000009,-157.63224027893,-52.54409381929,9.107279953668e-18,0.00018685538957968,1.7339249090326,0,6.2452507367601e-14,101.01813695969,1.9559319885183e-14,-41.652932387505,-1.3695514649108e-14,1.3695413318833e-14,87.495977672875,87.495918901046,-0.0012927029451781,-0.0012927178754945,1.3695319114154e-14,-1.3695407433264e-14,0.0012927078659481,0.0012927123023203,87.495959629637,87.496018401577,31.809948672033,0.0003522302806998,0.00010101813695971,-4.7765334506216e-12,0,329.01509418866,100000378.66882,-2.1399549049506e-13,-0.0056392521991509,0.0087778616002763,357.20246971702,1.9871217873294e-05,949.53677277476,830.68452551776
88.916500000009,-167.65172292624,-55.88392101024,1.2165378294642e-17,0.00024525034879019,1.7339362056016,0,8.295310291318e-14,105.03673793411,2.6699962840558e-14,-42.605599518055,-1.8695421908957e-14,1.8695292045338e-14,89.497144083819,89.49708629246,-0.0017786194153728,-0.0017786400617229,1.8695162357062e-14,-1.8695274988466e-14,0.0017786262320143,0.0017786323536974,89.497127285826,89.497185077223,32.537917394902,0.00036652884581211,0.00010503673793413,-4.9030940710653e-12,0,329.01509688984,100000381.24757,-2.1424529062967e-13,-0.0057214802674651,0.0088769827427352,359.22671376842,1.9721183338896e-05,955.01029720798,835.47786509207
89.016500000009,-177.80672400951,-59.268920871072,1.6036040466947e-17,0.00030592097016814,1.7339471234191,0,1.0875841520628e-13,109.06069430212,3.5991278184179e-14,-43.51908996534,-2.5201238849699e-14,2.5201075331701e-14,91.416015993913,91.415959205646,-0.0024157727557269,-0.0024158009441344,2.5200898988117e-14,-2.5201040013905e-14,0.002415782079108,0.0024157904186721,91.416000470206,91.416057258408,33.235961492861,0.00038085788712574,0.00010906069430215,-5.0718473343105e-12,0,329.01509969669,100000383.92683,-2.1456447971752e-13,-0.0058043962516761,0.0089760940611671,361.16853950172,1.9513620501366e-05,960.26184105396,840.07685651467
89.116500000009,-188.06155902749,-62.687198558642,2.0863715893283e-17,0.00036886691738164,1.7339576633653,0,1.4077554952635e-13,113.07893576782,4.7917187408492e-14,-44.393378754332,-3.3551809345369e-14,3.3551607173689e-14,93.252540942206,93.252485177339,-0.003239613685764,-0.00323965168914,3.3551370295669e-14,-3.3551543535382e-14,0.0032396262782838,0.0032396374963208,93.25252671983,93.252582484493,33.904061046507,0.00039517769024837,0.00011307893576784,-5.2930776674266e-12,0,329.01510260924,100000386.70657,-2.1482815767222e-13,-0.0058879989600792,0.0090751955575189,363.02795233256,1.9248765773185e-05,965.29127147407,844.48137558064
89.216500000009,-198.37898392655,-66.126339379961,2.6798247325626e-17,0.00043408147660298,1.7339678273909,0,1.7993722427084e-13,117.08000873814,6.3019788397507e-14,-45.228563441816,-4.4126712642581e-14,4.4126467383484e-14,95.006923858093,95.006869134459,-0.0042901866770813,-0.0042902372799914,4.4126152987096e-14,-4.4126361571934e-14,0.0042902034753497,0.0042902183781784,95.006910961902,95.006965685153,34.542289718902,0.00040944709421016,0.00011708000873817,-5.5821047168502e-12,0,329.01510562719,100000389.58651,-2.1521673573966e-13,-0.0059722853237673,0.0091742872337373,364.80519010865,1.8927656941013e-05,970.09908560587,848.6918498538
89.316500000009,-208.72063839708,-69.573556557842,3.3989727111709e-17,0.0005015513823643,1.7339776185435,0,2.2716868579732e-13,121.05221595085,8.1892654432407e-14,-46.024865391271,-5.7341571301508e-14,5.7341279659202e-14,96.679629739301,96.679576072111,-0.0056116860042763,-0.0056117525643774,5.7340867271302e-14,-5.7341113104038e-14,0.0056117081409149,0.0056117276970216,96.679618191787,96.679671858367,35.150815738721,0.000423623989084,0.00012105221595088,-5.9556470107203e-12,0,329.01510874996,100000392.56607,-2.1551510821361e-13,-0.0060572503487763,0.0092733690917684,366.50072948242,1.8552146408217e-05,974.68642823537,852.70927416711
89.416500000009,-219.04753757211,-73.015855130904,4.2582496729376e-17,0.00057125672665199,1.7339870409801,0,2.8334978930097e-13,124.9837699629,1.0517026662438e-13,-46.782629632568,-7.3640651746409e-14,7.364031226188e-14,98.271383357157,98.271330758882,-0.0072517024634389,-0.0072517889657133,7.3639777569201e-14,-7.3640060673659e-14,0.007251731286698,0.0072517566407843,98.271373178293,98.271425775684,35.729901803263,0.00043766586455974,0.00012498376996292,-6.4311333157556e-12,0,329.01511197667,100000395.64436,-2.1579266403834e-13,-0.0061428870928365,0.0093724411335575,368.11528921821,1.8124863405433e-05,979.05510127983,856.53521895646
89.516500000009,-229.32059942839,-76.44020775379,5.2708609280861e-17,0.00064317095771933,1.7339960999636,0,3.4927433244556e-13,128.86295647852,1.3351360054164e-13,-47.502323207918,-9.3486771966192e-14,9.3486385829772e-14,99.783165782076,99.783114262312,-0.0092601535409545,-0.0092602646405781,9.3485700383327e-14,-9.3486018157614e-14,0.0092601906307284,0.0092602231141714,99.783156989168,99.783208507699,36.279903825706,0.00045153039525804,0.00012886295647855,-7.0295952041965e-12,0,329.01511530613,100000398.82023,-2.1595919759873e-13,-0.0062291866686329,0.0094715033610494,369.64983018808,1.7649156845659e-05,983.20756442568,860.17183085449
89.616500000009,-239.50119272961,-79.833737345439,6.4481162411951e-17,0.00071726097267851,1.7340048018449,0,4.2560922033018e-13,132.67830276298,1.6759219957649e-13,-48.184531953009,-1.1734874921494e-13,1.1734832116879e-13,101.21620762198,101.21615718739,-0.011687914951238,-0.011688056000951,1.1734745216586e-13,-1.1734779856285e-13,0.011687962130044,0.011688003266617,101.21620022957,101.21625066249,36.801268487298,0.0004651760459249,0.00013267830276301,-7.7706170597465e-12,0,329.01511873681,100000402.0922,-2.1627838686913e-13,-0.0063161382747314,0.0095705557761885,371.10555190312,1.7129102178948e-05,987.14692651078,863.62182518455
89.716500000009,-249.55168860423,-83.183900948251,7.7987961211707e-17,0.00079348730511874,1.7340131540276,0,5.128563017149e-13,136.41874587567,2.0806338680063e-13,-48.82995571407,-1.456868440682e-13,1.4568638336367e-13,102.57197897524,102.57192962951,-0.014585198478176,-0.014585375536361,1.4568529352747e-13,-1.4568565819715e-13,0.014585257815775,0.014585309321564,102.57197299501,102.57202233856,37.294529594635,0.00047856267777371,0.0001364187458757,-8.6842685684961e-12,0,329.01512226694,100000405.45856,-2.1663920955337e-13,-0.0064037292544978,0.0096695983809183,372.48388553521,1.6569307800154e-05,990.87692751911,866.88847023921
89.816500000009,-259.43599796052,-86.478668866564,9.3285977400714e-17,0.00087180440597391,1.7340211649184,0,6.1131969569913e-13,140.07379521634,2.5554955802149e-13,-49.439402054759,-1.789368609266e-13,1.7893638229195e-13,103.85217621137,103.85212795515,-0.017999747025509,-0.017999966841893,1.7893502986638e-13,-1.7893539730189e-13,0.017999820836024,0.017999884612769,103.8521716521,103.8522199055,37.760303282858,0.00049165213631868,0.00014007379521636,-9.7931825729625e-12,0,329.01512589442,100000408.91727,-2.1693064335549e-13,-0.0064919451824114,0.009768631177182,373.78648349802,1.5974896308144e-05,994.40191135451,869.9755634877
89.916500000009,-269.12007707042,-89.70669319458,1.1039702900426e-16,0.0009521610127884,1.7340288438621,0,7.2108111206012e-13,143.63368395603,3.106147264968e-13,-50.013778558824,-2.1749372452536e-13,2.1749324909294e-13,105.05870580194,105.05865863291,-0.021974939603028,-0.021975209579951,2.1749158796464e-13,-2.1749193669923e-13,0.021975030433788,0.021975108555151,105.05870266948,105.05874983495,38.199282145341,0.00050440880123772,0.00014363368395605,-1.1119113895e-11,0,329.0151296169,100000412.4661,-2.1718044385787e-13,-0.0065807699762911,0.0098676541669222,375.01520577231,1.5351319562193e-05,997.7267898636,872.88740012291
90.016500000009,-252.25014481015,-84.083369159368,1.2005561023436e-16,0.0010337246844855,1.7340291816542,0,7.8453872364137e-13,133.37457212332,3.729327749318e-13,-50.484515677786,-2.6112928907715e-13,2.6112864276619e-13,106.04753070926,106.04748469912,-0.026487508003728,-0.026487848102702,2.6112682987695e-13,-2.6112692918147e-13,0.026487618357737,0.026487725561381,106.0475293686,106.04757537355,38.563516960778,0.00046655366829347,0.00013337457212185,-1.2685886492615e-11,0,329.01513343179,100000416.06828,-2.174024888515e-13,-0.0066487442288878,0.0099339940847365,374.837057656,-0.00020959519139766,997.24122508133,872.46214920483
90.116500000009,-144.6434168488,-48.214468960674,5.1748338154981e-17,0.0010866106897356,1.7339987289168,0,3.4370349082186e-13,79.614481899363,3.8998154843067e-13,-48.496059206767,-2.7306555697436e-13,2.7306632999307e-13,101.87058691992,101.87054302597,-0.027680525700304,-0.02768079686406,2.7306305448689e-13,-2.7306444886142e-13,0.027680641561204,0.027680668327842,101.87058596036,101.87062984928,37.060783823035,0.00027617096976257,7.9614481899269e-05,-1.3690007317159e-11,0,329.01513602916,100000418.40393,-2.1766616712312e-13,-0.0065999136780276,0.0098349776642811,368.79746790362,-9.9368096270574e-05,980.88616289262,858.13812281319
90.216500000009,-115.95032418665,-38.650105859274,2.3638918325204e-17,0.0011274971840374,1.7339702877132,0,1.5942903175446e-13,67.2724912956,3.6860393632675e-13,-46.008101864966,-2.5809699550935e-13,2.5809769869962e-13,96.644394157021,96.644351357276,-0.026108713645024,-0.026108974167019,2.5809466498694e-13,-2.5809587659173e-13,0.026108823173686,0.026108852709984,96.644394346248,96.644437140712,35.160661322739,0.00023258911684357,6.7272491295554e-05,-1.4148057928954e-11,0,329.01513796035,100000420.20957,-2.1800617319967e-13,-0.006547563162009,0.0097359514386028,363.19152679304,-5.5777966689802e-05,965.71485061438,844.85139575772
90.316500000009,-95.441906048958,-31.813966607999,1.0993460540532e-17,0.0011627348118479,1.7339427867218,0,7.5263049647363e-14,58.48278127382,3.3400523299211e-13,-43.562314529065,-2.3387096556004e-13,2.3387159303469e-13,91.506783941943,91.506741910349,-0.023614331915868,-0.023614569726489,2.3386887252765e-13,-2.3386991855506e-13,0.023614431104502,0.023614459762434,91.50678492043,91.506826946629,33.291952981018,0.00020163146025158,5.8482781273786e-05,-1.4363460303359e-11,0,329.01513961984,100000421.7657,-2.1826291253176e-13,-0.0064935758508404,0.0096369154057602,357.78994889138,-4.5563338899084e-05,951.10471926445,832.05659980343
90.416500000009,-78.842992830138,-26.280995610573,5.1759146246508e-18,0.0011934667682771,1.7339160347815,0,3.5961690775669e-14,51.09351391078,2.965611942926e-13,-41.190511892144,-2.0765260700805e-13,2.0765316144074e-13,86.524585894341,86.524544551339,-0.020938080113181,-0.020938291972693,2.07650758819e-13,-2.0765166208367e-13,0.020938168124496,0.02093819441383,86.524587526741,86.524628864324,31.479733220637,0.00017567825706036,5.1093513910754e-05,-1.4470513224166e-11,0,329.01514106638,100000423.12284,-2.1854740742056e-13,-0.0064382881064195,0.0095378695638105,352.55147254354,-3.9370905961905e-05,936.94309290676,819.6549785203
90.516500000009,-65.11541386708,-21.705136060936,2.4601582384691e-18,0.0012203381483112,1.7338899246004,0,1.7343741504796e-14,44.694279665188,2.6057680157511e-13,-38.88944282474,-1.8245628545665e-13,1.8245677216687e-13,81.690970648079,81.690929973285,-0.01837976694618,-0.018379953389606,1.8245466706809e-13,-1.8245544795823e-13,0.018379844236846,0.01837986772132,81.690972844405,81.691013513806,29.721580953381,0.00015326349133562,4.4694279665168e-05,-1.4521648555292e-11,0,329.01514233103,100000424.30949,-2.188041467157e-13,-0.0063818888437742,0.0094388139108102,347.45277522285,-3.448289129118e-05,923.16618495883,807.59063077792
90.616500000009,-53.671325346673,-17.890440015498,1.1779745866791e-18,0.0012438430854601,1.7338643740767,0,8.4252219087099e-15,39.086246297242,2.2768661014442e-13,-36.653732932685,-1.5942652424843e-13,1.5942694968851e-13,76.994648739703,76.99460873232,-0.016049479600143,-0.016049642629432,1.5942511313147e-13,-1.5942578898444e-13,0.016049547108455,0.016049567807357,76.994651427364,76.994691429405,28.013388617669,0.0001336729583427,3.9086246297226e-05,-1.4551413292752e-11,0,329.01514343727,100000425.34747,-2.190886415697e-13,-0.0063245226561811,0.0093397484448154,342.47597498399,-3.0413937569364e-05,909.72510765597,795.82071461692
90.71650000001,-44.087330066051,-14.695775062802,5.6720689271701e-19,0.0012643844355416,1.7338393162755,0,4.1153450919352e-15,34.131824856122,1.9834442049938e-13,-34.478958863371,-1.388810775997e-13,1.3888144846694e-13,72.42632846785,72.426289138523,-0.013975250892553,-0.013975392959981,1.3887984994672e-13,-1.3888043540135e-13,0.013975309684813,0.013975327800041,72.426331584802,72.426370908855,26.351769521088,0.0001164123537576,3.4131824856109e-05,-1.4566384005649e-11,0,329.01514440418,100000426.25457,-2.1933844193878e-13,-0.0062663074380702,0.0092406731638815,337.60648580338,-2.6959446642098e-05,896.5800029154,784.31030219641
90.81650000001,-36.040747968343,-12.01358117642,2.7423940220992e-19,0.0012822985117629,1.7338146953042,0,2.0182741339792e-15,29.727663977156,1.724933826642e-13,-32.361814326267,-1.2078014017171e-13,1.2078046290854e-13,67.97906463192,67.979026000917,-0.012150492121869,-0.012150615691767,1.2077907338607e-13,-1.2077958084761e-13,0.012150543242012,0.012150559035809,67.979068123515,67.979106749318,24.734190677106,0.00010111069358158,2.9727663977146e-05,-1.4578720992921e-11,0,329.01514524763,100000427.04566,-2.1956048671802e-13,-0.0062073416427352,0.0091415880660638,332.83212786187,-2.3984830651155e-05,883.69760013501,773.03023896891
90.91650000001,-29.279553685268,-9.7598498954186,1.3296464571898e-19,0.0012978708980605,1.733790463678,0,9.9254262374054e-16,25.794175254434,1.4987072070413e-13,-30.30000162778,-1.0493971634107e-13,1.0493999689078e-13,63.648030689291,63.647992786214,-0.010555123103664,-0.010555230474173,1.0493878992424e-13,-1.0493922996693e-13,0.010555167513938,0.010555181255157,63.648034506152,63.648072404108,23.158890311697,8.7482481455544e-05,2.5794175254426e-05,-1.4586832407119e-11,0,329.0151459811,100000427.73333,-2.1981722595358e-13,-0.0061477089162074,0.0090424931494169,328.14255744289,-2.1390066603196e-05,871.04965326054,761.95577379571
91.01650000001,-23.603328320538,-7.8677749178966,6.4574309039466e-20,0.0013113478481949,1.7337665804209,0,4.8890253826438e-16,22.269340050007,1.3014618418117e-13,-28.292136287135,-9.1128564448518e-14,9.112880816252e-14,59.430318391002,59.430281255058,-0.0091649691207163,-0.0091650623624642,9.1127760200739e-14,-9.1128141886336e-14,0.0091650076831033,0.0091650196247768,59.430322487378,59.430359618283,21.624804755504,7.5305282996051e-05,2.2269340050001e-05,-1.4591909693362e-11,0,329.01514661619,100000428.32847,-2.2006702628281e-13,-0.006087481439443,0.0089433884119941,323.52885528454,-1.9097861838759e-05,858.61181422156,751.06557164474
91.11650000001,-18.850134880607,-6.2833772439506,3.137964002048e-20,0.0013229448603454,1.7337430096355,0,2.4096594562462e-16,19.104541123631,1.1298379757772e-13,-26.337690315216,-7.9111433994297e-14,7.9111645621771e-14,55.324818632913,55.324782313505,-0.0079558506184072,-0.0079559315649664,7.9110735930786e-14,-7.9111067056861e-14,0.0079558840938931,0.0079558944650751,55.324822965332,55.324859279791,20.131524855645,6.4404627183962e-05,1.9104541123626e-05,-1.4597246681409e-11,0,329.01514716304,100000428.84059,-2.2030988770642e-13,-0.0060267224451613,0.0088442738518486,318.98321661494,-1.7047138789471e-05,846.36278585406,740.34097129064
91.21650000001,-14.887145694562,-4.9623809819005,1.524345762365e-20,0.0013328533000873,1.7337197193963,0,1.187244495226e-16,16.261624534694,9.8067973255656e-14,-24.436969018715,-6.8667350044923e-14,6.8667533763849e-14,51.332172730151,51.332137287646,-0.0069052555567337,-0.0069053258169827,6.8666744205062e-14,-6.8667031501018e-14,0.0069052846119598,0.0069052936159927,51.332177256265,51.332212693921,18.679278049277,5.4643356873157e-05,1.626162453469e-05,-1.4602738571789e-11,0,329.01514763062,100000429.27815,-2.2054581022495e-13,-0.0059654881647384,0.0087451494670335,314.49871160372,-1.51888111024e-05,834.28366802335,729.76541235809
91.31650000001,-11.603776077871,-3.867924569247,7.3956132870891e-21,0.0013412456247051,1.7336966808747,0,5.8423996119157e-17,13.710760185784,8.5113089564097e-14,-22.591112913988,-5.9596319873061e-14,5.9596479339352e-14,47.454776436979,47.454741943542,-0.0059929134183353,-0.0059929743970266,5.9595794100309e-14,-5.9596043385223e-14,0.0059929386348423,0.0059929464503968,47.454781114562,47.454815603258,17.268929678612,4.591386165167e-05,1.3710760185781e-05,-1.4605338546533e-11,0,329.01514802704,100000429.64875,-2.2085112167176e-13,-0.005903829366842,0.0086460152556004,310.06909635836,-1.3483014545194e-05,822.35744225652,719.32398376229
91.41650000001,-8.906538892926,-2.9688456260209,3.5805060396652e-21,0.0013482795680983,1.7336738676373,0,2.8690665981091e-17,11.42881720991,7.3865510344742e-14,-20.802115084181,-5.1720747033949e-14,5.1720885436264e-14,43.696816406795,43.696782947103,-0.0052008790607895,-0.0052009319811182,5.1720290759517e-14,-5.1720507071848e-14,0.0052009009447065,0.0052009077279032,43.696821192872,43.696854647942,15.901996175802,3.8132167181892e-05,1.1428817209907e-05,-1.4609222635293e-11,0,329.01514835967,100000429.95937,-2.2118418868372e-13,-0.0058417925926777,0.0085468712156011,305.68866152082,-1.1897391417024e-05,810.56855931929,709.00306237048
91.51650000001,-6.7151098256469,-2.2383693801942,1.7283340886235e-21,0.0013541015102132,1.7336512550786,0,1.4048469355194e-17,9.3980450720333,6.4102286423365e-14,-19.072841475478,-4.4884522154728e-14,4.4884642268658e-14,40.064312826082,40.064280497657,-0.0045134082250189,-0.0045134541504833,4.4884126198046e-14,-4.4884313904021e-14,0.0045134272162753,0.0045134331031146,40.064317676238,40.064350000172,14.580660592559,3.1233132259421e-05,9.3980450720316e-06,-1.4611617912602e-11,0,329.01514863536,100000430.21647,-2.2142705006464e-13,-0.0057794211528285,0.0084477173450865,301.35211037943,-1.0406257562233e-05,798.90260750896,698.7900223986
91.61650000001,-4.9592733993999,-1.653090672252,8.3111420907834e-22,0.0013588491499977,1.7336288199702,0,6.8533068493805e-18,7.6048910977586,5.5628539766297e-14,-17.407036620941,-3.895119131965e-14,3.8951295558291e-14,36.565131437625,36.565100350387,-0.0039167549503045,-0.0039167948047799,3.8950847709687e-14,-3.8951010595005e-14,0.0039167714310146,0.0039167765397684,36.565136305528,36.565167388422,13.307777139588,2.5166157435241e-05,7.6048910977574e-06,-1.4612785049313e-11,0,329.01514886054,100000430.42612,-2.2174623926835e-13,-0.0057167559194712,0.0083485536421067,297.05446218749,-8.9904922212131e-06,787.34604973844,688.67300508516
91.71650000001,-3.5765477578692,-1.1921822161196,3.9781236122699e-22,0.0013626535132967,1.7336065401228,0,3.3280982016315e-18,6.0388108849575,4.8274463086077e-14,-15.809290411338,-3.3801855190312e-14,3.3801945650059e-14,33.208913739211,33.208884013737,-0.0033989502140697,-0.0033989847997616,3.3801557007928e-14,-3.3801698356045e-14,0.003398964515997,0.0033989689494227,33.208918576481,33.208948297778,12.086846164001,1.9890912392983e-05,6.0388108849567e-06,-1.4611463893035e-11,0,329.01514904132,100000430.59412,-2.2203073399248e-13,-0.0056538359214404,0.0082493801047121,292.79097953314,-7.6381164263955e-06,775.88602604685,678.64074568294
91.81650000001,-2.5103840284828,-0.83679438699609,1.8936944377656e-22,0.0013656402548678,1.7335843941673,0,1.6075099096436e-18,4.6909594432471,4.1892356484507e-14,-14.284934323659,-2.9333094058698e-14,2.9333172559993e-14,30.006859001461,30.006830765364,-0.0029495877989108,-0.0029496178121953,2.9332835298635e-14,-2.9332957957984e-14,0.002949600210038,0.0029496040573666,30.006863758019,30.006891990125,10.921935480759,1.5372712874538e-05,4.6909594432465e-06,-1.4613342376772e-11,0,329.01514918355,100000430.72602,-2.2230828981271e-13,-0.0055906987276947,0.0081501967309516,288.5571212087,-6.3451835424452e-06,764.51022519785,668.68246096075
91.91650000001,-1.7089106885413,-0.5696366767999,8.9573208176069e-23,0.0013679301668736,1.7335623614745,0,7.7161862871749e-19,3.5527102389469,3.6353878314353e-14,-12.839831504522,-2.545504289611e-14,2.5455111019339e-14,26.971283317686,26.971256699585,-0.002559627779168,-0.0025596538244644,2.5454818346654e-14,-2.5454924788596e-14,0.0025596385494429,0.0025596418881367,26.971287942751,26.971314557067,9.8175208706449,1.1577396848847e-05,3.5527102389466e-06,-1.4615718759939e-11,0,329.01514929288,100000430.82714,-2.2261360119884e-13,-0.0055273805903713,0.0080510035188733,284.34852371091,-5.1167039914614e-06,753.2068335553,658.78780437211
92.01650000001,-1.1242377468223,-0.37474575482003,4.206289382348e-23,0.0013696388070039,1.7335404222268,0,3.6776212444168e-19,2.6140558256022,3.1547571688997e-14,-11.480030237285,-2.2089659411111e-14,2.2089718528038e-14,24.114891678239,24.114866799098,-0.002221220793245,-0.0022212433951151,2.2089464549401e-14,-2.2089556918311e-14,0.0022212301395886,0.002221233036882,24.114896122049,24.114920997633,8.7782223917312,8.4659234679347e-06,2.614055825602e-06,-1.4614960100656e-11,0,329.01514937469,100000430.90259,-2.2284258474255e-13,-0.0054639163187443,0.0079518004665256,280.1610144733,-3.9665293875489e-06,741.96456932632,648.94689595905
92.11650000001,-0.71233153865411,-0.23744373287899,1.9592328811384e-23,0.0013708752355715,1.7335185576475,0,1.7388704761209e-19,1.8620959288453,2.7376674552465e-14,-10.211271631312,-1.9169190656858e-14,1.9169241958048e-14,21.449743824653,21.449720786948,-0.0019275530222446,-0.0019275726359236,1.9169021557921e-14,-1.9169101714536e-14,0.0019275611329078,0.0019275636471528,21.449748040909,21.449771075302,7.8084292978451,5.9894307220497e-06,1.8620959288452e-06,-1.4615708294397e-11,0,329.01514943408,100000430.95719,-2.2310626274693e-13,-0.0054003388787402,0.0078525875719562,275.99065718421,-2.9155863407898e-06,730.77280287354,639.1504275916
92.21650000001,-0.43340188468285,-0.14446721837209,9.0438760481036e-24,0.0013717400163563,1.7334967503608,0,8.1494192613016e-20,1.2799697806431,2.3757197776247e-14,-9.0383834672358,-1.6634827311254e-14,1.663487182995e-14,18.985980963759,18.985959839856,-0.0016727104353603,-0.0016727274559084,1.6634680569002e-14,-1.6634750127984e-14,0.0016727174737095,0.0016727196555466,18.985984912516,18.986006033365,6.9118376163561,4.0859663680999e-06,1.2799697806431e-06,-1.461652107065e-11,0,329.01514947577,100000430.99538,-2.2344626857608e-13,-0.0053366787637034,0.0077533648332117,271.83382358827,-1.987807633672e-06,719.62174782476,629.38983016199
92.31650000001,-0.25261863643968,-0.084206162831783,4.1336200090631e-24,0.001372322860862,1.7334749848165,0,3.7824950914773e-20,0.84663957476945,2.0616246722321e-14,-7.9646460628629,-1.4435528432538e-14,1.4435567065419e-14,16.730493708759,16.730474530771,-0.0014515603865601,-0.0014515751568121,1.4435401091189e-14,-1.4435461453691e-14,0.001451566494365,0.0014515683877408,16.730497359279,16.730516534481,6.0909655940591,2.6802118900468e-06,8.4663957476942e-07,-1.4617167279695e-11,0,329.01514950397,100000431.02112,-2.2384872444332e-13,-0.0052729632519344,0.0076541322483383,267.68727807714,-1.2040148950656e-06,708.50268606681,619.65747041411
92.41650000001,-0.14085034555736,-0.046950084924167,1.8692067637086e-24,0.0013727004885923,1.7334532476788,0,1.7372917355703e-20,0.53777678136207,1.7890559469113e-14,-6.9912608007754,-1.2526997922639e-14,1.2527031447854e-14,14.685805671258,14.685788424944,-0.0012596485760092,-0.0012596613934763,1.2526887417189e-14,-1.2526939799102e-14,0.001259653876297,0.0012596555193485,14.685809004161,14.685826247958,5.3467465776722,1.686921239161e-06,5.3777678136206e-07,-1.4618602593924e-11,0,329.01514952232,100000431.03779,-2.2412628021442e-13,-0.0052092157270812,0.0075548898153816,263.54825444453,-5.7568713379774e-07,697.40817125056,609.94682893888
92.51650000001,-0.075082173891168,-0.025027373636022,8.356068726299e-25,0.001372935312069,1.7334315280731,0,7.8901144819402e-21,0.32763771409426,1.5525235719355e-14,-6.1170574417719,-1.0870794506331e-14,1.0870823599158e-14,12.849458645907,12.849443270483,-0.0010931094943233,-0.0010931206171836,1.0870698610893e-14,-1.0870744067345e-14,0.0010931140938562,0.0010931155196787,12.849461654056,12.849477027227,4.6783034383307,1.0175271671593e-06,3.2763771409426e-07,-1.4620563498137e-11,0,329.01514953378,100000431.04816,-2.2433444704181e-13,-0.0051454552499972,0.0074556375323869,259.41450290039,-1.0097531594733e-07,686.3321521803,600.25260802814
92.61650000001,-0.038280405082103,-0.012760125223764,3.6902674394004e-25,0.0013730753597858,1.7334098176139,0,3.5408644421274e-21,0.19140568370977,1.3472632494992e-14,-5.3385249318793,-9.4335584949602e-15,9.4335837414058e-15,11.214077324143,11.214063718241,-0.00094858863960612,-0.00094859829190454,9.4334752779355e-15,-9.4335147245496e-15,0.00094859263103117,0.00094859386834468,11.214080012016,11.214093615919,4.0829697667161,5.8803324664376e-07,1.9140568370977e-07,-1.4621759811455e-11,0,329.01514954064,100000431.05435,-2.2463281948653e-13,-0.0050816965116317,0.0073563753973984,255.28429249871,2.3524968194134e-07,675.26997654746,590.57073479434
92.716500000011,-0.018689304743336,-0.0062297630654386,1.6089528336134e-25,0.0013731554786744,1.7333881102074,0,1.5691868933249e-21,0.10728155762316,1.1691405215738e-14,-4.6501571279536,-8.1863403480676e-15,8.186362256662e-15,9.7680955242464,9.7680835564307,-0.00082317498587769,-0.00082318336203814,8.1862681332325e-15,-8.1863023645766e-15,0.00082317844959329,0.00082317952332062,9.76809790598,9.7681098720327,3.5565519876222,3.2576772196754e-07,1.0728155762316e-07,-1.4621167412094e-11,0,329.01514954458,100000431.05789,-2.2490343635322e-13,-0.0050179501823957,0.0072571034084604,251.15636752366,4.5744488896843e-07,664.21827143087,580.89825644096
92.816500000011,-0.0087527662679953,-0.002917586141884,6.9214574404229e-26,0.0013731994838092,1.7333664016844,0,6.8631522715252e-22,0.057759684657336,1.0145675257727e-14,-4.04501412667,-7.1040177965841e-15,7.1040368086265e-15,8.4969353165362,8.4969248377067,-0.00071434236447077,-0.00071434963321237,7.1039551293304e-15,-7.1039848349202e-15,0.00071434537024576,0.00071434630201476,8.4969374131869,8.4969478904697,3.0937570581453,1.7321902296347e-07,5.7759684657336e-08,-1.4620233698673e-11,0,329.01514954675,100000431.05983,-2.2512548096102e-13,-0.0049542235576242,0.0071578215636162,247.02986983019,5.9354727029001e-07,653.17473299192,571.23315608052
92.916500000011,-0.0039402606611389,-0.0013134189588907,2.9361208625547e-26,0.0013732227215873,1.7333446893571,0,2.9608361332156e-22,0.029919560808807,8.8043074254048e-15,-3.5153553756355,-6.1647899274742e-15,6.1648064259195e-15,7.3843369334169,7.3843277884509,-0.00061989858812502,-0.00061990489586047,6.1647355455085e-15,-6.1647613236981e-15,0.00061990119650409,0.00061990200508317,7.3843387700948,7.3843479137091,2.6886760131772,8.8548235747309e-08,2.9919560808807e-08,-1.4620249246241e-11,0,329.01514954791,100000431.06086,-2.2542385340076e-13,-0.0048905213354613,0.0070585298609085,242.90424637267,6.6971125476767e-07,642.13787705065,561.57413434376
93.016500000011,-0.0017086770068202,-0.00056955841831869,1.2275328068609e-26,0.0013732345398162,1.7333229715893,0,1.2592508033392e-22,0.014938329482786,7.6402828803049e-15,-3.0532151587011,-5.3497381074504e-15,5.3497524246232e-15,6.4135676307224,6.4135596676231,-0.00053794129798642,-0.00053794677177111,5.3496909153682e-15,-5.3497132854025e-15,0.0005379435615096,0.00053794426318579,6.4135692340974,6.4135771960185,2.3352242571054,4.3597600481969e-08,1.4938329482786e-08,-1.4620732592026e-11,0,329.0151495485,100000431.06138,-2.2573610362777e-13,-0.0048268463706607,0.0069592282983797,238.77916015623,7.0711436873908e-07,631.1067993985,551.92039953926
93.116500000011,-0.00071522339540185,-0.00023840753847607,5.0551814508574e-27,0.0013732403389629,1.7333012474386,0,5.2769571100092e-23,0.0072020661228532,6.6301549426258e-15,-2.6508432521332,-4.6424449343676e-15,4.6424573586555e-15,5.5683473275209,5.568340403494,-0.00046681964650777,-0.00046682439659899,4.6424039815885e-15,-4.6424233940625e-15,0.00046682161076874,0.00046682221967575,5.5683487239649,5.5683556469669,2.0274792168779,2.0713391813608e-08,7.2020661228532e-09,-1.4619764531171e-11,0,329.01514954878,100000431.06163,-2.2596508712757e-13,-0.0047632003028178,0.0068599168740712,234.65441632297,7.2108492793366e-07,620.08097712159,542.27149373
93.216500000011,-0.00028952015644716,-9.6506607213876e-05,2.0494738015594e-27,0.0013732430893548,1.7332795163901,0,2.1776628463631e-23,0.0033586393515312,5.7535768263337e-15,-2.3009905997661,-4.0286635565877e-15,4.0286743382505e-15,4.8334486935631,4.833442678309,-0.00040510104554463,-0.00040510516762246,4.0286280182086e-15,-4.0286448641437e-15,0.00040510275010907,0.000405103278512,4.8334499079595,4.8334559223227,1.7598996050016,9.5126929225091e-09,3.3586393515312e-09,-1.4618929177141e-11,0,329.01514954892,100000431.06176,-2.2638142076262e-13,-0.0046995840222545,0.0067605955860243,230.52990750115,7.2172573748089e-07,609.06012185138,532.62716427453
93.316500000011,-0.0001135203445707,-3.7840068572575e-05,8.1752200527347e-28,0.0013732443521798,1.7332577781776,0,8.8447971262252e-24,0.001517337204087,4.9928918056421e-15,-1.99705937374,-3.4960307068996e-15,3.4960400631101e-15,4.1950123658325,4.1950071427545,-0.00035154231037513,-0.00035154588746974,3.4959998670781e-15,-3.4960144857986e-15,0.00035154378957773,0.00035154424812009,4.19501342094,4.1950186432443,1.5274408829354,4.2295451808106e-09,1.517337204087e-09,-1.4620894043876e-11,0,329.01514954899,100000431.06181,-2.2664509873172e-13,-0.0046359979842074,0.0066612644322794,226.40557703876,7.151808626106e-07,598.04408111962,522.98727748038
93.416500000011,-4.317326838551e-05,-1.4391070882966e-05,3.2066128654472e-28,0.0013732449142881,1.7332360326712,0,3.5336127918951e-24,0.00066493197439536,4.3327775626351e-15,-1.7331536406083,-3.0338176741619e-15,3.0338257933803e-15,3.6406533773145,3.6406488433873,-0.00030506461864034,-0.00030506772280439,3.0337909116981e-15,-3.0338035976658e-15,0.00030506590227638,0.00030506630019448,3.6406542935274,3.6406588267829,1.325594535312,1.8230424383953e-09,6.6493197439536e-10,-1.4620300013168e-11,0,329.01514954901,100000431.06184,-2.2692265448855e-13,-0.0045724424045173,0.006561923410876,222.28139614975,7.0495420586095e-07,587.0327770839,513.35176497088
93.516500000011,-1.5943322690384e-05,-5.3144336681041e-06,1.2359731129369e-28,0.0013732451571364,1.733214279813,0,1.3877611158962e-24,0.00028295082060125,3.7599375544956e-15,-1.5040670657534,-2.6327141981496e-15,2.6327212439196e-15,3.1594353288297,3.15943139373,-0.00026473177991571,-0.00026473447367573,2.6326909739726e-15,-2.6327019827183e-15,0.00026473289384119,0.00026473323915022,3.159436124186,3.1594400587026,1.1503790166038,7.625777059544e-10,2.8295082060125e-10,-1.4619110924988e-11,0,329.01514954903,100000431.06185,-2.2714469909416e-13,-0.0045089173735486,0.0064625725198537,218.15735063449,6.9292846282676e-07,576.02617094552,503.72059254125
93.616500000011,-5.7218447904722e-06,-1.9072788674951e-06,4.6784010143924e-29,0.0013732452590665,1.7331925195809,0,5.3541602691889e-25,0.00011701626099119,3.2628331846589e-15,-1.3052363152067,-2.2846409353724e-15,2.2846470496155e-15,2.741772505062,2.7417690899702,-0.00022973137825035,-0.00022973371586619,2.2846207816826e-15,-2.2846303349531e-15,0.00022973234490285,0.00022973264455829,2.7417731953868,2.7417766099726,0.99830432588181,3.0983152121953e-10,1.1701626099119e-10,-1.4618870849323e-11,0,329.01514954903,100000431.06185,-2.2737368259365e-13,-0.0044454229187408,0.0063632117572509,214.03343360068,6.8006770895462e-07,565.0242434563,494.09374309727
93.716500000011,-1.9969158780284e-06,-6.6563762510989e-07,1.7378242152884e-29,0.0013732453006606,1.7331707519703,0,2.0279114912587e-25,4.7060009666292e-05,2.8314513835418e-15,-1.1326794443703,-1.9825867187361e-15,1.9825920246102e-15,2.3793004541864,2.3792974905029,-0.00019935840785358,-0.00019936043641135,1.9825692295819e-15,-1.9825775198068e-15,0.00019935924670417,0.00019935950674193,2.3793010532961,2.3793040165403,0.86632500635631,1.2234760720694e-10,4.7060009666292e-11,-1.4619762724695e-11,0,329.01514954903,100000431.06185,-2.2757491051756e-13,-0.0043819590372298,0.0062638411211062,209.90964167255,6.6681686155409e-07,554.02698477272,484.47120777553
93.816500000011,-6.7800636607903e-07,-2.2600176529656e-07,6.3300958871012e-30,0.0013732453171709,1.7331489769844,0,7.5347709916295e-26,1.8412386314362e-05,2.4571029174849e-15,-0.98293075009762,-1.7204673331455e-15,1.7204719375257e-15,2.064739138468,2.0647365665747,-0.00017300107231506,-0.00017300283267557,1.7204521562464e-15,-1.7204593504141e-15,0.00017300180026054,0.00017300202591849,2.0647396583913,2.0647422299035,0.75179038306128,4.6976315410777e-11,1.8412386314362e-11,-1.4618997412933e-11,0,329.01514954903,100000431.06185,-2.2780389401705e-13,-0.0043185257121054,0.0061644606094566,205.78597310506,6.5342758252277e-07,543.03438941075,474.85298152776
93.916500000011,-2.240062276195e-07,-7.4668618921647e-08,2.2592656979877e-30,0.0013732453235479,1.7331271946302,0,2.744213235839e-26,7.0100543528072e-06,2.132247363378e-15,-0.85297814152633,-1.4930029624614e-15,1.4930069580928e-15,1.7917613757511,1.7917591438743,-0.00015012846131918,-0.00015012998894101,1.4929897921124e-15,-1.4929960351333e-15,0.0001501290930224,0.00015012928884594,1.791761826944,1.7917640584902,0.65239669468999,1.7541989331761e-11,7.0100543528072e-12,-1.4620389014853e-11,0,329.01514954904,100000431.06185,-2.2803287751655e-13,-0.0042551229201823,0.0060650702203393,201.66242688354,6.3997222105027e-07,532.04645383884,465.23906101442
94.016500000011,-7.202202034495e-08,-2.4007298455628e-08,7.8942747988979e-31,0.001373245325945,1.7331054049162,0,9.7889231209967e-27,2.5972394933213e-06,1.8503412235084e-15,-0.74020576329117,-1.2956118392783e-15,1.2956153066441e-15,1.5548723140769,1.5548703772725,-0.00013027985663001,-0.00013028118228374,1.2956004101917e-15,-1.2956058278179e-15,0.00013028040481525,0.00013028057474879,1.5548727056209,1.5548746421383,0.56614322547887,6.3712053150542e-12,2.5972394933213e-12,-1.4619530256029e-11,0,329.01514954904,100000431.06185,-2.2826186101605e-13,-0.0041917506355754,0.0059656699517905,197.53900231006,6.2651497388542e-07,521.06317537223,455.62944363692
94.116500000011,-2.253231207398e-08,-7.5107570378297e-09,2.6980961259966e-31,0.0013732453268217,1.7330836078514,0,3.4169704959414e-27,9.3634963533475e-07,1.605706121258e-15,-0.6423427644072,-1.1243179553439e-15,1.1243209642865e-15,1.3493018158669,1.3493001351269,-0.00011305545194023,-0.00011305660232821,1.1243080373061e-15,-1.1243127386635e-15,0.00011305592764945,0.00011305607511595,1.3493021556459,1.3493038361369,0.49129312889338,2.2504135838033e-12,9.3634963533475e-13,-1.4620272022929e-11,0,329.01514954904,100000431.06185,-2.2845615004604e-13,-0.004128408831288,0.0058662598018463,193.41569881994,6.1305733343543e-07,510.08455168287,446.02412710888
94.216500000011,-6.8575940502437e-09,-2.2858603321378e-09,9.0113569061362e-32,0.0013732453271342,1.7330618034452,0,1.1660905531369e-27,3.2838985295975e-07,1.3934144227496e-15,-0.55741818210944,-9.756709736556e-16,9.7567358478342e-16,1.1709096871535,1.1709082286247,-9.8108299656073e-05,-9.8109297950331e-05,9.7566236688949e-16,-9.7566644667667e-16,9.8108712471396e-05,9.8108840441229e-05,1.1709099820105,1.1709114403232,0.4263389241295,7.7283883908444e-13,3.2838985295975e-13,-1.4619699316165e-11,0,329.01514954904,100000431.06185,-2.2867819465161e-13,-0.0040650974798945,0.0057668397685417,189.29251590298,5.9961007261749e-07,499.11058058908,436.42310927193
94.316500000011,-2.0295078079554e-09,-6.7650125461069e-10,2.938128037037e-32,0.0013732453272424,1.7330399917072,0,3.8866631366306e-28,1.1199390393328e-07,1.2091899805458e-15,-0.48372150043924,-8.4667672904214e-16,8.4667899495065e-16,1.0161028271544,1.0161015614587,-8.5137322404355e-05,-8.5138188713326e-05,8.4666926018351e-16,-8.4667280057874e-16,8.5137680641032e-05,8.513779169187e-05,1.0161030830284,1.0161043485365,0.36997233099057,2.5794383701621e-13,1.1199390393328e-13,-1.4619691468972e-11,0,329.01514954904,100000431.06185,-2.2890717815111e-13,-0.0040018165538239,0.0056674098499111,185.1694530709,5.8617740073302e-07,488.14125996866,426.82638801971
94.416500000011,-5.8375318768956e-10,-1.9458399009885e-10,9.3417776698062e-33,0.0013732453272788,1.7330181726467,0,1.2639063489857e-28,3.712091177787e-08,1.0493220001033e-15,-0.41976829992831,-7.3473691731913e-16,7.3473888365005e-16,0.88176307218024,0.88176197382308,-7.3881248493681e-05,-7.3882000267246e-05,7.3473043592431e-16,-7.3473350824103e-16,7.3881559367599e-05,7.3881655736316e-05,0.88176329422496,0.88176439241937,0.32105799781148,8.3624364111419e-14,3.712091177787e-14,-1.4619607122428e-11,0,329.01514954904,100000431.06185,-2.2911534496889e-13,-0.0039385660254733,0.0055679700439887,181.04650984401,5.7277316600909e-07,477.17658772334,417.23396126681
94.516500000011,-1.6307771200163e-10,-5.4359118707982e-11,2.8931089811603e-33,0.0013732453272908,1.7329963462734,0,4.005477886715e-29,1.1950049265603e-08,9.1059029401134e-16,-0.36427039791002,-6.3759675818932e-16,6.3759846455005e-16,0.76518447252999,0.76518351938749,-6.4113349173239e-05,-6.4114001554215e-05,6.3759113370492e-16,-6.3759379982818e-16,6.4113618946266e-05,6.4113702573998e-05,0.76518466521802,0.76518561821929,0.27861066365288,2.6315595125816e-14,1.1950049265603e-14,-1.4619956034787e-11,0,329.01514954904,100000431.06185,-2.293165728928e-13,-0.0038753458672541,0.005468520348808,176.92368574618,5.5938003768731e-07,466.21656176534,407.64582693696
94.616500000011,-4.4211478079503e-11,-1.4737125709109e-11,8.7164429538608e-34,0.0013732453272947,1.7329745125966,0,1.2355735735288e-29,3.7333253307265e-09,7.9020041842829e-16,-0.31610991631735,-5.5329957767313e-16,5.5330105843453e-16,0.66401881944451,0.66401799231773,-5.5636871682822e-05,-5.5637437811985e-05,5.5329469680634e-16,-5.532970104393e-16,5.563710578894e-05,5.5637178360182e-05,0.66401898665711,0.66401981366132,0.24177532426504,8.031698131284e-15,3.7333253307265e-15,-1.4619031765471e-11,0,329.01514954904,100000431.06185,-2.2955943418007e-13,-0.0038121560516078,0.0053690607624017,172.80098030282,5.4599922812601e-07,455.26118001205,398.06198295838
94.716500000012,-1.1620893968296e-11,-3.8736220678078e-12,2.5513908310838e-34,0.0013732453272961,1.7329526716259,0,3.705041302984e-30,1.1308006677514e-09,6.8572738518171e-16,-0.27431677015389,-4.8014739523246e-16,4.801486802212e-16,0.5762283575076,0.57622763973592,-4.8281076102992e-05,-4.8281567383762e-05,4.8014315966899e-16,-4.8014516741467e-16,4.8281279257751e-05,4.8281342234291e-05,0.57622850261289,0.57622922027821,0.209810014278,2.3751772785816e-15,1.1308006677514e-15,-1.461975383217e-11,0,329.01514954904,100000431.06185,-2.2977453989178e-13,-0.0037489965510138,0.0052695912828022,168.67839304022,5.3263470324347e-07,444.31044038415,388.48242726216
94.816500000012,-2.9582625582388e-12,-9.8608505406866e-13,7.2453474540389e-35,0.0013732453272961,1.7329308233707,0,1.0785026401181e-30,3.3171793084843e-10,5.9506681573697e-16,-0.23804912929092,-4.1666672170263e-16,4.1666783680198e-16,0.50004474280035,0.50004411992585,-4.1897796176462e-05,-4.1898222504607e-05,4.1666304612642e-16,-4.1666478842643e-16,4.1897972471968e-05,4.1898027122328e-05,0.50004486872116,0.50004549150337,0.1820708635041,6.7982666931438e-16,3.3171793084843e-16,-1.4619599915682e-11,0,329.01514954904,100000431.06185,-2.2994801224004e-13,-0.0036858673379861,0.005170111908041,164.55592348522,5.1929215406207e-07,433.36434080486,378.90715778157
94.916500000012,-7.2843838338604e-13,-2.4281215913371e-13,1.9930598822116e-35,0.0013732453272961,1.7329089678405,0,3.0429905907271e-31,9.4126251518655e-11,5.1639255313904e-16,-0.20657646235667,-3.6157887910725e-16,3.6157984677842e-16,0.43393342498433,0.43393288446056,-3.6358454826064e-05,-3.6358824789021e-05,3.6157568948193e-16,-3.6157720143105e-16,3.6358607813399e-05,3.6358655238391e-05,0.43393353425704,0.43393407470072,0.15799912813368,1.8809156949525e-16,9.4126251518655e-17,-1.4619979308098e-11,0,329.01514954904,100000431.06185,-2.3017699573954e-13,-0.003622768385083,0.0050706226361492,160.4335711652,5.0595932612253e-07,422.4228791998,369.33617245195
95.016500000012,-1.7326425938146e-13,-5.775459494224e-14,5.3020391286995e-36,0.0013732453272961,1.7328871050446,0,8.3086021643444e-32,2.5799580043049e-11,4.4811987811352e-16,-0.17926482202929,-3.1377424451421e-16,3.1377508424879e-16,0.37656273766596,0.37656226860528,-3.1551474253473e-05,-3.155179530333e-05,3.1377147659182e-16,-3.1377278864493e-16,3.155160701423e-05,3.1551648169126e-05,0.37656283249164,0.37656330148282,0.13710993625583,5.0234079552965e-17,2.5799580043049e-17,-1.4619529273975e-11,0,329.01514954904,100000431.06185,-2.3041985702683e-13,-0.0035596996649009,0.0049711234651574,156.31133560799,4.9265204812695e-07,411.48605349685,359.76946921062
95.116500000012,-3.9748208277602e-14,-1.324936476324e-14,1.3616081881379e-36,0.0013732453272961,1.7328652349927,0,2.1915116336886e-32,6.8203539366866e-12,3.8887358839664e-16,-0.15556407564436,-2.7228989913224e-16,2.7229062784484e-16,0.32677707507803,0.32677666803224,-2.7380028450878e-05,-2.7380307054475e-05,2.722874971591e-16,-2.7228863574461e-16,2.7380143659228e-05,2.7380179373002e-05,0.32677715736673,0.32677756435221,0.11898252124342,1.2930175042284e-17,6.8203539366866e-18,-1.4619550087742e-11,0,329.01514954904,100000431.06185,-2.3058639048119e-13,-0.003496661150075,0.0048716143930955,152.18921634189,4.7935894976473e-07,400.55386162613,350.20704599681
95.216500000012,-8.7796552794223e-15,-2.9265429695558e-15,3.3690665195756e-37,0.0013732453272961,1.7328433576939,0,5.5734766729436e-33,1.7360111994326e-12,3.374602983226e-16,-0.13499682401125,-2.362902324384e-16,2.3629086480732e-16,0.28357361500394,0.283573261774,-2.376009285488e-05,-2.3760334624072e-05,2.3628814803206e-16,-2.3628913608427e-16,2.3760192831442e-05,2.3760223823469e-05,0.28357368641319,0.28357403959079,0.10325174635713,3.2020724424872e-18,1.7360111994326e-18,-1.461836445601e-11,0,329.01514954904,100000431.06185,-2.3082925176849e-13,-0.0034336528132811,0.0047720954179925,148.06721289565,4.6608260412e-07,389.62630151999,340.64890075167
95.316500000012,-1.8636679651778e-15,-6.2122069998235e-16,8.0150453708408e-38,0.0013732453272961,1.7328214731579,0,1.3639043711124e-33,4.2464820987545e-13,2.9284440070491e-16,-0.11714878526802,-2.0505011064945e-16,2.0505065941237e-16,0.2460821191542,0.24608181262507,-2.061875185723e-05,-2.0618961661921e-05,2.0504830182415e-16,-2.0504915924518e-16,2.0618838615809e-05,2.0618865510355e-05,0.24608218112237,0.24608248760607,0.089600749877881,7.6145099362684e-19,4.2464820987545e-19,-1.4619550435484e-11,0,329.01514954904,100000431.06185,-2.3105823526799e-13,-0.0033706746272339,0.0046725665378775,143.94532479849,4.5282490237647e-07,378.70337111298,331.09503141829
95.416500000012,-3.7938892189215e-16,-1.2646255676175e-16,1.8291659720644e-38,0.0013732453272961,1.7327995813938,0,3.204411494184e-34,9.9616458629279e-14,2.5412720681659e-16,-0.10166045009044,-1.779402705032e-16,1.7794074671373e-16,0.21354740414243,0.21354713813977,-1.7892730080921e-05,-1.7892912147166e-05,1.7793870082415e-16,-1.7793944488485e-16,1.7892805369079e-05,1.7892828707876e-05,0.21354745791774,0.21354772388099,0.077754562628939,1.7350515227703e-19,9.9616458629279e-20,-1.46193401996e-11,0,329.01514954904,100000431.06185,-2.3134966881261e-13,-0.0033077265646882,0.0045730277507783,139.82355158005,4.3958003540621e-07,367.78506834187,321.54543594163
95.516500000012,-7.3896770001618e-17,-2.4632171439964e-17,3.9946092763664e-39,0.0013732453272961,1.7327776824112,0,7.2104753013457e-35,2.2359268988839e-14,2.2052884429051e-16,-0.08821984017115,-1.5441464413975e-16,1.544150573901e-16,0.18531412998515,0.18531389915091,-1.5527117837468e-05,-1.5527275832588e-05,1.5441328198923e-16,-1.5441392767707e-16,1.5527183171718e-05,1.5527203424873e-05,0.18531417665079,0.18531440745082,0.067474569329569,3.7793914629916e-20,2.2359268988839e-20,-1.4618451922184e-11,0,329.01514954904,100000431.06185,-2.315578356304e-13,-0.0032448085984376,0.0044734790547227,135.70189277046,4.2635160167242e-07,356.87139114564,312.00011226859
95.616500000012,-1.3736835563633e-17,-4.5789285619926e-18,8.32517930691e-40,0.0013732453272961,1.7327557762194,0,1.5498085562241e-35,4.789658301511e-15,1.9137254831282e-16,-0.076556224105824,-1.3399935977043e-16,1.3399971838462e-16,0.16081359972537,0.16081339940991,-1.3474265092485e-05,-1.3474402198943e-05,1.3399817771092e-16,-1.3399873803185e-16,1.3474321788841e-05,1.3474339364311e-05,0.1608136402213,0.16081384050708,0.05855370221729,7.8495341902124e-21,4.789658301511e-21,-1.4619408200779e-11,0,329.01514954904,100000431.06185,-2.3177294134208e-13,-0.0031819207013155,0.0043739204477374,131.58034790026,4.1314472351588e-07,345.96233746547,302.45905834797
95.716500000012,-2.430236783865e-18,-8.100758392416e-19,1.6509089230083e-40,0.0013732453272961,1.7327338628277,0,3.1726953835131e-36,9.7645470986655e-16,1.6607102969032e-16,-0.066434664106972,-1.1628319657709e-16,1.1628350777861e-16,0.13955230428841,0.13955213045682,-1.1692821660981e-05,-1.1692940640484e-05,1.1628217079863e-16,-1.1628265703908e-16,1.1692870861466e-05,1.1692886113269e-05,0.13955233943034,0.13955251323618,0.050812270125133,1.5500081128922e-21,9.7645470986655e-22,-1.4618045095121e-11,0,329.01514954904,100000431.06185,-2.3193947479644e-13,-0.0031190628461939,0.0042743519278491,127.45891650048,3.9995860822341e-07,335.05790524475,292.92227213047
95.816500000012,-4.0790792236783e-19,-1.3596876265049e-19,3.104905799659e-41,0.0013732453272961,1.7327119422454,0,6.1663535479908e-37,1.8886493436737e-16,1.441146452067e-16,-0.057651283701052,-1.0090930157691e-16,1.0090957163423e-16,0.12110198183154,0.12110183098236,-1.0146904299201e-05,-1.0147007548328e-05,1.0090841141744e-16,-1.0090883337165e-16,1.0146946994851e-05,1.01469602302e-05,0.12110201232733,0.12110216315415,0.044094338999918,2.900787348876e-22,1.8886493436737e-22,-1.4619928685886e-11,0,329.01514954904,100000431.06185,-2.3220315276545e-13,-0.0030562350059847,0.0041747734930835,123.33759810257,3.8677915929809e-07,324.15809242905,283.38975156869
95.916500000012,-6.4734076156438e-20,-2.1577934453232e-20,5.5183772918573e-42,0.0013732453272961,1.732690014482,0,1.1338376903231e-37,3.4538845583375e-17,1.250611319854e-16,-0.050029161087161,-8.7568001607084e-17,8.7568235959905e-17,0.10509099135487,0.10509086044959,-8.8053739159236e-06,-8.8054635144005e-06,8.7567229136314e-17,-8.7567595303618e-17,8.8054109667469e-06,8.8054224522403e-06,0.10509101781879,0.10509114870467,0.038264590955128,5.1270205052077e-23,3.4538845583375e-23,-1.4619232362682e-11,0,329.01514954904,100000431.06185,-2.3244601405275e-13,-0.0029934371536388,0.0040751851414657,119.21639223843,3.7362434694592e-07,313.26289696616,273.86149461714
96.016500000012,-9.6761367477715e-21,-3.2253646076695e-21,9.23187646482e-43,0.0013732453272961,1.7326680795466,0,1.9647525909518e-38,5.9492541993338e-18,1.0852669908071e-16,-0.043414765438076,-7.599056564289e-17,7.5990769011735e-17,0.091196826814221,0.091196713216029,-7.6412083442366e-06,-7.6412860968268e-06,7.5989895301101e-17,-7.5990213057131e-17,7.6412404965408e-06,7.6412504635279e-06,0.091196849779321,0.09119696336068,0.033205598590921,8.5248920219851e-24,5.9492541993338e-24,-1.4619755593021e-11,0,329.01514954904,100000431.06185,-2.3270275312785e-13,-0.0029306692621452,0.0039755868710204,115.09529844042,3.6048330889564e-07,302.37231680602,264.3374992322
96.116500000012,-1.3565090881332e-21,-4.521675823454e-22,1.4473531640901e-43,0.0013732453272961,1.7326461374487,0,3.1946810117528e-39,9.6110070130947e-19,9.4178296856684e-17,-0.037674864360795,-6.5943791804644e-17,6.5943968285931e-17,0.079139620949037,0.079139522369753,-6.6309580396629e-06,-6.6310255125206e-06,6.5943210089283e-17,-6.5943485834533e-17,6.6309859410851e-06,6.6309945903288e-06,0.079139640877903,0.079139739442579,0.02881545967849,1.3277108158397e-24,9.6110070130947e-25,-1.4619598245961e-11,0,329.01514954904,100000431.06185,-2.3297336999077e-13,-0.0028679313045331,0.0038759786797717,110.97431624134,3.4735846875259e-07,291.4863499008,254.81776337219
96.216500000012,-1.7751442475082e-22,-5.9171183125939e-23,2.1161151468218e-44,0.0013732453272961,1.7326241881974,0,4.850943583021e-40,1.4493240065158e-19,8.1726908437801e-17,-0.032693840224217,-5.7225310020852e-17,5.7225463169406e-17,0.068676507974514,0.068676422428476,-5.7542737408716e-06,-5.7543322930885e-06,5.7224805214547e-17,-5.7225044503295e-17,5.7542979534243e-06,5.7543054591445e-06,0.068676525268568,0.068676610801929,0.025005744564704,1.9275504062617e-25,1.4493240065158e-25,-1.4618964547914e-11,0,329.01514954904,100000431.06185,-2.3318153680853e-13,-0.0028052232538698,0.0037763605657423,106.85344517443,3.3425231537043e-07,280.60499420482,245.3022849973
96.316500000012,-2.1568784630325e-23,-7.1895574300073e-24,2.869516997293e-45,0.0013732453272961,1.7326022318021,0,6.8418825425912e-41,2.0292854970583e-20,7.0921728102228e-17,-0.028371361297292,-4.965950573003e-17,4.965963863069e-17,0.059596731586707,0.05959665735078,-4.993496578749e-06,-4.9935473897301e-06,4.9659067664573e-17,-4.9659275316763e-17,4.9935175901406e-06,4.9935241035235e-06,0.059596746594301,0.059596820819227,0.021699714952039,2.5944169318805e-26,2.0292854970583e-26,-1.4619004702366e-11,0,329.01514954904,100000431.06185,-2.3345215367147e-13,-0.0027425450832616,0.0036767325269559,102.73268477338,3.2116155748855e-07,269.7282476746,235.79106206961
96.416500000012,-2.41881284938e-24,-8.0626650829062e-25,3.5868805285001e-46,0.0013732453272961,1.732580268272,0,8.9096867554967e-42,2.622438884362e-21,6.154510935446e-17,-0.02462036078788,-4.3093982513197e-17,4.3094097842954e-17,0.051717399742224,0.051717335321089,-4.3333023774779e-06,-4.3333464706984e-06,4.3093602364726e-17,-4.3093782563053e-17,4.3333206109366e-06,4.3333262631799e-06,0.051717412765652,0.051717477177241,0.018830778175044,3.2177811360783e-27,2.622438884362e-27,-1.4619985254204e-11,0,329.01514954904,100000431.06185,-2.3367419827703e-13,-0.0026798967658534,0.0035770945614342,98.612034572318,3.0808191610171e-07,258.85610826881,226.28409255311
96.516500000012,-2.4867455988125e-25,-8.2891036290451e-26,4.104473819007e-47,0.0013732453272961,1.7325582976164,0,1.0639965238952e-42,3.1068485745077e-22,5.3408180917315e-17,-0.021365283074493,-3.7396492404569e-17,3.7396592486486e-17,0.044879800701917,0.044879744797952,-3.7603929828586e-06,-3.7604312464788e-06,3.7396162515834e-17,-3.7396318889995e-17,3.7604088056569e-06,3.7604137106126e-06,0.044879812003506,0.044879867899188,0.016341145838158,3.6522835938784e-28,3.1068485745077e-28,-1.4618893292417e-11,0,329.01514954904,100000431.06185,-2.3390318177654e-13,-0.0026172782748289,0.0034774466671992,94.491494105822,2.9502410908492e-07,247.98857394831,216.78137441368
96.616500000013,-2.3258747845558e-26,-7.7528679513861e-27,4.2660308538118e-48,0.0013732453272961,1.7325363198445,0,1.1562986768696e-43,3.3485798996829e-23,4.6347042337166e-17,-0.018540561805168,-3.2452272048347e-17,3.2452358898354e-17,0.038946206133393,0.038946157620536,-3.2632284003596e-06,-3.2632616051159e-06,3.2451985774467e-17,-3.2452121474275e-17,3.2632421312131e-06,3.2632463876806e-06,0.038946215940791,0.038946264446459,0.014180669796102,3.7641743329149e-29,3.3485798996829e-29,-1.461915878118e-11,0,329.01514954904,100000431.06185,-2.3412522638211e-13,-0.0025546895834103,0.0033777888422715,90.371062908908,2.819811514248e-07,237.12564267612,207.28290561912
96.716500000013,-1.9618835990609e-27,-6.5395689626594e-28,3.9914899198812e-49,0.0013732453272961,1.7325143349655,0,1.1335681157177e-44,3.2548663801187e-24,4.0219462571261e-17,-0.016089299208099,-2.8161731044361e-17,2.8161806411858e-17,0.033797096877927,0.033797054778994,-2.8317943474139e-06,-2.8318231621426e-06,2.8161482618981e-17,-2.8161600377807e-17,2.8318062629002e-06,2.8318099566167e-06,0.033797105388681,0.033797147481376,0.012305832030243,3.4914140472564e-30,3.2548663801187e-30,-1.4619402606191e-11,0,329.01514954904,100000431.06185,-2.3428482094256e-13,-0.0024921306648581,0.0032781210846724,86.250740517028,2.6896100543123e-07,226.26731241741,197.78868413912
96.816500000013,-1.4775432120827e-28,-4.9251095193131e-29,3.327682146503e-50,0.0013732453272961,1.7324923429887,0,9.9245914314195e-46,2.8247869249809e-25,3.4902015057471e-17,-0.01396212001168,-2.4438445919391e-17,2.4438511322491e-17,0.029328755500953,0.029328718967954,-2.4574005378114e-06,-2.4574255429216e-06,2.4438230338531e-17,-2.4438332528368e-17,2.4574108779416e-06,2.4574140833089e-06,0.029328762886493,0.029328799414079,0.010678868074213,2.8848232688488e-31,2.8247869249809e-31,-1.4618665231393e-11,0,329.01514954904,100000431.06185,-2.3454156001768e-13,-0.0024296014924715,0.0031784433924209,82.130526466074,2.5595173581885e-07,215.41358113952,188.29870794529
96.916500000013,-9.8211755564704e-30,-3.2737006890839e-30,2.4429350014017e-51,0.0013732453272961,1.7324703439232,0,7.6706945604766e-47,2.1636874865293e-26,3.0287591558779e-17,-0.012116176888701,-2.1207419317166e-17,2.1207476073269e-17,0.025451177133396,0.025451145430454,-2.1325056350757e-06,-2.1325273342402e-06,2.1207232238425e-17,-2.1207320917661e-17,2.132514608129e-06,2.1325173897122e-06,0.025451183542488,0.025451215240732,0.0092670063321348,2.0984451099479e-32,2.1636874865293e-32,-1.4619261037299e-11,0,329.01514954904,100000431.06185,-2.3475666572935e-13,-0.0023671020395877,0.0030787557635367,78.010420292381,2.4296097260157e-07,204.56444681196,178.81297501118
97.016500000013,-5.6846378888637e-31,-1.8948641204936e-31,1.5576913097451e-52,0.0013732453272961,1.7324483377782,0,5.1637907572851e-48,1.4431763309669e-27,2.6283244704379e-17,-0.010514287391562,-1.840356934224e-17,1.8403618594574e-17,0.022086256522356,0.022086229010886,-1.850565348895e-06,-1.8505841791955e-06,1.840340699733e-17,-1.8403483952213e-17,1.8505731356137e-06,1.8505755494415e-06,0.022086262084097,0.022086289591491,0.0080418079671947,1.3254936362734e-33,1.4431763309669e-33,-1.4618965267063e-11,0,329.01514954904,100000431.06185,-2.3497177144104e-13,-0.0023046322795824,0.0029790581960386,73.890421532714,2.2998161831056e-07,193.71990740637,169.33148331229
97.116500000013,-2.8204293634858e-32,-9.4013503901614e-33,8.4891689429581e-54,0.0013732453272961,1.7324263245629,0,2.9803586205957e-49,8.2512040240501e-29,2.280831577016e-17,-0.0091241849939864,-1.5970418628942e-17,1.5970461369584e-17,0.019166214773274,0.019166190899117,-1.6059006148461e-06,-1.6059169555774e-06,1.5970277747783e-17,-1.5970344528399e-17,1.6059073720765e-06,1.6059094667702e-06,0.019166219599693,0.019166243470312,0.0069785940640808,7.1544662949281e-35,8.2512040240501e-35,-1.4618542028817e-11,0,329.01514954904,100000431.06185,-2.3520075494053e-13,-0.0022421921858695,0.002879350687944,69.770529724286,2.1702261127082e-07,182.87996089653,159.85423082606
97.216500000013,-1.1773689193945e-33,-3.924526731399e-34,3.8798016567244e-55,0.0013732453272961,1.7324043042865,0,1.4475888258435e-50,3.9691740172708e-30,1.9792809986837e-17,-0.0079178691531005,-1.3858956729565e-17,1.3858993819432e-17,0.016632234093788,0.016632213376052,-1.3935832021836e-06,-1.3935973824937e-06,1.3858834474417e-17,-1.3858892425914e-17,1.3935890660351e-06,1.3935908837877e-06,0.016632238282102,0.016632258996767,0.0060559485267357,3.2377524731671e-36,3.9691740172708e-36,-1.4618209246111e-11,0,329.01514954904,100000431.06185,-2.3538810507658e-13,-0.0021797817319007,0.0027796332372711,65.65074440474,2.0408418996848e-07,172.04460525839,150.38121553197
97.316500000013,-4.0442746160746e-35,-1.3480780482754e-35,1.4536672032955e-56,0.0013732453272961,1.7323822769581,0,5.7868988861958e-52,1.5711355176004e-31,1.7175986649903e-17,-0.0068710413003398,-1.2026652907136e-17,1.2026685093323e-17,0.014433273039197,0.01443325506057,-1.209336445515e-06,-1.2093487510349e-06,1.202654681544e-17,-1.2026597105123e-17,1.209341534102e-06,1.209343111528e-06,0.01443327667377,0.014433294649733,0.0052552866983965,1.2009530039846e-37,1.5711355176004e-37,-1.4618009585738e-11,0,329.01514954904,100000431.06185,-2.3563096636389e-13,-0.0021174008911655,0.0026799058420372,61.531065112142,1.9115434895258e-07,161.21383847001,140.91243541157
97.416500000013,-1.1128786650121e-36,-3.7095552529491e-37,4.3445676328612e-58,0.0013732453272961,1.7323602425868,0,1.8536299909311e-53,4.9820285895758e-33,1.4905135632275e-17,-0.0059626154004437,-1.0436599447646e-17,1.0436627378471e-17,0.012525038395282,0.012525022793624,-1.049449100821e-06,-1.0494597794182e-06,1.0436507382418e-17,-1.0436551023262e-17,1.0494535166418e-06,1.049454885515e-06,0.012525041549326,0.012525057148672,0.0045604810147271,3.5525083237111e-39,4.9820285895758e-39,-1.4618989077081e-11,0,329.01514954904,100000431.06185,-2.3588770543898e-13,-0.0020550496371927,0.0025801685002574,57.411491385011,1.7824281376787e-07,150.38765851161,131.44788844851
97.516500000013,-2.374071689692e-38,-7.9134785220547e-39,1.0016844962915e-59,0.0013732453272961,1.7323382011818,0,4.6040924663992e-55,1.2247221170399e-34,1.293451565519e-17,-0.0051742932198428,-9.0567682356559e-18,9.056792473724e-18,0.010869092989321,0.01086907945037,-9.1070059064085e-07,-9.107098574121e-07,9.056688342446e-18,-9.0567262134987e-18,9.1070442264242e-07,9.1070561053583e-07,0.010869095726366,0.01086910926331,0.0039575361496515,8.1047539391771e-41,1.2247221170399e-40,-1.4618681710989e-11,0,329.01514954904,100000431.06185,-2.3610975004457e-13,-0.0019927279435476,0.0024804212099477,53.292022762293,1.6535018805208e-07,139.56606336554,121.98757262872
97.616500000013,-3.7698322437574e-40,-1.2565944102276e-40,1.7092788018009e-61,0.0013732453272961,1.7323161527522,0,8.5146044463963e-57,2.2410472735103e-36,1.1224432931163e-17,-0.0044901957491538,-7.8593656186437e-18,7.8593866521772e-18,0.0094320814581297,0.0094320697091748,-7.9029613265164e-07,-7.9030417425561e-07,7.8592962881793e-18,-7.8593291522697e-18,7.9029945802121e-07,7.9030048886227e-07,0.0094320838333077,0.0094320955805216,0.0034343071104168,1.3681143963314e-42,2.2410472735103e-42,-1.4618165638578e-11,0,329.01514954904,100000431.06185,-2.3631097796846e-13,-0.0019304357838334,0.0023806639691239,49.172658783356,1.524711653319e-07,128.74905101626,112.53148594054
97.716500000013,-4.2332283114778e-42,-1.4110558389318e-42,2.0487769798194e-63,0.0013732453272961,1.732294097307,0,1.1138901239703e-58,2.8999189239139e-38,9.740441620296e-18,-0.0038965433556027,-6.8202725652551e-18,6.8202908179283e-18,0.008185058377935,0.0081850481823189,-6.8581044495057e-07,-6.858174233676e-07,6.8202124010272e-18,-6.8202409201298e-18,6.8581333067034e-07,6.8581422522308e-07,0.0081850604390888,0.0081850706331941,0.0029802546035361,1.6216831099955e-44,2.8999189239139e-44,-1.4618905010507e-11,0,329.01514954904,100000431.06185,-2.3659547261919e-13,-0.001868173131692,0.0022808967758001,45.053398988014,1.3961147128575e-07,117.93661945037,103.079626375
97.816500000013,-3.147201461862e-44,-1.0490503770129e-44,1.6128686377912e-65,0.0013732453272961,1.7322720348555,0,9.6513357454671e-61,2.4844128197477e-40,8.4526499949036e-18,-0.0033813782227542,-5.9185588406814e-18,5.918574680154e-18,0.0071029052227341,0.0071028963750886,-5.9513889410695e-07,-5.9514494990185e-07,5.9185066308146e-18,-5.9185313793836e-18,5.9514139830339e-07,5.9514217458659e-07,0.0071029070113811,0.0071029158577156,0.002586232743996,1.2620153203697e-46,2.4844128197477e-46,-1.461939180238e-11,0,329.01514954904,100000431.06185,-2.3681057833084e-13,-0.001805939960802,0.0021811196279904,40.934242916489,1.2675830797003e-07,107.12876665658,93.631991926258
97.916500000013,-1.4204551548489e-46,-4.7347653635692e-47,7.6338008868734e-68,0.0013732453272961,1.7322499654066,0,5.0791252337058e-63,1.2921461587401e-42,7.3351183366748e-18,-0.0029343234867067,-5.1360614133019e-18,5.1360751586251e-18,0.0061638244070621,0.006163816729171,-5.1645510196971e-07,-5.1646035712309e-07,5.1360161061436e-18,-5.1360375826844e-18,5.1645727508433e-07,5.164579487345e-07,0.0061638259592307,0.0061638336359841,0.0022443048316009,5.9018761548765e-49,1.2921461587401e-48,-1.4619173455425e-11,0,329.01514954904,100000431.06185,-2.3706037851205e-13,-0.0017437362448799,0.002081332523708,36.81519010947,1.139321633783e-07,96.325490625745,84.188580592312
98.016500000013,-3.4612950487373e-49,-1.1537413963431e-49,1.9274924154453e-70,0.0013732453272961,1.7322278889693,0,1.4440091447128e-65,3.6283353153156e-45,6.3653364383315e-18,-0.0025463742170864,-4.4570186005233e-18,4.4570305285663e-18,0.0053489002217701,0.0053488935589791,-4.4817415731296e-07,-4.4817871767828e-07,4.4569792834609e-18,-4.4569979205709e-18,4.4817604311834e-07,4.4817662770468e-07,0.0053489015687252,0.0053489082305289,0.0019475834836755,1.4714596176999e-51,3.6283353153156e-51,-1.4619722823521e-11,0,329.01514954904,100000431.06185,-2.3731711758716e-13,-0.0016815619576798,0.0019815354609655,32.696240108043,1.0112305216352e-07,85.526789350798,74.749390376275
98.116500000013,-3.8639388208504e-52,-1.2879491242103e-52,2.1961116011586e-73,0.0013732453272961,1.7322058055529,0,1.8823778701672e-68,4.6674901500496e-48,5.5237701852154e-18,-0.0022097160326108,-3.8677525844926e-18,3.8677629355193e-18,0.0046417178188386,0.0046417120369406,-3.8892069129943e-07,-3.8892464873519e-07,3.8677184655705e-18,-3.8677346386533e-18,3.8892232778097e-07,3.8892283507868e-07,0.0046417189877117,0.0046417247687529,0.0016900919039504,1.6539907472498e-54,4.6674901500496e-54,-1.4618105527464e-11,0,329.01514954904,100000431.06185,-2.3758079555619e-13,-0.0016194170729933,0.0018817284377754,28.577392453724,8.8329268777502e-08,74.732660826795,65.314419288762
98.216500000013,-1.5542279877631e-55,-5.1806153069996e-56,8.8398300867834e-77,0.0013732453272961,1.7321837151662,0,8.8529169559767e-72,2.163474635638e-51,4.7934680836875e-18,-0.0019175676976357,-3.3563939026623e-18,3.3564028851715e-18,0.0040280325705148,0.0040280275530461,-3.3750117371271e-07,-3.375046079327e-07,3.3563642946304e-18,-3.3563783294569e-18,3.3750259383371e-07,3.3750303406118e-07,0.0040280335848502,0.0040280386015753,0.0014666434932012,6.5596972617423e-58,2.163474635638e-57,-1.4618152337718e-11,0,329.01514954904,100000431.06185,-2.3780977905568e-13,-0.0015573015646485,0.0017819114521491,24.45864668845,7.5535876760234e-08,63.943103050886,55.883665352671
98.316500000013,-1.5537289886452e-59,-5.1789212399065e-60,8.6096033450286e-81,0.0013732453272961,1.7321616178184,0,1.0368284224325e-75,2.4922725344565e-55,4.1597198107245e-18,-0.0016640445291386,-2.9126423636807e-18,2.9126501586051e-18,0.0034954831427446,0.0034954787886396,-2.9287987192679e-07,-2.9288285210579e-07,2.9126166701505e-18,-2.9126288494213e-18,2.9288110429245e-07,2.9288148631709e-07,0.003495484022974,0.0034954883764338,0.0012727373766607,6.2820362399739e-62,2.4922725344565e-61,-1.4617904403708e-11,0,329.01514954904,100000431.06185,-2.3806651813081e-13,-0.0014952154065124,0.0016820845020975,20.340002354629,6.2774912806912e-08,53.15811402237,46.457126613794
98.416500000013,-2.0759201351439e-64,-6.919437932924e-65,1.0784788593339e-85,0.0013732453272961,1.7321395135184,0,1.628531827448e-80,3.837185588318e-60,3.6097599069489e-18,-0.0014440398627753,-2.5275595727839e-18,2.527566337135e-18,0.0030333425033975,0.0030333387249522,-2.5415798835968e-07,-2.5416057452682e-07,2.527537276216e-18,-2.5275478452556e-18,2.5415905779328e-07,2.5415938931014e-07,0.003033343267251,0.0030333470451365,0.001104467743837,7.7104415437824e-67,3.837185588318e-66,-1.4618758838277e-11,0,329.01514954904,100000431.06185,-2.3831631831201e-13,-0.0014331585724877,0.0015822475856309,16.221458995037,5.0028520451855e-08,42.377691742588,37.034801167606
98.516500000013,-1.1651456140553e-70,-3.8835953821523e-71,5.3455634233422e-92,0.0013732453272961,1.7321174022753,0,1.0818673844923e-86,2.4817711069516e-66,3.1325106446403e-18,-0.0012531221904041,-2.1933888875729e-18,2.1933947576038e-18,0.0026323018498934,0.0026322985709994,-2.2055555618102e-07,-2.2055780042892e-07,2.1933695388522e-18,-2.1933787105506e-18,2.2055648422395e-07,2.2055677191069e-07,0.0026323025127572,0.0026323057911654,0.0009584451745866,3.7186961509018e-73,2.4817711069516e-72,-1.4619058265406e-11,0,329.01514954904,100000431.06185,-2.3855917959931e-13,-0.0013711310365153,0.0014824007007594,12.103016152896,3.7294856658616e-08,31.601834214998,27.616687240855
98.616500000014,-2.0871407514023e-79,-6.9565323277748e-80,7.6036590863934e-101,0.0013732453272961,1.732095284098,0,2.3325925175192e-95,5.122787219588e-75,2.7183588913754e-18,-0.001087445897141,-1.9033991775828e-18,1.9034042715322e-18,0.0022842831039328,0.002284280258544,-1.9139572860279e-07,-1.9139767613687e-07,1.9033823869721e-18,-1.9033903460728e-18,1.9139653394841e-07,1.9139678359986e-07,0.0022842836791589,0.002284286524126,0.00083172836673072,5.0593585798156e-82,5.122787219588e-81,-1.4618884815429e-11,0,329.01514954904,100000431.06185,-2.3883673535615e-13,-0.0013091327725725,0.0013825438454919,7.9846733718673,2.4582804579307e-08,20.830539445169,18.202783526133
98.716500000014,-3.7086477839874e-94,-1.2360026719132e-94,8.4055289631256e-116,0.0013732453272961,1.7320731589955,0,5.3250770899726e-110,1.0488627957832e-89,2.3589624747047e-18,-0.00094367379994086,-1.6517492405243e-18,1.6517536609985e-18,0.0019822761964492,0.0019822737272515,-1.660911452955e-07,-1.6609283534453e-07,1.6517346698137e-18,-1.6517415766353e-18,1.6609184416573e-07,1.6609206081056e-07,0.0019822766956242,0.001982279164456,0.00072176489001881,5.0035313355084e-97,1.0488627957832e-95,-1.4618510239894e-11,0,329.01514954904,100000431.06185,-2.3908653553735e-13,-0.001247163754674,0.0012826770178371,3.8664301960022,1.1880665478969e-08,10.063805440714,8.7930916636802
98.816500000014,-6.0468946778747e-168,-2.0052003898967e-168,-2.5069763126018e-188,0.0013732453272961,1.7320510269767,0.20733607410363,2.4399983569691e-181,1.960843481195e-163,2.0470816086089e-18,-0.00081890971183287,-1.4333697668227e-18,1.4333736028614e-18,0.0017201974123994,0.0017201952696569,-1.4413206336814e-07,-1.4413352997404e-07,1.4333571225208e-18,-1.4333631161844e-18,1.4413266984001e-07,1.4413285784201e-07,0.0017201978455779,0.0017201999880029,0.00062633961057698,-6.5335011190956e-172,1.960843481195e-169,-1.4618586872183e-11,0,329.01514954904,100000431.06185,-2.3934327461247e-13,-0.0011852239568712,0.0011828002158029,-0.25171383019723,-8.0343110273865e-10,-0.69836978862836,0.61260989526059
98.916500000014,-8.3370445331059e-96,-2.7795405220967e-96,1.9216475979776e-117,0.0013732453272961,1.7320288807223,0.83593148669454,-1.0774076484295e-111,-3.1321605031104e-91,1.7764349321961e-18,-0.00071064085198008,-1.2438625376875e-18,1.2438658665598e-18,0.0014927684176384,0.00149276655819,-1.250762212605e-07,-1.2507749396499e-07,1.2438515651012e-18,-1.2438567663366e-18,1.2507674755013e-07,1.250769106962e-07,0.0014927687935459,0.0014927706527188,0.00054353063145806,1.7015821774435e-98,-3.1321605031104e-97,-132.11635041969,165.64546115649,329.01514954904,100000431.06185,-2.3968328042881e-13,-0.0011233260748762,0.0010829134373966,-4.3689129048398,-2.6618163371314e-08,-11.451568393437,10.00974092016
99.016500000014,-1.9257747038008e-80,-6.4198520105299e-81,1.1316763146748e-101,0.0013732453272961,1.7320067133173,1.1638713367485,-3.2672358730827e-96,-8.3364620473475e-76,1.5415710401966e-18,-0.00061668645304042,-1.0794104705619e-18,1.0794133593213e-18,0.0012954083038136,0.0012954066902044,-1.085397933906e-07,-1.0854089782981e-07,1.0794009486701e-18,-1.079405462246e-18,1.0854025009906e-07,1.0854039167545e-07,0.0012954086300221,0.0012954102433922,0.00047167000925819,8.7748171870386e-83,-8.3364620473475e-82,-132.11870067245,165.6514731292,329.01514954904,100000431.06185,-2.3996777509391e-13,-0.0010614820951794,0.00098301668062512,-8.4843672203405,-5.1589265833784e-08,-22.191614929206,19.395114035404
99.116500000014,-1.3861816935447e-71,-4.6208964727492e-72,1.4737594651618e-92,0.0013732453272961,1.731984524801,1.4178975151769,-2.8654926002088e-87,-6.9146270470787e-67,1.3377586923688e-18,-0.00053515384079586,-9.3670074357643e-19,9.3670325041064e-19,0.0011241413294663,0.0011241399291936,-9.4189659957329e-08,-9.4190618377738e-08,9.366924805816e-19,-9.36696397414e-19,9.4190056283991e-08,9.4190179142455e-08,0.0011241416125465,0.0011241430126117,0.00040931013775033,1.0795700653073e-73,-6.9146270470787e-73,-132.12105271073,165.6574920077,329.01514954904,100000431.06185,-2.4025920865292e-13,-0.00099969192913003,0.00088310994349469,-12.598079698547,-7.6525257717878e-08,-32.918531148187,28.768576999965
99.216500000014,-2.3845265003524e-65,-7.9487998581734e-66,4.0236146609064e-86,0.0013732453272961,1.7319623151966,1.6328784637299,-5.8981428152586e-81,-1.3706603366499e-60,1.1608925390684e-18,-0.0004644007208308,-8.1285878444358e-19,8.1286095984722e-19,0.00097551769962717,0.00097551648448569,-8.1736769213765e-08,-8.1737600920641e-08,8.1285161390595e-19,-8.1285501289078e-19,8.173711314176e-08,8.1737219757008e-08,0.00097551794528114,0.00097551916024256,0.00035519491503961,2.8363990027859e-67,-1.3706603366499e-66,-132.12340793368,165.66351267575,329.01514954904,100000431.06185,-2.4054370331802e-13,-0.00093795551611831,0.00078319322401088,-16.710051401555,-1.0140510725112e-07,-43.632329129748,38.130138925625
99.316500000014,-1.5348895343878e-60,-5.116494950612e-61,3.8337597131421e-81,0.0013732453272961,1.7319400845272,1.8226828115596,-4.5103965964003e-76,-1.016685418649e-55,1.0074100022317e-18,-0.000403001927796,-7.0539007039145e-19,7.0539195818322e-19,0.0008465437194963,0.00084654266500966,-7.0930285177067e-08,-7.0931006923307e-08,7.0538384787636e-19,-7.0538679747868e-19,7.0930583634065e-08,7.0930676153625e-08,0.00084654393267216,0.00084654498700255,0.00030823430947354,2.6198252304316e-62,-1.016685418649e-61,-132.12576392863,165.66953665276,329.01514954904,100000431.06185,-2.4089064802827e-13,-0.00087627279564328,0.00068326652017848,-20.820283389861,-1.2623758977194e-07,-54.33302094033,47.479811099553
99.416500000014,-1.2462734078858e-56,-4.1543789144726e-57,4.4122231672496e-77,0.0013732453272961,1.7319178328158,1.9945112253421,-4.3354366044489e-72,-9.512746243951e-52,8.7421951510765e-19,-0.00034972071859997,-6.1212988151128e-19,6.1213151971658e-19,0.00073462149307237,0.00073462057800025,-6.1552535091548e-08,-6.1553161415137e-08,6.1212448167992e-19,-6.1212704131294e-19,6.1552794089306e-08,6.1552874376781e-08,0.00073462167806407,0.00073462259300059,0.00026748240336165,2.9334205255028e-58,-9.512746243951e-58,-132.12812413348,165.67556693505,329.01514954904,100000431.06185,-2.4121677605679e-13,-0.00081464370731349,0.00058332983000213,-24.928776722343,-1.5102099903798e-07,-65.020618633437,56.817605181021
99.516500000014,-2.4332196884753e-53,-8.1109590929624e-54,1.1853873940477e-73,0.0013732453272961,1.7318955600857,2.1526725873763,-1.0000155338325e-68,-2.1402168512797e-48,7.5863824947341e-19,-0.00030348386095064,-5.3119969725555e-19,5.3120111887241e-19,0.00063749659427511,0.00063749580018541,-5.3414624891727e-08,-5.341516840857e-08,5.3119501134024e-19,-5.3119723256212e-19,5.3414849647183e-08,5.3414919319786e-08,0.00063749675480891,0.00063749754878094,0.00023211833955255,7.683162173816e-55,-2.1402168512797e-54,-132.13048720655,165.68160032792,329.01514954904,100000431.06185,-2.4156372076704e-13,-0.00075306819084713,0.00048338315148573,-29.035532456254,-1.7575249112172e-07,-75.695134249675,66.143532929575
99.616500000014,-1.6768087564861e-50,-5.5895006201187e-51,1.100155344872e-70,0.0013732453272961,1.7318732663596,2.2999881205298,-8.1314957665459e-66,-1.6995906700148e-45,6.5833807598451e-19,-0.00026336001546096,-4.6096935779011e-19,4.6097059145386e-19,0.00055321265651062,0.00055321196740816,-4.6352634348535e-08,-4.6353106006579e-08,4.6096529140344e-19,-4.6096721895578e-19,4.6352829388891e-08,4.6352889850023e-08,0.00055321279582011,0.00055321348482046,0.00020142978707944,6.9606834698845e-52,-1.6995906700148e-51,-132.13284934985,165.68763680153,329.01514954904,100000431.06185,-2.4186903211386e-13,-0.00069154618607173,0.00038342648263207,-33.140551647265,-2.0044752928701e-07,-86.35657981679,75.457606135439
99.716500000014,-5.2215656306248e-48,-1.7405604786351e-48,4.5390655173843e-68,0.0013732453272961,1.7318509516608,2.4384243453863,-2.9853011948823e-63,-6.0988255265883e-43,5.7129866915071e-19,-0.00022854097587376,-4.0002422802436e-19,4.0002529858444e-19,0.00048007196598679,0.00048007136799112,-4.0224315258306e-08,-4.022472455806e-08,4.0002069925794e-19,-4.0002237196704e-19,4.022448451222e-08,4.0224536979737e-08,0.00048007208687807,0.00048007268478513,0.00017479859282589,2.8057614647669e-49,-6.0988255265883e-49,-132.13521751629,165.69368250749,329.01514954904,100000431.06185,-2.4215352677899e-13,-0.0006300776329224,0.00028345982144389,-37.243835349421,-2.2509583391057e-07,-97.004967349649,84.759836596002
99.816500000014,-8.6947591853078e-46,-2.8983114811208e-46,9.8865592785554e-66,0.0013732453272961,1.731828616012,2.5694168737226,-5.8572558171608e-61,-1.1702749526769e-40,4.9576681234073e-19,-0.00019832538953156,-3.4713670291149e-19,3.4713763193196e-19,0.00041660126501824,0.00041660074608406,-3.4906226166857e-08,-3.4906581352761e-08,3.4713364068612e-19,-3.4713509224501e-19,3.4906373043575e-08,3.4906418574319e-08,0.00041660136992638,0.00041660188878366,0.00015168833019647,5.9740968741785e-47,-1.1702749526769e-46,-132.13758788872,165.69972687387,329.01514954904,100000431.06185,-2.4249353259533e-13,-0.00056866247144357,0.00018348316592326,-41.345384615163,-2.4968704602947e-07,-107.64030885029,94.050236106331
99.916500000014,-8.7285232006501e-44,-2.9095615709109e-44,1.284863313127e-63,0.0013732453272961,1.7318062594361,2.6940517264372,-6.925400918778e-59,-1.3538051637183e-38,4.3022108310505e-19,-0.00017210463017613,-3.0124148005586e-19,3.0124228624978e-19,0.00036152207650378,0.0003615216261783,-3.0291245914004e-08,-3.0291554140494e-08,3.0123882268977e-19,-3.0124008233689e-19,3.0291373372033e-08,3.0291412883121e-08,0.00036152216754193,0.00036152261780068,0.00013163349398763,7.5929790074814e-45,-1.3538051637183e-44,-132.13996037287,165.70578064129,329.01514954904,100000431.06185,-2.4284741619948e-13,-0.00050730064178756,8.3496514071604e-05,-45.445200495362,-2.7423675898977e-07,-118.26261630796,103.32881645483
100.01650000001,-5.7712231592552e-42,-1.9237740017741e-42,1.0904678887952e-61,0.0013732453272961,1.7317838819562,2.8131740421036,-5.3914312702854e-57,-1.0314980875815e-36,3.7334120748057e-19,-0.00014935053851664,-2.6141410154887e-19,2.6141480115525e-19,0.00031372495182865,0.00031372456104107,-2.6286415914359e-08,-2.6286683389976e-08,2.6141179551529e-19,-2.6141288862345e-19,2.6286526521059e-08,2.6286560808354e-08,0.00031372503083058,0.00031372542156025,0.00011423012381341,6.3042663346946e-43,-1.0314980875815e-42,-132.14233295628,165.71183274451,329.01514954904,100000431.06185,-2.4320129980364e-13,-0.00044599208421447,-1.6500136110187e-05,-49.543284039277,-2.9874407372135e-07,-128.87190169909,112.59558942109
100.11650000001,-2.6877426441892e-40,-8.9592851639546e-41,6.4723541506418e-60,0.0013732453272961,1.7317614835948,2.9274568369245,-2.9556459091725e-55,-5.5357121243764e-35,3.2398146598737e-19,-0.00012960478362717,-2.26852332806e-19,2.2685293991685e-19,0.00027224712347231,0.00027224678435107,-2.2811067711916e-08,-2.2811299824367e-08,2.2685033165497e-19,-2.2685128024242e-19,2.2811163695215e-08,2.281119344936e-08,0.00027224719202933,0.00027224753110032,9.9127667215554e-05,3.6614743524503e-41,-5.5357121243764e-41,-132.14471056537,165.71789166754,329.01514954904,100000431.06185,-2.435343667261e-13,-0.00038473673909237,-0.00011650678662218,-53.639636294561,-3.231953207644e-07,-139.46817698737,121.85056677471
100.21650000001,-9.2884080649106e-39,-3.0961823576062e-39,2.8334227401091e-58,0.0013732453272961,1.731739064375,3.0374464158465,-1.2021363127897e-53,-2.2045118138972e-33,2.8114761564002e-19,-0.00011246963088234,-1.9686000332275e-19,1.9686053016699e-19,0.0002362531121829,0.00023625281789715,-1.9795198092159e-08,-1.9795399516836e-08,1.9685826674551e-19,-1.9685908991945e-19,1.9795281385429e-08,1.9795307205754e-08,0.00023625317167594,0.00023625346591808,8.6021918558442e-05,1.5687712160602e-39,-2.2045118138972e-39,-132.14709051806,165.72395445598,329.01514954904,100000431.06185,-2.4386049475465e-13,-0.00032353454689645,-0.00021652343946473,-57.734258307319,-3.4760366779524e-07,-150.05145412372,131.09376027466
100.31650000001,-2.4823656987648e-37,-8.2746690134409e-38,9.5425628901357e-57,0.0013732453272961,1.7317166243193,3.1435934508396,-3.7806085037018e-52,-6.7892576676986e-32,2.439768631183e-19,-9.7599930471686e-05,-1.7083298385727e-19,1.7083344104701e-19,0.0002050178980928,0.00020501764271481,-1.7178059021899e-08,-1.7178233816057e-08,1.7083147687431e-19,-1.7083219121576e-19,1.7178131302899e-08,1.7178153709498e-08,0.00020501794972022,0.00020501820506037,7.4648891478343e-05,5.1716995611681e-38,-6.7892576676986e-38,-132.14947207396,165.73002281576,329.01514954904,100000431.06185,-2.4421437835882e-13,-0.00026238544820897,-0.00031655009663859,-61.827151122053,-3.7197491853844e-07,-160.62174504638,140.32518166887
100.41650000001,-5.3041196119149e-36,-1.7680634663067e-36,2.5578272635396e-55,0.0013732453272961,1.7316941634505,3.2462748957647,-9.5047566742949e-51,-1.6716881823674e-30,2.1172048570123e-19,-8.4696165118951e-05,-1.4824701758098e-19,1.482474143253e-19,0.00017791231679458,0.00017791209518032,-1.4906934014301e-08,-1.4907085698783e-08,1.4824570983745e-19,-1.4824632973524e-19,1.4906996738972e-08,1.4907016183177e-08,0.0001779123615963,0.00017791258317772,6.4779501461125e-05,1.3571014601381e-36,-1.6716881823674e-36,-132.15185685545,165.7360950615,329.01514954904,100000431.06185,-2.4451968970567e-13,-0.00020128938371887,-0.00041658676014534,-65.918315781671,-3.9628600606316e-07,-171.17906168083,149.54484269402
100.51650000001,-9.3110648216855e-35,-3.1037276251444e-35,5.6103086962727e-54,0.0013732453272961,1.7316716817913,3.3458098384424,-1.9629828052556e-49,-3.3816354315349e-29,1.8372874990129e-19,-7.3498416968008e-05,-1.2864716008249e-19,1.2864750437292e-19,0.00015439038621345,0.00015439019389898,-1.2936076271682e-08,-1.2936207901836e-08,1.2864602523678e-19,-1.2864656317738e-19,1.2936130703473e-08,1.2936147576944e-08,0.00015439042509189,0.00015439061737786,5.6214951440631e-05,2.9143645745224e-35,-3.3816354315349e-35,-132.15424363987,165.74217138285,329.01514954904,100000431.06185,-2.4488051220374e-13,-0.00014024629422249,-0.00051663343198737,-70.007753327538,-4.2055731661209e-07,-181.72341593993,158.75275507538
100.61650000001,-1.3734325969769e-33,-4.5781639889766e-34,1.0303736735206e-52,0.0013732453272961,1.7316491793643,3.4424712220073,-3.4062693829964e-48,-5.7480467276248e-28,1.5943782401825e-19,-6.3781132111664e-05,-1.1163861551716e-19,1.1163891428868e-19,0.00013397830900408,0.00013397814211567,-1.1225787217292e-08,-1.1225901444518e-08,1.1163763071032e-19,-1.1163809752936e-19,1.1225834452613e-08,1.1225849095228e-08,0.00013397834274238,0.00013397850960606,4.8782727470801e-05,5.2408721560036e-34,-5.7480467276248e-34,-132.15663390545,165.74825163934,329.01514954904,100000431.06185,-2.452205180201e-13,-7.9256120621263e-05,-0.00061669011416761,-74.095464799426,-4.4477740405244e-07,-192.25481972384,167.94893052669
100.71650000001,-1.7347208429355e-32,-5.7824696324957e-33,1.6153045937696e-51,0.0013732453272961,1.7316266561922,3.5364946795677,-5.060885966785e-47,-8.3661966241343e-27,1.383584209947e-19,-5.5348577306315e-05,-9.6878784316713e-20,9.6879043587406e-20,0.00011626492894951,0.00011626478412555,-9.741616855166e-09,-9.7417159803185e-09,9.6877929711975e-20,-9.6878334812498e-20,9.7416578454668e-09,9.7416705521703e-09,0.00011626495822724,0.00011626510302974,4.2333123813222e-05,8.0453457427154e-33,-8.3661966241343e-33,-132.1590255223,165.75433515726,329.01514954904,100000431.06185,-2.456090960938e-13,-1.831880392338e-05,-0.00071675680868912,-78.181451235544,-4.6895996544497e-07,-202.77328492012,177.13338075018
100.81650000001,-1.9063145963629e-31,-6.3544523895887e-32,2.1970265147997e-50,0.0013732453272961,1.7316041122974,3.6280853062676,-6.5417247778017e-46,-1.0594454452824e-25,1.2006594280889e-19,-4.8030897358012e-05,-8.407036227748e-20,8.4070587269786e-20,0.00010089344912707,0.0001008933234504,-8.4536698510256e-09,-8.453755870762e-09,8.4069620660722e-20,-8.4069972202579e-20,8.4537054219657e-09,8.4537164487057e-09,0.00010089347453396,0.00010089360019201,3.6736227445631e-05,1.0715985961663e-31,-1.0594454452824e-31,-132.16142104485,165.76042459939,329.01514954904,100000431.06185,-2.4594910191018e-13,4.2565714757249e-05,-0.00081683351755636,-82.26571367254,-4.9309168489612e-07,-213.2788234037,186.30611743646
100.91650000001,-1.8476267937494e-30,-6.1588215561027e-31,2.6288726871589e-49,0.0013732453272961,1.7315815477026,3.7174229284451,-7.4574753764871e-45,-1.1832699918193e-24,1.0419192788517e-19,-4.1680693764691e-05,-7.2955352023833e-20,7.2955547269725e-20,8.7554245022395e-05,8.755413596154e-05,-7.3360033567982e-09,-7.336078003796e-09,7.2954708456823e-20,-7.2955013521048e-20,7.3360342248757e-09,7.3360437937615e-09,8.7554267070224e-05,8.7554376114919e-05,3.1879301250989e-05,1.2557241181331e-30,-1.1832699918193e-30,-132.16381730421,165.76651406755,329.01514954904,100000431.06185,-2.4631686330215e-13,0.00010339749420125,-0.00091692024277337,-86.348253145495,-5.1718041337373e-07,-223.77144703692,195.46715226456
101.01650000001,-1.5979886954624e-29,-5.3266836124559e-30,2.8005644885756e-48,0.0013732453272961,1.7315589624301,3.8046662584888,-7.5860085943477e-44,-1.1793124761688e-23,9.0416629249388e-20,-3.617005569887e-05,-6.3309866220798e-20,6.3310035653074e-20,7.5978627827333e-05,7.5978533185501e-05,-6.3661044492322e-09,-6.3661692270903e-09,6.3309307740301e-20,-6.3309572471739e-20,6.3661312362163e-09,6.3661395399921e-09,7.5978646960201e-05,7.5978741588009e-05,2.7664513177228e-05,1.3101357599927e-29,-1.1793124761688e-29,-132.16621742139,165.77261324401,329.01514954904,100000431.06185,-2.4659441907339e-13,0.00016417659308409,-0.0010170169863458,-90.429070687933,-5.4122015630851e-07,-234.25116766955,204.61649690187
101.11650000001,-1.2458864476927e-28,-4.1529959296084e-29,2.6838505875829e-47,0.0013732453272961,1.7315363565025,3.889956210546,-6.9560837961052e-43,-1.0595446383591e-22,7.8462573932126e-20,-3.1387983526503e-05,-5.4939617858139e-20,5.4939764889637e-20,6.593343229729e-05,6.593335016813e-05,-5.5244366567768e-09,-5.5244928703022e-09,5.4939133214798e-20,-5.493936294588e-20,5.5244599022322e-09,5.5244671081591e-09,6.5933448900585e-05,6.5933531017575e-05,2.4006965626616e-05,1.2296761580776e-28,-1.0595446383591e-28,-132.16861976365,165.77871422856,329.01514954904,100000431.06185,-2.4693442488977e-13,0.00022490306997593,-0.0011171237502789,-94.508167331832,-5.6521893307222e-07,-244.71799713882,213.75416300419
101.21650000001,-8.834265783454e-28,-2.9447834405786e-28,2.3346817538508e-46,0.0013732453272961,1.7315137299422,3.973418575374,-5.8008315705369e-42,-8.6575872401137e-22,6.8088973888573e-20,-2.7238152964492e-05,-4.7676006767596e-20,4.7676134359941e-20,5.7216320152302e-05,5.7216248881505e-05,-4.7940464405074e-09,-4.7940952219973e-09,4.7675586199341e-20,-4.7675785557491e-20,4.7940666126624e-09,4.7940728658879e-09,5.7216334560462e-05,5.7216405820698e-05,2.0832985381139e-05,1.0476961336139e-27,-8.6575872401137e-28,-132.17102500863,165.78481862322,329.01514954904,100000431.06185,-2.4723279734272e-13,0.00028557698334255,-0.0012172405365796,-98.585544107611,-5.8916889716823e-07,-255.17194726943,222.8801622157
101.31650000001,-5.7414322822727e-27,-1.9138284969758e-27,1.8582002349436e-45,0.0013732453272961,1.7314910827715,4.0551661995185,-4.4336556814849e-41,-6.4838400505451e-21,5.9086875855096e-20,-2.3636974840726e-05,-4.1372723544838e-20,4.1372834268097e-20,4.9651704419235e-05,4.9651642571208e-05,-4.1602217025239e-09,-4.1602640345738e-09,4.137235858025e-20,-4.13725315811e-20,4.160239207702e-09,4.1602446341836e-09,4.9651716922481e-05,4.9651778761344e-05,1.8078639618227e-05,8.1674628139146e-27,-6.4838400505451e-27,-132.17343198256,165.79092891006,329.01514954904,100000431.06185,-2.4759361984082e-13,0.00034619839154509,-0.0013173673472553,-102.66120204414,-6.1307607399981e-07,-265.61302987358,231.99450616898
101.41650000001,-3.4435078255538e-26,-1.1478462595938e-26,1.3626561670764e-44,0.0013732453272961,1.7314684150128,4.1353007766649,-3.1271927002505e-40,-4.4812457451834e-20,5.1274952447204e-20,-2.0511911374808e-05,-3.5902802469627e-20,3.5902898554075e-20,4.3087212619981e-05,4.3087158948931e-05,-3.6101954432295e-09,-3.6102321785251e-09,3.5902485757301e-20,-3.5902635885569e-20,3.610210634034e-09,3.6102153430761e-09,4.3087223470163e-05,4.308727713326e-05,1.5688448125233e-05,5.8664884643877e-26,-4.4812457451834e-26,-132.17584303505,165.797043779,329.01514954904,100000431.06185,-2.47947503445e-13,0.00040676735284043,-0.001417504184313,-106.73514216876,-6.369389641839e-07,-276.04125675097,241.09720648503
101.51650000002,-1.917560137868e-25,-6.3919229330224e-26,9.2639976303152e-44,0.0013732453272961,1.7314457266884,4.213914332326,-2.0478851189105e-39,-2.8756255185158e-19,4.4495849719837e-20,-1.7800015064662e-05,-3.1156064061775e-20,3.115614744282e-20,3.7390617564383e-05,3.7390570989226e-05,-3.1328885983188e-09,-3.1329204768113e-09,3.115578922224e-20,-3.1155919501929e-20,3.1329017807348e-09,3.1329058671906e-09,3.7390626980054e-05,3.739067354831e-05,1.3614265773071e-05,3.9065794320189e-25,-2.8756255185158e-25,-132.17825507385,165.80316183794,329.01514954904,100000431.06185,-2.48315264837e-13,0.00046728392538158,-0.0015176510497608,-110.80736550726,-6.607568858665e-07,-286.45663968886,250.18827477326
101.61650000002,-9.9680908266174e-25,-3.3227251565378e-25,5.8711672787084e-43,0.0013732453272961,1.7314230178205,4.2910904636887,-1.2518833021025e-38,-1.7225862644364e-18,3.8613017619645e-20,-1.5446660748122e-05,-2.7036895758837e-20,2.7036968116007e-20,3.244717392551e-05,3.2447133508092e-05,-2.7186868754938e-09,-2.7187145393052e-09,2.7036657256058e-20,-2.7036770311364e-20,2.718698315052e-09,2.7187018612342e-09,3.2447182096327e-05,3.2447222507757e-05,1.181431273892e-05,2.4251404380001e-24,-1.7225862644364e-24,-132.18067051252,165.80928398258,329.01514954904,100000431.06185,-2.4868996512291e-13,0.00052774816721766,-0.0016178079456081,-114.87787308389,-6.8452281855321e-07,-296.85919046206,259.26772263153
101.71650000002,-4.8606066155303e-24,-1.6202156016895e-24,3.4858383548019e-42,0.0013732453272961,1.7314002884315,4.366905382232,-7.1784510664269e-38,-9.6793263254129e-18,3.3507959485721e-20,-1.340444529967e-05,-2.3462326012195e-20,2.3462388802966e-20,2.8157306948445e-05,2.8157271874646e-05,-2.3592470957789e-09,-2.3592711021355e-09,2.3462119042061e-20,-2.3462217150234e-20,2.3592570229039e-09,2.3592601002425e-09,2.8157314038992e-05,2.8157349107594e-05,1.0252332943953e-05,1.4103954354334e-23,-9.6793263254129e-24,-132.18308839952,165.81540992506,329.01514954904,100000431.06185,-2.4903690983319e-13,0.00058816013629456,-0.0017179748738639,-118.94666592137,-7.0824613953041e-07,-307.24892083296,268.33556164617
101.81650000002,-2.2329085348037e-23,-7.4430884425802e-24,1.9474728954546e-41,0.0013732453272961,1.7313775385435,4.4414287961596,-3.8778727153069e-37,-5.1240252711956e-17,2.9077845196058e-20,-1.1632232799159e-05,-2.0360353008448e-20,2.03604074976e-20,2.4434606736749e-05,2.4434576300086e-05,-2.0473291386049e-09,-2.0473499710618e-09,2.0360173402002e-20,-2.0360258539214e-20,2.0473377532567e-09,2.0473404237379e-09,2.4434612889849e-05,2.4434643322003e-05,8.8968637547047e-06,7.7184922646025e-23,-5.1240252711956e-23,-132.18550779155,165.8215406283,329.01514954904,100000431.06185,-2.4939773233129e-13,0.00064851989045464,-0.0018181518365384,-123.01374504091,-7.3193332082636e-07,-317.62584255157,277.39180339193
101.91650000002,-9.701837792253e-23,-3.2339713679066e-23,1.02790267601e-40,0.0013732453272961,1.7313547681786,4.5147246617348,-1.9813152893976e-36,-2.5655472382113e-16,2.5233439881835e-20,-1.0094325939542e-05,-1.7668494351888e-20,1.7668541636985e-20,2.1204087715912e-05,2.1204061303304e-05,-1.7766501055697e-09,-1.7766681837507e-09,1.7668338491354e-20,-1.7668412372508e-20,1.7766575812715e-09,1.7766598986862e-09,2.1204093055505e-05,2.12041194642e-05,7.7206022377906e-06,3.9906711580971e-22,-2.5655472382113e-22,-132.18793214606,165.82767679232,329.01514954904,100000431.06185,-2.4973773814769e-13,0.00070882748743732,-0.0019183388356422,-127.07911146215,-7.5555897424533e-07,-327.98996735547,286.43645943209
102.01650000002,-4.0010883472992e-22,-1.3337063628129e-22,5.1442075869387e-40,0.0013732453272961,1.731331977359,4.5868518265671,-9.6083741249302e-36,-1.2192417612252e-15,2.1897306488051e-20,-8.7597469834179e-06,-1.5332528494627e-20,1.5332569528124e-20,1.840067821448e-05,1.8400655293904e-05,-1.5417577653253e-09,-1.5417734533755e-09,1.533239324054e-20,-1.5332457353807e-20,1.5417642526585e-09,1.541766263686e-09,1.8400682848122e-05,1.8400705765301e-05,6.6998552025887e-06,1.956366458915e-21,-1.2192417612252e-21,-132.19035712755,165.83381566114,329.01514954904,100000431.06185,-2.5007774396409e-13,0.00076908298487957,-0.0020185358731864,-131.14276620326,-7.7915698653081e-07,-338.34130696997,295.46954131843
102.11650000002,-1.5712292705788e-21,-5.2374702443965e-22,2.44903681784e-39,0.0013732453272961,1.7313091661068,4.657864583253,-4.4368959859942e-35,-5.5174313309057e-15,1.9002245975065e-20,-7.6016137847826e-06,-1.330540256326e-20,1.3305438171685e-20,1.596790973864e-05,1.5967889848412e-05,-1.3379207304179e-09,-1.3379343443383e-09,1.3305285191224e-20,-1.3305340828024e-20,1.3379263600556e-09,1.3379281052035e-09,1.5967913759664e-05,1.5967933646945e-05,5.8140619541287e-06,9.1236614796369e-21,-5.5174313309057e-21,-132.19278569314,165.83995886902,329.01514954904,100000431.06185,-2.5041774978046e-13,0.00082928644031642,-0.0021187429511832,-135.20471028085,-8.0270609345758e-07,-348.67987310797,304.49106059124
102.21650000002,-5.8926316844864e-21,-1.9642249993706e-21,1.1124465838274e-38,0.0013732453272961,1.731286334444,4.727813148185,-1.9566498194887e-34,-2.3844727513972e-14,1.6489943742347e-20,-6.5965983069637e-06,-1.154628458264e-20,1.1546315483246e-20,1.3856779537856e-05,1.3856762277331e-05,-1.1610331539367e-09,-1.1610449679497e-09,1.1546182728456e-20,-1.154623100947e-20,1.1610380392754e-09,1.1610395536959e-09,1.3856783027257e-05,1.3856800285224e-05,5.0453801428464e-06,4.0597474719816e-20,-2.3844727513972e-20,-132.19521653334,165.84610872515,329.01514954904,100000431.06185,-2.5075081670296e-13,0.00088943791117993,-0.0022189600716446,-139.26494471002,-8.262157162883e-07,-359.0056774701,313.50102877936
102.31650000002,-2.1161561311061e-20,-7.0539045466958e-21,4.8345250854847e-38,0.0013732453272961,1.7312634823927,4.79674407753,-8.2625147948197e-34,-9.8677121070247e-14,1.430979500963e-20,-5.7244567284679e-06,-1.0019741005915e-20,1.0019767821128e-20,1.2024763547697e-05,1.20247485692e-05,-1.0075320262951e-09,-1.007542278368e-09,1.0019652617955e-20,-1.0019694515697e-20,1.0075362657393e-09,1.007537579937e-09,1.2024766575762e-05,1.2024781552039e-05,4.3783263680632e-06,1.7283159536923e-19,-9.8677121070247e-20,-132.19765093048,165.85225984009,329.01514954904,100000431.06185,-2.511602114584e-13,0.00094953745480022,-0.0023191872365839,-143.32347050439,-8.4967497794633e-07,-369.31873174466,322.49945740018
102.41650000002,-7.2948601148126e-20,-2.4316371927433e-20,2.0151290959079e-37,0.0013732453272961,1.7312406099748,4.8647006301703,-3.3491856009455e-33,-3.9198679182096e-13,1.2417885495375e-20,-4.9676216668925e-06,-8.6950229839795e-21,8.6950462539312e-21,1.0434959817538e-05,1.0434946819362e-05,-8.7432540627143e-10,-8.7433430290949e-10,8.6949462818625e-21,-8.6949826402705e-21,8.7432908521527e-10,8.7433022566186e-10,1.0434962445261e-05,1.0434975441511e-05,3.7994642922666e-06,7.0570753801813e-19,-3.9198679182096e-19,-132.20008568276,165.85841676699,329.01514954904,100000431.06185,-2.5155572842603e-13,0.001009585128406,-0.0024194244480147,-147.38028867602,-8.7308616865763e-07,-379.61904760772,331.48635795967
102.51650000002,-2.4193117950742e-19,-8.0644284467348e-20,8.074595252286e-37,0.0013732453272961,1.7312177172123,4.931723085645,-1.3060779384299e-32,-1.4980697082669e-12,1.0776106860542e-20,-4.3108482898835e-06,-7.5454469978108e-21,7.5454671912235e-21,9.0553451331097e-06,9.0553338534387e-06,-7.587301406812e-10,-7.5873786108758e-10,7.5453804365424e-21,-7.545411987976e-21,7.5873333322892e-10,7.5873432289615e-10,9.055347413423e-06,9.0553586914225e-06,3.2971339708898e-06,2.7701161101432e-18,-1.4980697082669e-18,-132.20252469781,165.86457686876,329.01514954904,100000431.06185,-2.5186797866682e-13,0.0010695809891241,-0.0025196717079513,-151.43540023551,-8.9645509425849e-07,-389.90663672308,340.46174195241
102.61650000002,-7.7351545665676e-19,-2.578402363221e-19,3.1168956215539e-36,0.0013732453272961,1.731194804127,4.9978490237287,-4.9101964496789e-32,-5.5194389372198e-12,9.3513891002652e-21,-3.7409071257695e-06,-6.5478573779107e-21,6.5478749015361e-21,7.8581297361405e-06,7.858119947785e-06,-6.5841781818174e-10,-6.5842451786698e-10,6.5477996167612e-21,-6.5478269967544e-21,6.5842058864016e-10,6.5842144746269e-10,7.8581317149847e-06,7.8581415018897e-06,2.8612169008897e-06,1.0475078148129e-17,-5.5194389372198e-18,-132.20496511927,165.8707414032,329.01514954904,100000431.06185,-2.5222186227103e-13,0.0011295250939807,-0.0026199290184086,-155.48880619193,-9.1978263860191e-07,-400.18151074231,349.42562086157
102.71650000002,-2.3887739300694e-18,-7.9626328619817e-19,1.1613169729603e-35,0.0013732453272961,1.731171870741,5.0631135711575,-1.7830172276005e-31,-1.9642054376607e-11,8.1150344216278e-21,-3.2463171911755e-06,-5.6821598844762e-21,5.6821750912889e-21,6.8191967336227e-06,6.8191882394686e-06,-5.7136786856781e-10,-5.7137368248227e-10,5.6821097599748e-21,-5.682133520037e-21,5.7137027274168e-10,5.7137101801859e-10,6.819198450888e-06,6.8192069437834e-06,2.4829319080523e-06,3.8233653433165e-17,-1.9642054376607e-17,-132.20740910321,165.87691124335,329.01514954904,100000431.06185,-2.5260350145085e-13,0.0011894174999006,-0.002720196381402,-159.54050755287,-9.4306923209124e-07,-410.44368130476,358.37800615896
102.81650000002,-7.1379484923629e-18,-2.3793317535677e-18,4.1839413128299e-35,0.0013732453272961,1.7311489170759,5.1275496201008,-6.2647424698085e-31,-6.7635052918462e-11,7.0421391899922e-21,-2.8171134368401e-06,-4.9309169533066e-21,4.9309301496144e-21,5.9176135957095e-06,5.917606224833e-06,-4.9582686284697e-10,-4.9583190809912e-10,4.9308734558059e-21,-4.9308940745312e-21,4.9582894916308e-10,4.9582959590633e-10,5.9176150860903e-06,5.9176224558745e-06,2.1546572902235e-06,1.3494058805864e-16,-6.7635052918462e-17,-132.20985545818,165.88308293916,329.01514954904,100000431.06185,-2.5297126284287e-13,0.0012492582637079,-0.0028204737989476,-163.5905053244,-9.6630615790578e-07,-420.69316003762,367.31890930507
102.91650000002,-2.0671380760348e-17,-6.89050463965e-18,1.4599842819661e-34,0.0013732453272961,1.7311259431537,5.1911880222363,-2.1332873862214e-30,-2.2571319460302e-10,6.1110923002358e-21,-2.444641897513e-06,-4.2789964545543e-21,4.2790079061676e-21,5.1352018486149e-06,5.1351954531114e-06,-4.3027319428474e-10,-4.3027757250005e-10,4.2789587078931e-21,-4.2789766006001e-21,4.3027500476732e-10,4.3027556600413e-10,5.1352031424702e-06,5.1352095370256e-06,1.8697741738511e-06,4.6128458963619e-16,-2.2571319460302e-16,-132.21230380134,165.88926036308,329.01514954904,100000431.06185,-2.5332514644708e-13,0.0013090474421266,-0.002920761273062,-167.63880051112,-9.8950476010866e-07,-430.92995855588,376.24834174901
103.01650000002,-5.8104879170238e-17,-1.9368415782482e-17,4.9420579991379e-34,0.0013732453272961,1.731102948996,5.2540577616767,-7.0509918965425e-30,-7.3113623696787e-10,5.3031398686381e-21,-2.12137261928e-06,-3.7132668892978e-21,3.7132768268841e-21,4.4561441105663e-06,4.4561385634156e-06,-3.733864289967e-10,-3.7339022836464e-10,3.7132341331531e-21,-3.7132496602508e-21,3.7338800011393e-10,3.7338848714916e-10,4.4561452350307e-06,4.4561507813583e-06,1.6225235390795e-06,1.5296565360489e-15,-7.3113623696787e-16,-132.21475595393,165.89544244663,329.01514954904,100000431.06185,-2.5366515226348e-13,0.00136878509178,-0.0030210588057628,-171.68539411613,-1.0126531665205e-06,-441.1540884624,385.16631492863
103.11650000002,-1.5874069921924e-16,-5.2913896351744e-17,1.6251241346954e-33,0.0013732453272951,1.7310799346246,5.3161861094975,-2.2652474303744e-29,-2.3020016046151e-09,4.602007476919e-21,-1.840709649333e-06,-3.2223328842225e-21,3.2223415079526e-21,3.8665849568036e-06,3.8665801518591e-06,-3.2402070872246e-10,-3.240240057729e-10,3.2223044587941e-21,-3.2223179330417e-21,3.2402207212101e-10,3.2402249476492e-10,3.8665859378305e-06,3.8665907420596e-06,1.4078612058985e-06,4.9276442820408e-15,-2.3020016046151e-15,-132.21721033931,165.90163038264,329.01514954904,100000431.06185,-2.5403291365549e-13,0.0014284712691913,-0.0031213663990678,-175.73028714099,-1.0357698571018e-06,-451.36556134776,394.07284027032
103.21650000002,-4.2196824974189e-16,-1.406569465246e-16,5.1983238233796e-33,0.0013732453272922,1.7310569000613,5.3775987622084,-7.0829377637476e-29,-7.0541793790638e-09,3.9935723588567e-21,-1.5967460661885e-06,-2.7963056561745e-21,2.7963131397544e-21,3.3541163358622e-06,3.3541121931974e-06,-2.8118167003705e-10,-2.811845311818e-10,2.796280988895e-21,-2.7962926817014e-21,2.8118285317958e-10,2.811832199454e-10,3.3541172031147e-06,3.3541213451551e-06,1.2212713724699e-06,1.5441308483681e-14,-7.0541793790638e-15,-132.21966770935,165.90781721578,329.01514954904,100000431.06185,-2.5440761394141e-13,0.0014881060307862,-0.0032216840549956,-179.77348058584,-1.0588233463672e-06,-461.56438879062,402.96792918938
103.31650000002,-1.0920161340049e-15,-3.6400757580289e-16,1.6194896413755e-32,0.0013732453272842,1.7310338453277,5.4383199661515,-2.1581071546028e-28,-2.1064456124071e-08,3.4655789249533e-21,-1.3838255370199e-06,-2.4266038220828e-21,2.4266103162529e-21,2.9068565750399e-06,2.9068530607673e-06,-2.4400641508332e-10,-2.4400889795382e-10,2.4265824160846e-21,-2.4265925629754e-21,2.4400744180163e-10,2.4400776007704e-10,2.9068573749169e-06,2.906860888637e-06,1.0584337972031e-06,4.712680529756e-14,-2.1064456124071e-14,-132.22212615733,165.91401490214,329.01514954904,100000431.06185,-2.5476843643952e-13,0.0015476894328891,-0.0033220117755652,-183.81497544921,-1.0818568051531e-06,-471.75058235719,411.85159308953
103.41650000002,-2.748356033578e-15,-9.1612410361133e-16,4.9196635620463e-32,0.0013732453272615,1.7310107704453,5.4983726295444,-6.4148852048083e-28,-6.136365976306e-08,3.007391890995e-21,-1.1955403138392e-06,-2.1057805391885e-21,2.1057861747603e-21,2.5113455649994e-06,2.5113427504557e-06,-2.1174613036607e-10,-2.1174828497426e-10,2.105761963296e-21,-2.1057707686571e-21,2.1174702134112e-10,2.1174729753709e-10,2.5113463960795e-06,2.5113492101129e-06,9.1446430556206e-07,1.4024753940943e-13,-6.136365976306e-14,-132.2245887669,165.92021310269,329.01514954904,100000431.06185,-2.5513619783154e-13,0.0016072215317292,-0.0034223495627958,-187.85477272795,-1.1048387444503e-06,-481.9241536011,420.7238433628
103.51650000002,-6.6853116758461e-15,-2.2284500302365e-15,1.4588370332392e-31,0.0013732453271964,1.7309876754359,5.5577784236281,-1.8621885414627e-27,-1.7457898340353e-07,2.6097820269459e-21,-1.0221911312495e-06,-1.8273734860828e-21,1.8273783765745e-21,2.1472090036689e-06,2.1472072302311e-06,-1.8375100346651e-10,-1.8375287321221e-10,1.8273573661282e-21,-1.8273650073224e-21,1.8375177664503e-10,1.8375201632491e-10,2.1472101123057e-06,2.147211885214e-06,7.8199036159776e-07,4.0741544664147e-13,-1.7457898340353e-13,-132.22705403673,165.9264130302,329.01514954904,100000431.06185,-2.555872259504e-13,0.0016667023834412,-0.0035226974187085,-191.89287341679,-1.1277719522542e-06,-492.08511406233,429.58469138864
103.61650000002,-1.5355532318238e-14,-5.1185381603023e-15,4.2270193816687e-31,0.001373245327015,1.730964560321,5.6165578741827,-5.2845816757419e-27,-4.8554064123858e-07,2.2647401818033e-21,-8.4419257218883e-07,-1.5857746426175e-21,1.5857788865425e-21,1.7733056617999e-06,1.7733059837263e-06,-1.5945713376708e-10,-1.5945875631217e-10,1.5857606539066e-21,-1.5857672848438e-21,1.5945780472303e-10,1.5945801271463e-10,1.7733076954061e-06,1.7733073727812e-06,6.4615506367245e-07,1.1564757909951e-12,-4.8554064123858e-13,-132.22952112802,165.93262406474,329.01514954904,100000431.06185,-2.5596886513023e-13,0.0017261320440787,-0.0036230553453242,-195.92927850737,-1.1506567103883e-06,-502.23347526477,438.43414853172
103.71650000002,-3.0446191306232e-14,-1.0148771453355e-14,1.1979325315552e-30,0.0013732453265178,1.7309414251222,5.6747304444923,-1.4674262376686e-26,-1.3213519980632e-06,1.9653157639647e-21,-6.1505806193122e-07,-1.3761171936023e-21,1.3761208764601e-21,1.2919855445442e-06,1.2919908888001e-06,-1.3837517330646e-10,-1.3837658133349e-10,1.3761050543823e-21,-1.3761108086145e-21,1.3837575555477e-10,1.3837593604761e-10,1.291990209429e-06,1.2919848639216e-06,4.7172550959764e-07,3.2107528980668e-12,-1.3213519980632e-12,-132.23199139302,165.93883352944,329.01514954904,100000431.06185,-2.5637132099176e-13,0.0017855105696419,-0.0037234233446638,-199.96398898557,-1.1735094245362e-06,-512.3692487095,447.2722261361
103.81650000002,-2.8785740363166e-14,-9.5951793166754e-15,3.3234608393326e-30,0.0013732453251827,1.730918269861,5.7323146106747,-3.9906393783037e-26,-3.5217011568058e-06,1.7054762351232e-21,-2.1818342962095e-07,-1.1941771462081e-21,1.1941803422211e-21,4.5830914943743e-07,4.5832728756536e-07,-1.200804684098e-10,-1.2008169028028e-10,1.1941666120114e-21,-1.1941716054085e-21,1.2008097367854e-10,1.2008113030822e-10,4.5832088549119e-07,4.5830274457176e-07,1.7034462224073e-07,8.7264542290786e-12,-3.5217011568058e-12,-132.23446456618,165.94505040721,329.01514954904,100000431.06185,-2.5676683795938e-13,0.0018448380161463,-0.0038238014187499,-203.99700582451,-1.1963011074661e-06,-522.49244585732,456.09893551007
103.91650000002,2.2089824344358e-13,7.3633992613984e-14,9.0338968911683e-30,0.0013732453216689,1.7308950945592,5.7893279301245,-1.0637225257665e-25,-9.1999719540914e-06,1.4799843190488e-21,6.4093356368866e-07,-1.0362873513574e-21,1.0362901250048e-21,-1.3463569048407e-06,-1.3463058939629e-06,-1.042045022022e-10,-1.0420556252779e-10,1.0362782101268e-21,-1.0362825431749e-21,1.0420494066882e-10,1.0420507659023e-10,-1.3463267431698e-06,-1.3463777608892e-06,-4.811542822426e-07,2.3237824696144e-11,-9.1999719540914e-12,-132.23694116266,165.95127133853,329.01514954904,100000431.06186,-2.5712072156361e-13,0.0019041144397998,-0.0039241895696054,-208.02832996742,-1.2190473107138e-06,-532.6030780859,464.91428788867
104.01650000002,2.3833286294388e-12,7.9445275608932e-13,2.407858482863e-29,0.0013732453126005,1.7308718992389,5.8457871035966,-2.7813271959243e-25,-2.3575369654752e-05,1.2842893096575e-21,2.6985516423429e-06,-8.9926139745202e-22,8.9926380486564e-22,-5.6686025759311e-06,-5.6684679211431e-06,-9.042746254237e-11,-9.0428382680387e-11,8.9925346539416e-22,-8.9925722513032e-22,9.042784303861e-11,9.0427960989413e-11,-5.6685254761699e-06,-5.6686601481294e-06,-2.040752819369e-06,6.0677062205797e-11,-2.3575369654752e-11,-132.23942143809,165.95749887479,329.01514954904,100000431.06186,-2.5749542184953e-13,0.0019633398974378,-0.0040245877992534,-212.05796228539,-1.2417081538451e-06,-542.70115658404,473.71829434165
104.11650000002,1.725581722787e-11,5.7520053708334e-12,6.2977181527411e-29,0.0013732452896321,1.7308486839232,5.9017080311042,-7.1389195891796e-25,-5.9304405552308e-05,1.1144275539937e-21,7.7670033864386e-06,-7.8032392837388e-22,7.8032601870526e-22,-1.6315425481416e-05,-1.6315081248248e-05,-7.8471778546107e-11,-7.8472577029261e-11,7.8031704656274e-22,-7.8032030810911e-22,7.8472108735755e-11,7.8472211091352e-11,-1.6315231127241e-05,-1.6315575403348e-05,-5.882132932249e-06,1.5547114720457e-10,-5.9304405552308e-11,-132.24190544786,165.96372554791,329.01514954904,100000431.06186,-2.578007331964e-13,0.0020225144475688,-0.0041249961097182,-216.08590347545,-1.2642137150766e-06,-552.78669209732,482.5109655517
104.21650000002,1.1107777679301e-10,3.7026339422119e-11,1.6174795396104e-28,0.0013732452324967,1.7308254486378,5.9571058611495,-1.7999915939336e-24,-0.00014654530347678,9.6692367006787e-22,2.0232988843781e-05,-6.7704147599402e-22,6.7704329297535e-22,-4.250155574825e-05,-4.2500695143798e-05,-6.8096479358945e-11,-6.8097172267435e-11,6.770355079096e-22,-6.770383354588e-22,6.80967658918e-11,6.8096854712833e-11,-4.2501073747692e-05,-4.2501934458151e-05,-1.5330718502791e-05,3.9118056815256e-10,-1.4654530347678e-10,-132.24439739711,165.96996165857,329.01514954904,100000431.06186,-2.5816155569452e-13,0.0020816381528606,-0.0042254145030242,-220.11215381958,-1.2864464722555e-06,-562.85969432636,491.29231128993
