time,Dynamic_hardening_term,Dynamic_hardening_term_avg,Energy,Ep_eff,F_norm,Phi,Prager_term,Prager_term_avg,Static_hardening_term,Static_hardening_term_avg,backstress01,backstress02,backstress03,backstress04,backstress05,backstress06,backstress07,backstress08,backstress09,backstress10,backstress11,backstress12,backstress_avg,entropy_generation_rate,gamma_dot_average,phi_1,phi_2,slip_resistance_avg,ssd,strain_xx,strain_yy,strain_zz,stress_xx,stress_yy,stress_zz,vonmises
0,0,0,0,0,0,0,0,0,0,0,0,0,0,0,0,0,0,0,0,0,0,0,0,0,0,0,0,0,0,0,0,0,0,0,0,0
0.075,-4.2073695031277e-202,-1.4024565010426e-202,4.6774901059591e-126,6.2308756665908e-121,1.7320672604262,0,3.7051858101261e-120,8.9298476463607e-100,5.2183286004418e-122,-1.2576661721012e-101,-3.6538745330784e-122,3.6538745329926e-122,2.6418541734941e-101,2.6418541734941e-101,-8.8717860992073e-112,-8.8717860993365e-112,3.6538745330784e-122,-3.6538745329926e-122,8.8717860992073e-112,8.8717860993365e-112,2.6418541734941e-101,2.6418541734941e-101,8.8063533736975e-102,3.4222862027798e-107,8.9298476463607e-106,-2.7273084534969e-20,0,329.01469625632,100000000,-5.3816628761898e-41,-4.6507655308643e-05,7.4997187632053e-05,3.0922778664964,9.5532355502623e-09,8.0810348217729,7.0623297126255
0.175,-1.2858928969054e-161,-4.2863096563513e-162,1.8483567580495e-105,1.820605082817e-101,1.7320891914721,0,6.2748145928927e-100,1.5274866550593e-79,9.2314285169096e-102,-2.247119389234e-81,-6.463847745772e-102,6.4638477458514e-102,4.7203000831843e-81,4.7203000831843e-81,-1.5949653148609e-91,-1.5949653148488e-91,6.4638477457721e-102,-6.4638477458513e-102,1.5949653148609e-91,1.5949653148488e-91,4.7203000831843e-81,4.7203000831843e-81,1.5791513027854e-81,1.3662134804536e-86,1.5274866550593e-85,-6.4757118994444e-20,0,329.01469625632,100000000,-1.7061373217552e-40,-0.00010854348614178,0.00017498468926447,7.2154019322969,2.2296040171506e-08,18.859746140897,16.482457347576
0.275,-5.5230243912933e-141,-1.8410081304311e-141,5.6421483970129e-95,3.0903745029922e-91,1.7321111155416,0,1.2188765183126e-89,2.9969415483258e-69,2.0010129603153e-91,-4.9192337874008e-71,-1.4011095995801e-91,1.4011095995881e-91,1.033334488907e-70,1.033334488907e-70,-3.5130207471678e-81,-3.5130207471553e-81,1.4011095995801e-91,-1.4011095995881e-91,3.5130207471678e-81,3.5130207471553e-81,1.033334488907e-70,1.033334488907e-70,3.4863045326483e-71,4.2131424748273e-76,2.9969415483258e-75,-1.7115575330583e-20,0,329.01469625632,100000000,-1.122995745472e-39,-0.00017060862512998,0.00027496219439594,11.338625743317,3.504766591151e-08,29.643028688836,25.906801692928
0.375,-5.1300709362287e-127,-1.7100236454095e-127,6.8986004714437e-88,7.2741105913136e-84,1.7321330326257,0,1.0928797087152e-82,2.7141417531772e-62,2.0321994597256e-84,-5.04533047972e-64,-1.4229463915395e-84,1.422946391537e-84,1.0598223662354e-63,1.0598223662354e-63,-3.6251096797313e-74,-3.6251096797353e-74,1.4229463915395e-84,-1.4229463915369e-84,3.6251096797313e-74,3.6251096797353e-74,1.0598223662354e-63,1.0598223662354e-63,3.6066158446227e-64,5.2041651125007e-69,2.7141417531772e-68,-6.5723369545142e-19,0,329.01469625632,100000000,-4.2457631372183e-39,-0.00023270309833911,0.00037492970502486,15.461949757014,4.7814861670569e-08,40.430884464594,35.335364749527
0.475,-1.9387384811352e-116,-6.462461603784e-117,1.5837876895572e-82,6.7692529014383e-79,1.7321549427153,0,1.9808003803741e-77,4.9686915999749e-57,4.1541612364259e-79,-1.0415400236701e-58,-2.9087443719786e-79,2.9087443719885e-79,2.1878594808643e-58,2.1878594808643e-58,-7.5292373126679e-69,-7.5292373126521e-69,2.9087443719786e-79,-2.9087443719885e-79,7.5292373126679e-69,7.5292373126521e-69,2.1878594808643e-58,2.1878594808643e-58,7.5008533500822e-59,1.207021553971e-63,4.9686915999749e-63,-1.3235206303071e-19,0,329.01469625632,100000000,-7.1888599665467e-39,-0.00029482693187208,0.00047488722314946,19.585374431262,6.0606262333737e-08,51.223315469253,44.768148519991
0.575,-6.3765383302026e-108,-2.1255127767342e-108,3.256236701476e-78,3.1881515318738e-74,1.7321768458013,0,3.3641874357566e-73,8.5235840615271e-53,7.8868360457588e-75,-1.9969238337764e-54,-5.5223638793196e-75,5.5223638793169e-75,4.1947391775656e-54,4.1947391775657e-54,-1.4523696735874e-64,-1.4523696735878e-64,5.5223638793197e-75,-5.5223638793169e-75,1.4523696735874e-64,1.4523696735878e-64,4.1947391775656e-54,4.1947391775656e-54,1.4470181666379e-54,2.5070418061797e-59,8.5235840615271e-59,-4.0424739817379e-20,0,329.01469625632,100000000,-7.1657133116111e-39,-0.00035698015186891,0.00057483475076718,23.708900224361,7.3422022977401e-08,62.020323706013,54.205155008767
0.675,-8.6171600617949e-101,-2.872386687265e-101,1.3221557229846e-74,8.9894975022647e-71,1.7321987418748,0,1.1636050232201e-69,2.9777480640684e-49,3.0210094244178e-71,-7.7245819220267e-51,-2.1153112892979e-71,2.1153112893037e-71,1.6226260546635e-50,1.6226260546635e-50,-5.6523536821618e-61,-5.6523536821522e-61,2.1153112892979e-71,-2.1153112893037e-71,5.6523536821618e-61,5.6523536821522e-61,1.6226260546635e-50,1.6226260546635e-50,5.62606988177e-51,1.0283840268049e-55,2.9777480640684e-55,9.4760528806685e-19,0,329.01469625632,100000000,-1.1208045423694e-38,-0.00041916278450779,0.0006747722898752,27.832527595012,8.623014617456e-08,72.821911180131,63.646386222095
0.775,-1.1723691286115e-94,-3.9078970953638e-95,1.6731762418558e-71,1.3283393192422e-65,1.7322206309266,0,1.2825119208088e-66,3.3150008170916e-46,3.6558935687857e-68,-9.4401633329488e-48,-2.5598572702339e-68,2.5598572702409e-68,1.9830011693759e-47,1.9830011693766e-47,-6.949778914502e-58,-6.949778914494e-58,2.5598572702396e-68,-2.5598572702352e-68,6.9497789144962e-58,6.9497789144998e-58,1.9830011693776e-47,1.9830011693749e-47,6.9049402790075e-48,1.3147435961038e-52,3.3150008170916e-52,1.3708158688275e-16,0,329.01469625632,100000000,-1.0709859040161e-34,-0.00048137485600412,0.00077469984246968,31.95625700239,9.9068041347e-08,83.628079899044,73.091844168024
0.875,-2.8244952455076e-89,-9.4149841516931e-90,8.7953703583921e-69,2.5371322037597e-63,1.7322425129476,0,5.9712074434693e-64,1.5589199697563e-43,1.8546738167256e-65,-4.836328612278e-45,-1.2986429074956e-65,1.2986429074944e-65,1.015919423784e-44,1.0159194237838e-44,-3.5821446615596e-55,-3.5821446615606e-55,1.298642907495e-65,-1.298642907495e-65,3.5821446615595e-55,3.5821446615607e-55,1.0159194237838e-44,1.015919423784e-44,3.5502256775764e-45,6.9819980922566e-50,1.5589199697563e-49,-3.0180739928462e-16,0,329.01469625632,100000000,1.7673639788211e-35,-0.00054361639260972,0.00087461741054578,36.08008890607,1.1192842128347e-07,94.438831872257,82.541530856419
0.975,-1.7602359869451e-84,-5.867453289815e-85,2.3285431142964e-66,8.4384138093343e-61,1.7322643879288,0,1.4186994130222e-61,3.7410287756425e-41,4.769453249985e-63,-1.2559681354847e-42,-3.3395719397492e-63,3.3395719397502e-63,2.6382872769503e-42,2.6382872769508e-42,-9.3592408631543e-53,-9.3592408631555e-53,3.3395719397515e-63,-3.3395719397478e-63,9.3592408631532e-53,9.3592408631566e-53,2.638287276951e-42,2.6382872769501e-42,9.2479973263703e-43,1.8673926917805e-47,3.7410287756425e-47,2.4104641309113e-16,0,329.01469625632,100000000,-4.3021788993043e-34,-0.00060588742061402,0.0009745249960994,40.204023766033,1.2478230098081e-07,105.25416911136,91.995448298954
1.075,-3.7048838998771e-80,-1.234961299959e-80,3.5553058590554e-64,1.3476098154788e-58,1.732286255861,0,1.9645986898464e-59,5.2325462380208e-39,7.1070423054625e-61,-1.8899934658263e-40,-4.9763521757985e-61,4.9763521757953e-61,3.9701211945834e-40,3.9701211945838e-40,-1.4169545731003e-50,-1.416954573101e-50,4.9763521757972e-61,-4.9763521757966e-61,1.4169545731007e-50,1.4169545731006e-50,3.970121194583e-40,3.9701211945842e-40,1.39531788359e-40,2.880405786399e-45,5.2325462380208e-45,-1.1140913984157e-16,0,329.01469625632,100000000,-6.9679444077879e-34,-0.00066818796634619,0.0010744226011238,44.328062042739,1.3766937324144e-07,116.07409363014,101.45359850912
1.175,-3.2000580152551e-76,-1.066686005084e-76,3.4561866256489e-62,1.6023908084793e-56,1.7323081167351,0,1.7472669933756e-57,4.700419606237e-37,6.7668649528606e-59,-1.8172722596449e-38,-4.7381599382934e-59,4.7381599382942e-59,3.8173629934697e-38,3.8173629934697e-38,-1.3707183917063e-48,-1.3707183917061e-48,4.7381599382954e-59,-4.7381599382921e-59,1.3707183917059e-48,1.3707183917065e-48,3.8173629934703e-38,3.817362993469e-38,1.3447034494275e-38,2.8287774689741e-43,4.700419606237e-43,-3.3094022187748e-16,0,329.01469625632,100000000,-6.9388939039072e-18,-0.00073051805617045,0.0011743102276135,48.452204197054,1.5057577806987e-07,126.89860744446,110.91598350225
1.275,-1.3134436762844e-72,-4.3781455876148e-73,2.3044923278786e-60,9.4018020338831e-55,1.7323299705419,0,1.0736423366175e-55,2.9172569479864e-35,4.4314126984943e-57,-1.2018092586003e-36,-3.1028758907302e-57,3.1028758907262e-57,2.5245211137968e-36,2.524521113796e-36,-9.1200127118903e-47,-9.1200127118927e-47,3.1028758907282e-57,-3.1028758907282e-57,9.120012711889e-47,9.120012711894e-47,2.5245211137962e-36,2.5245211137966e-36,8.9107170029493e-37,1.9054664933798e-41,2.9172569479864e-41,-1.9220353201618e-16,0,329.01469625632,100000000,-6.9388939039072e-18,-0.00079287771648968,0.0012741878775619,52.576450690261,1.6349455755329e-07,137.72771257229,120.38260529548
1.375,-2.8686918654533e-69,-9.5623062181821e-70,1.116222185593e-58,2.248333644333e-53,1.7323518172724,0,4.8221095771306e-54,1.3233947097831e-33,2.112706923874e-55,-5.7861978833922e-35,-1.4793177310008e-55,1.4793177310006e-55,1.2154490091247e-34,1.2154490091249e-34,-4.4175746911013e-45,-4.417574691103e-45,1.479317731001e-55,-1.4793177310005e-55,4.4175746911023e-45,4.4175746911021e-45,1.2154490091248e-34,1.2154490091249e-34,4.2977286402489e-35,9.3239665914827e-40,1.3233947097831e-39,1.8187001930642e-16,0,329.01469625632,100000000,-2.7755575615629e-17,-0.00085526697374451,0.0013740555529623,56.700801984087,1.7642828450017e-07,148.56141103375,129.85346590778
1.475,-3.6450003524069e-66,-1.2150001174699e-66,4.1092828590125e-57,1.224138194892e-51,1.7323736569172,0,1.65484643817e-52,4.587191285009e-32,7.6689329658976e-54,-2.1210431244022e-33,-5.3697881074334e-54,5.369788107425e-54,4.4554642198904e-33,4.4554642198894e-33,-1.6291832039543e-43,-1.6291832039553e-43,5.3697881074272e-54,-5.3697881074312e-54,1.6291832039549e-43,1.6291832039548e-43,4.4554642198885e-33,4.4554642198914e-33,1.5778963595964e-33,3.4676851788335e-38,4.587191285009e-38,3.244281563635e-16,0,329.01469625632,100000000,-2.7755575615629e-17,-0.00091768585441357,0.0014739132558059,60.825258540704,1.8938053040156e-07,159.39970485112,139.32856735997
1.575,-2.8940378864053e-63,-9.6467929546844e-64,1.19225363431e-55,2.8702883115154e-50,1.7323954894674,0,4.4964143397856e-51,1.258901856027e-30,2.19703082644e-52,-6.1363639918398e-32,-1.5383613412632e-52,1.5383613412641e-52,1.2890049189153e-31,1.2890049189156e-31,-4.7419879396042e-42,-4.7419879396043e-42,1.5383613412638e-52,-1.5383613412634e-52,4.7419879396047e-42,4.7419879396037e-42,1.2890049189156e-31,1.2890049189154e-31,4.5714218069386e-32,1.0164017542285e-36,1.258901856027e-36,-5.6059448250488e-16,0,329.01469625632,100000000,-2.7755575615629e-17,-0.00098013438501414,0.0015737609880836,64.949820822707,2.0235614191037e-07,170.2425960488,148.80791167469
1.675,-1.5219002192325e-60,-5.0730007307741e-61,2.8078684045166e-54,4.1722335462784e-49,1.7324173149136,0,9.9571418446611e-50,2.8157637222907e-29,5.1150924202765e-51,-1.4427422322527e-30,-3.5815885428857e-51,3.5815885428838e-51,3.0306250355652e-30,3.0306250355644e-30,-1.1216725577367e-40,-1.1216725577366e-40,3.5815885428844e-51,-3.5815885428851e-51,1.1216725577365e-40,1.1216725577368e-40,3.0306250355648e-30,3.0306250355648e-30,1.0761647780344e-30,2.4182220933367e-35,2.8157637222907e-35,1.1840872725913e-16,0,329.01469625632,100000000,-2.7755575615629e-17,-0.0010426125921004,0.0016735987517874,69.074489293124,2.153535039395e-07,181.09008665331,158.29150087643
1.775,-5.5616395896578e-58,-1.8538798632189e-58,5.5000135227697e-53,8.1893353024763e-48,1.7324391332467,0,1.8404866304074e-48,5.2568999935964e-28,9.9146283513972e-50,-2.8240468755128e-29,-6.9422243808466e-50,6.9422243808458e-50,5.9321942417773e-29,5.9321942417764e-29,-2.2089016928134e-39,-2.2089016928131e-39,6.9422243808458e-50,-6.9422243808467e-50,2.2089016928131e-39,2.2089016928134e-39,5.932194241777e-29,5.9321942417767e-29,2.1089152311854e-29,4.7852588381691e-34,5.2568999935964e-34,2.3184065651097e-16,0,329.01469625632,100000000,-2.7755575615629e-17,-0.0011051205022651,0.0017734265489076,73.199264415396,2.2834420607309e-07,191.94217869331,167.7793369915
1.875,-1.4701638057089e-55,-4.9005460190295e-56,9.1443677674563e-52,1.884739709294e-46,1.7324609444574,0,2.8967710721625e-47,8.3569215057973e-27,1.6325353731018e-48,-4.6958928422403e-28,-1.1431015332156e-48,1.143101533215e-48,9.8641947909183e-28,9.8641947909161e-28,-3.6952934026104e-38,-3.6952934026103e-38,1.1431015332152e-48,-1.1431015332153e-48,3.6952934026097e-38,3.6952934026109e-38,9.8641947909171e-28,9.8641947909173e-28,3.5104039347061e-28,8.0374292227897e-33,8.3569215057973e-33,-2.4530736942694e-16,0,329.01469625632,100000000,-2.7755575615629e-17,-0.0011676581421396,0.0018732443814328,77.324146653446,2.4135003126858e-07,202.79887419965,177.27142204809
1.975,-2.9077623135168e-53,-9.6925410450561e-54,1.3127648993748e-50,1.525838385667e-45,1.7324827485366,0,3.9479904944945e-46,1.1503842145011e-25,2.3227322479288e-47,-6.7470629821874e-27,-1.6263774969919e-47,1.6263774969918e-47,1.4172883785639e-26,1.4172883785638e-26,-5.3415943528591e-37,-5.341594352859e-37,1.6263774969918e-47,-1.6263774969919e-47,5.341594352859e-37,5.3415943528592e-37,1.4172883785638e-26,1.4172883785638e-26,5.0485399339333e-27,1.1656597288178e-31,1.1503842145011e-31,-5.6624529865458e-16,0,329.01469625632,100000000,-2.7755575615629e-17,-0.0012302255383927,0.0019730522513528,81.449136471625,2.5439200465232e-07,213.66017520532,186.76775807623
2.075,-4.4287433903084e-51,-1.4762477967693e-51,1.6511835828375e-49,2.4572286185979e-44,1.7325045454749,0,4.726372714518e-45,1.3910060420129e-24,2.8971747928561e-46,-8.4986564797956e-26,-2.0286022601847e-46,2.0286022601862e-46,1.7852281939592e-25,1.7852281939595e-25,-6.769100140071e-36,-6.7691001400702e-36,2.0286022601857e-46,-2.0286022601852e-46,6.7691001400711e-36,6.7691001400701e-36,1.7852281939595e-25,1.7852281939592e-25,6.364712574765e-26,1.4811570721726e-30,1.3910060420129e-30,2.9541982356165e-16,0,329.01469625632,100000000,-2.7755575615629e-17,-0.0012928227177317,0.0020728501606561,85.574234334686,2.6743472205312e-07,224.52608374544,196.26834710778
2.175,-5.3242230841429e-49,-1.7747410280476e-49,1.8425187809614e-48,1.1658208356799e-43,1.7325263352633,0,5.0315039127867e-44,1.4956592690399e-23,3.207649320463e-45,-9.5021602797312e-25,-2.2459965748071e-45,2.2459965748072e-45,1.9960242510361e-24,1.9960242510361e-24,-7.6142419788244e-35,-7.6142419788246e-35,2.2459965748072e-45,-2.2459965748072e-45,7.6142419788247e-35,7.6142419788243e-35,1.9960242510361e-24,1.9960242510361e-24,7.1219332000595e-25,1.6696988757897e-29,1.4956592690399e-29,-2.5178167731528e-16,0,329.01469625632,100000000,-2.7755575615629e-17,-0.0013554497069026,0.0021726381113307,89.699440707859,2.8050167672201e-07,235.39660185732,205.77319117649
2.275,-5.1613034086282e-47,-1.7204344695432e-47,1.8438829077169e-47,2.3327800171658e-42,1.7325481178922,0,4.8138385574316e-43,1.4453057908686e-22,3.1864208028122e-44,-9.5323157947934e-24,-2.2311323633022e-44,2.2311323633024e-44,2.0023587199984e-23,2.0023587199983e-23,-7.6846756208429e-34,-7.6846756208417e-34,2.2311323633021e-44,-2.2311323633026e-44,7.6846756208425e-34,7.684675620842e-34,2.0023587199984e-23,2.0023587199984e-23,7.1498025468451e-24,1.6880278422667e-28,1.4453057908686e-28,-1.2952806576105e-16,0,329.01469625632,100000000,-6.2450045135165e-17,-0.0014181065326902,0.0022724161053634,93.824756056801,2.9358171936342e-07,246.27173158043,215.28229231796
2.375,-4.1101894065316e-45,-1.3700631355098e-45,1.6705031811484e-46,2.5266086745362e-41,1.7325698933526,0,4.1775118584902e-42,1.2668314898121e-21,2.8667294633096e-43,-8.6604759466477e-23,-2.0072844354957e-43,2.0072844354959e-43,1.8192199990454e-22,1.8192199990457e-22,-7.0241020420596e-33,-7.0241020420611e-33,2.0072844354963e-43,-2.0072844354952e-43,7.0241020420601e-33,7.0241020420606e-33,1.8192199990456e-22,1.8192199990455e-22,6.5003019750646e-23,1.5449455175514e-27,1.2668314898121e-27,6.1632067123105e-16,0,329.01469625632,100000000,-6.2450045135165e-17,-0.001480793221917,0.0023721841447415,97.950180847616,3.0668754165949e-07,257.15147495639,224.79565256965
2.475,-2.7329583822072e-43,-9.109861274026e-44,1.3814445894771e-45,1.815492031156e-40,1.7325916616352,0,3.3150238963513e-41,1.0153606467131e-20,2.3550315225402e-42,-7.184746767084e-22,-1.6489934543175e-42,1.6489934543166e-42,1.5092282557308e-21,1.5092282557307e-21,-5.862482919081e-32,-5.8624829190826e-32,1.648993454317e-42,-1.6489934543171e-42,5.8624829190817e-32,5.8624829190819e-32,1.5092282557306e-21,1.5092282557309e-21,5.3960755800898e-22,1.2906797168149e-26,1.0153606467131e-26,-2.2330757013274e-16,0,329.01469625632,100000000,-6.2450045135165e-17,-0.0015435098014447,0.002471942231451,102.07571554682,3.1979426080276e-07,268.035834029,234.31327397089
2.575,-1.5392152241214e-41,-5.1307174137374e-42,1.0503747326341e-44,1.0158506031642e-39,1.7326134227305,0,2.4226451776855e-40,7.494722341239e-20,1.779377972114e-41,-5.4820447528082e-21,-1.2459207448767e-41,1.2459207448772e-41,1.1515585877046e-20,1.1515585877046e-20,-4.5002113730674e-31,-4.5002113730662e-31,1.2459207448769e-41,-1.2459207448769e-41,4.5002113730669e-31,4.5002113730667e-31,1.1515585877047e-20,1.1515585877046e-20,4.1196923141317e-21,9.9139789883766e-26,7.494722341239e-26,8.7353267215083e-17,0,329.01469625632,100000000,-6.9388939039072e-17,-0.0016062562981736,0.0025716903674771,106.20136062143,3.3293001233655e-07,278.92481084425,243.83515856289
2.675,-7.436578282623e-40,-2.4788594275408e-40,7.3904403743319e-44,5.7335897214119e-39,1.7326351766293,0,1.6408303340354e-39,5.1269732692664e-19,1.2444485571633e-40,-3.8717818110379e-20,-8.713630817067e-41,8.7136308170675e-41,8.1330667575e-20,8.1330667575005e-20,-3.1975736939582e-30,-3.1975736939584e-30,8.7136308170692e-41,-8.7136308170654e-41,3.197573693958e-30,3.1975736939586e-30,8.1330667575007e-20,8.1330667574997e-20,2.9111964405613e-20,7.0468060357613e-25,5.1269732692664e-25,6.9541874613692e-16,0,329.01469625632,100000000,-6.9388939039072e-17,-0.0016690327390431,0.0026714285548049,110.32711653886,3.4607979969151e-07,289.81840745029,253.36130838872
2.775,-3.1171510806085e-38,-1.0390503602028e-38,4.8394250059185e-43,3.2911449753326e-38,1.7326569233223,0,1.0357197829205e-38,3.2686683440248e-18,8.1020020483376e-40,-2.5455742508751e-19,-5.6730231492453e-40,5.6730231492442e-40,5.3472345108701e-19,5.34723451087e-19,-2.1150174090199e-29,-2.11501740902e-29,5.6730231492444e-40,-5.6730231492451e-40,2.11501740902e-29,2.1150174090199e-29,5.3472345108698e-19,5.3472345108703e-19,1.9150022944592e-19,4.6615848725446e-24,3.2686683440248e-24,-9.9331347818428e-17,0,329.01469625632,100000000,-6.9388939039072e-17,-0.0017318391510307,0.0027711567954186,114.45298376697,3.5923311002798e-07,300.71662589745,262.89172549335
2.875,-1.1450764243988e-36,-3.8169214146631e-37,2.9643680251304e-42,2.2588508550968e-37,1.7326786628002,0,6.1235053202737e-38,1.9519085278185e-17,4.9353838816877e-39,-1.5659351985413e-18,-3.4557565949975e-39,3.4557565949975e-39,3.2894042405353e-18,3.2894042405355e-18,-1.3089395559901e-28,-1.3089395559903e-28,3.4557565949976e-39,-3.4557565949974e-39,1.3089395559903e-28,1.3089395559902e-28,3.2894042405353e-18,3.2894042405355e-18,1.1785991834981e-18,2.884624863068e-23,1.9519085278185e-23,3.9719617120447e-16,0,329.01469625632,100000000,-7.6327832942979e-17,-0.0017946755611539,0.0028708750913021,118.57896277409,3.724228138494e-07,311.61946823828,272.42641192359
2.975,-3.719917621273e-35,-1.2399725404241e-35,1.7063754820033e-41,1.0589407427331e-36,1.7327003950535,0,3.4063383018046e-37,1.0966738415502e-16,2.8258064062845e-38,-9.0542944164947e-18,-1.9786301043238e-38,1.9786301043242e-38,1.9019455259973e-17,1.9019455259973e-17,-7.6140756214252e-28,-7.6140756214237e-28,1.9786301043237e-38,-1.9786301043242e-38,7.6140756214249e-28,7.6140756214241e-28,1.9019455259973e-17,1.9019455259973e-17,6.8177802301566e-18,1.6774468751187e-22,1.0966738415502e-22,-1.6928130888015e-16,0,329.01469625632,100000000,-7.6327832942979e-17,-0.0018575419964682,0.0029705834444388,122.70505402898,3.8562175404362e-07,322.52693652748,281.9653697282
3.075,-1.0774416615984e-33,-3.5914722053282e-34,9.2685635505104e-41,4.3460521543686e-36,1.7327221200729,0,1.7900359719327e-36,5.8207825856869e-16,1.5270022039554e-37,-4.9409579835458e-17,-1.0692071910502e-37,1.0692071910503e-37,1.037897874607e-16,1.037897874607e-16,-4.1801285711039e-27,-4.1801285711036e-27,1.0692071910502e-37,-1.0692071910504e-37,4.1801285711039e-27,4.1801285711036e-27,1.037897874607e-16,1.037897874607e-16,3.7220648286979e-17,9.204561726431e-22,5.8207825856869e-22,1.9417718896062e-16,0,329.01469625632,100000000,-7.6327832942979e-17,-0.0019204384840682,0.0030702818568112,126.83125800086,3.9883100419949e-07,333.43903282197,291.50860095778
3.175,-2.8029439540913e-32,-9.3431465136378e-33,4.7683076660706e-40,2.3910471710478e-35,1.7327438378491,0,8.9188584478681e-36,2.9292630409039e-15,7.8167117990516e-37,-2.5541995046124e-16,-5.4732628703919e-37,5.473262870391e-37,5.3653527230705e-16,5.3653527230705e-16,-2.1739439284413e-26,-2.1739439284415e-26,5.4732628703919e-37,-5.473262870391e-37,2.1739439284413e-26,2.1739439284415e-26,5.3653527230705e-16,5.3653527230705e-16,1.9248696826517e-16,4.7837780485506e-21,2.9292630409039e-21,3.3711266444089e-16,0,329.01469625632,100000000,-7.6327832942979e-17,-0.0019833650510883,0.0031699703304009,130.95757515939,4.1207035919733e-07,344.35575918087,301.05610766483
3.275,-6.5931889171235e-31,-2.1977296390426e-31,2.3312974689758e-39,2.7582603954771e-34,1.7327655483726,0,4.2273614958404e-35,1.4023213231748e-14,3.8032676776173e-36,-1.255008758028e-15,-2.6630486451589e-36,2.6630486451575e-36,2.6362720081982e-15,2.6362720081977e-15,-1.0746188595937e-25,-1.0746188595937e-25,2.6630486451576e-36,-2.6630486451587e-36,1.0746188595937e-25,1.0746188595937e-25,2.6362720081977e-15,2.6362720081982e-15,9.4614405782414e-16,2.3627625216161e-20,1.4023213231748e-20,-1.9706533456871e-16,0,329.01469625632,100000000,-1.3877787807814e-16,-0.0020463217247022,0.0032696488671896,135.08400597466,4.2530635080033e-07,355.27711766547,310.60789190378
3.375,-1.4108308857798e-29,-4.7027696192658e-30,1.0865442796813e-38,1.0174019279146e-33,1.7327872516341,0,1.9118371840404e-34,6.4055683935903e-14,1.7642784220691e-35,-5.8791705708259e-15,-1.235348037485e-35,1.2353480374852e-35,1.234978856374e-14,1.2349788563742e-14,-5.0645058568068e-25,-5.0645058568075e-25,1.2353480374853e-35,-1.2353480374848e-35,5.064505856807e-25,5.0645058568072e-25,1.2349788563742e-14,1.2349788563741e-14,4.4338562647911e-15,1.112461526152e-19,6.4055683935903e-20,4.3809480115665e-16,0,329.01469625632,100000000,-1.3877787807814e-16,-0.0021093085321228,0.0033693174691574,139.21055091729,4.385953914939e-07,366.20311033934,320.16395573092
3.475,-2.7615884490075e-28,-9.2052948300275e-29,4.8409537228433e-38,4.1332020377135e-33,1.7328089476241,0,8.2727063606637e-34,2.799513489422e-13,7.8246916274171e-35,-2.6331473783916e-14,-5.4788503475085e-35,5.4788503475066e-35,5.531190665172e-14,5.5311906651718e-14,-2.2819631946339e-24,-2.2819631946343e-24,5.4788503475075e-35,-5.4788503475076e-35,2.2819631946341e-24,2.2819631946342e-24,5.5311906651717e-14,5.5311906651722e-14,1.9864951811939e-14,5.0070652438895e-19,2.799513489422e-19,-1.6199708619518e-16,0,329.01469625632,100000000,-1.3877787807814e-16,-0.0021723255006019,0.0034689761382852,143.33721045821,4.5186990952295e-07,377.13373926816,329.72430120446
3.575,-4.9699091422238e-27,-1.6566363807415e-27,2.067101079801e-37,1.5898428291642e-32,1.7328306363333,0,3.433613235037e-33,1.1735837427165e-12,3.3263372624308e-34,-1.130402576968e-13,-2.3291018910368e-34,2.329101891036e-34,2.3745242035907e-13,2.3745242035905e-13,-9.8554893291551e-24,-9.8554893291559e-24,2.3291018910361e-34,-2.3291018910367e-34,9.8554893291555e-24,9.8554893291555e-24,2.3745242035904e-13,2.3745242035908e-13,8.5307002749253e-14,2.1598736309743e-18,1.1735837427165e-18,-6.3770956507272e-17,0,329.01469625632,100000000,-1.3877787807814e-16,-0.0022353726574314,0.0035686248765522,147.46398506895,4.6516479187581e-07,388.06900651991,339.28893038453
3.675,-8.2615515341153e-26,-2.753850511372e-26,8.4793169321902e-37,6.225552312983e-32,1.7328523177521,0,1.3701352331684e-32,4.7299164445558e-12,1.3585675039915e-33,-4.662371998745e-13,-9.5126918679783e-34,9.5126918679772e-34,9.7937808907488e-13,9.7937808907491e-13,-4.0894291922267e-23,-4.0894291922272e-23,9.5126918679777e-34,-9.5126918679778e-34,4.0894291922271e-23,4.0894291922268e-23,9.7937808907486e-13,9.7937808907494e-13,3.5195784186478e-13,8.9503777682185e-18,4.7299164445558e-18,-2.7668789697253e-16,0,329.01469625632,100000000,-1.3877787807814e-16,-0.0022984500299425,0.0036682636859374,151.5908752214,4.7848978978106e-07,399.00891416475,348.85784533315
3.775,-1.2739553169342e-24,-4.2465177231145e-25,3.3486288224633e-36,3.2005275800605e-31,1.732873991871,0,5.2674952329231e-32,1.8366274821948e-11,5.3425356643723e-33,-1.8515348530355e-12,-3.7408443393163e-33,3.740844339315e-33,3.8893350138293e-12,3.8893350138286e-12,-1.6337948168249e-22,-1.6337948168248e-22,3.7408443393151e-33,-3.7408443393162e-33,1.6337948168248e-22,1.633794816825e-22,3.8893350138288e-12,3.8893350138291e-12,1.398109737022e-12,3.5707622774003e-17,1.8366274821948e-17,-3.0192646666163e-16,0,329.01469625632,100000000,-1.3877787807814e-16,-0.002361557645506,0.0037678925684193,155.71788138794,4.9182255128495e-07,409.95346427505,358.43104811428
3.875,-1.829511701212e-23,-6.0983723373729e-24,1.2756893655472e-35,9.322589974921e-31,1.7328956586808,0,1.9548862627896e-31,6.884380786158e-11,2.0268702271663e-32,-7.0936389820666e-12,-1.419214862034e-32,1.4192148620338e-32,1.4900901499739e-11,1.4900901499737e-11,-6.2971448904358e-22,-6.2971448904356e-22,1.4192148620339e-32,-1.419214862034e-32,6.2971448904354e-22,6.297144890436e-22,1.4900901499738e-11,1.4900901499738e-11,5.3579428318351e-12,1.3742060365318e-16,6.884380786158e-17,-3.0445161418123e-16,0,329.01469625632,100000000,-1.3877787807814e-16,-0.0024246955315322,0.0038675115259761,159.84500404141,5.051773901268e-07,420.90265892546,368.00854079377
3.975,-2.4557468895662e-22,-8.1858229652189e-23,4.6967036093386e-35,4.0080895693397e-30,1.7329173181718,0,7.0161431568565e-31,2.4955591128927e-10,7.4321211889066e-32,-2.6267244433885e-11,-5.2039724627461e-32,5.2039724627471e-32,5.517698644777e-11,5.517698644777e-11,-2.3458337636778e-21,-2.3458337636775e-21,5.2039724627469e-32,-5.2039724627462e-32,2.3458337636775e-21,2.3458337636777e-21,5.5176986447774e-11,5.5176986447766e-11,1.9845292435247e-11,5.1110793239367e-16,2.4955591128927e-16,-2.1026779043652e-16,0,329.01469625632,100000000,-1.3877787807814e-16,-0.0024878637154714,0.0039671205605846,163.97224365507,5.18541995617e-07,431.85650019277,377.5903254394
4.075,-3.0914375029675e-21,-1.0304791676558e-21,1.6739809360539e-34,1.2242024422171e-29,1.7329389703345,0,2.4392676296158e-30,8.7630335031716e-10,2.6384236567286e-31,-9.4168309365243e-11,-1.8474246726719e-31,1.8474246726719e-31,1.9780999650473e-10,1.9780999650472e-10,-8.4604747642931e-21,-8.4604747642924e-21,1.8474246726718e-31,-1.8474246726719e-31,8.4604747642926e-21,8.460474764293e-21,1.9780999650473e-10,1.9780999650472e-10,7.1163373606707e-11,1.8402722830177e-15,8.7630335031716e-16,2.8566172686516e-17,0,329.01469625632,100000000,-1.3877787807814e-16,-0.0025510622248145,0.0040667196742215,168.09960070268,5.3192784889268e-07,442.81499015611,387.1764041209
4.175,-3.6611690697915e-20,-1.2203896899308e-20,5.7849813272582e-34,1.407256040722e-15,1.7329606151596,0,8.2276566643235e-30,2.9853575221442e-09,9.0824611704399e-31,-3.2735743568857e-10,-6.3595407856747e-31,6.3595407856746e-31,6.8764718880312e-10,6.8764718880311e-10,-2.9588199826457e-20,-2.9588199826457e-20,6.3595407856743e-31,-6.3595407856751e-31,2.9588199826458e-20,2.9588199826456e-20,6.876471888031e-10,6.8764718880313e-10,2.4744452768551e-10,6.4245869294908e-15,2.9853575221442e-15,6.296946015482e-16,0,329.01469625632,100000000,-1.3877787807814e-16,-0.002614291087092,0.0041663088688629,172.22707565843,5.4534404173283e-07,453.77813089675,396.76677890988
4.275,-4.0909048066402e-19,-1.3636349355468e-19,1.9412600742071e-33,4.8816158368466e-15,1.7329822526373,0,2.6963259220515e-29,9.881373462271e-09,3.0361543522412e-30,-1.1050981061156e-09,-2.1259157702237e-30,2.1259157702236e-30,2.3213696197969e-09,2.3213696197969e-09,-1.0048533099443e-19,-1.0048533099444e-19,2.1259157702236e-30,-2.1259157702237e-30,1.0048533099444e-19,1.0048533099443e-19,2.3213696197968e-09,2.321369619797e-09,8.3551799587416e-10,2.1779013414222e-14,9.881373462271e-15,1.387551428204e-16,0,329.01469625632,100000000,-1.3877787807814e-16,-0.0026775503298739,0.0042658881464845,176.35466899688,5.5876632091203e-07,464.74592449802,406.36145187972
4.375,-4.3244381321711e-18,-1.4414793773905e-18,6.3341414783899e-33,1.6295966357388e-14,1.7330038827583,0,8.5966367061919e-29,3.1819826514842e-08,9.8695063822272e-30,-3.6276940704421e-09,-6.91062997071e-30,6.9106299707098e-30,7.6203359307546e-09,7.6203359307542e-09,-3.3184640303471e-19,-3.3184640303468e-19,6.9106299707095e-30,-6.9106299707103e-30,3.3184640303469e-19,3.318464030347e-19,7.6203359307544e-09,7.6203359307544e-09,2.7433466803938e-09,7.1788194571389e-14,3.1819826514842e-14,-2.9580534298941e-16,0,329.01469625632,100000000,-1.3877787807814e-16,-0.0027408399807729,0.0043654575090606,180.48238119298,5.7221390231528e-07,475.71837304523,415.9604251055
4.4749999999999,-4.335524861358e-17,-1.4451749537863e-17,2.0121752887476e-32,5.2088591314211e-14,1.7330255055129,0,2.6698429482531e-28,9.9811095898598e-08,3.1236924591999e-29,-1.1594756468354e-08,-2.1872099669242e-29,2.1872099669234e-29,2.4355951083102e-08,2.4355951083098e-08,-1.067018240895e-18,-1.067018240895e-18,2.1872099669234e-29,-2.1872099669241e-29,1.0670182408949e-18,1.067018240895e-18,2.4355951083099e-08,2.4355951083102e-08,8.7700634831912e-09,2.3037822854102e-13,9.9811095898598e-14,-2.2744451842979e-16,0,329.01469625632,100000000,-1.4571677198205e-16,-0.0028041600674441,0.0044650169585655,184.61021272169,5.8565654454419e-07,486.69547862483,425.56370066329
4.5749999999999,-4.1321287063213e-16,-1.3773762354402e-16,6.2306441963296e-32,1.6244855732794e-13,1.7330471208917,0,8.0862814230063e-28,3.053271348892e-07,9.6373095734297e-29,-3.6124946477712e-08,-6.7480457275038e-29,6.748045727503e-29,7.5884080160912e-08,7.5884080160907e-08,-3.3444160937377e-18,-3.3444160937375e-18,6.7480457275034e-29,-6.7480457275034e-29,3.3444160937374e-18,3.3444160937378e-18,7.5884080160911e-08,7.5884080160908e-08,2.7329748490905e-08,7.2064019802254e-13,3.053271348892e-13,3.435889561976e-17,0,329.01469625632,100000000,-1.4571677198205e-16,-0.0028675106175946,0.0045645664969737,188.7381640573,5.9913272207613e-07,497.67724332242,435.17128062833
4.6749999999999,-3.7521350607338e-15,-1.2507116869112e-15,1.8826551077884e-31,4.9408126258853e-13,1.7330687288849,0,2.3910584319389e-27,9.1186331008663e-07,2.9016041052553e-28,-1.0983670485993e-07,-2.0317036654459e-28,2.0317036654459e-28,2.3072303571006e-07,2.3072303571005e-07,-1.0229692917337e-17,-1.0229692917336e-17,2.0317036654458e-28,-2.031703665446e-28,1.0229692917337e-17,1.0229692917337e-17,2.3072303571005e-07,2.3072303571005e-07,8.3111230305554e-08,2.1997116745093e-12,9.1186331008663e-13,5.1042072373367e-16,0,329.01469625632,100000000,-1.873501354055e-16,-0.0029308916590011,0.0046641061262576,192.86623567099,6.1261788296881e-07,508.66366921641,444.78316706961
4.7749999999999,-3.2527242909138e-14,-1.0842414303045e-14,5.556869507732e-31,1.4701722919631e-12,1.7330903294829,0,6.9095837079921e-27,2.6614234499554e-06,8.5342407610985e-28,-3.2623612368633e-07,-5.9756767660751e-28,5.9756767660752e-28,6.8529176026522e-07,6.8529176026523e-07,-3.0566681902847e-17,-3.0566681902848e-17,5.9756767660753e-28,-5.9756767660751e-28,3.0566681902848e-17,3.0566681902848e-17,6.8529176026523e-07,6.8529176026522e-07,2.4690207641948e-07,6.5589479572292e-12,2.6614234499554e-12,3.9952936093472e-17,0,329.01469625632,100000000,-1.873501354055e-16,-0.0029943032195686,0.00476363584839,196.99442802457,6.2614255316419e-07,519.65475836122,454.39936203504
4.8749999999999,-2.6972196903679e-13,-8.9907323012272e-14,1.6037404549396e-30,4.2793625621158e-12,1.733111922676,0,1.9532081636451e-26,7.5985839512114e-06,2.4544692750943e-27,-9.4750700592598e-07,-1.7186197847949e-27,1.7186197847948e-27,1.9903336780048e-06,1.9903336780048e-06,-8.9309774409737e-17,-8.9309774409738e-17,1.7186197847949e-27,-1.7186197847948e-27,8.9309774409736e-17,8.930977440974e-17,1.9903336780048e-06,1.9903336780048e-06,7.1722014645663e-07,1.9122582755764e-11,7.5985839512114e-12,-3.1892397343958e-16,0,329.01469625632,100000000,-1.873501354055e-16,-0.0030577453274824,0.0048631556653426,201.12274155274,6.3967436891227e-07,530.65051274005,464.01986751025
4.9749999999999,-2.1432390611336e-12,-7.1441302037794e-13,4.5298043608648e-30,1.2191776314492e-11,1.7331335084539,0,5.4059175382132e-26,2.1240999804273e-05,6.9089517158641e-27,-2.6933601817727e-06,-4.8376491128086e-27,4.8376491128082e-27,5.6576737092729e-06,5.6576737092728e-06,-2.5539391827325e-16,-2.5539391827326e-16,4.8376491128082e-27,-4.8376491128086e-27,2.5539391827326e-16,2.5539391827325e-16,5.6576737092727e-06,5.657673709273e-06,2.0391017558297e-06,5.4563188240902e-11,2.1240999804273e-11,1.7050311767891e-16,0,329.01469625632,100000000,-1.873501354055e-16,-0.0031212180116187,0.0049626655790868,205.25117661592,6.5328434263873e-07,541.65093413888,473.64468530818
5.0749999999999,-1.6347365148789e-11,-5.4491217162631e-12,1.2532552422588e-29,3.4026696785336e-11,1.7331550868055,0,1.4661571209837e-25,5.8184388742042e-05,1.9050253637917e-26,-7.4996338693031e-06,-1.3338990689229e-26,1.3338990689227e-26,1.5753734557553e-05,1.5753734557552e-05,-7.1541026829733e-16,-7.1541026829733e-16,1.3338990689227e-26,-1.3338990689229e-26,7.1541026829732e-16,7.1541026829734e-16,1.5753734557552e-05,1.5753734557553e-05,5.6787946040422e-06,1.5249887953416e-10,5.8184388742042e-11,5.9646653560366e-16,0,329.01469625632,100000000,-1.873501354055e-16,-0.00318472130263,0.0050621655915936,209.37973337548,6.6699335694182e-07,552.65602381361,483.27381677796
5.1749999999999,-1.1987846477879e-10,-3.9959488259599e-11,3.3991133261969e-29,9.3103315322386e-11,1.7331766577168,0,3.8996558478548e-25,0.0001563042542237,5.1496032826034e-26,-2.0472418379155e-05,-3.6057530542871e-26,3.6057530542875e-26,4.300437201561e-05,4.3004372015606e-05,-1.9646409931492e-15,-1.9646409931492e-15,3.6057530542868e-26,-3.6057530542875e-26,1.9646409931493e-15,1.9646409931491e-15,4.3004372015608e-05,4.3004372015611e-05,1.5504374976846e-05,4.1782814159024e-10,1.563042542237e-10,1.1279637100783e-16,0,329.01469625632,100000000,-1.873501354055e-16,-0.0032482552357408,0.0051616557048326,213.50841147208,6.8098302997909e-07,563.66578163082,492.90726205282
5.2749999999999,-8.4645121565692e-10,-2.8215040521898e-10,9.0445874188469e-29,2.4993342158233e-10,1.7331982211674,0,1.0179612328905e-24,0.0004120882013935,1.365718966625e-25,-5.4829025514502e-05,-9.5627664209456e-26,9.5627664209442e-26,0.00011517387769291,0.00011517387769289,-5.2932790981758e-15,-5.2932790981765e-15,9.5627664209433e-26,-9.5627664209444e-26,5.2932790981758e-15,5.2932790981764e-15,0.0001151738776929,0.00011517387769292,4.153002473537e-05,1.1231079542809e-09,4.120882013935e-10,-6.7773860165179e-16,0,329.01469625633,100000000.00001,-2.1510571102112e-16,-0.0033118198578168,0.0052611359207736,217.63720920961,6.9565398210423e-07,574.68020388755,502.54501814217
5.3749999999999,-5.7628639280605e-09,-1.9209546426873e-09,2.3627668251875e-28,6.5872381619041e-10,1.7332197771202,0,2.6097643236538e-24,0.0010670011156307,3.5561070672785e-25,-0.00014416912615705,-2.4899867456845e-25,2.4899867456832e-25,0.00030284173660379,0.00030284173660363,-1.4002039490315e-14,-1.4002039490322e-14,2.4899867456826e-25,-2.4899867456836e-25,1.4002039490317e-14,1.400203949032e-14,0.00030284173660373,0.00030284173660388,0.00010921647743267,2.9637687250598e-09,1.0670011156307e-09,2.8878944439694e-16,0,329.01469625634,100000000.00003,-2.2898349882894e-16,-0.0033754152449682,0.0053606062413854,221.76612152335,7.1201840276005e-07,585.69927788029,512.1870741785
5.4749999999999,-3.7880041633694e-08,-1.2626680544571e-08,6.0639542089124e-28,1.7056410454521e-09,1.7332413254965,0,6.5754376176121e-24,0.0027149962428174,9.0972043993146e-25,-0.00037242599707731,-6.3698639969288e-25,6.3698639969238e-25,0.00078231823080075,0.00078231823079982,-3.6389527192132e-14,-3.6389527192175e-14,6.3698639969197e-25,-6.3698639969234e-25,3.6389527192145e-14,3.638952719216e-14,0.00078231823080045,0.00078231823080134,0.00028217465127101,7.683266402329e-09,2.7149962428174e-09,1.5477042917822e-16,0,329.01469625639,100000000.00008,-2.2898349882894e-16,-0.003439041545557,0.0054600666686367,225.89513500703,7.325784563145e-07,596.72296860692,521.83339977909
5.5749999999999,-2.4066487526555e-07,-8.0221625088639e-08,1.5299248470498e-27,4.3414618320661e-09,1.7332628661171,0,1.6291916123223e-23,0.0067926708543286,2.2879023767937e-24,-0.00094573816159208,-1.6019896155714e-24,1.6019896155684e-24,0.0019866180427346,0.0019866180427287,-9.2973005059768e-14,-9.2973005060046e-14,1.6019896155655e-24,-1.6019896155683e-24,9.297300505986e-14,9.2973005059942e-14,0.0019866180427326,0.0019866180427386,0.00071665339464797,1.9577994759705e-08,6.7926708543286e-09,1.0208945423684e-16,0,329.0146962565,100000000.00019,-2.2898349882894e-16,-0.0035026990835573,0.0055595172044953,230.02421594673,7.6336029224638e-07,607.75118675443,531.48391702847
5.6749999999999,-1.4792140662885e-06,-4.9307135543116e-07,3.7968258022642e-27,1.0868416427565e-08,1.7332843985625,0,3.9718793648175e-23,0.016716739223582,5.6600873840551e-24,-0.0023619909799445,-3.9631941049879e-24,3.9631941049691e-24,0.0049615994025565,0.0049615994025195,-2.3366424306392e-13,-2.3366424306568e-13,3.963194104951e-24,-3.9631941049679e-24,2.336642430645e-13,2.3366424306502e-13,0.0049615994025443,0.0049615994025813,0.0017900918000622,4.9055443962457e-08,1.6716739223582e-08,-2.0148821115411e-16,0,329.01469625678,100000000.00048,-2.2898349882894e-16,-0.0035663886027658,0.0056589578509283,234.15328201251,8.18679371668e-07,618.78371293456,541.13843416681
5.7749999999999,-8.7991555909314e-06,-2.9330518636693e-06,9.2734578626753e-27,2.6768364493763e-08,1.7333059218484,0,9.5329177165849e-23,0.040471178823868,1.3781790185633e-23,-0.0058035524947565,-9.6500117248957e-24,9.6500117247818e-24,0.012190945196288,0.012190945196062,-5.7799366940614e-13,-5.7799366941687e-13,9.650011724672e-24,-9.6500117247766e-24,5.779936694097e-13,5.7799366941283e-13,0.012190945196212,0.012190945196438,0.0043989524363166,1.2087793271628e-07,4.0471178823868e-08,-3.1567539445903e-18,0,329.01469625745,100000000.00118,-2.2898349882894e-16,-0.0036301118335437,0.0057583886099023,238.28213647608,9.3182687105358e-07,629.82002154754,550.79649142589
5.8749999999999,-5.0626529789317e-05,-1.6875509930124e-05,2.2301453537466e-26,6.4862748390703e-08,1.7333274336883,0,2.2535006880937e-22,0.0963369467029,3.3044650285339e-23,-0.014027622057837,-2.3137869493442e-23,2.3137869492786e-23,0.029466429724722,0.029466429723401,-1.4078777613053e-12,-1.4078777613687e-12,2.3137869492142e-23,-2.3137869492752e-23,1.4078777613265e-12,1.4078777613448e-12,0.029466429724281,0.029466429725602,0.010634057554145,2.92759951604e-07,9.63369467029e-08,7.4549042470542e-16,0,329.01469625908,100000000.00287,-2.2898349882894e-16,-0.0036938727808985,0.0058578094833834,242.41031850274,1.1782348011815e-06,640.85887975353,560.45701001816
5.9749999999999,-0.00028095485814251,-9.3651619385465e-05,5.2824575193081e-26,1.5451200529256e-07,1.7333489288656,0,5.2484363667359e-22,0.22504637587338,7.8052678464626e-23,-0.033324473533923,-5.4652498131116e-23,5.4652498127437e-23,0.070001405330165,0.070001405322705,-3.3782723603527e-12,-3.3782723607162e-12,5.4652498123805e-23,-5.4652498127224e-23,3.3782723604739e-12,3.3782723605789e-12,0.070001405327679,0.07000140533514,0.025266386947508,6.955724362821e-07,2.2504637587338e-07,-3.9058210829854e-16,0,329.01469626291,100000000.00683,-2.2898349882894e-16,-0.003757680569453,0.0059572204733368,246.53677203024,1.7220159887203e-06,651.89746008459,570.11751540954
6.0749999999999,-0.0014928887208076,-0.0004976295736597,1.2324780322853e-25,3.610212751296e-07,1.7333703958043,0,1.2044014221633e-21,0.51347514831495,1.816669683492e-22,-0.077608051954396,-1.2720324073355e-22,1.2720324071348e-22,0.16302351171622,0.16302351167579,-7.9876623056038e-12,-7.9876623076213e-12,1.2720324069362e-22,-1.272032407123e-22,7.9876623062769e-12,7.987662306859e-12,0.16302351170275,0.16302351174319,0.058852528165784,1.6133565940688e-06,5.1347514831497e-07,1.6433539251208e-16,0,329.01469627174,100000000.01595,-2.4980018054066e-16,-0.0038215554365412,0.0060566215817279,250.65914715667,2.8934724409692e-06,662.92946728816,579.77249772075
6.1749999999999,-0.0074715510689386,-0.0024905170236218,2.8312492682992e-25,8.2297259553348e-07,1.7333918099851,0,2.7220824017114e-21,1.1324116868689,4.1662834180297e-22,-0.17611859049991,-2.91723232604e-22,2.9172323249837e-22,0.3699547969181,0.3699547967112,-1.8608740698061e-11,-1.8608740708862e-11,2.9172323239378e-22,-2.9172323249198e-22,1.8608740701664e-11,1.8608740704782e-11,0.36995479684922,0.36995479705613,0.13358937190086,3.6144939494852e-06,1.132411686869e-06,-3.6747499489994e-17,0,329.01469629158,100000000.03637,-2.7061686225238e-16,-0.0038855402417084,0.006156012810521,254.77245584522,5.2536863917148e-06,673.94153184185,589.41025487867
6.2749999999999,-0.034095055796047,-0.011365018604911,6.3955283752861e-25,1.8105318810315e-06,1.7334131236953,0,6.0516726537628e-21,2.3654357851296,9.409342044644e-22,-0.38475034476479,-6.5884228295238e-22,6.5884228242282e-22,0.80820676135086,0.80820676038122,-4.2690069034123e-11,-4.2690069089423e-11,6.5884228189559e-22,-6.5884228238778e-22,4.2690069052569e-11,4.2690069068533e-11,0.80820676102893,0.80820676199859,0.29195208099133,7.6611029093161e-06,2.36543578513e-06,-2.5781879688319e-16,0,329.01469633423,100000000.08001,-3.7470027081099e-16,-0.0039497183913764,0.0062553941616795,258.8669714895,9.391045354593e-06,684.90756984947,599.0079556609
6.3749999999999,-0.13445203662324,-0.044817345588956,1.4171497951099e-24,3.7732110904129e-06,1.7334342577276,0,1.3202526201991e-20,4.5287957789837,2.0897955267689e-21,-0.79247108188818,-1.4632751683263e-21,1.4632751658357e-21,1.6646651395619,1.6646651356023,-9.6299355522923e-11,-9.6299355789618e-11,1.4632751633314e-21,-1.4632751656454e-21,9.6299355611896e-11,9.6299355688873e-11,1.6646651382534,1.6646651422131,0.60169022275541,1.4856274762973e-05,4.528795778985e-06,-3.2207639181889e-16,0,329.01469641975,100000000.16674,-7.1470607210244e-16,-0.0040142283727227,0.0063547656371658,262.92650595211,1.4915694468035e-05,695.78414245806,608.52757756331
6.4749999999999,-0.4295253316345,-0.14317511080788,3.0706269309002e-24,7.2705050908833e-06,1.733455113855,0,2.8177590752542e-20,7.6550395359522,4.554134711153e-21,-1.4977527297526,-3.1888058697748e-21,3.1888058590523e-21,3.1461801097866,3.146180096548,-2.1310715309843e-10,-2.131071542829e-10,3.188805848093e-21,-3.1888058580494e-21,2.1310715349368e-10,2.1310715383547e-10,3.1461801054457,3.1461801186844,1.1381231359489,2.5369516532862e-05,7.6550395359548e-06,-3.4535693167207e-16,0,329.01469657405,100000000.32129,-1.1587952819525e-15,-0.004079241991709,0.0064541272389432,266.93090191769,1.9246224450832e-05,706.51710612788,617.92172688433
6.5749999999999,-1.0689956482753,-0.35633188373216,6.4920894880355e-24,1.270789721528e-05,1.7334756215536,0,5.8709232356641e-20,11.221942379104,9.7147826972888e-21,-2.5427676635436,-6.8022924455109e-21,6.8022924041835e-21,5.3413389804555,5.3413389457085,-4.6151677340287e-10,-4.6151677813852e-10,6.8022923609863e-21,-6.8022923993282e-21,4.6151677498368e-10,4.6151677634974e-10,5.3413389691855,5.3413390039323,1.9340698851853,3.7465869673716e-05,1.1221942379107e-05,-8.01970142189e-16,0,329.01469681735,100000000.56157,-1.3114509478385e-15,-0.0041448827302308,0.0065534789689734,270.86553729014,1.9692381872889e-05,717.06708128426,627.15592850034
6.6749999999999,-2.1107764901516,-0.70359216590175,1.3399352042474e-23,2.0113963795416e-05,1.7334957770659,0,1.1946876627938e-19,14.554665727586,2.0261186178969e-20,-3.8711392254478,-1.41868859395e-20,1.4186885798073e-20,8.1317169112912,8.1317168390736,-9.7691734456447e-10,-9.7691736142577e-10,1.4186885646373e-20,-1.418688577745e-20,9.7691735019525e-10,9.7691735505706e-10,8.1317168881688,8.1317169603864,2.9471022011619,4.8836173083579e-05,1.4554665727589e-05,-4.7259300118978e-16,0,329.01469715275,100000000.88885,-1.6028844918026e-15,-0.0042111574244907,0.0066528208292182,274.72935797225,1.7328749217793e-05,727.43102905829,636.22751058107
6.7749999999999,-3.5071732062345,-1.1690577404381,2.7059469603934e-23,2.9258599986356e-05,1.7335156221122,0,2.3796986872383e-19,17.418617876527,4.1336443096371e-20,-5.3745524106113,-2.8943784454832e-20,2.8943784021338e-20,11.289787344604,11.289787219739,-2.0223146840062e-09,-2.0223147377921e-09,2.89437835439e-20,-2.8943783945235e-20,2.0223147019752e-09,2.0223147174775e-09,11.289787305165,11.289787430031,4.0945976651763,5.8649332789347e-05,1.7418617876531e-05,2.3877934805257e-17,0,329.01469757017,100000001.29296,-1.9220736113823e-15,-0.0042779934027843,0.0067521528216379,278.53062723518,1.4963036160413e-05,737.63091400526,645.15568605837
6.8749999999999,-5.2042362425016,-1.7347454227042,5.3590841398353e-23,3.9911118323726e-05,1.7335351982564,0,4.6503940622405e-19,19.953574092972,8.2625483573227e-20,-6.9620171037375,-5.7854377865131e-20,5.7854376652896e-20,14.624416395182,14.62441620521,-4.1006522274711e-09,-4.1006523837171e-09,5.7854375284224e-20,-5.785437640541e-20,4.1006522796903e-09,4.100652324707e-09,14.624416335962,14.624416525934,5.3068079115856,6.7363479492245e-05,1.9953574092976e-05,-4.7195300910928e-16,0,329.01469805853,100000001.7637,-2.171873791923e-15,-0.0043453182262459,0.0068514749481929,282.27763266407,1.3715895454102e-05,747.68880304344,653.95976074948
6.9749999999999,-7.1859946933411,-2.3953315775883,1.0424442866486e-22,5.1947987781407e-05,1.7335545280392,0,8.9289568908577e-19,22.353308625227,1.6207453788494e-19,-8.5811177331428,-1.1348462006389e-19,1.1348461691448e-19,18.025499883812,18.025499618331,-8.1581313598845e-09,-8.1581317807152e-09,1.1348461327626e-19,-1.1348461618649e-19,8.1581315005813e-09,8.1581316217845e-09,18.025499802079,18.025500067561,6.5434448494046,7.5634277243214e-05,2.2353308625232e-05,-2.1550924791338e-16,0,329.01469861157,100000002.29562,-2.5118795932147e-15,-0.0044130926852049,0.0069507872108431,285.97480511041,1.336286570337e-05,757.61644078057,662.6500075854
7.0749999999999,-9.4595771624683,-3.153192406479,1.9932973060605e-22,6.5334005185326e-05,1.7335736184121,0,1.6858311897629e-18,24.738579276266,3.1237736615572e-19,-10.206944514359,-2.1872668841859e-19,2.187266807051e-19,21.440712301613,21.440711951172,-1.5944553983054e-08,-1.5944555049846e-08,2.1872667160192e-19,-2.1872667872374e-19,1.5944554339836e-08,1.5944554646977e-08,21.440712195007,21.440712545448,7.7853379683909,8.3873405265256e-05,2.4738579276271e-05,-1.5658195693324e-16,0,329.01469922734,100000002.88716,-2.8171909249868e-15,-0.0044813048161511,0.0070500896115468,289.62339537867,1.347215946026e-05,767.41704724994,671.22923835592
7.1749999999999,-12.037670645686,-4.0125569081532,3.7485035974432e-22,8.0080747672059e-05,1.7335924681047,0,3.1313786759393e-18,27.165750309362,5.9207666741918e-19,-11.828223946886,-4.1457219294614e-19,4.1457217494601e-19,24.846372524423,24.846372079884,-3.0640000779303e-08,-3.0640003353226e-08,4.1457215326482e-19,-4.1457216987125e-19,3.0640001640416e-08,3.064000238123e-08,24.846372390774,24.846372835312,9.0238125312906,9.2273825518569e-05,2.7165750309368e-05,-8.2399757563458e-16,0,329.01469990624,100000003.53883,-3.143318938471e-15,-0.0045499570333343,0.0071493821522631,293.22296959592,1.377618891344e-05,777.08932118353,679.69630707588
7.2749999999999,-14.932009254601,-4.9773364533289,6.9350473735548e-22,9.622006513202e-05,1.7336110723046,0,5.7240263267985e-18,29.65786086032,1.10422050585e-18,-13.439317544749,-7.7317541046958e-19,7.7317537014384e-19,28.230636342248,28.230635794522,-5.7924760441559e-08,-5.7924766400125e-08,7.7317532059225e-19,-7.7317535776799e-19,5.7924762435659e-08,5.7924764150048e-08,28.230636179509,28.230636727237,10.254536762275,0.00010091471958945,2.9657860860326e-05,-2.8705745884598e-15,0,329.01470064968,100000004.25204,-3.3861802251086e-15,-0.0046190579509714,0.0072486648349494,296.77236344917,1.4154391848543e-05,786.62999763419,688.04834858632
7.3749999999999,-18.152571463841,-6.0508572004025,1.2625664699168e-21,0.0001137919704352,1.7336294247898,0,1.0299538914291e-17,32.224265767649,2.027142704689e-18,-15.036747784896,-1.4194057242865e-18,1.4194056370854e-18,31.586198864788,31.586198204748,-1.077723706828e-07,-1.0777238399367e-07,1.4194055277874e-18,-1.4194056081182e-18,1.0777237513887e-07,1.0777237896736e-07,31.586198671024,31.586199331067,11.474844825701,0.00010982843282676,3.2224265767655e-05,-4.1399524359959e-15,0,329.0147014595,100000005.02855,-3.6567970873623e-15,-0.0046886186556187,0.0073479376615633,300.27011817366,1.4560547497358e-05,796.03501735324,696.28180216545
7.4749999999999,-21.708076810225,-7.2360256618351,2.2623717441141e-21,0.00013283998561859,1.7336475187475,0,1.8246260717374e-17,34.869355324437,3.6643091141982e-18,-16.61790319465,-2.5657499944036e-18,2.5657498116882e-18,34.907574427527,34.907573646002,-1.973986184776e-07,-1.9739864729057e-07,2.5657495780434e-18,-2.5657497462408e-18,1.9739862812644e-07,1.9739863641084e-07,34.907574200931,34.90757498246,12.682737843931,0.00011903031261767,3.4869355324444e-05,-4.9155122906172e-15,0,329.0147023377,100000005.8703,-3.9412917374246e-15,-0.0047586512761211,0.0074472006340611,303.71464812284,1.4977890923108e-05,805.29997648888,704.39280519751
7.5749999999999,-25.606350643088,-8.5354502876001,3.9907971291593e-21,0.00015340948259465,1.7336653470646,0,3.1830935299599e-17,37.59573743801,6.523536404811e-18,-18.180585949273,-4.5677815790579e-18,4.567781207017e-18,38.190146274977,38.190145362752,-3.5602076768889e-07,-3.560208283093e-07,4.5677807214723e-18,-4.5677810637014e-18,3.5602078799614e-07,3.5602080541978e-07,38.190146013882,38.190146926115,13.876534807045,0.00012852961778017,3.7595737438017e-05,-6.477976609599e-15,0,329.0147032864,100000006.77928,-4.2535419631037e-15,-0.0048291684746831,0.007546453754399,307.10430052616,1.5399614090518e-05,814.42028706194,712.37733366257
7.6749999999999,-29.854414421815,-9.9514715643356,6.9312907579229e-21,0.00017554704500932,1.7336829024402,0,5.4690986494704e-17,40.405247865392,1.144052330179e-17,-19.722845854372,-8.0106569425178e-18,8.0106562047787e-18,41.42981782407,41.429816771901,-6.3239273547612e-07,-6.323928597293e-07,8.0106552215628e-18,-8.0106558996855e-18,6.323927771139e-07,6.3239281281416e-07,41.429817526973,41.429818579152,15.054744610296,0.00013833297856124,4.04052478654e-05,-4.5387294276991e-16,0,329.01470430774,100000007.75755,-4.4894643558414e-15,-0.0049001832518303,0.0076456970245331,310.43737848358,1.5821812779688e-05,823.39123880131,720.231256275
7.7749999999999,-34.458421978735,-11.486140769685,1.1854770198319e-20,0.00019930013760871,1.7337001774422,0,9.2563004732011e-17,43.299235762856,1.9767812367945e-17,-21.242907380905,-1.3841426755935e-17,1.3841425328904e-17,44.622859393843,44.622858192471,-1.1065066623459e-06,-1.1065069109094e-06,1.3841423385304e-17,-1.3841424696042e-17,1.1065067456697e-06,1.1065068170603e-06,44.622859059423,44.622860260803,16.21600993897,0.00014844536582731,4.3299235762865e-05,-2.3721279766983e-15,0,329.01470540393,100000008.80722,-4.7670201120052e-15,-0.0049717088460924,0.0077449304464176,313.71215289373,1.6241394301302e-05,832.20803131009,727.95036264924
7.8749999999999,-39.423531104716,-13.141177167417,1.996900092883e-20,0.00022471685660948,1.7337171645511,0,1.5433801893511e-16,46.278629456769,3.3658248076883e-17,-22.739129588511,-2.3567513336964e-17,2.3567510640795e-17,47.765824020402,47.765822660584,-1.9074110232736e-06,-1.9074115092686e-06,2.3567506884754e-17,-2.3567509359329e-17,1.9074111862487e-06,1.9074113257782e-06,47.765823647551,47.765825007376,17.35907650706,0.00015887030418136,4.6278629456779e-05,-5.6104574675644e-16,0,329.01470657721,100000009.9304,-5.0584536559802e-15,-0.0050437586589517,0.0078441540220074,316.92687147293,1.6655395591252e-05,840.86579846652,735.53038466965
7.9749999999999,-44.753748354794,-14.917916276025,3.3132786212693e-20,0.00025184569296889,1.7337338562001,0,2.5355687092263e-16,49.343935135104,5.6481807324335e-17,-24.20998066075,-3.954857552548e-17,3.9548570544791e-17,50.855493965625,50.855492438166,-3.2398050010426e-06,-3.2398059308547e-06,3.9548563440436e-17,-3.9548568008124e-17,3.239805312966e-06,3.239805579808e-06,50.855493553481,50.855495080948,18.482773530229,0.00016960985440216,4.9343935135115e-05,-1.153889938254e-15,0,329.01470782982,100000011.12925,-5.3082538365363e-15,-0.0051163461842018,0.0079433677532556,320.07976731835,1.7060782886999e-05,849.35963164991,742.96701683411
8.0749999999999,-50.451759845485,-16.817253467803,5.4156131165009e-20,0.00028073528642748,1.7337502448169,0,4.104814107076e-16,52.495211346909,9.3426204301863e-17,-25.65402082302,-6.5417052449507e-17,6.5417043446002e-17,53.888844834582,53.888843130356,-5.4229285702665e-06,-5.4229303126373e-06,6.5417030281357e-17,-6.5417038531359e-17,5.4229291550056e-06,5.4229296548308e-06,53.888844382552,53.888846086783,19.586000629836,0.00018066451270387,5.249521134692e-05,-1.3511996300855e-15,0,329.01470916403,100000012.4059,-5.564992911003e-15,-0.0051894849349556,0.0080425716421159,323.16906781319,1.7454398905994e-05,857.6846039355,750.25593744841
8.1749999999999,-56.518752621603,-18.839584424437,8.7210968552589e-20,0.00031143416125631,1.7337663228683,0,6.5489566498629e-16,55.732032025259,1.5234438840666e-16,-27.069890920927,-1.0667158191411e-16,1.0667156597741e-16,56.863021583236,56.863019693229,-8.9462529718512e-06,-8.946256172317e-06,1.0667154205888e-16,-1.0667155664898e-16,8.946254046362e-06,8.9462549640603e-06,56.86302109103,56.863022981042,20.667719074661,0.00019203307041396,5.5732032025271e-05,-2.3554145007166e-15,0,329.0147105821,100000013.7625,-5.7939764098635e-15,-0.0052631883655486,0.0081417656905409,326.19300420227,1.7832933524554e-05,865.83579613927,757.39283144266
8.2749999999999,-62.954229497831,-20.984743417495,1.3837926665296e-19,0.00034399043891692,1.7337820829088,0,1.0298003825882e-15,59.053442963923,2.4492490979208e-16,-28.456305140936,-1.7149649088201e-16,1.7149646324561e-16,59.775323227487,59.775321142828,-1.4547525168773e-05,-1.4547530935179e-05,1.7149642060762e-16,-1.7149644588529e-16,1.4547527105579e-05,1.454752875827e-05,59.775322695151,59.775324779816,21.726946195227,0.00020371245092881,5.9053442963936e-05,-2.107977920411e-16,0,329.01471208625,100000015.20119,-6.0992877416797e-15,-0.0053374697868775,0.0082409499004827,329.14982201137,1.8192905304656e-05,873.80832517831,764.37341521748
8.3749999999999,-69.755820529151,-23.251940465271,2.1636532379536e-19,0.00037845152488294,1.7337975176327,0,1.5961576734167e-15,62.457914600914,3.8827240347403e-16,-29.812046894629,-2.7186845120263e-16,2.7186840423038e-16,62.623194197645,62.623191909653,-2.3319720832746e-05,-2.3319731029598e-05,2.7186832961123e-16,-2.7186837253216e-16,2.3319724259147e-05,2.3319727180222e-05,62.623193625599,62.623195913595,22.762752220351,0.00021569753375127,6.2457914600928e-05,-1.6443664293633e-15,0,329.0147136787,100000016.72405,-6.3768434978972e-15,-0.0054123422743511,0.0083401242738928,332.03779241191,1.8530699284507e-05,881.59737501659,771.19346375586
8.4749999999999,-76.919095009903,-25.639698665757,3.3339550693237e-19,0.00041486376825546,1.7338126199317,0,2.4388119381355e-15,65.943293364687,6.0699266353968e-16,-31.135967185843,-4.2501644965113e-16,4.2501637137669e-16,65.404220908469,65.404218408703,-3.6854241626728e-05,-3.6854259332418e-05,4.2501624310946e-16,-4.2501631455779e-16,3.685424757902e-05,3.6854252648565e-05,65.404220297549,65.404222797318,23.774259014338,0.00022798097345022,6.5943293364702e-05,-1.7623726425756e-15,0,329.01471536161,100000018.33314,-6.6335825724258e-15,-0.005487818568045,0.0084392888127218,334.8552245816,1.8842578531278e-05,889.1982303293,777.84884011712
8.5749999999999,-84.437378754023,-28.145793290039,5.06320225893e-19,0.00045327209403129,1.7338273829553,0,3.6736507941182e-15,69.506753686112,9.3587672070621e-16,-32.426984961111,-6.5530118053544e-16,6.5530105261873e-16,68.116132495334,68.11612977563,-5.7428017845213e-05,-5.7428048047174e-05,6.5530083595461e-16,-6.5530095258533e-16,5.7428028003359e-05,5.7428036646257e-05,68.116131846819,68.116134566526,24.760640332183,0.00024055302094082,6.9506753686127e-05,-1.7258308544645e-15,0,329.01471713707,100000020.03043,-6.8556271774643e-15,-0.0055639109650043,0.0085384435189199,337.60047906842,1.9124711869142e-05,896.60631289966,784.33552732502
8.6749999999999,-92.301582273845,-30.767194508555,7.5791827739556e-19,0.00049371960907117,1.7338418001773,0,5.4559683017104e-15,73.144752804474,1.4232671964924e-15,-33.684089057779,-9.9657216893095e-16,9.9657196388954e-16,70.756804906461,70.756801958991,-8.8241752913568e-05,-8.8241803542844e-05,9.9657160411016e-16,-9.9657179083609e-16,8.8241769950766e-05,8.8241784431205e-05,70.756804222121,70.756807169595,25.721123297595,0.00025340135464582,7.314475280449e-05,-3.5905806318609e-15,0,329.01471900709,100000021.81784,-7.1262440398704e-15,-0.0056406312040252,0.0086375883944371,340.271982122,1.9373237297999e-05,903.81722064533,790.64966255939
8.7749999999999,-100.5000462766,-33.500015889925,1.118381994928e-18,0.00053624718404959,1.7338558654646,0,7.9898487190789e-15,76.852990586661,2.1351639803978e-15,-34.906341435093,-1.4950425685599e-15,1.4950422461475e-15,73.324267690171,73.324264507491,-0.00013371504239883,-0.00013371512583681,1.4950416586324e-15,-1.4950419518646e-15,0.0001337150704911,0.00013371509434101,73.324266972305,73.32427015499,26.654990863042,0.00026651092947678,7.6852990586678e-05,-3.5016730551935e-15,0,329.0147209736,100000023.69716,-7.4176775840403e-15,-0.005717990343568,0.0087367234412223,342.86824091199,1.9584316054244e-05,910.82676904975,796.78757345437
8.8749999999999,-109.01841159221,-36.339471043465,1.6269328607376e-18,0.0005808930149476,1.7338695731503,0,1.1538203971988e-14,80.626376691518,3.160081370164e-15,-36.092881416451,-2.2126901349334e-15,2.2126896375852e-15,75.816712906189,75.816709481293,-0.00019984119371344,-0.0001998413289391,2.2126886937913e-15,-2.2126891454927e-15,0.00019984123926661,0.00019984127789543,75.816712157659,75.816715582561,27.561585043989,0.00027986385201703,8.0626376691537e-05,-4.7420840029874e-15,0,329.01472303836,100000025.6701,-7.6397221892409e-15,-0.0057959986338655,0.0088358486612245,345.3878595056,1.9754218351754e-05,917.63103464696,802.74581619498
8.9749999999999,-117.83952114207,-39.279840942195,2.3334825348368e-18,0.00062769216900423,1.7338829181083,0,1.6432881436206e-14,84.459007490032,4.6146028882372e-15,-37.242930694943,-3.2311467123112e-15,3.2311459596746e-15,78.232505640305,78.232501966674,-0.00029460000804732,-0.00029460022363066,3.2311444677694e-15,-3.2311451502835e-15,0.00029460008071156,0.00029460014225531,78.232504864573,78.23250853821,28.440310737835,0.00029343929060011,8.4459007490052e-05,-5.7211826155855e-15,0,329.01472520304,100000027.73819,-7.9311557335692e-15,-0.0058746653846744,0.0089349640563911,347.82955542831,1.987938127267e-05,924.22640007563,808.52121498766
9.0749999999999,-126.94336179227,-42.31445454044,3.3002163124731e-18,0.00067667612139646,1.7338958958302,0,2.3084029231854e-14,88.344155169621,6.6494929339396e-15,-38.355798865701,-4.6559776180557e-15,4.6559765007988e-15,80.570195625665,80.570191697325,-0.00042842045344767,-0.0004284207916303,4.6559741794788e-15,-4.6559751909478e-15,0.00042842056750239,0.00042842066397892,80.57019482683,80.570198755176,29.290639946896,0.00030721342906193,8.8344155169642e-05,-8.5114498695474e-15,0,329.01472746911,100000029.90283,-8.1601392328787e-15,-0.0059539988305179,0.0090340696286697,350.19217657973,1.9956514811397e-05,930.60960008329,814.11090236241
9.1749999999998,-136.30705382077,-45.435685263019,4.6029391634902e-18,0.00072787229027293,1.7339085025014,0,3.1987692401114e-14,92.274271377121,9.4561193579371e-15,-39.430889252505,-6.6211787358682e-15,6.6211771091995e-15,82.828529482155,82.828525293731,-0.00061467717783982,-0.00061467769997273,6.6211735530853e-15,-6.6211750230162e-15,0.00061467735404144,0.00061467750288775,82.828528664987,82.828532853419,30.112116227762,0.00032115947269542,9.2274271377143e-05,-1.1803327347646e-14,0,329.01472983786,100000032.16524,-8.4307560957609e-15,-0.0060340059956667,0.0091331653800071,352.47471822771,1.9982672318328e-05,936.77776772815,819.51235964735
9.2749999999998,-145.90489518115,-48.634965759661,6.3319945267366e-18,0.00078130357902149,1.7339207350764,0,4.3730451443913e-14,96.241007549985,1.327282502445e-14,-40.46770479529,-9.2936378912807e-15,9.2936355689401e-15,85.006463083739,85.006458630488,-0.00087019560885559,-0.00087019640247865,9.2936302038503e-15,-9.2936322981227e-15,0.00087019587684685,0.00087019610291651,85.006462253693,85.006466706955,30.904359188794,0.00033524771421349,9.6241007550007e-05,-1.678147645073e-14,0,329.01473231038,100000034.52642,-8.8193341551994e-15,-0.0061146925614608,0.0092322513123499,354.6763397554,1.9955386808049e-05,942.72847990032,824.72345684661
9.3749999999998,-155.70846673491,-51.902822982542,8.592549626695e-18,0.0008369879357677,1.7339325913506,0,5.8989845144307e-14,100.23525375467,1.8390770759269e-14,-41.465853764394,-1.2877226092389e-14,1.2877222842325e-14,87.10317356182,87.103168839681,-0.0012157307394849,-0.0012157319273257,1.2877214868794e-14,-1.2877217792964e-14,0.0012157311408621,0.0012157314789592,87.103172725065,87.103177447215,31.667068856911,0.00034944566634912,0.00010023525375469,-2.3370272608098e-14,0,329.01473488754,100000036.98717,-9.0691343368028e-15,-0.0061960627389411,0.0093313274276432,356.79638079428,1.9872683113937e-05,948.45980117623,829.74249105832
9.4749999999998,-165.6868030675,-55.228935124925,1.1504044869627e-17,0.00089493794095378,1.7339440700274,0,7.8529380606787e-14,104.24719734481,2.5158671830062e-14,-42.425055067098,-1.7616114022514e-14,1.761610956594e-14,89.118070452182,89.118065457822,-0.0016763757236291,-0.0016763774747644,1.7616097889563e-14,-1.7616101888888e-14,0.0016763763157539,0.0016763768137675,89.118069615619,89.118074609991,32.400029734564,0.00036371826591669,0.00010424719734484,-3.3514946139393e-14,0,329.01473756995,100000039.54805,-9.3050567309042e-15,-0.0062781191499498,0.0094303937278323,358.8343763426,1.9733253554831e-05,953.97032493206,834.56822249227
9.5749999999998,-175.80663145443,-58.602211276419,1.5198634141866e-17,0.00095516043439658,1.7339551707785,0,1.0318715310871e-13,108.26640211027,3.3985782735732e-14,-43.345142916441,-2.3796861999053e-14,2.3796856015056e-14,91.050805502327,91.050800233155,-0.0022818494886131,-0.0022818520319618,2.379683916268e-14,-2.3796844516868e-14,0.0022818503492292,0.0022818510719131,91.050804673582,91.050809942766,33.103114371155,0.0003780281518701,0.00010826640211029,-5.3336223920186e-14,0,329.01474035794,100000042.20936,-9.5617958071063e-15,-0.0063608627200753,0.0095294502148617,360.79007044654,1.9536455438241e-05,959.25921058983,839.19990710198
9.6749999999998,-186.0326790083,-62.010893805614,1.9818500111662e-17,0.001017656193342,1.7339658942951,0,1.3385748676431e-13,112.28190779631,4.5342468207004e-14,-44.226070641834,-3.1748819797038e-14,3.1748811935567e-14,92.901280676044,92.901275130255,-0.0030666092100253,-0.0030666128502289,3.1748787956976e-14,-3.1748794967071e-14,0.0030666104427049,0.0030666114761115,92.901279863487,92.901285409286,33.776286280399,0.00039233601707052,0.00011228190779634,-7.6395125202927e-14,0,329.01474325159,100000044.97113,-9.8324126715935e-15,-0.0064442925868114,0.0096284968906753,362.66342801627,1.9282398632279e-05,964.32621585577,843.63732483305
9.7749999999998,-196.32804514051,-65.442682513662,2.5512012538515e-17,0.0010824196726906,1.7339762423291,0,1.7146554945556e-13,116.28234897501,5.9757746775831e-14,-45.06791343795,-4.1842406664302e-14,4.1842396570501e-14,94.669653927757,94.669648104334,-0.0040697350760321,-0.0040697402116248,4.1842362926155e-14,-4.1842371890839e-14,0.0040697368164238,0.0040697382729586,94.669653140477,94.669658963908,34.419602048031,0.00040660103027696,0.00011628234897504,-1.0837416737192e-13,0,329.01474625068,100000047.83313,-1.0082212854968e-14,-0.0065284060262102,0.0097275337572165,364.45464435958,1.8971973773112e-05,969.1717228448,847.88080252057
9.8749999999998,-206.65463332997,-68.884878557455,3.2428802123975e-17,0.0011494388176918,1.7339862177214,0,2.1693554967387e-13,120.25609128569,7.7813315943314e-14,-45.870869872859,-5.448492774997e-14,5.4484915103352e-14,96.3563423705,96.356336269232,-0.0053345423101218,-0.0053345494536941,5.4484868539739e-14,-5.4484879717991e-14,0.0053345447329051,0.0053345467569107,96.356341618298,96.356347719572,35.033212492906,0.00042078132143229,0.00012025609128572,-1.5597685856045e-13,0,329.01474935467,100000050.79483,-1.0311196357369e-14,-0.0066131984010465,0.0098265608164279,366.16415204832,1.8606881099675e-05,973.79675707012,851.93123054215
9.9749999999998,-216.97363303953,-72.324545088349,4.0713937141691e-17,0.0012186949579917,1.7339958244168,0,2.7115382086989e-13,124.19138209803,1.0013376502575e-13,-46.635262009144,-7.0113721142466e-14,7.0113705714097e-14,97.962022530331,97.962016151807,-0.006907889310233,-0.0069078991100784,7.0113642129538e-14,-7.0113655686748e-14,0.0069078926366119,0.0069078954103299,97.962021823693,97.962028202218,35.617362769519,0.00043483451987638,0.00012419138209806,-2.1439553127739e-13,0,329.01475256274,100000053.85541,-1.0547118754574e-14,-0.0066986631330812,0.0099255780702522,367.79262478431,1.8189596933524e-05,978.20299841558,855.7900724551
10.075,-227.24603964221,-75.748680560979,5.0501501122735e-17,0.0012901627899788,1.7340050674641,0,3.3492875455523e-13,128.07651174912,1.2737294288032e-13,-47.361534031797,-8.9186612550666e-14,8.9186594281207e-14,99.487627464086,99.48762080968,-0.0088391705574169,-0.0088391838199172,8.9186508586121e-14,-8.9186524521246e-14,0.0088391750629024,0.008839178812599,99.48762681414,99.487633468536,36.172391330515,0.0004487183318889,0.00012807651174915,-2.9476567102067e-13,0,329.01475587373,100000057.01374,-1.0824674516311e-14,-0.0067847917014409,0.010024585520631,369.34097800521,1.7723347640744e-05,982.39278339972,859.45936701297
10.175,-237.43319767144,-79.144399816734,6.1907961991061e-17,0.0013638104519764,1.7340139529999,0,4.089500651776e-13,131.89998073909,1.6019675202589e-13,-48.050249323221,-1.1216986774268e-13,1.1216984684343e-13,100.9343406151,100.93433368696,-0.011179007293472,-0.01117902500526,1.121697328202e-13,-1.1216975087226e-13,0.011179013315634,0.011179018317604,100.93434003358,100.9343469617,36.698727703281,0.0004623911412021,0.00013189998073912,-3.9874544814784e-13,0,329.01475928622,100000060.26843,-1.1074474703761e-14,-0.0068715736683942,0.010123583169504,370.8103660596,1.7212042664416e-05,986.36909827492,862.94172216199
10.275,-247.49735084195,-82.499117424152,7.5025782087313e-17,0.001439599694064,1.7340224882177,0,4.9375017590621e-13,135.65066772715,1.9926295849657e-13,-48.702085976416,-1.3952405539605e-13,1.3952403247367e-13,102.3035863882,102.3035791892,-0.013977675660672,-0.013977699009434,1.3952388264228e-13,-1.3952390217571e-13,0.013977683606472,0.013977690192607,102.30358588739,102.30359308634,37.196889073435,0.00047581261414612,0.00013565066772717,-5.2974988213673e-13,0,329.01476279845,100000063.61779,-1.133815268061e-14,-0.0069589967330237,0.010222571018813,372.20217588651,1.6660203624656e-05,990.13556277915,866.24030085698
10.375,-257.40218122443,-85.800727403711,8.9917734009727e-17,0.0015174861413208,1.7340306813202,0,5.8967054797506e-13,139.3179928681,2.4519890323744e-13,-49.317830790429,-1.7168844060291e-13,1.7168841680728e-13,103.59701753649,103.59701007023,-0.017283338212981,-0.017283368605633,1.716882223035e-13,-1.7168824217316e-13,0.017283348565251,0.017283357127808,103.59701712918,103.59702459536,37.667475708515,0.00048894428994856,0.00013931799286812,-7.0021855379684e-13,0,329.01476640839,100000067.05986,-1.1560197295934e-14,-0.0070470468123554,0.010321549070498,373.51801724692,1.6072849426656e-05,993.6964046506,869.35879879258
10.475,-267.11331990445,-89.037773447735,1.0661235441494e-16,0.0015974196462172,1.7340385414577,0,6.9683551648363e-13,142.8920710555,2.9857824077662e-13,-49.898371844218,-2.0906469726951e-13,2.0906467446212e-13,104.81649956201,104.81649183272,-0.021140167368008,-0.021140206444979,2.0906442493512e-13,-2.090644433336e-13,0.021140180690646,0.021140191685861,104.81649926139,104.81650699056,38.111165294951,0.00050175013672382,0.00014289207105553,-9.1442539697813e-13,0,329.01477011375,100000070.59244,-1.1844691958659e-14,-0.0071357081486361,0.010420517326497,374.75970967079,1.5455358434466e-05,997.05642531914,872.30141441064
10.575,-276.59881240286,-92.199604060457,1.2510088900907e-16,0.0016793447229263,1.7340460786523,0,8.1513566358666e-13,146.36384996501,3.5989798410311e-13,-50.444689793825,-2.5200083491684e-13,2.5200081585521e-13,105.96409243452,105.96408444704,-0.025586465588497,-0.025586515232876,2.5200049939139e-13,-2.5200051368296e-13,0.025586482529942,0.025586496480153,105.96409225416,105.96410024146,38.528706298705,0.00051419705476133,0.00014636384996503,-1.1785462210191e-12,0,329.01477391197,100000074.21307,-1.2150003305745e-14,-0.0072249634405498,0.010519475788751,375.92926639491,1.481339584358e-05,1000.2209574795,875.07281179907
10.675,-285.82952405806,-95.276507685505,1.4533596569041e-16,0.0017632010536417,1.7340533037106,0,9.442220155798e-13,149.72522842465,4.295571806783e-13,-50.957848080184,-3.0077626759799e-13,3.0077625613017e-13,107.04203002198,107.04202178169,-0.030652894622589,-0.030652956963108,3.007758592089e-13,-3.0077586575584e-13,0.030652915917219,0.030652933411209,107.04202997571,107.04203821575,38.920910492357,0.00052625531088322,0.00014972522842468,-1.5054308040125e-12,0,329.01477780028,100000077.91909,-1.2420620186411e-14,-0.0073147939953961,0.010618424459195,377.02887566756,1.4152703220421e-05,1003.1958155176,877.6780773303
10.775,-294.77947334408,-98.259823812047,1.6723209321941e-16,0.0018489240547395,1.7340602281265,0,1.0835114828074e-12,152.96915153106,5.0783847578612e-13,-51.438982268678,-3.5558890452767e-13,3.5558890578952e-13,108.05269769717,108.05268920993,-0.036360923767522,-0.036361001174574,3.5558841327535e-13,-3.5558840726388e-13,0.036360950234683,0.036360971926034,108.05269779904,108.05270628595,39.288644817363,0.00053789889073163,0.00015296915153109,-1.8957337349583e-12,0,329.0147817757,100000081.70766,-1.2712053752394e-14,-0.0074051798985717,0.010717363339769,378.06087987842,1.3479045470446e-05,1005.9872399819,880.12267108125
10.875,-303.42608451079,-101.14202718816,1.9066793682101e-16,0.001936445488928,1.7340668639772,0,1.2322030744384e-12,156.08968001572,5.9489364249449e-13,-51.889288765194,-4.1654501813304e-13,4.1654503873882e-13,108.99860863463,108.99859990672,-0.042721594847035,-0.042721689921338,4.1654443391352e-13,-4.1654440918703e-13,0.042721627387551,0.042721653990942,108.99860889882,108.99861762629,39.632822768298,0.00054910575964412,0.00015608968001575,-2.3668544890306e-12,0,329.01478583507,100000085.57577,-1.2954915065186e-14,-0.0074961001962205,0.01081629243241,379.02775303575,1.2798038626448e-05,1008.6018374637,882.41237422533
10.975,-311.75035471586,-103.91678353156,2.1549018672937e-16,0.0020256941084788,1.7340732238128,0,1.3893036151324e-12,159.08203255826,6.9073389178372e-13,-52.310013165897,-4.8365245917781e-13,4.8365250739553e-13,109.88237933811,109.88237037613,-0.049734680634172,-0.049734796188026,4.8365177203067e-13,-4.8365172093892e-13,0.049734720224303,0.049734752509734,109.88237977883,109.88238874022,39.95439549551,0.00055985802698109,0.00015908203255828,-2.9295701894488e-12,0,329.01478997511,100000089.52026,-1.3267165321782e-14,-0.0075875330866195,0.010915211739053,379.93207714862,1.2115057213333e-05,1011.0465173514,884.55323367899
11.075,-319.73693470148,-106.57897642186,2.4151872530916e-16,0.0021165963142583,1.7340793205459,0,1.5536610510615e-12,161.94260095929,7.9522545086413e-13,-52.702438498515,-5.5681756067449e-13,5.5681764657748e-13,110.70670494016,110.70669575102,-0.057388286077316,-0.057388425108816,5.5681676104649e-13,-5.5681667431864e-13,0.057388333760268,0.057388372545337,110.70670557163,110.70671475999,40.254342823131,0.00057014201309471,0.00016194260095931,-3.5865053912837e-12,0,329.01479419241,100000093.53789,-1.3503087750841e-14,-0.0076794561157601,0.011014121261635,380.77651808316,1.1435133030392e-05,1013.3284269656,886.55150531918
11.175,-327.37412577706,-109.12470629488,2.6855272306174e-16,0.0022090768155648,1.7340851673393,0,1.7240030142134e-12,164.66893924,9.0809054668068e-13,-53.06787360325,-6.3584582651273e-13,6.3584596209866e-13,111.47433479508,111.47432538588,-0.065658910856343,-0.065659076517394,6.3584490552592e-13,-6.3584477217442e-13,0.065658967731613,0.065659013872103,111.4743356314,111.47434503959,40.533664372073,0.00057994822226925,0.00016466893924002,-4.3484860322932e-12,0,329.01479848348,100000097.62533,-1.3780643549433e-14,-0.0077718463726938,0.01111302100209,381.56380144694,1.0762909121335e-05,1015.4548865528,888.41359706597
11.275,-334.65379915915,-111.5512635558,2.9637725815678e-16,0.0023030592766825,1.7340907774976,0,1.8989781387182e-12,167.2597287508,1.0289135896425e-12,-53.407641881743,-7.2044626128902e-13,7.2044646056071e-13,112.18804884489,112.1880392229,-0.074511960717006,-0.074512156276191,7.2044521100259e-13,-7.2044501826366e-13,0.074512027927902,0.074512082306983,112.18804990002,112.18805952074,40.793370962656,0.00058927122864515,0.00016725972875082,-5.2290064411689e-12,0,329.01480284476,100000101.77922,-1.4023504885377e-14,-0.0078646806804993,0.011211910962354,382.29668902189,1.010252229357e-05,1017.4333255313,890.14601304892
11.375,-341.57124636927,-113.85707871176,3.2477005688536e-16,0.0023984669374617,1.7340961643634,0,2.077197678537e-12,169.71472217694,1.1571520501381e-12,-53.723070615156,-8.1023898603093e-13,8.1023926503344e-13,112.85063518091,112.85062535349,-0.083902666720564,-0.083902895522267,8.1023779968584e-13,-8.1023753300023e-13,0.083902745440349,0.083902808956861,112.85063646859,112.85064629443,41.034476450652,0.00059810948509858,0.00016971472217696,-6.2361961080203e-12,0,329.01480727271,100000105.99616,-1.4314938486302e-14,-0.0079579357791357,0.011310791144361,382.97795620558,9.4576322987016e-06,1019.271221242,891.75529995574
11.475,-348.12497137265,-116.04165308508,3.5350798878264e-16,0.002495223197049,1.7341013412193,0,2.2572752292836e-12,172.03466992848,1.2921512804482e-12,-54.015481019597,-9.0476561649372e-13,9.0476599330632e-13,113.46486915412,113.46485912867,-0.093777348444446,-0.093777613865768,9.0476428873125e-13,-9.047639317669e-13,0.093777439861649,0.093777513417845,113.46487068781,113.46488071132,41.257990125504,0.00060646506729604,0.0001720346699285,-7.3780024243576e-12,0,329.01481176376,100000110.27276,-1.4641066565265e-14,-0.008051588497019,0.011409661550045,383.61037085594,8.831364201448e-06,1020.976041283,893.24799650835
11.575,-354.31643631192,-118.10547405738,3.823730110631e-16,0.002593252151943,1.7341063211989,0,2.4378627508785e-12,174.22123273619,1.4331623710092e-12,-54.28617917071,-1.0035017661155e-12,1.0035022607959e-12,114.03349431133,114.03348409524,-0.10407494089992,-0.104075246307,1.0035002931601e-12,-1.003499827878e-12,0.10407504620336,0.10407513069258,114.03349610417,114.03350631793,41.46490977165,0.00061434336645038,0.0001742212327362,-8.6625164062521e-12,0,329.01481631437,100000114.60568,-1.4890866820677e-14,-0.0081456159087565,0.011508522181337,384.19667385264,8.2263168611814e-06,1022.5551903046,894.63058683467
11.675,-360.1497731147,-120.04991893895,4.1115733312602e-16,0.0026924790817412,1.7341111172058,0,2.6176815649478e-12,176.27688437919,1.5793620469118e-12,-54.536447891898,-1.1058709775501e-12,1.1058716120351e-12,114.55920535558,114.55919495615,-0.11472869619474,-0.11472904489993,1.1058693573524e-12,-1.1058687641117e-12,0.11472881655877,0.11472891285347,114.55920742034,114.55921781696,41.656215465392,0.00062175274479137,0.00017627688437921,-1.0089862109263e-11,0,329.01482092108,100000118.99161,-1.5147605980298e-14,-0.0082399954771372,0.011607373040171,384.73956160802,7.6445776438391e-06,1024.0159619234,895.90945831642
11.775,-365.63147305115,-121.87715148781,4.396676532972e-16,0.002792830878133,1.7341157418433,0,2.7955475015778e-12,178.20480837874,1.729873603827e-12,-54.767539663957,-1.2112593820117e-12,1.2112601799776e-12,115.04463325204,115.04462267651,-0.12566796958689,-0.12566836480829,1.2112576143484e-12,-1.2112568720477e-12,0.12566810615731,0.12566821509792,115.0446356011,115.04464617332,41.832864151678,0.00062870416753878,0.00017820480837876,-1.16766093078e-11,0,329.01482558046,100000123.42731,-1.5452917408524e-14,-0.0083347051781218,0.011706214128479,385.24167067874,7.087732902259e-06,1025.3654962033,897.09086430518
11.875,-370.7700654991,-123.59001483148,4.6772839835429e-16,0.0028942364147672,1.7341202073535,0,2.9703898450818e-12,180.00879220405,1.8837879415342e-12,-54.980670579877,-1.3190304269655e-12,1.3190314136528e-12,115.49233252951,115.49232178497,-0.13682000465845,-0.13682044948293,1.3190285134938e-12,-1.3190275997424e-12,0.13682015853961,0.13682028092438,115.49233517483,115.49234591547,41.995785019171,0.00063521082422139,0.00018000879220407,-1.3425678450857e-11,0,329.0148302892,100000127.90965,-1.5654145440416e-14,-0.0084297236081919,0.011805045448192,385.70556455258,6.5569219311155e-06,1026.6107429423,898.18089191911
11.975,-375.57579599781,-125.19192415157,4.9518396567496e-16,0.0029966268575151,1.7341245255668,0,3.1412641429325e-12,181.69312214625,2.0401838630153e-12,-55.177015338055,-1.4285390895694e-12,1.4285402915793e-12,115.90477076309,115.90475985647,-0.14811164249968,-0.14811213985034,1.4285370338372e-12,-1.4285359251515e-12,0.14811181474301,0.14811195131923,115.90477371618,115.90478461826,42.145875668654,0.0006412877508542,0.00018169312214627,-1.5339804366598e-11,0,329.0148350441,100000132.43557,-1.5980273575804e-14,-0.0085250300739667,0.011903867001239,386.13372261705,6.0528667431556e-06,1027.7584308197,899.1854349696
12.075,-226.38178794346,-75.460591794878,2.7589624474951e-16,0.0030802409025816,1.7340994218407,0,1.7735122941439e-12,111.93627099597,2.1107892554514e-12,-53.984584135066,-1.4779786522141e-12,1.4779784818127e-12,113.39994829209,113.39993751426,-0.15299110470325,-0.15299172831493,1.4779765457599e-12,-1.4779737579081e-12,0.15299128737097,0.15299152849191,113.39995173889,113.39996251152,41.253642567948,0.00039099958815716,0.0001119362709957,-1.7002021341444e-11,0,329.01483911419,100000136.13155,-1.6271707229549e-14,-0.0085178438091149,0.011854457445428,381.0543819337,-0.00020738202151538,1013.979531203,887.11660870402
12.175,-174.01944873166,-58.006478423047,1.2001132088232e-16,0.0031360041205224,1.7340682372209,0,7.8408074509496e-13,90.516645398554,1.9835010664367e-12,-51.317849029146,-1.3888511790233e-12,1.3888511373508e-12,107.7982061983,107.79819550324,-0.14340634514174,-0.14340693173542,1.3888492160543e-12,-1.3888465996775e-12,0.14340651843013,0.14340674222347,107.798209664,107.79822035366,39.218003912621,0.00031486289523592,9.0516645398466e-05,-1.7750381784534e-11,0,329.01484176233,100000138.59619,-1.6577018643905e-14,-0.0084699259109838,0.011755631009289,374.91856135147,-8.0530934879583e-05,997.35161068791,872.55294536042
12.275,-141.88696703693,-47.295651753303,5.3890544260167e-17,0.0031831031649092,1.7340384890675,0,3.5764270941881e-13,77.8033532806,1.7895429670751e-12,-48.679185148077,-1.2530413230088e-12,1.2530413486869e-12,102.25543083222,102.25542012515,-0.12913204534189,-0.12913257427948,1.2530395630254e-12,-1.2530372052252e-12,0.12913220234623,0.12913240260003,102.25543446416,102.25544516572,37.20182125254,0.00026979873045516,7.780335328054e-05,-1.8095177521654e-11,0,329.01484398464,100000140.67769,-1.6812941109837e-14,-0.0084194885930935,0.011656794805521,369.09548039574,-6.2493108623861e-05,981.58267631303,858.74232400214
12.375,-116.74593251573,-38.91530747265,2.4692269124093e-17,0.0032238395999616,1.7340097944733,0,1.6639076248082e-13,67.5448058458,1.5844156438213e-12,-46.136953491495,-1.109410770692e-12,1.1094108246748e-12,96.91522118299,96.915210465674,-0.11417673052623,-0.11417719864577,1.1094092192411e-12,-1.1094071306059e-12,0.11417686981757,0.11417704634663,96.915224975301,96.915235687084,35.259267768604,0.00023355250559332,6.7544805845755e-05,-1.8260424340072e-11,0,329.01484590469,100000142.47791,-1.7069680249187e-14,-0.0083672079175635,0.011557948832191,363.50244254091,-5.2836167968654e-05,966.4459528673,845.485902523
12.475,-96.387905671244,-32.129298998312,1.1490736906939e-17,0.0032592955936016,1.7339819742682,0,7.8599273539605e-14,58.897911737037,1.3896963200535e-12,-43.68393606603,-9.7306792750829e-13,9.7306799051662e-13,91.762415089478,91.762404379721,-0.10005582588326,-0.10005623636308,9.7306657072316e-13,-9.7306473712219e-13,0.1000559481807,0.10005610265061,91.762419019069,91.762429723321,33.384932249936,0.0002030917138468,5.8897911737003e-05,-1.8342553027438e-11,0,329.01484757506,100000144.04474,-1.7381930532654e-14,-0.0083134004415444,0.011459093087369,358.100477351,-4.548931238533e-05,951.83442117727,832.6898679714
12.575,-79.675857598796,-26.558616704523,5.4129446683407e-18,0.0032902569149962,1.7339548984277,0,3.7575538861504e-14,51.483308846797,1.2129783092889e-12,-41.31040122576,-8.4932964215072e-13,8.4932970509114e-13,86.776570222384,86.776559539879,-0.087282247485159,-0.087282605703069,8.4932846019083e-13,-8.4932685844738e-13,0.087282354285811,0.087282488936716,86.776574267407,86.776584944462,31.571372031162,0.00017704541953145,5.1483308846771e-05,-1.8386557294138e-11,0,329.0148490333,100000145.41293,-1.7610914083332e-14,-0.0082582959441583,0.011360227569123,352.86121650158,-3.9562661912017e-05,937.67033341467,820.28607741914
12.675,-65.831080821543,-21.943691448115,2.5744541674326e-18,0.0033173380158146,1.7339284652678,0,1.8133350158265e-14,45.047478624056,1.0559796590347e-12,-39.008532864552,-7.3939889273719e-13,7.3939895159251e-13,81.941268042122,81.941257406578,-0.075957283612806,-0.075957595428102,7.3939786505385e-13,-7.3939646975346e-13,0.075957376614086,0.0759574937502,81.9412721836,81.941282813759,29.812602968847,0.0001544989582396,4.5047478624035e-05,-1.8411026278924e-11,0,329.01485030865,100000146.60964,-1.7902347674048e-14,-0.0082020741452339,0.01126135227552,347.76244307408,-3.467761982732e-05,923.8928905117,808.22124774456
12.775,-54.286664869509,-18.095553085126,1.2336189526816e-18,0.0033410329891393,1.7339025930129,0,8.8152203350736e-15,39.406820744076,9.1800049387679e-13,-36.772307452898,-6.4278562406588e-13,6.4278567731716e-13,77.243855500744,77.243844931862,-0.06601711829051,-0.066017389340565,6.4278473138483e-13,-6.4278351786008e-13,0.066017199150234,0.066017300937695,77.243859721961,77.24387028553,28.104012632981,0.00013479130916967,3.940682074406e-05,-1.8426663250073e-11,0,329.01485142455,100000147.65671,-1.8152147896926e-14,-0.0081448795935066,0.011162467204626,342.78627659834,-3.0586556564919e-05,910.45320406614,796.4525363836
12.875,-44.617666430193,-14.87255385422,5.9450224975877e-19,0.0033617473006337,1.7338772145451,0,4.3094088367813e-15,34.424341746209,7.9742707430364e-13,-34.597150225197,-5.5835989202402e-13,5.5835993935587e-13,72.674722827578,72.674712345294,-0.057337927408804,-0.057338162845405,5.583591169888e-13,-5.583580625325e-13,0.057337997652534,0.057338086049224,72.674727113331,72.674737590374,26.442097392313,0.00011743007245287,3.4424341746196e-05,-1.8437960792895e-11,0,329.01485240022,100000148.57207,-1.8401948115914e-14,-0.0080868309393506,0.011063572354508,337.91803685824,-2.7111550245768e-05,897.31115771249,784.94478914968
12.975,-36.498365655107,-12.166120479722,2.8770624186541e-19,0.0033798195947957,1.7338522737923,0,2.1153924835391e-15,29.995823748335,6.9238873826635e-13,-32.479680139737,-4.8481185510739e-13,4.8481189675914e-13,68.226767791157,68.226757415945,-0.049780831490426,-0.049781035907601,4.848111823792e-13,-4.8481026663316e-13,0.049780892483343,0.049780969225345,68.226772127121,68.226782497163,24.824266933727,0.00010204110768918,2.9995823748324e-05,-1.8445775447348e-11,0,329.01485325165,100000149.37068,-1.8679503907077e-14,-0.0080280273138691,0.010964667723231,333.14545987474,-2.4120457817529e-05,884.43325056214,773.66864969223
13.075,-29.674262250655,-9.8914195358756,1.3963718901595e-19,0.0033955372868195,1.7338277231422,0,1.0413498246213e-15,26.040838794351,6.0103933326424e-13,-30.417539387088,-4.2084883359471e-13,4.2084887003745e-13,63.895037563789,63.895027316979,-0.043210678460448,-0.043210855903927,4.208482497409e-13,-4.2084745470852e-13,0.04321073140704,0.043210798018637,63.895041935984,63.895052177701,23.24871351457,8.8335897565456e-05,2.6040838794343e-05,-1.8452148847504e-11,0,329.01485399242,100000150.06523,-1.8957059695157e-14,-0.0079685528947269,0.01086575330886,328.45813581194,-2.1512841754148e-05,871.79105563852,762.59920832676
13.175,-23.943067919071,-7.9810215942838,6.7890119775459e-20,0.0034091480358328,1.7338035215388,0,5.1350200795505e-16,22.49668859399,5.2167003467544e-13,-28.409285839572,-3.6527430509948e-13,3.6527433687754e-13,59.676502800359,59.676492704471,-0.037503292578375,-0.037503446587482,3.6527379840993e-13,-3.6527310830637e-13,0.037503338533435,0.037503396345919,59.676507194687,59.67651728556,21.714329428477,7.6089574586602e-05,2.2496688593984e-05,-1.8457481954234e-11,0,329.01485463421,100000150.66669,-1.9186043223086e-14,-0.0079084802693879,0.01076682910946,323.84709466106,-1.921080386929e-05,859.36008590223,751.71500823487
13.275,-19.141441125981,-6.3804794800667,3.3030268312578e-20,0.0034208684035413,1.733779633043,0,2.5338602004277e-16,19.314209599975,4.5274633273561e-13,-26.454332320284,-3.1701380288931e-13,3.1701383054494e-13,55.569930066395,55.569920145492,-0.032547639697692,-0.03254777335761,3.1701336317888e-13,-3.1701276422084e-13,0.032547679581182,0.032547729753971,55.569934468214,55.569944384188,20.220660329666,6.512572210372e-05,1.931420959997e-05,-1.846351576149e-11,0,329.0148551872,100000151.1846,-1.9435843430134e-14,-0.0078478729763104,0.010667895123095,319.30449324405,-1.7152739795106e-05,847.11893884526,740.99729586423
13.375,-15.135496423092,-5.0451647129943,1.6065715090683e-20,0.003430890541619,1.7337560257194,0,1.2499961433126e-16,16.454800087768,3.9291146578477e-13,-24.552921145653,-2.751173198314e-13,2.7511734387124e-13,51.575828361807,51.575818641844,-0.028245797328838,-0.028245913323563,2.7511693825157e-13,-2.7511641843438e-13,0.028245831941343,0.028245875482574,51.575832755533,51.575842470662,18.76788557213,5.5305598793913e-05,1.6454800087765e-05,-1.8471007176099e-11,0,329.01485566043,100000151.62748,-1.9650949165238e-14,-0.0077867874705231,0.010568951347828,314.82337333986,-1.5289174945455e-05,835.0486362345,730.4294423807
13.475,-11.813854377253,-3.9379508173001,7.8050999012226e-21,0.0034393874635783,1.7337326707575,0,6.1593640509227e-17,13.888255704475,3.4097574506e-13,-22.706124493753,-2.3875183357893e-13,2.3875185446123e-13,47.696449894261,47.696440403413,-0.024512034339897,-0.024512135001843,2.3875150244686e-13,-2.3875105133067e-13,0.024512064377253,0.024512102162756,47.696454262989,47.696463749105,17.356818339663,4.6520281811836e-05,1.3888255704472e-05,-1.8475519367588e-11,0,329.01485606202,100000152.00295,-1.9921566049316e-14,-0.0077252746760262,0.010469997781722,310.39747096205,-1.3579923154946e-05,823.13210403052,719.99648797744
13.575,-9.0824380057065,-3.0274788002225,3.7841846470006e-21,0.0034465172664183,1.7337095417656,0,3.028981232627e-17,11.591130535632,2.9590072026384e-13,-20.915860937194,-2.0719021926309e-13,2.0719023739515e-13,43.935824807911,43.935815576846,-0.021271589091526,-0.021271676446329,2.0718993191e-13,-2.0718954042377e-13,0.021271615158106,0.021271647948395,43.935829133071,43.935838359518,15.988918195362,3.8684704827419e-05,1.159113053563e-05,-1.8478723741588e-11,0,329.01485639937,100000152.31801,-2.0171366249513e-14,-0.0076633812316686,0.010371034422838,306.02106362707,-1.199234311385e-05,811.3537563221,709.68477734404
13.675,-6.8604969971778,-2.286831892452,1.8294321036295e-21,0.0034524265318469,1.7336866142007,0,1.4853630806604e-17,9.5454140343613,2.5678225075244e-13,-19.184915999275,-1.7979939590088e-13,1.797994116411e-13,40.299804363403,40.29979542542,-0.018459407166462,-0.01845948297273,1.79799146539e-13,-1.7979880680513e-13,0.018459429786997,0.01845945824227,40.299808624484,40.299817557976,14.666306800659,3.173283957813e-05,9.5454140343596e-06,-1.8484068563109e-11,0,329.01485667934,100000152.57914,-2.0490555386666e-14,-0.0076011504972303,0.010272061269238,301.68884731698,-1.0500416478912e-05,799.69916047301,699.48166630603
13.775,-5.0775229063316,-1.6925072796711,8.8114742442574e-22,0.0034572530317859,1.7336638649142,0,7.2575372756621e-18,7.737354444628,2.2283425800918e-13,-17.516949832454,-1.5602894984205e-13,1.5602896350398e-13,36.796077067088,36.79606845802,-0.016018948988929,-0.01601901477314,1.5602873344858e-13,-1.5602843862796e-13,0.016018968618901,0.016018993312187,36.796081241469,36.796089846185,13.391773933771,2.5613423608377e-05,7.7373544446268e-06,-1.8487509889924e-11,0,329.01485690837,100000152.79242,-2.0816683415694e-14,-0.007538623355214,0.010173078318984,297.39583862125,-9.0846234501478e-06,788.15477099979,689.37528868967
13.875,-3.6708475056289,-1.2236155532473,4.2247970344404e-22,0.0034611277752165,1.7336412718079,0,3.5302897587404e-18,6.156284900599,1.9337386192125e-13,-15.916468430225,-1.3540072715873e-13,1.3540073901579e-13,33.434108198514,33.43409995628,-0.013901108261908,-0.01390116534891,1.3540053937488e-13,-1.3540028353108e-13,0.013901125296644,0.013901146725264,33.434112261504,33.434120499545,12.168755839547,2.0285739312211e-05,6.1562849005981e-06,-1.8490033305449e-11,0,329.01485709258,100000152.96364,-2.1101178079342e-14,-0.007475838817549,0.010074085570135,293.13730070101,-7.7324755518276e-06,776.70772826924,679.35437997376
13.975,-2.5838147729789,-0.86127137285122,2.0147432969723e-22,0.0034641763605885,1.7336188136081,0,1.7081841859165e-18,4.7933380228234,1.6780810552533e-13,-14.388727569047,-1.1749953828517e-13,1.1749954857529e-13,30.22493803076,30.224930194385,-0.012063250702916,-0.012063300242489,1.1749937532841e-13,-1.1749915330908e-13,0.012063265485506,0.012063284081058,30.224941955934,30.224949788292,11.001262428054,1.5715066726623e-05,4.7933380228228e-06,-1.8491093527339e-11,0,329.01485723783,100000153.09836,-2.140648942278e-14,-0.0074128344243134,0.0099750830207519,288.9086943404,-6.439370619297e-06,765.34572518973,669.40816049465
14.075,-1.7644925005434,-0.58816400281731,9.5480545605267e-23,0.0034665195489457,1.7335964697734,0,8.2147506532787e-19,3.6399903372589,1.4562224872605e-13,-12.939534246989,-1.019649612557e-13,1.019649701857e-13,27.180764732487,27.180757340478,-0.010468368838934,-0.010468411828887,1.0196481984359e-13,-1.0196462717717e-13,0.010468381667121,0.010468397804156,27.180768492429,27.180775880617,9.8937264212805,1.1867638326367e-05,3.6399903372585e-06,-1.8492882545241e-11,0,329.01485734974,100000153.2019,-2.1718739658267e-14,-0.0073496464065479,0.0098760706688933,284.70565711736,-5.2095041029813e-06,754.05694982015,659.52628512871
14.175,-1.164936303551,-0.38831198185744,4.4927226284296e-23,0.0034682729687549,1.7335742205536,0,3.9229715094838e-19,2.6864789141871,1.2636951754625e-13,-11.574914443357,-8.848416410932e-14,8.8484171858848e-14,24.314246463995,24.314239552011,-0.0090843431763893,-0.0090843804826321,8.8484041393419e-14,-8.8483874199349e-14,0.0090843543085597,0.0090843683121122,24.314250031532,24.31425693991,8.8507505664114,8.7052801339795e-06,2.6864789141868e-06,-1.8492853352608e-11,0,329.01485743373,100000153.27938,-2.1975478740736e-14,-0.0072863095838506,0.0097770485126181,280.52401387292,-4.0559596612395e-06,742.83011220021,649.69886670777
14.275,-0.74101952313478,-0.24700642412392,2.0970975793808e-23,0.0034695459317286,1.7335520472036,0,1.8587429388492e-19,1.9202804532079,1.0966216297044e-13,-10.300635556087,-7.6785644274342e-14,7.6785650999384e-14,21.637498209635,21.637491807583,-0.0078832984358687,-0.0078833308098388,7.67855377828e-14,-7.6785392693463e-14,0.0078833080962508,0.0078833202483878,21.637501559534,21.637507958216,7.876743827519,6.1804229857611e-06,1.9202804532078e-06,-1.8495337629149e-11,0,329.01485749489,100000153.33563,-2.2343240124014e-14,-0.0072228569883193,0.0096780165499844,276.35981919547,-2.9991036907257e-06,731.65455707982,639.91657462238
14.375,-0.45277979976339,-0.15092654378556,9.7019448219581e-24,0.0034704394956633,1.7335299323315,0,8.730341509905e-20,1.3249958386128,9.5163679280466e-14,-9.1216109944205,-6.6633779831752e-14,6.6633785667712e-14,19.160841065866,19.160835194793,-0.0068410436247891,-0.0068410717185811,6.6633687419528e-14,-6.6633561512493e-14,0.0068410520079677,0.0068410625534644,19.160844176843,19.160850044797,6.9754672162996,4.2326559817717e-06,1.3249958386128e-06,-1.8496263183821e-11,0,329.01485753798,100000153.37512,-2.2634673672815e-14,-0.0071593192547669,0.0095789747790498,272.20942699241,-2.0626595353298e-06,720.52044908786,630.17079681817
14.475,-0.26511295486656,-0.088370948946918,4.4448409240458e-24,0.003471044130889,1.7335078603168,0,4.0614797517666e-20,0.88004615297459,8.2582040011922e-14,-8.0412674051343,-5.782409331886e-14,5.7824098383264e-14,16.891473037557,16.891467706964,-0.0059365855180366,-0.0059366098975333,5.7824013124516e-14,-5.7823903863704e-14,0.0059365927928707,0.0059366019441416,16.891475894246,16.891481221983,6.1495503565224,2.788145882819e-06,8.8004615297455e-07,-1.8495117232776e-11,0,329.01485756725,100000153.40184,-2.2891412750794e-14,-0.0070957238855603,0.0094799231978714,268.06957428607,-1.2678991597234e-06,709.4189956473,620.45383480874
14.575,-0.1485185323517,-0.049506155448113,2.0149022490875e-24,0.003471437545962,1.7334858177046,0,1.8699437599213e-20,0.56145291312962,7.1663822656543e-14,-7.0610013796519,-5.0179137834591e-14,5.0179142229436e-14,14.832327797927,14.832323004184,-0.0051517061602529,-0.0051517273165225,5.0179068242792e-14,-5.0178973427406e-14,0.005151712473277,0.0051517204146531,14.83233039237,14.832335183525,5.4000754304645,1.7627221251749e-06,5.6145291312961e-07,-1.8496856926417e-11,0,329.01485758637,100000153.41922,-2.3134274039856e-14,-0.0070320945608136,0.0093808618045052,263.93745921833,-6.2732780405122e-07,698.34265388681,610.75908465556
14.675,-0.079555151818268,-0.026518371151286,9.0306336851166e-25,0.0034716832824698,1.7334637934662,0,8.5140586156952e-21,0.34362794140841,6.2189107414952e-14,-6.1798624544578,-4.3544925136416e-14,4.3544928950221e-14,12.981408800044,12.981404526423,-0.0044705960807817,-0.0044706144399686,4.3544864745391e-14,-4.35447824656e-14,0.0044706015591573,0.0044706084505994,12.981411132311,12.981415403609,4.7263331050438,1.0682136894171e-06,3.4362794140841e-07,-1.8496303487453e-11,0,329.01485759836,100000153.43008,-2.3453463161009e-14,-0.0069684506827677,0.0092817905970071,259.81079131695,-1.4039323177465e-07,687.28526279096,601.08115249203
14.775,-0.040759957632325,-0.013586645474986,3.9989061079796e-25,0.0034718305157674,1.7334417790489,0,3.8309527822179e-21,0.20168666834867,5.3967049049633e-14,-5.3945532703518,-3.7787825043402e-14,3.7787828352983e-14,11.331789611807,11.331785830198,-0.0038795359309914,-0.0038795518628994,3.7787772636711e-14,-3.7787701235178e-14,0.0038795406850677,0.0038795466653882,11.331791689566,11.331795469109,4.1258203335535,6.2027231184132e-07,2.0168666834867e-07,-1.8496800087896e-11,0,329.01485760557,100000153.43659,-2.3731018918098e-14,-0.0069048072911042,0.0091827095734324,255.6877983253,2.0681556203729e-07,676.24205875129,591.41586798699
14.875,-0.019996999040002,-0.0066656626261021,1.748398770423e-25,0.0034719151400976,1.7334197681995,0,1.7024018971227e-21,0.11357669731153,4.6832033531351e-14,-4.6997475233204,-3.2791874312772e-14,3.2791877184793e-14,9.8722818034719,9.8722784773425,-0.0033666201786324,-0.0033666340041734,3.2791828834802e-14,-3.2791766873307e-14,0.0033666243041695,0.0033666294938283,9.872283640638,9.8722869649416,3.5944812071616,3.4527982599967e-07,1.1357669731153e-07,-1.8494760714222e-11,0,329.01485760974,100000153.44033,-2.4015513568618e-14,-0.0068411753759763,0.0090836187318355,251.56718681258,4.3797994837328e-07,665.20956737621,581.76018951322
14.975,-0.0094102476958101,-0.0031367473638635,7.5431855670907e-26,0.0034719618378432,1.7333977566129,0,7.4670029117716e-22,0.061435830605038,4.0640342499307e-14,-4.0886340603241,-2.845644108867e-14,2.8456443580979e-14,8.5885778746725,8.588574962545,-0.0029215173165315,-0.0029215293141895,2.8456401623369e-14,-2.845634785384e-14,0.0029215208966289,0.0029215254001597,8.588579489519,8.5885824000425,3.1271214022388,1.8447270318762e-07,6.1435830605037e-08,-1.8495891120091e-11,0,329.01485761204,100000153.44239,-2.4272252643234e-14,-0.0067775624983216,0.0089845180702709,247.44806740803,5.8078106546662e-07,654.18540090659,572.11202672095
15.075,-0.004256224720642,-0.0014187406765032,3.2095021705414e-26,0.0034719866122256,1.7333757414967,0,3.2308578924829e-22,0.031971390093447,3.5267258561202e-14,-3.5535459518156,-2.4694198027876e-14,2.4694200190676e-14,7.4645726832264,7.4645701419342,-0.0025352617665446,-0.002535272177985,2.4694163780307e-14,-2.4694117119679e-14,0.0025352648733152,0.0025352687814315,7.4645740964117,7.4645766363007,2.7178885529017,9.4747106571948e-08,3.1971390093447e-08,-1.8495545771538e-11,0,329.01485761327,100000153.44349,-2.4466541672516e-14,-0.0067139735579471,0.0088854075867913,243.32986342372,6.6155275007021e-07,643.168011679,562.47002467163
15.175,-0.0018542215800894,-0.00061807344692791,1.3460173603548e-26,0.003471999269778,1.7333537211405,0,1.3782972565857e-22,0.016035711680852,3.0604553229523e-14,-3.086542646277,-2.1429363348168e-14,2.1429365225022e-14,6.4835863179348,6.4835841051807,-0.0022000732923871,-0.0022000823273248,2.142933362849e-14,-2.1429293136892e-14,0.0022000759884097,0.0022000793798316,6.4835875507973,6.4835897623275,2.3607175777394,4.6867098576998e-08,1.6035711680852e-08,-1.8495276353895e-11,0,329.0148576139,100000153.44405,-2.4827364155371e-14,-0.0066504115507743,0.0087862872794502,239.21222135683,7.0193448669112e-07,632.15645119213,552.83335290477
15.275,-0.00077966464036155,-0.00025988803052031,5.5610509044271e-27,0.0034720055088681,1.733331694553,0,5.7941427506761e-23,0.0077659418193585,2.65583069442e-14,-2.6798629233355,-1.8596174404186e-14,1.85961760329e-14,5.6293155709868,5.6293136470412,-0.001909200286308,-0.0019092081267311,1.8596148613764e-14,-1.8596113475584e-14,0.0019092026258878,0.0019092055689278,5.6293166442904,5.6293185671707,2.0496777036573,2.2368995758915e-08,7.7659418193585e-09,-1.8494312682377e-11,0,329.01485761421,100000153.44432,-2.5222881107687e-14,-0.0065868782082836,0.0086871571462998,235.09493563171,7.1771582863955e-07,621.15016779544,543.20152833175
15.375,-0.00031701489454109,-0.00010567155342284,2.2621207618834e-27,0.003472008481116,1.7333096611893,0,2.3989487225787e-23,0.0036377014283345,2.3047017294853e-14,-2.3262236995179,-1.613756306121e-14,1.6137564474592e-14,4.8864616086429,4.8864599372615,-0.0016567837741436,-0.0016567905779797,1.6137540680556e-14,-1.6137510188016e-14,0.0016567858044062,0.0016567883583451,4.8864625417892,4.8864642122444,1.7792017647855,1.0319624314956e-08,3.6377014283345e-09,-1.8496148688807e-11,0,329.01485761436,100000153.44445,-2.5549009120946e-14,-0.0065233744768644,0.0085880171853924,230.97789235626,7.1940191800628e-07,610.14885564988,533.57428302112
15.475,-0.0001248502048912,-4.1616702758649e-05,9.0548084263629e-28,0.0034720098518294,1.7332876207658,0,9.7767600731343e-24,0.0016506532507587,1.9999957348426e-14,-2.018981092608,-1.4004006193187e-14,1.4004007419705e-14,4.2410683025873,4.2410668513464,-0.0014377393999865,-0.0014377453042833,1.4003986771492e-14,-1.4003960310389e-14,0.0014377411618268,0.0014377433781079,4.2410691132152,4.2410705636516,1.5442100911008,4.6089534549966e-09,1.6506532507587e-09,-1.8494676554083e-11,0,329.01485761443,100000153.44451,-2.587513713418e-14,-0.0064599008440606,0.0084888673947785,226.86103113535,7.1345655537068e-07,599.15235226525,523.95147451017
15.575,-4.7690894850073e-05,-1.5896952095143e-05,3.5644176495067e-28,0.0034720104646376,1.7332655731431,0,3.9197424946752e-24,0.00072652969730898,1.7355751019761e-14,-1.7521889180864,-1.2152528154627e-14,1.2152529218986e-14,3.6806451073249,3.6806438475818,-0.0012476550135697,-0.0012476601372559,1.2152511300687e-14,-1.2152488338022e-14,0.001247656542476,0.0012476584657413,3.6806458111824,3.680647070227,1.3401557863572,1.9954731310807e-09,7.2652969730898e-10,-1.8494511032296e-11,0,329.01485761446,100000153.44454,-2.6284531874259e-14,-0.0063964575434235,0.0083897077725089,222.74432114322,7.0356825494854e-07,588.16057434277,514.33302964816
15.675,-1.768906706654e-05,-5.8963507150409e-06,1.3790251848371e-28,0.0034720107305498,1.7332435182583,0,1.5450498984103e-24,0.0003105211990439,1.5061136791677e-14,-1.5205912524221,-1.0545835135174e-14,1.0545836058814e-14,3.1941514385561,3.1941503452047,-0.0010827017976125,-0.0010827062438931,1.0545820509503e-14,-1.0545800582746e-14,0.0010827031243813,0.0010827047933705,3.1941520495405,3.1941531422855,1.1630194048953,8.3844668088777e-10,3.105211990439e-10,-1.8495690064889e-11,0,329.01485761448,100000153.44455,-2.6680048826535e-14,-0.006333044674619,0.0082905383166333,218.62774712001,6.9174949124899e-07,577.17348025103,504.71891175254
15.775,-6.376438476877e-06,-2.1254776245735e-06,5.240152780614e-29,0.0034720108426504,1.7332214560867,0,5.9836938098535e-25,0.00012898575757363,1.3069894883643e-14,-1.3195784468026,-9.1515639611693e-15,9.1515647626937e-15,2.7719042756388,2.7719033267738,-0.00093955714504124,-0.00093956100347644,9.1515512691669e-15,-9.1515339769382e-15,0.00093955829639709,0.00093955974472826,2.7719048059263,2.771905754265,1.0092755345906,3.4219253179908e-10,1.2898575757363e-10,-1.8495167779905e-11,0,329.01485761448,100000153.44456,-2.7040871309276e-14,-0.0062696622698046,0.0081913590252012,214.51130164576,6.7900762080527e-07,566.19104933505,495.10910249938
15.875,-2.2353099908545e-06,-7.4510264898405e-07,1.9543462517642e-29,0.003472010888598,1.7331993866222,0,2.2753160218891e-25,5.2105434168492e-05,1.1341916259798e-14,-1.1451266533213,-7.9416302133897e-15,7.9416309089441e-15,2.4054511303666,2.405450306925,-0.00081533773264448,-0.00081534108095366,7.9416191994045e-15,-7.9416041933917e-15,0.00081533873177889,0.00081533998862533,2.4054515905795,2.4054524135644,0.87584667330559,1.3574212154703e-10,5.2105434168492e-11,-1.8495850384747e-11,0,329.01485761448,100000153.44456,-2.7401693792016e-14,-0.0062063103284623,0.0080921698962617,210.39498109298,6.6587069635081e-07,555.21327108254,485.50359244141
15.975,-7.6238878227621e-07,-2.5412935250996e-07,7.1486638032283e-30,0.0034720109069183,1.7331773098676,0,8.4887921697457e-26,2.0478850400614e-05,9.8423947238437e-15,-0.99373295216769,-6.8916625304354e-15,6.8916631340302e-15,2.0874337752369,2.0874330606527,-0.00070754144309533,-0.00070754434872254,6.8916529726158e-15,-6.891639950557e-15,0.00070754231013357,0.0007075434008116,2.0874341746195,2.0874348888074,0.7600536811428,5.2360278490428e-11,2.0478850400614e-11,-1.8495136838163e-11,0,329.01485761448,100000153.44456,-2.7748638486954e-14,-0.0061429888348457,0.0079929709278629,206.27878360138,6.5255605487523e-07,544.24013970605,475.90237626636
16.075,-2.5304921993249e-07,-8.4349656669887e-08,2.5625645927659e-30,0.0034720109140264,1.7331552258295,0,3.104912484063e-26,7.8328336485322e-06,8.541125827495e-15,-0.86235254772087,-5.9805117031615e-15,5.9805122269546e-15,1.8114563176605,1.811455697548,-0.00061399696549482,-0.00061399948696732,5.9805034089869e-15,-5.9804921085822e-15,0.00061399771790142,0.00061399866438025,1.8114566642463,1.8114572840149,0.65956778092854,1.9644636086268e-11,7.8328336485322e-12,-1.849575023303e-11,0,329.01485761448,100000153.44456,-2.812333875751e-14,-0.0060796977663718,0.0078937621180525,202.16270810622,6.3918492117859e-07,533.27165154458,466.30545052285
16.175,-8.1744431461296e-08,-2.7248115875342e-08,8.9947956282565e-31,0.003472010916711,1.7331331345161,0,1.1124977977825e-26,2.9157975282265e-06,7.4118984706377e-15,-0.74834101530968,-5.1898246720121e-15,5.1898251265542e-15,1.5719638835984,1.5719633454699,-0.0005328200592569,-0.00053282224736401,5.1898174744153e-15,-5.1898076680439e-15,0.00053282071218737,0.00053282153353167,1.5719641843643,1.5719647221942,0.57236640335169,7.1692817968448e-12,2.9157975282265e-12,-1.8495467479007e-11,0,329.01485761448,100000153.44456,-2.8463344558541e-14,-0.0060164370975016,0.0077945434648777,198.04675388931,6.2579943356477e-07,522.30780386367,456.71281257037
16.275,-2.5698073381568e-08,-8.5660153413893e-09,3.0888132190381e-31,0.0034720109176977,1.7331110359364,0,3.9013972736356e-27,1.0562950412828e-06,6.4319669383846e-15,-0.64940262774755,-4.5036748464152e-15,4.503675240862e-15,1.3641340723658,1.3641336053831,-0.00046237560037076,-0.00046237749918693,4.503668600417e-15,-4.5036600905518e-15,0.00046237616697691,0.00046237687973078,1.3641343333681,1.3641348000918,0.49669367288599,2.5448393681902e-12,1.0562950412828e-12,-1.8495780834227e-11,0,329.01485761448,100000153.44456,-2.8796411465672e-14,-0.0059532068014668,0.0076953149663847,193.93092037891,6.1241786324813e-07,511.34859432076,447.12446011129
16.375,-7.8601458598348e-09,-2.6200457253962e-09,1.0367371146792e-31,0.0034720109180505,1.7330889300998,0,1.3378678886696e-27,3.7230670689697e-07,5.5815927404237e-15,-0.56354479858099,-3.908241299868e-15,3.9082416421648e-15,1.1837812601947,1.1837808549519,-0.00040124464554953,-0.00040124629332207,3.9082358796569e-15,-3.9082284948861e-15,0.00040124513724434,0.0004012457557646,1.1837814866901,1.1837818917081,0.43102556755145,8.7840403210638e-13,3.7230670689697e-13,-1.8494557667643e-11,0,329.01485761448,100000153.44456,-2.9198867311845e-14,-0.0058900068510216,0.0075960766206196,189.81520706349,5.9904031895629e-07,500.39402073501,437.54039098956
16.475,-2.3382119331838e-09,-7.7940308427932e-10,3.3977261761351e-32,0.0034720109181735,1.7330668170154,0,4.4818050548997e-28,1.27626171755e-07,4.8436470240586e-15,-0.48903823167964,-3.3915303788308e-15,3.3915306758723e-15,1.0272728905293,1.0272725388639,-0.00034819585084739,-0.00034819728076693,3.3915256752291e-15,-3.3915192668033e-15,0.00034819627753493,0.00034819681428025,1.0272730870798,1.0272734385502,0.37403944106036,2.9471999378705e-13,1.27626171755e-13,-1.8495449989206e-11,0,329.01485761448,100000153.44456,-2.9559689794586e-14,-0.0058268372187545,0.0074968284256278,185.69961345571,5.8568272998696e-07,489.44408099103,427.96060310631
16.575,-6.76138035353e-10,-2.2537907705518e-10,1.0861450318038e-32,0.0034720109182152,1.7330446966928,0,1.4651614846445e-28,4.2528186811668e-08,4.2032655524578e-15,-0.42438220395004,-2.9431341178756e-15,2.9431343756451e-15,0.89145654695266,0.89145624178111,-0.00030216066903843,-0.00030216190990746,2.9431300361399e-15,-2.9431244749759e-15,0.00030216103931335,0.00030216150509526,0.8914567175171,0.89145702251937,0.32458747008286,9.6067517756251e-14,4.2528186811668e-14,-1.8494923259104e-11,0,329.01485761448,100000153.44456,-3.0010717898082e-14,-0.0057636978772142,0.0073975703794544,181.58413907785,5.7233470564118e-07,478.4987730002,418.38509438614
16.675,-1.8993321983949e-10,-6.3310995147112e-11,3.3827679382359e-33,0.0034720109182291,1.7330225691414,0,4.6690208947894e-29,1.3766643479087e-08,3.6475492984363e-15,-0.36827438194168,-2.554020594912e-15,2.5540208186016e-15,0.77359654999931,0.77359628517467,-0.00026221182616495,-0.00026221290297794,2.554017052825e-15,-2.5540122269058e-15,0.0002622121474856,0.0002622125516862,0.77359669801333,0.77359696269108,0.28167356884421,3.0402217504619e-14,1.3766643479087e-14,-1.8493878942945e-11,0,329.01485761448,100000153.44456,-3.042011263816e-14,-0.0057005887989593,0.0072983024801432,177.46878345606,5.5901339053125e-07,467.55809468512,408.81386276345
16.775,-5.1789036088594e-11,-1.7262989921449e-11,1.0252081065757e-33,0.0034720109182335,1.7330004343705,0,1.4486213601085e-29,4.3256422585428e-09,3.1653046229125e-15,-0.31958460652309,-2.2163520036738e-15,2.2163521977893e-15,0.67131888929026,0.67131865947825,-0.00022754464371408,-0.00022754557816098,2.2163489298883e-15,-2.2163447420068e-15,0.00022754492255274,0.00022754527331373,0.67131901773527,0.67131924741981,0.24443333852119,9.3335308274676e-15,4.3256422585428e-15,-1.8493898874944e-11,0,329.01485761448,100000153.44456,-3.0801751802612e-14,-0.0056375099565757,0.0071990247257376,173.35354611821,5.4570715180765e-07,456.62204397404,399.24690617757
16.875,-1.3694447922028e-11,-4.5648099063714e-12,3.0195327121463e-34,0.0034720109182353,1.7329782923896,0,4.3703512377332e-30,1.3180835408421e-09,2.7468178045259e-15,-0.27733213475838,-1.923326778952e-15,1.9233269474033e-15,0.58256341785674,0.58256321842831,-0.00019746083020068,-0.00019746164110379,1.9233241115535e-15,-1.9233204773542e-15,0.00019746107217391,0.00019746137656059,0.58256352931996,0.58256372863777,0.21211666080068,2.7770839087604e-15,1.3180835408421e-15,-1.8495392346611e-11,0,329.01485761448,100000153.44456,-3.1169513179264e-14,-0.0055744613226878,0.0070997371142814,169.23842659306,5.3241342508924e-07,445.69061879859,389.6842225708
16.975,-3.5080008966339e-12,-1.169332018573e-12,8.6306990813027e-35,0.0034720109182354,1.7329561432079,0,1.2803033122217e-30,3.890843295988e-10,2.3836593788304e-15,-0.24066588735332,-1.6690425945436e-15,1.6690427407239e-15,0.50554235995848,0.5055421868966,-0.00017135441567473,-0.00017135511936786,1.6690402798035e-15,-1.6690371260839e-15,0.00017135462565654,0.00017135488980007,0.50554245668508,0.50554262965096,0.18407259021283,7.9995154713294e-16,3.890843295988e-16,-1.8493951153638e-11,0,329.01485761448,100000153.44456,-3.1544213449821e-14,-0.0055114428699554,0.0070004396438159,165.12342440998,5.1914314013102e-07,434.76381709301,380.1258098877
17.075,-8.6948155022823e-13,-2.8982676805867e-13,2.3904264466009e-35,0.0034720109182354,1.732933986835,0,3.6366546042778e-31,1.1112967656617e-10,2.0685143459185e-15,-0.20884730639346,-1.4483774743255e-15,1.4483776011792e-15,0.43870430207717,0.4387041518959,-0.00014869954583594,-0.00014870015649338,1.4483754656185e-15,-1.4483727288541e-15,0.00014869972805593,0.00014869995727689,0.43870438601548,0.43870453611345,0.15973624292849,2.2281091663752e-16,1.1112967656617e-16,-1.8493805362287e-11,0,329.01485761448,100000153.44456,-3.1967485977699e-14,-0.00544845457108,0.0069011323123837,161.00853909882,5.0588304346588e-07,423.84163679386,370.57166607491
17.175,-2.082376902728e-13,-6.9412460080375e-14,6.4050402673856e-36,0.0034720109182354,1.7329118232802,0,9.9998098950828e-32,3.0670061823848e-11,1.795034826398e-15,-0.18123547904377,-1.2568866217024e-15,1.2568867317847e-15,0.38070294378481,0.3807028134591,-0.00012903988989573,-0.00012904041981779,1.2568848785678e-15,-1.2568825036326e-15,0.00012904004802431,0.00012904024693983,0.38070301662559,0.38070314687901,0.13861741866697,5.9925029515812e-17,3.0670061823848e-17,-1.8494213569527e-11,0,329.01485761448,100000153.44456,-3.2300552884827e-14,-0.0053854963988018,0.0068018151180259,156.89377018995,4.9264423143666e-07,412.92407584004,361.02178908108
17.275,-4.8117339730035e-14,-1.6039088424231e-14,1.6573841336518e-36,0.0034720109182354,1.7328896525527,0,2.6572643321279e-32,8.1666238867699e-12,1.5577121978097e-15,-0.15727422790597,-1.0907128892972e-15,1.0907129848255e-15,0.33036997976995,0.33036986667468,-0.00011197944883217,-0.00011197990869292,1.0907113766234e-15,-1.0907093156799e-15,0.00011197958605447,0.00011197975867125,0.33037004298041,0.33037015601295,0.12029072679475,1.5538562118022e-17,8.1666238867699e-18,-1.8494605294911e-11,0,329.01485761448,100000153.44456,-3.2696069837093e-14,-0.0053225683259001,0.0067024880587833,152.77911721416,4.7942001453004e-07,402.01113217261,351.4761768568
17.375,-1.0709272492068e-14,-3.5697517533168e-15,4.1338512407307e-37,0.0034720109182354,1.7328674746619,0,6.8111887096569e-33,2.0945298151011e-12,1.3517661359663e-15,-0.13648090811854,-9.4650908549547e-16,9.4650916839388e-16,0.2866915670447,0.28669146890182,-9.7174578890988e-05,-9.7174977953267e-05,9.4650777281322e-16,-9.4650598434824e-16,9.7174697971046e-05,9.7174847766056e-05,0.28669162189806,0.2866917199865,0.1043870178209,3.8779506025542e-18,2.0945298151011e-18,-1.8494504705455e-11,0,329.01485761448,100000153.44456,-3.3043014532031e-14,-0.0052596703251939,0.0066031511326963,148.66457970271,4.6621924847649e-07,391.10280373489,341.93482735461
17.475,-2.2915508343625e-15,-7.6384899933218e-16,9.9179788645203e-38,0.0034720109182354,1.7328452896171,0,1.6806612422514e-33,5.1646596101083e-13,1.1730483262022e-15,-0.11843668558301,-8.2137055288925e-16,8.2137062482762e-16,0.24878790340316,0.24878781823581,-8.4327069664301e-05,-8.4327415966318e-05,8.2136941375751e-16,-8.2136786174656e-16,8.4327173000714e-05,8.4327302991236e-05,0.24878795100433,0.24878803612444,0.090585947727302,9.297397619421e-19,5.1646596101083e-19,-1.8494142885389e-11,0,329.01485761448,100000153.44456,-3.3431592590391e-14,-0.0051968023695412,0.0065038043378038,144.55015718729,4.530261409777e-07,380.19908847235,332.39773852902
17.575,-4.7045806007221e-16,-1.5681908004014e-16,2.2837960269372e-38,0.0034720109182354,1.7328230974277,0,3.9834090123474e-34,1.2218524094135e-13,1.0179589050158e-15,-0.10277810050687,-7.1277666056469e-16,7.1277672299204e-16,0.21589550581388,0.21589543190656,-7.3178137320721e-05,-7.3178437837941e-05,7.1277567203823e-16,-7.1277432521958e-16,7.3178226994965e-05,7.3178339799362e-05,0.21589554712167,0.215895620988,0.078609525369581,2.1368841933136e-19,1.2218524094135e-19,-1.8494326111952e-11,0,329.01485761448,100000153.44456,-3.3806292860944e-14,-0.0051339644318389,0.0064044476721453,140.43584920007,4.3985085097575e-07,369.29998433269,322.86490833649
17.675,-9.2459736015951e-17,-3.0819856046674e-17,5.0350066846937e-39,0.0034720109182354,1.7328008981029,0,9.0471287816781e-35,2.7671717283469e-14,8.8337394901362e-16,-0.089189746334076,-6.1854003172944e-16,6.1854008590323e-16,0.18735183179339,0.1873517676574,-6.3503211994064e-05,-6.3503472779722e-05,6.1853917389666e-16,-6.185380051417e-16,6.3503289812422e-05,6.3503387702883e-05,0.18735186763986,0.18735193174027,0.068216512978722,4.6974224535353e-20,2.7671717283469e-20,-1.8494214788658e-11,0,329.01485761448,100000153.44456,-3.4215687601018e-14,-0.0050711564850234,0.0063050811337586,136.32165527364,4.2669592090147e-07,358.40548926579,313.33633473542
17.775,-1.7351674173811e-17,-5.7838804430436e-18,1.0599791391556e-39,0.0034720109182354,1.732778691652,0,1.9638872435291e-35,5.984260238627e-15,7.6658255058319e-16,-0.077397916598049,-5.3676248398587e-16,5.3676253099732e-16,0.16258193399634,0.1625818783398,-5.5107414334542e-05,-5.5107640641573e-05,5.3676173956768e-16,-5.3676072533452e-16,5.5107481864489e-05,5.5107566812793e-05,0.16258196510352,0.16258202072918,0.059197566975472,9.8512672833976e-21,5.984260238627e-21,-1.8494818621752e-11,0,329.01485761448,100000153.44456,-3.4597326765468e-14,-0.0050083785020703,0.0062057047206818,132.20757494105,4.1355726362766e-07,347.51560122371,303.8120156862
17.875,-3.100922124527e-18,-1.0336386667684e-18,2.1246429095241e-40,0.0034720109182354,1.7327564780842,0,4.0628805949479e-36,1.2323826337891e-15,6.6523221282991e-16,-0.067165091727923,-4.6579679476705e-16,4.6579683556309e-16,0.1410868792099,0.14108683091175,-4.7821630107825e-05,-4.7821826494667e-05,4.6579614876883e-16,-4.6579526862804e-16,4.7821688709597e-05,4.7821762426835e-05,0.14108690620439,0.14108695447574,0.051371021220456,1.9654319535399e-21,1.2323826337891e-21,-1.849344458821e-11,0,329.01485761448,100000153.44456,-3.5020599293352e-14,-0.004945630455994,0.0061063184309519,128.09360773581,4.0043785908201e-07,336.63031816074,294.29194915121
17.975,-5.2611251792844e-19,-1.7537047762162e-19,4.0418434584737e-41,0.0034720109182354,1.7327342574088,0,7.9855399761909e-37,2.4094558099123e-16,5.7728146388137e-16,-0.058285154757435,-4.0421352178736e-16,4.0421355718972e-16,0.12243369847992,0.1224336565673,-4.1499103773703e-05,-4.1499274196124e-05,4.0421296119695e-16,-4.042121974201e-16,4.14991546277e-05,4.1499218598738e-05,0.12243372190545,0.12243376379482,0.044579227763296,3.7188459683723e-22,2.4094558099123e-22,-1.8493641532885e-11,0,329.01485761448,100000153.44456,-3.5360605094387e-14,-0.0048829123198476,0.0060069222626057,123.97975319184,3.8733565466566e-07,325.74963803328,284.77613309481
18.075,-8.4457925947292e-20,-2.8152581291254e-20,7.2719622539718e-42,0.0034720109182354,1.7327120296351,0,1.4860421509547e-37,4.4572434997892e-17,5.0095873608308e-16,-0.050579239567774,-3.5077221018116e-16,3.5077224090296e-16,0.10624666593674,0.10624662956541,-3.6012482429761e-05,-3.6012630320532e-05,3.5077172370674e-16,-3.5077106090929e-16,3.6012526560321e-05,3.6012582073709e-05,0.10624668626516,0.10624672261632,0.038685381383473,6.6504150325377e-23,4.4572434997892e-23,-1.8493741670675e-11,0,329.01485761448,100000153.44456,-3.5735305364943e-14,-0.0048202240667232,0.005907516213679,119.86601084354,3.7424254191991e-07,314.87355879997,275.26456548336
18.175,-1.2780606050166e-20,-4.2601924068857e-21,1.232584379643e-42,0.0034720109182354,1.7326897947723,0,2.6083285299942e-38,7.7725408164618e-18,4.3472668180028e-16,-0.043892128036735,-3.0439640636293e-16,3.0439643302298e-16,0.09219973065279,0.092199699090136,-3.1251250577023e-05,-3.1251378915066e-05,3.0439598420559e-16,-3.0439540903698e-16,3.1251288873054e-05,3.1251337046985e-05,0.09219974829358,0.092199779838727,0.03357076396054,1.1197526706709e-23,7.7725408164618e-24,-1.8492713410851e-11,0,329.01485761448,100000153.44456,-3.6089188953778e-14,-0.0047575656697514,0.0058081002822077,115.75238022573,3.6117021371696e-07,304.00207842161,265.75724428528
18.275,-1.8155342901567e-21,-6.0517666671456e-22,1.9597768586591e-43,0.0034720109182354,1.7326675528295,0,4.2999834957274e-39,1.2723354584255e-18,3.7725120704899e-16,-0.038089123522937,-2.6415197531986e-16,2.6415199845517e-16,0.08000994908874,0.080009921699003,-2.7119504036766e-05,-2.7119615407159e-05,2.6415160897619e-16,-2.6415110985097e-16,2.7119537269656e-05,2.7119579074482e-05,0.08000996439723,0.080009991771774,0.029132353167798,1.7676018090407e-24,1.2723354584255e-24,-1.849383481653e-11,0,329.01485761448,100000153.44456,-3.6491644799951e-14,-0.0046949371021022,0.005708674466226,111.63886087368,3.4810688560108e-07,293.13519486113,256.25416747102
18.375,-2.4098122985341e-22,-8.0326877542848e-23,2.9090012625925e-44,0.0034720109182354,1.732645303816,0,6.6268660019901e-40,1.9461037941982e-19,3.2737459920922e-16,-0.03305333770856,-2.2922828458819e-16,2.2922830466476e-16,0.069431785839919,0.069431762071396,-2.3534018179128e-05,-2.3534114825175e-05,2.2922796667903e-16,-2.2922753354346e-16,2.3534047018278e-05,2.3534083296063e-05,0.069431799124465,0.069431822879804,0.025280747322011,2.6036268807841e-25,1.9461037941982e-25,-1.8493006928804e-11,0,329.01485761448,100000153.44456,-3.6887161752216e-14,-0.0046323383369835,0.0056092387637685,107.52545232312,3.350732797936e-07,282.2729060837,246.75533301311
18.475,-2.9732466312441e-23,-9.9107963085875e-24,4.0096708268211e-45,0.0034720109182354,1.732623047741,0,9.4975741051531e-41,2.7669373295663e-20,2.8409220753926e-16,-0.028683336150231,-1.9892187590729e-16,1.9892189332953e-16,0.060252167884442,0.060252147258369,-2.0422571552367e-05,-2.0422655420782e-05,1.989216000291e-16,-1.9892122415864e-16,2.0422596578675e-05,2.0422628060153e-05,0.06025217941263,0.060252200027261,0.021938364589986,3.5596113531577e-26,2.7669373295663e-26,-1.8494453546248e-11,0,329.01485761448,100000153.44456,-3.7289617598382e-14,-0.0045697693476414,0.0055097931728688,103.4121541102,3.2205397763521e-07,271.41521005659,237.26073888622
18.575,-3.3900966177892e-24,-1.1300291125052e-24,5.1015236550738e-46,0.0034720109182354,1.7326007846137,0,1.2584348346232e-41,3.6355160194409e-21,2.4653220677317e-16,-0.02489109511304,-1.7262229565415e-16,1.7262231077299e-16,0.052286192712153,0.052286174813066,-1.772249114609e-05,-1.7722563926213e-05,1.7262205624998e-16,-1.7262173007358e-16,1.7722512863656e-05,1.7722540182948e-05,0.052286202716193,0.052286220605351,0.019037880279121,4.4902352324418e-27,3.6355160194409e-27,-1.8493652923007e-11,0,329.01485761448,100000153.44456,-3.7643501187225e-14,-0.0045072301073616,0.0054103376915601,99.298965771495,3.0904576929428e-07,260.56210474924,227.77038306721
18.675,-3.5486734587834e-25,-1.1828877417896e-25,5.9509667397401e-47,0.0034720109182354,1.7325785144432,0,1.5314065883422e-42,4.3853637260015e-22,2.1393803618513e-16,-0.021600228532739,-1.4979979864455e-16,1.4979981176452e-16,0.045373403884416,0.045373388351778,-1.5379389986118e-05,-1.5379453143937e-05,1.4979959089215e-16,-1.4979930783972e-16,1.5379408832392e-05,1.5379432539784e-05,0.045373412565815,0.045373428089838,0.016520870734712,5.1911043197926e-28,4.3853637260015e-28,-1.8492179725847e-11,0,329.01485761448,100000153.44456,-3.8045957033396e-14,-0.0044447205894669,0.0053108723178747,95.185886844059,2.9605487856381e-07,249.71358813326,218.28426353518
18.775,-3.3849366949658e-26,-1.1283087980642e-26,6.3161872029702e-48,0.0034720109182354,1.7325562372386,0,1.6987962452818e-43,4.820318351559e-23,1.8565316039564e-16,-0.018744449392351,-1.299946776221e-16,1.2999468900747e-16,0.039374559004366,0.039374545525308,-1.3346071632672e-05,-1.3346126440358e-05,1.2999449733677e-16,-1.2999425170687e-16,1.3346087987268e-05,1.3346108560292e-05,0.039374566537993,0.039374580009575,0.014336636528405,5.4584158516685e-29,4.820318351559e-29,-1.8493384014708e-11,0,329.01485761448,100000153.44456,-3.8476168455178e-14,-0.0043822407673197,0.0052113970498443,91.072916865363,2.8308602742963e-07,238.86965818242,208.80237827153
18.875,-2.9172384820952e-27,-9.7240969862543e-28,6.0468322124927e-49,0.0034720109182354,1.7325339530091,0,1.703270606833e-44,4.7872122925453e-24,1.611078449606e-16,-0.016266234521078,-1.1280800350187e-16,1.1280801338197e-16,0.034168824995755,0.034168813298771,-1.158157951552e-05,-1.1581627077048e-05,1.1280784705217e-16,-1.1280763389715e-16,1.1581593707865e-05,1.1581611560917e-05,0.034168831533356,0.034168843223852,0.012441181233611,5.1751284816021e-30,4.7872122925453e-30,-1.8492420849692e-11,0,329.01485761448,100000153.44456,-3.8809235362309e-14,-0.0043197906143189,0.005111911885501,86.9600553733,2.7012381312448e-07,228.0303128726,199.32472526013
18.975,-2.2495645206122e-28,-7.4985228387768e-29,5.1699428171308e-50,0.0034720109182354,1.7325116617639,0,1.5285614680105e-45,4.253973519134e-25,1.3980768036771e-16,-0.014115665920956,-9.789358985198e-17,9.7893598425826e-17,0.029651344195653,0.029651334045134,-1.0050371957089e-05,-1.0050413230479e-05,9.7893454086586e-17,-9.7893269112919e-17,1.0050384273055e-05,1.0050399765745e-05,0.029651349868914,0.029651360013803,0.010796325217626,4.3803191159135e-31,4.253973519134e-31,-1.84928725152e-11,0,329.01485761448,100000153.44456,-3.9183935632855e-14,-0.0042573701039031,0.0050124168228748,82.847301906235,2.571879689306e-07,217.19555018187,189.85130248743
19.075,-1.5347994290208e-29,-5.1159795738143e-30,3.9025727273211e-51,0.0034720109182354,1.732489363512,0,1.214117177765e-46,3.3445178921399e-26,1.2132362328216e-16,-0.012249425282407,-8.4951019755868e-17,8.4951027196161e-17,0.025731122235498,0.025731113426985,-8.7216062662675e-06,-8.7216420828783e-06,8.4950901940099e-17,-8.4950741421911e-17,8.7216169539329e-06,8.7216303983246e-06,0.025731127158694,0.025731135962321,0.0093689365998334,3.2722236291464e-32,3.3445178921399e-32,-1.8492237431858e-11,0,329.01485761448,100000153.44456,-3.9565574797321e-14,-0.0041949792095487,0.0049129118599957,78.734656002935,2.4425999547534e-07,206.3653680904,180.38210794264
19.175,-9.1446781019975e-31,-3.0482142822947e-31,2.5665460335353e-52,0.0034720109182354,1.7324670582626,0,8.424749939291e-48,2.2963383229364e-27,1.0528335444517e-16,-0.010629921435481,-7.3719594597296e-17,7.3719601053903e-17,0.022329195166646,0.022329187522712,-7.568517482594e-06,-7.5685485638693e-06,7.371949235802e-17,-7.3719353062037e-17,7.5685267572367e-06,7.5685384241374e-06,0.022329199438943,0.022329207078637,0.0081302638853817,2.1288975659312e-33,2.2963383229364e-33,-1.8492101741741e-11,0,329.01485761448,100000153.44456,-3.9912519492254e-14,-0.004132617904769,0.0048133969948942,74.622117202625,2.3135630457758e-07,195.53976458051,170.917139618
19.275,-4.6862394244177e-32,-1.5620733768276e-32,1.4478652512034e-53,0.0034720109182354,1.7324447460247,0,5.0298483647954e-49,1.3560555137737e-28,9.1363779149985e-17,-0.009224533161306,-6.3973082880082e-17,6.3973088483057e-17,0.019377038911358,0.019377032278033,-6.5678792570448e-06,-6.5679062290461e-06,6.3972994157922e-17,-6.3972873278345e-17,6.5678873054815e-06,6.5678974298942e-06,0.019377042618813,0.019377049248458,0.007055356831758,1.1876326060427e-34,1.3560555137737e-34,-1.8491718936833e-11,0,329.01485761448,100000153.44456,-4.040518095918e-14,-0.0040702861631166,0.0047138722255984,70.509685044945,2.1846313066405e-07,184.71873763666,161.45639550913
19.375,-2.0286371419865e-33,-6.7620939770132e-34,6.8790066957912e-55,0.0034720109182354,1.7324224268074,0,2.5377593827813e-50,6.7646121099185e-30,7.9284519234374e-17,-0.0080049521118764,-5.5515163309538e-17,5.5515168171741e-17,0.016815189001221,0.016815183244892,-5.6995360101006e-06,-5.6995594161174e-06,5.5515086317388e-17,-5.5514981419372e-17,5.6995429944486e-06,5.6995517803067e-06,0.01681519221851,0.016815197971646,0.0061225638829431,5.5776416971992e-36,6.7646121099185e-36,-1.8492410812045e-11,0,329.01485761448,100000153.44456,-4.081457569925e-14,-0.004007983958181,0.0046143375501371,66.397359069977,2.0558643230253e-07,173.90228524544,151.99987361547
19.475,-7.2610390072817e-35,-2.4203348536187e-35,2.6931496848037e-56,0.0034720109182354,1.7324001006198,0,1.0591355952251e-51,2.7901195342377e-31,6.8802265500713e-17,-0.0069466126028173,-4.817547034683e-17,4.8175474566198e-17,0.014592042800773,0.014592037805491,-4.9459969434714e-06,-4.9460172549647e-06,4.8175403533858e-17,-4.8175312504472e-17,4.9460030044146e-06,4.9460106286891e-06,0.014592045592702,0.014592050585213,0.0053130960480958,2.157552289745e-37,2.7901195342377e-37,-1.8491384196408e-11,0,329.01485761448,100000153.44456,-4.1217031545415e-14,-0.0039457112635899,0.004514792966538,62.285138818243,1.9272592511853e-07,163.09040539554,142.54757194099
19.575,-2.094104968392e-36,-6.9803141310162e-37,8.4629086958724e-58,0.0034720109182354,1.7323777674709,0,3.5634733630952e-53,9.2727378182221e-33,5.9705876806001e-17,-0.0060281967935856,-4.1806162582964e-17,4.1806166244486e-17,0.012662820089868,0.012662815755015,-4.2920837277764e-06,-4.2921013538751e-06,4.1806104603375e-17,-4.1806025609038e-17,4.2920889873987e-06,4.2920956036633e-06,0.012662822512675,0.012662826845122,0.0046106484400978,6.6953997216129e-39,9.2727378182221e-39,-1.8492957921847e-11,0,329.01485761448,100000153.44456,-4.1543159558642e-14,-0.0038834680530084,0.0044152384728283,58.17302383068,1.7988552224237e-07,152.28309607781,133.09948849506
19.675,-4.7156357480979e-38,-1.5718698426427e-38,2.0672639826322e-59,0.0034720109182354,1.7323554273698,0,9.3667136698724e-55,2.4062195621763e-34,5.1812127104106e-17,-0.0052312052880937,-3.6278944810098e-17,3.6278947987529e-17,0.010988661068063,0.010988657306324,-3.7246247696452e-06,-3.7246400653868e-06,3.6278894496026e-17,-3.6278825945577e-17,3.7246293338897e-06,3.724635075414e-06,0.010988663170549,0.010988666930201,0.0040010718507141,1.6141878032698e-40,2.4062195621763e-40,-1.849078892515e-11,0,329.01485761448,100000153.44456,-4.1945615404812e-14,-0.0038212543001395,0.0043156740670344,54.061013648662,1.6705775444042e-07,141.48035528518,123.65562129392
19.775,-7.9750770301015e-40,-2.658342877943e-40,3.7731410067306e-61,0.0034720109182354,1.7323330803255,0,1.8503367740831e-56,4.6893789109844e-36,4.4962014774101e-17,-0.004539584506481,-3.1482483806598e-17,3.1482486563939e-17,0.0095358436123859,0.0095358403479888,-3.2321898999491e-06,-3.2322031734315e-06,3.1482440144579e-17,-3.1482380657227e-17,3.2321938607521e-06,3.232198843186e-06,0.0095358454369011,0.0095358486994875,0.0034720877469976,2.905757495088e-42,4.6893789109844e-42,-1.8491880586101e-11,0,329.01485761448,100000153.44456,-4.23758268266e-14,-0.0037590699787237,0.0042160997471827,49.949107813998,1.5424880630869e-07,130.68218101272,114.21596836266
19.875,-9.6463866247864e-42,-3.2154407705683e-42,4.8961667046861e-63,0.0034720109182354,1.732310726347,0,2.61645084143e-58,6.5362778018731e-38,3.9017559894511e-17,-0.0039394033222871,-2.7320165782684e-17,2.7320168175475e-17,0.0082751040219237,0.0082751011891145,-2.8048601390599e-06,-2.8048716576472e-06,2.7320127893246e-17,-2.7320076270752e-17,2.8048635762027e-06,2.8048678999061e-06,0.0082751056052187,0.0082751084364566,0.0030130409481897,3.7156958070322e-44,6.5362778018731e-44,-1.8491592490595e-11,0,329.01485761448,100000153.44456,-4.2729710415433e-14,-0.0036969150625387,0.0041165155112985,45.837305868903,1.4145134475234e-07,119.88857125758,104.78052773842
19.975,-7.8390964786183e-44,-2.6130128684398e-44,4.2386752208081e-65,0.0034720109182354,1.7322883654434,0,2.488301064554e-60,6.1209269258475e-40,3.385902495185e-17,-0.0034185724516177,-2.3708150315538e-17,2.3708152391976e-17,0.0071810475671721,0.0071810451088903,-2.4340279015818e-06,-2.4340378972898e-06,2.3708117435486e-17,-2.3708072638032e-17,2.4340308842979e-06,2.4340346363619e-06,0.0071810489411387,0.0071810513980569,0.0026146850013563,3.1664696031106e-46,6.1209269258475e-46,-1.8491217610046e-11,0,329.01485761448,100000153.44456,-4.3139105155516e-14,-0.0036347895253999,0.0040169213574064,41.725607356055,1.2867141104113e-07,109.09952401905,95.349297475427
20.075,-3.9434618853661e-46,-1.3144764464161e-46,2.2525324539606e-67,0.0034720109182354,1.7322659976235,0,1.4668875839233e-62,3.5482491961185e-42,2.9382503000945e-17,-0.0029666009420368,-2.0573681574817e-17,2.0573683376728e-17,0.0062316369710118,0.0062316348377409,-2.1122236161352e-06,-2.1122322903047e-06,2.0573653041856e-17,-2.0573614167101e-17,2.1122262045047e-06,2.112229460506e-06,0.0062316381633255,0.0062316402954131,0.0022689959326392,1.6541387160213e-48,3.5482491961185e-48,-1.8491471657105e-11,0,329.01485761448,100000153.44456,-4.3527683213869e-14,-0.0035726933411602,0.003917317283531,37.614011818528,1.1590680935223e-07,98.315037298504,85.922275653357
20.175,-1.0999629554655e-48,-3.6665089572567e-49,6.5702065713662e-70,0.0034720109182354,1.7322436228965,0,4.8037121272168e-65,1.1405116164846e-44,2.5497824696022e-17,-0.0025743848562077,-1.7853622822045e-17,1.7853624385724e-17,0.0054077485179191,0.0054077466666892,-1.8329652678427e-06,-1.832972795195e-06,1.7853598061444e-17,-1.7853564326343e-17,1.8329675140022e-06,1.8329703395257e-06,0.0054077495525962,0.0054077514027993,0.0019690106225655,4.7339270898065e-51,1.1405116164846e-50,-1.8491675632771e-11,0,329.01485761448,100000153.44456,-4.3930139060043e-14,-0.0035106264837085,0.0038177032876957,33.502518799835,1.0316226888251e-07,87.535109099425,76.499460391868
20.275,-1.4598558925947e-51,-4.8661341620667e-52,9.004211158008e-73,0.0034720109182354,1.7322212412713,0,7.5042068701449e-68,1.74428200155e-47,2.2126742034475e-17,-0.0022340238937972,-1.5493184664723e-17,1.5493186021667e-17,0.0046927868502436,0.0046927852437659,-1.5906278328925e-06,-1.5906343650491e-06,1.5493163177735e-17,-1.5493133902773e-17,1.590629782086e-06,1.5906322340453e-06,0.0046927877481255,0.004692789353712,0.0017086865498547,6.348782330473e-54,1.74428200155e-53,-1.8490882232045e-11,0,329.01485761448,100000153.44456,-4.4297900436695e-14,-0.0034485889269726,0.0037180793679237,29.391127843915,9.0432688883656e-08,76.759737427381,67.080849877338
20.375,-7.3863957053349e-55,-2.4621010265845e-55,4.6298090534171e-76,0.0034720109182354,1.7321988527567,0,4.4860501399664e-71,1.0170074832427e-50,1.9201352228944e-17,-0.0019386622579069,-1.3444821448721e-17,1.3444822626263e-17,0.004072350692501,0.0040723492984167,-1.3803299752374e-06,-1.3803356437737e-06,1.3444802802541e-17,-1.3444777398039e-17,1.3803316667269e-06,1.3803337945111e-06,0.0040723514716734,0.0040723528649844,0.001482780078581,3.1822538089387e-57,1.0170074832427e-56,-1.8490665506341e-11,0,329.01485761448,100000153.44456,-4.4707295176769e-14,-0.0033865806449166,0.0036184455222376,25.279838495119,7.7718451907319e-08,65.988920290032,57.666442415776
20.475,-1.0156565236405e-58,-3.3854707572528e-59,6.3357890925515e-80,0.0034720109182354,1.7321764573618,0,7.3313309757059e-75,1.6114728925043e-54,1.6662729960224e-17,-0.0016823505606488,-1.1667273559294e-17,1.1667274581153e-17,0.0035339427704569,0.0035339415606853,-1.19783572319e-06,-1.1978406422857e-06,1.1667257378337e-17,-1.1667235332579e-17,1.1978371910466e-06,1.1978390375153e-06,0.0035339434466144,0.003533944655715,0.001286740837062,4.2196604853446e-61,1.6114728925043e-60,-1.8491300373937e-11,0,329.01485761448,100000153.44456,-4.5068117659512e-14,-0.003324601611542,0.0035188017486588,21.168650298234,6.5022105991885e-08,55.222655697135,48.256236547566
20.575,-2.1778564759251e-63,-7.2593853141388e-64,1.3142612310677e-84,0.0034720109182354,1.7321540550956,0,1.887295562248e-79,3.9818917045991e-59,1.4459740460821e-17,-0.001459925986268,-1.0124736340054e-17,1.0124737226812e-17,0.003066718081982,0.003066717032155,-1.0394691454145e-06,-1.0394734141536e-06,1.0124722298391e-17,-1.0124703167316e-17,1.0394704192049e-06,1.0394720215509e-06,0.0030667186687443,0.0030667197179889,0.0011166200609787,8.3946002015473e-66,3.9818917045991e-65,-1.8490921340128e-11,0,329.01485761448,100000153.44456,-4.5422001248357e-14,-0.0032626518008865,0.003419148045209,17.05756279845,5.2332909902559e-08,44.46094166051,38.850231328675
20.675,-2.6534363895073e-69,-8.8445688252735e-70,1.4875541399837e-90,0.0034720109182354,1.7321316459668,0,2.8144461084118e-85,5.5905163237357e-65,1.2548009521453e-17,-0.0012669082979702,-8.7861388896601e-18,8.7861396591793e-18,0.0026612654491683,0.0026612645381396,-9.0204030765696e-07,-9.0204401202353e-07,8.7861267044536e-18,-8.7861101027095e-18,9.0204141303878e-07,9.020428035376e-07,0.0026612659583544,0.0026612668688778,0.00096899105450549,8.9341198616026e-72,5.5905163237357e-71,-1.8491266353323e-11,0,329.01485761448,100000153.44456,-4.5789762625004e-14,-0.003200731187025,0.0033194844099088,12.94657554141,3.9664827584364e-08,33.703776194088,29.448427150083
20.775,-2.1350280042826e-77,-7.1165027247711e-78,1.0460281592964e-98,0.0034720109182354,1.7321092299845,0,2.8998651736686e-93,5.1835528680004e-73,1.0889029673604e-17,-0.0010994095937484,-7.62451820923e-18,7.6245188770107e-18,0.0023094179515712,0.0023094171609901,-7.8278101877992e-07,-7.8278423338996e-07,7.624507635037e-18,-7.6244932282194e-18,7.8278197801854e-07,7.8278318467868e-07,0.0023094183934375,0.00230941918358,0.00084088016732273,5.6406657424605e-80,5.1835528680004e-79,-1.8491140578554e-11,0,329.01485761448,100000153.44456,-4.622691294069e-14,-0.0031388397440694,0.0032198108407782,8.8356880731501,2.7014442318697e-08,22.951157313859,20.050828859944
20.875,-2.4362674034784e-90,-8.1203558217452e-91,9.535875444017e-112,0.0034720109182354,1.7320868071575,0,4.9435854719322e-106,6.8158752095914e-86,9.4493845442103e-18,-0.00095405599344687,-6.6164760941002e-18,6.6164766735932e-18,0.002004088422185,0.0020040877361271,-6.7928907185281e-07,-6.7929186145734e-07,6.6164669179276e-18,-6.616454415844e-18,6.7928990426992e-07,6.792909513968e-07,0.0020040888056319,0.0020040894913092,0.00072970689719891,3.9429544032498e-93,6.8158752095914e-92,-1.8491421041627e-11,0,329.01485761448,100000153.44456,-4.6629368786858e-14,-0.0030769774461684,0.0031201273358372,4.7248999401351,1.4384712894402e-08,12.203083037889,10.65746538893
20.975,-2.1280754844921e-126,-7.0911117361335e-127,1.2718904122789e-147,0.0034720109182354,1.7320643774948,0,5.0721976280959e-141,6.8587762753733e-122,8.2000742610798e-18,-0.00082791952839786,-5.7417067814775e-18,5.7417072843553e-18,0.0017391263749295,0.0017391257795759,-5.8947974948759e-07,-5.894821702764e-07,5.7416988184936e-18,-5.7416879693199e-18,5.8948047185021e-07,5.8948138053565e-07,0.0017391267076806,0.001739127302704,0.00063323179841398,4.7337127943633e-130,6.8587762753733e-128,-1.8491483934362e-11,0,329.01485761448,100000153.44456,-4.7031824633027e-14,-0.0030151442675072,0.0030204338931043,0.61421068923992,1.7578668115461e-09,1.4595513862999,1.2692804869066
21.075,-6.6810419369845e-101,-2.2272552099474e-101,6.0158099161193e-123,0.0034720109182354,1.7320419363089,0.75310576703682,-4.2152250294812e-117,-2.4824932509145e-96,7.1159354636553e-18,-0.0007184595828774,-4.9825908409329e-18,4.9825912773248e-18,0.0015091949966694,0.001509194480028,-5.1154413008121e-07,-5.1154623081547e-07,4.9825839307419e-18,-4.9825745159467e-18,5.1154475693965e-07,5.1154554548702e-07,0.0015091952854272,0.001509195801782,0.00054951168127084,1.0925850031871e-103,-2.4824932509145e-102,-147.3201107228,172.23765004049,329.01485761448,100000153.44456,-4.7239991452461e-14,-0.0029533483644546,0.0029207305105978,-3.4958358860284,-2.1417135295811e-08,-9.2765999191909,8.1145981682652
21.175000000001,-8.1710805383752e-83,-2.7238223678884e-83,3.1733419967664e-104,0.0034720109182354,1.7320194743898,1.1053451507456,-1.0222133967548e-98,-3.4985052760238e-78,6.1751333776655e-18,-0.0006234716114824,-4.3238395241559e-18,4.3238399028521e-18,0.0013096634230226,0.0013096629746867,-4.4391257452337e-07,-4.439143975183e-07,4.3238335275654e-18,-4.3238253575059e-18,4.4391311850448e-07,4.4391380279753e-07,0.0013096636736036,0.0013096641216909,0.00047686041304845,3.3188138894493e-85,-3.4985052760238e-84,-147.32198645363,172.24165367054,329.01485761448,100000153.44456,-4.7406524909117e-14,-0.0028916057680048,0.0028210171863354,-7.6041712372082,-4.6272158394713e-08,-19.999788881801,17.485226760895
21.275000000001,-3.8659467956212e-73,-1.2886881557792e-73,3.1375868508256e-94,0.0034720109182354,1.7319969915399,1.3698281883489,-6.5627599135763e-89,-1.9073800965799e-68,5.3587152984622e-18,-0.00054104205662852,-3.752182113182e-18,3.7521824418106e-18,0.001136512038132,0.0011365116490708,-3.8522262739812e-07,-3.8522420937379e-07,3.7521769094043e-18,-3.7521698195132e-18,3.8522309945916e-07,3.8522369328141e-07,0.0011365122555835,0.0011365126444289,0.00041381441247505,2.7781789200637e-75,-1.9073800965799e-74,-147.32386186892,172.24565748591,329.01485761448,100000153.44456,-4.7566119471867e-14,-0.0028299168022844,0.0027212939183347,-11.710770851049,-7.1068290618491e-08,-30.709892736025,26.844052340851
21.375000000001,-1.6482272865672e-66,-5.4942147393523e-67,2.271045551306e-87,0.0034720109182354,1.7319744877819,1.5909407242368,-3.5173474685824e-82,-9.3708869247774e-62,4.6502363420737e-18,-0.00046951056254962,-3.2561038706059e-18,3.2561041557863e-18,0.00098625310145558,0.0009862527638324,-3.3429211330371e-07,-3.3429348612543e-07,3.2560993548228e-18,-3.2560932022905e-18,3.3429252295328e-07,3.3429303826594e-07,0.00098625329015768,0.00098625362759358,0.00035910376136564,1.8402816564292e-68,-9.3708869247774e-68,-147.32573962732,172.24965952924,329.01485761448,100000153.44456,-4.7670202883387e-14,-0.0027682814069904,0.0026215607046118,-15.815635784233,-9.5817899962269e-08,-41.406923498188,36.191032347384
21.475000000001,-1.8102554347521e-61,-6.0342930493333e-62,3.8391108007848e-82,0.0034720109182354,1.731951963139,1.7848745814012,-4.721110678964e-77,-1.1860066481445e-56,4.0354258124795e-18,-0.00040743629010899,-2.8256124293455e-18,2.825612676822e-18,0.00085585998871554,0.00085585969572973,-2.9009515295572e-07,-2.9009634427586e-07,2.8256085105967e-18,-2.8256031714944e-18,2.9009550844527e-07,2.9009595562814e-07,0.00085586015246923,0.00085586044529252,0.00031162643817951,2.9300275501762e-63,-1.1860066481445e-62,-147.32761731934,172.25366770608,329.01485761448,100000153.44456,-4.7781225188814e-14,-0.0027066995219284,0.0025218175431831,-19.918767091823,-1.2052990704386e-07,-52.090893171749,45.526168919836
21.575000000001,-2.0901251221266e-57,-6.9671878702083e-58,6.4448535326894e-78,0.0034720109182354,1.7319294176339,1.9597152643235,-6.5722333895924e-73,-1.5779887612589e-52,3.5018997509197e-18,-0.00035356889437441,-2.4520365191501e-18,2.4520367339076e-18,0.0007427062274411,0.00074270597319112,-2.5174149918381e-07,-2.5174253299881e-07,2.4520331185014e-18,-2.452028485285e-18,2.5174180767388e-07,2.5174219573443e-07,0.00074270636954482,0.00074270662365377,0.00027042612030335,4.6969645064592e-59,-1.5779887612589e-58,-147.32950212953,172.25767449761,329.01485761448,100000153.44456,-4.7871430812523e-14,-0.0026451710870133,0.0024220644320637,-24.020165827268,-1.4519192692699e-07,-62.761813747327,54.849470779523
21.675000000001,-5.2370634132613e-54,-1.7457102113264e-54,2.262246467847e-74,0.0034720109182354,1.7319068512895,2.1201915780049,-1.9706208066321e-69,-4.5562148463196e-49,3.0389114892331e-18,-0.00030682333926539,-2.127851303598e-18,2.1278514899623e-18,0.00064451259265858,0.00064451237202314,-2.184586049288e-07,-2.184595020625e-07,2.1278483525512e-18,-2.1278443318951e-18,2.1845887263321e-07,2.1845920938805e-07,0.00064451271597468,0.00064451293648774,0.00023467292110882,1.5864683804295e-55,-4.5562148463196e-55,-147.33138709644,172.26168595534,329.01485761448,100000153.44456,-4.8003269799654e-14,-0.0025836960422676,0.0023223013692685,-28.119833042416,-1.6980027294303e-07,-73.419697202731,64.160948427124
21.775000000001,-4.3469671184293e-51,-1.4490053678213e-51,2.5626951142697e-71,0.0034720109182354,1.7318842641285,2.2693528821514,-1.9483963942708e-66,-4.3580047087912e-46,2.6371351826868e-18,-0.00026625804197095,-1.8465268093941e-18,1.846526971119e-18,0.00055930119709199,0.0005593010056269,-1.895760620405e-07,-1.8957684056361e-07,1.8465242485069e-18,-1.8465207594241e-18,1.8957629435155e-07,1.8957658658383e-07,0.0005593013041044,0.00055930149546329,0.00020364667377534,1.7374527072823e-52,-4.3580047087912e-52,-147.33327385427,172.2656985545,329.01485761448,100000153.44456,-4.8100414317278e-14,-0.0025222743278231,0.0022225283528115,-32.217769787533,-1.9436513646755e-07,-84.064555502986,73.460613003911
21.875000000001,-1.5634150990871e-48,-5.2114360876658e-49,1.2337471609305e-68,0.0034720109182354,1.7318616561739,2.4093016514787,-8.3220088949591e-64,-1.8061789442313e-43,2.2884779620613e-18,-0.00023105590690702,-1.6023963949198e-18,1.602396535263e-18,0.00048535565112573,0.00048535548497435,-1.6451209743144e-07,-1.6451277302554e-07,1.6023941726091e-18,-1.6023911448201e-18,1.6451229902851e-07,1.6451255262458e-07,0.00048535574398996,0.00048535591004918,0.00017672242516863,8.1115714438999e-50,-1.8061789442313e-49,-147.33516149328,172.26970986894,329.01485761448,100000153.44456,-4.8197558834891e-14,-0.0024609058839187,0.0021227453807061,-36.313977111281,-2.1888442006936e-07,-94.696400600355,82.748475923757
21.975000000001,-2.9202481347722e-46,-9.7342490101308e-47,3.0389589469775e-66,0.0034720109182354,1.7318390274482,2.5415601825349,-1.8421643812648e-61,-3.8876885817228e-41,1.9859169212192e-18,-0.00020050786718566,-1.3905426086365e-18,1.3905427304249e-18,0.00042118649004238,0.00042118634585798,-1.427618545822e-07,-1.427624408556e-07,1.3905406801388e-18,-1.3905380526556e-18,1.4276202952599e-07,1.4276224959398e-07,0.00042118657062898,0.00042118671473341,0.00015335784758232,1.9417452967783e-47,-3.8876885817228e-47,-147.33705151449,172.27372589964,329.01485761448,100000153.44456,-4.8308581140316e-14,-0.0023995906509015,0.0020229524509656,-40.408456060734,-2.4335463189071e-07,-105.31524443434,92.024548728944
22.075000000001,-3.2196727560853e-44,-1.0732331759183e-44,4.3663350950174e-64,0.0034720109182354,1.7318163779742,2.6672726981605,-2.403372312906e-59,-4.9393382136129e-39,1.7233576566463e-18,-0.00017399860207651,-1.2066981382159e-18,1.2066982439026e-18,0.00036550117214617,0.00036550104702447,-1.238872243559e-07,-1.2388773311774e-07,1.2066964646861e-18,-1.206694184584e-18,1.2388737617027e-07,1.2388756714293e-07,0.00036550124207836,0.00036550136713066,0.00013308231478059,2.7154380980321e-45,-4.9393382136129e-45,-147.33894482521,172.27774036168,329.01485761448,100000153.44456,-4.8454297915255e-14,-0.0023383285692256,0.0019231495616027,-44.501207681383,-2.6778691355503e-07,-115.92109893175,101.28884302563
22.175000000001,-2.3013839439052e-42,-7.6713386149469e-43,4.0281320994932e-62,0.0034720109182354,1.7317937077745,2.7873250446034,-2.0305450151353e-57,-4.0684734569503e-37,1.4955115095642e-18,-0.0001509941427712,-1.0471598552464e-18,1.0471599469602e-18,0.0003171780434524,0.00031717793487311,-1.0750802028683e-07,-1.0750846178497e-07,1.0471584029749e-18,-1.0471564243265e-18,1.0750815202974e-07,1.0750831775379e-07,0.00031717810413881,0.00031717821265787,0.00011548742230392,2.4410572049626e-43,-4.0684734569503e-43,-147.34083696619,172.28175807939,329.01485761448,100000153.44456,-4.8572259114579e-14,-0.0022771195794527,0.0018233367106287,-48.59223301713,-2.921664423351e-07,-126.51397600665,110.54137045199
22.275000000001,-1.1447222630209e-40,-3.8157680341179e-41,2.5653642855334e-60,0.0034720109182354,1.7317710168717,2.9024196693355,-1.1927966264775e-55,-2.331996840356e-35,1.2977890379361e-18,-0.00013103111679704,-9.0871422413969e-19,9.087143037279e-19,0.0002752437445209,0.00027524365029695,-9.3294320589432e-08,-9.3294703716837e-08,9.0871296387388e-19,-9.0871124682374e-19,9.3294434914529e-08,9.3294578728106e-08,0.00027524379718393,0.00027524389135562,0.00010021876109078,1.5161894962733e-41,-2.331996840356e-41,-147.34273509899,172.28577878387,329.01485761448,100000153.44456,-4.8717975889528e-14,-0.0022159636222511,0.0017235138960549,-52.681533110295,-3.164942257042e-07,-137.09388756045,119.78214266114
22.375000000001,-4.1852746149146e-39,-1.3951008140093e-39,1.192832048687e-58,0.0034720109182354,1.7317483052885,3.0131247478503,-5.1468673364265e-54,-9.8251059555893e-34,1.1262075726037e-18,-0.00011370741443327,-7.8857257277064e-19,7.8857264183644e-19,0.00023885360434559,0.00023885352257904,-8.0959822634831e-08,-8.0960155108732e-08,7.8857147912533e-19,-7.8856998908741e-19,8.0959921844938e-08,8.0960046644836e-08,0.00023885365004601,0.0002388537317672,8.6968778713751e-05,6.8803354462232e-40,-9.8251059555893e-40,-147.3446323178,172.28979792567,329.01485761448,100000153.44456,-4.8808181513238e-14,-0.0021548606383965,0.0016236811158923,-56.769109001644,-3.4078657664825e-07,-147.66084548193,129.01117131154
22.475000000001,-1.1744361141834e-37,-3.9148114907248e-38,4.2324398075857e-57,0.0034720109182354,1.7317255730473,3.1199075841279,-1.7036114145712e-52,-3.177080091172e-32,9.7731099548118e-19,-9.8674089125905e-05,-6.8431492102462e-19,6.8431498095919e-19,0.00020727462637955,0.00020727455542341,-7.0256076036055e-08,-7.0256364553383e-08,6.8431397197081e-19,-6.843126789317e-19,7.0256162129535e-08,7.0256270429563e-08,0.00020727466603789,0.00020727473695468,7.5470584435883e-05,2.3838675994489e-38,-3.177080091172e-38,-147.34653006776,172.29381854688,329.01485761448,100000153.44456,-4.8905326030854e-14,-0.0020938105687695,0.0015238383681503,-60.854961730352,-3.650294547112e-07,-158.21486164719,138.22846806126
22.575000000001,-2.6187296900657e-36,-8.7291503839803e-37,1.1874028341339e-55,0.0034720109182354,1.7317028201707,3.2231580322497,-4.4788612023308e-51,-8.1634726577855e-31,8.4810012392318e-19,-8.5628328753719e-05,-5.9384123580613e-19,5.9384128781672e-19,0.000179870723988,0.00017987066241301,-6.0967478180472e-08,-6.0967728552752e-08,5.9384041222729e-19,-5.9383929014165e-19,6.0967552891482e-08,6.0967646873098e-08,0.00017987075840308,0.00017987081994392,6.5492573304277e-05,6.5334182824536e-37,-8.1634726577855e-37,-147.34843463552,172.29784460021,329.01485761448,100000153.44456,-4.9002470548472e-14,-0.0020328133543582,0.0014239856508389,-64.939092334028,-3.8923034778108e-07,-168.75594791974,147.43404456441
22.675000000001,-4.7730687259315e-35,-1.5910317848378e-35,2.7112303726294e-54,0.0034720109182354,1.7316800466811,3.3232053577709,-9.6218314864922e-50,-1.7146184046579e-29,7.3597229901663e-19,-7.4307356167223e-05,-5.1532913065191e-19,5.1532917578615e-19,0.00015608990793076,0.00015608985449663,-5.2906931405887e-08,-5.2907148676298e-08,5.1532841595892e-19,-5.153274422249e-19,5.2906996239309e-08,5.290707779556e-08,0.0001560899377958,0.00015608999120029,5.6833760995453e-05,1.4578589928947e-35,-1.7146184046579e-35,-147.35033706662,172.30187114846,329.01485761448,100000153.44456,-4.9099615066085e-14,-0.0019718689362565,0.0013241229619659,-69.021501848714,-4.1337827498115e-07,-179.28411615049,156.62791246884
22.775000000001,-7.2795100508343e-34,-2.4265162170326e-34,5.1602817897554e-53,0.0034720109182354,1.7316572526009,3.4203306539606,-1.7290945702269e-48,-3.013404841517e-28,6.3866896094084e-19,-6.4483136141119e-05,-4.4719715790359e-19,4.471971970706e-19,0.00013545316779543,0.00013545312142586,-4.5912074343987e-08,-4.5912262888947e-08,4.4719653770059e-19,-4.4719569270452e-19,4.5912130605744e-08,4.5912201379394e-08,0.000135453193712,0.00013545324005585,4.9319735443611e-05,2.7124286595671e-34,-3.013404841517e-34,-147.35224299327,172.30589745218,329.01485761448,100000153.44456,-4.9231454053225e-14,-0.0019109772556622,0.0012242502995409,-73.102191308899,-4.3748145493858e-07,-189.7993781778,165.81008341462
22.875000000001,-9.472977393079e-33,-3.1576750952348e-33,8.3519740283009e-52,0.0034720109182354,1.7316344379526,3.5147761664309,-2.6506570627042e-47,-4.518844362024e-27,5.5423015542062e-19,-5.5957782123706e-05,-3.8807295404406e-19,3.8807298803278e-19,0.0001175448234229,0.00011754478318388,-3.9842011520125e-08,-3.9842175137442e-08,3.8807241583847e-19,-3.8807168255984e-19,3.9842060343481e-08,3.9842121760104e-08,0.00011754484591302,0.00011754488612972,4.2799143706544e-05,4.292576472278e-33,-4.518844362024e-33,-147.3541520457,172.30992629557,329.01485761448,100000153.44456,-4.9349415252555e-14,-0.0018501382538806,0.0011243676615709,-77.181161747512,-4.6153501163093e-07,-200.30174582745,174.98056903306
22.975000000001,-1.0693280350924e-31,-3.5644440134035e-32,1.1690452135559e-50,0.0034720109182354,1.7316116027586,3.606752417996,-3.5240225612914e-46,-5.8781057872213e-26,4.8095505490836e-19,-4.8559570262704e-05,-3.3676559655809e-19,3.3676562605314e-19,0.00010200415197662,0.00010200411705763,-3.4574475334671e-08,-3.4574617320045e-08,3.3676512950899e-19,-3.3676449317756e-19,3.4574517703062e-08,3.4574570999757e-08,0.00010200417149332,0.00010200420639294,3.7140643305107e-05,5.8761889310488e-32,-5.8781057872213e-32,-147.35606148,172.31396050025,329.01485761448,100000153.44456,-4.9481254239692e-14,-0.0017893518723209,0.0010244750460628,-81.25841419594,-4.8555129210348e-07,-210.79123091273,184.13938094595
23.075000000001,-1.0618783811001e-30,-3.5396110036075e-31,1.4355976587157e-49,0.0034720109182354,1.731588747041,3.6964437366192,-4.1208480828414e-45,-6.7264635767417e-25,4.1736769928433e-19,-4.2139480419105e-05,-2.9224161550885e-19,2.9224164110434e-19,8.8518122002157e-05,8.8518091699825e-05,-3.0003363260511e-08,-3.0003486473913e-08,2.9224121020858e-19,-2.9224065800692e-19,3.0003400027351e-08,3.0003446277658e-08,8.8518138938536e-05,8.851816922406e-05,3.2230256627922e-05,7.0584740984873e-31,-6.7264635767417e-31,-147.35797305668,172.31798781316,329.01485761448,100000153.44456,-4.9613093226832e-14,-0.0017286180524971,0.00092457245102326,-85.333949683983,-5.0951688280829e-07,-221.26784523439,193.2865307651
23.175000000001,-9.3889296355741e-30,-3.1296571424616e-30,1.5658339901054e-48,0.0034720109182354,1.7315658708223,3.7840126032643,-4.2898900716201e-44,-6.8535199183707e-24,3.6218726599949e-19,-3.6568194495659e-05,-2.536041766383e-19,2.536041988498e-19,7.6815088120967e-05,7.6815061824924e-05,-2.6036600649134e-08,-2.6036707572419e-08,2.5360382492303e-19,-2.5360334572828e-19,2.6036632555009e-08,2.6036672690535e-08,7.6815102818177e-05,7.6815129099634e-05,2.7969075111816e-05,7.5319008029221e-30,-6.8535199183707e-30,-147.35988818126,172.32202215882,329.01485761448,100000153.44456,-4.9744932213966e-14,-0.0016679367360285,0.00082465987445806,-89.407769239933,-5.3343588165234e-07,-231.73160058073,202.42203009194
23.275000000001,-7.4690723452637e-29,-2.489701450265e-29,1.5332056682546e-47,0.0034720109182354,1.7315429741246,3.8696031136895,-4.0175195733724e-43,-6.2827509885058e-23,3.1430227082049e-19,-3.1733491618137e-05,-2.2007501668237e-19,2.2007503595727e-19,6.6659319352574e-05,6.6659296533147e-05,-2.259428609641e-08,-2.2594378883303e-08,2.2007471146758e-19,-2.2007429562745e-19,2.259431378399e-08,2.2594348613174e-08,6.6659332106657e-05,6.6659354913427e-05,2.4271266953943e-05,7.2160280377024e-29,-6.2827509885058e-29,-147.3618024328,172.32605658835,329.01485761448,100000153.44456,-4.9842076731578e-14,-0.0016073078646379,0.00072473731437238,-93.479873890529,-5.5731915533779e-07,-242.18250872758,211.5458905173
23.375000000001,-5.3947777156431e-28,-1.7982666706577e-28,1.3602829387284e-46,0.0034720109182354,1.7315200569702,3.9533437653674,-3.4156746671667e-42,-5.2292851971099e-22,2.7274817950958e-19,-2.753798770125e-05,-1.9097876702883e-19,1.9097878375538e-19,5.7846250850496e-05,5.7846231048039e-05,-1.9607082010662e-08,-1.9607162530145e-08,1.9097850216667e-19,-1.9097814130501e-19,1.960710603765e-08,1.9607136262047e-08,5.7846261918355e-05,5.7846281709828e-05,2.1062348225476e-05,6.2649354485045e-28,-5.2292851971099e-28,-147.36372049541,172.3300929328,329.01485761448,100000153.44456,-4.9960037930909e-14,-0.0015467313801525,0.00062480476877096,-97.550264660946,-5.8114705196791e-07,-252.62058143831,220.65812362123
23.475000000001,-3.5661161794323e-27,-1.1887101397699e-27,1.1024668122835e-45,0.0034720109182354,1.7314971193812,4.0353497236898,-2.6574588607169e-41,-3.9833627583065e-21,2.3668797947782e-19,-2.3897173867901e-05,-1.6572934995385e-19,1.6572936446897e-19,5.0198363409022e-05,5.0198346224659e-05,-1.7014817964702e-08,-1.7014887838656e-08,1.6572912010927e-19,-1.6572880695735e-19,1.7014838815068e-08,1.7014865043479e-08,5.0198373013592e-05,5.0198390188422e-05,1.8277682562391e-05,4.9692034977276e-27,-3.9833627583065e-27,-147.36564080771,172.3341334517,329.01485761448,100000153.44456,-5.0050243554629e-14,-0.0014862072245034,0.00052486223565771,-101.61894257485,-6.0492757328693e-07,-263.04583046388,229.7587409728
23.575000000001,-2.1726024840335e-26,-7.2420362640777e-27,8.2209602918986e-45,0.0034720109182354,1.7314741613799,4.115724681652,-1.9053780546251e-40,-2.7965349083649e-20,2.0539532007151e-19,-2.0737714210206e-05,-1.4381817342018e-19,1.4381818601626e-19,4.3561607742857e-05,4.3561592830449e-05,-1.4765278699529e-08,-1.4765339335406e-08,1.438179739635e-19,-1.4381770221358e-19,1.4765296793256e-08,1.4765319553993e-08,4.3561616077601e-05,4.3561630981737e-05,1.5861179213031e-05,3.6267429102632e-26,-2.7965349083649e-26,-147.36756203139,172.33817155265,329.01485761448,100000153.44456,-5.0140449178334e-14,-0.0014257353397251,0.00042490971303602,-105.68590865437,-6.2867429423076e-07,-273.45826754287,238.84775413006
23.675000000001,-1.2275166952599e-25,-4.0917376400781e-26,5.676199946298e-44,0.0034720109182354,1.7314511829882,4.1945623987418,-1.2668472180927e-39,-1.8207611877086e-19,1.7823988189156e-19,-1.7995968604548e-05,-1.2480388664819e-19,1.2480389757893e-19,3.7802301514903e-05,3.7802288574074e-05,-1.2813152366781e-08,-1.2813204985952e-08,1.2480371356179e-19,-1.2480347774009e-19,1.2813168068325e-08,1.2813187819852e-08,3.7802308747706e-05,3.7802321681357e-05,1.3764163217581e-05,2.4510909103204e-25,-1.8207611877086e-25,-147.369487448,172.34221307216,329.01485761448,100000153.44456,-5.0306982634993e-14,-0.0013653156679554,0.000324947198909,-109.7511639201,-6.5237570354729e-07,-283.85790440147,247.92517463995
23.775000000001,-6.4675414590718e-25,-2.1558549873986e-25,3.6494263777436e-43,0.0034720109182354,1.7314281842283,4.2719479841825,-7.8541990254382e-39,-1.1054787813174e-18,1.5467468044383e-19,-1.5616710826138e-05,-1.0830349010891e-19,1.0830349959449e-19,3.2804436609849e-05,3.2804425379934e-05,-1.1119117824683e-08,-1.1119163487042e-08,1.0830333990637e-19,-1.083031352628e-19,1.1119131450317e-08,1.1119148590483e-08,3.2804442886398e-05,3.2804454110084e-05,1.1944394961792e-05,1.5426398815023e-24,-1.1054787813174e-24,-147.37141134651,172.34625750651,329.01485761448,100000153.44456,-5.0404127152611e-14,-0.0013049481514348,0.00022497469127899,-113.81470939109,-6.7602552768513e-07,-294.24475275351,256.99101403823
23.875000000001,-3.1934707582181e-24,-1.0644940114091e-24,2.1959190852856e-42,0.0034720109182354,1.7314051651221,4.3479589745957,-4.5631486661514e-38,-6.2901318220456e-18,1.3422504838145e-19,-1.3552016142414e-05,-9.3984620870305e-20,9.398462910179e-20,2.8467342414728e-05,2.8467332669528e-05,-9.6490526031455e-09,-9.6490922284567e-09,9.3984490526132e-20,-9.398431293861e-20,9.6490644273259e-09,9.6490793013799e-09,2.8467347861452e-05,2.8467357601247e-05,1.0365219356091e-05,9.087028337683e-24,-6.2901318220456e-24,-147.37333875795,172.35030054582,329.01485761448,100000153.44456,-5.0542905033653e-14,-0.0012446327325073,0.00012499218814707,-117.87654608491,-6.9962968878843e-07,-304.61882430049,266.04528384946
23.975000000001,-1.4843133584315e-23,-4.9477281893033e-24,1.2422267718105e-41,0.0034720109182354,1.7313821256918,4.422666244959,-2.495411781355e-37,-3.3690543394287e-17,1.1647907441158e-19,-1.1760295978384e-05,-8.1558857902477e-20,8.1558865045673e-20,2.4703658038558e-05,2.4703649581776e-05,-8.3733455842681e-09,-8.3733799706931e-09,8.1558744791185e-20,-8.1558590682616e-20,8.3733558451665e-09,8.3733687527129e-09,2.4703662765167e-05,2.4703671217258e-05,8.9948275022345e-06,5.0326480114562e-23,-3.3690543394287e-23,-147.37527150984,172.35434654688,329.01485761448,100000153.44456,-5.0646988445177e-14,-0.0011843693536185,2.4999687514888e-05,-121.93667501756,-7.2319358003096e-07,-314.9801307316,275.08799558696
24.075000000001,-6.520232891508e-23,-2.1734182337743e-23,6.6336269757557e-41,0.0034720109182354,1.7313590659592,4.4961347833334,-1.2896536260565e-36,-1.705419196841e-16,1.0107930627986e-19,-1.0205460209437e-05,-7.077591249249e-20,7.0775918691279e-20,2.1437572626016e-05,2.143756528731e-05,-7.2663005537689e-09,-7.2663303939442e-09,7.0775814335709e-20,-7.0775680601926e-20,7.2663094580678e-09,7.2663206590998e-09,2.1437576727717e-05,2.1437584062352e-05,7.8056159754426e-06,2.6312303612399e-22,-1.705419196841e-22,-147.37720240711,172.35839470045,329.01485761448,100000153.44456,-5.0785766326214e-14,-0.0011241579573172,-7.5002812617344e-05,-125.99509720357,-7.4671369083212e-07,-325.32868372374,284.11916075278
24.175000000001,-2.7167193699993e-22,-9.0557607615371e-23,3.3563664340317e-40,0.0034720109182354,1.7313359859462,4.5684243534626,-6.3216236532454e-36,-8.188388504881e-16,8.771555070841e-20,-8.8561902079046e-06,-6.1418586747919e-20,6.1418592127163e-20,1.8603298320266e-05,1.8603291951815e-05,-6.3056186092333e-09,-6.3056445042211e-09,6.1418501568506e-20,-6.1418385515746e-20,6.3056263362895e-09,6.3056360564264e-09,1.8603301879678e-05,1.8603308244597e-05,6.7736308162233e-06,1.3034945005997e-21,-8.188388504881e-22,-147.37913651469,172.36244288316,329.01485761448,100000153.44456,-5.0931483101159e-14,-0.0010639984862536,-0.00017501531424997,-130.05181365593,-7.701902766465e-07,-335.66449494153,293.13879083774
24.275000000001,-1.0771940429552e-21,-3.5906582339817e-22,1.6143930908146e-39,0.0034720109182354,1.7313128856748,4.6395900644639,-2.9487237506966e-35,-3.7413921238709e-15,7.6118625258243e-20,-7.6853080004893e-06,-5.3298398639679e-20,5.3298403307729e-20,1.6143745116113e-05,1.6143739589639e-05,-5.471948999479e-09,-5.471971470875e-09,5.3298324721886e-20,-5.3298224012531e-20,5.4719557049365e-09,5.4719641399682e-09,1.6143748204933e-05,1.6143753728342e-05,5.8780850323025e-06,6.1390204455455e-21,-3.7413921238709e-21,-147.38107244105,172.36649599552,329.01485761448,100000153.44456,-5.1056383194394e-14,-0.0010038908831801,-0.00027503781938343,-134.10682538612,-7.936188420814e-07,-345.98757603735,302.14689732136
24.375000000001,-4.076669723407e-21,-1.3588941301935e-21,7.4044546592854e-39,0.0034720109182354,1.7312897651668,4.7096828630523,-1.3127620460905e-34,-1.6316628991103e-14,6.605493626171e-20,-6.6692288294407e-06,-4.6251785460536e-20,4.6251789511421e-20,1.4009370910921e-05,1.4009366115105e-05,-4.7484993477174e-09,-4.7485188481567e-09,4.6251721315459e-20,-4.6251633920948e-20,4.7485051666424e-09,4.7485124864735e-09,1.4009373591367e-05,1.4009378384522e-05,5.1009398916658e-06,2.757078226847e-20,-1.6316628991103e-20,-147.38301028649,172.3705465828,329.01485761448,100000153.44456,-5.1153527712009e-14,-0.00094383509095036,-0.00037507033001933,-138.16013340414,-8.1701581787328e-07,-356.29793865134,311.14349167189
24.475000000001,-1.4765938390944e-20,-4.9219944122622e-21,3.2473354686588e-38,0.0034720109182354,1.7312666244441,4.7787499607973,-5.5932906328455e-34,-6.8103838565202e-14,5.7321773609752e-20,-5.787486089638e-06,-4.0136809226663e-20,4.0136812741979e-20,1.2157183588246e-05,1.2157179426488e-05,-4.1206974073442e-09,-4.1207143296187e-09,4.0136753562246e-20,-4.0136677722216e-20,4.1207024569456e-09,4.1207088090175e-09,1.2157185914309e-05,1.2157190073758e-05,4.4265415721122e-06,1.1840339796615e-19,-6.8103838565202e-20,-147.3849502473,172.37459975907,329.01485761448,100000153.44456,-5.1306183380859e-14,-0.00088383105251912,-0.00047511284815938,-142.21173871845,-8.4035531619174e-07,-366.59559441143,320.12858534634
24.575000000001,-5.1314664145798e-20,-1.7104938865745e-20,1.3652596396328e-37,0.0034720109182354,1.7312434635283,4.8468352065953,-2.2864435363165e-33,-2.727329820253e-13,4.9743227618136e-20,-5.0223190690867e-06,-3.4830297660014e-20,3.4830300710567e-20,1.0549875026214e-05,1.0549871414685e-05,-3.5758975371989e-09,-3.5759122221694e-09,3.4830249355022e-20,-3.4830183541848e-20,3.5759019191895e-09,3.5759074314501e-09,1.0549877044747e-05,1.0549880654273e-05,3.8413058458562e-06,4.8746868276903e-19,-2.727329820253e-19,-147.38689504893,172.37865795011,329.01485761448,100000153.44456,-5.1424144580192e-14,-0.00082387871094248,-0.00057516537580618,-146.26164233604,-8.6364907507753e-07,-376.88055493339,329.10218979042
24.675000000001,-1.7148982914651e-19,-5.7163442630891e-20,5.5153075011813e-37,0.0034720109182354,1.7312202824413,4.9139794127048,-8.9878947302183e-33,-1.0503164737309e-12,4.3166645727247e-20,-4.3583151765072e-06,-3.022536316313e-20,3.0225365810368e-20,9.1550695613936e-06,9.1550664273485e-06,-3.1031259839063e-09,-3.103138727368e-09,3.022532124457e-20,-3.0225264132595e-20,3.1031297865512e-09,3.1031345700326e-09,9.1550713130558e-06,9.1550744453625e-06,3.3334444385785e-06,1.9284480366526e-18,-1.0503164737309e-18,-147.38883827877,172.38271430423,329.01485761448,100000153.44456,-5.1521289097813e-14,-0.00076397800937734,-0.00067522791496309,-150.30984526239,-8.8690231788571e-07,-387.15283182077,338.0643164386
24.775000000001,-5.5228512502433e-19,-1.8409556616654e-19,2.145464897324e-36,0.0034720109182354,1.7311970812048,4.9802206412312,-3.4046509147096e-32,-3.8979011761079e-12,3.7459557663729e-20,-3.7820994071644e-06,-2.6229249811776e-20,2.6229252109021e-20,7.9446716812333e-06,7.9446689615482e-06,-2.6928598405919e-09,-2.6928708992329e-09,2.6229213435294e-20,-2.6229163874127e-20,2.6928631404869e-09,2.6928672915413e-09,7.9446732013111e-06,7.9446759194877e-06,2.8927275190436e-06,7.3464511931241e-18,-3.8979011761079e-18,-147.39078364091,172.38677423813,329.01485761448,100000153.44456,-5.1660066978849e-14,-0.00070412889108106,-0.00077530046763376,-154.3563485015,-9.1011986296438e-07,-397.41243666504,347.0149767141
24.875000000001,-1.7173409687385e-18,-5.7244858830851e-19,8.0524511446349e-36,0.0034720109182354,1.7311738598404,5.0455944567726,-1.2452181182841e-31,-1.3967214146226e-11,3.2507007128334e-20,-3.2820646511233e-06,-2.2761464997966e-20,2.2761466991491e-20,6.8942995100382e-06,6.8942971499455e-06,-2.3368352295978e-09,-2.3368448261692e-09,2.2761433430841e-20,-2.2761390422186e-20,2.3368380932117e-09,2.3368416954527e-09,6.8943008291594e-06,6.8943031879431e-06,2.5102774287034e-06,2.7003033108659e-17,-1.3967214146226e-17,-147.39273086247,172.39083283449,329.01485761448,100000153.44456,-5.1791905965988e-14,-0.00064433129941135,-0.0008753830358225,-158.40115305587,-9.3328585505467e-07,-407.65938104547,355.9541820289
24.975000000001,-5.1652763329518e-18,-1.7217634942255e-18,2.9213393764963e-35,0.0034720109182354,1.7311506183698,5.1101341499843,-4.4050750583913e-31,-4.8409774626626e-11,2.8209236262919e-20,-2.8481369587251e-06,-1.9752158089575e-20,1.9752159819534e-20,5.982791726013e-06,5.9827896780229e-06,-2.0278808454764e-09,-2.0278891732794e-09,1.9752130695958e-20,-1.9752093373503e-20,2.0278833304902e-09,2.0278864564768e-09,5.9827928707798e-06,5.9827949176338e-06,2.1783891538972e-06,9.5940985212893e-17,-4.8409774626626e-17,-147.39468093052,172.39489471917,329.01485761448,100000153.44456,-5.1923744953124e-14,-0.0005845851778257,-0.00097547562153412,-162.44425992651,-9.5640998046987e-07,-417.89367652929,364.88194378378
25.075000000001,-1.5051898609365e-17,-5.0173130259479e-18,1.0261629350325e-34,0.0034720109182354,1.7311273568146,5.1738709360549,-1.5097850978474e-30,-1.6256190610329e-10,2.4479676255417e-20,-2.47156962395e-06,-1.7140713448318e-20,1.7140714949559e-20,5.1917750131016e-06,5.1917732361238e-06,-1.7597735053647e-09,-1.7597807321439e-09,1.7140689676428e-20,-1.7140657288397e-20,1.7597756618333e-09,1.7597783745314e-09,5.1917760066762e-06,5.1917777826679e-06,1.8903728568746e-06,3.3005390716153e-16,-1.6256190610329e-16,-147.39663366562,172.3989569204,329.01485761448,100000153.44456,-5.2055583940264e-14,-0.00052489046988164,-0.0010755782267746,-166.48567011298,-9.7949670525952e-07,-428.11533467161,373.79827336827
25.175000000001,-4.2560898879444e-17,-1.4187003749394e-17,3.4955126020767e-34,0.0034720109182354,1.7311040751964,5.2368341314493,-5.0210841791122e-30,-5.2970355596071e-10,2.1243203608069e-20,-2.1447576713529e-06,-1.4874529465626e-20,1.4874530768387e-20,4.505274372501e-06,4.5052728312604e-06,-1.5271127971295e-09,-1.5271190684519e-09,1.4874508836632e-20,-1.4874480730642e-20,1.5271146684902e-09,1.5271170225408e-09,4.5052752352261e-06,4.5052767756106e-06,1.6404120651381e-06,1.1011178729591e-15,-5.2970355596071e-16,-147.39858888011,172.40302553094,329.01485761448,100000153.44456,-5.2166606245698e-14,-0.00046524711923625,-0.0011756908535497,-170.5253846133,-1.0025307193072e-06,-438.32436701547,382.70318216072
25.275000000001,-1.1693735726873e-16,-3.8979220196897e-17,1.1563710695933e-33,0.0034720109182349,1.7310807735367,5.2990513117585,-1.6226306744187e-29,-1.6772354355702e-09,1.8434626945264e-20,-1.8610564737667e-06,-1.2907959022763e-20,1.2907960153285e-20,3.9093321111495e-06,3.9093307762132e-06,-1.3252123003556e-09,-1.3252177425428e-09,1.290794112114e-20,-1.2907916731059e-20,1.3252139243026e-09,1.3252159671227e-09,3.9093328614209e-06,3.9093341956128e-06,1.4234251741098e-06,3.5676472789411e-15,-1.6772354355702e-15,-147.40054481831,172.40708770617,329.01485761448,100000153.44456,-5.2263750763309e-14,-0.00040565506964673,-0.0012758135038664,-174.56340442404,-1.0255311910239e-06,-448.5207850918,391.59668152822
25.375000000001,-3.1255985686078e-16,-1.0418688454073e-16,3.7201727559034e-33,0.0034720109182325,1.731057451857,5.3605484530697,-5.1022058302833e-29,-5.1674698530848e-09,1.599737388081e-20,-1.6145650039856e-06,-1.1201390032922e-20,1.1201391013977e-20,3.3915525401037e-06,3.3915513894651e-06,-1.1500051890699e-09,-1.1500099117422e-09,1.1201374498083e-20,-1.120135333263e-20,1.1500065983139e-09,1.1500083710516e-09,3.3915531960991e-06,3.3915543460874e-06,1.2349003378118e-06,1.1241295224363e-14,-5.1674698530848e-15,-147.40250305528,172.41115692402,329.01485761448,100000153.44456,-5.2402528644357e-14,-0.00034611426496648,-0.001375946179732,-178.59973054027,-1.0484788707987e-06,-458.70460041952,400.47878282674
25.475000000001,-8.1335030032511e-16,-2.7111744579855e-16,1.1653501530019e-32,0.0034720109182266,1.7310341101787,5.4213500589078,-1.5629662717537e-28,-1.5510341975633e-08,1.3882351493494e-20,-1.3997694983437e-06,-9.720447544161e-21,9.7204483955103e-21,2.9403534535213e-06,2.9403524784101e-06,-9.9796231477932e-10,-9.9796641306429e-10,9.7204340631929e-21,-9.7204156960367e-21,9.9796353770626e-10,9.9796507606925e-10,2.9403540374434e-06,2.9403550119773e-06,1.0706248087518e-06,3.4489311059967e-14,-1.5510341975633e-14,-147.40446472133,172.41522870631,329.01485761448,100000153.44456,-5.250661205588e-14,-0.00028662464915082,-0.0014760888831544,-182.63436395557,-1.071392035896e-06,-468.87582450543,409.34949740093
25.575000000001,-2.0596170117927e-15,-6.865406898339e-16,3.558678650175e-32,0.0034720109182096,1.7310107485234,5.4814792745104,-4.6697773911975e-28,-4.5407274399542e-08,1.2046957454828e-20,-1.2107689721909e-06,-8.435301329265e-21,8.4353020680572e-21,2.5433392441076e-06,2.543338466348e-06,-8.660211197811e-10,-8.6602467622936e-10,8.4352896306242e-21,-8.4352736918004e-21,8.6602218102414e-10,8.6602351599924e-10,2.5433397934367e-06,2.5433405706574e-06,9.2609773844036e-07,1.0315671460031e-13,-4.5407274399542e-14,-147.40642885758,172.41929948169,329.01485761448,100000153.44456,-5.2624573255208e-14,-0.00022718616624841,-0.0015762416161422,-186.66730566185,-1.0942539747835e-06,-479.03446884387,418.20883658395
25.675000000001,-5.0538109379364e-15,-1.6846076693101e-15,1.0605679379925e-31,0.0034720109181612,1.7309873669124,5.5409579899456,-1.3622811626625e-27,-1.2979524139423e-07,1.0454221882319e-20,-1.0393466912728e-06,-7.3200650098598e-21,7.3200656509768e-21,2.1832498292858e-06,2.1832493497485e-06,-7.5152394883946e-10,-7.5152703508757e-10,7.3200548579045e-21,-7.3200410263611e-21,7.5152486977492e-10,7.5152602825216e-10,2.1832504269445e-06,2.1832509059066e-06,7.9506897729682e-07,3.0111559606013e-13,-1.2979524139423e-13,-147.4083913321,172.4233737698,329.01485761448,100000153.44456,-5.2749473348444e-14,-0.00016779876040449,-0.0016764043807046,-190.6985566491,-1.1170737710582e-06,-489.18054491611,427.05681169684
25.775000000001,-1.1818687354595e-14,-3.9395713334067e-15,3.0878315749458e-31,0.003472010918026,1.7309639653671,5.5998069333694,-3.884191202004e-27,-3.626271095306e-07,9.0720626113988e-21,-8.6997973239194e-07,-6.3522745964742e-21,6.3522751528314e-21,1.8274777168012e-06,1.8274778459644e-06,-6.5216451658761e-10,-6.52167194801e-10,6.3522657867185e-21,-6.3522537838488e-21,6.5216531576564e-10,6.5216632107991e-10,1.8274785710935e-06,1.8274784411328e-06,6.6575837632323e-07,8.5869586090802e-13,-3.626271095306e-13,-147.41035825923,172.42744412248,329.01485761448,100000153.44456,-5.2881312335576e-14,-0.00010846237584892,-0.0017765771788515,-194.72811790465,-1.1398599287933e-06,-499.31406418834,435.89343404683
25.875000000001,-2.4764437536104e-14,-8.2548278902028e-15,8.7913232280694e-31,0.0034720109176537,1.7309405439088,5.6580457555412,-1.0834520182474e-26,-9.9115488044458e-07,7.8726388294039e-21,-6.6694025899371e-07,-5.5124359018874e-21,5.5124363846955e-21,1.400972899198e-06,1.4009745001005e-06,-5.6594145218997e-10,-5.6594377631515e-10,5.5124282568845e-21,-5.5124178409132e-21,5.6594214570819e-10,5.6594301810926e-10,1.4009745518625e-06,1.400972949458e-06,5.110831101491e-07,2.3946146589583e-12,-9.9115488044458e-13,-147.41232650007,172.43152203242,329.01485761448,100000153.44456,-5.2964579065393e-14,-4.9176956874797e-05,-0.0018767600125931,-198.75599041108,-1.1626008564765e-06,-509.43503810666,444.71871492291
25.975000000001,-3.393014141693e-14,-1.1310044071536e-14,2.4498245105544e-30,0.0034720109166492,1.730917102559,5.7156931065446,-2.9592445706104e-26,-2.6527055995533e-06,6.8317899101378e-21,-3.4142528286397e-07,-4.7836316120779e-21,4.7836320310734e-21,7.1719551827127e-07,7.1720088780323e-07,-4.9111798510229e-10,-4.9112000195345e-10,4.7836249778519e-21,-4.7836159389603e-21,4.9111858693003e-10,4.9111934399042e-10,7.1719937550192e-07,7.1719400251309e-07,2.6375024863973e-07,6.5360633271722e-12,-2.6527055995533e-12,-147.41429967004,172.435599811,329.01485761448,100000153.44456,-5.3096418052532e-14,1.0057552211914e-05,-0.0019769528839407,-202.78217514096,-1.185300484416e-06,-519.5434780838,453.5326655843
26.075000000001,8.620466201716e-14,2.873515581994e-14,6.6875459076377e-30,0.0034720109139958,1.7308936413391,5.7727667055072,-7.9209612517315e-26,-6.9577092477914e-06,5.9285477915752e-21,3.307255253458e-07,-4.151179852214e-21,4.1511802158664e-21,-6.947263798192e-07,-6.9471129175659e-07,-4.2618695887033e-10,-4.2618870907229e-10,4.1511740951735e-21,-4.1511662512607e-21,4.2618748113003e-10,4.2618813809899e-10,-6.9471671812001e-07,-6.9473181479322e-07,-2.4610203060596e-07,1.747639509585e-11,-6.9577092477914e-12,-147.41627296569,172.43967956412,329.01485761448,100000153.44456,-5.322131814577e-14,6.9241207230521e-05,-0.0020771557949056,-206.80667304383,-1.2079225690668e-06,-529.63939546655,462.33529723208
26.175000000001,1.2815177064221e-12,4.2717488022247e-13,1.7897769760609e-29,0.003472010907121,1.7308701602709,5.8292834039014,-2.0794248462645e-25,-1.7898443649376e-05,5.1447122080047e-21,1.9112208401409e-06,-3.6023367634355e-21,3.6023370791459e-21,-4.0147199371293e-06,-4.014680046096e-06,-3.6984046584401e-10,-3.6984198465047e-10,3.6023317677209e-21,-3.602324960704e-21,3.6984091905535e-10,3.69841489166e-10,-4.0146954122177e-06,-4.0147353250631e-06,-1.4441612773466e-06,4.5813273557085e-11,-1.7898443649376e-11,-147.41825136065,172.44375974714,329.01485761449,100000153.44456,-5.3325401557293e-14,0.00012837406445541,-0.0021773687474998,-210.82948501372,-1.2304785809552e-06,-539.72280145454,471.12662093828
26.275000000001,9.7976764037887e-12,3.2659080305678e-12,4.6995967654905e-29,0.0034720108896417,1.7308466593768,5.885259242731,-5.3579623892797e-25,-4.5191661421609e-05,4.4644781375962e-21,5.7871678326387e-06,-3.1260356409719e-21,3.1260359152915e-21,-1.2156547097255e-05,-1.2156444891428e-05,-3.2094348560093e-10,-3.2094480360444e-10,3.1260313062162e-21,-3.126025398769e-21,3.2094387889268e-10,3.2094437362853e-10,-1.2156485316072e-05,-1.2156587576804e-05,-4.3817767788867e-06,1.1783202662374e-10,-4.5191661421609e-11,-147.42023072161,172.44784345983,329.01485761449,100000153.44456,-5.3429484968815e-14,0.00018745618142169,-0.0022775917437366,-214.85061181089,-1.2529148077481e-06,-549.79370690469,479.90664747556
26.375000000001,6.435303796824e-11,2.1451113041791e-11,1.2116088470043e-28,0.0034720108460037,1.7308231386813,5.9407095033591,-1.3559752093386e-24,-0.00011207251787522,3.8741030419169e-21,1.5327493378086e-05,-2.7126539346605e-21,2.7126541735899e-21,-3.2196986681856e-05,-3.2196730551744e-05,-2.7851098343067e-10,-2.7851212717857e-10,2.7126501741954e-21,-2.7126450467962e-21,2.7851132472449e-10,2.7851175405067e-10,-3.2196833252187e-05,-3.21970895186e-05,-1.1612761551548e-05,2.9756215468609e-10,-1.1207251787522e-10,-147.42221983508,172.45192972814,329.01485761449,100000153.44456,-5.3561323955962e-14,0.0002464876188408,-0.0023778247856292,-218.87005387588,-1.2751372204188e-06,-559.85212186705,488.67538691254
26.475000000001,3.947830598481e-10,1.3159495632954e-10,3.0690065183012e-28,0.0034720107389512,1.7307995982131,5.9956487506501,-3.3727732910284e-24,-0.00027316419504212,3.3615957724209e-21,3.8577662154629e-05,-2.3537954207293e-21,2.3537956302364e-21,-8.1036367666139e-05,-8.1035737724292e-05,-2.4168797929552e-10,-2.4168897182399e-10,2.353792160384e-21,-2.3537877084644e-21,2.4168827546524e-10,2.4168864802912e-10,-8.1035992703644e-05,-8.1036622978526e-05,-2.9236821023216e-05,7.3828848551135e-10,-2.7316419504212e-10,-147.42422312235,172.4560219959,329.01485761449,100000153.44457,-5.3658468473579e-14,0.00030546844508354,-0.0024780678751917,-222.88781089504,-1.2968694371981e-06,-569.89805450117,497.43284766947
26.575000000001,2.3165269908488e-09,7.7217914957961e-10,7.642650671619e-28,0.0034720104807282,1.7307760380116,6.050090864812,-8.2504520197479e-24,-0.00065478798052149,2.9163947843495e-21,9.4436048513763e-05,-2.0420648866361e-21,2.0420650737045e-21,-0.00019837267492053,-0.00019837115208508,-2.0973212360321e-10,-2.0973298489977e-10,2.0420620645182e-21,-2.0420581953217e-21,2.0973238061273e-10,2.0973270391774e-10,-0.00019837177334475,-0.00019837329698083,-7.158378410104e-05,1.8008698969364e-09,-6.5478798052149e-10,-147.42626159602,172.46012166656,329.0148576145,100000153.44458,-5.3818063036332e-14,0.00036439874649862,-0.0025783210144385,-226.90388080264,-1.3175101485892e-06,-579.93150858952,506.179034351
26.675000000001,1.3110243097383e-08,4.3701005101172e-09,1.8722471534893e-27,0.0034720098679391,1.7307524581398,6.1040490534605,-1.9860060360039e-23,-0.0015444698182491,2.528970497081e-21,0.00022658566706659,-1.7707897031743e-21,1.7707898780797e-21,-0.00047596658455219,-0.00047596296297181,-1.8199829418236e-10,-1.8199904158496e-10,1.7707872713659e-21,-1.7707838996984e-21,1.8199851720446e-10,1.8199879776046e-10,-0.00047596445111905,-0.00047596807459368,-0.00017178097553946,4.3211654548662e-09,-1.5444698182491e-09,-147.42837006363,172.46424226545,329.01485761453,100000153.44461,-5.3963779811271e-14,0.00042327865078418,-0.0026785842053849,-230.91825752495,-1.335712415464e-06,-589.95247792101,514.91394285162
26.775000000001,7.1808938680752e-08,2.3936418315061e-08,4.5144302820669e-27,0.0034720084364764,1.7307288587151,6.1575358251808,-4.7069373336527e-23,-0.0035866266629327,2.1902138172007e-21,0.0005344331982837,-1.5335916674619e-21,1.533591848817e-21,-0.0011226320728353,-0.0011226235946082,-1.5792461715505e-10,-1.5792526569368e-10,1.5335895977415e-21,-1.53358663886e-21,1.5792481067275e-10,1.5792505412548e-10,-0.0011226271023443,-0.0011226355849835,-0.00040522383402575,1.0204986931916e-08,-3.5866266629327e-09,-147.43064578782,172.46841404374,329.01485761459,100000153.44467,-5.4151129949626e-14,0.00048210837912735,-0.002778857450047,-234.9309259591,-1.3484348323711e-06,-599.96093380201,523.63754947234
26.875000000001,3.8133118158906e-07,1.2711094726321e-07,1.0720042309252e-26,0.0034720051433585,1.7307052399752,6.2105628844905,-1.0989550561748e-22,-0.0082037646881523,1.8903148103544e-21,0.0012407668882583,-1.3236018474798e-21,1.3236020734117e-21,-0.0026063587973655,-0.0026063392505311,-1.3701902709115e-10,-1.3701958977374e-10,1.3236001457307e-21,-1.3235975015907e-21,1.3701919498171e-10,1.3701940622279e-10,-0.0026063473913533,-0.0026063669483128,-0.00094090840175423,2.3730835194414e-08,-8.2037646881523e-09,-147.43328022658,172.47268800271,329.01485761473,100000153.44482,-5.4532769117281e-14,0.00054088836070824,-0.0028791407504407,-238.94185096722,-1.3489107165041e-06,-609.9567977061,532.34978708787
26.975000000001,1.9652421755699e-06,6.5508354463698e-07,2.5081963579795e-26,0.0034719976797009,1.7306816024214,6.2631408643643,-2.5288238567409e-22,-0.018488218633168,1.6164984907394e-21,0.0028374097505923,-1.1318751789441e-21,1.1318755316401e-21,-0.0059602716281261,-0.0059602272324733,-1.1884484689014e-10,-1.1884533492844e-10,1.1318739183372e-21,-1.1318714491068e-21,1.1884499248969e-10,1.188451757471e-10,-0.0059602458413088,-0.0059602902598531,-0.0021519541607519,5.4355026953522e-08,-1.8488218633168e-08,-147.43672329676,172.47718628466,329.01485761505,100000153.44515,-5.4851958239756e-14,0.00059961948034032,-0.0029794341085835,-242.95095362489,-1.3224938929897e-06,-619.93988230486,541.05049376391
27.075000000001,9.8332454280092e-06,3.2777624174822e-06,5.7849173229674e-26,0.0034719810115861,1.7306579471238,6.315278724886,-5.7378554700089e-22,-0.041054260532187,1.3482769650202e-21,0.0063935147595605,-9.440660104039e-22,9.4406666938003e-22,-0.013430236386708,-0.013430137052468,-1.0300254706549e-10,-1.0300297002413e-10,9.4406540485946e-22,-9.440628685588e-22,1.0300267320764e-10,1.0300283211379e-10,-0.013430178950571,-0.013430278335801,-0.0048495761005389,1.2263634336653e-07,-4.1054260532187e-08,-147.44192560784,172.48217600622,329.01485761577,100000153.44588,-5.5101758423144e-14,0.00065830360520589,-0.0030797375264928,-246.95806080652,-1.2379055374443e-06,-629.90976641721,549.73930379967
27.175000000001,4.7747653572177e-05,1.5915951353201e-05,1.3157596121878e-25,0.0034719443408913,1.7306342763573,6.3669824775753,-1.2842301256112e-21,-0.089787718611282,1.0474132100094e-21,0.014195023015194,-7.3340072756754e-22,7.3340208377358e-22,-0.029818107379245,-0.029817888547634,-8.9102184973513e-11,-8.9102550801944e-11,7.3340129064492e-22,-7.333982150945e-22,8.9102293986623e-11,8.9102431615567e-11,-0.029817981415435,-0.029818200358882,-0.010768476221759,2.7243404424288e-07,-8.9787718611283e-08,-147.4508954464,172.48822124905,329.01485761734,100000153.4475,-5.5323803030773e-14,0.00071694468367378,-0.0031800510061869,-250.96280024221,-1.0298975023013e-06,-639.8655349523,558.41542114955
27.275000000001,0.00022454673485357,7.4849221094151e-05,2.9521033284687e-25,0.0034718649391902,1.7306105948948,6.4182525903308,-2.836140112826e-21,-0.19313692654989,6.3681237921551e-22,0.031034332157387,-4.4589741917366e-22,4.4590031604223e-22,-0.065190808102292,-0.065190334243516,-7.6715796895974e-11,-7.6716111756545e-11,4.4590030170613e-22,-4.458957150763e-22,7.6715890526641e-11,7.6716009381466e-11,-0.065190536558308,-0.065191010658185,-0.023546064762555,5.9504127990041e-07,-1.931369265499e-07,-147.46778664982,172.49647567067,329.01485762076,100000153.45101,-5.5566664319814e-14,0.00077555097828878,-0.0032803745496849,-254.96438773895,-5.670873941534e-07,-649.80525215508,567.07716050381
27.375000000001,0.001017599630288,0.0003392012503165,6.5346510107153e-25,0.0034716961448542,1.730586912529,6.4690789586696,-6.1810652417623e-21,-0.40726822339157,-4.3388963513386e-23,0.066695625995384,3.0380497918139e-23,-3.0374262967855e-23,-0.14010102011456,-0.14010001538263,-6.5288979222392e-11,-6.5289246938165e-11,-3.0372802051336e-23,3.0380930934853e-23,6.5289058419554e-11,6.5289160330423e-11,-0.14010044695531,-0.14010145219629,-0.050610448286704,1.2735698141186e-06,-4.0726822339158e-07,-147.50087977978,172.50924275254,329.01485762804,100000153.45847,-5.5858097865586e-14,0.00083413942035985,-0.0033807081590065,-258.9612132895,3.9988478525599e-07,-659.72493811622,575.72105564784
27.475000000001,0.0043969117348048,0.001465642993745,1.426866193806e-24,0.0034713456875222,1.7305632486386,6.5194319069082,-1.3291854055416e-20,-0.83622808992415,-1.3258138201854e-21,0.14035370426859,9.2833607626063e-22,-9.2832272711144e-22,-0.29482737159533,-0.29482530192211,-5.397220294819e-11,-5.3972423722685e-11,-9.2831828088839e-22,9.2833418543332e-22,5.3972267379141e-11,5.3972353232987e-11,-0.2948261964651,-0.29482826718255,-0.10652526246788,2.6526973890335e-06,-8.3622808992421e-07,-147.56570173977,172.53085044463,329.0148576432,100000153.47396,-5.614953141014e-14,0.000892743491397,-0.0034810518361709,-262.95009434372,2.2915784672992e-06,-669.61672475448,584.34025308463
27.575000000002,0.017753264642437,0.0059177768976153,3.0714152044572e-24,0.0034706421421718,1.7305396392804,6.5692484770398,-2.8185433624988e-20,-1.6508745879647,-3.8967330120747e-21,0.28705488408039,2.7284970278064e-21,-2.728468763724e-21,-0.60298821864311,-0.60298413684159,-4.1299141873273e-11,-4.1299309616749e-11,-2.7284581425375e-21,2.7284905398484e-21,4.1299188926481e-11,4.1299258075315e-11,-0.60298591282187,-0.60298999667435,-0.21792895932336,5.3081359109951e-06,-1.6508745879649e-06,-147.68818081162,172.56845940037,329.01485767375,100000153.50505,-5.6489537209691e-14,0.00095142546310429,-0.0035814055831995,-266.9251218644,5.646979271266e-06,-679.46601217156,592.92203502762
27.675000000002,0.064780024468258,0.021593414967569,6.5090338576131e-24,0.0034692998311629,1.7305161446802,6.6184186473742,-5.8860087209728e-20,-3.069670436174,-9.1504867545254e-21,0.56331331187507,6.4071821759405e-21,-6.4071232091112e-21,-1.1832972242112,-1.1832896988386,-2.4583996366156e-11,-2.4584093398407e-11,-6.4070998159681e-21,6.4071663259702e-21,2.4584019190495e-11,2.4584068251337e-11,-1.1832929977743,-1.1833005269133,-0.42783718014957,9.9917768901814e-06,-3.0696704361746e-06,-147.90264237471,172.63144745851,329.0148577324,100000153.56436,-5.6780970748033e-14,0.001010289314841,-0.0036817694021132,-270.87645757254,1.0683725604508e-05,-689.2485202654,601.44525158671
27.775000000002,0.20419995856436,0.06806685354091,1.3554025242155e-23,0.003466924671426,1.7304928482149,6.6667894873375,-1.2082091498444e-19,-5.233400642908,-1.9861985695171e-20,1.0415308238003,1.3907387577813e-20,-1.3907266730687e-20,-2.1878416147418,-2.187829043961,1.1752411031356e-12,1.1752541557077e-12,-1.3907217205042e-20,1.3907352608647e-20,-1.1752573162948e-12,-1.1752367871531e-12,-2.1878346035267,-2.1878471805754,-0.79150423635097,1.7213956762925e-05,-5.2334006429094e-06,-148.23410462854,172.72636540117,329.01485783708,100000153.66932,-5.7037709811576e-14,0.0010694789479731,-0.0037821432949341,-274.79054922756,1.6338879760487e-05,-698.93086783703,609.8808267397
27.875000000002,0.533450030524,0.17781710355968,2.767929857539e-23,0.0034631232157743,1.7304698336909,6.7142125317821,-2.4331314220966e-19,-7.9982912113496,-4.1421630946341e-20,1.7803146072007,2.9003479197922e-20,-2.900323648881e-20,-3.7397313529869,-3.7397128275996,4.5230988306742e-11,4.5231191152653e-11,-2.9003134366242e-20,2.9003405574482e-20,-4.523107315066e-11,-4.5231099001983e-11,-3.7397211057428,-3.7397396403374,-1.3539274516024,2.652639151157e-05,-7.9982912113519e-06,-148.66643239812,172.84818466123,329.01485800646,100000153.8373,-5.7273632188292e-14,0.0011291389297172,-0.0038825272636849,-278.65390205273,2.0089409403313e-05,-708.47994137745,618.19992243887
27.975000000002,1.1397982988004,0.37993347410808,5.539019819985e-23,0.0034576829166943,1.7304471473493,6.760618879475,-4.8034434234009e-19,-10.930438448841,-8.4056135919505e-20,2.7834947865955,5.8856215381133e-20,-5.8855737979727e-20,-5.8470115934473,-5.8469876109224,1.2443416997388e-10,1.2443471617087e-10,-5.8855531975225e-20,5.8856064861351e-20,-1.2443438006202e-10,-1.2443448742009e-10,-5.8469984506036,-5.84702244502,-2.1184945692471,3.6470489202395e-05,-1.0930438448844e-05,-149.13737730321,172.97943727017,329.01485825155,100000154.07771,-5.7474860092591e-14,0.0011893488992309,-0.0039829213103887,-282.45928423947,2.0383794811354e-05,-717.87821576661,626.38728700338
28.075000000002,2.0414443392936,0.68048242030039,1.0870462260988e-22,0.00345064042017,1.7304247830599,6.8060446929007,-9.3034019140713e-19,-13.64351235552,-1.6680062414152e-19,3.9940284926348,1.1679401518291e-19,-1.1679309427666e-19,-8.3898578900689,-8.3898299780328,2.690163520287e-10,2.6901752830683e-10,-1.1679268691633e-19,1.1679371443638e-19,-2.6901679261792e-10,-2.690170478826e-10,-8.3898427409682,-8.3898706668218,-3.0419683254258,4.5718497424285e-05,-1.3643512355523e-05,-149.58705618377,173.1038363979,329.01485857167,100000154.38891,-5.7710782466186e-14,0.0012500980532362,-0.0040833254370687,-286.20805123144,1.855713030692e-05,-727.12940239506,634.4461726334
28.175000000002,3.2049467793216,1.0683167965866,2.0956176652224e-22,0.0034421629059044,1.7304027069384,6.8505786497343,-1.7706405706155e-18,-16.041513007212,-3.2456417976404e-19,5.3330440025907,2.2726026658739e-19,-2.2725852072056e-19,-11.202592417038,-11.202562154464,5.3253650097809e-10,5.3253883120485e-10,-2.2725772977236e-19,2.2725967746067e-19,-5.3253736380756e-10,-5.3253788927865e-10,-11.202576145718,-11.202606423254,-4.0641108674732,5.3923615612531e-05,-1.6041513007215e-05,-149.9980307227,173.21690352629,329.0148589593,100000154.76353,-5.8036910461478e-14,0.0013113276928421,-0.0041837396457495,-289.90603698812,1.67582569042e-05,-736.24821744616,642.38941632936
28.275000000002,4.5991611664019,1.5330551366375,3.9745460498219e-22,0.0034324028037741,1.7303808879375,6.8943006947636,-3.3164115372587e-18,-18.221585416863,-6.2050615564793e-19,6.7373956638298,4.344792346966e-19,-4.3447597616861e-19,-14.15257165126,-14.152540127783,1.008722171106e-09,1.0087265963648e-09,-4.3447446592431e-19,4.3447810085558e-19,-1.0087237998011e-09,-1.0087248165537e-09,-14.152554851847,-14.152586390888,-5.1365195680638,6.1405227516881e-05,-1.8221585416867e-05,-150.38403081566,173.32251036046,329.01485940711,100000155.19482,-5.8321405094048e-14,0.0013729840454282,-0.0042841639384566,-293.55855151583,1.5886861266674e-05,-745.24802270657,650.22867127937
28.375000000002,6.2145050231043,2.0715032996144,7.423872256263e-22,0.0034214440395947,1.7303593093274,6.9372605004257,-6.119321635222e-18,-20.30620029968,-1.1673095916985e-18,8.1691600387266,8.1735173927936e-19,-8.173457457408e-19,-17.160133808479,-17.160101627687,1.8594321001794e-09,1.8594402862148e-09,-8.1734290641265e-19,8.1734959180894e-19,-1.8594351016458e-09,-1.8594370031486e-09,-17.16011680378,-17.160149000443,-6.230063758053,6.8576709747801e-05,-2.0306200299684e-05,-150.76460244817,173.42591825189,329.01485991087,100000155.67908,-5.8605899726639e-14,0.0014350380698129,-0.004384598317215,-297.16853936233,1.5847203096377e-05,-754.13631153774,657.97047627304
28.475000000002,8.0550471122559,2.6850175473348,1.3665417765143e-21,0.0034093131152869,1.7303379664719,6.9794829717116,-1.1130424184365e-17,-22.376767165301,-2.1631289111708e-18,9.6088237470573,1.5146257830633e-18,-1.5146149133956e-18,-20.184289189989,-20.184256651711,3.360299502825e-09,3.3603143571009e-09,-1.5146096526482e-18,1.5146217759536e-18,-3.3603049341258e-09,-3.3603084107658e-09,-20.184272139513,-20.184304693823,-7.3297387470971,7.5714857590933e-05,-2.2376767165305e-05,-151.15385178546,173.53086769938,329.01486046913,100000156.21514,-5.8821005419654e-14,0.0014974816031903,-0.0044850427840512,-300.73696744486,1.6309595323037e-05,-762.91569127767,665.61711330345
28.575000000002,10.128943805343,3.376316671337,2.4799610201945e-21,0.0033960034793709,1.7303168617324,7.0209788565811,-1.996504888338e-17,-24.475220401152,-3.9513945572368e-18,11.04681307632,2.7667718447023e-18,-2.7667524028542e-18,-23.204927306434,-23.204894557757,5.9741074502594e-09,5.9741339789581e-09,-2.7667427907606e-18,2.7667644723566e-18,-5.9741171275873e-09,-5.9741233742388e-09,-23.204910290335,-23.204943055126,-8.428182871533,8.2962820500675e-05,-2.4475220401157e-05,-151.56008872221,173.63948232641,329.01486108209,100000156.80329,-5.9126316732511e-14,0.0015603185569654,-0.0045854973409916,-304.26366635818,1.703048109619e-05,-771.58596976037,673.16842591523
28.675000000002,12.444224262931,4.1480770575736,4.4383884800393e-21,0.0033814927115995,1.730296000852,7.0617520674766,-3.532692191069e-17,-26.620592069515,-7.118805583314e-18,12.478131276708,4.9845974339419e-18,-4.984563131297e-18,-26.211552007028,-26.211519126532,1.0467004587007e-08,1.04670512955e-08,-4.9845458043399e-18,4.9845840530587e-18,-1.046702158934e-08,-1.0467032646468e-08,-26.211535070996,-26.21156796765,-9.5215579941397,9.0385773657902e-05,-2.662059206952e-05,-151.988142728,173.75293981415,329.01486175074,100000157.44451,-5.948020030158e-14,0.0016235586716787,-0.0046859619900639,-307.74792234131,1.7882047487586e-05,-780.14561836377,680.62309381641
28.775000000002,15.007922900974,5.0026435103747,7.8355303520836e-21,0.0033657513509949,1.7302753910911,7.1018034026555,-6.1676551039087e-17,-28.821278375084,-1.2653472093435e-17,13.89974275994,8.8599786628885e-18,-8.859918951589e-18,-29.197786743975,-29.197753780512,1.8089847815421e-08,1.8089928965314e-08,-8.8598881263825e-18,8.8599546946232e-18,-1.8089877294161e-08,-1.8089896600686e-08,-29.197769919161,-29.197802898798,-10.607536283343,9.8012583859069e-05,-2.882127837509e-05,-152.44134562057,173.87198554153,329.01486247643,100000158.14011,-5.9771633824296e-14,0.0016872142984842,-0.0047864367332961,-311.18878103002,1.8808412800684e-05,-788.59252129806,687.97928554514
28.875000000002,17.826262450776,5.9420902727833,1.3647867255692e-20,0.0033487467268767,1.7302550404168,7.1411321538753,-1.0626791113722e-16,-31.081329427621,-2.2196266982293e-17,15.309468302972,1.554185711231e-17,-1.5541754549263e-17,-32.159053845016,-32.159020833739,3.0856957322016e-08,3.0857096519063e-08,-1.5541700413354e-17,1.5541814729476e-17,-3.085700778467e-08,-3.0857041061869e-08,-32.159037155998,-32.159070183445,-11.684448980852,0.0001058572717798,-3.1081329427627e-05,-152.92256621421,173.99723101009,329.01486326067,100000158.89154,-6.0056128451809e-14,0.0017512989992025,-0.0048869215727169,-314.58517916458,1.9787716949694e-05,-796.92430004424,695.23494103449
28.975000000002,20.904909095992,6.968306072116,2.3458292262329e-20,0.0033304444751684,1.7302349571814,7.1797367452249,-1.8073085445589e-16,-33.403108258236,-3.8434264767772e-17,16.705550368928,2.6911726302335e-17,-2.6911552444494e-17,-35.091661429658,-35.091628398413,5.1968211016935e-08,5.1968446837363e-08,-2.6911458567496e-17,2.6911652299157e-17,-5.1968296334736e-08,-5.1968352980313e-08,-35.091644897551,-35.091677944941,-12.750951359439,0.00011392810679949,-3.3403108258243e-05,-153.43469067885,174.12926148976,329.01486410505,100000159.7003,-6.0298989714532e-14,0.0018158269911477,-0.0049874165103553,-317.93599668298,2.0811723186099e-05,-805.13844152007,702.38788322466
29.075000000002,24.249091068813,8.0830336518901,3.979589619066e-20,0.0033108091384151,1.7302151499951,7.2176149903584,-3.0344792792268e-16,-35.788277503905,-6.5707219738253e-17,18.086479649404,4.6008288630528e-17,-4.6007997742252e-17,-37.992439045097,-37.992406017124,8.6438605536102e-08,8.6439000230729e-08,-4.6007836968887e-17,4.6008161013504e-17,-8.6438748041369e-08,-8.64388432987e-08,-37.992422688864,-37.992455732948,-13.805889104373,0.00012223098303585,-3.5788277503913e-05,-153.98082977617,174.26870632469,329.0148650112,100000160.56798,-6.0569606551482e-14,0.0018808129269147,-0.0050879215482412,-321.24007731595,2.1877059499119e-05,-813.2323486706,709.43586211468
29.175000000002,27.86361141046,9.2878740252291,6.6643795381889e-20,0.0032898044408517,1.730195627667,7.2547642137763,-5.0306680692802e-16,-38.238133761687,-1.1092815746914e-16,19.450917150576,7.7672055000474e-17,-7.767157455798e-17,-40.858574000751,-40.858540996018,1.420231139645e-07,1.4202376674356e-07,-7.7671302583165e-17,7.7671837607451e-17,-1.4202334916475e-07,-1.420235074533e-07,-40.858557837875,-40.858590858674,-14.848238390067,0.00013077055928905,-3.8238133761695e-05,-154.56446142573,174.41624426865,329.01486598082,100000161.49617,-6.0791651129673e-14,0.0019462717929235,-0.005188436688405,-324.49623800995,2.2981784574816e-05,-821.2033635381,716.37657484726
29.275000000002,31.752808069895,10.584273174417,1.1018557228068e-19,0.0032673934567275,1.7301763991692,7.2911813261139,-8.2360610157431e-16,-40.753713652828,-1.8495928635768e-16,20.79765209453,1.2950876028034e-16,-1.2950797687015e-16,-43.687522935983,-43.687489971987,2.3055474082699e-07,2.3055580786526e-07,-1.2950752232721e-16,1.2950839440353e-16,-2.3055512448326e-07,-2.3055538444375e-07,-43.687506982883,-43.687539962889,-15.877073561396,0.00013955061553396,-4.0753713652837e-05,-155.18949654799,174.57263677131,329.01486701561,100000162.4865,-6.1034512388109e-14,0.0020122188467915,-0.0052889619328776,-327.70327467279,2.4124316183165e-05,-829.04878124462,723.20767787888
29.375000000002,35.920491292337,11.973501180366,1.7988405272114e-19,0.0032435387462402,1.7301574736074,7.3268628839606,-1.3317541067318e-15,-43.335823319305,-3.0463654593886e-16,22.125575234894,2.1330695533128e-16,-2.1330569404491e-16,-46.476955767031,-46.476922859333,3.698507313161e-07,3.6985245547539e-07,-2.1330494342643e-16,2.1330634685438e-16,-3.6985134992828e-07,-3.6985177196389e-07,-46.47694003934,-46.476972962982,-16.891546673858,0.00014857414673704,-4.3335823319315e-05,-155.86040372425,174.73874017191,329.01486811732,100000163.54063,-6.1374518159725e-14,0.0020786695662318,-0.0053894972836912,-330.85996679412,2.5302981619231e-05,-836.76586115752,729.92679669477
29.475000000002,40.369870386523,13.456627811687,2.9001377413639e-19,0.0032182024844785,1.7301388601926,7.3618051446352,-2.127125751175e-15,-45.98504058135,-4.9570188558636e-16,23.433660341011,3.4709119341928e-16,-3.4708918823898e-16,-49.224716792734,-49.224683955368,5.8638607683413e-07,5.8638883123255e-07,-3.4708796327432e-16,3.4709019333692e-16,-5.8638706296428e-07,-5.8638774036295e-07,-49.224701305524,-49.224734158757,-17.890873305289,0.00015784336305103,-4.5985040581361e-05,-156.58227978041,174.91553827336,329.01486928769,100000164.66023,-6.1645134990804e-14,0.0021456396001554,-0.0054900427428777,-333.96508181224,2.65158874727e-05,-844.35183737766,736.53153493171
29.575000000002,45.103473979625,15.034495943004,4.6179998449057e-19,0.0031913465931994,1.7301205682119,7.3960041199582,-3.3564270738376e-15,-48.701705300341,-7.9698280531844e-16,24.72095084629,5.5804855175947e-16,-5.5804540370901e-16,-51.928796648113,-51.928763893888,9.1898414393554e-07,9.1898849495931e-07,-5.5804342789731e-16,5.5804692707891e-16,-9.1898569829974e-07,-9.1898677341954e-07,-51.928781416051,-51.928814186055,-18.874322327005,0.00016735964966628,-4.8701705300352e-05,-157.36097563166,175.10413444832,329.01487052851,100000165.84698,-6.191575182039e-14,0.0022131447183524,-0.0055905983124702,-337.01737956416,2.7760761284238e-05,-851.80392937576,743.01948362758
29.675000000002,50.123065227777,16.707693291755,7.2635082708141e-19,0.003162932880205,1.7301026069979,7.4294556309754,-5.2326678431905e-15,-51.485903315719,-1.2662535234893e-15,25.986550118296,8.8663263125736e-16,-8.8662775028248e-16,-54.587311865763,-54.587279206503,1.4238296887743e-06,1.4238364859822e-06,-8.8662460007355e-16,8.8663002213286e-16,-1.4238321116617e-06,-1.423833799169e-06,-54.587296903243,-54.587329578186,-19.841208449769,0.00017712350462829,-5.1485903315731e-05,-158.20327679801,175.30580177616,329.01487184153,100000167.10257,-6.2200246436295e-14,0.0022812007579977,-0.0056911639945019,-340.01561698212,2.903490973994e-05,-859.11935317569,749.38823094456
29.775000000002,55.429552848701,18.476522762396,1.1286027803617e-18,0.0031329231891531,1.7300849858948,7.4621553647843,-8.0607429570606e-15,-54.33744628877,-1.9883191296149e-15,27.22961441272,1.3922240945916e-15,-1.3922166202796e-15,-57.198490074998,-57.198457521733,2.1811664562601e-06,2.1811769589271e-06,-1.3922116548638e-15,1.3922199520485e-15,-2.1811701916089e-06,-2.1811728113975e-06,-57.198475396242,-57.198507965087,-20.790886825204,0.00018713446253314,-5.4337446288783e-05,-159.11704149765,175.52198969561,329.01487322855,100000168.42869,-6.2470863262934e-14,0.0023498235659139,-0.0057917397910075,-342.95855313305,3.0335163668358e-05,-866.29533331942,755.63537257059
29.875000000002,61.022898880998,20.340971699488,1.7325282256461e-18,0.0031012795616726,1.7300677142226,7.4940989342182,-1.2270844911392e-14,-57.25584880213,-3.0859782227764e-15,28.449347883735,2.1608067254306e-15,-2.1607954208654e-15,-59.760659520637,-59.760627083746,3.3040948994726e-06,3.304110952277e-06,-2.1607876826256e-15,2.160800222153e-15,-3.3041005958546e-06,-3.3041046190452e-06,-59.760645139765,-59.760677592125,-21.722749221682,0.00019739100867378,-5.7255848802144e-05,-160.11147681959,175.7544252251,329.01487469131,100000169.82701,-6.2776174557689e-14,0.0024190289359011,-0.0058923257040215,-345.84495466514,3.1657848453007e-05,-873.32911576821,761.75852293338
29.975000000002,66.90202428665,22.300680421859,2.6278723480354e-18,0.0030679644130193,1.7300508012374,7.5252819408841,-1.8461236584802e-14,-60.240303692352,-4.7346322108317e-15,29.644999208568,3.3151968867946e-15,-3.315179999198e-15,-62.272241972605,-62.272209661945,4.9499280647553e-06,4.9499523383489e-06,-3.3151680745824e-15,3.315186791118e-15,-4.949936658587e-06,-4.9499427709322e-06,-62.272227903708,-62.272260229717,-22.636221435885,0.0002078904869721,-6.0240303692367e-05,-161.197388519,176.00508633404,329.01487623158,100000171.2992,-6.3046791381571e-14,0.0024888325406602,-0.0059929217355789,-348.67360170304,3.2998603862074e-05,-880.21798184047,767.7553273143
30.075000000002,73.064713779672,24.35491049878,3.9386869372072e-18,0.0030329407220084,1.7300342560884,7.5557000418598,-2.7451860941178e-14,-63.289656443902,-7.1814077206324e-15,30.815859503568,5.0284330690414e-15,-5.0284081505517e-15,-64.731748348443,-64.731716173445,7.3345859342061e-06,7.334622250062e-06,-5.0283899784396e-15,5.0284175694948e-15,-7.3345987617044e-06,-7.3346079497788e-06,-64.731734605625,-64.731766795846,-23.530761692835,0.00021862900455443,-6.3289656443918e-05,-162.38754002392,176.27631372244,329.01487785107,100000172.84689,-6.3372919355425e-14,0.0025592498580249,-0.0060935278877163,-351.44329421688,3.4352555400551e-05,-886.95926324559,773.62347491416
30.175000000002,79.507521551732,26.502513325209,5.8339022048048e-18,0.0029961722355105,1.730018087772,7.5853490201881,-4.035004089839e-14,-66.402379425974,-1.0769724786935e-14,31.961261288894,7.5409785837745e-15,-7.5409422659917e-15,-67.137776538561,-67.137744508302,1.07504990464e-05,1.07505528093e-05,-7.5409148775926e-15,7.5409550482689e-15,-1.0750517992071e-05,-1.0750531658812e-05,-67.137763135969,-67.137795181319,-24.40585984842,0.00022960133569778,-6.6402379425991e-05,-163.69707736175,176.5709004871,329.01487955147,100000174.47168,-6.3664352858616e-14,0.0026302960913962,-0.0061941441624697,-354.15285887475,3.5714107343181e-05,-893.55035823645,779.36071288991
30.275000000002,86.225679855024,28.74189964936,8.5401149766995e-18,0.0029576236873568,1.730002305082,7.6142248591531,-5.8629075889756e-14,-69.576546753116,-1.5970255389137e-14,33.080578313242,1.1182398793647e-14,-1.118234651074e-14,-69.489011038079,-69.488979161348,1.5588438141654e-05,1.5588516907286e-05,-1.1182305681801e-14,1.118236344376e-14,-1.5588465832414e-05,-1.5588485949816e-05,-69.488997989937,-69.48902988162,-25.26103725005,0.00024080082790268,-6.9576546753134e-05,-165.14411075644,176.89218468417,329.01488133443,100000176.17513,-6.3941908572999e-14,0.0027019860844312,-0.0062947705618763,-356.80115637347,3.7077061756493e-05,-899.98874886759,784.96486135158
30.375000000002,93.213012689617,31.071010801826,1.2356663522946e-17,0.0029172610310481,1.7299869165567,7.6423238201673,-8.4219824456234e-14,-72.809810583318,-2.3419148534462e-14,34.173226086788,1.6398126395192e-14,-1.639805205269e-14,-71.784224066342,-71.784192351678,2.2363574638734e-05,2.2363688847829e-05,-1.6397991845454e-14,1.6398073872098e-14,-2.2363614693969e-05,-2.2363644002002e-05,-71.784211386954,-71.784243116419,-26.095847139237,0.00025221931298798,-7.2809810583336e-05,-166.7503423995,177.24420210288,329.01488320153,100000177.95875,-6.4205586498774e-14,0.0027743342302138,-0.0063954070879746,-359.38708922753,3.8434445703155e-05,-906.2720193093,790.43382927565
30.475000000002,100.46185710805,33.487292463811,1.7672898880451e-17,0.0028750516851892,1.7299719304234,7.6696425239463,-1.1961434252051e-13,-76.09937970807,-3.3964221697898e-14,35.238662995515,2.378180476472e-14,-2.378170035504e-14,-74.022277907686,-74.022246363429,3.1745894883799e-05,3.1746058797672e-05,-2.3781612524268e-14,2.3781727559379e-14,-3.1745952232698e-05,-3.1745994494638e-05,-74.022265611452,-74.022297170357,-26.909875499104,0.00026384702627084,-7.6099379708089e-05,-168.5419272196,177.63186804308,329.01488515431,100000179.82397,-6.4476203317876e-14,0.0028473543753263,-0.0064960537428026,-361.9096099791,3.9778720510387e-05,-912.39787513083,795.76563125988
30.575000000002,107.96299488615,35.987671890669,2.4987346835667e-17,0.0028309647900737,1.7299573545392,7.6961780344804,-1.6797931907264e-13,-79.442001335689,-4.8719507535804e-14,36.276391886541,3.4113481689548e-14,-3.411333686098e-14,-76.202128241608,-76.202096875912,4.4594830510874e-05,4.4595063385636e-05,-3.4113210095728e-14,3.4113369406127e-14,-4.4594911788982e-05,-4.4594972114297e-05,-76.202116343017,-76.202147723204,-27.702742262393,0.00027567253708011,-7.944200133571e-05,-170.55048146183,178.06123817902,329.01488719419,100000181.77217,-6.4767636818385e-14,0.0029210597194117,-0.0065967105283992,-364.36772977702,4.1101655275576e-05,-918.36416342589,800.95840500873
30.675000000002,115.70559748194,38.568539564969,3.4928186916595e-17,0.002784971473324,1.7299431963308,7.7219279451535,-2.3327544691993e-13,-82.833946999644,-6.9128078336881e-14,37.285962024702,4.8403599195869e-14,-4.8403400789476e-14,-78.322828252774,-78.322797073622,6.199762476271e-05,6.1997952300348e-05,-4.8403219760818e-14,4.8403437614302e-14,-6.1997738799719e-05,-6.1997824046226e-05,-78.322816766398,-78.322847959877,-28.474102803729,0.00028768269397805,-8.2833946999666e-05,-150.31428540442,88.539917565629,329.01488932253,100000183.80461,-6.5045192531118e-14,0.0029954627110439,-0.0066973774468043,-366.76052725363,4.2394419444761e-05,-924.16889361275,806.01042940409
30.775000000002,123.67718731533,41.225736289639,4.8274166035966e-17,0.0027370451219559,1.7299294627319,7.746890466186,-3.203770659033e-13,-86.271003543732,-9.7032438093662e-14,38.266971326746,6.7942282250483e-14,-6.7942013829398e-14,-80.383533324179,-80.383502339395,8.5310535239348e-05,8.5310991352452e-05,-6.7941758013973e-14,6.7942052152543e-14,-8.5310693649525e-05,-8.5310812916326e-05,-80.383522264655,-80.3835532636,-29.223649644575,0.00029986258815296,-8.6271003543754e-05,-85.379612606939,89.077455351697,329.01489154058,100000185.92247,-6.5343564925977e-14,0.0030705749409157,-0.006798054500058,-369.087157611,4.3647678513556e-05,-929.81025869896,810.92014297853
30.875000000002,131.86361840595,43.954546734027,6.5974735531652e-17,0.0026871616577057,1.7299161601199,7.7710645124139,-4.3518455334834e-13,-89.74847012335,-1.3475097874165e-13,39.219068783158,9.4352873618792e-14,-9.4352515026029e-14,-82.383506124448,-82.383475341687,0.00011620149263834,0.00011620212156116,-9.4352157277385e-14,9.4352549341877e-14,-0.00011620171052323,-0.00011620187574538,-82.383495506455,-82.383526303202,-29.951114302121,0.00031219553841452,-8.9748470123374e-05,-65.802183945303,-0.31382528287631,329.01489384947,100000188.12682,-6.5586426170469e-14,0.003146407033566,-0.0068987416902016,-371.34686181056,4.4851621171391e-05,-935.28665675904,815.6861625723
30.975000000002,140.24907930395,46.749700410778,8.9167881712853e-17,0.0026352998119334,1.7299032942525,7.7944497902552,-5.8472019824241e-13,-93.261162119774,-1.8515806935382e-13,40.141956979032,1.2964801254225e-13,-1.2964753953649e-13,-84.322121903194,-84.322091329946,0.00015669231985822,0.00015669317862927,-1.2964704438065e-13,1.2964756022764e-13,-0.00015669261662857,-0.00015669284328251,-84.322111741428,-84.322142328482,-30.656269214456,0.00032466310108512,-9.3261162119798e-05,88.351679707241,-89.617905994596,329.01489625021,100000190.4186,-6.590561524929e-14,0.0032229685390742,-0.006999439019276,-373.53897574166,4.5996142682891e-05,-940.5967123319,820.3073019195
31.075000000002,148.81612100821,49.605380981982,1.1919385063531e-16,0.0025814413959382,1.7298908702054,7.817046882568,-7.7719691183539e-13,-96.803422781411,-2.5176433581877e-13,41.03539462623,1.7628584681234e-13,-1.762852308452e-13,-86.198873810074,-86.19884345364,0.00020919810572802,0.00020919926705785,-1.7628455248417e-13,1.7628522232036e-13,-0.00020919850604785,-0.00020919881397377,-86.198864119212,-86.198894489264,-31.338929674955,0.00033724510779358,-9.6803422781437e-05,84.504692946739,-88.813516019309,329.01489874365,100000192.79861,-6.6231743223994e-14,0.003300267826339,-0.0071001464893236,-375.66293922926,4.7070892794433e-05,-945.73929740845,824.78258987657
31.175000000002,157.54571217807,52.51524466311,1.5760279215457e-16,0.0025255715620978,1.7298788923112,7.8388573299738,-1.0220483513378e-12,-100.36914327624,-3.3879267037996e-13,41.899199019357,2.3722325490646e-13,-2.3722246311802e-13,-88.013378053829,-88.013347921306,0.00027656087272098,0.00027656242824352,-2.3722154313581e-13,2.3722240137989e-13,-0.00027656140757133,-0.00027656182191456,-88.013368848488,-88.013398994438,-31.998955709091,0.00034991973372119,-0.00010036914327627,102.56991601007,-87.871843105313,329.0149013305,100000195.2675,-6.6509298944026e-14,0.003378311979719,-0.0072008641023877,-377.71830472658,4.8065538243206e-05,-950.71355164551,829.11128797744
31.275000000002,166.41732340931,55.472448315079,2.0615431139002e-16,0.0024676790509065,1.7298673641023,7.8598837071294,-1.3299091119059e-12,-103.95179166911,-4.5124458522767e-13,42.733248329129,3.1596230703327e-13,-3.1596130255429e-13,-89.765378719739,-89.765348817996,0.00036207433587251,0.00036207639975867,-3.1596006733432e-13,3.1596115210331e-13,-0.00036207504372573,-0.00036207559599403,-89.765370014437,-89.765399929412,-32.636253827625,0.00036266359824286,-0.00010395179166914,164.95574123619,-176.75299766276,329.0149040113,100000197.82579,-6.680073245528e-14,0.0034571067009648,-0.007301591860511,-379.70474552693,4.8969776762916e-05,-955.51890141817,833.2929069778
31.375000000002,175.40904164504,58.469687581227,2.6680705679621e-16,0.0024077564187709,1.729856288257,7.8801296923566,-1.7125347781373e-12,-107.54445111233,-5.9495080855917e-13,43.537483648406,4.1658569274573e-13,-4.1658443540178e-13,-91.454752067524,-91.454722403162,0.00046949638046924,0.00046949909335897,-4.1658279328174e-13,4.1658414539131e-13,-0.0004694973085573,-0.00046949803778449,-91.454743876621,-91.45477355401,-33.250778591445,0.00037545189910071,-0.00010754445111236,159.07635986073,-175.40029489484,329.01490678641,100000200.47378,-6.7029715925669e-14,0.0035366562184325,-0.0074023297657377,-381.62206332228,4.977371908775e-05,-960.15507730401,837.32722203577
31.475000000002,184.49771496059,61.499245148964,3.416968192794e-16,0.0023458002413319,1.7298456665517,7.8996001290322,-2.1826539389698e-12,-111.13986727657,-7.7659963726975e-13,44.311910709728,5.4377657372341e-13,-5.4377502123941e-13,-93.081510139194,-93.081480718533,0.00060304594387575,0.00060304947705874,-5.4377285944943e-13,5.437745208154e-13,-0.00060304714952745,-0.00060304810352627,-93.081502476858,-93.081531910339,-33.842533926046,0.00038825858030578,-0.0001111398672766,152.37038956531,-173.73086603975,329.01490965602,100000203.21164,-6.7328088340306e-14,0.0036169632056376,-0.0075030778201122,-383.47019493271,5.0467944939766e-05,-964.62212958902,841.21428617216
31.575000000002,193.65912700549,64.55304889735,4.3310217259915e-16,0.0022818112871615,1.7298354998191,7.918301077162,-2.7537477584827e-12,-114.73050474979,-1.0037366208127e-12,45.056601197887,7.0281836259888e-13,-7.0281647239653e-13,-94.645803516261,-94.645774345296,0.00076738131445379,0.00076738587420252,-7.0281365384792e-13,7.0281566518344e-13,-0.00076738286646735,-0.0007673841031465,-94.645796396406,-94.645825579979,-34.411574127169,0.00040105653288289,-0.00011473050474982,144.82886519994,-171.61959209593,329.01491262011,100000206.03934,-6.7681971912421e-14,0.003698028711145,-0.0076038360256798,-385.24921803347,5.1043744132165e-05,-968.92044138947,844.95444165808
31.675000000002,202.86819935881,67.622739348658,5.4339743329151e-16,0.0022157946569368,1.7298257879144,7.9362398536636,-3.4397572155699e-12,-118.30861181117,-1.2847297434449e-12,45.771693588888,8.9957034369494e-13,-8.9956807536121e-13,-96.147923082037,-96.147894166403,0.00096755747983749,0.00096756331176977,-8.995644353745e-13,8.9956683309537e-13,-0.00096755945984675,-0.00096756104855887,-96.147916518271,-96.147945446298,-34.95800450513,0.00041381782641026,-0.0001183086118112,136.53026223947,-168.87089873022,329.01491567846,100000208.95665,-6.8008099916317e-14,0.0037798521017455,-0.0077046043844863,-386.95935571663,5.149338538244e-05,-973.05073900802,848.54832899846
31.775000000002,212.09921895947,70.699745478829,6.7499361255271e-16,0.0021477598836333,1.7298165296904,7.9534250600181,-4.2547233789553e-12,-121.86629264578,-1.6286954424806e-12,46.457393455472,1.1404158710592e-12,-1.1404131895407e-12,-97.58830066343,-97.588272008363,0.0012089610628444,0.0012089684561688,-1.140408532623e-12,1.1404113448993e-12,-0.0012089635666291,-0.0012089655895097,-97.588294668998,-97.588323336234,-35.48198162206,0.00042651396806375,-0.00012186629264581,127.67294357254,-165.16722469514,329.01491883065,100000211.96314,-6.8257900095894e-14,0.0038624310206484,-0.0078053828985789,-388.6009797366,5.1810223979302e-05,-977.01409917562,851.99689320848
31.875000000002,221.32608674425,73.775367596656,8.3026900253956e-16,0.0020777209899084,1.7298077229813,7.9698665961629,-5.2123716419745e-12,-125.39558575195,-2.0453825383063e-12,47.113973191247,1.4321810962202e-12,-1.4321779757666e-12,-98.967508451441,-98.967480061747,0.0014972225401553,0.001497231831634,-1.4321720725637e-12,1.4321753144964e-12,-0.0014972256788413,-0.0014972282320908,-98.967503039174,-98.967531440804,-35.98371308534,0.00043911618472754,-0.00012539558575198,118.583222191,-159.97205796019,329.01492207606,100000215.0582,-6.8542394754935e-14,0.0039457613622276,-0.0079061715700036,-390.17461231325,5.1988929201118e-05,-980.81195288306,855.30138712612
31.975000000002,230.52258259944,76.840865661241,1.0114919943927e-15,0.00200569649964,1.7297993645982,7.9855756597492,-6.3256561708743e-12,-128.88854697015,-2.5450133841676e-12,47.741771118533,1.7820237411204e-12,-1.7820201699587e-12,-100.28625712709,-100.28622900711,0.0018381067794145,0.0018381183568643,-1.7820127545205e-12,1.7820164224693e-12,-0.0018381106805064,-0.0018381138755615,-100.28625230935,-100.28628044103,-36.463456870478,0.0004515957225489,-0.00012888854697019,109.66804545609,-152.32936266876,329.01492541383,100000218.24101,-6.8840767213167e-14,0.0040298372644999,-0.0080069704008088,-391.68092639007,5.2025655801681e-05,-984.4460855678,858.4633715571
32.075000000002,239.66264095445,79.887551146418,1.2207395664576e-15,0.00193170940157,1.7297914503338,8.0005647302088,-7.6062853628848e-12,-132.33733534033,-3.1380841330504e-12,48.341189960548,2.1972932447238e-12,-2.1972892303978e-12,-101.54539265209,-101.54536480567,0.0022373843600426,0.0022373986651925,-2.1972799979014e-12,2.1972840630428e-12,-0.0022373891682297,-0.0022373931327723,-101.54538844072,-101.5454162986,-36.921520158521,0.00046392415748802,-0.00013233733534036,101.31012752966,-140.24082646257,329.01492884293,100000221.51056,-6.9153017472105e-14,0.0041146511202031,-0.0081077793930422,-393.12074428154,5.1918148258247e-05,-987.91863350316,861.48471211964
32.175000000002,248.72063062212,82.906880321103,1.4598155111191e-15,0.0018557870640599,1.7297839749798,8.0148475374042,-9.0642523295571e-12,-135.73429976063,-3.8351287735706e-12,48.912694674397,2.6853655405636e-12,-2.6853611158231e-12,-102.74589171681,-102.74586414727,0.0027006875477152,0.0027007050782436,-2.685349720895e-12,2.6853541221497e-12,-0.0027006934253966,-0.0027006983041442,-102.74588812309,-102.74591570385,-37.358257685191,0.00047607370954693,-0.00013573429976066,93.765835142639,-116.48149175612,329.0149323621,100000224.86563,-6.9416695488187e-14,0.0042001936068582,-0.0082085985487532,-394.49503467663,5.1665823546204e-05,-991.23207631794,864.36757272655
32.275000000002,257.67163215752,85.890546702046,1.7301728086591e-15,0.0017779611011661,1.729776932354,8.0284390150193,-1.0707395904252e-11,-139.07206434203,-4.6464542775377e-12,49.456809658223,3.2534576065654e-12,-3.2534528356442e-12,-103.8888558736,-103.8888285837,0.003233356049863,0.0032333773604537,-3.253438891413e-12,3.2534435279347e-12,-0.0032333631773418,-0.0032333691325682,-103.8888529082,-103.88888020905,-37.774069611815,0.00048801755304829,-0.00013907206434206,87.132818379315,-79.382439108417,329.0149359699,100000228.30484,-6.9735884671644e-14,0.0042864537357912,-0.0083094278699912,-395.8049080079,5.1269809759509e-05,-994.38922567208,867.11440572722
32.375000000002,266.49170583212,88.830570378917,2.0328445542807e-15,0.0016982671914343,1.7297703153388,8.0413552392206,-1.2541017167843e-11,-142.34361029919,-5.5818565869987e-12,49.974115362554,3.9084285985683e-12,-3.9084235836402e-12,-104.97550441856,-104.9754774105,0.0038402786727019,0.0038403043749868,-3.9084066616302e-12,3.908411385105e-12,-0.0038402872480117,-0.0038402944597526,-104.97550209151,-104.97552911026,-38.169398940907,0.00049973011511434,-0.00014234361029922,81.385507480536,-56.428698780715,329.01493966468,100000231.8266,-7.0041196085163e-14,0.0043734189196003,-0.0084102673588064,-397.05161023489,5.0733038357072e-05,-997.39321020739,869.72793881314
32.475000000002,275.15814353767,91.71938198189,2.3683874851551e-15,0.0016167448520197,1.7297641159301,8.0536133534968,-1.4567573960457e-11,-145.54235230379,-6.6503290205932e-12,50.465244351767,4.6565756757548e-12,-4.6565705633248e-12,-106.00716611827,-106.00713939365,0.0045257376309383,0.0045257683922277,-4.6565501942747e-12,4.6565548013172e-12,-0.0045257478692739,-0.0045257565351816,-106.0071644389,-106.00719117393,-38.544728511333,0.00051118735477992,-0.00014554235230382,76.43197844987,-42.548990976626,329.01494344463,100000235.42917,-7.0318751942736e-14,0.0044610750570842,-0.0085111170172496,-398.23651513179,5.0060065934878e-05,-1000.2474569881,872.21115887337
32.575000000002,283.64969838368,94.5498992145,2.7368414622699e-15,0.0015334371718678,1.729758325295,8.0652314809346,-1.6786471485294e-11,-148.66220737751,-7.8597758126819e-12,50.930876875957,5.5034334199867e-12,-5.5034284069529e-12,-106.98526990799,-106.9852434678,0.0052932624618301,0.0052932990025773,-5.5034040826145e-12,5.5034083075617e-12,-0.0052932745945682,-0.0052932849293983,-106.98526888494,-106.98529533524,-38.900577619058,0.00052236701569749,-0.00014866220737754,72.158396694661,-33.777789583444,329.01494730777,100000239.11064,-7.0610185609587e-14,0.0045494066342198,-0.0086119768473726,-399.36111520621,4.925708014166e-05,-1002.9556697344,874.56729306423
32.675000000002,291.94678651891,97.315594127324,3.1377072991667e-15,0.0014483905087008,1.7297529338383,8.0762286254972,-1.9193961307339e-11,-151.6976546522,-9.2167437937174e-12,51.371736026015,6.4535859575927e-12,-6.4535812967095e-12,-107.91133471443,-107.91130855909,0.0061455002369335,0.00614554332693,-6.4535524726338e-12,6.4535559810623e-12,-0.0061455145102528,-0.0061455267449642,-107.91133435561,-107.91136052078,-39.237498318966,0.00053324884627692,-0.00015169765465223,68.4537220755,-28.438630562291,329.01495125194,100000242.86897,-7.0873863724159e-14,0.0046383968393751,-0.0087128468512267,-400.42701141182,4.8331727546671e-05,-1005.5218042332,876.7997874258
32.775000000002,300.03165668779,100.0105496366,3.5699441850651e-15,0.0013616541554068,1.7297479312761,8.0866245641364,-2.1783154335435e-11,-154.64378464372,-1.0726184634762e-11,51.788582554336,7.5105004821628e-12,-7.5104964866327e-12,-108.78695857613,-108.78693270542,0.0070841080616207,0.0070841585149637,-7.5104625859154e-12,7.510464969198e-12,-0.0070841247347372,-0.0070841391152156,-108.78695888869,-108.78698476892,-39.556071470691,0.00054381478224444,-0.00015464378464375,65.2202136779,-24.839831024096,329.01495527489,100000246.70199,-7.1248564166348e-14,0.0047280276906045,-0.0088137270308649,-401.43590184333,4.7292987321831e-05,-1007.9500413731,878.91228343633
32.875000000002,307.88852419214,102.62950417851,4.0319867331311e-15,0.0012732799820818,1.729743306715,8.096439731758,-2.4544146386808e-11,-157.49633705717,-1.2391258656033e-11,52.182209450569,8.6763898805071e-12,-8.6763869274753e-12,-109.6138072492,-109.61378166233,0.0081096727588,0.0081097314277328,-8.6763473454003e-12,8.6763481165526e-12,-0.008109692101856,-0.0081097088872838,-109.61380823958,-109.61383383565,-39.856902596687,0.00055404908793872,-0.0001574963370572,62.375997407036,-22.223912578736,329.0149593742,100000250.60739,-7.1533059014828e-14,0.0048182801726249,-0.0089146173883405,-402.3895696262,4.6150922314193e-05,-1010.2447583074,880.90859293883
32.975000000002,315.50366721349,105.16788381627,4.5217805048249e-15,0.001183322060403,1.7297390487354,8.1056951011898,-2.746424828317e-11,-160.25172654994,-1.4213189059021e-11,52.553436365438,9.9521106652422e-12,-9.9521091979879e-12,-110.39360249404,-110.39357718962,0.0092216612382507,0.0092217290060107,-9.9520633074518e-12,9.9520618985302e-12,-0.0092216835299073,-0.0092217029908077,-110.3936041679,-110.39362948119,-40.140617623605,0.00056393845413915,-0.00016025172654997,59.854097194451,-20.225580570623,329.01496354737,100000254.58279,-7.1810614998291e-14,0.004909134380898,-0.0090155179257077,-403.28987022637,4.4916487653755e-05,-1012.4104982746,882.79267190385
33.075000000002,322.8654847581,107.62182155499,5.0368338204084e-15,0.0010918362772133,1.7297351454778,8.1144120603468,-3.0528306679492e-11,-162.90705629576,-1.6191172766707e-11,52.903103976242,1.1337100544466e-11,-1.133710107315e-11,-111.12811023947,-111.12808521555,0.010418403469215,0.010418481242073,-1.133704823074e-11,1.1337043991937e-11,-0.01041842899401,-0.010418451410018,-111.12811260174,-111.12813763418,-40.407858578466,0.00057347205173314,-0.00016290705629579,57.600389776381,-18.643219111555,329.01496779182,100000258.62572,-7.2122865481908e-14,0.0050005696701557,-0.0091164286450204,-404.13871841197,4.3601297488596e-05,-1014.4519396267,884.56859350377
33.175000000002,329.96451675043,109.98816403996,5.574282842084e-15,0.00099887994416282,1.7297315847299,8.1226122887686,-3.3719097396698e-11,-165.46011958727,-1.832235106935e-11,53.232068385085,1.2829357867397e-11,-1.2829360968283e-11,-111.81912881562,-111.81910406972,0.011697108325542,0.011697197024242,-1.2829300520846e-11,1.2829292721376e-11,-0.011697137371084,-0.011697163028499,-111.8191318705,-111.81915662457,-40.659279309224,0.00058264154196563,-0.0001654601195873,55.5711979818,-17.354965892522,329.01497210489,100000262.73365,-7.2365727058941e-14,0.0050925648047254,-0.0092173495483342,-404.93807509726,4.2217386256122e-05,-1016.3738646079,886.24052097161
33.275000000002,336.79342801318,112.26446621593,6.1309663635943e-15,0.00090451141000217,1.7297283540138,8.1303176356085,-3.7017770191175e-11,-167.90939009852,-2.0601840211852e-11,53.541195635604,1.4425463041233e-11,-1.4425469354358e-11,-112.46847743578,-112.46845296488,0.013053910981486,0.013054011532311,-1.442540064587e-11,1.44253884767e-11,-0.013053943835558,-0.013053973024746,-112.46848118676,-112.46850566545,-40.895541295267,0.00059144104541695,-0.00016790939009854,53.731303624206,-16.282483888147,329.01497648387,100000266.904,-7.2636344245739e-14,0.0051850981081011,-0.0093182806377046,-405.68993429042,4.0776979428029e-05,-1018.1811284054,887.812680698
33.375000000002,343.34695884869,114.44897485469,6.7035064746534e-15,0.00080878968169329,1.729725440671,8.1375500010038,-4.0404322704568e-11,-170.25400172932,-2.3022819149197e-11,53.831356426256,1.612063997725e-11,-1.6120650202588e-11,-113.07798509111,-113.07796089172,0.014483949110957,0.014484062436665,-1.6120572581159e-11,1.6120555159485e-11,-0.014483986058612,-0.014484019071323,-113.07798954097,-113.07801374777,-41.11730960755,0.00059986707296001,-0.00017025400172934,52.052171310499,-15.37309414935,329.01498092603,100000271.13416,-7.2816755847526e-14,0.0052781476093694,-0.0094192219151882,-406.39631035066,3.9292237632639e-05,-1019.87862896,889.28933598836
33.475000000002,349.62184581731,116.54060214751,7.2883912853466e-15,0.00071177405991707,1.7297228319445,8.1443312225532,-4.3858081740125e-11,-172.49371922867,-2.5576669134389e-11,54.103421088749,1.7908853830144e-11,-1.7908868722394e-11,-113.64948000229,-113.64945607047,0.015981463968859,0.015981590979709,-1.7908781547202e-11,1.790875792257e-11,-0.015981505289574,-0.015981542416245,-113.64948515318,-113.64950909201,-41.325249070805,0.0006079184229629,-0.0001724937192287,50.51058846053,-14.589984036437,329.0149854286,100000275.42151,-7.3101250895176e-14,0.0053716911843396,-0.0095201733828418,-407.05922574033,3.7775100768618e-05,-1021.4712779704,890.67476186039
33.575000000002,355.61671686868,118.53889074904,7.882056155602e-15,0.00061352379388843,1.7297205150572,8.1506829683876,-4.7358171760326e-11,-174.62890095835,-2.8253157736306e-11,54.358254889358,1.9782939847372e-11,-1.9782960209484e-11,-114.18477974951,-114.18475608089,0.017539921567553,0.017540063152667,-1.9782862857481e-11,1.9782832019366e-11,-0.017539967532515,-0.017540009059634,-114.18478560293,-114.18480927814,-41.520020672037,0.00061559604961712,-0.00017462890095838,49.087545124454,-13.906701410224,329.01498998883,100000279.76344,-7.3392684875452e-14,0.0054657066895048,-0.0096211350427233,-407.68069943176,3.6237059268048e-05,-1022.9639734719,891.9732212093
33.675000000002,361.33196542103,120.44397180331,8.4809603304694e-15,0.00051409775976021,1.7297184772847,8.1566266380549,-5.0883953309639e-11,-176.6604552948,-3.104065840419e-11,54.59671369912,2.1734757108357e-11,-2.1734783784058e-11,-114.68568217723,-114.68565876706,0.019152148630943,0.019152305650171,-2.1734675656268e-11,2.173463654287e-11,-0.019152199500532,-0.019152245708107,-114.68568873407,-114.68571215038,-41.702278250496,0.00062290290778621,-0.00017666045529482,47.767415462359,-13.30375829513,329.01499460399,100000284.15734,-7.3663302214205e-14,0.0055601720872759,-0.0097221068968906,-408.26273610197,3.4689005300819e-05,-1024.3615742998,893.18894261314
33.775000000002,366.7696080965,122.25651752258,9.0816564689232e-15,0.00041355416662135,1.7297167060229,8.162183272163,-5.4415417561986e-11,-178.58979218711,-3.3926395837919e-11,54.819640067178,2.375536033305e-11,-2.3755394198563e-11,-115.15395714583,-115.15393398906,0.020810477811048,0.02081065108754,-2.3755274725854e-11,2.3755226233828e-11,-0.020810533832568,-0.02081058499177,-115.15396440645,-115.15398756893,-41.872665495403,0.0006298437798602,-0.00017858979218713,46.537249326451,-12.766486878655,329.01499927136,100000288.60063,-7.3940858488206e-14,0.0056550655612501,-0.0098230889474029,-408.80731621909,3.3141154020368e-05,-1025.668876682,894.32609998968
33.875000000002,371.93313083663,123.97768989212,9.680851210451e-15,0.00031195029555615,1.7297151888489,8.1673734714488,-5.7933527023057e-11,-180.41877139001,-3.689670716867e-11,55.027859719709,2.5835182761017e-11,-2.5835224716241e-11,-115.59133917731,-115.59131626856,0.022506896760752,0.022507087074349,-2.5835093364436e-11,2.5835034359299e-11,-0.022506958166438,-0.022507014537467,-115.59134714153,-115.59137005553,-42.031813268631,0.00063642509011979,-0.00018041877139003,45.386244100381,-12.2836254382,329.01500398829,100000293.0908,-7.4204537016911e-14,0.0057503656206234,-0.0099240811963196,-409.3163870946,3.1602853175824e-05,-1026.890593137,895.38879425723
33.975000000002,376.82732788261,125.60908699706,1.0275455593619e-14,0.00020934228912503,1.7297139135755,8.1722173256748,-6.1420496268897e-11,-182.14964880322,-3.9937309245656e-11,55.222178496026,2.7964223306114e-11,-2.7964274265478e-11,-115.9995210192,-115.99949835285,0.024233196025946,0.024233404107514,-2.7964130539754e-11,2.7964059866649e-11,-0.024233263031298,-0.024233324861494,-115.99952968636,-115.9995523575,-42.180337261286,0.00064265471181303,-0.00018214964880324,44.305344304367,-11.846419574566,329.01500875215,100000297.62536,-7.4489032270839e-14,0.0058460511931668,-0.010025083645701,-409.79185494854,3.0082598874278e-05,-1028.0313337849,896.38103709434
34.075000000002,381.4581377735,127.15268835482,1.0862624773017e-14,0.00010578513361496,1.7297128682992,8.1767343525044,-6.4860010191947e-11,-183.78502223534,-4.3033563069201e-11,55.403379723238,3.0132231713075e-11,-3.0132292596369e-11,-116.38014812982,-116.3801257,0.025981111293175,0.025981337819932,-3.0132136044864e-11,3.0132052539383e-11,-0.025981184095609,-0.025981251617862,-116.3801574988,-116.38017993293,-42.318835985293,0.00064854177174572,-0.00018378502223536,43.286923078252,-11.447915990959,329.0150135604,100000302.20189,-7.4822099826558e-14,0.005942101706488,-0.010126096297607,-410.2355780081,2.8587933412038e-05,-1029.0955901193,897.30673683862
34.175000000002,385.83248007205,128.61080049076,1.1439787041247e-14,1.419371832221e-06,1.7297120414405,8.1809434462928,-6.8237380370183e-11,-185.3277777654,-4.6170727499979e-11,55.572222022079,3.2328886205316e-11,-3.2328957928701e-11,-116.73481406915,-116.73479186983,0.02774245624282,0.0277427018347,-3.2328788145309e-11,3.2328690644132e-11,-0.027742535020667,-0.027742608452105,-116.73482413845,-116.73484634158,-42.447889094413,0.00065409645667105,-0.00018532777776542,42.324499828251,-11.082570311358,329.01501841056,100000306.81805,-7.5030267337273e-14,0.006038497157582,-0.0102271191541,-410.64936063655,2.7125469664171e-05,-1030.0877212312,898.16968651811
34.275000000002,389.95809600553,129.98600381812,1.2004662626928e-14,0.0001039704183664,1.7297114217787,8.1848628365276,-7.1539642749075e-11,-186.7810376984,-4.933419569359e-11,55.729437528894,3.4543959037048e-11,-3.4544042504471e-11,-117.06505676398,-117.06503478899,0.029509243051162,0.029509508268214,-3.4543859130815e-11,3.4543746481893e-11,-0.029509327963,-0.029509407503981,-117.06506753173,-117.06508951003,-42.568056023265,0.00065932982512796,-0.00018678103769842,41.41255663023,-10.745881110715,329.01502330023,100000311.47156,-7.5342518302539e-14,0.0061352181708948,-0.010328152217242,-411.03494846928,2.5700872192776e-05,-1031.0119424287,898.97355396491
34.375000000002,393.84339567157,131.28110170668,1.2555273097346e-14,0.00021006425734122,1.7297109984794,8.1885100555035,-7.4755601779248e-11,-188.14811094052,-5.2509709149858e-11,55.875730512714,3.6767466371225e-11,-3.6767562466351e-11,-117.37235560292,-117.37233384596,0.031273788400443,0.031274073741224,-3.6767365192979e-11,3.6767236265113e-11,-0.031273879584739,-0.031273965418151,-117.37236706691,-117.37238882666,-42.679874928309,0.00066425362776237,-0.00018814811094053,40.546341140668,-10.434160340728,329.01502822711,100000316.16022,-7.5633952632615e-14,0.0062322460453389,-0.010429195489095,-411.39402451675,2.4318870761246e-05,-1031.8723161549,899.72187392728
34.475000000002,397.49731390202,132.49907243745,1.3089942442636e-14,0.00031690616239884,1.7297107611164,8.1919019146829,-7.7875827477947e-11,-189.43244643615,-5.5683545726192e-11,56.011776361492,3.8989799927118e-11,-3.8989909506e-11,-117.65812930689,-117.65810776159,0.033028803647369,0.033029109548299,-3.8989698072826e-11,3.8989551764394e-11,-0.033028901222431,-0.033028993513275,-117.65814146463,-117.6581630122,-42.783861910997,0.00066888013850148,-0.00018943244643617,39.721758609639,-10.144362707757,329.01503318895,100000320.88193,-7.5911509221962e-14,0.0063295627908481,-0.010530248971723,-411.7282061799,2.2983324963893e-05,-1032.6727450744,900.41804206734
34.575000000002,400.92917635132,133.64302456513,1.3607291067751e-14,0.00042445012673694,1.7297106996874,8.1950544891007,-8.089261264739e-11,-190.63759013904,-5.8842679365315e-11,56.138220908246,4.120183882224e-11,-4.1201962706808e-11,-117.92373451362,-117.92371317356,0.034767468529447,0.034767795365041,-4.1201736902849e-11,4.1201572149618e-11,-0.034767572593648,-0.034767671488884,-117.92374736237,-117.92376870415,-42.88051050078,0.00067322199833428,-0.00019063759013905,38.935268100148,-9.8739405903393,329.01503818363,100000325.63468,-7.6182126964851e-14,0.0064271511551881,-0.010631312667189,-412.03904311415,2.1697282312247e-05,-1033.4169671757,901.06531071085
34.675000000002,404.14857687364,134.71615604441,1.410622397793e-14,0.00053265241057662,1.7297108046255,8.1979831091073,-8.3799897742771e-11,-191.76714582989,-6.1974910565272e-11,56.255680065564,4.3395040928003e-11,-4.3395179900442e-11,-118.17046500989,-118.17044386864,0.036483488428972,0.036483836512854,-4.3394939562933e-11,4.3394755344823e-11,-0.036483599061216,-0.036483704689859,-118.17047854669,-118.17049968911,-42.970291373884,0.00067729207287065,-0.0001917671458299,38.183766675814,-9.620755565654,329.01504320911,100000330.41652,-7.6487439224966e-14,0.0065249946418172,-0.010732386577558,-412.32801587034,2.0462962431318e-05,-1034.1085527177,901.66678620057
34.775000000002,407.16526682837,135.7217173312,1.4585914431195e-14,0.0006414713611196,1.7297110668045,8.2007023587041,-8.6593170745132e-11,-192.82473995511,-6.506896773252e-11,56.364739735815,4.5561513837639e-11,-4.5561668635668e-11,-118.39955154293,-118.39953059407,0.038171135750429,0.038171505337055,-4.5561413648627e-11,4.5561208995435e-11,-0.038171253010827,-0.038171365484274,-118.39956576464,-118.39958671412,-43.053652282909,0.00068110332434806,-0.00019282473995513,37.464536043644,-9.382996118845,329.01504826344,100000335.22562,-7.6751118169594e-14,0.006623077519653,-0.010833470704895,-412.59653523675,1.9281961544406e-05,-1034.7509028407,902.22542769617
34.875000000002,409.98905654627,136.66297853836,1.5045784263414e-14,0.0007508673870876,1.7297114775415,8.2032260797145,-8.9269348950435e-11,-193.81399053378,-6.8114580482458e-11,56.465955964306,4.7694066191685e-11,-4.7694237504745e-11,-118.61216214216,-118.61214137929,0.039825276392176,0.039825667679144,-4.7693967797076e-11,4.7693741793114e-11,-0.039825400322898,-0.039825519735443,-118.61217704547,-118.6121978084,-43.131018172235,0.00068466869828945,-0.00019381399053379,36.775177921221,-9.1591082458698,329.01505334478,100000340.06023,-7.7028674950142e-14,0.006721384825623,-0.010934565051265,-412.84594220499,1.8155196339908e-05,-1035.3472496553,902.74404725971
34.975000000002,412.62972888864,137.54320062185,1.5485481983441e-14,0.00086080293832855,1.7297120285945,8.2055673810367,-9.1826648926496e-11,-194.73848008375,-7.1102526677671e-11,56.55985530313,4.9786240614524e-11,-4.9786429080933e-11,-118.80940288346,-118.80938230023,0.041441382608075,0.041441795738931,-4.9786144624125e-11,4.9785896411772e-11,-0.041441513234352,-0.041441639663868,-118.80941846494,-118.80943904766,-43.202791454582,0.00068800102466341,-0.00019473848008376,36.113572009644,-8.947759407774,329.01505845136,100000344.91869,-7.7368681823957e-14,0.0068199023608718,-0.011035669618736,-413.07750848204,1.708302288339e-05,-1035.900657627,903.22531106656
35.075000000002,415.09696454062,138.36561047891,1.5904859602649e-14,0.00097124247604813,1.729712712158,8.2077386522442,-9.4264450097296e-11,-195.60173242606,-7.4024655526143e-11,56.646935354615,5.1832329888091e-11,-5.1832536093045e-11,-118.99231903078,-118.99229862091,0.043015533766239,0.043015968833671,-5.183223689858e-11,5.1831965680801e-11,-0.043015671097466,-0.043015804606224,-118.99233528689,-118.99235569567,-43.269352424975,0.00069111293306047,-0.00019560173242607,35.477821764822,-8.7477982507525,329.01506358153,100000349.79942,-7.7639299806878e-14,0.0069186166814776,-0.011136784409375,-413.29243747325,1.6065290447338e-05,-1036.414026075,903.67174158518
35.175000000002,417.40027851807,139.13337978312,1.6303949020596e-14,0.0010821524324849,1.7297135208545,8.2097515808415,-9.6583156579486e-11,-196.40719317837,-7.6873889414913e-11,56.72766546516,5.3827378236049e-11,-5.3827602710477e-11,-119.16189649358,-119.16187625088,0.044544406631361,0.044544863680694,-5.3827288826992e-11,5.3826993868892e-11,-0.04454455066229,-0.044544691297882,-119.16191342071,-119.16193366174,-43.33105978977,0.00069401678122048,-0.00019640719317838,34.866245226155,-8.5582179650207,329.01506873372,100000354.70095,-7.7896040050032e-14,0.0070175150845125,-0.011237909425247,-413.49186566435,1.5101465736906e-05,-1036.8900926147,904.08572057738
35.275000000002,419.54896716993,139.84960731922,1.6682938639163e-14,0.0011935011611366,1.7297144477251,8.2116171725192,-9.8784061029958e-11,-197.15821368578,-7.9644207347619e-11,56.802487542024,5.5767169726955e-11,-5.5767412947163e-11,-119.31906354262,-119.31904346101,0.046025256836974,0.046025735869856,-5.5767084457458e-11,5.57667650869e-11,-0.04602540754895,-0.046025555345293,-119.31908113711,-119.31910121645,-43.3882512898,0.00069672459601537,-0.00019715821368578,34.277321682417,-8.3781455887016,329.01507390645,100000359.62187,-7.8180535916623e-14,0.0071165855901991,-0.011339044668423,-413.67686433483,1.4190622681345e-05,-1037.3314373825,904.46949277817
35.375000000002,421.55206490249,140.51730455721,1.7042150738618e-14,0.0013052588791015,1.729715486217,8.2133457738064,-1.0086921346488e-10,-197.85803812166,-8.2330612912458e-11,56.8718169681,5.7648205845591e-11,-5.764846823352e-11,-119.4646927315,-119.46467280501,0.047455893189088,0.047456394167332,-5.7648125251472e-11,5.7647780858953e-11,-0.047456050551332,-0.047456205529718,-119.46471098965,-119.46473091327,-43.441244398512,0.00069924802593236,-0.00019785803812167,33.709675593712,-8.206800859425,329.01507909832,100000364.56087,-7.8451154043182e-14,0.007215816920897,-0.011440190140971,-413.84844153996,1.3331540980486e-05,-1037.7404878941,904.82517012616
35.475000000002,423.41830974718,141.13938417533,1.7382020017099e-14,0.0014173976031213,1.7297166301707,8.2149470965715,-1.0284129725659e-10,-198.50979346023,-8.4929089654467e-11,56.936043591893,5.9467674244716e-11,-5.9467956168834e-11,-119.59960297626,-119.59958319904,0.048834646367281,0.048835169216722,-5.9467598836275e-11,5.9467228874065e-11,-0.048834810338151,-0.048834972508344,-119.59962189434,-119.5996416681,-43.490337077718,0.00070159830398604,-0.00019850979346024,33.162066459968,-8.0435020402781,329.01508430802,100000369.51671,-7.8811977837964e-14,0.0073151984775653,-0.01154134584496,-414.0075443043,1.2522771761892e-05,-1038.1195243994,905.15473642572
35.575000000001,425.15611690448,141.71865124141,1.7703073579597e-14,0.0015298910808091,1.7297178738048,8.2164302438803,-1.0470351385908e-10,-199.11648202853,-8.7436546588323e-11,56.995532772471,6.1223410593189e-11,-6.1223712369932e-11,-119.72456175036,-119.72454211671,0.050160333476668,0.050160878091017,-6.1223340853542e-11,6.1222944834174e-11,-0.050160504004916,-0.050160673366256,-119.72458132466,-119.72460095425,-43.535808575456,0.0007037862200085,-0.00019911648202853,32.633360529015,-7.887642593814,329.01508953433,100000374.48823,-7.9103412740921e-14,0.0074147203142952,-0.011642511782461,-414.15506097552,1.1762646820751e-05,-1038.4706856128,905.46005233485
35.675000000001,426.77355938046,142.25779675837,1.8005912561876e-14,0.0016427147184077,1.729719211701,8.2178037367733,-1.06459477244e-10,-199.68097634187,-8.9850756387757e-11,57.050626461446,6.2913855296215e-11,-6.2914177191818e-11,-119.84028735754,-119.84026786187,0.051432219766658,0.051432786011292,-6.291379168008e-11,6.2913369174353e-11,-0.051432396792652,-0.051432573335155,-119.84030758433,-119.84032707532,-43.577920252267,0.00070582210124924,-0.00019968097634188,32.1225168705,-7.7386780979031,329.0150947761,100000379.47434,-7.9443419948149e-14,0.0075143731114389,-0.011743687955545,-414.29182369221,1.1049378088242e-05,-1038.7959747084,905.74286058367
35.775000000001,428.27835484073,142.75939328182,1.8291195490228e-14,0.0017558455062685,1.7297206387881,8.2190755415793,-1.0811311855346e-10,-200.20601592899,-9.217028854578e-11,57.101644306313,6.4538006694111e-11,-6.4538348926813e-11,-119.94745124944,-119.94743188632,0.052649978680204,0.052650566395842,-6.4537949627062e-11,6.4537500261603e-11,-0.052650162137108,-0.052650345842545,-119.94747212504,-119.94749148286,-43.616916423877,0.0007077158002247,-0.000200206015929,31.628597424272,-7.596123616265,329.01510003224,100000384.47402,-7.9755671626399e-14,0.0076141481478,-0.011844874366282,-414.41861092584,1.0381043869112e-05,-1039.0972654859,906.00479134029
35.875000000001,429.67785787802,143.22589234331,1.8559623410343e-14,0.0018692619430867,1.7297221503254,8.2202530974356,-1.0966860109827e-10,-200.69420588414,-9.4394439534722e-11,57.148884761753,6.6095372160323e-11,-6.6095734902874e-11,-120.04668036006,-120.04666112424,0.053813651239255,0.053814260245492,-6.6095322038481e-11,6.6094845492927e-11,-0.053813841054156,-0.053814031897093,-120.04670188083,-120.04672111075,-43.653025210059,0.00070947668886643,-0.00020069420588415,31.150723067743,-7.4595398954379,329.01510530176,100000389.48633,-8.0054045563157e-14,0.0077140372722871,-0.011946071016745,-414.53615006195,9.7556469641793e-06,-1039.376308623,906.24736765224
35.975000000001,430.97905691847,143.65962341843,1.8811926763703e-14,0.0019829439597874,1.7297237418868,8.221343343734,-1.1113024552458e-10,-201.14801688634,-9.65231617203e-11,57.19262619743,6.7585918326959e-11,-6.7586301709334e-11,-120.1385594328,-120.13854031914,0.054923605615012,0.054924235713647,-6.7585875517009e-11,6.7585371520988e-11,-0.054923801709969,-0.054923999658773,-120.13858159512,-120.13860070226,-43.686459380878,0.00071111365802759,-0.00020114801688635,30.688088313126,-7.3285306316548,329.0151105837,100000394.51037,-8.0352419545804e-14,0.0078140328753816,-0.012047277909007,-414.64511999028,9.1711822038543e-06,-1039.6347379437,906.47201090143
36.075000000001,350.56488556449,116.85490863636,1.4305692545152e-14,0.0020869159488019,1.7297408867065,8.1956274768023,-8.503006585104e-11,-165.30490931078,-9.7039266052552e-11,56.608583997981,6.7947293859222e-11,-6.7947699364611e-11,-118.91171934507,-118.91170060149,0.055188755834609,0.055189392367086,-6.7947258742089e-11,6.7946745055922e-11,-0.055188955054671,-0.055189152414634,-118.91174213031,-118.91176086676,-43.248695485389,0.00058195925546719,-0.00016530490931057,30.373225253392,-7.35297422362,329.01511550982,100000399.10529,-8.0643854516319e-14,0.0078675433932911,-0.012072581232595,-412.10920369749,-0.00036361401778147,-1033.5238117575,901.15496143778
36.175000000001,317.40025772131,105.80003662124,9.8035109634237e-15,0.0021762026380447,1.7297607754889,8.1648059490683,-5.870049510085e-11,-152.9076123151,-9.3370921110169e-11,55.408680099002,6.5378705989942e-11,-6.537910613534e-11,-116.39120363703,-116.39118509476,0.053223536864873,0.05322415563359,-6.5378678371295e-11,6.5378173979608e-11,-0.053223730539613,-0.053223922267272,-116.39122700341,-116.39124553817,-42.332314558472,0.00053751002409585,-0.000152907612315,29.964320806744,-7.1846921322419,329.01511969178,100000403.05115,-8.0928350424844e-14,0.0079014077926281,-0.012072581232596,-409.08693133642,-0.00016270442084394,-1026.2614022058,894.83753929574
36.275000000001,292.50198039335,97.500614311315,6.866059854048e-15,0.0022598393575896,1.7297793880959,8.1358278568141,-4.139853435139e-11,-143.90103312842,-8.7426932409424e-11,54.258095236454,6.1216702406858e-11,-6.1217084173638e-11,-113.9742875553,-113.97426911896,0.050006946696003,0.050007531961658,-6.1216681407885e-11,6.1216200936169e-11,-0.050007129810869,-0.050007311252967,-113.97431152291,-113.9743299515,-41.452996462548,0.00050523147533348,-0.00014390103312834,29.639905758055,-7.0906221580902,329.0151236022,100000406.74726,-8.1233662937603e-14,0.007933097538007,-0.012072581232596,-406.2546277372,-0.00013556978538837,-1019.4512196532,888.91318068259
36.375000000001,270.96630021193,90.32205729012,4.8952159102323e-15,0.002338753654776,1.7297969353944,8.1083900392224,-2.9710959633705e-11,-136.03855184076,-8.0425380652965e-11,53.168319493523,5.6314188035743e-11,-5.6314544660971e-11,-111.68510709907,-111.68508874993,0.046181549301838,0.046182092810222,-5.6314172575416e-11,5.6313724177521e-11,-0.046181719283227,-0.046181887882533,-111.68513161801,-111.68514995929,-40.620164387717,0.00047708716030452,-0.00013603855184069,29.347966385659,-7.0077449364041,329.01512729011,100000410.23464,-8.1448769758759e-14,0.0079629719667503,-0.012072581232596,-403.58113191614,-0.00011691305342375,-1013.0193153705,883.31773206661
36.475000000001,252.08198245388,84.027287353981,3.5454760844768e-15,0.002413506359849,1.7298135444719,8.0823123341814,-2.165480347269e-11,-129.07097708409,-7.3090544950798e-11,52.133018013807,5.1178306328277e-11,-5.1178634654847e-11,-109.51035526439,-109.51033699112,0.04213887641471,0.042139374716931,-5.1178295353285e-11,5.1177882799956e-11,-0.042139032197883,-0.042139186869853,-109.51038028695,-109.51039855233,-39.828985767307,0.00045217453106915,-0.00012907097708403,29.082175776976,-6.9329167685921,329.01513078223,100000413.53808,-8.1726326563464e-14,0.0079912477008725,-0.012072581232596,-401.0476525648,-0.0001019965918767,-1006.9210176246,878.01235829426
36.575000000001,235.37732042683,78.459069008347,2.6042822366408e-15,0.0024845533048201,1.7298293185805,8.0574482882531,-1.6002359221414e-11,-122.84230677499,-6.5849277249141e-11,51.146546784767,4.6107940954627e-11,-4.6108240077018e-11,-107.43817623456,-107.43815802838,0.038115999372077,0.03811645199222,-4.6107933530947e-11,4.6107557839481e-11,-0.038116140822457,-0.038116281400091,-107.43820172011,-107.43821991842,-39.075142575332,0.00042992735988219,-0.00012284230677494,28.838342778386,-6.8647605731237,329.01513410018,100000416.67774,-8.1962249951004e-14,0.008018100732863,-0.012072581232597,-398.63890825866,-8.9826274772065e-05,-1001.1200035021,872.96548020101
36.675000000001,220.4898587709,73.496583855941,1.9373411587362e-15,0.0025522739375164,1.7298443436429,8.0336758802042,-1.1973233734275e-11,-117.2326557246,-5.8945336894393e-11,50.204158016231,4.1273773341831e-11,-4.1274043741196e-11,-105.45859679866,-105.45857865255,0.034252786061605,0.034253194325912,-4.12737686802e-11,4.1273429171231e-11,-0.034252913606839,-0.034253040482188,-105.45862271243,-105.45864085074,-38.355002544656,0.0004099109406699,-0.00011723265572455,28.6131958606,-6.8022344760439,329.01513726191,100000419.67039,-8.2232867760915e-14,0.008043677513606,-0.012072581232597,-396.34217128066,-7.9757677355388e-05,-995.58602311551,868.15079856163
36.775000000001,207.13494734076,69.044948558621,1.4578643987781e-15,0.0026169881437901,1.729858692071,8.0108921465863,-9.0601389506173e-12,-112.14763003923,-5.2508773583493e-11,49.301820423337,3.6766864914125e-11,-3.6767107897513e-11,-103.56314883765,-103.56313074595,0.030627359204447,0.03062772548725,-3.6766862366287e-11,3.6766557350951e-11,-0.030627473597968,-0.030627587490234,-103.5631751496,-103.56319323358,-37.665481867518,0.00039178334907349,-0.00011214763003919,28.404133350778,-6.7445160281512,329.01514028254,100000422.53016,-8.2468791059423e-14,0.0080681014632676,-0.012072581232597,-394.14670669842,-7.1327310055895e-05,-990.29356362895,863.54613255388
36.875000000001,195.08560203055,65.02850178231,1.108624975664e-15,0.0026789685219181,1.7298724255527,7.9890092619333,-6.9266967399963e-12,-107.51175331982,-4.6598908430227e-11,48.436076498865,3.2628752622793e-11,-3.2628969958146e-11,-101.7445695104,-101.74455146857,0.027278514363806,0.027278841599815,-3.2628751666125e-11,3.2628478894145e-11,-0.027278616532238,-0.027278718337188,-101.74459619435,-101.74461422858,-37.00393589215,0.00037527144334614,-0.00010751175331978,28.209046981012,-6.6909457208899,329.01514317493,100000425.26912,-8.2774103259567e-14,0.0080914777212496,-0.012072581232598,-392.04336272618,-6.4193675137941e-05,-985.22087426847,859.13257205399
36.975000000001,184.15840004082,61.386102621305,8.5120221988796e-16,0.0027384495883602,1.7298855971414,7.967951598113,-5.3458496028573e-12,-103.26386463875,-4.1231379902846e-11,47.603934206282,2.8870386630814e-11,-2.887058030982e-11,-99.996573743984,-99.99655574835,0.024220117558255,0.02422040892782,-2.8870386849591e-11,2.887014380077e-11,-0.024220208503155,-0.02422029919554,-99.996600776932,-99.99661876508,-36.368076185232,0.00036015408067063,-0.00010326386463872,28.026209735892,-6.640988352171,329.01514595016,100000427.89762,-8.2982270911374e-14,0.0081138967081553,-0.012072581232598,-390.02426323351,-5.8100506215994e-05,-980.34923488808,854.89384170688
37.075000000001,174.20336253179,58.06775815125,6.5937857828846e-16,0.0027956348043248,1.72989825285,7.9476534790636,-4.1618488205032e-12,-99.353813617798,-3.639535659881e-11,46.802783636327,2.548418277435e-11,-2.5484354859672e-11,-98.313679162375,-98.313661209952,0.021450459013202,0.021450717741276,-2.5484183841393e-11,2.548396791351e-11,-0.021450539748445,-0.02145062031941,-98.313706523924,-98.313724468977,-35.755906719578,0.00034625007637719,-9.935381361777e-05,27.854190606558,-6.5942025041271,329.0151486178,100000430.42466,-8.3169621851031e-14,0.0081354368441795,-0.012072581232598,-388.08257286936,-5.2852298744871e-05,-975.66239753552,850.81581541786
37.175000000001,165.09655910799,55.032158258626,5.1499746093825e-16,0.0028507020216411,1.7299104328872,7.9280574400356,-3.2662887255906e-12,-95.740041513463,-3.2064568317293e-11,46.030331936919,2.2451746569314e-11,-2.2451899097923e-11,-96.691069400098,-96.691051488483,0.018958375474639,0.018958604705099,-2.2451748229543e-11,2.2451556857252e-11,-0.018958446987389,-0.018958518405141,-96.691097072068,-96.691114976434,-35.16567405932,0.00033340939946433,-9.5740041513438e-05,27.691788870219,-6.5502197945969,329.01515118624,100000432.8581,-8.3391667232647e-14,0.0081561666556712,-0.012072581232598,-386.21231490757,-4.8297784305236e-05,-971.14615353479,846.88613997635
37.275000000001,156.73461062626,52.244843244057,4.0531401922204e-16,0.002903807761478,1.7299221726283,7.9091128594238,-2.5827034771131e-12,-92.387780823361,-2.8204390695821e-11,45.284551842728,1.9748833906146e-11,-1.9748968830095e-11,-95.124485983411,-95.124468110661,0.016727270248393,0.016727472968524,-1.9748835962506e-11,1.9748666690086e-11,-0.016727333475742,-0.016727396661756,-95.124513949485,-95.124531815108,-34.595827960991,0.0003215066251552,-9.2387780823339e-05,27.537989409407,-6.5087310724492,329.01515366283,100000435.20486,-8.3613712588994e-14,0.0081761464299583,-0.012072581232599,-384.40822805163,-4.4318320863017e-05,-966.78799326691,843.09393927533
37.375000000001,149.03054126092,49.676821178235,3.2127069036366e-16,0.0029550906174396,1.7299335033868,7.8907748701986,-2.0564929079098e-12,-89.267694956592,-2.477637912812e-11,44.563640481819,1.7348525719926e-11,-1.7348644872145e-11,-93.610141799495,-93.610123964045,0.014737748550852,0.014737927549223,-1.7348528021658e-11,1.7348378544931e-11,-0.01473780436687,-0.014737860182484,-93.610170044947,-93.610187873391,-34.044989844645,0.00031043599182292,-8.9267694956571e-05,27.391925183824,-6.4694755912886,329.01515605411,100000437.47106,-8.3863513497913e-14,0.0081954295313301,-0.012072581232599,-382.66565248901,-4.0819791095362e-05,-962.57683551193,839.42957900858
37.475000000001,141.91060593912,47.303510380754,2.563565328386e-16,0.0030046739923147,1.7299444530353,7.8730034841567,-1.6482280468491e-12,-86.354836341462,-2.1741138588131e-11,43.865986055825,1.5223237454527e-11,-1.5223342531259e-11,-92.144651104771,-92.144633305376,0.012969332090786,0.012969489937253,-1.522323988756e-11,1.522310807526e-11,-0.012969381300459,-0.012969430540363,-92.14467961625,-92.144697408755,-33.51192729369,0.00030010761788503,-8.6354836341443e-05,27.252852047617,-6.4322277102452,329.01515836586,100000439.66216,-8.4175764430518e-14,0.0082140634591686,-0.012072581232599,-380.9804382173,-3.7726723538409e-05,-958.50280973609,835.88447739874
37.575000000001,135.31183379915,45.103920573364,2.0584153019973e-16,0.0030526683211357,1.7299550465098,7.8557628802838,-1.3291371298458e-12,-83.627838548523,-1.9060100992762e-11,43.190140627799,1.3345963580433e-11,-1.3346056134637e-11,-90.724972363053,-90.724954598728,0.011401557258412,0.011401696298614,-1.3345966059598e-11,1.3345849961202e-11,-0.011401600596075,-0.011401643986347,-90.725001128393,-90.725018885941,-32.995533230818,0.00029044457047417,-8.3627838548506e-05,27.120125741535,-6.3967985350408,329.01516060328,100000441.78303,-8.4474137555618e-14,0.0082320907073373,-0.0120725812326,-379.34887055006,-3.497801347369e-05,-954.55707920419,832.45095141841
37.675000000001,129.1801046407,43.060011696884,1.662555863977e-16,0.0030991728935499,1.7299653062226,7.8390208211562,-1.0780207247386e-12,-81.068282792728,-1.6696583308635e-11,42.534797701991,1.1691018486224e-11,-1.1691099928089e-11,-89.348361149592,-89.348343419576,0.010014659134153,0.010014781493324,-1.1691020948996e-11,1.1690918793778e-11,-0.01001469726481,-0.010014735463883,-89.348390157664,-89.348407881014,-32.494808762284,0.00028138056835414,-8.1068282792712e-05,26.993187540764,-6.3630151615486,329.01516277102,100000443.83807,-8.4751693980743e-14,0.0082495494685515,-0.0120725812326,-377.76760902863,-3.2523736108856e-05,-950.73169594156,829.12209070065
37.775000000001,123.46862721803,41.156186676004,1.3502954689598e-16,0.0031442773602764,1.7299752524042,7.8227481703282,-8.7911717933197e-13,-78.660196053677,-1.4616372599349e-11,41.898773602262,1.0234446131626e-11,-1.023451773356e-11,-88.012331034575,-88.012313338289,0.0087899770605619,0.0087900846530992,-1.0234448533123e-11,1.0234358723692e-11,-0.0087900105829814,-0.008790044184438,-88.012360275156,-88.012377964885,-32.008848929905,0.00027285816322327,-7.8660196053662e-05,26.871544308858,-6.3307353541434,329.01516487331,100000445.83123,-8.4959861449912e-14,0.0082664742165596,-0.0120725812326,-376.23363690922,-3.0322745773501e-05,-947.0194808134,825.89165328574
37.875000000001,118.13672403302,39.378886350301,1.1024496512892e-16,0.0031880629880267,1.7299849033877,7.8069184901409,-7.2060852697949e-13,-76.389649692952,-1.2788001758867e-11,41.280991890657,8.9542131175494e-12,-8.9542760218428e-12,-86.714620852751,-86.714603189769,0.0077101736645131,0.0077102682069264,-8.9542154265475e-12,8.9541365290853e-12,-0.0077102031153565,-0.0077102326518025,-86.714650316417,-86.714667972944,-31.536830789957,0.00026482728605504,-7.6389649692939e-05,26.754764455925,-6.2998313104843,329.01516691395,100000447.76612,-8.5285990099581e-14,0.0082828961910319,-0.0120725812326,-374.74421907278,-2.8340940510203e-05,-943.41392360554,822.75397875641
37.975000000001,113.1488524422,37.716263176913,9.0457774037147e-17,0.0032306037123285,1.729994275847,7.7915077041699,-5.9356341327643e-13,-74.244435646576,-1.1182825484725e-11,40.680470240228,7.8302618831003e-12,-7.8303171110622e-12,-85.45316712848,-85.453149498509,0.0067593299224359,0.0067594129480268,-7.8302640788798e-12,7.8301948115897e-12,-0.0067593557809132,-0.0067593817284193,-85.453196806514,-85.453214430131,-31.078003370412,0.00025724407504371,-7.4244435646564e-05,26.642463215444,-6.2701863435562,329.0151688964,100000449.64599,-8.5501096432099e-14,0.0082988438042997,-0.012072581232601,-373.2968667047,-2.654979205891e-05,-939.90909917917,819.703915347
38.075000000001,108.47380976722,36.157916267321,7.4572773312526e-17,0.0032719670266078,1.7300033849988,7.776493812057,-4.9118169330503e-13,-72.213803087642,-9.7749700429735e-12,40.096309305376,6.8444755309682e-12,-6.8445239926981e-12,-84.226080696761,-84.226063099621,0.0059229590840823,0.0059230319582775,-6.8444776008194e-12,6.8444168215908e-12,-0.0059229817767962,-0.0059230045595658,-84.226110581077,-84.226128171965,-30.63167915682,0.00025006992293612,-7.2213803087631e-05,26.534302148932,-6.2417033655662,329.01517082384,100000451.47383,-8.5827225053147e-14,0.0083143429847768,-0.012072581232601,-371.889307461,-2.4925292237e-05,-936.4995966506,816.7367583761
38.175000000001,104.08408300019,34.69467462267,6.1753438615936e-17,0.0033122147375785,1.7300122447736,7.7618566471263,-4.0824952647967e-13,-70.288242664546,-8.5412062412164e-12,39.527683230177,5.9805888827383e-12,-5.9806313870053e-12,-83.031626765032,-83.031609200624,0.0051879687962429,0.0051880327318613,-5.9805908199982e-12,5.980537513966e-12,-0.0051879887020015,-0.0051880086970375,-83.031656848095,-83.031674406349,-30.197226831628,0.00024327069687304,-7.0288242664535e-05,26.429976016134,-6.2142949636035,329.01517269917,100000453.25237,-8.6153353661244e-14,0.0083294174686949,-0.012072581232601,-370.51946011595,-2.344714276322e-05,-933.18045920826,813.84819792646
38.275000000001,99.955313104627,33.318418567437,5.1356534288995e-17,0.0033514036106879,1.7300208679617,7.7475776691951,-3.4074284094134e-13,-68.459308487713,-7.4607787250924e-12,38.973831509183,5.2240689516611e-12,-5.2241062155344e-12,-81.868207815942,-81.868190284245,0.0045425915182931,0.0045426475902893,-5.2240707541727e-12,5.2240240215999e-12,-0.0045426089727498,-0.0045426265143745,-81.868238090722,-81.868255616357,-29.774065048376,0.00023681609503591,-6.8459308487703e-05,26.329214548267,-6.1878809417321,329.01517452503,100000454.98411,-8.6458665575287e-14,0.0083440890493359,-0.012072581232601,-369.18541289529,-2.2098086112485e-05,-929.94713267847,811.03427413061
38.375000000001,96.065850860011,32.021931697735,4.2884310545523e-17,0.0033895859245365,1.7300292663389,7.733639786533,-2.8553637157797e-13,-66.719470307679,-6.5152136407102e-12,38.434051972274,4.5619802671416e-12,-4.5620129251574e-12,-80.734348871333,-80.734331372396,0.0039762969335774,0.0039763460929837,-4.5619819360507e-12,4.5619409808032e-12,-0.0039763122336124,-0.0039763276177522,-80.734379331253,-80.734396824219,-29.361657065951,0.0002306791126564,-6.671947030767e-05,26.231771186016,-6.1623915360864,329.01517630388,100000456.67138,-8.6701527432691e-14,0.0083583777910807,-0.012072581232602,-367.88540486194,-2.0863308188785e-05,-926.79542133591,808.29133875477
38.475000000001,92.396386380486,30.798777387516,3.594927973344e-17,0.0034268099494666,1.7300374507753,7.7200272021106,-2.4018849197105e-13,-65.061990020926,-5.6881191546333e-12,37.907694709417,3.9828451980349e-12,-3.9828738107734e-12,-79.628684730598,-79.62866726452,0.0034796956294493,0.0034797387163612,-3.9828467368535e-12,3.9828108556224e-12,-0.0034797090372472,-0.0034797225254297,-79.628715369484,-79.628732829678,-28.95950610195,0.0002248355961068,-6.5061990020917e-05,26.137424733507,-6.1377611527783,329.01517803799,100000458.3163,-8.6958267067021e-14,0.0083723022141571,-0.012072581232602,-366.61780984545,-1.9730125666591e-05,-923.721449751,805.61602203063
38.575000000001,88.929638329735,29.64319519366,3.0248067580554e-17,0.0034631203626071,1.7300454313285,7.7067252802079,-2.027809193933e-13,-63.480817910265,-4.9649881640607e-12,37.394156785756,3.476505809513e-12,-3.4765308715227e-12,-78.54994886918,-78.549931436111,0.0030444402364853,0.0030444779920188,-3.4765072233949e-12,3.4764757957418e-12,-0.0030444519832862,-0.0030444638063271,-78.549979681233,-78.5499971085,-28.567151290693,0.00021926386840916,-6.3480817910257e-05,26.045977350639,-6.1139306910577,329.01517972944,100000459.92084,-8.7242762266703e-14,0.0083858794548234,-0.012072581232602,-365.38112250289,-1.8687552910931e-05,-920.72162969587,803.0052038849
38.675000000001,85.650091831493,28.550013492835,2.5541864051224e-17,0.0034985586093762,1.730053217326,7.6937204301841,-1.7179846292449e-13,-61.970505004532,-4.3330090066678e-12,36.892877624848,3.033991321316e-12,-3.034013268365e-12,-77.496963740608,-77.496946340737,0.0026631280715158,0.0026631611487225,-3.0339926165003e-12,3.0339650957503e-12,-0.002663138361037,-0.0026631487224097,-77.496994720362,-77.497012114511,-28.18416415238,0.00021394441305366,-6.1970505004524e-05,25.957247238261,-6.0908524269841,329.01518138017,100000461.48685,-8.7541135244333e-14,0.0083991254048718,-0.012072581232602,-364.1739461761,-1.7726068083767e-05,-917.79263131425,800.45598887569
38.775000000001,82.543776338849,27.514575437938,2.1641710127843e-17,0.0035331632196369,1.7300608174368,7.6810000047864,-1.4603821277611e-13,-60.52612868147,-3.7808875812664e-12,36.403334959613,2.647393555901e-12,-2.6474127715628e-12,-76.468632271055,-76.468614904601,0.002329207837112,0.0023292368108745,-2.6473947392869e-12,2.6473706442598e-12,-0.0023292168486483,-0.0023292259275422,-76.468663413347,-76.468680774156,-27.810145496528,0.00020885960570241,-6.0526128681463e-05,25.871066133605,-6.0684750694023,329.015182992,100000463.01601,-8.7797874849336e-14,0.0084120548336125,-0.012072581232603,-362.99498227125,-1.6837381321294e-05,-914.93135790303,797.96568426847
38.875000000001,79.598076479794,26.532675906617,1.8397353686049e-17,0.0035669700852631,1.7300682397339,7.668552210834,-1.2454053039315e-13,-59.1432292122,-3.2986826689497e-12,35.925041267874,2.3097516296199e-12,-2.3097684512198e-12,-75.463930371836,-75.463913039044,0.0020368918968394,0.0020369172727925,-2.3097527084467e-12,2.3097316159926e-12,-0.0020368997880566,-0.002036907742137,-75.463961671779,-75.463978999002,-27.444722696111,0.00020399348544054,-5.9143229212193e-05,25.787284667725,-6.0467573573619,329.01518456659,100000464.50992,-8.8075431127133e-14,0.0084246814949465,-0.012072581232603,-361.84302093315,-1.6014240984495e-05,-912.1349237674,795.53178078427
38.975000000001,76.80157027134,25.600507572722,1.5688757522104e-17,0.0036000127047091,1.7300754917497,7.6563660304895,-1.0653629116326e-13,-57.81775539996,-2.8776551607678e-12,35.457540623429,2.0149463813067e-12,-2.0149611052634e-12,-74.481900324762,-74.4818830259,0.0017810749350774,0.0017810971576156,-2.0149473629147e-12,2.0149289012083e-12,-0.0017810818445187,-0.001781088812406,-74.481931777728,-74.48194907109,-27.087547279535,0.00019933155888437,-5.7817755399953e-05,25.705765444239,-6.0256596961782,329.01518610551,100000465.97006,-8.8380742972158e-14,0.0084370182217033,-0.012072581232603,-360.71693282742,-1.5250288296808e-05,-909.40063470521,793.1519356333
39.075000000001,74.143890156887,24.71461458542,1.3419590984178e-17,0.0036323223992506,1.7300825805253,7.6444311516187,-9.1406321618896e-14,-56.546017810591,-2.5101311871659e-12,35.000405904912,1.7576045349341e-12,-1.7576174215408e-12,-73.52164491908,-73.521627654436,0.0015572593273335,0.0015572787867711,-1.7576054265895e-12,1.7575892691299e-12,-0.0015572653766592,-0.0015572714801481,-73.521676520671,-73.521693779886,-26.73829279629,0.00019486063170829,-5.6546017810586e-05,25.626379503522,-6.0051453050882,329.01518761023,100000467.39781,-8.8609726976252e-14,0.0084490770090284,-0.012072581232604,-359.61566187358,-1.4539923243278e-05,-906.72597074817,790.82395751073
39.175000000001,71.615603174451,23.87185262528,1.1512214379286e-17,0.0036639285047991,1.7300895126535,7.6327379059943,-7.8650042453253e-14,-55.32464837597,-2.1893786917327e-12,34.553236313961,1.5330122760316e-12,-1.5330235537203e-12,-72.582322238134,-72.582305008007,0.0013614872246869,0.001361504263642,-1.5330130848014e-12,1.5329989450602e-12,-0.0013614925206712,-0.0013614978667097,-72.582353984168,-72.582371208931,-26.396652919175,0.00019056866317958,-5.5324648375964e-05,25.54901239991,-5.9851823264606,329.01518908213,100000468.79447,-8.8963611062965e-14,0.0084608690883458,-0.012072581232604,-358.53821879845,-1.3878184849722e-05,-904.10857084998,788.54579328494
39.275000000001,69.208107231082,23.069354329112,9.9037934214952e-18,0.0036948585425752,1.7300962943175,7.6212772142879,-6.786110184604e-14,-54.150565369256,-1.9094967172512e-12,34.115655161839,1.3370377293111e-12,-1.3370475984458e-12,-71.663141009938,-71.663123814642,0.0011902791468255,0.0011902940658956,-1.3370384619762e-12,1.3370260886371e-12,-0.0011902837831309,-0.0011902884655817,-71.663172896432,-71.663190086427,-26.062339751851,0.00018644464008031,-5.4150565369251e-05,25.473555312543,-5.9657393104347,329.01519052248,100000470.16125,-8.9227289521547e-14,0.0084724049931617,-0.012072581232604,-357.48367539966,-1.3260694531656e-05,-901.54621925975,786.31551615084
39.375000000001,66.913540994766,22.304499253949,8.5432739552794e-18,0.003725138371418,1.7301029313254,7.6100405369583,-5.8708346442057e-14,-53.020942926931,-1.6653165196242e-12,33.68730788974,1.1660617182182e-12,-1.1660703544618e-12,-70.763356448636,-70.763339288492,0.0010405787483597,0.0010405918111578,-1.1660623812161e-12,1.1660515539511e-12,-0.0010405828071106,-0.0010405869083148,-70.763388471786,-70.763405626692,-25.735082315111,0.00018247846703307,-5.3020942926926e-05,25.39990940189,-5.9467896300303,329.01519193251,100000471.4993,-8.9525662442747e-14,0.0084836946177666,-0.012072581232604,-356.45115942526,-1.2683544746078e-05,-899.03683335863,784.13131505533
39.475000000001,64.724705354519,21.574887697052,7.3890151268919e-18,0.0037547923240836,1.730109429141,7.5990198302884,-5.0920889865774e-14,-51.933184440534,-1.4523135556831e-12,33.267860293409,1.0169161384239e-12,-1.0169236957195e-12,-69.88226652513,-69.882249400465,0.00090970334869987,0.00090971478631404,-1.0169167378143e-12,1.0169072635418e-12,-0.00090970690187611,-0.00090971049403845,-69.882298681302,-69.882315800791,-25.414625189411,0.00017866087078282,-5.193318444053e-05,25.3279822239,-5.9283065889707,329.01519331333,100000472.80969,-8.9844852038912e-14,0.0084947472697712,-0.012072581232605,-355.43984999204,-1.2143269211223e-05,-896.57845277401,781.99148523327
39.575000000001,62.634994735302,20.878317800932,6.40692912767e-18,0.0037838433295412,1.7301157929115,7.5882075069192,-4.4276342847765e-14,-50.884899246762,-1.2665293766467e-12,32.856996926826,8.8682926729281e-13,-8.8683588050025e-13,-69.019208613866,-69.019191525016,0.00079529977963294,0.00079530979456928,-8.8682980873983e-13,8.8682151831697e-13,-0.00079530289030126,-0.00079530603671562,-69.019240899585,-69.019257983322,-25.100727294349,0.00017498331637085,-5.0884899246757e-05,25.257688249199,-5.9102660411448,329.01519466604,100000474.09344,-9.0080774901832e-14,0.0085055717172297,-0.012072581232605,-354.44897347345,-1.1636754134283e-05,-894.16922960944,779.89441971351
39.675000000001,60.638336850442,20.212765470812,5.5690125978461e-18,0.0038123130229831,1.7301220274923,7.5775964003364,-3.8591494797297e-14,-49.873882147341,-1.1045024807526e-12,32.454419663342,7.7337734660217e-13,-7.7338313382576e-13,-68.173556470355,-68.173539417655,0.00069530509460531,0.00069531386426918,-7.7337783536956e-13,7.7337058067175e-13,-0.00069530781800645,-0.00069531057413842,-68.173588882291,-68.173605929935,-24.793160788542,0.00017143793350788,-4.9873882147337e-05,25.188949657123,-5.8926460258372,329.01519599164,100000475.3515,-9.0365270015838e-14,0.0085161762310268,-0.012072581232605,-353.47779980059,-1.1161236994376e-05,-891.80741965505,777.83860167728
39.775000000001,58.729139696252,19.576366706196,4.8521822850889e-18,0.0038402218450215,1.7301281374695,7.5671797328338,-3.3714905116146e-14,-48.898095359704,-9.6320722286666e-13,32.059846395737,6.7444180679132e-13,-6.7444687143252e-13,-67.34471750051,-67.344700484299,0.00060791169090951,0.00060791937067534,-6.7444224774704e-13,6.7443589909258e-13,-0.00060791407541657,-0.0006079164898585,-67.344750035469,-67.344767046677,-24.491710075754,0.00016801745170571,-4.88980953597e-05,25.121691863917,-5.8754244971916,329.01519729107,100000476.58477,-9.0684459593469e-14,0.0085265686230905,-0.012072581232606,-352.5256391265,-1.0714174070386e-05,-889.49137446017,775.82259756618
39.875000000001,56.902244788501,18.967402013002,4.2373481368788e-18,0.0038675891313421,1.7301341271801,7.5569510865469,-2.9520988973103e-14,-47.955652566183,-8.3999993631595e-13,31.673009859103,5.8817154123987e-13,-5.8817597380525e-13,-66.532130288005,-66.532113308622,0.0005315364142897,0.00053154314020516,-5.8817193886725e-13,5.8816638274914e-13,-0.00053153850225216,-0.00053154061756476,-66.532162942917,-66.532179917349,-24.196170904934,0.00016471514296785,-4.7955652566179e-05,25.055846651171,-5.8585845791815,329.01519856526,100000477.79411,-9.0941199120265e-14,0.0085367562809228,-0.012072581232606,-351.5918388111,-1.0293349430757e-05,-887.21953416744,773.84505085211
39.975000000001,55.152885793573,18.384282613963,3.7086724950678e-18,0.00389443319391,1.7301400007302,7.5469043772055,-2.5905277648514e-14,-47.04480477899,-7.3257148634061e-13,31.293656562674,5.1294968399348e-13,-5.1295356368562e-13,-65.735262350459,-65.735245408243,0.00046479324056235,0.00046479913172825,-5.1295004240702e-13,5.1294517949709e-13,-0.00046479506904873,-0.00046479692250211,-65.735295122373,-65.73531205969,-23.906349553578,0.00016152477101884,-4.7044804778986e-05,24.991350496581,-5.8421080417171,329.01519981505,100000478.98033,-9.1232633111036e-14,0.0085467461988725,-0.012072581232606,-350.67578068994,-9.8967263887193e-06,-884.99042102089,771.90467639313
40.075000000001,53.476651838178,17.825538218554,3.2529757744939e-18,0.0039207713946822,1.7301457620122,7.537033830299,-2.2780605889347e-14,-46.163927782249,-6.3890554106157e-13,30.921545818531,4.4736439091798e-13,-4.4736778703425e-13,-64.953608099154,-64.953591194444,0.00040646915762834,0.00040647431829134,-4.4736471388223e-13,4.4736045727638e-13,-0.00040647075907906,-0.00040647238330457,-64.953640985231,-64.953657885092,-23.622062085161,0.00015844054621094,-4.6163927782245e-05,24.928143199459,-5.8259769375097,329.01520104125,100000480.1442,-9.1593456035585e-14,0.00855654500652,-0.012072581232606,-349.77687859481,-9.5224528241195e-06,-882.80263347218,770.00025530945
40.175000000001,51.869454888403,17.289806149336,2.8592579112738e-18,0.0039466202126499,1.7301514147191,7.5273339593888,-2.0074033842589e-14,-45.311510947711,-5.5724191179499e-13,30.556448856639,3.9018317043178e-13,-3.9018614359321e-13,-64.186686980065,-64.186670113195,0.00035550290161228,0.00035550742300381,-3.9018346138199e-13,3.9017973505859e-13,-0.0003555043044133,-0.00035550572797656,-64.186719977564,-64.186736839636,-23.34313367258,0.00015545708537455,-4.5311510947708e-05,24.866166678516,-5.8101756427814,329.01520224464,100000481.28644,-9.1912645591593e-14,0.0085661589944863,-0.012072581232607,-348.8945760986,-9.1688878627528e-06,-880.65484081906,768.13063032191
40.275000000001,50.327500676962,16.775821651012,2.5183116645906e-18,0.0039719953049357,1.730156962359,7.5177995463362,-1.7724353334571e-14,-44.48614724921,-4.860443780539e-13,30.198148017015,3.4033035443533e-13,-3.4033295766551e-13,-63.434041776942,-63.434024948243,0.00031096623136479,0.00031097019331587,-3.4033061649908e-13,3.4032735396554e-13,-0.00031096746035119,-0.00031096870825545,-63.434074883221,-63.434091707169,-23.069397980585,0.00015256937598181,-4.4486147249207e-05,24.805372062879,-5.7946916238682,329.01520342594,100000482.40774,-9.2190201779215e-14,0.0085755941379509,-0.012072581232607,-348.02834445978,-8.8344988052932e-06,-878.5457783183,766.29470150324
40.375000000001,48.847262735237,16.28240923451,2.2224090733952e-18,0.0039969115625752,1.7301624082676,7.5084256232441,-1.5680060737108e-14,-43.686524328543,-4.2397247251646e-13,29.84643601099,2.9686734202598e-13,-2.9686962169773e-13,-62.695237059505,-62.69522026931,0.00027204745524678,0.00027205092760527,-2.9686757804503e-13,2.9686472115029e-13,-0.00027204853214469,-0.00027204962627275,-62.695270272016,-62.695287057509,-22.800696601029,0.00014977274409213,-4.368652432854e-05,24.745708804864,-5.7795100833534,329.01520458585,100000483.50877,-9.2474696856061e-14,0.0085848561181221,-0.012072581232607,-347.17768074595,-8.5179221139491e-06,-876.47424272349,764.49142239832
40.475000000001,47.425459146632,15.808474928048,1.9650463877647e-18,0.0040213831615361,1.7301677556194,7.4992074559317,-1.3897703732397e-14,-42.911416482989,-3.6985675697593e-13,29.501115244445,2.5897528761312e-13,-2.5897728427873e-13,-61.969857761847,-61.969841010477,0.00023803695237765,0.00023803999625143,-2.5897550016498e-13,2.5897299805807e-13,-0.00023803789619179,-0.00023803885569382,-61.96989107812,-61.969907824836,-22.536878535511,0.00014706282561198,-4.2911416482986e-05,24.68712877016,-5.7646186129818,329.01520572504,100000484.59015,-9.2662047413639e-14,0.0085939503418678,-0.012072581232607,-346.34210611682,-8.2179039005838e-06,-874.43908820242,762.71979647481
40.575000000001,46.059031694,15.352999326288,1.7407359066338e-18,0.0040454236094635,1.7301730074384,7.4901405287899,-1.2340528754938e-14,-42.159677466028,-3.2267717153716e-13,29.161997196817,2.2593994093356e-13,-2.2594169005251e-13,-61.257507877954,-61.257491165728,0.00020831445700959,0.00020831712585663,-2.2594013235249e-13,2.259379405697e-13,-0.00020831528436306,-0.0002083161259967,-61.257541295603,-61.25755800322,-22.277799720654,0.00014443554047822,-4.2159677466026e-05,24.629591731509,-5.7500046284059,329.01520684413,100000485.65248,-9.2939603587496e-14,0.0086028819597036,-0.012072581232608,-345.5211642518,-7.9332843362204e-06,-872.43922259651,760.97887387091
40.675,44.745127114383,14.915031341947,1.5448355697395e-18,0.0040690457885783,1.7301781666079,7.481220530875,-1.097737103826e-14,-41.430234003445,-2.8154408603819e-13,28.828901850304,1.9713837917654e-13,-1.9713991175312e-13,-60.557809262719,-60.557792589955,0.00018233789920367,0.00018234023978737,-1.9713855157358e-13,1.971366312386e-13,-0.0001823386246357,-0.00018233936306424,-60.557842779434,-60.557859447637,-22.023322591772,0.00014188706941281,-4.1430234003443e-05,24.573054377911,-5.7356573382293,329.01520794372,100000486.69632,-9.326573201435e-14,0.0086116558822939,-0.012072581232608,-344.71441990607,-7.6630372654291e-06,-870.47360398687,759.26774840973
40.775,43.481080217991,14.493682578769,1.3734090386026e-18,0.0040922619951097,1.7301832358793,7.4724433431222,-9.7817410559683e-15,-40.722079944412,-2.4568172496338e-13,28.501657164462,1.720274010374e-13,-1.7202874417925e-13,-59.870400528256,-59.870383895262,0.0001596336174628,0.00015963567068902,-1.7202755631948e-13,1.7202587344292e-13,-0.00015963425368952,-0.00015963490174329,-59.870434141797,-59.870450770275,-21.773315681235,0.00013941383295911,-4.0722079944409e-05,24.517478463107,-5.7215650191621,329.01520902439,100000487.72223,-9.3536349285876e-14,0.0086202767956193,-0.012072581232608,-343.92145758365,-7.4062028232265e-06,-868.54123753765,757.58555485484
40.875,42.264398656085,14.088122254158,1.2231104775706e-18,0.004115083975596,1.7301882178805,7.4638050265695,-8.7310704474486e-15,-40.034270974422,-2.144136751817e-13,28.180098591791,1.5013337917448e-13,-1.5013455658158e-13,-59.19493602636,-59.194919433441,0.00013978777943812,0.00013978958108826,-1.5013351906233e-13,1.501320439283e-13,-0.000139788337581,-0.00013978890648628,-59.194969734556,-59.194986323,-21.527653248176,0.00013701247253661,-4.003427097442e-05,24.462829249876,-5.7077191648325,329.01521008669,100000488.73071,-9.383472212892e-14,0.0086287491749382,-0.012072581232609,-343.14188031562,-7.1618922842629e-06,-866.64117258935,755.93146638305
40.975,41.092749151995,13.697572609517,1.091089407437e-18,0.0041375229603536,1.7301931151229,7.4553018114952,-7.8060878545114e-15,-39.365919827326,-1.8715021995707e-13,27.864068630539,1.310433914294e-13,-1.3104442382212e-13,-58.531084909113,-58.531068356564,0.00012243886533863,0.00012244044671158,-1.3104351747431e-13,1.3104222410358e-13,-0.00012243935512441,-0.000122439854704,-58.531118709853,-58.531135257965,-21.286214936647,0.00013467983328832,-3.9365919827323e-05,24.409069501508,-5.694109853987,329.01521113114,100000489.72227,-9.417472833151e-14,0.0086370772976563,-0.012072581232609,-342.37530853366,-6.9293065840099e-06,-864.77249997861,754.30469225406
41.075,39.963945033345,13.321304754333,9.7491192003422e-19,0.0041595896943775,1.7301979300091,7.4469300873857,-6.9903008931823e-15,-38.71619194217,-1.633772731319e-13,27.553416411221,1.1439747249539e-13,-1.1439837798902e-13,-57.878530260333,-57.878513748448,0.00010727108534125,0.00010727247381526,-1.1439758609472e-13,1.1439645177491e-13,-0.00010727151527696,-0.00010727195412576,-57.878564151567,-57.878580659055,-21.048885459564,0.00013241294852522,-3.8716191942168e-05,24.356168087739,-5.6807276432309,329.01521215824,100000490.69737,-9.4424528909537e-14,0.0086452652552053,-0.012072581232609,-341.62137902987,-6.7076855210964e-06,-862.93434956303,752.70447565848
41.175,38.875934923987,12.958634896817,8.7249526729628e-19,0.0041812944659104,1.7302026648387,7.4386863936559,-6.2695650856522e-15,-38.084301517205,-1.4264671448723e-13,27.24799731383,9.9881846695453e-14,-9.9882641127973e-14,-57.236968291487,-57.236951820554,9.4008617243395e-05,9.4009836767848e-05,-9.9881949107075e-14,9.9880953981607e-14,-9.4008994769506e-05,-9.4009380408221e-05,-57.237002271223,-57.2370187378,-20.815554306097,0.00013020902559661,-3.8084301517203e-05,24.304094937755,-5.6675652205223,329.01521316848,100000491.65649,-9.4653512802104e-14,0.0086533169640277,-0.012072581232609,-340.87974399504,-6.4963761951324e-06,-861.12588793258,751.13009172792
41.275,37.826792469798,12.608920919167,7.8205341448911e-19,0.0042026471328924,1.7302073218148,7.4305674110551,-5.6317242418612e-15,-37.469507917623,-1.2456795133874e-13,26.947672613016,8.7223019376116e-14,-8.7223716594788e-14,-56.606107596348,-56.606091166647,8.2410563954439e-05,8.2411635480143e-05,-8.7223111731609e-14,8.7222238440231e-14,-8.2410895578811e-05,-8.2411234588531e-05,-56.606141662648,-56.606158088032,-20.58611547046,0.00012806543303006,-3.7469507917621e-05,24.252820761773,-5.6546144092039,329.01521416231,100000492.60004,-9.4938007842193e-14,0.008661236175741,-0.01207258123261,-340.15007012823,-6.2947095752925e-06,-859.34631629033,749.58084569241
41.375,36.814706990618,12.271559261563,7.0205160627249e-19,0.004223657147478,1.7302119030491,7.4225699536965,-5.0663097055096e-15,-36.871112401646,-1.0880055273022e-13,26.65230914873,7.6182619338464e-14,-7.6183231450527e-14,-55.985668459165,-55.985652070968,7.2266542320685e-05,7.2267484176311e-05,-7.618270265526e-14,7.6181936019641e-14,-7.2266833735783e-05,-7.2267131875686e-05,-55.985702610141,-55.985718994056,-20.360467200158,0.00012597968881355,-3.6871112401644e-05,24.202316879673,-5.6418672216868,329.01521514017,100000493.52845,-9.5236380666652e-14,0.0086690264865598,-0.01207258123261,-339.43203781135,-6.1021237468435e-06,-857.59486848757,748.05607117201
41.475,35.837974961272,11.945982082493,6.3116836133172e-19,0.0042443335787926,1.7302164105673,7.4146909616571,-4.5642882241424e-15,-36.288455131429,-9.5047821414893e-14,26.361779020168,6.6552897912183e-14,-6.6553435504038e-14,-55.375382211744,-55.375365865319,6.3392825353367e-05,6.3393653574714e-05,-6.6552973104665e-14,6.6552299853501e-14,-6.3393081538744e-05,-6.3393343849118e-05,-55.375416445558,-55.375432787736,-20.138511762051,0.00012394944969956,-3.6288455131427e-05,24.152557931876,-5.6293169927343,329.01521610249,100000494.44212,-9.5500059018166e-14,0.0086766913460397,-0.01207258123261,-338.72534034289,-5.9180792797472e-06,-855.87080919993,746.55512859096
41.575,34.894992236692,11.631654667142,5.6826360572369e-19,0.0042646851340777,1.7302208463137,7.4069274940988,-4.1178500877921e-15,-35.720912440006,-8.3051185428541e-14,26.07595930104,5.8152801911331e-14,-5.8153274240168e-14,-54.774990635351,-54.774974330959,5.5628969307661e-05,5.5629697925635e-05,-5.8152869800955e-14,5.8152278329643e-14,-5.5629194619593e-05,-5.5629425511947e-05,-54.77502495021,-54.775041250386,-19.920155224715,0.00012197250142742,-3.5720912440004e-05,24.103518253912,-5.6169550773778,329.01521704968,100000495.34144,-9.5694348427384e-14,0.0086842340652028,-0.01207258123261,-338.02968322598,-5.7420672162221e-06,-854.17343223233,745.07740370393
41.675,33.984246946249,11.328073058826,5.1235189178109e-19,0.0042847201783635,1.7302252121558,7.3992767228644,-3.7202306992163e-15,-35.167894328911,-7.2585305697094e-14,25.794731774331,5.0824547960408e-14,-5.0824963121711e-14,-54.184245403553,-54.18422914145,4.8834865363042e-05,4.8835506655479e-05,-5.082460928491e-14,5.0824089445472e-14,-4.8835063612887e-05,-4.8835266948779e-05,-54.184279797708,-54.18429605563,-19.705307255711,0.00012004674977286,-3.5167894328909e-05,24.055173159292,-5.6047771089892,329.01521798212,100000496.22676,-9.6048232393328e-14,0.0086916578240912,-0.012072581232611,-337.34478350587,-5.5736247263073e-06,-852.50205894144,743.62230622432
41.775,33.10431299076,11.034761891322,4.6257984047482e-19,0.0043044467527918,1.7302295098883,7.3917359265125,-3.3655599671995e-15,-34.628842173851,-6.3453809002547e-14,25.51798268499,4.4430634699021e-14,-4.4430999772983e-14,-53.602907562708,-53.602891343144,4.2888162992947e-05,4.2888727704805e-05,-4.4430690120778e-14,4.4430233038254e-14,-4.2888337515661e-05,-4.2888516675638e-05,-53.602942034452,-53.602958249872,-19.493880932555,0.00011817021234352,-3.462884217385e-05,24.007503269142,-5.592776146908,329.01521890018,100000497.09846,-9.6367421886626e-14,0.0086989656788064,-0.012072581232611,-336.67036915293,-5.4123444841239e-06,-850.85603676653,742.18926854688
41.875,32.253844083025,10.7512724024,4.1820709965331e-19,0.0043238725917001,1.730233741237,7.3843024847521,-3.0487349099623e-15,-34.103226618285,-5.5485566954347e-14,25.245602509069,3.8851237301889e-14,-3.8851558481364e-14,-53.030747047037,-53.030730870252,3.7682018587869e-05,3.7682516123748e-05,-3.8851287415493e-14,3.8850885327471e-14,-3.7682172301896e-05,-3.7682330245791e-05,-53.030781594703,-53.030797767375,-19.285792566265,0.00011634101104797,-3.4103226618284e-05,23.96048508043,-5.5809472155072,329.01521980424,100000497.95686,-9.6638039119558e-14,0.0087061605680706,-0.012072581232611,-336.0061784872,-5.2577808979776e-06,-849.23473785906,740.77774455623
41.975,31.431568279603,10.477180611082,3.7859023592348e-19,0.0043430051385677,1.7302379078624,7.3769738732462,-2.7653116650058e-15,-33.590545637095,-4.8531451556615e-14,24.97748573801,3.3981935713265e-14,-3.3982218415594e-14,-52.46754222547,-52.467526091699,3.3123128604549e-05,3.3123567196996e-05,-3.398198105238e-14,3.3981627168772e-14,-3.3123264064179e-05,-3.3123403383828e-05,-52.467576847429,-52.467592977116,-19.080961536483,0.00011455736517423,-3.3590545637094e-05,23.914097208285,-5.5692831142008,329.01522069463,100000498.80231,-9.6880900773916e-14,0.0087132453193472,-0.012072581232612,-335.35195964142,-5.109598498025e-06,-847.63755780363,739.38720851456
42.075,30.636282956664,10.212085642912,3.4316907988852e-19,0.0043618515609157,1.7302420113631,7.3697476587543,-2.5114137613045e-15,-33.090322754021,-4.2461506685867e-14,24.71353067684,2.9731734103664e-14,-2.9731983068385e-14,-51.913079477758,-51.91306338723,2.913001154055e-05,2.9130398397197e-05,-2.9731775147219e-14,2.9731463527723e-14,-2.9130130981676e-05,-2.9130253947029e-05,-51.913114172417,-51.913130258889,-18.879310137234,0.00011281758501938,-3.309032275402e-05,23.868321258177,-5.557779943141,329.0152215717,100000499.63511,-9.7179273576557e-14,0.0087202226545615,-0.012072581232612,-334.70747005892,-4.967430744889e-06,-846.0639144223,738.01715402219
42.175,29.866850188727,9.9556081895326,3.1145512768482e-19,0.0043804187642418,1.7302460532788,7.3626214945874,-2.2836540493742e-15,-32.602105399139,-3.7162482442691e-14,24.453639255252,2.6021334412464e-14,-2.6021553786693e-14,-51.367152797618,-51.367136750556,2.5631507455264e-05,2.5631848887444e-05,-2.602137159024e-14,2.602109703728e-14,-2.5631612835385e-05,-2.5631721434813e-05,-51.367187563418,-51.367203606453,-18.680763432535,0.00011112006602073,-3.2602105399138e-05,23.823138227527,-5.5464324731685,329.01522243576,100000500.45558,-9.7373562967823e-14,0.0087270951954505,-0.012072581232612,-334.07247602446,-4.8309691772445e-06,-844.51324665654,736.66709304529
42.275,29.122192492618,9.7073890900236,2.8302166964364e-19,0.004398713405067,1.7302500350932,7.3555931163514,-2.0790681256285e-15,-32.125463393351,-3.253568604224e-14,24.197716850537,2.2781631532332e-14,-2.2781824945362e-14,-50.829563420791,-50.829547417413,2.2565467644769e-05,2.256576917995e-05,-2.278166523e-14,2.2781423195176e-14,-2.2565560677945e-05,-2.2565656653492e-05,-50.829598256208,-50.829614255588,-18.485249121059,0.00010946328334191,-3.2125463393349e-05,23.778530214997,-5.535234453807,329.01522328712,100000501.26399,-9.7671935764907e-14,0.0087338654685693,-0.012072581232612,-333.44675222463,-4.6998925459532e-06,-842.98501352007,735.3365550054
42.375,28.401288903453,9.4670880228868,2.5749537272316e-19,0.0044167419031609,1.7302539582372,7.3486603379563,-1.8950574508397e-15,-31.659987548415,-2.8495108776055e-14,23.945672121495,1.9952401799962e-14,-1.9952572428449e-14,-50.300119476144,-50.300103516661,1.9877610491197e-05,1.9877876971254e-05,-1.9952432363619e-14,1.9952218865977e-14,-1.9877692678604e-05,-1.9877777556805e-05,-50.300154379685,-50.3001703352,-18.292697409193,0.00010784578687268,-3.1659987548414e-05,23.734481504575,-5.5241840164661,329.01522412608,100000502.06065,-9.7942552983674e-14,0.0087405359099817,-0.012072581232613,-332.83008133589,-4.5739525696094e-06,-841.47869311741,734.02508592605
42.475,27.703171352518,9.2343822986774,2.3454908907508e-19,0.0044345104530081,1.730257824091,7.3418210478721,-1.7293406606202e-15,-31.205288372199,-2.49657937128e-14,23.69741685249,1.7481160053226e-14,-1.7481310678131e-14,-49.778635658109,-49.778619742727,1.7520522502822e-05,1.7520758169948e-05,-1.7481187793474e-14,1.7480999348095e-14,-1.7520595159455e-05,-1.7520670278281e-05,-49.778670628312,-49.778686539756,-18.103040891853,0.00010626619660559,-3.1205288372198e-05,23.690974606173,-5.5132737985083,329.01522495294,100000502.84582,-9.8206231305927e-14,0.0087471088696618,-0.012072581232613,-332.22225363837,-4.4528429325222e-06,-839.9937817234,732.73224763245
42.575,27.026921320541,9.0089657444153,2.1389570086879e-19,0.0044520250345726,1.7302616339865,7.3350732056121,-1.5799118126246e-15,-30.760994870232,-2.1882413297015e-14,23.452865806908,1.532216365979e-14,-1.5322296716141e-14,-49.264932918839,-49.264917047758,1.5452786188546e-05,1.5452994760336e-05,-1.5322188855405e-14,1.532202241102e-14,-1.5452850466557e-05,-1.5452916998977e-05,-49.264967954272,-49.264983821447,-17.916214440483,0.00010472319835712,-3.0760994870231e-05,23.647995225282,-5.5025024324238,329.01522576797,100000503.61977,-9.8497665201119e-14,0.0087535866156219,-0.012072581232613,-331.62306665312,-4.336346854466e-06,-838.52979291869,731.45761699965
42.675,26.371666741619,8.790547671579,1.9528284256293e-19,0.0044692914234132,1.7302653892101,7.3284148384264,-1.4450045185093e-15,-30.326753434736,-1.9188029932072e-14,23.211936589322,1.3435544672065e-14,-1.3435662292427e-14,-48.758838178692,-48.758822352103,1.3638218713691e-05,1.3638403448785e-05,-1.3435567573293e-14,1.343542045777e-14,-1.3638275622789e-05,-1.3638334597369e-05,-48.758873277947,-48.758889100661,-17.732155097711,0.00010321553980214,-3.0326753434735e-05,23.60552805095,-5.4918654148884,329.01522657144,100000504.38275,-9.8782160199927e-14,0.008759971337791,-0.012072581232613,-331.03232480116,-4.2242124825597e-06,-837.08625677737,730.20078524632
42.775,25.736579136991,8.5788519206879,1.7848836762555e-19,0.0044863152001933,1.7302690910042,7.3218440381935,-1.3230610780418e-15,-29.902226814537,-1.683301606565e-14,22.974549515776,1.1786553666482e-14,-1.178665771894e-14,-48.260184053728,-48.260168271817,1.2045207302106e-05,1.2045371057564e-05,-1.1786574497993e-14,1.178644437072e-14,-1.2045257727382e-05,-1.2045310046299e-05,-48.260219215427,-48.260234993492,-17.550801978209,0.00010174202679755,-2.9902226814536e-05,23.56355752722,-5.4813571476035,329.01522736361,100000505.13501,-9.9066655196291e-14,0.0087662651516655,-0.012072581232614,-330.44983908322,-4.1162520281758e-06,-835.6627191032,728.96135727046
42.875,25.120870957699,8.3736159755216,1.6331644798028e-19,0.0045031017596335,1.7302727405696,7.3153589584912,-1.2127058725221e-15,-29.487093157705,-1.4774113294554e-14,22.740627491557,1.03449009247e-14,-1.0344993046048e-14,-47.768808598974,-47.76879286192,1.0646129116953e-05,1.0646274398413e-05,-1.0344919888246e-14,1.0344804698518e-14,-1.0646173834467e-05,-1.0646220289259e-05,-47.768843821764,-47.768859554999,-17.372096175281,0.00010030151996632,-2.9487093157704e-05,23.52207077995,-5.4709757244194,329.01522814473,100000505.87679,-9.9337272402496e-14,0.0087724701017393,-0.012072581232614,-329.87542677779,-4.0122407511188e-06,-834.25874071013,727.73895102397
42.975,24.523793119834,8.174590141537,1.4959421226105e-19,0.0045196563189425,1.7302763390676,7.3089578118377,-1.1127223919472e-15,-29.081045122382,-1.2973612624512e-14,22.510095895988,9.0841824480531e-15,-9.0842640727901e-15,-47.284555066408,-47.284539374385,9.4168448998003e-06,9.4169739053284e-06,-9.0841997248472e-15,9.0840976755099e-15,-9.4168845901984e-06,-9.4169258755371e-06,-47.284590348959,-47.28460603719,-17.19598067281,9.8892931525238e-05,-2.9081045122381e-05,23.481055032339,-5.460715844861,329.01522891505,100000506.60831,-9.9510745091641e-14,0.0087785881647367,-0.012072581232614,-329.30891115716,-3.911974113913e-06,-832.87389674503,726.53319692361
43.075,23.944632715162,7.9815367827492,1.3716884367301e-19,0.0045359839257651,1.730279887621,7.3026388670899,-1.0220333673785e-15,-28.683789048928,-1.139864030717e-14,22.282882473709,7.9813798975879e-15,-7.9814522832554e-15,-46.807271676592,-46.807256029769,8.3362570015825e-06,8.3363716600086e-06,-7.9813956504362e-15,7.9813051661207e-15,-8.3362922620064e-06,-8.3363289877415e-06,-46.8073070176,-46.807322660656,-17.022400262174,9.7515222332103e-05,-2.8683789048927e-05,23.44049917226,-5.4505769480197,329.0152296748,100000507.32981,-9.9788301186903e-14,0.0087846212526596,-0.012072581232615,-328.75012121938,-3.8153048231982e-06,-831.50777604883,725.3437372955
43.175,23.382710883587,7.7942296125452,1.2590507060861e-19,0.0045520894656797,1.7302833873166,7.2964004469878,-9.3968356160198e-16,-28.295044189431,-1.0020535672349e-14,22.058917232026,7.0164249495779e-15,-7.0164891989039e-15,-46.336811403043,-46.336795801585,7.3859236235016e-06,7.3860256279371e-06,-7.016439324793e-15,7.0163590241561e-15,-7.385954977996e-06,-7.3859876796903e-06,-46.336846801228,-46.336862398947,-16.851301463794,9.6167399137918e-05,-2.829504418943e-05,23.400389086607,-5.4405537982737,329.0152304242,100000508.04149,-1.0010749064334e-13,0.0087905712156614,-0.012072581232615,-328.19889143568,-3.7220481492675e-06,-830.15998055391,724.1702258512
43.275,22.837380833469,7.6124530337919,1.1568299345008e-19,0.0045679776692758,1.7302868392065,7.2902409258352,-8.6482483923301e-16,-27.914541989072,-8.814309115468e-15,21.838132343952,6.1718197760191e-15,-6.1718768562674e-15,-45.873031768557,-45.873016212621,6.5497221217791e-06,6.549812958925e-06,-6.1718329051329e-15,6.1717615765988e-15,-6.549750030392e-06,-6.5497791785347e-06,-45.873067222659,-45.87308277488,-16.682632453027,9.4848512024547e-05,-2.7914541989071e-05,23.360713211014,-5.4306425967841,329.01523116349,100000508.74357,-1.0037810784034e-13,0.0087964398447597,-0.012072581232615,-327.65506151188,-3.6320391361291e-06,-828.83012471514,723.01232719288
43.375,22.308025998344,7.4360015244193,1.0639619961905e-19,0.0045836531188416,1.7302902443094,7.2841587273083,-7.9670319463976e-16,-27.542025415867,-7.7581699196284e-15,21.620462056481,5.4323064236588e-15,-5.4323571835402e-15,-45.415794652529,-45.415779142266,5.8135551358428e-06,5.813636111619e-06,-5.432318424956e-15,5.4322550055164e-15,-5.813580002582e-06,-5.8136060106481e-06,-45.415830161309,-45.415845667882,-16.516342990072,9.3557652015238e-05,-2.7542025415866e-05,23.321461199497,-5.420841812239,329.01523189286,100000509.43624,-1.0064178614124e-13,0.0088022288743972,-0.012072581232615,-327.11847616273,-3.5451292352673e-06,-827.51783497211,721.86971634574
43.475,21.794058319221,7.2646790648347,9.7950126187448e-20,0.0045991202546849,1.7302936036124,7.2781523223817,-7.3464746425715e-16,-27.177248334845,-6.8331149175458e-15,21.405842603815,4.7845787933349e-15,-4.7846239777887e-15,-44.964966108689,-44.964950644243,5.1650940911442e-06,5.1651663531029e-06,-4.7845897732268e-15,4.7845333299115e-15,-5.1651162709346e-06,-5.1651395024354e-06,-44.965001670927,-44.965017131705,-16.352384353655,9.2293948843974e-05,-2.7177248334844e-05,23.28262188901,-5.4111479284392,329.01523261254,100000510.11971,-1.0091240333386e-13,0.0088079399848641,-0.012072581232616,-326.58898489905,-3.4611964393987e-06,-826.22274924074,720.74207831596
43.575,21.294916642351,7.0982986038589,9.0260635425888e-20,0.0046143833811139,1.7302969180721,7.2722202273674,-6.7805949018793e-16,-26.819974923174,-6.0225701546046e-15,21.194212125218,4.2170317309304e-15,-4.2170719940449e-15,-44.520416192526,-44.520400774039,4.5935553195713e-06,4.5936198765017e-06,-4.2170417851851e-15,4.2169914988655e-15,-4.5935751243393e-06,-4.5935958989907e-06,-44.520451807023,-44.520467221866,-16.190709278246,9.1056568871139e-05,-2.6819974923173e-05,23.244184865458,-5.4015587166545,329.01523332272,100000510.79417,-1.011968983122e-13,0.0088135748045906,-0.012072581232616,-326.066441826,-3.3800805380602e-06,-824.94451643238,719.62910767246
43.675,20.810065223624,6.9366815601948,8.3252773807559e-20,0.0046294466720988,1.7303001886157,7.2663610020561,-6.2640553627393e-16,-26.469979123155,-5.3120787224879e-15,20.985510587166,3.719542447158e-15,-3.7195783634659e-15,-44.082018797773,-44.082003425382,4.089504644829e-06,4.0895623839062e-06,-3.7195516620007e-15,3.7195068132317e-15,-4.089522348824e-06,-4.089540947944e-06,-44.08205446335,-44.082069832122,-16.031271894564,8.9844713134444e-05,-2.6469979123155e-05,23.206141618925,-5.3920713772829,329.01523402359,100000511.45979,-1.0141200434954e-13,0.0088191349123136,-0.012072581232616,-325.55070545209,-3.3016649797512e-06,-823.68279599824,718.53050815084
43.775,20.338992331341,6.7796573566682,7.6859689311164e-20,0.0046443141766341,1.7303034161428,7.2605732479563,-5.7920878670282e-16,-26.127044130094,-4.6890288118103e-15,20.779679709558,3.283280098861e-15,-3.2833121732152e-15,-43.649651501402,-43.649636175236,3.6446868081116e-06,3.6447385098995e-06,-3.2832885519599e-15,3.2832485086008e-15,-3.6447026525606e-06,-3.6447193237934e-06,-43.649687216898,-43.649702539466,-15.874027673192,8.8657615524471e-05,-2.6127044130094e-05,23.168480842559,-5.382683213582,329.01523471535,100000512.11677,-1.0165486596052e-13,0.0088246218391308,-0.012072581232617,-325.04163850855,-3.2258308596111e-06,-822.43725749799,717.44599227814
43.875,19.881208939892,6.6270629848127,7.1021685514653e-20,0.0046589898238231,1.7303066015259,7.2548556066244,-5.3604278161482e-16,-25.790961912712,-4.1424167984349e-15,20.576662895701,2.9005399010487e-15,-2.9005685772573e-15,-43.223195416547,-43.22318013673,3.2518765704992e-06,3.2519229220781e-06,-2.9005476623967e-15,2.900511868788e-15,-3.2518907676788e-06,-3.2519057291291e-06,-43.223231180817,-43.223246457057,-15.718933371061,8.7494541076401e-05,-2.5790961912711e-05,23.131193785467,-5.3733911519542,329.01523539817,100000512.76526,-1.0191854425119e-13,0.0088300370704481,-0.012072581232617,-324.53910777778,-3.1524767509901e-06,-821.20758019059,716.37528101713
43.975,19.436247507457,6.4787425974108,6.5685394069021e-20,0.004673477427699,1.7303097456118,7.2492067580802,-4.9652566492537e-16,-25.461532763271,-3.6626408460491e-15,20.376405165855,2.564598606544e-15,-2.5646242749221e-15,-42.802535052912,-42.802519819565,2.9047487311707e-06,2.9047903376255e-06,-2.5646057392479e-15,2.5645737067463e-15,-2.9047614679707e-06,-2.9047749118228e-06,-42.80257086483,-42.802586094622,-15.565946980673,8.635478436789e-05,-2.546153276327e-05,23.094273073772,-5.3641954020741,329.01523607224,100000513.40545,-1.0220997811562e-13,0.0088353820478241,-0.012072581232617,-324.04298393061,-3.0814938967423e-06,-819.99345264621,715.31810342878
44.075,19.003660831683,6.3345471270687,6.0803049776127e-20,0.0046877806918013,1.7303128492227,7.2436254193019,-4.6031513726936e-16,-25.138564875873,-3.2413210896694e-15,20.178853094109,2.2695885977109e-15,-2.2696116016861e-15,-42.387558184168,-42.387542997406,2.5977646520887e-06,2.5978020465639e-06,-2.2695951586984e-15,2.269566457398e-15,-2.5977760931298e-06,-2.5977881888168e-06,-42.387594042623,-42.387609225851,-15.415027681854,8.5237668017471e-05,-2.5138564875872e-05,23.05770879553,-5.3550913654314,329.01523673772,100000514.03749,-1.0247365640245e-13,0.0088406581707227,-0.012072581232617,-323.55314137213,-3.0127739767504e-06,-818.79457237783,714.27419635197
44.175,18.583020977415,6.1943339287935,5.6331854712434e-20,0.0047019032135211,1.7303159131569,7.2381103427975,-4.2710402187212e-16,-24.821873950414,-2.8711429720184e-15,19.983954748404,2.0103881899209e-15,-2.0104088318115e-15,-41.978155721976,-41.978140581908,2.3260731867266e-06,2.3261068392285e-06,-2.0103942305727e-15,2.0103684820637e-15,-2.3260834770897e-06,-2.3260943740682e-06,-41.978191625874,-41.978206762428,-15.266135795924,8.4142541274553e-05,-2.4821873950413e-05,23.021491943972,-5.3460763500865,329.01523739479,100000514.66154,-1.0275815136917e-13,0.008845866798177,-0.012072581232618,-323.06945809516,-2.9462193340433e-06,-817.61064549154,713.24330409934
44.275,18.173918271136,6.0579664447948,5.2233419741803e-20,0.0047158484882299,1.73031893819,7.2326603152459,-3.9661636395524e-16,-24.511282820281,-2.5457207467213e-15,19.791659633497,1.7825260559113e-15,-1.7825446019814e-15,-41.574221596164,-41.574206502896,2.0854241783213e-06,2.0854545034255e-06,-1.7825316226271e-15,1.7825084936605e-15,-2.0854334459367e-06,-2.0854432761177e-06,-41.574257544425,-41.574272634201,-15.119232742106,8.3068778694213e-05,-2.451128282028e-05,22.985616801242,-5.3371506017666,329.0152380436,100000515.27776,-1.0301489075828e-13,0.0088510092503685,-0.012072581232618,-322.59181554093,-2.8817509490196e-06,-816.44138635394,712.22517816803
44.375,17.775960357489,5.9253138900063,4.8473273382253e-20,0.0047296199132056,1.7303219250757,7.2272741562038,-3.6860399522491e-16,-24.206621102486,-2.2594785473959e-15,19.601918636682,1.582097949857e-15,-1.5821146347408e-15,-41.175652640716,-41.175637594348,1.8720929269647e-06,1.8721202905653e-06,-1.5821030845626e-15,1.5820822815058e-15,-1.8721012847038e-06,-1.8721101645818e-06,-41.175688632278,-41.175703675172,-14.974280996048,8.2015778891995e-05,-2.4206621102486e-05,22.950074573522,-5.3283100905524,329.01523868433,100000515.8863,-1.0327856903946e-13,0.0088560868101278,-0.012072581232618,-322.12009846646,-2.8192724403795e-06,-815.28651727584,711.21957696475
44.475,17.388771313593,5.7962509568523,4.5020429369022e-20,0.004743220791366,1.7303248745465,7.2219507168773,-3.428435042918e-16,-23.907724868677,-2.0075467572367e-15,19.414683976126,1.4056941449128e-15,-1.4057091754866e-15,-40.782348485248,-40.782333485877,1.6828142289182e-06,1.68283895414e-06,-1.4056988855136e-15,1.4056801494989e-15,-1.6828217764256e-06,-1.6828298089447e-06,-40.78238451906,-40.782399514979,-14.831244050343,8.0982963373219e-05,-2.3907724868676e-05,22.914857843453,-5.3195535099687,329.01523931711,100000516.4873,-1.0352143063726e-13,0.0088611007243667,-0.012072581232619,-321.65419481897,-2.758700940631e-06,-814.14576821182,710.22626554437
44.575,17.011990816646,5.6706575377713,4.1847005434466e-20,0.0047566543348232,1.7303277873146,7.2166888789493,-3.1913356184158e-16,-23.614436335034,-1.7856717059891e-15,19.229909151676,1.2503362026506e-15,-1.250349761422e-15,-40.394211451669,-40.394196499387,1.5147247696206e-06,1.5147471419989e-06,-1.250340583438e-15,1.2503236861149e-15,-1.5147315949192e-06,-1.514738871108e-06,-40.394247526697,-40.394262475548,-14.690086376935,7.9969775429675e-05,-2.3614436335034e-05,22.879960504274,-5.3108797044093,329.0152399421,100000517.08091,-1.0378510891501e-13,0.0088660522054331,-0.012072581232619,-321.19399561564,-2.6999737006374e-06,-813.01887647357,709.24501536076
44.675,16.645273361444,5.5484184644162,3.8927886837832e-20,0.0047699236682675,1.7303306640728,7.2114875534655,-2.9729255623472e-16,-23.326603570465,-1.5901369758278e-15,19.047548897959,1.1134218711002e-15,-1.1134341191767e-15,-40.011146455662,-40.011131550557,1.3653128072534e-06,1.365333079273e-06,-1.1134259231157e-15,1.1134106629322e-15,-1.3653189881499e-06,-1.3653255885554e-06,-40.011182570886,-40.011197472581,-14.550773391275,7.897567910157e-05,-2.3326603570464e-05,22.845374198199,-5.3022859531675,329.01524055945,100000517.66726,-1.0400021493372e-13,0.0088709424324097,-0.012072581232619,-320.7393948296,-2.6430024353541e-06,-811.90558645739,708.27560402975
44.775,16.288287524343,5.4294232622748,3.6240429044915e-20,0.0047830318321918,1.7303335054949,7.2063456797697,-2.7715650110006e-16,-23.044080221379,-1.4176948194452e-15,18.867559139679,9.9267706340352e-16,-9.9268814309124e-16,-39.633060912791,-39.633046054944,1.2323742193107e-06,1.232392614385e-06,-9.9268081476446e-16,9.9266701371054e-16,-1.2323798246284e-06,-1.2323858205731e-06,-39.633097067201,-39.633111921658,-14.413271418166,7.8000158198618e-05,-2.3044080221379e-05,22.811093873592,-5.2937717360714,329.01524116929,100000518.24649,-1.0421532095064e-13,0.0088757725523445,-0.012072581232619,-320.29028928113,-2.5877184554452e-06,-810.8056493843,707.31781510314
44.875,15.94071527023,5.3135659196893,3.3764194698222e-20,0.0047959817859657,1.7303363122367,7.2012622244901,-2.5857718151648e-16,-22.766725252112,-1.2655063868354e-15,18.689896948973,8.8611400435333e-16,-8.8612404143425e-16,-39.259864648907,-39.259849838396,1.1139741029228e-06,1.1139908188819e-06,-8.8611748054526e-16,8.8610498129991e-16,-1.1139791935812e-06,-1.1139846482656e-06,-39.259900841507,-39.25991564865,-14.27754765917,7.7042715376906e-05,-2.2766725252112e-05,22.777110662407,-5.2853333013165,329.01524177177,100000518.81873,-1.0449287701116e-13,0.0088805436814251,-0.01207258123262,-319.84657853387,-2.5340762092048e-06,-809.71882305219,706.37143785317
44.975,15.602251299916,5.2007446702988,3.1480720659072e-20,0.0048087764107664,1.7303390849366,7.1962361805725,-2.4142050973952e-16,-22.494402699947,-1.1310896255093e-15,18.5145205047,7.9199474990193e-16,-7.9200385562903e-16,-38.891469814645,-38.891455051544,1.0084132228829e-06,1.0084284350337e-06,-7.9199797404042e-16,7.9198663747225e-16,-1.0084178528454e-06,-1.0084228223156e-06,-38.891506044453,-38.891520804206,-14.143570161502,7.610287126786e-05,-2.2494402699946e-05,22.743420429475,-5.276970051257,329.01524236701,100000519.3841,-1.0473573860053e-13,0.0088852569061033,-0.01207258123262,-319.40816479594,-2.4819801464912e-06,-808.64487159966,705.43626706718
45.075,15.272602435039,5.0908617880246,2.9373311457037e-20,0.0048214185123758,1.730341824216,7.1912665663555,-2.2556506520959e-16,-22.226981443853,-1.0122738654217e-15,18.341389053593,7.0879938733317e-16,-7.0880766017902e-16,-38.527790803811,-38.527776088191,9.1419869137021e-07,9.1421255517987e-07,-7.0880238039855e-16,7.0879208337527e-16,-9.1420290847436e-07,-9.1420744247109e-07,-38.527827069857,-38.52784178215,-14.011307788338,7.5180163656032e-05,-2.2226981443852e-05,22.71001692035,-5.2686812211602,329.01524295516,100000519.94274,-1.0504105023337e-13,0.0088899132841607,-0.01207258123262,-318.97495282563,-2.431395641291e-06,-807.58356528044,704.51210285134
45.175,14.951487037899,4.9838233936691,2.7426855948678e-20,0.0048339108238508,1.7303445306801,7.186352424689,-2.1090079675602e-16,-21.964334985665,-9.0716022750896e-16,18.170462873123,6.3519831315128e-16,-6.35205840341e-16,-38.168744175382,-38.168729507307,8.3001834190323e-07,8.3003099535486e-07,-6.3520109419913e-16,6.3519172766726e-16,-8.3002218858979e-07,-8.300263312937e-07,-38.168780476705,-38.168795141474,-13.880730190444,7.4274146701317e-05,-2.1964334985665e-05,22.676893125128,-5.2604639694615,329.01524353633,100000520.49475,-1.0530472850123e-13,0.0088945138457303,-0.01207258123262,-318.54684984114,-2.382262985833e-06,-806.53468024797,703.59875044344
45.275,14.638634464238,4.8795392725147,2.5627664406786e-20,0.004846256008074,1.7303472049186,7.1814928220909,-1.9732786778578e-16,-21.706341243533,-8.1408710588107e-16,18.001703236023,5.7002806356445e-16,-5.7003492242007e-16,-37.814248578971,-37.814233958502,7.5471832858171e-07,7.5472989424193e-07,-5.7003064991453e-16,5.7002211721546e-16,-7.547218425343e-07,-7.547256332207e-07,-37.814284914625,-37.814299531806,-13.751807779058,7.338439020483e-05,-2.1706341243533e-05,22.644045521792,-5.252317305816,329.01524411066,100000521.04026,-1.055892234492e-13,0.0088990595942715,-0.012072581232621,-318.12376543454,-2.3345119685435e-06,-805.49799834977,702.69602003402
45.375,14.333784546554,4.7779227020942,2.39633236085e-20,0.0048584566601899,1.730349847506,7.1766868479414,-1.8475562761635e-16,-21.452882356387,-7.3160007050587e-16,17.835072376356,5.1227024021517e-16,-5.1227649933491e-16,-37.464224683571,-37.464210110765,6.8728354144616e-07,6.8729412828073e-07,-5.1227264762088e-16,5.1226486301386e-16,-6.8728675615274e-07,-6.8729022976676e-07,-37.464261052621,-37.464275622154,-13.624511699967,7.2510478914048e-05,-2.1452882356387e-05,22.611467491126,-5.2442398813117,329.01524467825,100000521.57939,-1.0579045166892e-13,0.0089035515074999,-0.012072581232621,-317.70561148954,-2.2881025620096e-06,-804.47330693084,701.80372659532
45.475,14.036687106035,4.6788902895079,2.2422567800029e-20,0.0048705153099348,1.730352459002,7.1719336137127,-1.7310169423606e-16,-21.203844498872,-6.5842562151034e-16,17.670533457064,4.6103313282961e-16,-4.6103885312265e-16,-37.118595109364,-37.118580584277,6.2682048092438e-07,6.2683018589314e-07,-4.6103537563012e-16,4.6102826299631e-16,-6.2682342617056e-07,-6.2682661383243e-07,-37.118631510884,-37.118646032718,-13.498813808705,7.1652011865289e-05,-2.1203844498871e-05,22.579153185954,-5.2362303889204,329.01524523924,100000522.11224,-1.0612351887109e-13,0.0089079905382796,-0.012072581232621,-317.292302103,-2.2429881621973e-06,-803.46039864581,700.92168971803
45.575,13.747101491301,4.5823618176541,2.0995163681117e-20,0.0048824344238649,1.7303550399524,7.1672322522308,-1.6229113559717e-16,-20.959117705967,-5.9344829963013e-16,17.508050538911,4.1553569185622e-16,-4.1554092745104e-16,-36.777284362506,-36.777269885188,5.725422798192e-07,5.7255118927761e-07,-4.1553778311312e-16,4.1553127481802e-16,-5.7254498212143e-07,-5.7254791157095e-07,-36.777320795582,-36.777335269666,-13.374686646824,7.0808601760653e-05,-2.0959117705966e-05,22.547098751689,-5.228287787725,329.01524579373,100000522.63893,-1.0640107492049e-13,0.0089123776154713,-0.012072581232621,-316.88375350932,-2.1991156266088e-06,-802.45907127889,700.04973345466
45.674999999999,13.46479614234,4.488260099898,1.967180778407e-20,0.0048942164074875,1.7303575908894,7.1625819169707,-1.5225573814026e-16,-20.718595707137,-5.3569072125877e-16,17.347588550752,3.750935489214e-16,-3.7509834796338e-16,-36.440218772655,-36.440204343151,5.2375560096567e-07,5.2376379189689e-07,-3.7509550054147e-16,3.7508953643615e-16,-5.2375808395205e-07,-5.2376077993939e-07,-36.440255236383,-36.44026966267,-13.252103419172,6.9979874378912e-05,-2.0718595707136e-05,22.51529755689,-5.2204096173564,329.01524634183,100000523.15955,-1.0669944765022e-13,0.0089167136447496,-0.012072581232622,-316.47988400895,-2.1564345758467e-06,-801.4691275722,699.18768617024
45.774999999999,13.189548177798,4.3965108424834,1.8444034819617e-20,0.0049058636073019,1.7303601123321,7.1579817813793,-1.4293335260717e-16,-20.482175768658,-4.8429616221374e-16,17.189113261047,3.3910682190763e-16,-3.3911122725966e-16,-36.107326433147,-36.107312051498,4.7984917329678e-07,4.7985671439531e-07,-3.3910864475313e-16,3.3910317129697e-16,-4.7985145804191e-07,-4.7985394267154e-07,-36.107362926633,-36.107377305079,-13.131037972127,6.9165468015539e-05,-2.0482175768657e-05,22.483746181478,-5.2125958595017,329.01524688367,100000523.67422,-1.0697700369684e-13,0.008920999509379,-0.012072581232622,-316.08061389918,-2.1149122216647e-06,-800.49037506071,698.33538039879
45.874999999999,12.921143004489,4.3070425143763,1.7304135738672e-20,0.0049173783127533,1.7303626047866,7.1534310382291,-1.3426730841922e-16,-20.249758544402,-4.3851336280938e-16,17.032591250572,3.0704947540005e-16,-3.0705352525823e-16,-35.778537143664,-35.778522809909,4.4028375924822e-07,4.4029071187328e-07,-3.0705117938798e-16,3.0704614887774e-16,-4.4028586456771e-07,-4.4028815760105e-07,-35.778573666023,-35.778587996591,-13.011464772743,6.8365032952853e-05,-2.0249758544402e-05,22.452439815472,-5.2048447422862,329.01524741933,100000524.18304,-1.0725455974187e-13,0.0089252360709622,-0.012072581232622,-315.68586540824,-2.0745122796744e-06,-799.52262591472,697.4926527063
45.974999999999,12.659373947543,4.2197862239797,1.6245084410348e-20,0.0049287627581044,1.7303650687469,7.1489288989962,-1.2620588894278e-16,-20.021247934118,-3.9768326903997e-16,16.877989886263,2.7846003680572e-16,-2.784637652406e-16,-35.453782355295,-35.453768069471,4.0458337276961e-07,4.0458979178441e-07,-2.7846163099704e-16,2.7845700088924e-16,-4.0458531547926e-07,-4.0458743460138e-07,-35.453818905653,-35.453833188306,-12.893358888763,6.757823095681e-05,-2.0021247934117e-05,22.421374302828,-5.1971554054704,329.01524794894,100000524.6861,-1.0753211578544e-13,0.0089294241701539,-0.012072581232623,-315.2955626322,-2.0351774975328e-06,-798.56569678859,696.65934355924
46.074999999999,12.404041900027,4.1346756023452,1.5260471947627e-20,0.0049400191242296,1.7303675046951,7.1444745932661,-1.1870186086884e-16,-19.796550948953,-3.6122746143556e-16,16.725277296127,2.5293349418848e-16,-2.529369316211e-16,-35.132995117834,-35.132980879972,3.7232759018554e-07,3.7233352469626e-07,-2.5293498686845e-16,2.5293071918344e-16,-3.7232938532948e-07,-3.7233134638396e-07,-35.133031695326,-35.133045930032,-12.776695969451,6.6804734799626e-05,-1.9796550948952e-05,22.390545082461,-5.1895261265815,329.01524847258,100000525.1835,-1.0779579403985e-13,0.0089335646273455,-0.012072581232623,-314.90963147426,-1.9968817801591e-06,-797.61940867594,695.83529719855
46.174999999999,12.154954990685,4.0516466924129,1.4344447828677e-20,0.0049511495403347,1.7303699131017,7.1400673681627,-1.1171205174148e-16,-19.575577583462,-3.2863805516543e-16,16.574422345177,2.3011422427767e-16,-2.3011739789842e-16,-34.816110029229,-34.816095839357,3.4314481619342e-07,3.4315031020039e-07,-2.3011562302815e-16,2.3011168382586e-16,-3.4314647724511e-07,-3.4314829444116e-07,-34.816146632998,-34.81616081973,-12.661452227197,6.6044227805476e-05,-1.9575577583462e-05,22.359945069971,-5.1819560645871,329.01524899036,100000525.67533,-1.0804559450511e-13,0.0089376582433217,-0.012072581232623,-314.52799958674,-1.9595880284357e-06,-796.68358677068,695.02036151884
46.274999999999,11.911928269072,3.9706378440575,1.3491667063094e-20,0.0049621560856071,1.7303722944263,7.1357064878004,-1.0519697037244e-16,-19.358240694364,-2.9946888284172e-16,16.425394612342,2.0968981862913e-16,-2.0969275276643e-16,-34.503063187075,-34.503049045215,3.1670638477197e-07,3.1671147774367e-07,-2.0969113039373e-16,2.0968748931213e-16,-3.167079238113e-07,-3.1670960990641e-07,-34.503099816272,-34.503113955007,-12.547604419876,6.5296403420162e-05,-1.9358240694364e-05,22.329572935381,-5.1744441459659,329.01524950237,100000526.16169,-1.0823988381784e-13,0.0089417057998898,-0.012072581232623,-314.15059631528,-1.9232649816195e-06,-795.75806033372,694.21438795244
46.374999999999,11.674783406546,3.8915896144255,1.2697242738602e-20,0.0049730407907977,1.7303746491172,7.131391232758,-9.9120465476311e-17,-19.144455884877,-2.7332779575375e-16,16.27816436828,1.9138569291594e-16,-1.9138840936101e-16,-34.193792142013,-34.193778048186,2.9272139003026e-07,2.9272611740954e-07,-1.913869240588e-16,1.9138355390748e-16,-2.9272281789972e-07,-2.9272438436083e-07,-34.193828795798,-34.193842886515,-12.435129833894,6.456096480071e-05,-1.9144455884876e-05,22.299424936591,-5.1669902630892,329.01525000871,100000526.64266,-1.0852437874993e-13,0.0089457080604836,-0.012072581232624,-313.77735264553,-1.88786530532e-06,-794.8426625651,693.41723135824
46.474999999999,11.44334841276,3.8144446734205,1.1956703363793e-20,0.0049838056397411,1.7303769776128,7.1271208995747,-9.3449418419548e-17,-18.934141395083,-2.4986994040697e-16,16.132702554096,1.7496037913188e-16,-1.7496289742487e-16,-33.888235853025,-33.88822180725,2.7093215533875e-07,2.7093654898963e-07,-1.749615354906e-16,1.7495841189273e-16,-2.7093348178122e-07,-2.7093493892708e-07,-33.888272530569,-33.88828657325,-12.324006267927,6.3837624426343e-05,-1.8934141395083e-05,22.269496023479,-5.1595920860513,329.01525050947,100000527.11834,-1.0880193478687e-13,0.0089496657707434,-0.012072581232624,-313.40820115172,-1.8533821986633e-06,-793.93723048131,692.62874991488
46.574999999999,11.217457366118,3.7391477138687,1.1265954487961e-20,0.0049944525708137,1.7303792803411,7.1228948002642,-8.8153466429959e-17,-18.727217997228,-2.2879188565471e-16,15.98898076088,1.6020141338341e-16,-1.6020375106566e-16,-33.586334644445,-33.586320646738,2.5111026069781e-07,2.5111434929991e-07,-1.6020250031686e-16,1.6019960139348e-16,-2.5111149447811e-07,-2.5111285160501e-07,-33.586371344927,-33.586385339558,-12.214212017283,6.3126103727053e-05,-1.8727217997227e-05,22.239783286124,-5.1522489811191,329.01525100475,100000527.58881,-1.0911418529194e-13,0.0089535796590729,-0.012072581232624,-313.04307594743,-1.8197635013797e-06,-793.04160479721,691.84880501825
46.674999999999,10.996950157856,3.6656453662031,1.0621244139524e-20,0.0050049834783356,1.7303815577203,7.1187122618488,-8.320475303584e-17,-18.523608896166,-2.0982649174815e-16,15.846971210039,1.4692174317614e-16,-1.4692391601272e-16,-33.288030164658,-33.28801621503,2.3305305843402e-07,2.3305686783107e-07,-1.469227656076e-16,1.4692007169924e-16,-2.3305420744637e-07,-2.3305547293933e-07,-33.288066887263,-33.288080833831,-12.105725858874,6.2426132730496e-05,-1.8523608896166e-05,22.210282717954,-5.1449599786291,329.01525149462,100000528.05415,-1.0937092464451e-13,0.0089574504371711,-0.012072581232625,-312.68191263817,-1.7869818419925e-06,-792.15562981285,691.07726118285
46.774999999999,10.781672248921,3.5938861174292,1.0019131677792e-20,0.0050154002139163,1.7303838101591,7.1145726259117,-7.8577702875814e-17,-18.323239634809,-1.9273842659869e-16,15.706646734399,1.3495658788209e-16,-1.3495861005818e-16,-32.993265346388,-32.993251444848,2.1658061615885e-07,2.1658416966678e-07,-1.3495755033825e-16,1.3495504375918e-16,-2.1658168752172e-07,-2.1658286895282e-07,-32.993302090312,-32.993315988808,-11.998527036777,6.1737449726598e-05,-1.8323239634809e-05,22.180990348164,-5.137724829279,329.01525197918,100000528.51445,-1.0966235846526e-13,0.0089612788005491,-0.012072581232625,-312.32464827606,-1.7550252859257e-06,-791.27915330467,690.3139859473
46.874999999999,10.571474438486,3.5238202339552,9.4564596958237e-21,0.0050257045877496,1.730386038057,7.1104752481648,-7.4248818318931e-17,-18.126038003447,-1.773202467127e-16,15.56798076001,1.2416069459304e-16,-1.241625788874e-16,-32.701984368485,-32.701970515037,2.015330336422e-07,2.0153635232171e-07,-1.241616012392e-16,1.241592660605e-16,-2.0153403378231e-07,-2.0153513799772e-07,-32.702021132928,-32.702034983349,-11.892595248328,6.105980094605e-05,-1.8126038003447e-05,22.151902416042,-5.1305415488793,329.01525245851,100000528.96978,-1.0996767007254e-13,0.0089650654290204,-0.012072581232625,-311.97122131599,-1.7238580159234e-06,-790.41202642066,689.5588497831
46.974999999999,10.366212644148,3.4553996883345,8.9303286562188e-21,0.0050358983698575,1.7303882418046,7.106419498036,-7.0196495645641e-17,-17.931933954017,-1.633889708571e-16,15.430947288667,1.1440593898613e-16,-1.1440769692436e-16,-32.414132619207,-32.414118813854,1.8776808698985e-07,1.8777118988758e-07,-1.1440679365807e-16,1.1440461551592e-16,-1.8776902171639e-07,-1.8777005491351e-07,-32.414169403379,-32.414183205723,-11.787910630767,6.0392940256273e-05,-1.7931933954016e-05,22.123016483513,-5.1234090800171,329.0152529327,100000529.42023,-1.1023828720918e-13,0.0089688109871778,-0.012072581232625,-311.62157157344,-1.6934529381994e-06,-789.55410357991,688.81172600732
47.074999999999,10.165747692448,3.3885780894342,8.4380739752583e-21,0.0050459832912872,1.7303904217837,7.1024047582686,-6.6400858773744e-17,-17.740859517773,-1.5078308374419e-16,15.295520881071,1.0557922729077e-16,-1.0558086928085e-16,-32.129656660854,-32.129642903594,1.7515915939342e-07,1.7516206375571e-07,-1.0558003352362e-16,1.0557799944976e-16,-1.7516003396382e-07,-1.7516100175962e-07,-32.129693463974,-32.129707218238,-11.684453748374,5.9736628869572e-05,-1.7740859517773e-05,22.094328608939,-5.1163277055926,329.01525340182,100000529.86586,-1.1060604885914e-13,0.0089725161248482,-0.012072581232626,-311.27564018448,-1.6637826882034e-06,-788.70524237568,688.07249069825
47.174999999999,9.9699451195593,3.3233106159965,7.9772453010246e-21,0.0050559610452636,1.7303925783679,7.0984304245384,-6.2843608724724e-17,-17.552748726935,-1.393599150668e-16,15.161676640621,9.7580661077494e-17,-9.7582196529709e-17,-31.848504195706,-31.848490486536,1.6359342285395e-07,1.6359614431621e-07,-9.7581422131815e-17,9.757952040363e-17,-1.6359424203218e-07,-1.635951495238e-07,-31.848541016998,-31.848554723186,-11.582205580077,5.9090635065383e-05,-1.7552748726934e-05,22.06583677697,-5.1092967170944,329.01525386595,100000530.30676,-1.1082809373571e-13,0.0089761814775327,-0.012072581232626,-310.93336956624,-1.6348323033727e-06,-787.86530348226,687.3410226144
47.274999999999,9.7786749816087,3.2595539534146,7.5455877636879e-21,0.0050658332882963,1.7303947119224,7.0944959050832,-5.9507887257569e-17,-17.367537540145,-1.2899334621997e-16,15.029390197812,9.032193149435e-17,-9.0323368927464e-17,-31.570624033267,-31.570610372181,1.5297023976118e-07,1.5297279251591e-07,-9.0322650379795e-17,9.0320870387554e-17,-1.5297100786939e-07,-1.5297185968794e-07,-31.570660871964,-31.570674530082,-11.481147507539,5.8454733926058e-05,-1.7367537540145e-05,22.037537282432,-5.1023152013374,329.01525432517,100000530.74299,-1.1114728312567e-13,0.0089798076668277,-0.012072581232626,-310.59470338013,-1.6065721847667e-06,-787.03415056533,686.61720311657
47.374999999999,9.5918116736051,3.1972662333764,7.1410249932854e-21,0.0050756016412488,1.7303968228047,7.0906006203468,-5.637815321269e-17,-17.185163770689,-1.195718031489e-16,14.89863769519,8.3724913850078e-17,-8.3726260985417e-17,-31.295966058655,-31.295952445644,1.431997571222e-07,1.4320215406821e-07,-8.3725593346855e-17,8.3723925476079e-17,-1.4320047808662e-07,-1.4320127844501e-07,-31.296002913995,-31.296016524054,-11.381261303656,5.7828707082513e-05,-1.7185163770689e-05,22.009426190494,-5.0953808834924,329.01525477955,100000531.17464,-1.1141096136338e-13,0.0089833953008316,-0.012072581232627,-310.25958649498,-1.5789842773197e-06,-786.21165019535,685.90091609248
47.474999999999,9.4092337573532,3.1364069764997,6.7616437306199e-21,0.0050852676903648,1.7303989113643,7.0867440026359,-5.344007032764e-17,-17.005567018753,-1.1099649908057e-16,14.769395772873,7.7720437167061e-17,-7.7721701011935e-17,-31.024481202184,-31.024467637236,1.3420166964988e-07,1.3420392252474e-07,-7.7721079845391e-17,7.7719515372577e-17,-1.3420234704148e-07,-1.3420309977694e-07,-31.024518073413,-31.024531635424,-11.282529121496,5.7212342474152e-05,-1.7005567018753e-05,21.981500857752,-5.0884942735253,329.01525522917,100000531.60176,-1.1172321185725e-13,0.0089869449745388,-0.012072581232627,-309.92796495316,-1.5520405834775e-06,-785.39767176473,685.19204788476
47.574999999999,9.2308237969584,3.0769370375029,6.4056798678814e-21,0.0050948329882594,1.7304009779436,7.082925495789,-5.0680405358224e-17,-16.828688605974,-1.031798955311e-16,14.641641554589,7.224720657172e-17,-7.2248393493462e-17,-30.756121410032,-30.756107893133,1.2590413090339e-07,1.2590625040127e-07,-7.224781480951e-17,7.2246345809614e-17,-1.2590476797412e-07,-1.25905476586e-07,-30.756158296405,-30.756171810381,-11.184933483626,5.6605434116997e-05,-1.6828688605974e-05,21.95375962058,-5.0816547888382,329.01525567411,100000532.02443,-1.1198689009244e-13,0.0089904572702131,-0.012072581232627,-309.5997859364,-1.5257378228897e-06,-784.59208740733,684.49048722092
47.674999999999,9.0564682021092,3.0188185529647,6.0715057789351e-21,0.0051042990548729,1.7304030228774,7.0791445548571,-4.8086935507228e-17,-16.654471513192,-9.6044354016561e-17,14.515352634189,6.7250859216452e-17,-6.725197500814e-17,-30.490839615931,-30.490826147062,1.1824279428001e-07,1.1824479015655e-07,-6.7251435215338e-17,6.7250054479618e-17,-1.1824339399497e-07,-1.1824406167842e-07,-30.490876516706,-30.490889982665,-11.088457271816,5.6007781883176e-05,-1.6654471513192e-05,21.926197277035,-5.0748605851665,329.01525611442,100000532.44272,-1.1225750722054e-13,0.0089939327577531,-0.012072581232627,-309.27499773387,-1.5000459822493e-06,-783.7947719213,683.79612514626
47.774999999999,8.8860570786918,2.9620148915294,5.7576188111739e-21,0.005113667378391,1.7304050464936,7.0754006457971,-4.5648364245729e-17,-16.482860321148,-8.9520954416714e-17,14.390507062696,6.2683136892599e-17,-6.2684186831502e-17,-30.228589713931,-30.228576293073,1.1115996793171e-07,1.1116184909739e-07,-6.2683682692544e-17,6.2682383655555e-17,-1.1116053299783e-07,-1.1116116267383e-07,-30.228626628374,-30.228640046336,-10.993083717133,5.5419191290841e-05,-1.6482860321148e-05,21.898813174456,-5.0681107557656,329.01525655019,100000532.85669,-1.1258363549877e-13,0.0089973719950441,-0.012072581232628,-308.9535497112,-1.4749435110362e-06,-783.00560269476,683.10885495921
47.874999999999,8.7194840858058,2.9064906062458,5.4626308238572e-21,0.0051229394161326,1.7304070491132,7.0716932451736,-4.3354244703379e-17,-16.313801153067,-8.3548459004942e-17,14.267083335747,5.8501160639536e-17,-5.8502149539091e-17,-29.969326532046,-29.96931315918,1.0460386966949e-07,1.0460564427285e-07,-5.8501678132113e-17,5.8500454806759e-17,-1.0460440256105e-07,-1.0460499690318e-07,-29.969363459433,-29.969376829419,-10.898796390351,5.4839473300857e-05,-1.6313801153067e-05,21.871603261663,-5.0614062848583,329.01525698148,100000533.2664,-1.128542526246e-13,0.0090007755282916,-0.012072581232628,-308.63539228,-1.4504180329947e-06,-782.22445963354,682.4285721485
47.974999999999,8.5566462998119,2.8522113892476,5.185258672832e-21,0.0051321165954039,1.7304090310506,7.0680218398741,-4.1194909912402e-17,-16.147241620724,-7.8072403832807e-17,14.145060381513,5.4666794528027e-17,-5.4667726784101e-17,-29.713005806871,-29.712992481969,9.8527969654765e-08,9.8529645156698e-08,-5.4667285468479e-17,5.466613238825e-17,-9.8528472636186e-08,-9.8529034094543e-08,-29.71304274648,-29.713056068516,-10.80557919272,5.4268444125756e-05,-1.6147241620723e-05,21.844566108195,-5.0547461808478,329.01525740835,100000533.67192,-1.131873197943e-13,0.0090041438923527,-0.012072581232628,-308.32047686948,-1.4264377982591e-06,-781.45122509238,681.75517433329
48.074999999999,8.3974440838956,2.7991440282776,4.9243155483901e-21,0.0051412003143252,1.7304109926137,7.0643859268306,-3.9161409236073e-17,-15.983130771749,-7.3044301487357e-17,14.024417549032,5.1146087427292e-17,-5.1146967059421e-17,-29.459584159072,-29.459570882106,9.2890410195235e-08,9.2891993435271e-08,-5.1146553445557e-17,5.1145465613008e-17,-9.2890885341394e-08,-9.2891416163958e-08,-29.459621110187,-29.4596343843,-10.713416347049,5.3705925043205e-05,-1.5983130771748e-05,21.817699240434,-5.0481292152037,329.01525783087,100000534.07332,-1.1347181470556e-13,0.009007477611045,-0.012072581232629,-308.00875589836,-1.4030053816763e-06,-780.68578380763,681.08856120468
48.174999999999,8.2417809638962,2.747256365297,4.678703084849e-21,0.005150191942627,1.730412934104,7.0607850127543,-3.7245450397936e-17,-15.821419040011,-6.8420941269659e-17,13.905134596935,4.7908782986827e-17,-4.7909613674984e-17,-29.209019069697,-29.209005840637,8.7653493290071e-08,8.7654990545677e-08,-4.7909225597565e-17,4.7908198438402e-17,-8.7653942504469e-08,-8.7654444756231e-08,-29.20905603161,-29.209069257831,-10.622292389093,5.3151742220306e-05,-1.5821419040011e-05,21.790999730485,-5.0415549004648,329.01525824911,100000534.47064,-1.1383957634264e-13,0.0090107771974527,-0.012072581232629,-307.70018274774,-1.3801092094097e-06,-779.92802283294,680.42863446969
48.274999999999,8.0895635093168,2.6965172568185,4.4474041681556e-21,0.00515909282242,1.7304148558169,7.0572186138768,-3.5439346582458e-17,-15.662058197471,-6.4163774615362e-17,13.787191682556,4.492788930507e-17,-4.4928674422494e-17,-28.96126885732,-28.961255676134,8.278322772853e-08,8.2784644768144e-08,-4.4928309916821e-17,4.4927339238915e-17,-8.278365275954e-08,-8.2784128339616e-08,-28.96130582933,-28.961319007689,-10.532192159234,5.2605726543189e-05,-1.5662058197471e-05,21.764464514071,-5.0350220478743,329.01525866313,100000534.86395,-1.1405468231285e-13,0.0090140431542182,-0.012072581232629,-307.39471173508,-1.357716811618e-06,-779.17783147663,679.77529779697
48.374999999999,7.940701219885,2.6468965360995,4.2294763760253e-21,0.0051679042689362,1.730416758042,7.0536862557013,-3.3735968136713e-17,-15.505001308716,-6.0238375122148e-17,13.670569351425,4.2179300838149e-17,-4.218004348067e-17,-28.716292655949,-28.716279522603,7.8248928560002e-08,7.8250270690523e-08,-4.2179700761679e-17,4.2178782718459e-17,-7.8249331015406e-08,-7.8249781672381e-08,-28.71632963736,-28.716342767892,-10.44310079445,5.2067713456047e-05,-1.5505001308716e-05,21.738092820092,-5.0285309247412,329.01525907298,100000535.25331,-1.1443632173556e-13,0.0090172759738263,-0.012072581232629,-307.09229808963,-1.33580535459e-06,-778.43510124194,679.12845676461
48.474999999999,7.7951064167435,2.5983649768645,4.0240459892928e-21,0.0051766275712475,1.7304186410628,7.0501874727619,-3.2128698430532e-17,-15.350202686675,-5.6613963895265e-17,13.555248527108,3.9641466044637e-17,-3.9642169056912e-17,-28.474050393703,-28.474037308161,7.4022862640915e-08,7.4024134750284e-08,-3.9641846500576e-17,3.9640977558282e-17,-7.4023244000935e-08,-7.4023671346631e-08,-28.474087383825,-28.474100466566,-10.355003720552,5.153754280444e-05,-1.5350202686675e-05,21.711880127598,-5.0220800487953,329.01525947873,100000535.63877,-1.1466530549137e-13,0.0090204761388747,-0.01207258123263,-306.7928979276,-1.3143820855111e-06,-777.69972576854,678.48801880935
48.574999999999,7.6526941385228,2.5508942586723,3.8303025228262e-21,0.0051852639929587,1.7304205051574,7.0467218083908,-3.0611393504116e-17,-15.197617850598,-5.3262992097128e-17,13.441210501385,3.7295095084851e-17,-3.7295761083846e-17,-28.234502772161,-28.234489734382,7.007993473904e-08,7.0081141334436e-08,-3.7295457210664e-17,3.729463411905e-17,-7.0080296368018e-08,-7.0080701889856e-08,-28.234539770308,-28.234552805299,-10.26788664468,5.1015058686583e-05,-1.5197617850598e-05,21.685826483837,-5.0156703884686,329.01525988044,100000536.0204,-1.1494286150338e-13,0.009023644122339,-0.01207258123263,-306.49646822889,-1.2934307823628e-06,-776.9716007764,677.85389317784
48.674999999999,7.5133820418769,2.5044569337507,3.6474937267706e-21,0.0051938147728766,1.7304223505983,7.0432888144936,-2.9178345147341e-17,-15.04720348561,-5.0160773611938e-17,13.328436924741,3.5122902610915e-17,-3.5123534006953e-17,-27.997611246402,-27.997598256345,6.639740935428e-08,6.6398554596449e-08,-3.5123247467286e-17,3.5122467233355e-17,-6.6397752511182e-08,-6.6398137583289e-08,-27.997648251897,-27.997661239178,-10.181735548037,5.0500109310236e-05,-1.504720348561e-05,21.659928635506,-5.0092998448427,329.01526027816,100000536.39824,-1.1516490636309e-13,0.009026780387827,-0.01207258123263,-306.20296681426,-1.2729275020613e-06,-776.25062401147,677.22599087931
48.774999999999,7.3770903062636,2.4590263952639,3.4749210153291e-21,0.0052022811256577,1.7304241776526,7.039888051331,-2.7824247102124e-17,-14.89891740398,-4.7285161629939e-17,13.216909797195,3.3109381309546e-17,-3.3109980325191e-17,-27.763338005736,-27.763325063357,6.2954664008831e-08,6.2955751742934e-08,-3.3109709886219e-17,3.310896975068e-17,-6.2954989856666e-08,-6.2955355749886e-08,-27.763375017906,-27.763387957519,-10.096536678883,4.9992546855688e-05,-1.489891740398e-05,21.634184477697,-5.0029676520705,329.01526067195,100000536.77235,-1.1544940126697e-13,0.0090298853898248,-0.012072581232631,-305.91235232396,-1.2528745390693e-06,-775.53669519326,676.60422463997
48.874999999999,7.2437415427825,2.4145768469239,3.3119352831626e-21,0.005210664242434,1.7304259865822,7.0365190873093,-2.6544164098833e-17,-14.75271850794,-4.4616263735955e-17,13.106611459422,3.1240602405717e-17,-3.1241171092717e-17,-27.531645955047,-27.531633060303,5.9732970278957e-08,5.9734004062355e-08,-3.1240915626844e-17,3.1240213042963e-17,-5.9733279893272e-08,-5.9733627784171e-08,-27.531682973225,-27.531695865218,-10.012276545747,4.9492227344203e-05,-1.475271850794e-05,21.60859213228,-4.9966741568344,329.01526106187,100000537.14279,-1.157685906393e-13,0.0090329595739363,-0.012072581232631,-305.62458419613,-1.233242127251e-06,-774.82971596403,675.98850885885
48.974999999999,7.1132607067732,2.3710832738543,3.1579330746086e-21,0.0052189652914189,1.730427777644,7.0331814987759,-2.5333503475212e-17,-14.608566753817,-4.2136190766961e-17,12.997524584145,2.9504039811538e-17,-2.9504580066075e-17,-27.302498696727,-27.30248584957,5.6715299296022e-08,5.6716282423301e-08,-2.9504338540589e-17,2.950367115519e-17,-5.6715593672542e-08,-5.6715924651532e-08,-27.302535720252,-27.302548564671,-9.9289419108568,4.8999010511187e-05,-1.4608566753817e-05,21.583149228197,-4.9904187140268,329.01526144797,100000537.50959,-1.1603920775317e-13,0.0090360033771108,-0.012072581232631,-305.33962264638,-1.2140247005733e-06,-774.12958983962,675.37875956502
49.074999999999,6.9855750142014,2.3285214147215,3.0123530738078e-21,0.0052271854184921,1.7304295510898,7.0298748698227,-2.4187989146671e-17,-14.466423117863,-3.9828835298305e-17,12.889632167824,2.7888415021271e-17,-2.7888928597662e-17,-27.075860513205,-27.075847713584,5.3886148842034e-08,5.388708436758e-08,-2.7888700065524e-17,2.7888065701893e-17,-5.3886428903543e-08,-5.3886743982234e-08,-27.075897541421,-27.075910338315,-9.8465197837816,4.8512759685316e-05,-1.4466423117863e-05,21.557853855506,-4.9842011291479,329.01526183031,100000537.87282,-1.1634451933554e-13,0.0090390172278671,-0.012072581232631,-305.05742864799,-1.1952137127664e-06,-773.43622216194,674.77489437628
49.174999999999,6.8606138614134,2.2868677349835,2.8746728867027e-21,0.0052353257477667,1.7304313071667,7.0265987920949,-2.3103637717244e-17,-14.326249563183,-3.7679676136225e-17,12.782917522595,2.6383560216057e-17,-2.6384048739112e-17,-26.851696350017,-26.851683597881,5.1231389514105e-08,5.1232280272502e-08,-2.6383832330736e-17,2.6383228973216e-17,-5.1231656116676e-08,-5.1231956234497e-08,-26.851733382273,-26.851746131694,-9.764997415277,4.8033341671608e-05,-1.4326249563183e-05,21.532703975848,-4.9780198426157,329.01526220893,100000538.23253,-1.1670534206813e-13,0.0090420015465077,-0.012072581232632,-304.77796391275,-1.1767977093883e-06,-772.74952005297,674.17683245911
49.274999999999,6.7383087482859,2.2460994012772,2.7444060889463e-21,0.0052433873821375,1.7304330461171,7.0233528646066,-2.2076736542828e-17,-14.188009008141,-3.5675605647219e-17,12.677364268476,2.498029735911e-17,-2.4980762335271e-17,-26.629971799439,-26.629959094734,4.8738127737924e-08,4.8738976362375e-08,-2.4980557251172e-17,2.4979983031285e-17,-4.8738381676535e-08,-4.8738667706738e-08,-26.63000883509,-26.630021537091,-9.6843622913296,4.7560626639698e-05,-1.4188009008141e-05,21.507699091889,-4.9718758836806,329.01526258389,100000538.58875,-1.1688575355818e-13,0.009044956745329,-0.012072581232632,-304.50119087231,-1.158765578507e-06,-772.06939237031,673.58449449006
49.374999999999,6.6185932045812,2.2061942568671,2.6210995164281e-21,0.0052513714038114,1.7304347681787,7.0201366935615,-2.110382357766e-17,-14.051665296054,-3.380477715035e-17,12.572956325829,2.3670331339081e-17,-2.3670774166483e-17,-26.410653084642,-26.41064042731,4.6394583677721e-08,4.6395392616733e-08,-2.3670579670708e-17,2.3670032854621e-17,-4.6394825691337e-08,-4.6395098446429e-08,-26.410690123046,-26.410702777683,-9.6046021273939,4.7094488016663e-05,-1.4051665296054e-05,21.482835339964,-4.9657677041742,329.01526295524,100000538.94155,-1.1726045407668e-13,0.0090478832288216,-0.012072581232632,-304.22707266065,-1.1411072284483e-06,-771.39574966411,672.99780261823
49.474999999999,6.5014027191493,2.1671307980444,2.5043307762097e-21,0.0052592788748216,1.7304364735848,7.0169498921799,-2.0181668841904e-17,-13.917183165732,-3.2056469943445e-17,12.469677908032,2.2446155460752e-17,-2.2446577438307e-17,-26.19370704431,-26.193694434297,4.4189982325417e-08,4.4190753857917e-08,-2.2446392852556e-17,2.2445871829756e-17,-4.4190213101603e-08,-4.419047333827e-08,-26.193744084835,-26.193756692165,-9.5257048627988,4.6634802382934e-05,-1.3917183165732e-05,21.458112183765,-4.9596952018731,329.01526332303,100000539.29096,-1.1754494897352e-13,0.0090507813938672,-0.012072581232633,-303.95557309621,-1.1238094005816e-06,-770.72850413527,672.41668042897
49.574999999999,6.3866746720731,2.1288881515145,2.3937059594884e-21,0.0052671108375261,1.7304381625644,7.01379208053,-1.9307257377181e-17,-13.784528223349,-3.0420969836174e-17,12.367513514397,2.1300967793712e-17,-2.1301370129338e-17,-25.979101117762,-25.979088555006,4.2114456257249e-08,4.211519250628e-08,-2.130119482769e-17,2.1300698100742e-17,-4.211467643633e-08,-4.2114924859916e-08,-25.979138159776,-25.979150719859,-9.4476586553321,4.6181449372841e-05,-1.3784528223349e-05,21.433527327015,-4.9536575189578,329.0152636873,100000539.63704,-1.1780862718758e-13,0.0090536516299241,-0.012072581232633,-303.68665666518,-1.106860890303e-06,-770.06756959493,671.84105290856
49.674999999999,6.2743482696334,2.0914460527126,2.2888575385625e-21,0.0052748683150891,1.7304398353421,7.0106628853656,-1.8477773558304e-17,-13.653666915481,-2.8889463326547e-17,12.266447923295,2.0228597074228e-17,-2.0228980892296e-17,-25.766803330502,-25.766790814943,4.0158958726538e-08,4.015966167171e-08,-2.0228814296476e-17,2.0228340471748e-17,-4.0159168905399e-08,-4.0159406173966e-08,-25.766840373382,-25.766852886278,-9.3704518759889,4.573431157933e-05,-1.3653666915481e-05,21.409079192999,-4.9476547123223,329.01526404811,100000539.97983,-1.1816944991544e-13,0.0090564943192135,-0.012072581232633,-303.4202885052,-1.0902661723441e-06,-769.41286142543,671.27084641036
49.774999999999,6.1643644818145,2.0547848249756,2.189442431947e-21,0.0052825523119485,1.7304414921385,7.0075619399687,-1.7690586645651e-17,-13.524566503086,-2.7453943787669e-17,12.166466185504,1.9223437016747e-17,-1.9223803364835e-17,-25.556782280255,-25.556769811829,3.8315185919955e-08,3.8315857408753e-08,-1.9223644939973e-17,1.9223192719222e-17,-3.8315386655474e-08,-3.8315613383502e-08,-25.556819323379,-25.556831789153,-9.2940731038886,4.5293274461988e-05,-1.3524566503086e-05,21.384765947025,-4.9416862412969,329.0152644055,100000540.31937,-1.1848863927887e-13,0.0090593098368969,-0.012072581232633,-303.15643438956,-1.0740002453504e-06,-768.76429654234,670.70598862172
49.874999999999,6.0566659822611,2.0188853595265,2.095140223224e-21,0.0052901638142686,1.7304431331701,7.0044888839953,-1.6943237472905e-17,-13.397195036352,-2.6107128232942e-17,12.067553617754,1.828038803248e-17,-1.8280737887512e-17,-25.349007123399,-25.348994702042,3.6575507343408e-08,3.6576149101489e-08,-1.8280587138315e-17,1.8280155311054e-17,-3.6575699155594e-08,-3.6575915917344e-08,-25.349044166154,-25.349056584871,-9.218511121343,4.4858226258206e-05,-1.3397195036352e-05,21.360586785812,-4.935751189594,329.01526475952,100000540.6557,-1.1884946200486e-13,0.0090620985512463,-0.012072581232634,-302.89506071187,-1.0580532895438e-06,-768.1217933576,670.14640853192
49.974999999999,5.9511970906467,1.9837290962676,2.0056515204858e-21,0.0052977037903795,1.7304447586493,7.0014433633278,-1.6233426174096e-17,-13.271521330595,-2.4842383404009e-17,11.969695796465,1.739480547582e-17,-1.739513974963e-17,-25.143447561819,-25.143435187468,3.4932903425899e-08,3.4933517066471e-08,-1.739499621695e-17,1.7394583653511e-17,-3.4933086800737e-08,-3.4933294133328e-08,-25.143484603597,-25.143496975322,-9.1437549090724,4.4429057897992e-05,-1.3271521330595e-05,21.336539453201,-4.9298501299391,329.0152651102,100000540.98888,-1.1907150685171e-13,0.0090648608238113,-0.012072581232634,-302.63613447116,-1.0424316151112e-06,-767.48527174393,669.59203640117
50.074999999999,5.8479037173241,1.9492980053205,1.920696444421e-21,0.005305173191202,1.730446368785,6.998425029931,-1.5559000862471e-17,-13.147514942994,-2.3653660079686e-17,11.87287855167,1.6562453647112e-17,-1.6562773191519e-17,-24.940073830144,-24.94006150273,3.3380909536824e-08,3.3381496569192e-08,-1.6562636449251e-17,1.6562242094475e-17,-3.3381084928875e-08,-3.3381283335083e-08,-24.940110870341,-24.940123195142,-9.0697936415627,4.4005662921815e-05,-1.3147514942994e-05,21.312623005261,-4.9239816506206,329.01526545761,100000541.31893,-1.1939069621245e-13,0.009067597009581,-0.012072581232634,-302.37962325738,-1.0271258849723e-06,-766.85465300011,669.04280373055
50.174999999999,5.7467333101736,1.9155745693239,1.8400132345034e-21,0.0053125729506603,1.7304479637819,6.9954335417119,-1.4917947184235e-17,-13.025146150417,-2.2535434639004e-17,11.777087961134,1.5779464874818e-17,-1.5779770486242e-17,-24.738856683383,-24.738844402834,3.1913565706332e-08,3.1914127543704e-08,-1.5779640138528e-17,1.577926300602e-17,-3.1913733541101e-08,-3.1913923491922e-08,-24.738893721397,-24.738905999344,-8.9966166825697,4.3587937402235e-05,-1.3025146150417e-05,21.288833932104,-4.9181458283851,329.01526580177,100000541.64591,-1.197098855721e-13,0.009070307457142,-0.012072581232635,-302.12549523792,-1.0121134310018e-06,-766.22985981768,668.49864323289
50.274999999999,5.6476348034005,1.8825417663521,1.7633569627e-21,0.0053199039860832,1.7304495438414,6.9924685623842,-1.430837866909e-17,-12.904385927611,-2.1482657029128e-17,11.682310344642,1.5042303082378e-17,-1.5042595506051e-17,-24.539767384929,-24.539755151176,3.0525371421322e-08,3.052590938795e-08,-1.504247118475e-17,1.5042110351644e-17,-3.0525532097428e-08,-3.0525714034416e-08,-24.539804420167,-24.539816651331,-8.9242135807565,4.31757798669e-05,-1.2904385927611e-05,21.265172760587,-4.912342349692,329.01526614274,100000541.96986,-1.1995968599178e-13,0.009072992508828,-0.012072581232635,-301.87371914351,-9.9739474574516e-07,-765.61081624819,667.95948880433
50.374999999999,5.5505585683764,1.8501830535378,1.6904983464598e-21,0.0053271671985914,1.7304511091611,6.9895297613373,-1.3728527817609e-17,-12.785205926494,-2.0490704392127e-17,11.588532258439,1.4347731317441e-17,-1.4348011251253e-17,-24.342777694886,-24.342765507852,2.9211244942367e-08,2.9211760280064e-08,-1.4347892613659e-17,1.4347547215834e-17,-2.9211398833523e-08,-2.9211573170931e-08,-24.342814726755,-24.342826911211,-8.8525740654446,4.2769091225423e-05,-1.2785205926494e-05,21.241635716791,-4.9065701629096,329.01526648055,100000542.2908,-1.2016091415335e-13,0.0090756525008679,-0.012072581232635,-301.62426425528,-9.82962196565e-07,-764.99744767164,667.42527549691
50.474999999999,5.4554563664052,1.8184823513219,1.6212226524178e-21,0.0053343634734747,1.7304526599352,6.9866168135074,-1.3176737862299e-17,-12.667578456176,-1.9555339695133e-17,11.495740489843,1.3692782784494e-17,-1.3693050882505e-17,-24.147859858751,-24.147847718361,2.7966486650872e-08,2.7966980524999e-08,-1.3692937609276e-17,1.3692606836991e-17,-2.7966634107697e-08,-2.7966801234449e-08,-24.147896886664,-24.147909024487,-8.7816880425001,4.2367774698809e-05,-1.2667578456176e-05,21.218223668716,-4.9008295964032,329.01526681524,100000542.60879,-1.2048010351033e-13,0.0090782877635284,-0.012072581232636,-301.37710039194,-9.6880537761628e-07,-764.38968076588,666.8959394919
50.574999999999,5.3622813032584,1.7874240283027,1.5553286834333e-21,0.005341493680558,1.7304541963544,6.9837293992548,-1.2651455148142e-17,-12.551476463673,-1.8672674787377e-17,11.403922052029,1.3074734977206e-17,-1.3074991852858e-17,-23.954986596448,-23.954974502625,2.6786745992253e-08,2.6787219497199e-08,-1.3074883646142e-17,1.3074566740036e-17,-2.6786887343937e-08,-2.6787047625425e-08,-23.955023619825,-23.955035711091,-8.7115455903437,4.1971735751372e-05,-1.2551476463672e-05,21.194934048774,-4.8951198298245,329.01526714686,100000542.92386,-1.2077153729078e-13,0.0090808986212543,-0.012072581232636,-301.1321978975,-9.5493868913044e-07,-763.7874434769,666.37141807399
50.674999999998,5.2709877854045,1.7569928866434,1.4926278421103e-21,0.0053485586745559,1.7304557186061,6.9808672042421,-1.215122208218e-17,-12.436873515213,-1.7839137376904e-17,11.313064178939,1.2491086555349e-17,-1.2491332784413e-17,-23.764131091651,-23.764119044318,2.566799163048e-08,2.5668445794684e-08,-1.2491229366142e-17,1.2490925613579e-17,-2.5668127186305e-08,-2.5668280966044e-08,-23.764168109915,-23.764180154702,-8.6421369560675,4.1580882024733e-05,-1.2436873515213e-05,21.17176539637,-4.8894402504604,329.01526747545,100000543.23604,-1.2099358213132e-13,0.0090834853928009,-0.012072581232636,-300.88952762914,-9.4132340092805e-07,-763.19066498982,665.85164960607
50.774999999998,5.1815314779574,1.7271741480559,1.4329432646428e-21,0.0053555592954174,1.7304572268745,6.9780299193182,-1.1674670606817e-17,-12.32374377837,-1.7051441480576e-17,11.223154320358,1.193953665374e-17,-1.1939772777012e-17,-23.575266981428,-23.575254980507,2.4606484473122e-08,2.4606920263704e-08,-1.1939673887355e-17,1.1939382619071e-17,-2.4606614523868e-08,-2.4606762125019e-08,-23.575303994009,-23.575315992395,-8.5734525516677,4.1195123274748e-05,-1.232374377837e-05,21.148718517647,-4.8837921615807,329.01526780104,100000543.54538,-1.2129889369768e-13,0.0090860483913668,-0.012072581232636,-300.64906094564,-9.2795339463455e-07,-762.59927570105,665.33657350494
50.874999999998,5.0938692641118,1.6979534402783,1.3761090192575e-21,0.0053624963686609,1.7304587213404,6.9752172404033,-1.122051615461e-17,-12.212062004605,-1.6306560954229e-17,11.134180137119,1.1417966347918e-17,-1.1418192873689e-17,-23.388368346176,-23.388356391587,2.3598753264586e-08,2.3599171591592e-08,-1.141809826965e-17,1.1417818856674e-17,-2.3598878083812e-08,-2.3599019810586e-08,-23.388405352506,-23.388417304574,-8.5054829503838,4.0814371309886e-05,-1.2212062004605e-05,21.125789471483,-4.878173715351,329.01526812368,100000543.85192,-1.2155563300585e-13,0.0090885879247184,-0.012072581232637,-300.41076969593,-9.1485617952338e-07,-762.01320719077,664.82613021743
50.974999999998,5.0079592061828,1.6693167840886,1.3219693641185e-21,0.0053693707056994,1.7304602021816,6.9724288683795,-1.0787552046654e-17,-12.101803512649,-1.5601705756529e-17,11.046129496438,1.0924422033962e-17,-1.0924639440302e-17,-23.203409699823,-23.203397791483,2.2641572479173e-08,2.2641974199482e-08,-1.0924548894428e-17,1.0924280745262e-17,-2.2641692324403e-08,-2.2641828463347e-08,-23.203446699339,-23.20345860517,-8.4382188831342,4.0438539932593e-05,-1.2101803512649e-05,21.102978480838,-4.8725852337441,329.01526844339,100000544.15568,-1.2177073894974e-13,0.0090911042953148,-0.012072581232637,-300.17462620818,-9.019956934542e-07,-761.4323921967,664.32026119759
51.074999999998,4.923760508073,1.6412505807951,1.2703780599051e-21,0.0053761831041556,1.7304616695731,6.969664508983,-1.0374644299213e-17,-11.992944172408,-1.4934300641128e-17,10.958990467408,1.0457100508635e-17,-1.0457309245478e-17,-23.020365980352,-23.020354118176,2.1731942275689e-08,2.1732328196621e-08,-1.0457222544695e-17,1.0456965102713e-17,-2.1732057389505e-08,-2.1732188210691e-08,-23.020402972496,-23.020414832173,-8.371651235071,4.0067544882469e-05,-1.1992944172408e-05,21.080283104804,-4.8670257136159,329.01526876023,100000544.4567,-1.2214543945271e-13,0.0090935978004284,-0.012072581232637,-299.94060327908,-8.8938018699433e-07,-760.85676458837,663.81890888425
51.174999999998,4.8412334790569,1.6137416001614,1.2211977327387e-21,0.0053829343481697,1.7304631236864,6.9669238726996,-9.980726806609e-18,-11.88546038926,-1.4301966007611e-17,10.872751316586,1.0014335561109e-17,-1.001453605218e-17,-22.839212540544,-22.839200724448,2.0867070301697e-08,2.0867441184332e-08,-1.0014452996724e-17,1.0014205737782e-17,-2.0867180912741e-08,-2.0867306670864e-08,-22.839249524763,-22.839261338371,-8.3057710422125,3.970130378087e-05,-1.188546038926e-05,21.057702489494,-4.8614950012118,329.01526907422,100000544.75503,-1.2239523986459e-13,0.0090960687322595,-0.012072581232637,-299.70867416338,-8.7699722290368e-07,-760.28625934202,663.32201667926
51.274999999998,4.7603394989499,1.5867769687997,1.1742992835135e-21,0.0053896252086968,1.7304645646906,6.9642066746629,-9.6047968712114e-18,-11.77932908905,-1.3702500673386e-17,10.787400503724,9.5945859097492e-18,-9.5947785543379e-18,-22.659925139003,-22.659913368899,2.0044355158981e-08,2.0044711721231e-08,-9.5946989567752e-18,9.5944613870122e-18,-2.0044461482887e-08,-2.0044582418278e-08,-22.659962114746,-22.659973882372,-8.2405694881768,3.9339736077974e-05,-1.1779329089049e-05,21.035235555091,-4.855993470024,329.0152693854,100000545.05068,-1.2267279585097e-13,0.0090985173780487,-0.012072581232638,-299.4788125639,-8.6484461397103e-07,-759.7208125164,662.82952892637
51.374999999998,4.6810409845388,1.5603441589774,1.1295613399284e-21,0.0053962564437979,1.7304659927517,6.9615126345556,-9.2459110530806e-18,-11.674527703542,-1.3133866356362e-17,10.702926677605,9.196424336804e-18,-9.1966095113996e-18,-22.482479931408,-22.482468207209,1.9261371362451e-08,1.9261714281893e-08,-9.1965331957401e-18,9.19630484954e-18,-1.9261473602698e-08,-1.9261589942265e-08,-22.482516898131,-22.482528619861,-8.1760379010031,3.8982763001457e-05,-1.1674527703542e-05,21.012880792442,-4.8505203998712,329.0152696938,100000545.3437,-1.2297810741205e-13,0.0091009440201883,-0.012072581232638,-299.25099262141,-8.5290959681155e-07,-759.16036122904,662.34139089068
51.474999999998,4.6033013572654,1.5344309778487,1.0868697480663e-21,0.0054028287989202,1.7304674080328,6.958841476514,-8.9031813159726e-18,-11.571034156497,-1.2594173682727e-17,10.619318672,8.818527890972e-18,-8.8187059507736e-18,-22.306853462028,-22.306841783645,1.8515855642978e-08,1.8516185559477e-08,-8.8186327516471e-18,8.8184131897707e-18,-1.8515953991688e-08,-1.8516065949776e-08,-22.30689041919,-22.306902095115,-8.112167750063,3.8630307507351e-05,-1.1571034156497e-05,20.990637824095,-4.8450754516939,329.01526999947,100000545.63412,-1.2325566339675e-13,0.00910334893633,-0.012072581232638,-299.02518890568,-8.4119769617849e-07,-758.60484363358,661.85754873875
51.574999999998,4.527085011986,1.5090255570376,1.0461171001758e-21,0.0054093430071722,1.7304688106945,6.9561929290334,-8.5757714447591e-18,-11.468826849935,-1.2081669555567e-17,10.536565501746,8.4596690428388e-18,-8.4598403231507e-18,-22.133022655474,-22.133011022816,1.7805694460817e-08,1.7806011978951e-08,-8.4597700850589e-18,8.4595588929087e-18,-1.7805789099484e-08,-1.7805896878684e-08,-22.133059602538,-22.133071232748,-8.0489506430609,3.828229423163e-05,-1.1468826849935e-05,20.968504104611,-4.8396576742437,329.01527030243,100000545.92196,-1.234430137599e-13,0.0091057323994859,-0.012072581232638,-298.80137640571,-8.2969858500984e-07,-758.05419889714,661.37794951911
51.674999999998,4.452357286952,1.4841163426328,1.0072022961053e-21,0.0054157997895901,1.7304702008947,6.9535667248784,-8.2628937154452e-18,-11.367884651156,-1.1594725738758e-17,10.454656358907,8.1187076912572e-18,-8.1188725087789e-18,-21.960964808644,-21.96095322162,1.7128912610726e-08,1.7129218302033e-08,-8.1188050854051e-18,8.1186018714257e-18,-1.7129003710896e-08,-1.7129107502787e-08,-21.961001745078,-21.961013329665,-7.9863783231049,3.7938649444409e-05,-1.1367884651156e-05,20.946480446712,-4.834267746748,329.01527060272,100000546.20727,-1.2376220310629e-13,0.0091080946781317,-0.012072581232639,-298.57953052085,-8.1841065436942e-07,-757.50836717882,660.90254114342
51.774999999998,4.3790844347337,1.4596920854981,9.7003013569701e-22,0.0054221998553966,1.7304715787886,6.9509626009931,-7.963805797728e-18,-11.268186879888,-1.1131828527449e-17,10.373580609049,7.7945839305581e-18,-7.79474258458e-18,-21.790657582891,-21.790646041409,1.6483662812409e-08,1.6483957217472e-08,-7.7946778381554e-18,7.7944822323505e-18,-1.6483750536309e-08,-1.648385052215e-08,-21.790694508168,-21.790706047224,-7.9244426658586,3.7599301004636e-05,-1.1268186879888e-05,20.92456408421,-4.828905258693,329.01527090037,100000546.49008,-1.240952702397e-13,0.0091104360363027,-0.012072581232639,-298.35962705189,-8.0732345758726e-07,-756.96728960833,660.43127236794
51.874999999998,4.3072335943577,1.4357418319802,9.3451093986377e-22,0.0054285439022534,1.7304729445288,6.948380298416,-7.67780787321e-18,-11.169713296238,-1.0691569390902e-17,10.293327787624,7.4863114986197e-18,-7.4864642721277e-18,-21.62207899643,-21.622067500395,1.5868216191297e-08,1.5868499821675e-08,-7.4864020728488e-18,7.4862137254101e-18,-1.5868300692421e-08,-1.5868397043789e-08,-21.622115910026,-21.622127403645,-7.8631356767767,3.7264178317593e-05,-1.1169713296238e-05,20.902755058282,-4.8235695345722,329.01527119542,100000546.77041,-1.2440058179665e-13,0.0091127567336916,-0.012072581232639,-298.14164219271,-7.9643452182486e-07,-756.43090826572,659.96409277592
51.974999999998,4.2367727642617,1.4122549148971,9.0056019809016e-22,0.0054348326165065,1.7304742982656,6.9458195621953,-7.4042399524019e-18,-11.072444088703,-1.0272636486388e-17,10.213887596436,7.1929718348448e-18,-7.1931189955469e-18,-21.455207416915,-21.455195966232,1.5280953564606e-08,1.5281226904634e-08,-7.1930592210385e-18,7.1928778010722e-18,-1.5281034988254e-08,-1.5281127867644e-08,-21.45524431831,-21.455255766588,-7.802449488408,3.6933212292632e-05,-1.1072444088703e-05,20.881051066385,-4.8182606475564,329.01527148789,100000547.04829,-1.2457405436851e-13,0.0091150570257394,-0.01207258123264,-297.92555252181,-7.8573356119496e-07,-755.89916616115,659.50095275991
52.074999999998,4.1676707762936,1.3892209448702,8.680982404232e-22,0.0054410666734246,1.7304756401467,6.943280141308,-7.1424793761348e-18,-10.976359862767,-9.8738069541742e-18,10.135249900208,6.9137086850693e-18,-6.9138504863477e-18,-21.290021554227,-21.2900101488,1.4720357456521e-08,1.4720620964977e-08,-6.9137930211677e-18,6.9136182155139e-18,-1.4720435940306e-08,-1.472052550168e-08,-21.290058442906,-21.29006984594,-7.7423763577713,3.6606335302974e-05,-1.0976359862767e-05,20.859452555052,-4.8129782993391,329.01527177781,100000547.32376,-1.2481691587859e-13,0.0091173371637273,-0.01207258123264,-297.71133499436,-7.7523931260392e-07,-755.37200721565,659.04180350508
52.174999999998,4.0998972705738,1.3666298019441,8.3704993211234e-22,0.0054472467374321,1.7304769703175,6.9407617885796,-6.8919384876686e-18,-10.881441629762,-9.4939399136877e-18,10.057404723242,6.6477231974351e-18,-6.647859879231e-18,-21.126500453458,-21.12648909319,1.4185004774218e-08,1.4185258885872e-08,-6.6478046144137e-18,6.647636126549e-18,-1.4185080448531e-08,-1.4185166837836e-08,-21.12653732891,-21.126548686797,-7.6829086638021,3.6283481146436e-05,-1.0881441629762e-05,20.837956988625,-4.80772128088,329.01527206523,100000547.59684,-1.2515692190267e-13,0.0091195973948638,-0.01207258123264,-297.49896693415,-7.6491174041289e-07,-754.8493762419,658.58659697256
52.274999999998,4.03342267125,1.3444716275073,8.0734438919968e-22,0.0054533734623349,1.7304782889209,6.9382642606071,-6.6520624628002e-18,-10.78767079615,-9.1319700897584e-18,9.980342246157,6.3942694594497e-18,-6.3944012490836e-18,-20.964623488061,-20.964612172852,1.3673560083438e-08,1.3673805210499e-08,-6.3943480817171e-18,6.3941856307375e-18,-1.3673633071884e-08,-1.3673716427534e-08,-20.964660349779,-20.964671662616,-7.6240389048631,3.5964585007667e-05,-1.078767079615e-05,20.816563710995,-4.8024904777712,329.01527235016,100000547.86757,-1.2536508894182e-13,0.0091218379623705,-0.01207258123264,-297.2884260261,-7.5476719693382e-07,-754.33121892602,658.13528588348
52.374999999998,3.9682181631021,1.3227368164902,7.7891471352428e-22,0.0054594474915409,1.7304795960977,6.9357873176833,-6.4223272865173e-18,-10.695029153149,-8.7869020056728e-18,9.9040528027228,6.152650431927e-18,-6.1527775448651e-18,-20.804370353193,-20.804359082942,1.3184769428587e-08,1.3185005962052e-08,-6.1527263777005e-18,6.1525696973729e-18,-1.3184839848395e-08,-1.3184920301712e-08,-20.804407200673,-20.804418468562,-7.5657596963217,3.5649583421572e-05,-1.0695029153149e-05,20.79527312024,-4.7972855909362,329.01527263264,100000548.13596,-1.2558713376792e-13,0.0091240591055653,-0.012072581232641,-297.0796903087,-7.4480573222417e-07,-753.81748180946,657.68782370327
52.474999999998,3.9042556689102,1.3014160098247,7.5169774570425e-22,0.0054654694582745,1.7304808919863,6.933330723723,-6.2022378654576e-18,-10.603498866628,-8.4578046866615e-18,9.8285268767646,5.9222142403399e-18,-5.9223368809057e-18,-20.645721059219,-20.645709833827,1.2717454647885e-08,1.2717682958786e-08,-5.9222876219953e-18,5.9221364598758e-18,-1.2717522610281e-08,-1.2717600285917e-08,-20.645757891963,-20.645769115003,-7.5080637681882,3.5338414237708e-05,-1.0603498866628e-05,20.774082517213,-4.7921054111576,329.0152729127,100000548.40206,-1.2591326200177e-13,0.0091262610599435,-0.012072581232641,-296.87273816669,-7.3501875314955e-07,-753.30811227153,657.24416462649
52.574999999998,3.8415078276513,1.280500087175,7.2563383478264e-22,0.005471439985785,1.7304821767231,6.9308942461922,-5.9913262663455e-18,-10.513062467425,-8.1438068235577e-18,9.7537550991546,5.7023507883855e-18,-5.7024691504222e-18,-20.48865592539,-20.488644744755,1.2270508139014e-08,1.2270728579592e-08,-5.7024217127853e-18,5.7022758293973e-18,-1.2270573749576e-08,-1.2270648765899e-08,-20.488692742904,-20.488703921197,-7.4509439628152,3.5031016586169e-05,-1.0513062467425e-05,20.752992087971,-4.7869516232356,329.01527319037,100000548.66588,-1.262116346591e-13,0.0091284440572572,-0.012072581232641,-296.66754832411,-7.253867303714e-07,-752.80305851239,656.80426356201
52.674999999998,3.7799479734034,1.2599801599043,7.0066662333661e-22,0.0054773596875511,1.7304834504421,6.9284776560368,-5.7891500714329e-18,-10.423702841885,-7.8440923517646e-18,9.6797282448827,5.4924886623528e-18,-5.4926029298403e-18,-20.333155573692,-20.33314443771,1.1842888035182e-08,1.1843100939981e-08,-5.4925572311531e-18,5.492416399221e-18,-1.184295139417e-08,-1.1843023863631e-08,-20.333192375485,-20.333203509133,-7.3943932326605,3.4727330844235e-05,-1.0423702841885e-05,20.731999945344,-4.7818215565993,329.01527346567,100000548.92746,-1.2648919063402e-13,0.0091306083255917,-0.012072581232642,-296.46409983728,-7.1592440964396e-07,-752.30226953637,656.36807611847
52.774999999998,3.7195501149643,1.2398475642837,6.767428468997e-22,0.0054832291674782,1.7304847132753,6.9260807276161,-5.5952908423005e-18,-10.335403222725,-7.5578964054352e-18,9.6064372301869,5.2920922982143e-18,-5.292202645846e-18,-20.179200922814,-20.17918983138,1.1433613755409e-08,1.1433819442295e-08,-5.2921586081534e-18,5.2920226118886e-18,-1.1433674958071e-08,-1.1433744987541e-08,-20.179237708398,-20.179248797506,-7.3384046380943,3.4427298604205e-05,-1.0335403222725e-05,20.711105541801,-4.7767162055086,329.01527373864,100000549.18682,-1.2678062439593e-13,0.0091327540894413,-0.012072581232642,-296.26237208818,-7.0664178435358e-07,-751.80569513595,655.93555859033
52.874999999998,3.6602889161963,1.2200938549378,6.5381214671723e-22,0.0054890490200917,1.7304859653526,6.9237032386357,-5.4093526847148e-18,-10.248147180231,-7.2845016110583e-18,9.5338731097856,5.1006593863728e-18,-5.1007659800943e-18,-20.026773182337,-20.026762135347,1.1041761896432e-08,1.1041960667545e-08,-5.1007235295417e-18,5.100592163976e-18,-1.1041821033293e-08,-1.1041888724379e-08,-20.02680995123,-20.026820995902,-7.2829713452846,3.4130862642373e-05,-1.0248147180231e-05,20.690307880036,-4.7716354163765,329.01527400929,100000549.44398,-1.2707899705095e-13,0.009134881569782,-0.012072581232642,-296.06234477782,-6.9750402035432e-07,-751.3132858758,655.50666794412
52.974999999998,3.6021396769386,1.2007107984835,6.3182689481439e-22,0.0054948198307262,1.7304872068021,6.9213449700819,-5.2309609068336e-18,-10.161918613543,-7.0232346883222e-18,9.4620270741389,4.9177184915656e-18,-4.917821489079e-18,-19.87585384698,-19.875842844329,1.0666462436684e-08,1.066665457933e-08,-4.9177805556627e-18,4.9176536260254e-18,-1.0666519593813e-08,-1.0666585043156e-08,-19.875890598703,-19.875901599046,-7.2280866241047,3.3837966888345e-05,-1.0161918613543e-05,20.669607067663,-4.7665790977237,329.01527427767,100000549.69898,-1.2723165293325e-13,0.0091369909841415,-0.012072581232642,-295.86399791987,-6.8853403569376e-07,-750.82499307749,655.08136180495
53.074999999998,3.5450783146772,1.1816903674211,6.1074203056989e-22,0.0055005421757077,1.7304884377495,6.9190057061602,-5.05976076475e-18,-10.076701742504,-6.7734633295616e-18,9.3908904468128,4.7428268678363e-18,-4.7429264190679e-18,-19.726424691066,-19.726413732646,1.0306895225736e-08,1.0307081013219e-08,-4.7428869364046e-18,4.7427642575404e-18,-1.0306950484995e-08,-1.030701378455e-08,-19.726461425144,-19.726472381264,-7.1737438461196,3.3548556396321e-05,-1.0076701742504e-05,20.649001638793,-4.7615469893463,329.01527454379,100000549.95184,-1.2757165895023e-13,0.0091390825466701,-0.012072581232643,-295.66731183445,-6.7969472915581e-07,-750.34076880448,654.65959844362
53.174999999998,3.4890813467486,1.1630247342012,5.9051490793979e-22,0.0055062166225332,1.7304896583189,6.9166852342324,-4.8954162889197e-18,-9.9924810995546,-6.5345933319828e-18,9.3204546818927,4.5755684505003e-18,-4.5756646980404e-18,-19.578467763083,-19.578456848788,9.962286735028e-09,9.9624664274372e-09,-4.5756266031516e-18,4.5755079989762e-18,-9.9623401743138e-09,-9.9624014116083e-09,-19.578504479046,-19.578515391051,-7.1199364826097,3.3262577316544e-05,-9.9924810995546e-06,20.628489769671,-4.7565383991906,329.01527480768,100000550.20258,-1.2789778717869e-13,0.0091411564682078,-0.012072581232643,-295.47226714214,-6.7101916426346e-07,-749.86056584762,654.24133676384
53.274999999998,3.4341258731356,1.1447062654863,5.7110515257685e-22,0.0055118437300451,1.7304908686323,6.9143833447572,-4.73760918579e-18,-9.9092415218589,-6.3060659595349e-18,9.2507113614629,4.4155520089106e-18,-4.4156450884254e-18,-19.431965380396,-19.431954510117,9.631907048037e-09,9.6320808929743e-09,-4.4156083215361e-18,4.4154936245269e-18,-9.6319587414958e-09,-9.6320179998726e-09,-19.432002077775,-19.432012945777,-7.0666581026449,3.2979976867587e-05,-9.9092415218588e-06,20.608071847576,-4.7515531282237,329.01527506937,100000550.45123,-1.2815452646734e-13,0.0091432129563495,-0.012072581232643,-295.2788447579,-6.6248251738063e-07,-749.38433771074,653.82653628986
53.374999999998,3.3801895598514,1.1267275166195,5.5247452818604e-22,0.0055174240486009,1.73049206881,6.9120998312313,-4.5860378096967e-18,-9.8269681438152,-6.0873555136294e-18,9.1816521931498,4.2624094454621e-18,-4.262499486079e-18,-19.286900124083,-19.286889297711,9.3150670700302e-09,9.3152353032961e-09,-4.2624639904304e-18,4.262353041149e-18,-9.3151170882648e-09,-9.3151744471144e-09,-19.286936802416,-19.286947626522,-7.013902371208,3.2700703309972e-05,-9.8269681438151e-06,20.587746892407,-4.7465915944765,329.01527532888,100000550.69781,-1.2841820464907e-13,0.0091452522155107,-0.012072581232644,-295.08702588544,-6.5408186991264e-07,-748.91203859689,653.41515715438
53.474999999998,3.3272506228612,1.10908122626,5.3458681144009e-22,0.005522958120239,1.7304932589702,6.9098344901325,-4.4404161999101e-18,-9.7456463896828,-5.8779670940042e-18,9.1132690077262,4.1157942277337e-18,-4.1158813524021e-18,-19.143254833901,-19.143244051326,9.0111159394057e-09,9.011278785643e-09,-4.1158470740766e-18,4.1157397207227e-18,-9.0111643496701e-09,-9.011219884643e-09,-19.14329149273,-19.14330227305,-6.9616630473637,3.2424705920213e-05,-9.7456463896827e-06,20.567513279183,-4.7416528803214,329.01527558625,100000550.94234,-1.2864718836064e-13,0.0091472744469888,-0.012072581232644,-294.89679201157,-6.4582463003122e-07,-748.44362339475,653.00716008675
53.574999999998,3.2752878125252,1.0917603111976,5.1740767488192e-22,0.0055284464788411,1.7304944392297,6.9075871208635,-4.3004731785249e-18,-9.6652619664561,-5.6774345328797e-18,9.0455537567702,3.9753799419718e-18,-3.9754642678019e-18,-19.001012603372,-19.001001864483,8.7194386242491e-09,8.7195962975465e-09,-3.9754311555594e-18,3.9753272535519e-18,-8.7194854906299e-09,-8.7195392738377e-09,-19.001049242241,-19.001059978887,-6.9099339824706,3.215193496573e-05,-9.6652619664561e-06,20.547370121589,-4.7367369155598,329.01527584148,100000551.18486,-1.2895943879812e-13,0.0091492798490246,-0.012072581232644,-294.70812490068,-6.3770885331771e-07,-747.97904766537,652.6025064015
53.674999999998,3.2242803985286,1.0747578613317,5.0090457725022e-22,0.0055338896502891,1.7304956097031,6.9053575256976,-4.1659515049338e-18,-9.5858008569305,-5.4853184872216e-18,8.9784985103822,3.8408589572823e-18,-3.8409405958618e-18,-18.860156774986,-18.860146079669,8.4394536892211e-09,8.4396063936801e-09,-3.8409086009876e-18,3.8408080125715e-18,-8.4394990728077e-09,-8.4395511730137e-09,-18.860193393442,-18.860204086526,-6.8587091184363,3.1882341680444e-05,-9.5858008569304e-06,20.527317728166,-4.7318435770164,329.01527609461,100000551.42538,-1.2931332259827e-13,0.0091512686168621,-0.012072581232644,-294.52100658938,-6.2972682304178e-07,-747.51826762931,652.20115798705
53.774999999998,3.1742081553432,1.0580671348229,4.8504666073636e-22,0.0055392881526198,1.7304967705036,6.9031455097258,-4.0366070831825e-18,-9.5072493130543,-5.3012046754102e-18,8.9120954549559,3.7119411909345e-18,-3.7120202486269e-18,-18.720670935516,-18.720660283657,8.1706112192229e-09,8.1707591494915e-09,-3.7119893247891e-18,3.7118919186662e-18,-8.1706551782681e-09,-8.1707056610646e-09,-18.720707533112,-18.720718182746,-6.807982486015,3.1615878241371e-05,-9.5072493130542e-06,20.507354874109,-4.7269734818485,329.01527634567,100000551.66393,-1.296047563525e-13,0.0091532409428067,-0.012072581232645,-294.33541938134,-6.2187036271493e-07,-747.0612401541,651.80307729489
53.874999999998,3.1250513481044,1.0416815533867,4.6980465467923e-22,0.0055446424961744,1.7304979217426,6.9009508808041,-3.9122082184673e-18,-9.4295938493616,-5.1247022459364e-18,8.8463368910056,3.5883529661118e-18,-3.5884295443365e-18,-18.582538911458,-18.582528302944,7.9123908874918e-09,7.9125342292642e-09,-3.5883996474523e-18,3.588305298435e-18,-7.9124334775627e-09,-7.9124824055376e-09,-18.582575487749,-18.582586094047,-6.7577482031471,3.1352497745515e-05,-9.4295938493615e-06,20.487481257629,-4.7221256026056,329.01527659467,100000551.90052,-1.2982680116712e-13,0.0091551970162811,-0.012072581232645,-294.15134584211,-6.1413412304488e-07,-746.60792274185,651.40822732876
53.974999999998,3.0767907189777,1.0255946977486,4.551507852793e-22,0.0055499531837457,1.7304990635297,6.8987734495035,-3.7925349196195e-18,-9.3528212366965,-4.9554422669257e-18,8.7812152310427,3.4698359542677e-18,-3.4699101497623e-18,-18.445744764567,-18.445734199283,7.6643001568528e-09,7.6644390873403e-09,-3.4698812378727e-18,3.4697898265593e-18,-7.6643414309715e-09,-7.6643888638666e-09,-18.445781319114,-18.44579188219,-6.7080004733369,3.109215418778e-05,-9.3528212366964e-06,20.467694560167,-4.7172996337924,329.01527684164,100000552.13519,-1.3004190708699e-13,0.0091571370238816,-0.012072581232645,-293.96876879425,-6.0653287724232e-07,-746.15827351738,651.01657163428
54.074999999998,3.0294074739424,1.0098003032377,4.4105869091748e-22,0.0055552207107209,1.7305001959732,6.8966130290604,-3.6773782444378e-18,-9.2769184960636,-4.7930763263593e-18,8.7167229974993,3.3561461949909e-18,-3.3562181000589e-18,-18.310272787499,-18.31026226533,7.4258726038391e-09,7.4260072922129e-09,-3.3561901332117e-18,3.35610154568e-18,-7.4259126126168e-09,-7.4259586074743e-09,-18.310309319865,-18.310319839835,-6.6587335840662,3.0834802439331e-05,-9.2769184960635e-06,20.447995788147,-4.7124953901705,329.0152770866,100000552.36795,-1.3038191309634e-13,0.0091590611494312,-0.012072581232646,-293.78767131238,-5.9905378571952e-07,-745.71225121642,650.62807428879
54.174999999998,2.9828832700141,0.99429225553002,4.2750334270326e-22,0.005560445565221,1.7305013191794,6.8944694353282,-3.5665396850258e-18,-9.2018728927423,-4.6372752338122e-18,8.6528528207118,3.2470531869554e-18,-3.2471228896983e-18,-18.176107499573,-18.176097020402,7.1966663562909e-09,7.1967969640986e-09,-3.2470958298386e-18,3.2470099573582e-18,-7.1967051480517e-09,-7.1967497593559e-09,-18.176144009325,-18.176154486303,-6.6099419052538,3.0580398226876e-05,-9.2018728927422e-06,20.428383209277,-4.7077128409133,329.01527732958,100000552.59882,-1.3067334684756e-13,0.0091609695740348,-0.012072581232646,-293.60803671851,-5.9168711649306e-07,-745.26981517434,650.24269989146
54.274999999998,2.937200202791,0.97906458649479,4.1446096989606e-22,0.005565628228238,1.7305024332533,6.8923424867291,-3.4598305904332e-18,-9.1276719302996,-4.4877278153708e-18,8.5895974369329,3.1423390441133e-18,-3.1424066286491e-18,-18.043233642593,-18.043223206305,6.9762626358092e-09,6.9763893173681e-09,-3.142380439516e-18,3.1422971782782e-18,-6.9763002567098e-09,-6.976343536516e-09,-18.043270129303,-18.043280563406,-6.5616198877367,3.0328898111633e-05,-9.1276719302995e-06,20.408856608921,-4.7029517250253,329.01527757059,100000552.82783,-1.3088151387118e-13,0.0091628624761249,-0.012072581232646,-293.42984857731,-5.844489385223e-07,-744.83092531469,649.86041355331
54.374999999998,2.8923407945559,0.96411147023009,4.0190898990352e-22,0.0055707691737667,1.7305035382984,6.8902320042097,-3.357071624371e-18,-9.0543033453009,-4.3441397941753e-18,8.5269496864078,3.0417977118435e-18,-3.0418632585125e-18,-17.911636176812,-17.91162578329,6.7642643972171e-09,6.7643872999837e-09,-3.0418379055426e-18,3.0417571564057e-18,-6.7643008913574e-09,-6.7643428894162e-09,-17.911672640055,-17.911683031401,-6.5137620617999,3.0080259470677e-05,-9.0543033453009e-06,20.38941535675,-4.6982128811276,329.01527780967,100000553.055,-1.3114519204541e-13,0.009164740031519,-0.012072581232646,-293.25309069175,-5.773149224267e-07,-744.39554213869,649.48118088815
54.474999999998,2.8482879825637,0.94942721915603,3.8982594251497e-22,0.0055758688689359,1.7305046344164,6.8881378111945,-3.2580922553852e-18,-8.981755101565,-4.2062327497035e-18,8.464902511488,2.9452342382359e-18,-2.9452978237952e-18,-17.781300276967,-17.781289926091,6.5602950577989e-09,6.5604143227157e-09,-2.9452732740308e-18,2.9451949422811e-18,-6.560330467326e-09,-6.5603712311995e-09,-17.78133671632,-17.781347065028,-6.4663630357358,2.9834440476772e-05,-8.981755101565e-06,20.370058244109,-4.6934944470951,329.01527804682,100000553.28034,-1.3136723685554e-13,0.0091666024134634,-0.012072581232647,-293.07774709857,-5.702959240014e-07,-743.96362671433,649.10496800303
54.574999999998,2.8050251078129,0.93500628027685,3.7819142811659e-22,0.0055809277741349,1.7305057217078,6.8860597335425,-3.1627302775773e-18,-8.9100153850237,-4.0737431495406e-18,8.4034489547847,2.8524640961304e-18,-2.8525257939364e-18,-17.652211328398,-17.65220102005,6.3639973096962e-09,6.3641130715215e-09,-2.852502015941e-18,2.852426011066e-18,-6.3640316749031e-09,-6.3640712500761e-09,-17.652247743445,-17.652258049633,-6.4194174944329,2.9591400080269e-05,-8.9100153850237e-06,20.350784392226,-4.6887974771464,329.01527828208,100000553.50388,-1.3158234277103e-13,0.0091684497926838,-0.012072581232647,-292.903802064,-5.6339522069475e-07,-743.53514066609,648.73174148928
54.674999999998,2.7625359041348,0.92084323153791,3.6698604963159e-22,0.0055859463431374,1.7305068002716,6.8839975995037,-3.070831359927e-18,-8.8390725985268,-3.9464214479389e-18,8.3425821573714,2.7633125519233e-18,-2.7633724321034e-18,-17.524354923278,-17.524344657337,6.1750320093987e-09,6.1751443970167e-09,-2.7633493958818e-18,2.7632756313569e-18,-6.1750653688185e-09,-6.1751037988007e-09,-17.524391313603,-17.52440157739,-6.3729201980033,2.9351097990841e-05,-8.8390725985267e-06,20.331593066958,-4.6841200016442,329.01527851546,100000553.72564,-1.3188071541277e-13,0.0091702823374308,-0.012072581232647,-292.73124007954,-5.5659685637125e-07,-743.11004616471,648.36146841369
54.774999999998,2.7208044875881,0.90693277829599,3.5619135791904e-22,0.0055909250232227,1.7305078702052,6.8819512396771,-2.9822486221751e-18,-8.7689153568057,-3.8240312459664e-18,8.2822953570205,2.6776140774973e-18,-2.6776722071126e-18,-17.397716856901,-17.397706633248,5.9930771387387e-09,5.9931862754519e-09,-2.677649884035e-18,2.6775782771233e-18,-5.9931095292311e-09,-5.9931468556568e-09,-17.397753222095,-17.397763443601,-6.3268659804344,2.9113494659783e-05,-8.7689153568057e-06,20.312485022101,-4.6794644986183,329.01527874698,100000553.94563,-1.3217214915965e-13,0.0091721002135254,-0.012072581232647,-292.56004585785,-5.4990678636278e-07,-742.6883059173,647.99411630983
54.874999999998,2.6798153462433,0.89326974991071,3.4578980042944e-22,0.0055958642552945,1.7305089316048,6.8799204869701,-2.8968422357449e-18,-8.6995324816982,-3.7063485084965e-18,8.222581886483,2.5952118019528e-18,-2.5952682451512e-18,-17.272283124076,-17.272272942589,5.8178268322712e-09,5.8179328360762e-09,-2.5952466078826e-18,2.5951770794449e-18,-5.8178582891062e-09,-5.8178945518258e-09,-17.272319463731,-17.272329643077,-6.2812497482755,2.8878551263198e-05,-8.6995324816981e-06,20.293458241938,-4.6748294089627,329.01527897667,100000554.16388,-1.3249827737551e-13,0.0091739035844048,-0.012072581232648,-292.39020432864,-5.4332240139149e-07,-742.26988315771,647.6296531697
54.974999999998,2.6395533302315,0.87984909642891,3.357646729309e-22,0.0056007644739956,1.7305099845651,6.8779051765573,-2.8144790483005e-18,-8.6309129973894,-3.5931608337379e-18,8.1634351718145,2.5159570001281e-18,-2.5160118182891e-18,-17.148039915605,-17.148029776165,5.648990466291e-09,5.6490934501404e-09,-2.5159908407223e-18,2.5159233150383e-18,-5.6490210232276e-09,-5.6490562603944e-09,-17.148076229319,-17.148086366626,-6.2360664793581,2.8646229685278e-05,-8.6309129973894e-06,20.27451263287,-4.670214022906,329.01527920455,100000554.38041,-1.3271338328811e-13,0.0091756926111657,-0.012072581232648,-292.22170063517,-5.3683786131999e-07,-741.85474163703,647.26804743547
55.074999999998,2.6000036420963,0.86666588536743,3.2610007401515e-22,0.0056056261078219,1.7305110291794,6.8759051458418,-2.7350322296677e-18,-8.5630461257728,-3.4842667712977e-18,8.1048487307254,2.4397086151031e-18,-2.439761866974e-18,-17.024973614822,-17.024963517306,5.4862918051644e-09,5.4863918772123e-09,-2.4397415241668e-18,2.4396759287666e-18,-5.4863214945239e-09,-5.4863557426776e-09,-17.025009902195,-17.025019997585,-6.1913112215363,2.8416492501998e-05,-8.5630461257727e-06,20.255647099805,-4.6656187668056,329.01527943063,100000554.59524,-1.3286603915484e-13,0.0091774674526059,-0.012072581232648,-292.05452012988,-5.3044594434504e-07,-741.4428456143,646.90926799137
55.174999999998,2.5611518274537,0.85371529860175,3.1678086231643e-22,0.0056104495792323,1.73051206554,6.8739202344163,-2.6583809386751e-18,-8.4959212820115,-3.3794751851681e-18,8.0468161709759,2.3663328121574e-18,-2.3663845539827e-18,-16.903070794216,-16.903060738504,5.3294682009668e-09,5.3295654648017e-09,-2.3663648220982e-18,2.366301087603e-18,-5.3294970537033e-09,-5.3295303478471e-09,-16.903107054853,-16.903117108449,-6.1469790914595,2.8189302965505e-05,-8.4959212820115e-06,20.236862580912,-4.6610441639295,329.01527965493,100000554.80837,-1.3316441179292e-13,0.0091792282652671,-0.012072581232649,-291.88864837091,-5.2416224855599e-07,-741.03415984746,646.55328415584
55.274999999998,2.5229837659412,0.84099262934645,3.0779261621507e-22,0.0056152353047571,1.7305130937374,6.871950284026,-2.5844100091416e-18,-8.4295280702029,-3.2786046583167e-18,7.9893311888041,2.2957025618623e-18,-2.2957528475053e-18,-16.782318212137,-16.782308198105,5.1782698427161e-09,5.1783643975807e-09,-2.2957337037565e-18,2.2956717637274e-18,-5.1782978884815e-09,-5.178330262157e-09,-16.782354445646,-16.782364457569,-6.1030652733725,2.7964624988882e-05,-8.4295280702029e-06,20.218157092533,-4.656488966289,329.01527987748,100000555.01984,-1.3347666221812e-13,0.0091809752034747,-0.012072581232649,-291.72407111832,-5.1796972823912e-07,-740.62864958454,646.20006567386
55.374999999998,2.4854856624093,0.82849327922154,2.9912159587266e-22,0.0056199836951029,1.7305141138612,6.8699951385312,-2.5130096538425e-18,-8.3638562791135,-3.1814829358333e-18,7.9323875673877,2.2276972501671e-18,-2.2277461312252e-18,-16.662702809556,-16.662692837081,5.032459051793e-09,5.032550992793e-09,-2.227727553822e-18,2.2276673446178e-18,-5.0324863190002e-09,-5.032517804357e-09,-16.662739015549,-16.662748985922,-6.0595650179395,2.7742423131162e-05,-8.3638562791135e-06,20.199530230803,-4.6519537529345,329.01528009829,100000555.22966,-1.3382360711231e-13,0.0091827084193778,-0.012072581232649,-291.56077433059,-5.1187157352782e-07,-740.22628055494,645.84958270939
55.474999999998,2.4486440384205,0.81621275541706,2.9075470746452e-22,0.0056246951552565,1.7305151259997,6.8680546438717,-2.4440751854369e-18,-8.2988958781312,-3.0879464038307e-18,7.8759791753425,2.1622023135229e-18,-2.1622498394363e-18,-16.544211706916,-16.544201775875,4.8918096204009e-09,4.891899038702e-09,-2.1622318075358e-18,2.1621732681788e-18,-4.8918361362832e-09,-4.891866764144e-09,-16.544247885009,-16.544257813957,-6.0164736410973,2.7522662583087e-05,-8.2988958781312e-06,20.180981178979,-4.6474382781646,329.01528031739,100000555.43785,-1.3406646859712e-13,0.0091844280629887,-0.012072581232649,-291.39874416107,-5.0587009941407e-07,-739.82701896107,645.50180583803
55.574999999998,2.4124457239587,0.80414666793034,2.8267946946223e-22,0.0056293700845853,1.7305161302397,6.8661286480312,-2.3775067532238e-18,-8.2346370132069,-2.9978396015319e-18,7.8200999652539,2.0991088972422e-18,-2.0991551153974e-18,-16.426832201048,-16.426822311316,4.7561061901482e-09,4.7561931731625e-09,-2.0991376090566e-18,2.0990806811051e-18,-4.756131980815e-09,-4.756161780739e-09,-16.426868350858,-16.426878238505,-5.973786522933,2.7305309152866e-05,-8.2346370132069e-06,20.162510502467,-4.6429425494241,329.01528053478,100000555.64442,-1.343579023384e-13,0.0091861342822201,-0.01207258123265,-291.23796695459,-4.999577108737e-07,-739.43083147,645.15670603981
55.674999999997,2.3768778494145,0.79229072689405,2.7488398084187e-22,0.0056340088769365,1.7305171266672,6.8642170010032,-2.3132090947801e-18,-8.1710700029968,-2.9110147641767e-18,7.7647439722366,2.0383135354399e-18,-2.0383584912672e-18,-16.310551762141,-16.310541913593,4.625143668057e-09,4.6252282996197e-09,-2.0383414913991e-18,2.0382861188264e-18,-4.6251687585468e-09,-4.6251977588883e-09,-16.310587883291,-16.310597729763,-5.9314991065843,2.7090329252602e-05,-8.1710700029967e-06,20.144115856971,-4.6384655303968,329.0152807505,100000555.8494,-1.3452443598878e-13,0.0091878272229225,-0.01207258123265,-291.07842924406,-4.9412838361701e-07,-739.03768520543,644.81425469219
55.774999999997,2.341927837793,0.7806407399793,2.6735689110147e-22,0.0056386119207328,1.7305181153666,6.8623195547567,-2.2510913015867e-18,-8.1081853350655,-2.8273313945752e-18,7.7099053125283,1.9797178510319e-18,-1.9797615880972e-18,-16.195358030793,-16.195348223304,4.4987266775041e-09,4.4988090380407e-09,-1.9797450764288e-18,1.9796912055095e-18,-4.4987510918349e-09,-4.4987793197998e-09,-16.195394122908,-16.19540392833,-5.8896068971641,2.6877689884963e-05,-8.1081853350654e-06,20.125797565169,-4.6340075891274,329.01528096455,100000556.05279,-1.3486444198627e-13,0.0091895070289207,-0.01207258123265,-290.92011774726,-4.8839781980919e-07,-738.6475477397,644.4744235631
55.874999999997,2.3075833971528,0.7691926098741,2.600873719724e-22,0.0056431795990678,1.7305190964214,6.8604361632038,-2.1910665977619e-18,-8.0459736621773,-2.7466558613024e-18,7.6555781821133,1.9232282743888e-18,-1.9232708344812e-18,-16.081238815115,-16.081229048559,4.3766690417837e-09,4.3767492084688e-09,-1.9232547935141e-18,1.9232023727157e-18,-4.3766928029997e-09,-4.3767202846998e-09,-16.081274877825,-16.081284642322,-5.8481054607098,2.666735863015e-05,-8.0459736621773e-06,20.107555136745,-4.6295688104516,329.01528117695,100000556.25463,-1.3525302024052e-13,0.0091911738420491,-0.01207258123265,-290.76301936356,-4.827416615302e-07,-738.26038708613,644.13718480428
55.974999999997,2.2738325132783,0.7579423318432,2.5306509072482e-22,0.0056477122897973,1.7305200699139,6.8585666821669,-2.1330521311358e-18,-7.9844257987637,-2.6688610216883e-18,7.601756855376,1.8687557793499e-18,-1.868797202565e-18,-15.968182087908,-15.968172362156,4.2587932981482e-09,4.2588713450553e-09,-1.8687816155376e-18,1.8687305954184e-18,-4.2588164283657e-09,-4.2588431888676e-09,-15.968218120844,-15.968227844544,-5.8069904231543,2.6459303633479e-05,-7.9844257987637e-06,20.089387487939,-4.6251487486396,329.01528138773,100000556.45492,-1.3559302623682e-13,0.0091928278021873,-0.012072581232651,-290.60712117083,-4.771684199069e-07,-737.87617169141,643.80251094466
56.074999999997,2.2406634425433,0.74688599134652,2.4628018496348e-22,0.0056522103656305,1.7305210359251,6.8567109693474,-2.0769687758683e-18,-7.9235327173535,-2.5938258678942e-18,7.5484356837797,1.8162156354049e-18,-1.8162559602231e-18,-15.856175983881,-15.856166298808,4.1449302403383e-09,4.1450062385825e-09,-1.8162408110753e-18,1.8161911441873e-18,-4.1449527607882e-09,-4.1449788241617e-09,-15.856211986681,-15.856221669708,-5.766257469316,2.6253493592854e-05,-7.9235327173534e-06,20.071295097183,-4.620747702136,329.0152815969,100000556.65367,-1.3581507103602e-13,0.0091944690472926,-0.012072581232651,-290.45241042238,-4.7169730979907e-07,-737.49487042819,643.47037488388
56.174999999997,2.2080647050037,0.73601976173854,2.3972323883123e-22,0.0056566741942181,1.7305219945352,6.854868884294,-2.0227409459809e-18,-7.8632855452119,-2.5214351945086e-18,7.4956090945794,1.7655271749415e-18,-1.7655664383021e-18,-15.745208796954,-15.745199152431,4.0349184877631e-09,4.0349925056368e-09,-1.765551711642e-18,1.7655033524389e-18,-4.0349404188319e-09,-4.034965808195e-09,-15.745244769255,-15.74525441174,-5.7259023419166,2.6049897746959e-05,-7.8632855452119e-06,20.053276927047,-4.6163652456022,329.01528180448,100000556.85092,-1.3609956587955e-13,0.0091960977134335,-0.012072581232651,-290.29887454386,-4.6628464147897e-07,-737.11645258773,643.14074988601
56.274999999997,2.1760250776962,0.72533990203363,2.3338526053332e-22,0.0056611041382385,1.730522945823,6.8530402883736,-1.9702964191331e-18,-7.8036755610711,-2.4515792861996e-18,7.4432715895533,1.716613574538e-18,-1.7166518119102e-18,-15.635268977588,-15.635259373488,3.9286040796108e-09,3.9286761827116e-09,-1.7166374929824e-18,1.7165903977322e-18,-3.9286254408784e-09,-3.9286501784407e-09,-15.635304919034,-15.635314521104,-5.6859208406107,2.5848485863764e-05,-7.8036755610711e-06,20.035331971459,-4.6120012565073,329.01528201048,100000557.04667,-1.363632440406e-13,0.0091977139348248,-0.012072581232651,-290.14650113052,-4.6095820102214e-07,-736.74088787309,642.81360957343
56.374999999997,2.1445335880968,0.71484275472614,2.2725766109622e-22,0.0056655005554829,1.7305238898664,6.8512250447405,-1.9195661699778e-18,-7.7446941918225,-2.3841536240897e-18,7.3914177437772,1.6694016493645e-18,-1.6694388948146e-18,-15.526345130213,-15.526335566407,3.8258400923096e-09,3.8259103436613e-09,-1.6694249694696e-18,1.6693790961725e-18,-3.8258609025861e-09,-3.8258850096895e-09,-15.52638104045,-15.526390602233,-5.6463088210503,2.5649228228922e-05,-7.7446941918225e-06,20.017459582198,-4.6076550399531,329.01528221492,100000557.24093,-1.3668243335241e-13,0.009199317843856,-0.012072581232652,-289.99527794414,-4.5571922571416e-07,-736.36814639187,642.48892792069
56.474999999997,2.113579507788,0.70452474367898,2.2133223429488e-22,0.0056698637989378,1.7305248267423,6.8494230183074,-1.8704842125913e-18,-7.6863330093846,-2.3190586095923e-18,7.3400422043974,1.6238216598122e-18,-1.6238579460665e-18,-15.418426010649,-15.418416487011,3.7264862788386e-09,3.7265547390075e-09,-1.6238444007331e-18,1.6237997090421e-18,-3.7265065561988e-09,-3.7265300533565e-09,-15.418461889329,-15.418471410954,-5.6070621939468,2.5452095634773e-05,-7.6863330093846e-06,19.999661082833,-4.6033277469356,329.01528241781,100000557.43373,-1.3691141704271e-13,0.0092009095711239,-0.012072581232652,-289.84519291025,-4.5054124231299e-07,-735.99819864951,642.16667924861
56.574999999997,2.0831523463412,0.69438237208502,2.1560113768111e-22,0.0056741942168664,1.7305257565264,6.8476340757178,-1.8229874514624e-18,-7.6285837277522,-2.256199304576e-18,7.2891396894615,1.579807129554e-18,-1.5798424880595e-18,-15.311500523655,-15.311491040055,3.6304087285405e-09,3.6304754557449e-09,-1.5798293097175e-18,1.5797857608645e-18,-3.6304284903569e-09,-3.6304513972903e-09,-15.311536370431,-15.311545852025,-5.568176924178,2.525705936996e-05,-7.6285837277521e-06,19.981934658798,-4.5990184230282,329.01528261918,100000557.62508,-1.3711958405062e-13,0.0092024892454646,-0.012072581232652,-289.69623411552,-4.454532600734e-07,-735.63101554278,641.84683821859
56.674999999997,2.053241845283,0.68441222045532,2.1005687463268e-22,0.0056784921528878,1.7305266792934,6.8458580853167,-1.7770155404113e-18,-7.5714381998105,-2.1954851867704e-18,7.2387049867435,1.5372946742784e-18,-1.5373291352601e-18,-15.205557720453,-15.205548276761,3.5374795461266e-09,3.5375445963407e-09,-1.5373163114145e-18,1.5372738681394e-18,-3.5374988091002e-09,-3.5375211447738e-09,-15.205593534982,-15.205602976674,-5.5296490298907,2.5064091208281e-05,-7.5714381998104e-06,19.964279461822,-4.594726725462,329.01528281904,100000557.815,-1.373832622092e-13,0.0092040569939795,-0.012072581232653,-289.54838980483,-4.4042405895143e-07,-735.26656835296,641.52937982673
56.774999999997,2.023837972348,0.67461094470339,2.0469227738527e-22,0.0056827579460548,1.7305275951172,6.8440949171244,-1.7325107491617e-18,-7.5148884146337,-2.1368299194349e-18,7.1887329526136,1.4962238404098e-18,-1.4962574329248e-18,-15.100586796359,-15.100577392446,3.4475765487014e-09,3.4476399757546e-09,-1.4962449515822e-18,1.4962035780658e-18,-3.4475953288918e-09,-3.4476171115467e-09,-15.100622578301,-15.100631980221,-5.4914745816364,2.487316339917e-05,-7.5148884146337e-06,19.946695800256,-4.5904531587063,329.0152830174,100000558.00349,-1.3777184045742e-13,0.0092056129420687,-0.012072581232653,-289.40164837886,-4.3547735642471e-07,-734.90482873975,641.21427939848
56.874999999997,1.9949309157967,0.66497527425183,1.9950049096869e-22,0.0056869919309299,1.7305285040705,6.8423444428091,-1.6894178369461e-18,-7.4589264945129,-2.0801511343643e-18,7.1392185109213,1.4565369531683e-18,-1.4565697051575e-18,-14.996577088436,-14.996567724171,3.3605829796841e-09,3.3606448353556e-09,-1.4565575548028e-18,1.4565172166028e-18,-3.3606012925378e-09,-3.3606225397231e-09,-14.996612837455,-14.996622199733,-5.4536497015189,2.4684248657286e-05,-7.4589264945129e-06,19.929181628455,-4.586196799715,329.01528321429,100000558.19058,-1.381187853416e-13,0.0092071572134578,-0.012072581232653,-289.25599839132,-4.3060719928005e-07,-734.5457687349,640.90151258313
56.974999999997,1.9665110789584,0.65550201021214,1.9447495800987e-22,0.0056911944376599,1.730529406225,6.840606535661,-1.6476839328671e-18,-7.4035446922686,-2.0253702273817e-18,7.0901566519074,1.4181789733713e-18,-1.4182109117086e-18,-14.893518073208,-14.893508748462,3.2763872385962e-09,3.2764475727038e-09,-1.4181990812831e-18,1.418159745274e-18,-3.2764050989735e-09,-3.2764258275761e-09,-14.893553788971,-14.893563111737,-5.4161705623628,2.4497320153071e-05,-7.4035446922686e-06,19.911738409476,-4.5819581734232,329.01528340971,100000558.37628,-1.3823674672642e-13,0.0092086899302251,-0.012072581232653,-289.11142854652,-4.2579456120361e-07,-734.18936073602,640.59105534846
57.074999999997,1.9385690748928,0.64618802360641,1.8960940434162e-22,0.0056953657920489,1.7305303016517,6.8388810705663,-1.6072584225346e-18,-7.3487353885378,-1.972412165519e-18,7.0415424311321,1.381097362421e-18,-1.3811285129601e-18,-14.791399364409,-14.791390079051,3.1948826257428e-09,3.1949414862284e-09,-1.3811169918409e-18,1.3810786261559e-18,-3.1949000479429e-09,-3.1949202742164e-09,-14.791435046587,-14.791444329972,-5.3790333868939,2.4312351503227e-05,-7.3487353885378e-06,19.894364635649,-4.5777370896035,329.01528360368,100000558.5606,-1.3848654709464e-13,0.0092102112128304,-0.012072581232654,-288.96792769689,-4.2105468227753e-07,-733.83557750076,640.28288397555
57.174999999997,1.9110957212093,0.6370302536397,1.8489782537681e-22,0.0056995063156298,1.7305311904204,6.8371679239819,-1.5680928406731e-18,-7.2944910891296,-1.9212053051539e-18,6.9933709684289,1.3452419549621e-18,-1.3452723425807e-18,-14.690210710785,-14.690201464684,3.1159671008897e-09,3.1160245338999e-09,-1.3452611205615e-18,1.3452236945375e-18,-3.1159840986751e-09,-3.1160038382672e-09,-14.690246359051,-14.690255603187,-5.3422344469413,2.4129316761443e-05,-7.2944910891295e-06,19.877060182941,-4.5735332686883,329.01528379621,100000558.74356,-1.3882655308291e-13,0.0092117211801409,-0.012072581232654,-288.82548484048,-4.1638396877616e-07,-733.48439214072,639.97697505361
57.274999999997,1.8840820350377,0.62802570602363,1.8033447320334e-22,0.0057036163257343,1.7305320726002,6.8354669739111,-1.5301407693532e-18,-7.2408044224878,-1.8716812204109e-18,6.9456374468767,1.3105648387277e-18,-1.3105944873701e-18,-14.589941993934,-14.58993278696,3.039543055091e-09,3.0395991050549e-09,-1.3105835546419e-18,1.3105470387676e-18,-3.0395596417109e-09,-3.0395789096892e-09,-14.589977607966,-14.589986812985,-5.3057700626508,2.3948190409487e-05,-7.2408044224878e-06,19.859824320418,-4.5693466151232,329.01528398733,100000558.92517,-1.3916655907052e-13,0.0092132199494587,-0.012072581232654,-288.68408911866,-4.1178371420431e-07,-733.13577811588,639.67330547509
57.374999999997,1.8575192281348,0.61917145134613,1.7591384435485e-22,0.0057076961355614,1.7305329482591,6.8337780998789,-1.4933577414986e-18,-7.1876681372053,-1.8237745411927e-18,6.8983371117955,1.2770202411272e-18,-1.277049173844e-18,-14.4905832262,-14.490574058221,2.9655170948834e-09,2.9655718045849e-09,-1.277038520978e-18,1.2770028868443e-18,-2.9655332830952e-09,-2.9655520939717e-09,-14.490618805679,-14.490627971711,-5.2696366017184,2.376894734848e-05,-7.1876681372053e-06,19.842657030358,-4.5651768263571,329.01528417704,100000559.10544,-1.394996261635e-13,0.009214707636545,-0.012072581232655,-288.5437298137,-4.0723956797592e-07,-732.78970922883,639.37185243065
57.474999999997,1.831398702117,0.61046462348116,1.7163066822152e-22,0.0057117460542449,1.7305338174644,6.8321011829086,-1.4577011493909e-18,-7.1350750995464,-1.7774228002417e-18,6.851465269758,1.244564422158e-18,-1.2445926611446e-18,-14.392124548592,-14.392115419476,2.8937998381066e-09,2.893853248755e-09,-1.244582279075e-18,1.2445474993277e-18,-2.893815640197e-09,-2.893834007952e-09,-14.392160093201,-14.392169220378,-5.2338304786349,2.3591562890214e-05,-7.1350750995463e-06,19.825557170311,-4.561024280172,329.01528436537,100000559.2844,-1.3977718210459e-13,0.0092161843556469,-0.012072581232655,-288.40439634658,-4.0276287468035e-07,-732.44615961937,639.07259340444
57.574999999997,1.8057120438505,0.6019024180525,1.6747989606741e-22,0.0057157663869188,1.7305346802823,6.8304361054984,-1.4231301579192e-18,-7.083018291141,-1.7325662886808e-18,6.805017287626,1.2131555732542e-18,-1.2131831398871e-18,-14.294556228763,-14.294547138378,2.8243057206686e-09,2.8243578719645e-09,-1.2131730198953e-18,1.2131390681903e-18,-2.8243211484732e-09,-2.8243390865776e-09,-14.29459173819,-14.294600826643,-5.1983481539499,2.3416012749049e-05,-7.083018291141e-06,19.808525679664,-4.5568886096393,329.01528455231,100000559.46205,-1.4003392136331e-13,0.0092176502195207,-0.012072581232655,-288.2660782747,-3.983519723281e-07,-732.10510375898,638.77550616934
57.674999999997,1.7804510209382,0.5934820909298,1.634566906118e-22,0.0057197574347819,1.7305355367783,6.8287827515984,-1.3896056222351e-18,-7.0314908066242,-1.689147919514e-18,6.7589885916027,1.1827537217087e-18,-1.1827806365804e-18,-14.197868659017,-14.197859607231,2.7569528136066e-09,2.757003743806e-09,-1.1827707702796e-18,1.18273762124e-18,-2.7569678785297e-09,-2.7569853999657e-09,-14.197904132953,-14.197913182814,-5.1631861335473,2.3242273033643e-05,-7.0314908066242e-06,19.791560783196,-4.5527698211913,329.0152847379,100000559.6384,-1.4028372172753e-13,0.0092191053394578,-0.012072581232655,-288.12876528971,-3.9399895367669e-07,-731.76651644561,638.4805687824
57.774999999997,1.7556075773427,0.58520095676877,1.5955641615068e-22,0.0057237194951616,1.7305363870171,6.8271410065886,-1.3570900096379e-18,-6.9804858513653,-1.6471130986046e-18,6.7133746663037,1.1533206403314e-18,-1.1533469232833e-18,-14.10205235436,-14.102043341041,2.6916626498464e-09,2.69171239582e-09,-1.1533373026042e-18,1.1533049317796e-18,-2.691677362878e-09,-2.6916944801602e-09,-14.1020877925,-14.102096803901,-5.1283409679361,2.3070320238982e-05,-6.9804858513653e-06,19.774662715564,-4.5486675604509,329.01528492213,100000559.81347,-1.4063066660581e-13,0.0092205498253065,-0.012072581232656,-287.9924472153,-3.8970494182478e-07,-731.43037279841,638.18775958022
57.874999999997,1.7311738291365,0.57705638759585,1.5577462918565e-22,0.0057276528615752,1.7305372310624,6.8255107572563,-1.3255473254311e-18,-6.9299967393086,-1.6064096026808e-18,6.6681710538455,1.1248197620279e-18,-1.1248454321814e-18,-14.007097950584,-14.0070889756,2.6283600600918e-09,2.6284086573837e-09,-1.1248360493587e-18,1.1248044331863e-18,-2.6283744318257e-09,-2.6283911570202e-09,-14.007133352625,-14.007142325699,-5.0938092515538,2.2900131238807e-05,-6.9299967393086e-06,19.757830625093,-4.5445819550396,329.01528510503,100000559.98728,-1.4095679480182e-13,0.0092219837854965,-0.012072581232656,-287.85711400517,-3.8547554078092e-07,-731.09664825263,637.8970571746
57.974999999997,1.7071420603541,0.56904581142406,1.5210706952959e-22,0.0057315578237908,1.7305380689771,6.8238918917752,-1.2949430425119e-18,-6.8800168907776,-1.5669874639476e-18,6.623373352953,1.0972160990041e-18,-1.097241174791e-18,-13.912996202392,-13.91298726561,2.566973017321e-09,2.5670205002031e-09,-1.0972320223498e-18,1.0972011381176e-18,-2.5669870579711e-09,-2.5670034027136e-09,-13.913031568035,-13.913040502914,-5.0595876220845,2.2731683277916e-05,-6.8800168907776e-06,19.741064163117,-4.5405127511117,329.01528528661,100000560.15983,-1.4126210631546e-13,0.0092234073270617,-0.012072581232656,-287.72275574092,-3.8129086873593e-07,-730.76531855468,637.60844044815
58.074999999997,1.6835047189752,0.56116671091481,1.4854965186711e-22,0.0057354346678871,1.7305389008235,6.8222842996842,-1.2652440345289e-18,-6.8305398304312,-1.5287988609134e-18,6.5789772180857,1.0704761663219e-18,-1.0705006655126e-18,-13.819737981563,-13.81972908285,2.5074324893941e-09,2.5074788909182e-09,-1.0704917362566e-18,1.0704615620677e-18,-2.5074462088095e-09,-2.5074621843237e-09,-13.819773310512,-13.819782207329,-5.0256727597913,2.2564953964989e-05,-6.8305398304311e-06,19.724363558204,-4.5364598712492,329.01528546688,100000560.33113,-1.4163680676758e-13,0.0092248205556621,-0.012072581232657,-287.58936263007,-3.7717895758592e-07,-730.43635975724,637.32188855006
58.174999999997,1.6602544129901,0.55341662206683,1.4509845773948e-22,0.0057392836763111,1.7305397266628,6.8206878718664,-1.2364185123633e-18,-6.7815591851635,-1.491798015061e-18,6.5349783585785,1.0445679095478e-18,-1.044591849279e-18,-13.727314275149,-13.727305414371,2.4496722993056e-09,2.4497176513534e-09,-1.0445831362781e-18,1.0445536510174e-18,-2.4496857069859e-09,-2.4497013240999e-09,-13.72734956711,-13.727358425998,-4.9920613868601,2.2399921265233e-05,-6.7815591851635e-06,19.707727653678,-4.5324235565881,329.01528564586,100000560.50121,-1.4194211827997e-13,0.0092262235756066,-0.012072581232657,-287.45692500401,-3.7312567851425e-07,-730.10974821441,637.03738089194
58.274999999997,1.6373839065888,0.54579313294496,1.417497279345e-22,0.0057431051279366,1.7305405465557,6.8191025005285,-1.2084359637917e-18,-6.7330686821081,-1.4559410930219e-18,6.4913725377987,1.0194606362548e-18,-1.0194840330551e-18,-13.635716183698,-13.635707360721,2.3936289926497e-09,2.3936733259805e-09,-1.0194755296342e-18,1.0194467129365e-18,-2.3936420977594e-09,-2.3936573669215e-09,-13.635751438382,-13.635760259475,-4.9587502667553,2.2236563493381e-05,-6.733068682108e-06,19.691155772486,-4.5284027374651,329.01528582355,100000560.67007,-1.4218497974661e-13,0.0092276164898723,-0.012072581232657,-287.32543331607,-3.6911335286637e-07,-729.78546057692,636.75489714357
58.374999999997,1.6148861164564,0.53829388244624,1.3849985525916e-22,0.0057468992981188,1.7305413605619,6.8175280791819,-1.1812670961515e-18,-6.6850621467274,-1.4211861139311e-18,6.4481555723199,9.9512495115124e-19,-9.9514782096601e-19,-13.544934919526,-13.544926134218,2.3392417118902e-09,2.3392850561863e-09,-9.9513952069472e-19,9.951113529136e-19,-2.339254523272e-09,-2.3392694545663e-09,-13.544970136647,-13.544978920078,-4.9257362035887,2.2074859306992e-05,-6.6850621467274e-06,19.674647794831,-4.5243979797383,329.01528599998,100000560.83772,-1.4235845227371e-13,0.0092289994001281,-0.012072581232657,-287.19487813968,-3.6516374737108e-07,-729.46347378773,636.47441722909
58.474999999997,1.5927541081574,0.53091655909336,1.3534537767158e-22,0.0057506664587503,1.7305421687405,6.8159645026219,-1.1548837818288e-18,-6.6375335008787,-1.387492861662e-18,6.4053233311131,9.7153269462723e-19,-9.7155505284251e-19,-13.454961805013,-13.45495305724,2.2864520770528e-09,2.2864944609627e-09,-9.7154694952425e-19,9.7151941170335e-19,-2.2864646032408e-09,-2.2864792064017e-09,-13.454996984289,-13.455005730191,-4.8930160415017,2.1914787699668e-05,-6.6375335008787e-06,19.658204201031,-4.5204090765921,329.01528617515,100000561.00418,-1.4270539714774e-13,0.0092303724067538,-0.012072581232658,-287.0652501664,-3.6126706889853e-07,-729.14376507731,636.19592132294
58.574999999997,1.5709810926117,0.52365889986167,1.3228297175369e-22,0.0057544068783147,1.7305429711498,6.8144116669094,-1.1292590064241e-18,-6.5904767609428,-1.3548228016585e-18,6.3628717347517,9.4865688452029e-19,-9.4867874598501e-19,-13.365788270938,-13.365779560566,2.2352040724792e-09,2.2352455236593e-09,-9.4867083364763e-19,9.4864390749275e-19,-2.2352163217114e-09,-2.2352306061372e-09,-13.365823412087,-13.365832120595,-4.8605866640577,2.1756327994503e-05,-6.5904767609428e-06,19.641823204496,-4.5164362752949,329.01528634908,100000561.16946,-1.4304540312723e-13,0.0092317356088608,-0.012072581232658,-286.93654020416,-3.5743020068211e-07,-728.82631195925,635.91938984598
58.674999999997,1.5495604226829,0.51651868904016,1.2930944650899e-22,0.0057581208219395,1.7305437678474,6.8128694693518,-1.1043668194743e-18,-6.5438860360344,-1.3231390021011e-18,6.3207967546287,9.2647166091475e-19,-9.2649303996254e-19,-13.277405854828,-13.277397181722,2.1854439393062e-09,2.18548448446e-09,-9.2648531284888e-19,9.2645898070128e-19,-2.185455919536e-09,-2.1854698943029e-09,-13.277440957573,-13.277449628822,-4.8284449936445,2.1599459837802e-05,-6.5438860360343e-06,19.625505188321,-4.5124792716306,329.01528652177,100000561.33357,-1.4335765353054e-13,0.0092330891043125,-0.012072581232658,-286.80873917543,-3.536373994325e-07,-728.51109222596,635.64480346181
58.774999999997,1.5284855898431,0.50949375712123,1.2642173746419e-22,0.0057618085514482,1.73054455889,6.8113378084843,-1.0801822875647e-18,-6.4977555262287,-1.2924060591603e-18,6.2790944121985,9.0495223380419e-19,-9.049731442738e-19,-13.189806199369,-13.189797563396,2.1371200733553e-09,2.1371597382715e-09,-9.0496559683302e-19,9.0493984164381e-19,-2.1371317922628e-09,-2.1371454661373e-09,-13.189841263438,-13.189849897561,-4.7965879908941,2.1444163192868e-05,-6.4977555262286e-06,19.609250057897,-4.508537280282,329.01528669325,100000561.49652,-1.4356582052488e-13,0.0092344329897428,-0.012072581232659,-286.68183811545,-3.4990143412307e-07,-728.19808394437,635.37214307295
58.874999999997,1.5077502209149,0.50258197971419,1.2361690105857e-22,0.005765470325411,1.7305453443339,6.8098165840518,-1.0566814497054e-18,-6.4520795207729,-1.262590026102e-18,6.237760778218,8.8407483345024e-19,-8.840952887053e-19,-13.102981050814,-13.10297245184,2.0901829281291e-09,2.0902217377174e-09,-8.8408791558426e-19,8.8406272089036e-19,-2.0901943931322e-09,-2.0902077745833e-09,-13.103016075936,-13.103024673067,-4.7650126541042,2.1290418333741e-05,-6.4520795207729e-06,19.593056994553,-4.504611334222,329.01528686351,100000561.65833,-1.4394052097214e-13,0.0092357673605758,-0.012072581232659,-286.5558281705,-3.4620366022294e-07,-727.88726545164,635.10138981719
58.974999999997,1.4873480749314,0.49578127649788,1.2089210931075e-22,0.0057691063991948,1.7305461242345,6.8083056969911,-1.033841274894e-18,-6.4068523964608,-1.233658346031e-18,6.1967919720139,8.638166632892e-19,-8.6383667623695e-19,-13.016922257439,-13.016913695329,2.0445849226413e-09,2.0446229009671e-09,-8.6382947227211e-19,8.6380482217316e-19,-2.0445961409058e-09,-2.0446092381167e-09,-13.016957243346,-13.016965803621,-4.7337160186773,2.1138205839488e-05,-6.4068523964608e-06,19.576925929785,-4.5007005767217,329.01528703259,100000561.81899,-1.4421113801017e-13,0.0092370923110435,-0.012072581232659,-286.43070059621,-3.4256013622778e-07,-727.57861535116,634.83252506402
59.074999999997,1.4672730400513,0.48908961019352,1.1824464474108e-22,0.0057727170250124,1.7305468986464,6.8068050494138,-1.01163962169e-18,-6.3620686159587,-1.2055797880658e-18,6.1561841607584,8.4415585524109e-19,-8.4417543835048e-19,-12.931621768026,-12.931613242645,2.0002803538126e-09,2.0003175241294e-09,-8.4416839856014e-19,8.4414427769634e-19,-2.000291332262e-09,-2.000304153141e-09,-12.931656714455,-12.931665238006,-4.702695156568,2.0987506588348e-05,-6.3620686159587e-06,19.560855501023,-4.4968053921717,329.01528720048,100000561.97854,-1.4456502177445e-13,0.0092384079342057,-0.012072581232659,-286.3064467559,-3.389752067214e-07,-727.2721125085,634.5655304112
59.174999999997,1.4475191305589,0.48250498556394,1.1567189554126e-22,0.00577630245197,1.7305476676238,6.8053145445885,-9.9005519974045e-19,-6.3177227261626,-1.1783243867535e-18,6.1159335587597,8.2507142728795e-19,-8.2509059260651e-19,-12.84707163037,-12.847063141583,1.9572253131861e-09,1.9572616979678e-09,-8.2508371218371e-19,8.2506010571446e-19,-1.9572360585111e-09,-1.9572486107026e-09,-12.847106537059,-12.847115024022,-4.6719471757406,2.0838301751976e-05,-6.3177227261626e-06,19.5448461295,-4.4929247045314,329.01528736719,100000562.13697,-1.4487727217476e-13,0.0092397143219673,-0.01207258123266,-286.18305811891,-3.3542567679759e-07,-726.96773604739,634.30038768122
59.274999999997,1.428080483953,0.47602544844365,1.1317135097576e-22,0.0057798629261152,1.7305484312201,6.8038340869246,-9.6906753313171e-19,-6.2738093566537,-1.1518633845455e-18,6.0760364267654,8.0654324319451e-19,-8.0656200236493e-19,-12.763263989815,-12.763255537488,1.9153776077295e-09,1.9154132287001e-09,-8.0655527667024e-19,8.0653217025404e-19,-1.9153881263971e-09,-1.9154004172912e-09,-12.763298856507,-12.763307307016,-4.6414692196374,2.0690572790025e-05,-6.2738093566537e-06,19.528898331055,-4.4890599196881,329.01528753275,100000562.2943,-1.4509237805983e-13,0.0092410115650959,-0.01207258123266,-286.06052625905,-3.3192952351696e-07,-726.66546534594,634.03707891793
59.374999999997,1.4089513580988,0.46964908478902,1.1074059700454e-22,0.0057833986904824,1.7305491894879,6.8023635819548,-9.4865692548961e-19,-6.2303232181268,-1.1261691771629e-18,6.0364890712772,7.8855197425299e-19,-7.8857033852878e-19,-12.680191087817,-12.680182671816,1.8746966845033e-09,1.874731562666e-09,-7.885637630837e-19,7.8854114285869e-19,-1.8747069827654e-09,-1.8747190195084e-09,-12.680225914257,-12.680234328447,-4.6112584666542,2.0544301444648e-05,-6.2303232181267e-06,19.513011126129,-4.4852101343407,329.01528769716,100000562.45053,-1.4528666726255e-13,0.009242299753239,-0.01207258123266,-285.93884285295,-3.2848148895918e-07,-726.36528003265,633.77558638324
59.474999999997,1.3901261284666,0.4633740197582,1.0837731211362e-22,0.0057869099851391,1.7305499424795,6.8009029363199,-9.2880442671911e-19,-6.187259100917,-1.101215261695e-18,5.9972878438806,7.710790629411e-19,-7.7109704320163e-19,-12.597845260535,-12.597836880726,1.8351435589907e-09,1.8351777146552e-09,-7.7109061368214e-19,7.7106846624763e-19,-1.8351536428922e-09,-1.8351654323954e-09,-12.597880046473,-12.597888424477,-4.5813121296297,2.0399469735329e-05,-6.1872591009169e-06,19.4971841672,-4.4813754117534,329.01528786043,100000562.60569,-1.4541850641972e-13,0.0092435789749416,-0.01207258123266,-285.81799967859,-3.2507826635425e-07,-726.06715998284,633.51589255385
59.574999999997,1.3715992854256,0.45719841680907,1.0607926334367e-22,0.0057903970472295,1.7305506902461,6.7994520577523,-9.0949180130851e-19,-6.144611873489,-1.0769761872796e-18,5.9584291405847,7.5410668838803e-19,-7.5412429515267e-19,-12.516218937444,-12.516210593692,1.7966807468918e-09,1.7967141997011e-09,-7.5411800738316e-19,7.5409631978203e-19,-1.7966906222787e-09,-1.7967021712275e-09,-12.516253682632,-12.516262024585,-4.5516274553394,2.0256059953601e-05,-6.1446118734889e-06,19.481416151722,-4.477555197557,329.01528802257,100000562.75977,-1.4576545128741e-13,0.009244849317662,-0.012072581232661,-285.69798861374,-3.2171798263565e-07,-725.7710853149,633.2579801181
59.674999999997,1.3533654316202,0.45112047682433,1.0384430250754e-22,0.0057938601110192,1.7305514328387,6.7980108550602,-8.907014981277e-19,-6.1023764810111,-1.0534275082244e-18,5.9199094011751,7.3761773354984e-19,-7.3763497699192e-19,-12.435304639975,-12.435296332146,1.7592721992008e-09,1.7593049681559e-09,-7.3762882693916e-19,7.3760758664107e-19,-1.7592818717277e-09,-1.7592931865897e-09,-12.435339344168,-12.435347650205,-4.5222017240023,2.0114054658046e-05,-6.1023764810111e-06,19.465706935289,-4.4737494962266,329.01528818359,100000562.91279,-1.4620954066908e-13,0.0092461108677893,-0.012072581232661,-285.5788016345,-3.1840616642391e-07,-725.47703638667,633.00183197274
59.774999999997,1.3354192794085,0.44513843725845,1.0167036258457e-22,0.0057972994079377,1.7305521703074,6.7965792381124,-8.7241662162301e-19,-6.0605479439529,-1.0305457394386e-18,5.8817251085774,7.215957540024e-19,-7.2161264396219e-19,-12.355094980181,-12.355086708139,1.7228832403922e-09,1.7229153438765e-09,-7.2160662772987e-19,7.2158582261501e-19,-1.7228927155294e-09,-1.7229038025628e-09,-12.355129643135,-12.355137913392,-4.4930322487949,1.9973436669385e-05,-6.0605479439529e-06,19.450056448814,-4.4699587632418,329.01528834351,100000563.06477,-1.4648709659627e-13,0.0092473637106585,-0.012072581232661,-285.46043081375,-3.1512322391747e-07,-725.18499379189,632.74743121989
59.874999999997,1.3177556483671,0.43925057130434,9.955545428429e-23,0.0058007151666203,1.7305529027019,6.7951571178232,-8.5462090435277e-19,-6.0191213566894,-1.0083083140488e-18,5.8438727882324,7.0602494826373e-19,-7.0604149426099e-19,-12.275582659419,-12.27557442303,1.6874805095534e-09,1.687511965356e-09,-7.0603560808444e-19,7.0601522642786e-19,-1.687489792594e-09,-1.6875006578558e-09,-12.275617280896,-12.275625515507,-4.4641163753726,1.9834189065592e-05,-6.0191213566894e-06,19.43446538478,-4.4661828104911,329.01528850234,100000563.2157,-1.4677853031064e-13,0.0092486079305665,-0.012072581232661,-285.34286831987,-3.1188983556629e-07,-724.89493835677,632.49476116404
59.974999999997,1.3003694628588,0.43345518708484,9.7497662771234e-23,0.0058041076129503,1.7305536300711,6.7937444061373,-8.3729868079817e-19,-5.9780918861802,-9.866935430833e-19,5.8063490074844,6.9089012956463e-19,-6.9090634081073e-19,-12.196760467071,-12.196752266198,1.6530319043105e-09,1.6530627296483e-09,-6.9090058105176e-19,6.908806115086e-19,-1.6530410003767e-09,-1.65305164973e-09,-12.196795046833,-12.196803245934,-4.4354514814036,1.9696295177264e-05,-5.9780918861801e-06,19.418931612586,-4.4624211806281,329.01528866008,100000563.3656,-1.4700057508533e-13,0.0092498436107884,-0.012072581232662,-285.22610641518,-3.0870561222792e-07,-724.60685113654,632.24380530902
60.074999999997,1.2832557496717,0.42775062686333,9.5495144541828e-23,0.0058074769700985,1.7305543524634,6.7923410160161,-8.2043486237844e-19,-5.9374547706638,-9.6568057711314e-19,5.7691503749774,6.7617669898941e-19,-6.7619258439896e-19,-12.118621279271,-12.118613113779,1.6195065274016e-09,1.6195367389403e-09,-6.7618694754088e-19,6.7616737913218e-19,-1.6195154414515e-09,-1.6195258805721e-09,-12.118655817084,-12.118663980811,-4.407034976107,1.9559738583054e-05,-5.9374547706638e-06,19.403456337643,-4.4586740545211,329.01528881675,100000563.51448,-1.4733364216197e-13,0.0092510708335925,-0.012072581232662,-285.11013745468,-3.0555442940944e-07,-724.32071341219,631.99454735523
60.174999999997,1.2664096356811,0.4221352662665,9.3546124442454e-23,0.0058108234585644,1.7305550699266,6.7909468614213,-8.0401491358282e-19,-5.8972053182701,-9.4524936974665e-19,5.7322735400639,6.6187061991478e-19,-6.6188618811663e-19,-12.041158057665,-12.041149927421,1.5868746357605e-09,1.5869042496357e-09,-6.6188067075974e-19,6.6186149285858e-19,-1.586883372594e-09,-1.5868936069782e-09,-12.041192553301,-12.041200681788,-4.3788642998015,1.9424503104819e-05,-5.8972053182701e-06,19.388039440285,-4.4549417771407,329.01528897235,100000563.66236,-1.4750711467831e-13,0.0092522896802528,-0.012072581232662,-284.99495388456,-3.0244593871053e-07,-724.03650668689,631.74697119647
60.274999999997,1.2498263456322,0.41660751354376,9.164889283115e-23,0.0058141472962144,1.730555782508,6.7895618573032,-7.8802482924417e-19,-5.8573389059025,-9.2538064287928e-19,5.695715192221,6.4795839367733e-19,-6.4797365302509e-19,-11.964363848186,-11.964355753055,1.5551075919825e-09,1.5551366238184e-09,-6.479682518822e-19,6.4794945420077e-19,-1.555116156247e-09,-1.5551261912175e-09,-11.964398301417,-11.964406394799,-4.3509369234585,1.9290572803693e-05,-5.8573389059025e-06,19.37267973704,-4.451223534759,329.0152891269,100000563.80923,-1.4777079281494e-13,0.0092535002310674,-0.012072581232663,-284.88054824098,-2.9938081643211e-07,-723.75421268314,631.50106091744
60.374999999997,1.2335011999259,0.41116580882997,8.980180286426e-23,0.0058174486983206,1.7305564902542,6.7881859195855,-7.7245111280078e-19,-5.8178509779247,-9.0605585360739e-19,5.6594720604836,6.344270364063e-19,-6.3444199498863e-19,-11.888231779861,-11.888223719709,1.5241778180508e-09,1.5242062829792e-09,-6.3443670688061e-19,6.3441827945779e-19,-1.5241862142467e-09,-1.5241960549595e-09,-11.888266190464,-11.888274248875,-4.3232503482704,1.9157931975499e-05,-5.8178509779247e-06,19.35737729367,-4.4475193726813,329.01528928041,100000563.95511,-1.4797895979977e-13,0.0092547025653713,-0.012072581232663,-284.76691314872,-2.9634561873203e-07,-723.47381333935,631.25680079085
60.474999999997,1.2174296124802,0.40580862343296,8.8003267908543e-23,0.0058207278775986,1.7305571932114,6.786818965152,-7.5728075555454e-19,-5.7787370449707,-8.8725716271719e-19,5.6235409128818,6.2126405695942e-19,-6.2127872260959e-19,-11.812755063631,-11.812747038323,1.4940587512067e-09,1.4940866638849e-09,-6.2127354446138e-19,6.2125547765082e-19,-1.4940669836933e-09,-1.4940766351429e-09,-11.812789431385,-11.81279745496,-4.2958021052197,1.9026565146584e-05,-5.7787370449707e-06,19.342130856519,-4.4438292283953,329.01528943288,100000564.1,-1.4833284355593e-13,0.0092558967615501,-0.012072581232663,-284.65404131989,-2.9335535057009e-07,-723.19529080682,631.0141752747
60.574999999997,1.2016070886483,0.40053445913769,8.6251759071659e-23,0.0058239850442447,1.7305578914251,6.7854609118332,-7.4250121686881e-19,-5.7399926827621,-8.6896740466751e-19,5.5879185558893,6.0845743590481e-19,-6.0847181620988e-19,-11.737926991191,-11.737919000591,1.4647248018558e-09,1.4647521764839e-09,-6.0846674504668e-19,6.0844902950514e-19,-1.4647328748558e-09,-1.4647423418821e-09,-11.737961315878,-11.737969304751,-4.2685897546577,1.8896457069678e-05,-5.739992682762e-06,19.326940860763,-4.4401530498457,329.01528958433,100000564.24393,-1.486312161603e-13,0.0092570828970547,-0.012072581232663,-284.54192555267,-2.904021120405e-07,-722.91862744662,630.77316900962
60.674999999997,1.1860292231741,0.39534184752703,8.4545802843721e-23,0.0058272204059723,1.7305585849403,6.7841116783929,-7.2810040524836e-19,-5.7016135309402,-8.5117005898946e-19,5.5526018338816,5.9599560549446e-19,-5.9600970780448e-19,-11.663740933852,-11.663732977826,1.4361513134076e-09,1.436178163745e-09,-5.9600474074779e-19,5.9598736742429e-19,-1.4361592310124e-09,-1.4361685183055e-09,-11.663775215256,-11.663783169563,-4.2416108858914,1.8767592719809e-05,-5.7016135309402e-06,19.311806132418,-4.436490784079,329.01528973476,100000564.38689,-1.4897122212754e-13,0.0092582610484133,-0.012072581232664,-284.43055873002,-2.8748435916596e-07,-722.64380582656,630.53376681621
60.774999999996,1.1706916982154,0.39022934932093,8.288397884469e-23,0.0058304341680478,1.7305592738015,6.7827711845156,-7.1406666025949e-19,-5.6635952919509,-8.3384922302827e-19,5.5175876285986,5.838674305781e-19,-5.8388126201461e-19,-11.590190341413,-11.590182419825,1.4083145239493e-09,1.4083408633305e-09,-5.8387639627874e-19,5.8385935640388e-19,-1.4083222901237e-09,-1.4083314022294e-09,-11.590224579322,-11.590232499197,-4.214863116772,1.8639957290403e-05,-5.6635952919508e-06,19.296728398391,-4.432842624659,329.01528988419,100000564.5289,-1.4932510588181e-13,0.009259431291247,-0.012072581232664,-284.31993381857,-2.8460792592047e-07,-722.37080871827,630.29595369252
60.874999999996,1.1555902814109,0.38519555373382,8.1264917674812e-23,0.0058336265333255,1.7305599580527,6.7814393507936,-7.0038873527085e-19,-5.6259337299665,-8.169895859613e-19,5.4828728586288,5.7206219041053e-19,-5.7207575787468e-19,-11.517268741076,-11.517260853792,1.381191529667e-09,1.3812173710166e-09,-5.7207099076335e-19,5.7205427583914e-19,-1.3811991482535e-09,-1.3812080895788e-09,-11.517302935281,-11.517310820859,-4.1883440933013,1.8513536189501e-05,-5.6259337299664e-06,19.281705715944,-4.429208372248,329.01529003263,100000564.66996,-1.4960266180271e-13,0.0092605937002812,-0.012072581232664,-284.2100438673,-2.8177905756599e-07,-722.09961909431,630.05971481148
60.974999999996,1.1407208239893,0.38023907784292,7.9687298858898e-23,0.0058367977022825,1.7305606377372,6.780116098715,-6.8705578093863e-19,-5.5886246697719,-8.0057640402369e-19,5.4484544788907,5.605695613042e-19,-5.6058287148476e-19,-11.44496973636,-11.444961883244,1.354760249921e-09,1.3547856057684e-09,-5.6057820038771e-19,5.6056180217791e-19,-1.3547677246443e-09,-1.3547764994619e-09,-11.445003886653,-11.445011738068,-4.1620514892353,1.8388315035873e-05,-5.5886246697719e-06,19.26673784616,-4.4255875150706,329.01529018008,100000564.81008,-1.4979695099631e-13,0.0092617483493599,-0.012072581232665,-284.10088200644,-2.7896988726861e-07,-721.83022012531,629.82503551851
61.074999999996,1.1260792589275,0.37535856597498,7.8149848883327e-23,0.0058399478730524,1.7305613128982,6.7788013506508,-6.7405732943092e-19,-5.5516639957109,-7.8459547688213e-19,5.4143294801287,5.4937960008624e-19,-5.4939265946705e-19,-11.373287006036,-11.373279186954,1.3289993938977e-09,1.3290242763913e-09,-5.4938808185702e-19,5.4937199237767e-19,-1.329006728369e-09,-1.3290153408223e-09,-11.373321112215,-11.373328929601,-4.1359830056995,1.8264279655328e-05,-5.5516639957108e-06,19.251825119355,-4.4219802095754,329.01529032655,100000564.94928,-1.5000511797716e-13,0.0092628953114576,-0.012072581232665,-283.9924414463,-2.7619480002999e-07,-721.56259517713,629.59190132896
61.174999999996,1.1116615991551,0.37055268910778,7.6651339319698e-23,0.0058430772414589,1.7305619835779,6.7774950298428,-6.6138327934097e-19,-5.5150476506502,-7.6903312509806e-19,5.3804948884152,5.3848272831774e-19,-5.3849554318514e-19,-11.302214303087,-11.302206517906,1.3038884287582e-09,1.3039128496787e-09,-5.3849105661468e-19,5.3847526812523e-19,-1.3038956264792e-09,-1.3039040805866e-09,-11.302248364952,-11.302256148444,-4.1101363708078,1.8141416077092e-05,-5.5150476506502e-06,19.236967111377,-4.4183866762461,329.01529047206,100000565.08756,-1.5030349057818e-13,0.0092640346586915,-0.012072581232665,-283.88471547612,-2.7345861122758e-07,-721.29672780813,629.36029792573
61.274999999996,1.0974639358055,0.36582014428669,7.5190585031316e-23,0.0058461860010484,1.7305626498183,6.7761970603925,-6.4902388126042e-19,-5.4787716349728,-7.5387616862529e-19,5.3469477646624,5.2786971723783e-19,-5.2788229368742e-19,-11.231745453682,-11.231737702266,1.2794075492106e-09,1.2794315199839e-09,-5.2787789578604e-19,5.2786240078091e-19,-1.2794146135772e-09,-1.2794229132367e-09,-11.231779471035,-11.231787220766,-4.0845093392904,1.8019710530283e-05,-5.4787716349728e-06,19.222163057785,-4.414806550478,329.0152906166,100000565.22493,-1.5068512990551e-13,0.0092651664623348,-0.012072581232665,-283.77769746298,-2.7075730513626e-07,-721.03260176644,629.13021115698
61.374999999996,1.083482436505,0.36115965405507,7.3766442458609e-23,0.0058492743431224,1.7305633116609,6.7749073672485,-6.3696972398143e-19,-5.4428320055851,-7.3911190629002e-19,5.313685204143,5.175316733954e-19,-5.1754401733888e-19,-11.161874356164,-11.161866638379,1.2555376484366e-09,1.2555611801459e-09,-5.1753970581025e-19,5.175244970104e-19,-1.2555445827426e-09,-1.2555527317358e-09,-11.161908328809,-11.161916044915,-4.0590996921266,1.789914944044e-05,-5.4428320055851e-06,19.207413267449,-4.4112398522888,329.0152907602,100000565.36139,-1.5101125808101e-13,0.0092662907928284,-0.012072581232666,-283.67138085064,-2.6809184027893e-07,-720.77020098736,628.90162703378
61.474999999996,1.0697133437038,0.35656996589733,7.2377807979301e-23,0.0058523424567691,1.7305639691465,6.7736258761957,-6.2521172129448e-19,-5.4072248749287,-7.247280962043e-19,5.2807043360156,5.0746002493445e-19,-5.0747214210602e-19,-11.092594980059,-11.092587295771,1.232260290305e-09,1.2322833937032e-09,-5.0746791472529e-19,5.0745298507037e-19,-1.2322670977459e-09,-1.2322750997421e-09,-11.092628907805,-11.092636590419,-4.0339052361835,1.7779719426072e-05,-5.4072248749287e-06,19.192716478028,-4.4076867641904,329.01529090286,100000565.49696,-1.5121248616573e-13,0.0092674077197913,-0.012072581232666,-283.56575915852,-2.65450918538e-07,-720.50950959059,628.67453172777
61.574999999996,1.0561529730543,0.35204985169849,7.1023616340852e-23,0.0058553905288943,1.7305646223158,6.7723525138437,-6.1374109936277e-19,-5.3719464100561,-7.1071293706665e-19,5.2480023228622,4.9764650850065e-19,-4.9765840446322e-19,-11.023901365101,-11.023893714176,1.2095576828123e-09,1.209580368333e-09,-4.9765425907436e-19,4.9763960171522e-19,-1.2095643664884e-09,-1.2095722250482e-09,-11.023935247758,-11.023942897016,-4.0089238038613,1.7661407295418e-05,-5.3719464100561e-06,19.178073319076,-4.4041467148947,329.01529104458,100000565.63165,-1.514345309317e-13,0.0092685173120344,-0.012072581232666,-283.46082598064,-2.6285286581116e-07,-720.25051187787,628.44891156902
61.674999999996,1.0427977118156,0.34759810721259,6.9702839159137e-23,0.0058584187442524,1.7305652712086,6.7710872076155,-6.0254938462433e-19,-5.3369928316622,-6.9705505030528e-19,5.2155763602303,4.8808315673798e-19,-4.8809483688916e-19,-10.955787620272,-10.955780002576,1.1874126526882e-09,1.1874349304565e-09,-4.880907714026e-19,4.8807637969372e-19,-1.187419215608e-09,-1.1874269341874e-09,-10.955821457654,-10.955829073689,-3.9841532527447,1.7544200043066e-05,-5.3369928316622e-06,19.163483610307,-4.4006198439521,329.01529118538,100000565.76545,-1.5175372021178e-13,0.0092696196375704,-0.012072581232667,-283.35657498452,-2.6027807047302e-07,-719.99319233024,628.22475304374
61.774999999996,1.0296440173104,0.34321355154857,6.8414483484275e-23,0.0058614272854762,1.7305659158646,6.769829885737,-5.9162839223109e-19,-5.3023604132068,-6.8374346302304e-19,5.1834236761839,4.7876228634668e-19,-4.7877375592431e-19,-10.888247922857,-10.888240338256,1.1658086211116e-09,1.1658305009556e-09,-4.7876976831464e-19,4.7875563580716e-19,-1.1658150661951e-09,-1.1658226481491e-09,-10.888281714779,-10.888289297726,-3.9595914652588,1.7428084846883e-05,-5.3023604132067e-06,19.148946556471,-4.3971062403054,329.01529132527,100000565.89839,-1.5209372617323e-13,0.0092707147636259,-0.012072581232667,-283.25299991024,-2.5774156380003e-07,-719.73753560571,628.00204279217
61.874999999996,1.0166884154146,0.33889502666565,6.7157590426827e-23,0.0058644163331066,1.7305665563228,6.7685804772264,-5.8097021496938e-19,-5.2680454800092,-6.7076759170469e-19,5.1515415308631,4.6967648667486e-19,-4.6968775076256e-19,-10.82127651752,-10.82126896588,1.1447295804851e-09,1.1447510719451e-09,-4.6968383906616e-19,4.6966995950121e-19,-1.1447359105665e-09,-1.1447433591522e-09,-10.821310263803,-10.821317813795,-3.9352363483335,1.7313049064848e-05,-5.2680454800092e-06,19.134462147756,-4.3936056830138,329.01529146424,100000566.03047,-1.5238515987671e-13,0.0092718027566525,-0.012072581232667,-283.15009456935,-2.5524082837934e-07,-719.48352653675,627.78076760645
61.974999999996,1.0039274990735,0.33464139688022,6.593123384268e-23,0.0058673860656215,1.7305671926219,6.7673389118827,-5.7056721264915e-19,-5.2340444083543,-6.5811722664858e-19,5.1199272160492,4.6081860881739e-19,-4.6082967234993e-19,-10.754867715392,-10.75486019658,1.1241600722142e-09,1.1241811845527e-09,-4.6082583466275e-19,4.60812201965e-19,-1.1241662900452e-09,-1.1241736084253e-09,-10.754901415857,-10.754908933029,-3.9110858330708,1.7199080231933e-05,-5.2340444083543e-06,19.120029068995,-4.3901178611436,329.01529160233,100000566.16169,-1.5262108242843e-13,0.0092728836823362,-0.012072581232667,-283.04785284393,-2.5275394106036e-07,-719.23115012785,627.5609144285
62.074999999996,0.99135792687019,0.33045154838732,6.4734519075088e-23,0.0058703366594646,1.7305678248001,6.7661051202765,-5.6041200195036e-19,-5.2003536246608,-6.457825170876e-19,5.0885780547362,4.521817551978e-19,-4.5219262296597e-19,-10.689015893167,-10.689008407049,1.1040851654462e-09,1.1041059076577e-09,-4.521888574416e-19,4.5217546571287e-19,-1.1040912736984e-09,-1.1040984649446e-09,-10.689049547638,-10.689057032123,-3.8871378744175,1.7086166057187e-05,-5.2003536246608e-06,19.105648970365,-4.3866432116658,329.01529173952,100000566.29207,-1.5285700497955e-13,0.0092739576056102,-0.012072581232668,-282.94626868561,-2.5030856843011e-07,-718.98039155324,627.34247034797
62.174999999996,0.97897642161123,0.32632438879026,6.3566581749181e-23,0.0058732682890731,1.7305684528951,6.7648790337387,-5.5049744668851e-19,-5.1669696046128,-6.3375395696695e-19,5.0574914007113,4.4375926960944e-19,-4.4376994626512e-19,-10.623715492224,-10.623708038667,1.0844904367229e-09,1.0845108175422e-09,-4.4376625111261e-19,4.4375309462593e-19,-1.0844964379908e-09,-1.0845035050864e-09,-10.62374910053,-10.623756552461,-3.863390450845,1.6974294420711e-05,-5.1669696046128e-06,19.091319868336,-4.3831807226092,329.01529187582,100000566.42161,-1.5314149978749e-13,0.0092750245906637,-0.012072581232668,-282.84533611459,-2.4789294923637e-07,-718.73123615451,627.12542260025
62.274999999996,0.96677976896488,0.32225884664604,6.2426586618499e-23,0.0058761811269057,1.7305690769443,6.7636605843515,-5.4081664849684e-19,-5.1338888723817,-6.2202237134591e-19,5.0266646381426,4.3554472769408e-19,-4.3555521775481e-19,-10.558961017761,-10.558953596631,1.0653619505035e-09,1.065381978415e-09,-4.3555159123686e-19,4.3553866443071e-19,-1.0653678473068e-09,-1.0653747931502e-09,-10.558994579732,-10.559001999241,-3.8398415640336,1.6863453370924e-05,-5.1338888723817e-06,19.077042675815,-4.3797318736965,329.01529201126,100000566.55032,-1.5334966676196e-13,0.0092760847009526,-0.012072581232668,-282.74504921874,-2.4549930664289e-07,-718.48366943833,626.90975856443
62.374999999996,0.95476481610852,0.31825387101474,6.1313726458875e-23,0.0058790753434698,1.7305696969846,6.7624497049373,-5.3136293788654e-19,-5.1011079997582,-6.1057890339412e-19,4.9960951811709,4.2753192783661e-19,-4.2754223569009e-19,-10.494747037935,-10.494739649099,1.0466862405175e-09,1.0467059237631e-09,-4.2753867612113e-19,4.2752597359389e-19,-1.0466920353037e-09,-1.0466988627107e-09,-10.494780553403,-10.494787940625,-3.8164892385618,1.6753631121546e-05,-5.1011079997582e-06,19.062817466397,-4.3762956997941,329.01529214583,100000566.67821,-1.5353701705407e-13,0.0092771379992104,-0.012072581232668,-282.64540215261,-2.4314095255893e-07,-718.23767707421,626.69546576136
62.474999999996,0.94292847042941,0.31430843102637,6.0227221010121e-23,0.0058819511073479,1.7305703130525,6.7612463290501,-5.2212986569066e-19,-5.0686236054083,-5.9941500195362e-19,4.9657804735094,4.1971488245585e-19,-4.1972501236431e-19,-10.431068183023,-10.431060826348,1.0284502919077e-09,1.0284696384954e-09,-4.1972151810879e-19,4.197090346133e-19,-1.0284559870548e-09,-1.0284626987616e-09,-10.431101651825,-10.43110900689,-3.7933315215993,1.664481604899e-05,-5.0686236054083e-06,19.048642590571,-4.372871761837,329.01529227954,100000566.80528,-1.5385620632991e-13,0.0092781845474578,-0.012072581232669,-282.54638913661,-2.4082025205382e-07,-717.99324489229,626.48253185176
62.574999999996,0.93126769824616,0.3104215154546,5.9166315961262e-23,0.0058848085852241,1.730570925184,6.7600503909651,-5.1311119485613e-19,-5.0364323540897,-5.8852240964031e-19,4.935717988051,4.1208780967318e-19,-4.1209776577756e-19,-10.367919144595,-10.367911819951,1.0106415241287e-09,1.0106605418401e-09,-4.1209433524823e-19,4.1208206568662e-19,-1.0106471219473e-09,-1.0106537206132e-09,-10.367952566571,-10.367959889611,-3.7703664826076,1.6536996689622e-05,-5.0364323540897e-06,19.034519994861,-4.369460661457,329.0152924124,100000566.93155,-1.5416151781741e-13,0.0092792244070118,-0.012072581232669,-282.44800445599,-2.3850898113881e-07,-717.75035888115,626.27094463429
62.674999999996,0.91977952355575,0.30659213229964,5.8130281977756e-23,0.0058876479419097,1.7305715334148,6.7588618256698,-5.043008925723e-19,-5.0045309558717,-5.7789315145885e-19,4.9059052264804,4.0464512534041e-19,-4.0465491166438e-19,-10.305294674706,-10.305287381959,9.9324777456454e-10,9.9326647096203e-10,-4.0465154332054e-19,4.0463948273949e-19,-9.9325327729994e-10,-9.932597655094e-10,-10.305328049696,-10.305335340844,-3.7475922130437,1.6430161737039e-05,-5.0045309558716e-06,19.020446339584,-4.3660619480647,329.01529254441,100000567.05701,-1.5461254607648e-13,0.0092802576384961,-0.012072581232669,-282.35024246011,-2.3623702244832e-07,-717.5090051857,626.06069204367
62.774999999996,0.90846102682477,0.30281930838444,5.7118413770026e-23,0.0058904693403688,1.7305721377802,6.7576805688545,-4.9569312273096e-19,-4.9729161654257,-5.6751952390645e-19,4.8763397188931,3.9738143541037e-19,-3.973910558641e-19,-10.243189585086,-10.243182324104,9.7625728283128e-10,9.7627566526524e-10,-3.9738774821e-19,3.9737589179609e-19,-9.7626269266568e-10,-9.7626907293126e-10,-10.243222912933,-10.243230172323,-3.7250068260689,1.632430003959e-05,-4.9729161654257e-06,19.006421939139,-4.3626756464914,329.0152926756,100000567.18168,-1.5485540751795e-13,0.0092812843018505,-0.01207258123267,-282.25309756145,-2.3399049906776e-07,-717.26917010506,625.85176214892
62.874999999996,0.897309343791,0.29910208895559,5.6130029199249e-23,0.0058932729417434,1.7305727383151,6.756506556903,-4.8728223868449e-19,-4.9415847812544,-5.573940845428e-19,4.8470190234205,3.9029152863369e-19,-3.9030098701766e-19,-10.181598746358,-10.181591517008,9.5965867573551e-10,9.596767513514e-10,-3.9029773860108e-19,3.9028608167595e-19,-9.5966399479014e-10,-9.5967026955456e-10,-10.18163202691,-10.181639254672,-3.7026084562621,1.6219400597685e-05,-4.9415847812544e-06,18.992448389015,-4.3593015344016,329.01529280595,100000567.30556,-1.5508439117102e-13,0.0092823044563403,-0.01207258123267,-282.15656423481,-2.3177070200426e-07,-717.0308400905,625.64414315152
62.974999999996,0.88632166430726,0.29543953729847,5.5164468421266e-23,0.0058960589053776,1.7305733350539,6.7553397268838,-4.7906277631071e-19,-4.9105336450147,-5.4750964200454e-19,4.8179407258598,3.8337036956686e-19,-3.8337966957539e-19,-10.120517087262,-10.120509889412,9.4344095285702e-10,9.43458728602e-10,-3.8337647898617e-19,3.8336501700213e-19,-9.4344618319405e-10,-9.4345235483264e-10,-10.120550320367,-10.120557516633,-3.6803952593379,1.6115452561425e-05,-4.9105336450147e-06,18.978524318563,-4.3559402131678,329.01529293548,100000567.42866,-1.5529255814169e-13,0.0092833181605649,-0.01207258123267,-282.06063701649,-2.295792473752e-07,-716.79400174336,625.43782338359
63.074999999996,0.87549523120418,0.29183073435741,5.4221093064406e-23,0.0058988273888423,1.7305739280307,6.7541800165413,-4.7102944734908e-19,-4.8797596407909,-5.3785924644341e-19,4.7891024393116,3.7661309187691e-19,-3.7662223710163e-19,-10.059939593888,-10.059932427406,9.275934727278e-10,9.2761095535719e-10,-3.7661910297021e-19,3.7660783150608e-19,-9.2759861635238e-10,-9.2760468717499e-10,-10.059972779397,-10.0599799443,-3.6583654118684,1.6012445228067e-05,-4.8797596407909e-06,18.964649217288,-4.3525903890123,329.0152930642,100000567.551,-1.5560480852053e-13,0.0092843254724668,-0.01207258123267,-281.9653105034,-2.2741101711608e-07,-716.5586418131,625.2327913062
63.174999999996,0.8648273391802,0.28827477836618,5.3299285441326e-23,0.0059015785479586,1.7305745172792,6.7530273642868,-4.6317713301027e-19,-4.849259694406,-5.2843618036812e-19,4.7605018038211,3.7001499192884e-19,-3.7002398586198e-19,-9.9998613089269,-9.9998541736811,9.1210593958035e-10,9.1212313566376e-10,-3.7002090685808e-19,3.7000982161506e-19,-9.1211099844241e-10,-9.1211697069564e-10,-9.9998944466942,-9.9999015803669,-3.6365171110107,1.5910368039625e-05,-4.8492596944059e-06,18.950823893109,-4.3492532431531,329.01529319212,100000567.67256,-1.5590318111106e-13,0.0092853264493416,-0.012072581232671,-281.87057935231,-2.2526321579626e-07,-716.32474719528,625.02903550767
63.274999999996,0.85431533372935,0.28477078449002,5.2398447793784e-23,0.0059043125368212,1.7305751028328,6.7518817091905,-4.5550087785101e-19,-4.8190307727946,-5.1923394987157e-19,4.7321364860278,3.6357152264284e-19,-3.6358036868057e-19,-9.9402773309343,-9.9402702267942,8.9696839063973e-10,8.9698530656694e-10,-3.6357734351185e-19,3.6356644030951e-19,-8.9697336663567e-10,-8.9697924250489e-10,-9.9403104208171,-9.9403175233903,-3.6148485742378,1.5809210580662e-05,-4.8190307727946e-06,18.93704696204,-4.3459280997652,329.01529331924,100000567.79337,-1.5606971471693e-13,0.009286321147846,-0.012072581232671,-281.77643827905,-2.231477107598e-07,-716.09230492974,624.82654470184
63.374999999996,0.84395661006731,0.28131788446851,5.1518001565994e-23,0.0059070295078215,1.7305756847244,6.7507429909724,-4.4799588387712e-19,-4.7890698832675,-5.1024627622554e-19,4.7040041788174,3.5727828760892e-19,-3.5728698905422e-19,-9.8811828135983,-9.881175740432,8.8217118393421e-10,8.8218782592091e-10,-3.5728401646507e-19,3.5727329123766e-19,-8.8217607890859e-10,-8.8218186052001e-10,-9.8812158554554,-9.8812229270606,-3.5933580390737,1.5708962575744e-05,-4.7890698832675e-06,18.92331877539,-4.3426148909255,329.01529344556,100000567.91342,-1.5630563726135e-13,0.0092873096240055,-0.012072581232671,-281.68288205769,-2.2106319738253e-07,-715.86130219848,624.62530772641
63.474999999996,0.83374861210969,0.27791522627426,5.0657386709114e-23,0.0059097296116707,1.7305762629867,6.7496111499941,-4.4065750489815e-19,-4.7593740729135,-5.01467087826e-19,4.6761026009816,3.5113103544683e-19,-3.5113959551261e-19,-9.8225729650244,-9.8225659227005,8.6770498660218e-10,8.6772136069551e-10,-3.511366742829e-19,3.5112612307564e-19,-8.6770980234943e-10,-8.677154917718e-10,-9.8226059587174,-9.8226129994859,-3.5720437628329,1.5609613887338e-05,-4.7593740729134e-06,18.909639409345,-4.3393146739289,329.0152935711,100000568.03273,-1.5649298754797e-13,0.0092882919332247,-0.012072581232672,-281.58990551975,-2.1898393875687e-07,-715.63172632395,624.42531354133
63.574999999996,0.82368883146213,0.27456197377651,4.981606101334e-23,0.0059124129974213,1.7305768376518,6.7484861272513,-4.334812411036e-19,-4.7299404279661,-4.9289051247295e-19,4.6484294968821,3.4512565440053e-19,-3.4513407621239e-19,-9.7644430470305,-9.7644360354182,8.5356076367253e-10,8.5357687575651e-10,-3.4513120515642e-19,3.4512082412184e-19,-8.5356550193849e-10,-8.5357110118515e-10,-9.7644759924241,-9.7644830024863,-3.5509040223642,1.5511154513602e-05,-4.7299404279661e-06,18.896008801918,-4.3360256798771,329.01529369586,100000568.1513,-1.5686074907566e-13,0.0092892681302941,-0.012072581232672,-281.49750355355,-2.1694951260519e-07,-715.40356476722,624.2265512272
63.674999999996,0.8137748064275,0.27125730641047,4.8993499465627e-23,0.0059150798124896,1.7305774087516,6.7473678643647,-4.2646273384492e-19,-4.7007660731486,-4.8451086996972e-19,4.6209826361198,3.3925816715594e-19,-3.3926645375516e-19,-9.7067883744511,-9.7067813934209,8.3972976729785e-10,8.3974562309839e-10,-3.3926363172038e-19,3.39253417115e-19,-8.3973442978138e-10,-8.3973994081171e-10,-9.7068212714135,-9.7068282508986,-3.5299371137974,1.5413574586104e-05,-4.7007660731486e-06,18.882425897254,-4.3327483718702,329.01529381986,100000568.26914,-1.5719381613339e-13,0.009290238269399,-0.012072581232672,-281.40567110332,-2.1493385874924e-07,-715.17680512598,624.02900998363
63.774999999996,0.80400412104686,0.26800041885759,4.8189193634254e-23,0.0059177302026772,1.7305779763177,6.7462563035728,-4.1959776063411e-19,-4.6718481710877,-4.7632266502742e-19,4.5937598132091,3.335247258727e-19,-3.3353288021861e-19,-9.6496043144557,-9.6495973638771,8.2620352642012e-10,8.2621913151002e-10,-3.3353010608459e-19,3.3352005426583e-19,-8.2620811477458e-10,-8.262135394957e-10,-9.6496371628559,-9.6496441118952,-3.509141352295,1.5316864367773e-05,-4.6718481710877e-06,18.868889694521,-4.3294831357682,329.01529394308,100000568.38625,-1.574852498272e-13,0.0092912024041271,-0.012072581232673,-281.31440316854,-2.1293608408821e-07,-714.95143513293,623.83267912774
63.874999999996,0.79437440415972,0.26479052073122,4.7402651077595e-23,0.0059203643121922,1.7305785403812,6.7451513877239,-4.1288223033707e-19,-4.6431839217069,-4.6832058045984e-19,4.5667588472581,3.2792160741923e-19,-3.2792963239191e-19,-9.592886285874,-9.5928793656162,8.1297383685012e-10,8.1298919665372e-10,-3.279269050693e-19,3.279170124922e-19,-8.1297835268468e-10,-8.129836929532e-10,-9.5929190855833,-9.5929260043075,-3.4885150718075,1.5221014250778e-05,-4.6431839217069e-06,18.855402120414,-4.3262302309161,329.01529406556,100000568.50265,-1.5779056130815e-13,0.0092921605874772,-0.012072581232673,-281.22369480322,-2.1095209290883e-07,-714.72744265393,623.6375480926
63.974999999996,0.78488332847936,0.26162683627011,4.6633394775671e-23,0.0059229822836699,1.7305791009731,6.7440530602683,-4.0631217855029e-19,-4.6147705616427,-4.6049947065696e-19,4.5399775816526,3.2244520880283e-19,-3.2245310720563e-19,-9.5366297585333,-9.5366228684668,8.0003275174209e-10,8.0004787154007e-10,-3.2245042563522e-19,3.2244068884924e-19,-8.0003719662317e-10,-8.0004245424678e-10,-9.5366625094269,-9.536669397965,-3.4680566248323,1.5126014754494e-05,-4.6147705616426e-06,18.841961817738,-4.322988674995,329.01529418728,100000568.61833,-1.5810975057631e-13,0.009293112871866,-0.012072581232673,-281.13354111518,-2.0900909547138e-07,-714.50481568634,623.44360642573
64.074999999996,0.77552860969435,0.25850860403795,4.5880962584685e-23,0.0059255842581938,1.7305796581237,6.7429612652508,-3.9988376316281e-19,-4.5866053636551,-4.5285435532391e-19,4.5134138837455,3.1709204278563e-19,-3.1709981734753e-19,-9.4808302526057,-9.4808233926016,7.8737257244653e-10,7.8738745738031e-10,-3.1709718049923e-19,3.1708759614539e-19,-7.8737694789916e-10,-7.8738212463807e-10,-9.4808629545611,-9.4808698130422,-3.4477643821763,1.5031856523449e-05,-4.5866053636551e-06,18.828568728171,-4.319758516153,329.01529430825,100000568.7333,-1.5842893984405e-13,0.0092940593091362,-0.012072581232673,-281.0439372653,-2.0708466034389e-07,-714.28354235719,623.25084378761
64.174999999996,0.76630800558991,0.25543507663062,4.5144906712643e-23,0.0059281703753157,1.7305802118632,6.7418759473032,-3.9359326008819e-19,-4.5586856360679,-4.4538041347382e-19,4.4870656445502,3.1185873367824e-19,-3.118663870561e-19,-9.425483337966,-9.4254765078945,7.7498583972479e-10,7.7500049480065e-10,-3.1186379392796e-19,3.1185435873619e-19,-7.7499014723381e-10,-7.7499524480216e-10,-9.4255159908624,-9.425522819416,-3.4276367327216,1.4938530325363e-05,-4.5586856360679e-06,18.815221266619,-4.316540604776,329.01529442849,100000568.84757,-1.5865098459652e-13,0.0092949999505647,-0.012072581232674,-280.95487846691,-2.0517915178833e-07,-714.0636109216,623.0592499502
64.274999999996,0.75721931519102,0.25240552039038,4.4424793215909e-23,0.0059307407730753,1.7305807622216,6.740797051637,-3.8743705916548e-19,-4.5310087222215,-4.3807297766264e-19,4.4609307784399,3.0674201330315e-19,-3.0674954808394e-19,-9.3705846335571,-9.3705778332886,7.6286532530927e-10,7.6287975540265e-10,-3.0674699770136e-19,3.0673770848754e-19,-7.6286956632058e-10,-7.6287458638797e-10,-9.3706172372761,-9.3706240360313,-3.4076720831956,1.4846027049241e-05,-4.5310087222215e-06,18.801921220921,-4.313333708152,329.015294548,100000568.96115,-1.589077238181e-13,0.0092959348468683,-0.012072581232674,-280.86635998501,-2.0329099958248e-07,-713.84500976107,622.86881479552
64.374999999996,0.74826037791945,0.24941921512524,4.3720201514784e-23,0.0059332955880204,1.7305813092283,6.7397245240361,-3.8141166021329e-19,-4.503571999916,-4.3092752845619e-19,4.4350072228498,3.0173871712034e-19,-3.0174613582334e-19,-9.3161298067663,-9.3161230361721,7.5100402379492e-10,7.5101823365443e-10,-3.0174362723813e-19,3.0173448090154e-19,-7.5100819971677e-10,-7.5101314390946e-10,-9.3161623611924,-9.316169130278,-3.3878688579443,1.4754337703434e-05,-4.503571999916e-06,18.788667132485,-4.3101380284704,329.01529466678,100000569.07404,-1.5917834082706e-13,0.0092968640482132,-0.012072581232674,-280.77837713571,-2.0143477392545e-07,-713.62772738192,622.67952831423
64.474999999996,0.73942907277551,0.24647545383602,4.3030723928374e-23,0.0059358349552261,1.7305818529125,6.7386583108498,-3.7551366923981e-19,-4.4763728808883,-4.2393968911867e-19,4.4092929379863,2.9684578050816e-19,-2.9685308558706e-19,-9.2621145728131,-9.2621078317651,7.393951448475e-10,7.3940913909867e-10,-2.968506178766e-19,2.9684161139736e-19,-7.3939925705156e-10,-7.3940412695381e-10,-9.2621470778332,-9.2621538173778,-3.3682254987088,1.4663453413812e-05,-4.4763728808883e-06,18.77545925513,-4.3069539728535,329.01529478485,100000569.18625,-1.5942120226e-13,0.0092977876042209,-0.012072581232674,-280.69092528551,-1.9959548712631e-07,-713.41175241362,622.49138060426
64.574999999996,0.73072331753049,0.24357354244718,4.2355965226832e-23,0.0059383590083133,1.7305823933031,6.7375983589853,-3.6973979479284e-19,-4.4494088102583,-4.1710522051266e-19,4.3837859065368,2.9206023519246e-19,-2.9206742903723e-19,-9.2085346941421,-9.208527982512,7.2803210571463e-10,7.2804588886375e-10,-2.9206500130375e-19,2.920561317403e-19,-7.2803615553707e-10,-7.2804095269257e-10,-9.2085671496455,-9.2085738597771,-3.348740464405,1.4573365421832e-05,-4.4494088102583e-06,18.762297154562,-4.3037812653122,329.0152949022,100000569.29778,-1.5978202488873e-13,0.0092987055639749,-0.012072581232675,-280.6039998506,-1.9776410238106e-07,-713.19707360718,622.30436186932
64.674999999996,0.72214106795175,0.24071279954844,4.1695542201986e-23,0.0059408678794681,1.7305829304287,6.7365446159017,-3.6408684445894e-19,-4.4226772660681,-4.1042001620218e-19,4.3584841333882,2.8737920581742e-19,-2.8738629075633e-19,-9.155385979829,-9.1553792974885,7.169085240276e-10,7.1692210046519e-10,-2.8738390212605e-19,2.8737516661286e-19,-7.1691251277017e-10,-7.1691723868316e-10,-9.1554183857072,-9.1554250665535,-3.3294122309075,1.448406508293e-05,-4.4226772660681e-06,18.749181605576,-4.300619482075,329.01529501885,100000569.40864,-1.6008039747168e-13,0.0092996179760293,-0.012072581232675,-280.51759629639,-1.9598069701162e-07,-712.98367983377,622.11846241774
64.774999999996,0.71368031702274,0.23789255613523,4.1049083252746e-23,0.0059433616994599,1.7305834643174,6.7354970296022,-3.5855172148095e-19,-4.3961757587073,-4.0388009774892e-19,4.3333856453463,2.8279990665217e-19,-2.8280688495365e-19,-9.1026642849919,-9.1026576318138,7.0601821088056e-10,7.0603158488498e-10,-2.8280453457609e-19,2.8279593032128e-19,-7.0602213981172e-10,-7.0602679594808e-10,-9.1026966411392,-9.1027032928279,-3.3102392908358,1.4395543864521e-05,-4.3961757587073e-06,18.736110573248,-4.2974692154233,329.0152951348,100000569.51883,-1.6027468664554e-13,0.0093005248884136,-0.012072581232675,-280.43171013665,-1.9420485528558e-07,-712.77156008292,621.93367266095
64.874999999996,0.70533909420616,0.23511215536222,4.0416227988115e-23,0.0059458405976597,1.7305839949974,6.7344555486279,-3.5313142151891e-19,-4.3699018304806,-3.9748161019412e-19,4.30848849086,2.7831963842711e-19,-2.783265123015e-19,-9.0503655102132,-9.0503588860706,6.9535516417597e-10,6.9536833991679e-10,-2.7832419934877e-19,2.7831572363188e-19,-6.9535903453181e-10,-6.9536362232038e-10,-9.0503978165263,-9.0504044391844,-3.2912201533435,1.4307793344485e-05,-4.3699018304806e-06,18.723085759801,-4.2943303778828,329.01529525005,100000569.62837,-1.604481591373e-13,0.0093014263486411,-0.012072581232676,-280.34633693306,-1.9243587828335e-07,-712.56070346123,621.74998311228
64.974999999996,0.69711546469949,0.23237095229617,3.9796626843845e-23,0.005948304702058,1.7305845224962,6.7334201220511,-3.4782302952043e-19,-4.3438530550699,-3.9122081771776e-19,4.2837907397512,2.7393578529439e-19,-2.7394255689566e-19,-8.9984856009712,-8.9984790057365,6.8491356222509e-10,6.8492654376621e-10,-2.7394028056172e-19,2.739319307317e-19,-6.8491737521027e-10,-6.8492189604388e-10,-8.9985178573483,-8.9985244511032,-3.2723533439118,1.4220805209298e-05,-4.3438530550699e-06,18.710105090631,-4.291202627598,329.01529536461,100000569.73725,-1.6065632609804e-13,0.0093023224037148,-0.012072581232676,-280.26147229457,-1.9070421027143e-07,-712.35109919082,621.5673843856
65.074999999996,0.6890075287275,0.22966831367912,3.9189940714838e-23,0.005950754139282,1.7305850468411,6.7323906994687,-3.4262371671909e-19,-4.3180270370963,-3.8509409946725e-19,4.2592904829471,2.6964581190715e-19,-2.6965248333463e-19,-8.9470205470771,-8.9470139806238,6.7468775759232e-10,6.7470054889518e-10,-2.6965024283463e-19,2.6964201630768e-19,-6.746915143811e-10,-6.7469596961753e-10,-8.9470527534191,-8.9470593183981,-3.2536374041449,1.4134571252497e-05,-4.3180270370963e-06,18.697169923345,-4.2880859686185,329.0152954785,100000569.84548,-1.6097551536076e-13,0.0093032131001341,-0.012072581232676,-280.17711187676,-1.8898295550874e-07,-712.14273660783,621.38586719414
65.174999999996,0.68101342083422,0.22700361769318,3.8595840600456e-23,0.0059531890346137,1.7305855680594,6.7313672309959,-3.3753073773679e-19,-4.2924214116235,-3.7909794554859e-19,4.2349858322164,2.6544726061254e-19,-2.6545383391253e-19,-8.8959663821226,-8.8959598443242,6.6467227117356e-10,6.6468487610012e-10,-2.6545162848217e-19,2.6544352273976e-19,-6.6467597291062e-10,-6.6468036387374e-10,-8.8959985383327,-8.8960050746627,-3.2350708915692,1.4049083372955e-05,-4.2924214116235e-06,18.684278663386,-4.2849796817558,329.0152955917,100000569.95307,-1.6123919347178e-13,0.0093040984839015,-0.012072581232676,-280.09325138123,-1.872841369984e-07,-711.93560516101,621.2054223491
65.274999999996,0.67313130920132,0.2243762537327,3.8014007263799e-23,0.0059556095120064,1.7305860861776,6.7303496672598,-3.3254142779945e-19,-4.2670338437095,-3.7322895317308e-19,4.2108749199112,2.6133774875356e-19,-2.6134422592095e-19,-8.8453191829361,-8.8453126736668,6.5486178649882e-10,6.5487420881449e-10,-2.6134205481582e-19,2.6133406740276e-19,-6.5486543430016e-10,-6.5486976228087e-10,-8.84535128892,-8.8453577967271,-3.2166523794349,1.3964333573317e-05,-4.2670338437095e-06,18.671433221094,-4.2818849693861,329.01529570424,100000570.06003,-1.6152368826395e-13,0.0093049786005285,-0.012072581232677,-280.00988655512,-1.8560690841275e-07,-711.72969441033,621.02604075856
65.374999999997,0.66535939497348,0.22178562218012,3.7444130903298e-23,0.0059580156941017,1.7305866012224,6.729337959393,-3.2765320005226e-19,-4.2418620279426,-3.6748382295279e-19,4.1869558987103,2.5731496607517e-19,-2.5732134905495e-19,-8.7950750690443,-8.7950685881785,6.4525114424946e-10,6.4526338762585e-10,-2.5731921154992e-19,2.5731134007249e-19,-6.452547392032e-10,-6.4525900546039e-10,-8.7951071247103,-8.79511360412,-3.1983804565211,1.3880313958381e-05,-4.2418620279426e-06,18.658630901857,-4.2788012916356,329.01529581611,100000570.16635,-1.6199553319112e-13,0.0093058534950423,-0.012072581232677,-279.92701319042,-1.8394659413177e-07,-711.52499402551,620.84771342616
65.474999999997,0.65769591160563,0.21923113418761,3.6885910837013e-23,0.005960407702246,1.73058711322,6.7283320590278,-3.2286354297801e-19,-4.2169036880018,-3.618593553385e-19,4.163226941367,2.5337667223011e-19,-2.5338296291874e-19,-8.7452302021428,-8.7452237495547,6.3583533698133e-10,6.3584740499903e-10,-2.533808583074e-19,2.5337310043164e-19,-6.3583888014856e-10,-6.3584308591004e-10,-8.7452622074007,-8.745268658539,-3.1802537269422,1.3797016733566e-05,-4.2169036880018e-06,18.645873179169,-4.2757285924925,329.01529592732,100000570.27205,-1.623632947091e-13,0.0093067232119916,-0.012072581232677,-279.84462712345,-1.8230258318542e-07,-711.3214937847,620.67043144992
65.574999999997,0.65013912422423,0.21671221146458,3.6339055198744e-23,0.005962785656507,1.7305876221962,6.7273319182899,-3.1817001791129e-19,-4.1921565762444,-3.5635244719436e-19,4.1396862404625,2.4952069438042e-19,-2.4952689462735e-19,-8.6957807855773,-8.6957743611417,6.2660950404565e-10,6.2662140019692e-10,-2.4952482222145e-19,2.4951717567128e-19,-6.2661299646121e-10,-6.2661714292463e-10,-8.6958127403396,-8.6958191633317,-3.1622708099602,1.3714434203475e-05,-4.1921565762444e-06,18.633159498063,-4.2726669524791,329.01529603788,100000570.37712,-1.6262697281812e-13,0.0093075877954529,-0.012072581232678,-279.76272423435,-1.8068613323579e-07,-711.11918357313,620.49418602112
65.674999999997,0.64268732899135,0.2142282860657,3.5803280644456e-23,0.0059651496756897,1.7305881281767,6.7263374897922,-3.1357025663563e-19,-4.1676184732256,-3.5096008850302e-19,4.1163320081594,2.457449248904e-19,-2.4575103649939e-19,-8.6467230638255,-8.6467166674175,6.1756892669873e-10,6.1758065438998e-10,-2.4574899562828e-19,2.4574145818389e-19,-6.1757236937197e-10,-6.1757645770565e-10,-8.6467549680069,-8.6467613629776,-3.144430339796,1.3632558770224e-05,-4.1676184732256e-06,18.620489048911,-4.2696155885126,329.01529614779,100000570.48158,-1.6296697875965e-13,0.0093084472890366,-0.012072581232678,-279.68130044642,-1.790727200382e-07,-710.9180533817,620.31896842306
65.774999999997,0.63533885249768,0.21177880018873,3.5278312070794e-23,0.0059674998773521,1.730588631187,6.7253487266295,-3.0906195907953e-19,-4.1432871873224,-3.4567935919637e-19,4.0931624759611,2.4204731910746e-19,-2.420533438378e-19,-8.5980533219938,-8.5980469534879,6.0870902339359e-10,6.0872058594794e-10,-2.4205133384794e-19,2.420439033442e-19,-6.0871241730908e-10,-6.0871644865297e-10,-8.5980851755102,-8.5980915425851,-3.1267309654456,1.3551382932123e-05,-4.1432871873224e-06,18.607860677641,-4.2665752230352,329.01529625706,100000570.58543,-1.6319596239827e-13,0.0093093017358919,-0.012072581232678,-279.60035172573,-1.7749534834099e-07,-710.71809330577,620.14477002992
65.874999999997,0.62809205116153,0.20936320597327,3.4763882343452e-23,0.005969836377821,1.7305891312521,6.7243655823721,-3.0464289109201e-19,-4.1191605542985,-3.4050742610609e-19,4.0701758944744,2.3842589322685e-19,-2.3843183279473e-19,-8.5497678853156,-8.5497615445868,6.0002534524552e-10,6.0003674590519e-10,-2.3842985304918e-19,2.3842252737398e-19,-6.0002869136383e-10,-6.000326668302e-10,-8.5497996880852,-8.5498060273896,-3.1091713504989,1.3470899282172e-05,-4.1191605542984e-06,18.595276937783,-4.2635453920624,329.01529636569,100000570.68867,-1.6328616815835e-13,0.009310151178714,-0.012072581232678,-279.5198740804,-1.7592418117411e-07,-710.51929354373,619.9715823057
65.974999999997,0.62094531063934,0.2069809653055,3.4259732035076e-23,0.0059721592922072,1.730589628397,6.7233880110605,-3.0031088229538e-19,-4.0952364369085,-3.354415400294e-19,4.0473705331755,2.3487872223706e-19,-2.3488457831692e-19,-8.5018631186616,-8.5018568055862,5.9151357166503e-10,5.9152481359357e-10,-2.3488262819481e-19,2.3487540528748e-19,-5.9151687092333e-10,-5.9152079159766e-10,-8.5018948706063,-8.5019011822632,-3.0917501729609,1.3391100506672e-05,-4.0952364369085e-06,18.58273647171,-4.2605263795391,329.01529647369,100000570.79131,-1.6347351843255e-13,0.0093109956597496,-0.012072581232679,-279.43986356026,-1.7436629849305e-07,-710.3216443959,619.79939680306
66.074999999997,0.38458803441665,0.12819549965988,2.0861362773378e-23,0.0059741297830026,1.7306068581451,6.6855581923712,-1.849116275491e-19,-2.6009664496232,-3.2432511164118e-19,3.9469313035603,2.2709473396439e-19,-2.2710058417914e-19,-8.2908814499909,-8.2908753308434,5.7273762248133e-10,5.7274821529164e-10,-2.2709851757118e-19,2.2709170722528e-19,-5.7274081751604e-10,-5.7274432031687e-10,-8.2909126058902,-8.2909187236426,-3.0163200898468,8.4168602481607e-06,-2.6009664496228e-06,18.576627012119,-4.2632811973198,329.01529656918,100000570.87838,-1.6370944085731e-13,0.0092675257740987,-0.011996673182607,-276.34648387169,-1.4549905105712e-05,-702.66299242622,613.12657626743
66.174999999997,0.18876356353989,0.062920920016788,9.8057120822947e-24,0.0059751806088782,1.7306295778521,6.6354566535397,-8.8213557120254e-20,-1.3777122719483,-2.9795443602938e-19,3.6572788604702,2.086298092502e-19,-2.0863518524997e-19,-7.6824405142193,-7.6824349374458,5.2750888266458e-10,5.2751865416236e-10,-2.0863329495441e-19,2.086270199384e-19,-5.2751182564166e-10,-5.2751506645072e-10,-7.6824696366942,-7.6824752121529,-2.7959386099586,4.402417593092e-06,-1.3777122719482e-06,18.570204939972,-4.2633015876179,329.01529662122,100000570.92482,-1.640078132319e-13,0.0092091215578815,-0.011895471411503,-272.28221705143,-7.7920876352629e-06,-692.61252119943,604.37044095191
66.274999999997,0.092395098283882,0.030798224981476,4.5710766691135e-24,0.0059757456994112,1.7306521728282,6.5851843207309,-4.1742825192851e-20,-0.74755229679781,-2.6640682865449e-19,3.299177224739,1.865399547173e-19,-1.8654476552836e-19,-6.9302159405486,-6.9302109864856,4.727534198608e-10,4.7276218416198e-10,-1.8654307911425e-19,1.8653745681763e-19,-4.7275605747948e-10,-4.7275896870153e-10,-6.9302424920346,-6.9302474448885,-2.5226437073573,2.359772188028e-06,-7.4755229679777e-07,18.566491014252,-4.2641056225745,329.01529664913,100000570.94978,-1.6427149110997e-13,0.0091504892559871,-0.011794279881162,-268.23295555809,-4.8181660654838e-06,-682.59068087829,595.63884671815
66.374999999997,0.044482954663202,0.014827578463025,2.1094490627185e-24,0.0059760525465522,1.7306746920532,6.5346387605614,-1.9558100954167e-20,-0.40505428265484,-2.348793966147e-19,2.9314233379497,1.6446422452622e-19,-1.644684694858e-19,-6.1577159883849,-6.1577116414712,4.1754855248943e-10,4.1755629670176e-10,-1.6446698435611e-19,1.6446202043998e-19,-4.1755088216496e-10,-4.175534566471e-10,-6.1577398215521,-6.1577441673724,-2.2416950160886,1.2630220425675e-06,-4.0505428265483e-07,18.564477997468,-4.265378147809,329.01529666429,100000570.96334,-1.6452129118462e-13,0.0090917120210332,-0.011693098589511,-264.19088072012,-3.3012841233439e-06,-672.57821563212,586.91502226902
66.474999999997,0.020932376587805,0.006977422023864,9.625938960625e-25,0.0059762177962852,1.730697160592,6.483762682542,-9.0634057990624e-21,-0.21649561147555,-2.0554742156551e-19,2.5808777467804,1.4392576773492e-19,-1.4392948495944e-19,-5.4213636408268,-5.4213598514055,3.6586086427122e-10,3.6586765142088e-10,-1.4392818607692e-19,1.43923838074e-19,-3.658629055886e-10,-3.6586516289735e-10,-5.4213848043954,-5.42138859284,-1.9737623896162,6.6663818702387e-07,-2.1649561147555e-07,18.563580512548,-4.266946783866,329.01529667247,100000570.97065,-1.647086412048e-13,0.0090328324008986,-0.011591927534477,-260.15198101658,-2.4737543798814e-06,-662.56523286601,578.19035002696
66.574999999997,0.0096030818996662,0.0032010093030421,4.3400230404706e-25,0.005976305287919,1.7307195921304,6.4325201629877,-4.1508216282046e-21,-0.11345591056605,-1.7916500853383e-19,2.2593387408654,1.2545261470351e-19,-1.2545585627566e-19,-4.7459422511409,-4.7459389588734,3.1916538807911e-10,3.1917130971646e-10,-1.2545472446391e-19,1.2545093234305e-19,-3.1916716887325e-10,-3.1916913879127e-10,-4.7459609006868,-4.7459641920897,-1.7279339920444,3.4485539442797e-07,-1.1345591056604e-07,18.563407110646,-4.2687018859734,329.0152966768,100000570.97451,-1.6490986900684e-13,0.0089738736218004,-0.01149076671399,-256.11405929216,-2.0097166533718e-06,-652.54630516187,569.46010117505
66.674999999997,0.004292291348831,0.0014307552672784,1.9321359554443e-25,0.0059763506360618,1.7307419942811,6.3808865796484,-1.8775081355066e-21,-0.058133889939318,-1.5583848681385e-19,1.9708678630043,1.0911921826896e-19,-1.0912203863958e-19,-4.1399834409789,-4.1399805851743,2.7775670531311e-10,2.7776185902096e-10,-1.09121054346e-19,1.091177547751e-19,-2.7775825507259e-10,-2.7775996974512e-10,-4.1399997868939,-4.1400026419382,-1.5073519489949,1.7434564787071e-07,-5.8133889939317e-08,18.563689234768,-4.2705735088264,329.01529667905,100000570.97652,-1.6518742463855e-13,0.0089148485968307,-0.011389616125981,-252.07588863886,-1.7464547372796e-06,-642.51839488746,560.72162833391
66.774999999997,0.0018697381838037,0.00062324215556366,8.4886371673574e-26,0.0059763736037983,1.7307643712516,6.3288435239515,-8.3829586069169e-22,-0.029092946328919,-1.3539720809595e-19,1.7154997290424,9.4806089413529e-20,-9.4808540294039e-20,-3.6035599133701,-3.6035574375895,2.4140063196208e-10,2.4140511125183e-10,-9.4807685181877e-20,9.4804817809848e-20,-2.4140197887378e-10,-2.4140346926319e-10,-3.6035741875174,-3.6035766626325,-1.3120630934695,8.6047044067214e-08,-2.9092946328919e-08,18.564247597678,-4.2725145277964,329.0152966802,100000570.97753,-1.6540253022315e-13,0.0088557644559071,-0.011288475768377,-248.03678737837,-1.5949830128632e-06,-632.47980863868,551.97345498476
66.874999999997,0.00079429551478844,0.00026476343287126,3.6784720014049e-26,0.0059763849641226,1.7307867253217,6.2763759520883,-3.6928316648803e-22,-0.014217480050142,-1.1756819362332e-19,1.4912721745916,8.2322086533965e-20,-8.2324214923888e-20,-3.1325499589618,-3.1325478127558,2.0965285859161e-10,2.0965674886103e-10,-8.2323472444088e-20,8.2320982340762e-20,-2.0965402836578e-10,-2.0965532281673e-10,-3.1325623935593,-3.1325645391847,-1.1405782564599,4.145061910529e-08,-1.4217480050142e-08,18.564967830928,-4.2744951997932,329.01529668076,100000570.97803,-1.6547191903466e-13,0.0087966250543031,-0.011187345639111,-243.99638324983,-1.5049493340934e-06,-622.42961663311,543.21476978364
66.974999999997,0.00032932957770741,0.00010977577347815,1.5714684279329e-26,0.0059763904519528,1.7308090576929,6.2234705189677,-1.6041768460792e-22,-0.0067863749325277,-1.0205588460909e-19,1.2953591423724,7.1460257292944e-20,-7.1462104978252e-20,-2.7210171870836,-2.7210153262715,1.820104672323e-10,1.8201384460875e-10,-7.146146047735e-20,7.145929877582e-20,-1.8201148277427e-10,-1.8201260658538e-10,-2.7210280023125,-2.7210298626192,-0.99074240829628,1.9494060060083e-08,-6.7863749325277e-09,18.565778910138,-4.2764986516094,329.01529668104,100000570.97827,-1.6572171908711e-13,0.008737432415107,-0.011086225736114,-239.95447750107,-1.4478938008323e-06,-612.36731773254,534.44513478979
67.074999999997,0.00013336433847986,4.4454462536557e-05,6.6150010482761e-27,0.0059763930419007,1.7308313689768,6.1701145965486,-6.8684260334223e-23,-0.0031652229078581,-8.8576565482186e-20,1.1246894007269,6.2021942040491e-20,-6.2023545747549e-20,-2.3625101986003,-2.3625085848702,1.579805920331e-10,1.5798352352701e-10,-6.2022986376862e-20,6.2021110115966e-20,-1.5798147349874e-10,-1.5798244895298e-10,-2.3625195962848,-2.3625212095753,-0.86021004904919,8.9541463680976e-09,-3.1652229078581e-09,18.566638748729,-4.2785133240117,329.01529668117,100000570.97839,-1.6599927471485e-13,0.0086781875591429,-0.010985116057318,-235.91096650302,-1.4080849804105e-06,-602.29264603076,525.66431698958
67.174999999997,5.2779866274146e-05,1.7593158633858e-05,2.742274171593e-27,0.0059763942365426,1.7308536594709,6.1162956996354,-2.8970074853771e-23,-0.0014431022259541,-7.6871550115082e-20,0.97626621600666,5.3826006913669e-20,-5.3827398726491e-20,-2.0507340855811,-2.0507326858376,1.3710872865785e-10,1.3711127285901e-10,-5.3826913276766e-20,5.3825284921774e-20,-1.3710949366735e-10,-1.3711034025395e-10,-2.0507422468076,-2.0507436461693,-0.74669099979494,4.0186045910914e-09,-1.4431022259541e-09,18.567522682005,-4.2805338807418,329.01529668123,100000570.97844,-1.6620050250957e-13,0.0086188909735422,-0.010884016600656,-231.86579738552,-1.3769996318921e-06,-592.20546126599,516.87219283231
67.274999999998,2.0422646854061e-05,6.8074968377243e-06,1.1189471590336e-27,0.005976394775312,1.7308759293103,6.0620011518033,-1.2030818501135e-23,-0.00064337373911081,-6.6710709158762e-20,0.84731648660207,4.6711313705837e-20,-4.671252156307e-20,-1.7798637000534,-1.779862485727,1.1898790506254e-10,1.189901130149e-10,-4.671210028088e-20,4.6710687145347e-20,-1.1898856896546e-10,-1.1898930366649e-10,-1.7798707851323,-1.7798719991272,-0.64806522106921,1.7628100469287e-09,-6.4337373911081e-10,18.568419622359,-4.2825568260458,329.01529668126,100000570.97847,-1.6637397472855e-13,0.0085595428691392,-0.01078292736406,-227.81894360876,-1.3502097344636e-06,-582.10568841223,508.06869560389
67.374999999998,7.7286270894371e-06,2.5761886549429e-06,4.4913351098938e-28,0.0059763950129488,1.7308981785482,6.0072178886152,-4.9164119366246e-24,-0.00028054801095829,-5.7891821405752e-20,0.73534646327243,4.0536265688328e-20,-4.0537313877861e-20,-1.5446606991249,-1.5446596455355,1.0325915201757e-10,1.0326106810665e-10,-4.0536948287913e-20,4.0535721956165e-20,-1.0325972816062e-10,-1.0326036574423e-10,-1.5446668487993,-1.5446679021008,-0.56242585681935,7.5599878126977e-10,-2.8054801095829e-10,18.569323119831,-4.284580604886,329.01529668127,100000570.97848,-1.6654744694746e-13,0.0085001433176566,-0.010681848345466,-223.77039191311,-1.3254650561118e-06,-571.99328537397,499.25378728192
67.474999999998,2.8609473347285e-06,9.5364133098746e-07,1.7723307191747e-28,0.0059763951154783,1.7309204071977,5.9519323361328,-1.9758334315706e-24,-0.00011966975482345,-5.0238294714357e-20,0.63814916093683,3.517721178622e-20,-3.5178121403731e-20,-1.3404891138599,-1.3404881996635,8.9608316497403e-11,8.9609979280442e-11,-3.5177804146386e-20,3.5176739937408e-20,-8.960881647449e-11,-8.9609369770157e-11,-1.3404944510755,-1.3404953650221,-0.48808513633208,3.1701421729218e-10,-1.1966975482345e-10,18.570229277371,-4.2866043093361,329.01529668127,100000570.97848,-1.6673479695418e-13,0.0084406923226284,-0.010580779542806,-219.72013555684,-1.3016417608058e-06,-561.86822622901,490.42744393582
67.574999999998,1.0359738562616e-06,3.4532171575722e-07,6.8713046206148e-29,0.0059763951587538,1.7309426152529,5.896130328521,-7.8042031466418e-25,-4.9934562235642e-05,-4.3596404974667e-20,0.55378881734986,3.0526513283044e-20,-3.0527302643316e-20,-1.1632827031974,-1.1632819099155,7.7761593700864e-11,7.7763036654842e-11,-3.0527027329906e-20,3.0526103816209e-20,-7.7762027578177e-11,-7.7762507725237e-11,-1.1632873350369,-1.163288128102,-0.42356261058298,1.2998246624724e-10,-4.9934562235642e-11,18.571135869842,-4.2886272692696,329.01529668128,100000570.97848,-1.668874524913e-13,0.0083811898550039,-0.010479720954017,-215.66817091365,-1.2782294340245e-06,-551.7304927886,481.58964837309
67.674999999998,3.6692837417552e-07,1.2230839961717e-07,2.6155597816156e-29,0.0059763951766221,1.7309648026989,5.8397970443174,-3.0275731914841e-25,-2.0380542657239e-05,-3.7832547642568e-20,0.48057600041964,2.6490619325483e-20,-2.6491304325372e-20,-1.009492664575,-1.0094919761962,6.7480854682992e-11,6.7482106866354e-11,-2.6491065411027e-20,2.649026399401e-20,-6.7481231198063e-11,-6.7481647865706e-11,-1.0094966841472,-1.0094973723378,-0.36756617608038,5.2107024419842e-11,-2.0380542657239e-11,18.572041439792,-4.2906498620554,329.01529668128,100000570.97848,-1.6704704692236e-13,0.0083216358705228,-0.010378672577034,-211.61449580866,-1.2549623744077e-06,-541.58007046563,472.74038653908
67.774999999998,1.2709282966126e-07,4.2363899435189e-08,9.7680941030673e-30,0.005976395183838,1.7309869695166,5.7829169501453,-1.1527720746824e-25,-8.1346612823823e-06,-3.2830696355411e-20,0.4170402697979,2.2988287428033e-20,-2.2988881864118e-20,-0.87603020712168,-0.87602960976452,5.8559225858853e-11,5.8560312491363e-11,-2.2988674536714e-20,2.2987979075019e-20,-5.8559552594951e-11,-5.8559914175087e-11,-0.87603369530985,-0.87603429250372,-0.31897119638406,2.0418459146176e-11,-8.1346612823823e-12,18.572947144727,-4.2926716192609,329.01529668128,100000570.97848,-1.6722745803508e-13,0.0082620303179677,-0.010277634409794,-207.55910872623,-1.2317446051461e-06,-531.41694630574,463.87964580128
67.874999999998,4.3036420003537e-08,1.4345342046395e-08,3.5763903586651e-30,0.0059763951866873,1.7310091156854,5.7254737458035,-4.3047865346721e-26,-3.1742379572511e-06,-2.8490129290594e-20,0.36190365223057,1.9948991453122e-20,-1.9949507298526e-20,-0.76021083424962,-0.76021031587422,5.0817087147068e-11,5.081803011547e-11,-1.9949327382012e-20,1.994872386765e-20,-5.0817370685255e-11,-5.0817684460748e-11,-0.7602138612806,-0.76021437951429,-0.27680022986086,7.8186026882124e-12,-3.1742379572511e-12,18.573852290745,-4.2946927267331,329.01529668128,100000570.97848,-1.6738705246603e-13,0.0082023731429834,-0.010176606450235,-203.50200844246,-1.208517174176e-06,-521.24110807311,455.00741415269
67.974999999998,1.4241350267902e-08,4.7470721081277e-09,1.2826848414698e-30,0.0059763951877874,1.7310312411836,5.6674503074153,-1.5753466802748e-26,-1.2104305183966e-06,-2.4723426785114e-20,0.3140562946056,1.7311519530064e-20,-1.7311967175174e-20,-0.65970320070256,-0.65970275086405,4.4098525251742e-11,4.4099343549651e-11,-1.7311811045566e-20,1.7311287322277e-20,-4.4098771303152e-11,-4.4099043594177e-11,-0.65970582753476,-0.6597062772503,-0.24020441506296,2.9243901353919e-12,-1.2104305183966e-12,18.574756260263,-4.2967128293802,329.01529668128,100000570.97848,-1.6755358579092e-13,0.0081426642898017,-0.010075588696293,-199.44319385908,-1.1852605056967e-06,-511.05254383671,446.12367985122
68.074999999998,4.6030821001657e-09,1.5343458734e-09,4.5025990834433e-31,0.0059763951882025,1.7310533459892,5.6088286267162,-5.6448531311796e-27,-4.5084054622447e-07,-2.1454721286319e-20,0.2725347219857,1.502274865812e-20,-1.50231371197e-20,-0.57248344161351,-0.5724830512494,3.8268223414512e-11,3.8268933524591e-11,-1.5023001632122e-20,1.5022547150724e-20,-3.8268436935265e-11,-3.8268673226474e-11,-0.57248572115286,-0.57248611141026,-0.20844684469395,1.067872412782e-12,-4.5084054622447e-13,18.57565993175,-4.2987324199269,329.01529668128,100000570.97848,-1.6767848575224e-13,0.0080829037019967,-0.0099745811459061,-195.38266393017,-1.1619662085146e-06,-500.8512417877,437.22843126055
68.174999999998,1.4523463108165e-09,4.841106313631e-10,1.545537519154e-31,0.0059763951883549,1.7310754300801,5.5495897452202,-1.9787622738601e-27,-1.6391929092774e-07,-1.8618173521955e-20,0.2365026938999,1.3036577709912e-20,-1.3036914812646e-20,-0.49679495943884,-0.49679462068546,3.3208748382444e-11,3.3209364608254e-11,-1.3036797238001e-20,1.3036402843987e-20,-3.3208933673433e-11,-3.3209138724377e-11,-0.49679693759937,-0.49679727626015,-0.18088792506045,3.8046730162842e-13,-1.6391929092774e-13,18.576562313393,-4.3007508515726,329.01529668128,100000570.97848,-1.6781726350142e-13,0.0080230913228175,-0.0098735837970145,-191.32041763061,-1.1386347635766e-06,-490.63719016069,428.32165678146
68.274999999998,4.4700876810915e-10,1.4900140337335e-10,5.1826014403236e-32,0.00597639518841,1.7310974934341,5.4897136822825,-6.7793241573506e-28,-5.8138201435929e-08,-1.6156648031694e-20,0.20523447046015,1.1313000029165e-20,-1.1313292563245e-20,-0.43111327294572,-0.43111297897937,2.8818190140049e-11,2.8818724894095e-11,-1.131319053325e-20,1.1312848282422e-20,-2.8818350933551e-11,-2.8818528874527e-11,-0.43111498957228,-0.43111528345827,-0.15697257785999,1.3216716649954e-13,-5.8138201435929e-14,18.577464165764,-4.3027685723603,329.01529668128,100000570.97848,-1.6792828567492e-13,0.0079632270953166,-0.0097725966475575,-187.25645394265,-1.1152570319628e-06,-480.41037720011,419.40334482262
68.374999999998,1.3410519715503e-10,4.4701264152103e-11,1.6959738518941e-32,0.0059763951884295,1.7311195360289,5.4291793561541,-2.2677278714534e-28,-2.0099110663975e-08,-1.4020562963899e-20,0.17810023904416,9.8172980502116e-21,-9.8175519080966e-21,-0.3741154046617,-0.37411514956096,2.5008111228943e-11,2.5008575282675e-11,-9.8174633675797e-21,9.8171663660427e-21,-2.5008250763791e-11,-2.500840517903e-11,-0.37411689433166,-0.37411714936266,-0.13621909411119,4.4729134103519e-14,-2.0099110663975e-14,18.578364994379,-4.3047857455002,329.01529668128,100000570.97848,-1.6808094121184e-13,0.0079033109624087,-0.0096716196954747,-183.19077185062,-1.0918284906215e-06,-470.17079114717,410.47348378914
68.474999999998,3.9181069671146e-11,1.3060216007907e-11,5.4102111159914e-33,0.0059763951884362,1.7311415578422,5.3679644970779,-7.3983918935678e-29,-6.7669537077715e-09,-1.2166891609971e-20,0.15455344610354,8.5193441652274e-21,-8.5195644603313e-21,-0.32465327021008,-0.32465304883646,2.1701766184021e-11,2.1702168884788e-11,-8.5194876258365e-21,8.519229891142e-21,-2.1701887270841e-11,-2.1702021270701e-11,-0.32465456292948,-0.32465478424258,-0.11820944505678,1.473423957922e-14,-6.7669537077715e-15,18.57926511261,-4.3068018567213,329.01529668128,100000570.97848,-1.6829604679384e-13,0.0078433428668958,-0.0095706529387075,-179.12337033877,-1.0683704053219e-06,-459.91842023421,401.53206207764
68.574999999998,1.1137360989389e-11,3.7124126089335e-12,1.6804297121045e-33,0.0059763951884386,1.7311635588516,5.3060455513875,-2.3513813126086e-29,-2.2165875855859e-09,-1.0558295818861e-20,0.13411979504545,7.3929939349051e-21,-7.3931851045934e-21,-0.2817305673808,-0.2817303752752,1.8832555977462e-11,1.8832905436795e-11,-7.3931184284569e-21,7.3928947691003e-21,-1.8832661055283e-11,-1.88327773389e-11,-0.28173168918861,-0.2817318812417,-0.10258086729037,4.7195533130639e-15,-2.2165875855859e-15,18.580164293699,-4.308817078301,329.01529668128,100000570.97848,-1.684140078612e-13,0.0077833227514714,-0.0094696963751969,-175.05424839027,-1.0448519173748e-06,-449.65325268236,392.57906807428
68.674999999998,3.0767547534984e-12,1.0255732602318e-12,5.0756129696222e-34,0.0059763951884392,1.7311855390347,5.2433975754292,-7.2712637156369e-30,-7.056366986641e-10,-9.1623739353938e-21,0.11638769522245,6.4155594895053e-21,-6.4157253844754e-21,-0.24448271338361,-0.24448254667647,1.6342686644647e-11,1.6342989901644e-11,-6.4156675236515e-21,6.4154734345016e-21,-1.6342777830034e-11,-1.6342878739688e-11,-0.2444836868762,-0.24448385353777,-0.089018557730159,1.4683505011888e-15,-7.056366986641e-16,18.581062513938,-4.3108316391086,329.01529668128,100000570.97848,-1.685527856103e-13,0.007723250558725,-0.0093687500028853,-170.98340498703,-1.0212966277898e-06,-439.37527670091,383.61449015412
68.774999999998,8.2506847600039e-13,2.7501961098419e-13,1.4887768694565e-34,0.0059763951884392,1.7312074983691,5.1799941179458,-2.1848439539301e-30,-2.1805394449421e-10,-7.9510081515131e-21,0.10099997231966,5.5673525395558e-21,-5.5674965014011e-21,-0.2121594317783,-0.21215928711166,1.4182005194057e-11,1.4182268357171e-11,-5.5674462904093e-21,5.5672778619623e-21,-1.4182084323741e-11,-1.4182171892039e-11,-0.21216027656455,-0.21216042119165,-0.077249333355595,4.4318570141814e-16,-2.1805394449421e-16,18.581960121843,-4.3128453050492,329.01529668128,100000570.97848,-1.68712380041e-13,0.0076631262311455,-0.0092678138197151,-166.91083910947,-9.9769905264446e-07,-429.08448048698,374.63831668089
68.874999999998,2.1448918650431e-13,7.1495535958635e-14,4.2345836032162e-35,0.0059763951884392,1.7312294368323,5.115807089347,-6.3699227329248e-31,-6.5322834806347e-11,-6.8997981383945e-21,0.087646674210076,4.8312878010195e-21,-4.8314127295385e-21,-0.18410964053351,-0.18410951499337,1.2306989400007e-11,1.2307217770086e-11,-4.8313691569876e-21,4.8312229966186e-21,-1.2307058067883e-11,-1.2307134058696e-11,-0.1841103736298,-0.18411049913561,-0.06703612880355,1.2959528596494e-16,-6.5322834806347e-17,18.582857089048,-4.3148580804446,329.01529668128,100000570.97848,-1.688858522596e-13,0.0076029497111166,-0.0091668878236299,-162.83654973649,-9.7405334864971e-07,-418.78085222515,365.65053600668
68.974999999998,5.3978046177339e-14,1.7992459453538e-14,1.1661391767762e-35,0.0059763951884392,1.7312513544018,5.0508066160374,-1.7992154286665e-31,-1.8943596889408e-11,-5.9875695562983e-21,0.076058827767531,4.1925388503947e-21,-4.1926472620007e-21,-0.15976833765668,-0.15976822871432,1.0679871147535e-11,1.0680069324599e-11,-4.1926094502163e-21,4.1924826138426e-21,-1.0679930736769e-11,-1.0679996680768e-11,-0.15976897382964,-0.15976908274222,-0.058173221298206,3.6661111926154e-17,-1.8943596889408e-17,18.583752859761,-4.316870385433,329.01529668128,100000570.97848,-1.6912871341722e-13,0.0075427209409216,-0.0090659720125731,-158.76053584551,-9.503590289978e-07,-408.4643800877,356.65113647208
69.074999999998,1.3129416215885e-14,4.3764163221212e-15,3.1039429548656e-36,0.0059763951884392,1.731273251055,4.984960877655,-4.915266219137e-32,-5.3097778753485e-12,-5.1959475440063e-21,0.066003021030448,3.6382394789794e-21,-3.6383335573884e-21,-0.13864522054671,-0.13864512600772,9.2678756777353e-12,9.2680476536295e-12,-3.6383007447344e-21,3.6381906775129e-21,-9.2679273886228e-12,-9.2679846141055e-12,-0.13864577261066,-0.13864586712381,-0.050482086845865,1.0017087190497e-17,-5.3097778753485e-18,18.584648000824,-4.318881541687,329.01529668128,100000570.97848,-1.6932300231753e-13,0.0074824398627389,-0.0089650663844899,-154.68279641242,-9.2663408349138e-07,-398.13505223443,347.64010640608
69.174999999998,3.0813954944068e-15,1.0271183520215e-15,7.9708859803663e-37,0.0059763951884392,1.7312951267694,4.9182359247047,-1.2964248319125e-32,-1.4360317004738e-12,-4.5089865973452e-21,0.057276701639442,3.1572245311779e-21,-3.1573061713949e-21,-0.1203148099437,-0.1203147279038,8.0425614121201e-12,8.0427106509251e-12,-3.1572776969317e-21,3.1571821817976e-21,-8.0426062862642e-12,-8.0426559459138e-12,-0.12031528901878,-0.12031537103626,-0.043807804268132,2.638997353783e-18,-1.4360317004738e-18,18.585542249385,-4.3208921481662,329.01529668128,100000570.97848,-1.6948259674833e-13,0.0074221064186451,-0.0088641709373251,-150.60333041156,-9.028559967211e-07,-387.79285681266,338.61743412607
69.274999999999,6.9648508422396e-16,2.3215855398263e-16,1.9709202067941e-37,0.0059763951884392,1.7313169815223,4.8505954736233,-3.2948914355777e-33,-3.7403654926738e-13,-3.9128493817226e-21,0.04970409686499,2.7398050067508e-21,-2.7398758532406e-21,-0.10440787958391,-0.10440780839058,6.9792470590669e-12,6.9793765668738e-12,-2.7398511434121e-21,2.7397682564206e-21,-6.9792860003595e-12,-6.9793290944618e-12,-0.10440829532004,-0.10440836649391,-0.038015934655119,6.6906812442286e-19,-3.7403654926738e-19,18.586435368148,-4.3229016230752,329.01529668128,100000570.97848,-1.6966994675476e-13,0.0073617205506129,-0.0087632856690248,-146.52213681576,-8.7902680825122e-07,-377.4377819572,329.58310793777
69.374999999999,1.5130442277129e-16,5.043410375832e-17,4.6823929973544e-38,0.0059763951884392,1.7313388152911,4.7820006757635,-8.0521821873627e-34,-9.3635271220548e-14,-3.3955280091227e-21,0.043132673049379,2.3775728969822e-21,-2.3776343767931e-21,-0.090604018942428,-0.090603957161629,6.0565144629254e-12,6.0566268483875e-12,-2.3776129338735e-21,2.3775410054465e-21,-6.0565482557544e-12,-6.0565856523462e-12,-0.090604379713704,-0.090604441477615,-0.032989813387009,1.6290363936532e-19,-9.3635271220548e-20,18.587328158445,-4.3249105839688,329.01529668128,100000570.97848,-1.6991280791241e-13,0.0073012822005126,-0.008662410577535,-142.4392145963,-8.5515679859913e-07,-367.06981579035,320.53711613527
69.474999999999,3.1520745973833e-17,1.0506763957726e-17,1.0663211393881e-38,0.0059763951884392,1.7313606280531,4.7124098561215,-1.8878601709266e-34,-2.2478635980678e-14,-2.9466021653152e-21,0.037430063148262,2.0632318236281e-21,-2.0632851751374e-21,-0.078625179260718,-0.078625125648014,5.2557771818618e-12,5.2558747087398e-12,-2.0632665672056e-21,2.0632041485013e-21,-5.2558065069102e-12,-5.2558389592646e-12,-0.078625492334096,-0.078625545932144,-0.028628200179281,3.8004090695485e-20,-2.2478635980678e-20,18.58821998348,-4.3269185278251,329.01529668128,100000570.97848,-1.7012791349447e-13,0.0072407913101089,-0.008561545660803,-138.35456272293,-8.3124442059701e-07,-356.68894642186,311.47944700097
69.574999999999,6.2817890465381e-18,2.0938985160038e-18,2.3217892223697e-39,0.0059763951884392,1.7313824197855,4.6417782168213,-4.2356978114794e-35,-5.1622902779496e-15,-2.5570292152836e-21,0.032481400484472,1.7904500692429e-21,-1.7904963671006e-21,-0.068230072859212,-0.068230026334693,4.5609061044058e-12,4.5609907371666e-12,-1.7904802193404e-21,1.7904260530698e-21,-4.5609315523628e-12,-4.560959714162e-12,-0.068230344540874,-0.068230391052675,-0.024843239817405,8.4739226186488e-21,-5.1622902779496e-21,18.589111029067,-4.3289258988732,329.01529668128,100000570.97848,-1.7039853022776e-13,0.0071802478210639,-0.0084606909167763,-134.26818016384,-8.0728701020355e-07,-346.29516194889,302.41008880556
69.674999999999,1.1943885688615e-18,3.9812339538244e-19,4.8201702764817e-40,0.0059763951884392,1.7314041904657,4.5700574993615,-9.0697050130239e-36,-1.1310721400808e-15,-2.218962059004e-21,0.02818700500861,1.5537330384981e-21,-1.553773215274e-21,-0.059209312921708,-0.059209272548237,3.9579045635714e-12,3.9579780069581e-12,-1.5537592024239e-21,1.5537121975251e-21,-3.957926647031e-12,-3.9579510855331e-12,-0.059209548684091,-0.059209589046524,-0.021558692504593,1.8009560327484e-21,-1.1310721400808e-21,18.590001122714,-4.3309322136834,329.01529668128,100000570.97848,-1.7060669691589e-13,0.0071196516749345,-0.0083598463434032,-130.18006588567,-7.8327926795469e-07,-335.88845045603,293.32902980804
69.774999999999,2.1602332839546e-19,7.2006629055142e-20,9.5121941537939e-41,0.0059763951884392,1.7314259400707,4.4971955983957,-1.8478834000446e-36,-2.3573870838714e-16,-1.9255910686783e-21,0.024460375461188,1.3483125815072e-21,-1.3483474464751e-21,-0.05138119585325,-0.051381160817593,3.4346264044347e-12,3.4346901378045e-12,-1.3483352862766e-21,1.3482944959382e-21,-3.43464556822e-12,-3.4346667756855e-12,-0.051381400445274,-0.051381435471354,-0.018708398176875,3.6372871447102e-22,-2.3573870838714e-22,18.590890421428,-4.3329376769972,329.01529668128,100000570.97848,-1.708356802857e-13,0.0070590028131734,-0.0082590119386328,-126.09021885353,-7.5923042669754e-07,-325.46880001524,284.23625825566
69.874999999999,3.7045438452431e-20,1.2348275679651e-20,1.7783613265331e-41,0.0059763951884392,1.7314476685777,4.4231361182589,-3.5705923194492e-37,-4.6585477333591e-17,-1.6710069235874e-21,0.021226446992843,1.1700509498131e-21,-1.1700812052519e-21,-0.044588041256296,-0.044588010852735,2.9805313262519e-12,2.980586633375e-12,-1.1700706527643e-21,1.1700352553536e-21,-2.9805479563758e-12,-2.980566359983e-12,-0.044588218799022,-0.044588249194272,-0.016234943852459,6.957700293729e-23,-4.6585477333591e-23,18.591778961532,-4.334942312378,329.01529668128,100000570.97848,-1.7107160254947e-13,0.0069983011771287,-0.0081581877004143,-121.99863803094,-7.3513373837096e-07,-315.03619868588,275.13176238394
69.974999999999,6.001860101813e-21,2.0005857867795e-21,3.1381435061302e-42,0.0059763951884392,1.7314693759639,4.3478178615183,-6.5195049468726e-38,-8.6973555741998e-18,-1.450081579675e-21,0.018420079146165,1.0153574504423e-21,-1.015383705782e-21,-0.038693015801955,-0.038692989418076,2.5864725710193e-12,2.5865205659373e-12,-1.0153745484484e-21,1.0153438309616e-21,-2.5864870024594e-12,-2.586502972909e-12,-0.038693169871596,-0.038693196248262,-0.014088507172051,1.2559545130505e-23,-8.6973555741997e-24,18.592666431953,-4.3369462350906,329.01529668128,100000570.97848,-1.7130752481325e-13,0.0069375467080425,-0.008057373626698,-117.90532237991,-7.1099312600164e-07,-304.5906345146,266.0155304166
70.074999999999,9.1500412745835e-22,3.0499595417532e-22,5.2054786054075e-43,0.0059763951884392,1.7314910622064,4.2711742363567,-1.1203518183468e-38,-1.5279528000249e-18,-1.2583649762494e-21,0.015984743742812,8.811161192027e-22,-8.811389033001e-22,-0.033577377020098,-0.033577354124456,2.244512681921e-12,2.2445543313873e-12,-8.8113095666587e-22,8.8110430036586e-22,-2.2445252053672e-12,-2.2445390643492e-12,-0.033577510720052,-0.033577533609435,-0.012225852835757,2.1307681483157e-24,-1.5279528000249e-24,18.593553348088,-4.3389494321556,329.01529668128,100000570.97848,-1.7152956928916e-13,0.0068767393470527,-0.0079565697154346,-113.81027086083,-6.8681045990582e-07,-294.13209553544,256.8875505656
70.174999999999,1.3068384956062e-22,4.3560478087464e-23,8.0799579716309e-44,0.0059763951884392,1.7315127272821,4.1931325664711,-1.8039491847367e-39,-2.5147470736997e-19,-1.0919953991872e-21,0.013871386246273,7.6462295635948e-22,-7.6464272815065e-22,-0.02913808149048,-0.029138061621892,1.94776362052e-12,1.9477997634725e-12,-7.6463583214816e-22,7.646127001018e-22,-1.94777448823e-12,-1.9477865149034e-12,-0.029138197513842,-0.029138217376999,-0.010609461721971,3.3821221713796e-25,-2.5147470736997e-25,18.594439391357,-4.3409515252688,329.01529668128,100000570.97848,-1.7178630823461e-13,0.0068158790351906,-0.0078557759645757,-109.71348243258,-6.6257965771535e-07,-283.66056976967,247.74781103109
70.274999999999,1.7399451444793e-23,5.7997055447184e-24,1.1676632188108e-44,0.0059763951884392,1.7315343711681,4.1136132831373,-2.7081165947691e-40,-3.8582772493393e-20,-9.4762169509852e-22,0.012037437664887,6.6353146044013e-22,-6.6354861818482e-22,-0.025285709257089,-0.025285692015345,1.6902480222006e-12,1.6902793866605e-12,-6.6354263390908e-22,6.6352256017159e-22,-1.6902574530808e-12,-1.6902678896967e-12,-0.025285809940897,-0.025285827177928,-0.0092067751462503,4.997385646894e-26,-3.8582772493393e-26,18.595324561409,-4.3429529272802,329.01529668128,100000570.97848,-1.7200835271057e-13,0.0067549657133818,-0.0077549923720731,-105.61495605242,-6.3829579600562e-07,-273.1760452259,238.59630000142
70.374999999999,2.1476304035233e-24,7.1586243762402e-25,1.5621537768059e-45,0.0059763951884392,1.7315559938413,4.032528973875,-3.7693811082928e-41,-5.4878581339351e-21,-8.2233576962847e-22,0.010445957092065,5.7580536306422e-22,-5.758202523679e-22,-0.021942662657558,-0.02194264769536,1.466778795155e-12,1.4668060128911e-12,-5.7581505927869e-22,5.7579763950828e-22,-1.46678697917e-12,-1.4667960359514e-12,-0.021942750029868,-0.021942764987975,-0.0079895390374118,6.8350838271126e-27,-5.4878581339351e-27,18.596208948396,-4.3449535640071,329.01529668128,100000570.97848,-1.7221651939859e-13,0.0066939993224462,-0.0076542189358793,-101.51469067607,-6.1396617936684e-07,-262.67850989995,229.43300565309
70.474999999999,2.4422476398224e-25,8.1406548765749e-26,1.9224724614851e-46,0.0059763951884392,1.7315775952788,3.9497832553231,-4.8341459018367e-42,-7.1914829938678e-22,-7.1361401021971e-22,0.0090648876120511,4.9967761274439e-22,-4.9969053351969e-22,-0.019041603286979,-0.019041590302947,1.2728546376971e-12,1.2728782569516e-12,-4.9968602701353e-22,4.996709103268e-22,-1.272861739696e-12,-1.2728695990721e-12,-0.019041679107717,-0.019041692088199,-0.0069332348206989,8.5987101590886e-28,-7.1914829938678e-28,18.597092464297,-4.3469532666668,329.01529668128,100000570.97848,-1.7251489170747e-13,0.0066329798030971,-0.0075534556539477,-97.412685257668,-5.8959726424769e-07,-252.16795177491,220.25791615076
70.574999999999,2.5408012177882e-26,8.4691517163229e-27,2.160734295657e-47,0.0059763951884392,1.7315991754573,3.8652694289128,-5.6722221917362e-43,-8.6215398726593e-23,-6.1926645342441e-22,0.007866410583051,4.3361478147622e-22,-4.3362599398409e-22,-0.016524095612153,-0.016524084344752,1.1045693693272e-12,1.1045898658587e-12,-4.336220832872e-22,4.3360896519135e-22,-1.1045755323644e-12,-1.1045823526453e-12,-0.016524161408562,-0.016524172672883,-0.0060165855444051,9.8785692695569e-29,-8.6215398726593e-29,18.597975232019,-4.3489521464381,329.01529668128,100000570.97848,-1.7277163065284e-13,0.0065719070959406,-0.0074527025242321,-93.308938749762,-5.6518040406227e-07,-241.64435882108,211.07101964724
70.674999999999,2.3990153815549e-27,7.9965341682061e-28,2.1998852997831e-48,0.0059763951884392,1.7316207343538,3.7788688658815,-6.0407864209412e-44,-9.3806415037678e-24,-5.3739267285233e-22,0.0068263852911834,3.7628617716531e-22,-3.7629590725732e-22,-0.014339429914826,-0.014339420137098,9.5853324921959e-13,9.5855103588596e-13,-3.7629251359722e-22,3.7628112985675e-22,-9.5853859743602e-13,-9.5854451600137e-13,-0.014339487012232,-0.014339496787287,-0.0052211273019446,1.0279838180135e-29,-9.3806415037678e-30,18.598857157528,-4.3509503294492,329.01529668128,100000570.97848,-1.7303530849214e-13,0.0065107811414767,-0.0073519595446872,-89.203450103326,-5.4072052481096e-07,-231.10771899592,201.8723042835
70.774999999999,2.0371134317191e-28,6.7902141873837e-29,2.0100499510247e-49,0.0059763951884392,1.731642271945,3.6904490518864,-5.7859097937978e-45,-9.1790984737418e-25,-4.6634349921335e-22,0.0059238626882874,3.2653703972831e-22,-3.2654548339601e-22,-0.012443600854681,-0.012443592369675,8.3180469726321e-13,8.3182013233825e-13,-3.265425384148e-22,3.26532659729e-22,-8.3180933838708e-13,-8.3181447445353e-13,-0.012443650403187,-0.012443658885873,-0.0045308373166008,9.5999320642541e-31,-9.1790984737418e-31,18.599738497208,-4.3529477793654,329.01529668128,100000570.97848,-1.7334061969479e-13,0.0064496018800972,-0.0072512267132677,-85.096218267733,-5.1620335868251e-07,-220.55802024409,192.66175818863
70.874999999999,1.5394531869179e-29,5.1313802000563e-30,1.6306896388777e-50,0.0059763951884392,1.7316637882078,3.5998611991892,-4.9320757771423e-46,-7.9934923377348e-26,-4.0468780138785e-22,0.0051406634188971,2.833652809619e-22,-2.8337260828462e-22,-0.010798421077432,-0.010798413714237,7.2183104232687e-13,7.2184443671662e-13,-2.8337005266205e-22,2.8336148004628e-22,-7.2183506984354e-13,-7.2183952686598e-13,-0.010798464075085,-0.010798471436267,-0.0039318111975274,7.9596986731458e-32,-7.9934923377348e-32,18.600618716032,-4.3549444002926,329.01529668128,100000570.97848,-1.7361123642796e-13,0.0063883692520877,-0.0071505040279294,-80.987242190782,-4.9164351420755e-07,-209.99525049739,183.43936947985
70.974999999999,1.0228792557546e-30,3.4095060449612e-31,1.1601562910836e-51,0.0059763951884392,1.7316852831188,3.5069373034488,-3.6965602213404e-47,-6.1203977562369e-27,-3.5118365940211e-22,0.0044610116366533,2.4590129965478e-22,-2.459076582255e-22,-0.0093707520136072,-0.0093707456239067,6.2639710424936e-13,6.2640872775467e-13,-2.4590544048412e-22,2.4589800126167e-22,-6.264005992844e-13,-6.2640446703985e-13,-0.0093707893265013,-0.0093707957144552,-0.003411982866028,5.7876512629087e-33,-6.1203977562369e-33,18.601498262412,-4.356940024944,329.01529668128,100000570.97848,-1.7387491426722e-13,0.0063270831976258,-0.0070497914866289,-76.876520818669,-4.6704244169189e-07,-199.41939767474,174.20512626254
71.074999999999,5.8919416507944e-32,1.9639247734268e-32,7.134760655907e-53,0.0059763951884392,1.7317067566548,3.41148647857,-2.4018036319815e-48,-4.0625511732208e-28,-3.0475334865075e-22,0.0038712172341807,2.1339046536206e-22,-2.1339598326037e-22,-0.0081318363741198,-0.0081318308292074,5.4358057385167e-13,5.4359066060278e-13,-2.1339405872859e-22,2.1338760305249e-22,-5.4358360680495e-13,-5.4358696320093e-13,-0.0081318687538423,-0.008131874297239,-0.0029608815106355,3.6377291150219e-34,-4.0625511732208e-34,18.602377122169,-4.3589349084264,329.01529668128,100000570.97848,-1.7416634768204e-13,0.0062657436567797,-0.0069490890873227,-72.76405309599,-4.4239134362292e-07,-188.83044968215,164.95901663026
71.175,2.8938012301193e-33,9.6457131866281e-34,3.7291073654056e-54,0.0059763951884392,1.7317282087924,3.3132903405951,-1.3305778849104e-49,-2.2992921350186e-29,-2.6446163147786e-22,0.0033594000856407,1.8517791801573e-22,-1.851827063877e-22,-0.0070567188972066,-0.0070567140853921,4.7171329219824e-13,4.7172204537082e-13,-1.8518103630001e-22,1.8517543413472e-22,-4.7171592416201e-13,-4.7171883680583e-13,-0.0070567469959765,-0.0070567518064757,-0.0025694206753825,1.9432748272295e-35,-2.2992921350186e-35,18.603254899566,-4.3609289703441,329.01529668128,100000570.97848,-1.744092088396e-13,0.0062043505695104,-0.006848396827969,-68.649837965743,-4.1769046182558e-07,-178.22839441275,155.70102866475
71.275,1.1882880675377e-34,3.9608329136542e-35,1.6235884173415e-55,0.0059763951884392,1.7317496395083,3.2120971204779,-6.1625873684815e-51,-1.0880081422222e-30,-2.2949691884792e-22,0.0029152507474284,1.6069537719252e-22,-1.6069953248947e-22,-0.0061237436789402,-0.0061237395033001,4.0934764916235e-13,4.0935524507003e-13,-1.6069808320559e-22,1.6069322170767e-22,-4.093499331518e-13,-4.0935246071233e-13,-0.0061237680627462,-0.0061237722372449,-0.0022297152329025,8.6478240492433e-37,-1.0880081422222e-36,18.604131996183,-4.3629222632611,329.01529668128,100000570.97848,-1.7471452004223e-13,0.0061429038756708,-0.0067477147065254,-64.533874369311,-3.9294549414803e-07,-167.61321974668,146.43115043601
71.375,3.9847404082557e-36,1.3282011201404e-36,5.7485102056465e-57,0.0059763951884392,1.7317710487791,3.1076140498122,-2.3306497447311e-52,-4.2043153073309e-32,-1.9915492264932e-22,0.0025298227968465,1.394496953403e-22,-1.3945330126166e-22,-0.0053141179621318,-0.0053141143385568,3.5522742446766e-13,3.5523401611349e-13,-1.3945204358893e-22,1.3944782483406e-22,-3.5522940648879e-13,-3.5523159987825e-13,-0.0053141391221326,-0.0053141427447171,-0.0019349225556835,3.1298424967966e-38,-4.2043153073309e-38,18.60500850668,-4.3649148301815,329.01529668128,100000570.97848,-1.7501289235085e-13,0.006081403515004,-0.006647042720951,-60.416161246481,-3.6814620833396e-07,-156.98491355114,137.1493700024
71.475,1.0605417437425e-37,3.5350084425447e-38,1.607683985822e-58,0.0059763951884392,1.7317924365812,2.9994973567118,-6.9950776432712e-54,-1.2894594987892e-33,-1.7282446934175e-22,0.0021953526258726,1.21012924393e-22,-1.2101605357222e-22,-0.0046115335970983,-0.0046115304525995,3.0826248386218e-13,3.0826820402051e-13,-1.2101496217754e-22,1.2101130118809e-22,-3.0826420383849e-13,-3.0826610723794e-13,-0.0046115519595163,-0.0046115551031555,-0.0016791046862156,8.9485529107574e-40,-1.2894594987892e-39,18.605884050048,-4.3669064812194,329.01529668128,100000570.97848,-1.7536677581078e-13,0.0060198494271447,-0.0065463808692048,-56.29669753542,-3.4330249301868e-07,-146.34346368034,127.85567541071
71.575,2.1633008855364e-39,7.2107148207347e-40,3.4268593959204e-60,0.0059763951884392,1.7318138028913,2.8873388856514,-1.6088091149344e-55,-3.0309682271716e-35,-1.4997518919404e-22,0.0019051030601565,1.0501369568724e-22,-1.0501641115484e-22,-0.0040018385494469,-0.0040018358206851,2.6750682073402e-13,2.6751178462503e-13,-1.0501546405444e-22,1.0501228708773e-22,-2.675083133107e-13,-2.6750996505998e-13,-0.0040018544841528,-0.0040018572121687,-0.0014571087297472,1.9502913465249e-41,-3.0309682271716e-41,18.606758565978,-4.3688968490741,329.01529668128,100000570.97848,-1.7565820922549e-13,0.0059582415516178,-0.0064457291492473,-52.175482172691,-3.184224037193e-07,-135.68885797548,118.55005469646
71.675,3.2377648667681e-41,1.0792080614784e-41,5.3248827717636e-62,0.0059763951884392,1.7318351476857,2.7706478346822,-2.7143669527493e-57,-5.2275002026682e-37,-1.3014683313918e-22,0.001653227653291,9.1129739548145e-23,-9.1132096001303e-23,-0.0034727518381121,-0.0034727494701224,2.3213950086517e-13,2.3214380847563e-13,-9.1131274117908e-23,9.1128517180855e-23,-2.3214079610693e-13,-2.3214222947693e-13,-0.0034727656660761,-0.0034727680334185,-0.0012644630604246,3.0992247182e-43,-5.2275002026682e-43,18.607632570834,-4.3708870907818,329.01529668128,100000570.97848,-1.759496426402e-13,0.0058965798278388,-0.006345087559039,-48.052514093201,-2.9348325769144e-07,-125.02108426472,109.23249588412
71.775,3.3645154697484e-43,1.1214517787756e-43,5.7007167601254e-64,0.0059763951884392,1.731856470941,2.6488252378825,-3.1788103155137e-59,-6.2597255894938e-39,-1.1294000205756e-22,0.0014346529228615,7.9081393867386e-23,-7.9083438771731e-23,-0.0030136161616959,-0.0030136141067803,2.014481264966e-13,2.0145186459397e-13,-7.9082725550287e-23,7.9080333110387e-23,-2.0144925049327e-13,-2.0145049435612e-13,-0.0030136281614523,-0.0030136302158062,-0.0010972872501119,3.3941516103659e-45,-6.2597255894938e-45,18.608505672404,-4.3728762712526,329.01529668128,100000570.97848,-1.7628270941825e-13,0.0058348641951135,-0.006244456096541,-43.92779223027,-2.6849278826634e-07,-114.34013036318,99.902986987709
71.875,2.2599635922441e-45,7.5328157953206e-46,3.9086555599867e-66,0.0059763951884392,1.7318777726334,2.5211273251974,-2.4054945921249e-61,-4.8452685420571e-41,-9.8008101750132e-23,0.0012449761561742,6.862597091814e-23,-6.8627745463823e-23,-0.0026151832303031,-0.0026151814470697,1.7481448662441e-13,1.7481773050452e-13,-6.8627126538034e-23,6.8625050404787e-23,-1.7481546201645e-13,-1.7481654142707e-13,-0.0026151936435607,-0.0026151954263066,-0.00095221390560341,2.3814901376199e-47,-4.8452685420571e-47,18.609377849137,-4.3748645838502,329.01529668128,100000570.97848,-1.7661577619627e-13,0.0057730945926369,-0.0061438347597153,-39.80131551558,-2.4346149657574e-07,-103.64598407288,90.561516011583
71.975,8.9249732769385e-48,2.9748163659978e-48,1.5578292030939e-68,0.0059763951884392,1.7318990527394,2.3866111893413,-1.0696789892615e-63,-2.2049892698351e-43,-8.5050361551865e-23,0.0010803767271814,5.9552868938488e-23,-5.9554408869873e-23,-0.0022694274788498,-0.0022694259313793,1.5170210448331e-13,1.5170491948709e-13,-5.9553871772825e-23,5.9552070127042e-23,-1.5170295091789e-13,-1.5170388761865e-13,-0.0022694365153611,-0.0022694380624086,-0.00082632083980929,9.7181160878274e-50,-2.2049892698351e-49,18.610249233537,-4.3768519660946,329.01529668128,100000570.97848,-1.7687945403523e-13,0.005711270959494,-0.0060432235465246,-35.673082879179,-2.1838274061939e-07,-92.938633182747,81.208070951917
72.075,1.8204870324981e-50,6.067886801572e-51,3.1615596790921e-71,0.0059763951884392,1.7319203112352,2.2440510414783,-2.4551113333365e-66,-5.1828614842942e-46,-7.3805775960692e-23,0.00093753913827717,5.1679330016841e-23,-5.1680666352499e-23,-0.0019693844095052,-0.0019693830666272,1.3164543138871e-13,1.3164787421828e-13,-5.168020026554e-23,5.1678636816983e-23,-1.316461659154e-13,-1.316469787741e-13,-0.0019693922512912,-0.0019693935938021,-0.00071707221065045,2.0207690064024e-52,-5.1828614842942e-52,18.611120169209,-4.378838692715,329.01529668128,100000570.97848,-1.7721252081319e-13,0.0056493932346597,-0.0059426224549316,-31.543093249471,-1.9325262461526e-07,-82.218065468595,71.842639799309
72.175,1.5963180474775e-53,5.3206531594816e-54,2.7079982083727e-74,0.0059763951884392,1.7319415480972,2.0918028853333,-2.4198690769202e-69,-5.2370038683921e-49,-6.4047847249163e-23,0.00081358623680711,4.4846758831186e-23,-4.4847918488692e-23,-0.001709010307026,-0.0017090091416911,1.1424046927065e-13,1.1424258913151e-13,-4.4847514023513e-23,4.4846157279911e-23,-1.142411066849e-13,-1.1424181207481e-13,-0.0017090171120423,-0.0017090182770586,-0.00062226744203352,1.7753060702317e-55,-5.2370038683921e-55,18.611990047329,-4.3808245526809,329.01529668128,100000570.97848,-1.775247709095e-13,0.0055874613569961,-0.0058420314829003,-27.411345553239,-1.6807516376774e-07,-71.484268693076,62.465210543762
72.275,4.5814622338695e-57,1.5270166103464e-57,7.4070686661792e-78,0.0059763951884392,1.7319627633016,1.9275724812042,-7.794302353646e-73,-1.7319985345596e-52,-5.5580023160204e-23,0.00070602126108388,3.8917528091157e-23,-3.891853442929e-23,-0.0014830605012532,-0.0014830594899883,9.9136633011163e-14,9.9138472603288e-14,-3.891818343882e-23,3.8917006071522e-23,-9.9137186152298e-14,-9.9137798281968e-14,-0.0014830664065721,-0.0014830674175606,-0.00053999689803026,4.988636133948e-59,-1.7319985345596e-58,18.612859055419,-4.3828091772194,329.01529668128,100000570.97848,-1.7785089879357e-13,0.0055254752652561,-0.0057414506283947,-23.277838715605,-1.4284969104712e-07,-60.73723060568,53.075771185036
72.375,2.7979426768609e-61,9.3254565437088e-62,4.1639875653656e-82,0.0059763951884392,1.7319839568245,1.7479857415327,-5.3282208604395e-77,-1.2188764195902e-56,-4.8231737789269e-23,0.00061267754855182,3.3772206335516e-23,-3.377307962477e-23,-0.0012869837246358,-0.0012869828470712,8.6029688669311e-14,8.6031285047289e-14,-3.3772775039069e-23,3.3771753332572e-23,-8.6030168679154e-14,-8.6030699878604e-14,-0.0012869888492072,-0.0012869897265319,-0.00046860341741388,2.8887318552292e-63,-1.2188764195902e-62,18.613727595169,-4.3847937322149,329.01529668128,100000570.97848,-1.781770266776e-13,0.0054634348980794,-0.0056408798893802,-19.142571660055,-1.1757540533713e-07,-49.976938942698,43.674309756389
72.475,1.7338807672702e-66,5.7788001426119e-67,2.2535416562687e-87,0.0059763951884392,1.7320051286422,1.5477062887469,-3.6786310566211e-82,-8.7038833317917e-62,-4.1854975905056e-23,0.00053167489308069,2.9307152245054e-23,-2.9307910075942e-23,-0.0011168304368419,-0.0011168296753009,7.4655625349967e-14,7.4657010669362e-14,-2.9307645759793e-23,2.930675913404e-23,-7.4656041897272e-14,-7.465650286636e-14,-0.001116834883889,-0.0011168356452219,-0.00040664893374936,1.6181231855687e-68,-8.7038833317917e-68,18.614595078092,-4.3867770088453,329.01529668128,100000570.97848,-1.7851703234952e-13,0.0054013401939947,-0.0055403192638221,-15.005543308424,-9.2253646624102e-08,-39.203381427208,34.260814387674
72.575,2.5704883438268e-73,8.5666658121493e-74,2.6688765604763e-94,0.0059763951884392,1.7320262787307,1.3173296775644,-6.0158891699982e-89,-1.4868700894804e-68,-3.6321291504504e-23,0.0004613816723014,2.5432427013556e-23,-2.5433084650934e-23,-0.00096917326985574,-0.00096917260899875,6.4785337278372e-14,6.4786539443431e-14,-2.5432855280263e-23,2.5432085876107e-23,-6.4785698753579e-14,-6.4786098777525e-14,-0.00096917712895473,-0.00096917778963106,-0.00035288550867191,2.0036106223845e-75,-1.4868700894804e-74,18.615461732748,-4.3887595625153,329.01529668128,100000570.97848,-1.7881540465797e-13,0.0053391910914184,-0.0054397687496863,-10.86675258089,-6.6877223114717e-08,-28.416545769046,24.835273512442
72.675,2.8081940119384e-83,9.3578328306845e-84,1.9374386343294e-104,0.0059763951884392,1.7320474070661,1.0369871360427,-7.0554807731976e-99,-1.871639904476e-78,-3.1519220547342e-23,0.00040038198212104,2.2069982726111e-23,-2.2070553416653e-23,-0.00084103799110182,-0.00084103741761734,5.6220008962449e-14,5.6221052188173e-14,-2.2070354371288e-23,2.2069686690754e-23,-5.6220322646691e-14,-5.6220669783108e-14,-0.00084104133998583,-0.00084104191331355,-0.00030623019488202,1.5634876394303e-85,-1.871639904476e-84,18.616327776194,-4.3907414367641,329.01529668128,100000570.97848,-1.7916234922376e-13,0.0052769875286546,-0.0053392283449406,-6.7261983959842,-4.1467784802832e-08,-17.616419664795,15.397676838041
72.775,4.3223696490651e-102,1.4397605604236e-102,1.0696917141502e-123,0.0059763951884392,1.7320685136244,0.64447597102276,-1.0140116494289e-117,-3.3183569439691e-97,-2.7352035755359e-23,0.00034744711641353,1.9152090253566e-23,-1.9152585492593e-23,-0.00072984359399623,-0.00072984309633265,4.8787110487006e-14,4.8788015786909e-14,-1.9152412763196e-23,1.9151833357312e-23,-4.8787382698769e-14,-4.8787683939965e-14,-0.00072984650012124,-0.00072984699764878,-0.0002657432225268,1.0703212405849e-104,-3.3183569439691e-103,18.617192897074,-4.3927223560144,329.01529668128,100000570.97848,-1.7946072153223e-13,0.0052147294438946,-0.0052386980475513,-2.5838796705459,-1.5995375254828e-08,-6.8029907977252,5.9480255729734
72.875,1.473721259285e-123,4.9218569724801e-124,8.2661004553464e-145,0.0059763951884392,1.732089599115,0,1.297924817088e-138,1.3072173588967e-118,-2.3735788577641e-23,0.00030151069451885,1.6619968222638e-23,-1.6620397985489e-23,-0.00063335005104497,-0.00063334961917812,4.2336905018367e-14,4.2337690627426e-14,-1.6620248092863e-23,1.6619745290963e-23,-4.2337141240669e-14,-4.2337402654385e-14,-0.00063335257294752,-0.00063335300469631,-0.00023060897647551,2.4951960984538e-126,1.3072173588967e-124,1.8979072925455e-11,0,329.01529668128,100000570.97848,-1.7976603278099e-13,0.0051524180322978,-0.0051381778554867,1.5601210872965,4.8175905204001e-09,4.0233157963073,3.5134296640989
72.975,4.2619890628817e-90,1.4212473520498e-90,5.0389710145471e-111,0.0059763951884392,1.7321106740485,0,2.163717693155e-105,4.3498505479137e-85,-2.0597656685827e-23,0.00026164766982525,1.4422625920326e-23,-1.4422998863808e-23,-0.00054961421950245,-0.00054961384473314,3.6739501274891e-14,3.6740183017806e-14,-1.4422868788634e-23,1.4422432462666e-23,-3.6739706266011e-14,-3.6739933117963e-14,-0.00054961640798179,-0.00054961678264865,-0.00020011993670782,3.064980755852e-92,4.3498505479137e-91,1.8978093593021e-11,0,329.01529668128,100000570.97848,-1.7999501630396e-13,0.0050900712948207,-0.0050376677667159,5.7046043901625,1.7748991032485e-08,14.856235047501,12.980804560543
73.075,1.4838887544006e-77,4.9474368939326e-78,3.1825990763419e-98,0.0059763951884392,1.7321317417695,0,7.9152043276545e-93,1.7449008095377e-72,-1.7874421777059e-23,0.00022705499362261,1.2515797440688e-23,-1.2516121076974e-23,-0.00047694922407439,-0.00047694889885367,3.1882138423934e-14,3.1882730032998e-14,-1.2516008199157e-23,1.2515629560242e-23,-3.1882316312992e-14,-3.1882513172641e-14,-0.00047695112321289,-0.00047695144834471,-0.0001736618980146,2.1262957046785e-79,1.7449008095377e-78,1.8978400487377e-11,0,329.01529668128,100000570.97848,-1.8027257208423e-13,0.0050276949540018,-0.0049371677792077,9.8491883055974,3.0701662610099e-08,25.693772339237,22.452475235494
73.175000000001,1.085803290184e-69,3.6199252008759e-70,3.6556676427417e-90,0.0059763951884392,1.7321528022688,0,6.3989383567688e-85,1.4712141426894e-64,-1.5511228230348e-23,0.00019703584657718,1.0861072487194e-23,-1.0861353335232e-23,-0.00041389133372695,-0.00041389105150396,2.7666971929681e-14,2.7667485321573e-14,-1.0861255381093e-23,1.0860926802374e-23,-2.7667126299864e-14,-2.7667297132521e-14,-0.00041389298177862,-0.00041389326392446,-0.00015070190066104,2.549255729509e-71,1.4712141426894e-70,1.8977798517706e-11,0,329.01529668128,100000570.97848,-1.8058482233408e-13,0.0049652889833809,-0.0048366778909318,13.99387329805,4.3679100962231e-08,36.535929701,31.928411732677
73.275000000001,5.8920231905363e-64,1.9642496502807e-64,2.8837068029185e-84,0.0059763951884392,1.7321738555372,0,3.8942538818234e-79,9.1993849516282e-59,-1.3460474650023e-23,0.00017098555824283,9.4251202235493e-24,-9.4253639404133e-24,-0.00035917038436685,-0.00035917013945682,2.4009096428209e-14,2.4009541944093e-14,-9.4252789368803e-24,9.4249937998516e-24,-2.4009230388971e-14,-2.4009378635686e-14,-0.00035917181452812,-0.0003591720593712,-0.00013077746542272,2.0672454445855e-65,9.1993849516282e-65,1.8978218582153e-11,0,329.01529668128,100000570.97848,-1.8086931700824e-13,0.0049028533564598,-0.004736198099859,18.138659832381,5.6654313429139e-08,47.382709164394,41.408613368878
73.375000000001,1.9093172008033e-59,6.3650272075313e-60,1.2958490299e-79,0.0059763951884392,1.7321949015652,0,1.4244523012097e-74,3.4351696172296e-54,-1.1680853064198e-23,0.00014837940220264,8.1790165136178e-24,-8.1792280084538e-24,-0.00031168414144989,-0.00031168392891963,2.0834831970919e-14,2.0835218584743e-14,-8.1791542433151e-24,8.1789068045121e-24,-2.0834948220607e-14,-2.0835076867489e-14,-0.00031168538252823,-0.00031168559500039,-0.0001134872578738,9.4871691022123e-61,3.4351696172296e-60,1.8978847142447e-11,0,329.01529668128,100000570.97848,-1.8114687278853e-13,0.0048403880467024,-0.0046357284039604,22.283548373931,6.9659257732984e-08,58.234112763212,50.893081485734
73.475000000001,9.901615773215e-56,3.3008166315081e-56,9.0270806310413e-76,0.0059763951884392,1.7322159403437,0,8.3666512128256e-71,2.0528401539306e-50,-1.0136516865483e-23,0.00012876202659611,7.0976613075861e-24,-7.0978448404976e-24,-0.00027047609786259,-0.00027047591343116,1.8080239902174e-14,1.8080575401433e-14,-7.0977808279149e-24,7.0975661032209e-24,-1.8080340782385e-14,-1.8080452420746e-14,-0.00027047717485684,-0.00027047735923786,-9.8483004377579e-05,6.7263689633498e-57,2.0528401539306e-56,1.8977825102874e-11,0,329.01529668128,100000570.97848,-1.8147993972003e-13,0.0047778930275356,-0.0045352688012073,26.428539388429,8.2669528182045e-08,69.09014253335,60.381817862131
73.575000000001,1.416861943387e-52,4.7232169943782e-53,1.6958236616791e-72,0.0059763951884392,1.7322369718632,0,1.3586603142771e-67,3.3849904450855e-47,-8.7963587590326e-24,0.00011173828204601,6.1592730560366e-24,-6.1594323238951e-24,-0.00023471620716621,-0.00023471604711862,1.5689834954101e-14,1.5690126096699e-14,-6.1593767744741e-24,6.1591904387271e-24,-1.5689922496848e-14,-1.56900193754e-14,-0.00023471714177007,-0.00023471730177391,-8.5462476871365e-05,1.2834787586355e-53,3.3849904450855e-53,1.8979085951284e-11,0,329.01529668128,100000570.97848,-1.817436177125e-13,0.004715368272347,-0.0044348192895725,30.573633342071,9.570095121842e-08,79.950800512885,69.874824418854
73.675000000001,7.8045691896837e-50,2.6016899110053e-50,1.2053359876573e-69,0.0059763951884392,1.7322579961145,0,8.5039381640688e-65,2.1486263383464e-44,-7.6333841737184e-24,9.6965262233377e-05,5.3449499679946e-24,-5.3450881789047e-24,-0.00020368416411597,-0.00020368402522842,1.3615467616519e-14,1.3615720266889e-14,-5.3450399737232e-24,5.3448782735946e-24,-1.3615543585159e-14,-1.361562765531e-14,-0.00020368497515501,-0.00020368511400459,-7.4163405139287e-05,9.2540400281764e-51,2.1486263383464e-50,1.8978772243676e-11,0,329.01529668128,100000570.97848,-1.8202117349272e-13,0.0046528137544863,-0.0043343798670287,34.718830701474,1.0874495356966e-07,90.816088742026,79.372103134942
73.775000000001,2.0589884798711e-47,6.8636884364929e-48,4.0481587350794e-67,0.0059763951884392,1.7322790130882,0,2.5514406520241e-62,6.5320385211066e-42,-6.6241675151938e-24,8.4145396795312e-05,4.6382892754471e-24,-4.6384092133672e-24,-0.0001767548956781,-0.000176754775153,1.1815354269741e-14,1.1815573516976e-14,-4.6383673814366e-24,4.6382270598289e-24,-1.1815420194499e-14,-1.1815493149658e-14,-0.00017675559948892,-0.00017675571998108,-6.4358193949056e-05,3.1500473990118e-48,6.5320385211066e-48,1.8977969180481e-11,0,329.01529668128,100000570.97848,-1.8234036263637e-13,0.0045902294472651,-0.004233950531549,38.864131933702,1.2181678328972e-07,101.68600926317,88.8736560176
73.875000000001,3.0260290637664e-45,1.0087286629728e-45,7.4923355156165e-65,0.0059763951884392,1.732300022775,0,4.2670647385e-60,1.1062450767146e-39,-5.7483803082289e-24,7.3020457416999e-05,4.0250568352466e-24,-4.0251609160653e-24,-0.00015338597029265,-0.00015338586570228,1.0253235544413e-14,1.0253425804771e-14,-4.0251246147723e-24,4.0250028452119e-24,-1.0253292753198e-14,-1.025335606289e-14,-0.000153386581052,-0.00015338668561378,-5.5849338640873e-05,5.905332564957e-46,1.1062450767146e-45,1.8977733046153e-11,0,329.01529668128,100000570.97848,-1.8263179620445e-13,0.0045276153239565,-0.0041335312811082,43.00953750624,1.3489964810929e-07,112.56056412083,98.379485089512
73.975000000001,2.76246207646e-43,9.2086429674204e-44,8.5373435988962e-63,0.0059763951884392,1.7323210251654,0,4.4347715915688e-58,1.1637466346558e-37,-4.9883817237776e-24,6.3366356383798e-05,3.4929004132464e-24,-3.4929907334455e-24,-0.00013310667176916,-0.00013310658100678,8.8976459553514e-15,8.8978110612151e-15,-3.4929592315794e-24,3.4928535612832e-24,-8.8976956005112e-15,-8.897750539971e-15,-0.00013310720177947,-0.00013310729251704,-4.8465446825496e-05,6.8127105317076e-44,1.1637466346558e-43,1.8978739666059e-11,0,329.01529668128,100000570.97848,-1.8293016866638e-13,0.0044649713577952,-0.0040331221136806,47.155047887031,1.4800185184332e-07,123.43975536172,107.88959238286
74.075000000001,1.6987441800846e-41,5.662727392561e-42,6.504517793092e-61,0.0059763951884392,1.7323420202501,0,3.1057659598348e-56,8.2465875022401e-36,-4.3288632428332e-24,5.498863282146e-05,3.0311008754015e-24,-3.031179254285e-24,-0.00011550851773249,-0.00011550843896988,7.7212800977661e-15,7.7214233748335e-15,-3.0311519173092e-24,3.031060217779e-24,-7.7213231792942e-15,-7.7213708551581e-15,-0.00011550897766965,-0.00011550905641072,-4.2057786057218e-05,5.2533067352146e-42,8.2465875022401e-42,1.8977944784021e-11,0,329.01529668128,100000570.97848,-1.8324935780998e-13,0.0044022975219775,-0.0039327230272418,51.300663544436,1.6111162502954e-07,134.32358503472,117.40397993623
74.175000000001,7.4865846757681e-40,2.4956289988431e-40,3.5294011583856e-59,0.0059763951884392,1.7323630080198,0,1.5592089480459e-54,4.1880750308354e-34,-3.7565402995987e-24,4.7718535704643e-05,2.6303562741203e-24,-2.6304242904603e-24,-0.00010023703163351,-0.00010023696328418,6.7004426392469e-15,6.700566973523e-15,-2.6304005677309e-24,2.6303209918789e-24,-6.7004800249269e-15,-6.7005213975216e-15,-0.00010023743076196,-0.00010023749909261,-3.6497287942143e-05,2.8841852986948e-40,4.1880750308354e-40,1.8978238616784e-11,0,329.01529668128,100000570.97848,-1.8354773027196e-13,0.0043395937896608,-0.0038323340197678,55.446384947284,1.7424067873472e-07,145.21205519087,126.92264979294
74.275000000001,2.4820145797874e-38,8.2736932458125e-39,1.4328741195506e-57,0.0059763951884392,1.7323839884649,0,5.8897247205544e-53,1.5999988068399e-32,-3.2598846927937e-24,4.1409624734417e-05,2.2825944807552e-24,-2.2826535045931e-24,-8.6984602589797e-05,-8.6984543276995e-05,5.8145710288151e-15,5.8146789247436e-15,-2.2826329182674e-24,2.282563863211e-24,-5.8146034717004e-15,-5.8146393743867e-15,-8.6984948949114e-05,-8.6985008245703e-05,-3.1671948336022e-05,1.1845211813284e-38,1.5999988068399e-38,1.8977912995091e-11,0,329.01529668128,100000570.97848,-1.8386691941553e-13,0.0042768601339646,-0.0037319550892347,59.592212564828,1.8739182945966e-07,156.1051678834,136.445604
74.375000000001,6.4335392239294e-37,2.1445886376043e-37,4.5269576645599e-56,0.0059763951884392,1.7324049615761,0,1.7397362607016e-51,4.7791433577048e-31,-2.8288923751053e-24,3.5934820616852e-05,1.9808105901231e-24,-1.9808618103658e-24,-7.5484289233238e-05,-7.5484237762235e-05,5.0458213090435e-15,5.0459149399533e-15,-1.9808439457768e-24,1.9807840205523e-24,-5.0458494626255e-15,-5.0458806185851e-15,-7.5484589800075e-05,-7.5484641257008e-05,-2.7484571264304e-05,3.7851222952617e-37,4.7791433577048e-37,1.8978068083039e-11,0,329.01529668128,100000570.97848,-1.8413059740787e-13,0.0042140965279684,-0.00363158623362,63.738146866767,2.0056170943912e-07,167.00292516773,145.97284460759
74.475000000001,1.3452036488677e-35,4.4841607486266e-36,1.1489893592795e-54,0.0059763951884392,1.7324259273439,0,4.1459469898868e-50,1.1515241321142e-29,-2.4548819434073e-24,3.1183845326956e-05,1.7189258219207e-24,-1.7189702702885e-24,-6.5504442756579e-05,-6.5504398090604e-05,4.3787086883323e-15,4.3787899402144e-15,-1.7189547675931e-24,1.718902765137e-24,-4.3787331197036e-15,-4.3787601565054e-15,-6.5504703585201e-05,-6.5504748238966e-05,-2.3850811120561e-05,9.7155567239323e-36,1.1515241321142e-35,1.8977323765533e-11,0,329.01529668128,100000570.97848,-1.844081531881e-13,0.0041513029447144,-0.0035312274509014,67.884188323233,2.1373946754919e-07,177.90532910141,155.50437366861
74.575000000001,2.3278552820853e-34,7.759760333125e-35,2.4048185640603e-53,0.0059763951884392,1.732446885759,0,8.177926307475e-49,2.2962860761542e-28,-2.1303197707699e-24,2.7061000797636e-05,1.4916650769128e-24,-1.4917036487216e-24,-5.6844040851888e-05,-5.6844002091242e-05,3.7997956334508e-15,3.7998661429477e-15,-1.4916901956516e-24,1.4916450684874e-24,-3.7998168347284e-15,-3.79984029697e-15,-5.6844267196121e-05,-5.6844305946171e-05,-2.0697473707639e-05,2.0561845053104e-34,2.2962860761542e-34,1.897853066072e-11,0,329.01529668128,100000570.97848,-1.8470652564995e-13,0.004088479357205,-0.0034308787390576,72.030337404831,2.2694123360529e-07,188.81238174425,165.04019323847
74.675000000001,3.4057198078281e-33,1.1352735714101e-33,4.2416438050368e-52,0.0059763951884392,1.7324678368117,0,1.363920102655e-47,3.8713641666282e-27,-1.8486682579262e-24,2.3483241290214e-05,1.294450681528e-24,-1.2944841537229e-24,-4.9328638553246e-05,-4.9328604917181e-05,3.2974211996485e-15,3.2974823870207e-15,-1.2944724792955e-24,1.2944333184347e-24,-3.2974395978859e-15,-3.2974599581632e-15,-4.9328834972303e-05,-4.9328868599173e-05,-1.7961041899707e-05,3.6669081186324e-33,3.8713641666282e-33,1.8978187271615e-11,0,329.01529668128,100000570.97848,-1.8501877589966e-13,0.0040256257384038,-0.0033305400960674,76.176594582582,2.4015263836167e-07,199.72408515822,174.58030537491
74.775000000001,4.2886573534553e-32,1.4295926893664e-32,6.4208509456675e-51,0.0059763951884392,1.7324887804927,0,1.9580741663447e-46,5.6177399347152e-26,-1.6042541475492e-24,2.0378500618595e-05,1.1233101805777e-24,-1.1233392273832e-24,-4.2806854422208e-05,-4.2806825233198e-05,2.8614661462772e-15,2.8615192440113e-15,-1.1233290964425e-24,1.1232951130747e-24,-2.8614821120668e-15,-2.8614997804934e-15,-4.2807024872523e-05,-4.2807054053554e-05,-1.5586396227863e-05,5.611886792291e-32,5.6177399347152e-32,1.8977424392347e-11,0,329.01529668128,100000570.97848,-1.8526857610411e-13,0.0039627420612355,-0.0032302115199103,80.322960327968,2.5339159086055e-07,210.64044140748,184.12471213789
74.875000000001,4.7194027925083e-31,1.5731764437459e-31,8.4718033472412e-50,0.0059763951884392,1.7325097167925,0,2.4567021261013e-45,7.1238138092012e-25,-1.3921542488191e-24,1.7684240532636e-05,9.747963207837e-25,-9.748215272847e-25,-3.7147321297874e-05,-3.7147295967969e-05,2.4831491066907e-15,2.4831951843252e-15,-9.7481273576488e-25,9.7478324536902e-25,-2.4831629616289e-15,-2.4831782940967e-15,-3.7147469212797e-05,-3.7147494535778e-05,-1.3525704618278e-05,7.4853522245088e-31,7.1238138092012e-31,1.8978049466986e-11,0,329.01529668128,100000570.97848,-1.8557388745985e-13,0.0038998282985852,-0.0031298930085669,84.469435112913,2.6663437098085e-07,221.56145255839,193.67341558955
74.975000000001,4.5977637579599e-30,1.5326271581308e-30,9.8726009765971e-49,0.0059763951884392,1.7325306457016,0,2.7289497873667e-44,7.9975590579308e-24,-1.2080962704481e-24,1.5346191021079e-05,8.4591761335659e-25,-8.4593948728319e-25,-3.2236040191067e-05,-3.2236018210052e-05,2.1548497067076e-15,2.1548896923761e-15,-8.4593185809819e-25,8.4590626665437e-25,-2.1548617298717e-15,-2.1548750352201e-15,-3.2236168550024e-05,-3.2236190525031e-05,-1.1737458919071e-05,8.8178316088885e-30,7.9975590579308e-30,1.8977581362362e-11,0,329.01529668128,100000570.97848,-1.8586532102777e-13,0.0038368844233,-0.0030295845600176,88.616019409794,2.7990049871112e-07,232.48712067955,203.22641779406
75.075000000002,4.0101718740582e-29,1.3367567105697e-29,1.0278150295006e-47,0.0059763951884392,1.7325515672104,0,2.7140490503071e-43,8.038205878542e-23,-1.0483727646621e-24,1.3317257160171e-05,7.3407807695829e-25,-7.3409705891317e-25,-2.797408402257e-05,-2.7974064947684e-05,1.8699550687417e-15,1.8699897678686e-15,-7.3409043838966e-25,7.3406823041387e-25,-1.8699655023124e-15,-1.8699770485485e-15,-2.7974195411072e-05,-2.7974214480743e-05,-1.0185638808842e-05,9.2793221230835e-29,8.038205878542e-29,1.8977582907099e-11,0,329.01529668128,100000570.97848,-1.8612206012618e-13,0.0037739104081866,-0.0029292861722436,92.762713691431,2.9317701976824e-07,243.41744784172,212.78372081768
75.175000000002,3.1619702599754e-28,1.0540148510338e-28,9.6544636728021e-47,0.0059763951884392,1.7325724813095,0,2.4402699275094e-42,7.3036389513068e-22,-9.0976644872646e-25,1.1556570488829e-05,6.3702494730255e-25,-6.3704141963592e-25,-2.4275604952206e-05,-2.4275588399229e-05,1.6227266097622e-15,1.6227567212861e-15,-6.3703567441784e-25,6.3701640257872e-25,-1.6227356639011e-15,-1.6227456835988e-15,-2.4275701613933e-05,-2.4275718162386e-05,-8.8389862456202e-06,8.8100951325952e-28,7.3036389513068e-28,1.897849421241e-11,0,329.01529668128,100000570.97848,-1.8642043258799e-13,0.0037109062260121,-0.0028289978432274,96.909518431109,3.0648526236248e-07,254.3524361179,222.34532672868
75.275000000002,2.2731057853186e-27,7.5771903164273e-28,8.2533483245308e-46,0.0059763951884392,1.7325933879892,0,2.0005174073968e-41,6.0504346583993e-21,-7.8948539978062e-25,1.0028665802348e-05,5.5280330011663e-25,-5.5281759462784e-25,-2.1066105160766e-05,-2.1066090796273e-05,1.4081844500159e-15,1.4082105804678e-15,-5.5281260899026e-25,5.527958850985e-25,-1.4081923070988e-15,-1.4082010020832e-15,-2.1066189042759e-05,-2.1066203403325e-05,-7.670375841566e-06,7.612306313587e-27,6.0504346583993e-27,1.8976679830763e-11,0,329.01529668128,100000570.97848,-1.8671186615586e-13,0.0036478718495054,-0.0027287195709518,101.05643410254,3.1980153747463e-07,265.2920875833,231.91123759733
75.375000000002,1.5010329518768e-26,5.0035518585621e-27,6.4703037791809e-45,0.0059763951884392,1.7326142872401,0,1.5065056108677e-40,4.604077213986e-20,-6.8510681762255e-25,8.7027667829648e-06,4.7971667344246e-25,-4.7972907806336e-25,-1.8280936253419e-05,-1.8280923788069e-05,1.222007104177e-15,1.2220297798981e-15,-4.7972475158145e-25,4.7971023877062e-25,-1.2220139224679e-15,-1.2220214678805e-15,-1.8281009045297e-05,-1.828102150724e-05,-6.6562684810188e-06,6.0315492728699e-26,4.604077213986e-26,1.8977564575129e-11,0,329.01529668128,100000570.97848,-1.8701717751153e-13,0.003584807251355,-0.0026284513533999,105.20346117991,3.3313369418351e-07,276.23640431535,241.48145549589
75.475000000002,9.1650240246576e-26,3.0550719696709e-26,4.6830696013887e-44,0.0059763951884392,1.7326351790526,0,1.049024266189e-39,3.2394512768433e-19,-5.9452822266673e-25,7.5521660778592e-06,4.1629289609912e-25,-4.1630366069381e-25,-1.5863997058364e-05,-1.5863986241069e-05,1.0604444344221e-15,1.0604641121655e-15,-4.1629990622001e-25,4.1628731216109e-25,-1.0604503512605e-15,-1.0604568990873e-15,-1.5864060226361e-05,-1.58640710407e-05,-5.77623717619e-06,4.412037039236e-25,3.2394512768433e-25,1.8977181495328e-11,0,329.01529668128,100000570.97848,-1.8729473329164e-13,0.0035217124042103,-0.0025281931885553,109.35060013784,3.464806341664e-07,287.1853883937,251.05598249858
75.575000000002,5.2046649467631e-25,1.734923375275e-25,3.1480367384451e-43,0.0059763951884392,1.7326560634171,0,6.7940420142593e-39,2.1199036313268e-18,-5.1592510606425e-25,6.5536873375958e-06,3.6125443399535e-25,-3.612637753932e-25,-1.3766603590705e-05,-1.3766594203574e-05,9.2024211205724e-16,9.2025918818833e-16,-3.6126051730179e-25,3.6124958831485e-25,-9.2024724662507e-16,-9.2025292875771e-16,-1.3766658407204e-05,-1.3766667791769e-05,-5.0125556099102e-06,2.9973697376109e-24,2.1199036313268e-24,1.8977619574215e-11,0,329.01529668128,100000570.97848,-1.875653501778e-13,0.0034585872806809,-0.0024279450744026,113.49785145142,3.5984812579305e-07,298.13904190024,260.63482068161
75.675000000002,2.7633499695901e-24,9.2113464789612e-25,1.9758954791924e-42,0.0059763951884392,1.732676940324,0,4.1140139385541e-38,1.2970142637764e-17,-4.4771417893919e-25,5.6872183789598e-06,3.134926569831e-25,-3.1350076334625e-25,-1.1946508419432e-05,-1.1946500273382e-05,7.9857606614249e-16,7.9859088462277e-16,-3.1349793601007e-25,3.1348845195442e-25,-7.9858052186444e-16,-7.9858545275716e-16,-1.1946555988592e-05,-1.1946564132415e-05,-4.3498410775113e-06,1.9012770137449e-23,1.2970142637764e-23,1.8977652009832e-11,0,329.01529668128,100000570.97848,-1.8782902816995e-13,0.0033954318533363,-0.0023277070089269,117.64521559618,3.7323478500823e-07,309.09736691907,270.21797212313
75.775000000002,1.37814370622e-23,4.5938991856176e-24,1.1635198715261e-41,0.0059763951884392,1.7326978097637,0,2.340068757025e-37,7.4539917496845e-17,-3.8852148047671e-25,4.9353060687535e-06,2.7204550791364e-25,-2.7205254252715e-25,-1.0367049684774e-05,-1.0367042615721e-05,6.9299559872305e-16,6.9300845803858e-16,-2.7205008899566e-25,2.7204185883562e-25,-6.9299946534995e-16,-6.9300374432487e-16,-1.0367090964772e-05,-1.0367098031893e-05,-3.7747446356863e-06,1.1314259566862e-22,7.4539917496845e-23,1.8977767955347e-11,0,329.01529668128,100000570.97848,-1.8814127841959e-13,0.0033322460947066,-0.002227478990114,121.79269304814,3.8663772861912e-07,320.06036553655,279.80543890326
75.875000000002,6.4832890753913e-23,2.1611359350662e-23,6.4555207201241e-41,0.0059763951884392,1.7327186717266,0,1.2555749535369e-36,4.0408743451147e-16,-3.3715470246986e-25,4.2828047683642e-06,2.3607812408813e-25,-2.36084228649e-25,-8.9964126247255e-06,-8.9964064902784e-06,6.013740208465e-16,6.0138518002025e-16,-2.3608209950113e-25,2.3607495745803e-25,-6.0137737626315e-16,-6.013810895109e-16,-8.9964484470577e-06,-8.9964545798279e-06,-3.2756822170422e-06,6.3437411829802e-22,4.0408743451147e-22,1.8976920369062e-11,0,329.01529668128,100000570.97848,-1.884049564118e-13,0.0032690299772821,-0.0021272610159501,125.94028428372,4.0006089462092e-07,331.02803984127,289.39722310408
75.975000000002,2.887933125784e-22,9.6266147394344e-23,3.387792563425e-40,0.0059763951884392,1.7327395262031,0,6.379044456518e-36,2.0742097253066e-15,-2.9257917286301e-25,3.7165712577458e-06,2.0486602076367e-25,-2.0487131823499e-25,-7.8069887357128e-06,-7.8069834123065e-06,5.2186581503282e-16,5.2187549884206e-16,-2.048694705837e-25,2.0486327279661e-25,-5.2186872682678e-16,-5.2187194914268e-16,-7.8070198219419e-06,-7.807025143893e-06,-2.842601294204e-06,3.3642215858623e-21,2.0742097253066e-21,1.8977541179672e-11,0,329.01529668128,100000570.97848,-1.8862006214667e-13,0.0032057834735124,-0.0020270530844223,130.08798977985,4.1349385479543e-07,342.00039192406,298.99332680963
76.075000000002,1.2222572567494e-21,4.0742611166114e-22,1.6875324158559e-39,0.0059763951884392,1.7327603731835,0,3.07935490559e-35,1.0116114761686e-14,-2.5389701453216e-25,3.2251999935453e-06,1.7778049798279e-25,-1.7778509507062e-25,-6.7748196587251e-06,-6.7748150391313e-06,4.5286946131319e-16,4.5287786481721e-16,-1.7778349169898e-25,1.7777811332696e-25,-4.5287198813622e-16,-4.528747844268e-16,-6.7748466350157e-06,-6.7748512533467e-06,-2.4667783932951e-06,1.6934251130632e-20,1.0116114761686e-20,1.8977568740792e-11,0,329.01529668128,100000570.97848,-1.8887680124493e-13,0.003142506555808,-0.0019268551935177,134.23581001389,4.2695025249345e-07,352.977423878,308.59375210587
76.175000000002,4.9303532425379e-21,1.6434786243114e-21,8.0042312415534e-39,0.0059763951884392,1.7327812126582,0,1.4168065123001e-34,4.70234795805e-14,-2.2032905949874e-25,2.7987933679675e-06,1.5427597677721e-25,-1.5427996607987e-25,-5.879114587611e-06,-5.8791105787782e-06,3.9299517798324e-16,3.9300247045235e-16,-1.5427857469146e-25,1.5427390739889e-25,-3.929973707327e-16,-3.9299979732316e-16,-5.879137997342e-06,-5.8791420050788e-06,-2.1406433775698e-06,8.1165731278265e-20,4.70234795805e-20,1.8978022536323e-11,0,329.01529668128,100000570.97848,-1.8913354034324e-13,0.003079199196539,-0.0018266673412246,138.38374546367,4.4041978233407e-07,363.95913779842,318.19850108078
76.275000000002,1.9009427208669e-20,6.3365790338616e-21,3.6255918404917e-38,0.0059763951884392,1.7328020446175,0,6.2307903624211e-34,2.0892546377666e-13,-1.9119915426893e-25,2.4287623375951e-06,1.3387900965457e-25,-1.3388247152791e-25,-5.1018314721687e-06,-5.101827993349e-06,3.4103692700357e-16,3.4104325532868e-16,-1.3388126409622e-25,1.3387721387064e-25,-3.4103882984762e-16,-3.4104093561634e-16,-5.1018517868791e-06,-5.1018552647478e-06,-1.8576269593996e-06,3.715051814461e-19,2.0892546377666e-19,1.8977607673556e-11,0,329.01529668128,100000570.97848,-1.8936252386592e-13,0.0030158613680349,-0.0017264895255316,142.53179660747,4.5390162251689e-07,374.94553578292,327.80757582423
76.375000000002,7.0236785169347e-20,2.3412633288174e-20,1.5724646210211e-37,0.0059763951884392,1.7328228690517,0,2.6259476681646e-33,8.8955459891765e-13,-1.6592054012733e-25,2.1076533937561e-06,1.1617874398312e-25,-1.1618174815905e-25,-4.4273135540007e-06,-4.4273105351257e-06,2.9594811905688e-16,2.9595361070827e-16,-1.16180700363e-25,1.1617718562141e-25,-2.9594977032416e-16,-2.9595159768725e-16,-4.4273311828899e-06,-4.4273342009397e-06,-1.6120283596279e-06,1.6281481093674e-18,8.8955459891765e-19,1.8977125832901e-11,0,329.01529668128,100000570.97848,-1.8960538517637e-13,0.0029524930425852,-0.0016263217444283,146.67996392406,4.6740766351061e-07,385.93661993134,337.42097842811
76.475000000002,2.4928668952358e-19,8.3096848063289e-20,6.546059093549e-37,0.0059763951884392,1.7328436859512,0,1.0630977637145e-32,3.6382520094134e-12,-1.4398403390874e-25,1.8289983413843e-06,1.0081864608386e-25,-1.0082125307502e-25,-3.8419738136354e-06,-3.8419711939164e-06,2.5682052466453e-16,2.5682529025923e-16,-1.0082034380904e-25,1.0081729375458e-25,-2.5682195761613e-16,-2.5682354338171e-16,-3.841989111814e-06,-3.841991730817e-06,-1.3989004125099e-06,6.8488022811887e-18,3.6382520094134e-18,1.8977700988676e-11,0,329.01529668128,100000570.97848,-1.8984824648689e-13,0.002889094192438,-0.0015261639959044,150.82824789265,4.8093268492227e-07,396.9323923458,347.03871098622
76.575000000002,8.5176962080397e-19,2.8392748761569e-19,2.6214668906447e-36,0.0059763951884392,1.7328644953061,0,4.1433733776365e-32,1.4325236066481e-11,-1.2494777067802e-25,1.5871836850869e-06,8.748931898198e-26,-8.7491581300669e-26,-3.3340206043245e-06,-3.3340183310694e-06,2.228659509304e-16,2.2287008645959e-16,-8.7490792249594e-26,8.7488145445418e-26,-2.2286719442961e-16,-2.2286857053901e-16,-3.3340338799981e-06,-3.3340361526317e-06,-1.2139496693972e-06,2.7713780952766e-17,1.4325236066481e-17,1.8977535043817e-11,0,329.01529668128,100000570.97848,-1.9008416890342e-13,0.0028256647898034,-0.0014260162779505,154.9766489929,4.9447701448947e-07,407.93285513068,356.66077559437
76.675000000002,2.8074202187885e-18,9.3582050636393e-19,1.0119654465828e-35,0.0059763951884392,1.7328852971068,0,1.5577679403073e-31,5.4409418007165e-11,-1.0842829996447e-25,1.3773363700319e-06,7.5922267926728e-26,-7.5924231142961e-26,-2.8932176405591e-06,-2.8932156682638e-06,1.9340025902468e-16,1.9340384778446e-16,-7.5923546413115e-26,7.5921249544627e-26,-1.9340133811759e-16,-1.9340253228772e-16,-2.893229161349e-06,-2.893231133105e-06,-1.0534490192861e-06,1.0810086086583e-16,5.4409418007165e-17,1.897677199372e-11,0,329.01529668128,100000570.97848,-1.9036172468337e-13,0.0027622048068485,-0.0013258785885573,159.12516770496,5.0803422758575e-07,418.93801039263,366.28717435029
76.775000000002,8.9424862064061e-18,2.9808715514273e-18,3.7728218381443e-35,0.0059763951884392,1.7329060913436,0,5.6601211757978e-31,1.9971763876355e-10,-9.4092850306972e-26,1.1952214485541e-06,6.5884483970816e-26,-6.5886187631157e-26,-2.5106690375099e-06,-2.510667327474e-06,1.6782920809102e-16,1.6783232235021e-16,-6.5885593430322e-26,6.58836002304e-26,-1.6783014450809e-16,-1.6783118078621e-16,-2.5106790362346e-06,-2.5106807458023e-06,-9.1415945773333e-07,4.0722789531617e-16,1.9971763876355e-16,1.8976678065928e-11,0,329.01529668128,100000570.97848,-1.9057683041818e-13,0.0026987142157011,-0.0012257509257176,163.27380450944,5.2161143321267e-07,429.94786024058,375.91790935373
76.875000000002,2.7574445644338e-17,9.1916108646216e-18,1.3608386351262e-34,0.0059763951884392,1.7329268780067,0,1.9909877571167e-30,7.096998479003e-10,-8.1652586973271e-26,1.0371425599804e-06,5.7173722977402e-26,-5.7175201404701e-26,-2.1786102595105e-06,-2.1786087808689e-06,1.4563519840363e-16,1.4563790082476e-16,-5.7174685764607e-26,5.7172956078751e-26,-1.4563601098729e-16,-1.4563691022312e-16,-2.1786189401971e-06,-2.1786204184316e-06,-7.9325409639683e-07,1.4841629386287e-15,7.096998479003e-16,1.8977380500564e-11,0,329.01529668128,100000570.97848,-1.9080581394086e-13,0.0026351929884479,-0.0011256332874228,167.42255988741,5.3519608149737e-07,440.96240678574,385.55298270637
76.975000000002,8.2430820532614e-17,2.7477317025059e-17,4.7565398950941e-34,0.0059763951884381,1.7329476570864,0,6.7908180049352e-30,2.445343937485e-09,-7.0856665651778e-26,8.9982055944992e-07,4.9614341972657e-26,-4.9615624967618e-26,-1.8901531673694e-06,-1.8901519024347e-06,1.2636256917818e-16,1.2636491396296e-16,-4.9615177503903e-26,4.9613676472026e-26,-1.2636327422832e-16,-1.2636405445277e-16,-1.8901607136922e-06,-1.890161978271e-06,-6.8822574379044e-07,5.241626360295e-15,2.445343937485e-15,1.8977864382323e-11,0,329.01529668128,100000570.97848,-1.9104867525125e-13,0.0025716410971336,-0.0010255256716658,171.5714343204,5.4880300278514e-07,451.98165214158,395.19239651187
77.075000000003,2.3913360989379e-16,7.9712271491784e-17,1.6135175752106e-33,0.0059763951884348,1.7329684285728,0,2.2491963502447e-29,8.1818875390197e-09,-6.1486772908881e-26,7.8017713453437e-07,4.3053476334782e-26,-4.3054589808376e-26,-1.6388314803988e-06,-1.6388304433899e-06,1.0959462608855e-16,1.0959665968822e-16,-4.3054201514735e-26,4.3052898839498e-26,-1.0959523757961e-16,-1.0959591423325e-16,-1.6388380731555e-06,-1.6388391098469e-06,-5.967226965104e-07,1.7965737534163e-14,8.1818875390197e-15,1.8977715225797e-11,0,329.01529668128,100000570.97848,-1.9123602541049e-13,0.0025080585137645,-0.00092542807644049,175.72042829034,5.6243366603589e-07,463.00559842365,404.83615287565
77.175000000003,6.7295141846182e-16,2.2432006878726e-16,5.3193957396354e-33,0.005976395188425,1.7329891924562,0,7.2440358026016e-29,2.6620226565093e-08,-5.3351475003619e-26,6.7480442317374e-07,3.7357082792894e-26,-3.735804938667e-26,-1.4174866450545e-06,-1.4174859417842e-06,9.4901982696773e-17,9.4903743536522e-17,-3.7357712463815e-26,3.7356581710227e-26,-9.4902512205962e-17,-9.4903098022305e-17,-1.4174925084575e-06,-1.4174932114242e-06,-5.1614702500842e-07,5.9844848090131e-14,2.6620226565093e-14,1.8977069215801e-11,0,329.01529668128,100000570.97848,-1.9149276450879e-13,0.0024444452103026,-0.00082534049974121,179.86954227958,5.7608837776214e-07,474.03424774969,414.48425390506
77.275000000003,1.8274666911893e-15,6.0916322518468e-16,1.7065667303782e-32,0.0059763951883945,1.7330099487268,0,2.2716271235791e-28,8.4327682714166e-08,-4.6278600171425e-26,5.7847560595572e-07,3.2404605445128e-26,-3.2405445280719e-26,-1.2151391518097e-06,-1.215139161886e-06,8.1701792924452e-17,8.1703308432341e-17,-3.2405153010825e-26,3.2404170805428e-26,-8.1702248772366e-17,-8.1702752712331e-17,-1.2151446866061e-06,-1.2151446761778e-06,-4.4252715558806e-07,1.9398928250457e-13,8.4327682714166e-14,1.8976656953628e-11,0,329.01529668128,100000570.97848,-1.9170787024361e-13,0.0023808011586662,-0.00072526293956212,184.01877677056,5.8975049671244e-07,485.06760223871,424.13670170854
77.375000000003,4.6809803397508e-15,1.5603447761553e-15,5.3343929135601e-32,0.0059763951883008,1.7330306973747,0,6.9440818538904e-28,2.6040362342143e-07,-4.0100768403497e-26,4.7983849575373e-07,2.8078843599205e-26,-2.8079575537006e-26,-1.0079423923182e-06,-1.0079443090849e-06,6.8852728638368e-17,6.8854004511658e-17,-2.8079322241904e-26,2.8078467022824e-26,-6.8853112763667e-17,-6.8853536213057e-17,-1.007948562039e-06,-1.0079466446954e-06,-3.6725824686213e-07,6.1266985069098e-13,2.6040362342143e-13,1.8977641599518e-11,0,329.01529668128,100000570.97848,-1.9192991487233e-13,0.0023171263307237,-0.00062519539389931,188.16813224517,6.0342693977278e-07,496.10566400931,433.79349839412
77.475000000003,1.0261888780472e-14,3.4206566512905e-15,1.62645191419e-31,0.0059763951880164,1.7330514383901,0,2.0715626651943e-27,7.8474146415264e-07,-3.4620615663095e-26,3.4906348653358e-07,2.4241601498565e-26,-2.4242245940633e-26,-7.3323566538049e-07,-7.3324305602037e-07,5.3489485272977e-17,5.3490472402834e-17,-2.4242027137919e-26,2.4241276511831e-26,-5.3489783586236e-17,-5.3490108673686e-17,-7.3324510146326e-07,-7.3323770950902e-07,-2.6775149878574e-07,1.8874132111302e-12,7.8474146415264e-13,1.8977565185879e-11,0,329.01529668128,100000570.97848,-1.9213114281935e-13,0.0022534206982778,-0.00052513786074767,192.3176091827,6.1712439628013e-07,507.14843517422,443.45464606467
77.575000000003,8.9203339739174e-15,2.9733485534461e-15,4.8423260835937e-31,0.0059763951871716,1.7330721717631,0,6.037259608953e-27,2.3102666184534e-06,-2.9519244003428e-26,1.030635882886e-07,2.0669584380533e-26,-2.0670170405157e-26,-2.1648462214874e-07,-2.1650783138119e-07,2.7722496448762e-17,2.7722994584477e-17,-2.0669983482183e-26,2.0669307653882e-26,-2.7722650721828e-17,-2.7722806327878e-17,-2.1650472324314e-07,-2.1648151048714e-07,-8.1100867205624e-08,5.6775555177328e-12,2.3102666184534e-12,1.8976405326087e-11,0,329.01529668128,100000570.97848,-1.9231155408463e-13,0.0021896842330105,-0.00042509033810439,196.46720805428,6.3084877032157e-07,518.19591782542,453.1201468049
77.675000000003,-1.2218669405218e-13,-4.0730480351293e-14,1.4091475446052e-30,0.00597639518472,1.7330928974836,0,1.7205400155283e-26,6.6508666320228e-06,-2.4110973187269e-26,-4.9041396777929e-07,1.6882673644271e-26,-1.6883257843958e-26,1.0301859604121e-06,1.0301176520098e-06,-3.0520794302268e-17,-3.0521408425027e-17,-1.6883104116837e-26,1.68824487031e-26,3.0520965787646e-17,3.0521199912053e-17,1.0301345177758e-06,1.0302028360604e-06,3.6854543105608e-07,1.6693325240732e-11,6.6508666320228e-12,1.8977824085937e-11,0,329.01529668128,100000570.97848,-1.9254053760722e-13,0.0021259169063529,-0.00032505282396666,200.61692930713,6.4460562196926e-07,529.24811399225,462.79000264464
77.775000000003,-1.4544723872703e-12,-4.8483852989008e-13,4.0119448051807e-30,0.0059763951777587,1.7331136155413,0,4.7992275932138e-26,1.8740169192735e-05,-1.6691995019764e-26,-2.0717872525237e-06,1.1687849524908e-26,-1.1688565663243e-26,4.3520520035121e-06,4.3518575130387e-06,-1.8239159727451e-16,-1.8239511889278e-16,-1.1688456113579e-26,1.1687697028437e-26,1.8239261836061e-16,1.8239387564955e-16,4.3519123749809e-06,4.3521068931606e-06,1.5661504846808e-06,4.8019518924405e-11,1.8740169192735e-11,1.8976815501298e-11,0,329.01529668128,100000570.97848,-1.9272094887256e-13,0.0020621186891113,-0.00022502531633228,204.76677332228,6.5840998680452e-07,540.30502552848,472.46421546012
77.875000000003,-1.235347112776e-11,-4.1179376993255e-12,1.118488114382e-29,0.0059763951583989,1.7331343259248,0,1.3113964716928e-25,5.1727580791027e-05,-2.8386859160215e-27,-6.3749846381064e-06,1.9876562587037e-27,-1.9888443529451e-27,1.3391439888444e-05,1.3390899266586e-05,-5.9443415481399e-16,-5.9444557074351e-16,-1.9888149755104e-27,1.9876414356742e-27,5.9443748110116e-16,5.9444152003226e-16,1.3391058722316e-05,1.3391599420753e-05,4.8249522064651e-06,1.3525954976663e-10,5.1727580791027e-11,1.8976681634628e-11,0,329.01529668128,100000570.97849,-1.9289442124398e-13,0.0019982895504933,-0.00012500781319922,208.91674030203,6.723193006202e-07,551.36665381197,482.14278671104
77.975000000003,-9.4422385592739e-11,-3.1474973450336e-11,3.0559414421326e-29,0.0059763951056282,1.7331550286204,0,3.5132176620173e-25,0.00013998316376703,2.8957352227847e-26,-1.800574544617e-05,-2.0276176390953e-26,2.0273640290814e-26,3.7823260521559e-05,3.7821788757239e-05,-1.7118018502938e-15,-1.7118346770953e-15,2.027348847757e-26,-2.0275872307898e-26,1.7118114278284e-15,1.711823013053e-15,3.7822231946276e-05,3.7823703918512e-05,1.3633776982486e-05,3.7338066571237e-10,1.3998316376703e-10,1.8976844671786e-11,0,329.01529668128,100000570.97849,-1.9302626025188e-13,0.0019344294555641,-2.500031256701e-05,213.06682997745,6.8648237876222e-07,562.43299896356,491.82571675704
78.075000000003,-6.8183485420358e-10,-2.2728426759967e-10,8.1890640850837e-29,0.005976394964532,1.7331757236083,0,9.23456082469e-25,0.00037167574250014,1.0828119068994e-25,-4.8969615727499e-05,-7.5819346395387e-26,7.5813222663356e-26,0.00010286660639091,0.00010286267663136,-4.7022595117876e-15,-4.7023496392892e-15,7.5812621473174e-26,-7.5818243964481e-26,4.702285819673e-15,4.7023175993056e-15,0.00010286387607333,0.00010286780638704,3.7088158156857e-05,1.0108944700915e-09,3.7167574250014e-10,1.8975807549229e-11,0,329.01529668129,100000570.97849,-1.9323442709276e-13,0.0018705383587708,7.4997187565239e-05,217.21704086131,7.0125803362836e-07,573.50405785117,501.51300311105
78.175000000003,-4.7185145346277e-09,-1.572878923097e-09,2.1538623277002e-28,0.0059763945942105,1.7331964108532,0,2.3833081782609e-24,0.00096893567570262,3.0998104704734e-25,-0.00012999357409311,-2.1705116014418e-25,2.1703580529226e-25,0.00027306717718104,0.00027305687626858,-1.2573844761076e-14,-1.257408570337e-14,2.1703406348321e-25,-2.1704802560489e-25,1.2573915106631e-14,1.2574000029123e-14,0.00027306005536146,0.0002730703577244,9.847063632354e-05,2.6862323015592e-09,9.6893567570262e-10,1.8976530394213e-11,0,329.0152966813,100000570.97851,-1.935119828727e-13,0.001806616187719,0.00017498468919714,221.36736837539,7.1760869163447e-07,584.57981908431,511.20463605852
78.275000000003,-3.145517959176e-08,-1.048532751228e-08,5.5641189679274e-28,0.0059763936394909,1.7332170902809,0,6.0435405669378e-24,0.0024817029671831,8.2024945157784e-25,-0.00033834030682534,-5.7434508078901e-25,5.743065026391e-25,0.00071072447197693,0.00071069794573149,-3.2939635727869e-14,-3.294026682396e-14,5.7430187616466e-25,-5.7433680434415e-25,3.2939820008559e-14,3.2940042384335e-14,0.00071070621577867,0.00071073274575434,0.00025633333542185,7.0105557842064e-09,2.4817029671831e-09,1.8975783815995e-11,0,329.01529668134,100000570.97855,-1.938450498039e-13,0.0017426628032655,0.00027496219432822,225.51780023678,7.3784460959126e-07,595.66025067746,520.90058786072
78.375000000003,-2.0247285877554e-07,-6.7492651482245e-08,1.4127064726792e-27,0.0059763912203309,1.7332377617232,0,1.5066997853933e-23,0.00624848238727,2.0945693303888e-24,-0.00086497484657554,-1.4666338077224e-24,1.4665378780428e-24,0.0018169832749928,0.0018169161296007,-8.4742949384842e-14,-8.4744572782837e-14,1.4665260463281e-24,-1.4666126912709e-24,8.4743423472167e-14,8.4743995373858e-14,0.001816937266762,0.0018170044215854,0.000655415918714,1.7979725734235e-08,6.2484823872701e-09,1.8976615551931e-11,0,329.01529668145,100000570.97866,-1.9415730005319e-13,0.0016786779030079,0.00037492970495704,229.66830528644,7.6761649279852e-07,606.74527016483,530.60078659875
78.475000000003,-1.2600842375872e-06,-4.2003850302353e-07,3.5273429950929e-27,0.0059763851925896,1.7332584247843,0,3.695252379981e-23,0.015472235525584,5.2291538746129e-24,-0.0021739901530734,-3.6614943695524e-24,3.6612591728535e-24,0.0045667259215127,0.0045665587846247,-2.1435254547819e-13,-2.1435665129839e-13,3.6612296118297e-24,-3.661441674829e-24,2.1435374464037e-13,2.1435519077691e-13,0.0045666118931087,0.0045667790534459,0.0016475210102577,4.5333868568477e-08,1.5472235525584e-08,1.8977403561626e-11,0,329.0152966817,100000570.97893,-1.943724057874e-13,0.0016146607918492,0.00047488722308135,233.81880689665,8.2040791480139e-07,617.83467343124,540.30505388412
78.575000000003,-7.5866359005161e-06,-2.5289405037245e-06,8.6661025427817e-27,0.0059763704199058,1.7332790785314,0,8.9202919275045e-23,0.037683081221475,1.2820785090934e-23,-0.005374199005453,-8.9772137802691e-24,8.9766457550474e-24,0.011289144799293,0.011288735652501,-5.3347975724707e-13,-5.3348997467118e-13,8.9765732392872e-24,-8.9770846223717e-24,5.3348274168627e-13,5.33486339739e-13,0.011288866849439,0.01128927605356,0.004073297233116,1.1239151308901e-07,3.7683081221475e-08,1.8977509992782e-11,0,329.01529668233,100000570.97958,-1.9463608377785e-13,0.0015506098462631,0.00057483475069882,237.96912079568,9.2780201766635e-07,628.92796824036,550.01295915367
78.675000000003,-4.4169196577745e-05,-1.4723420251507e-05,2.0959800897984e-26,0.0059763348163419,1.7332997207862,0,2.1204813839183e-22,0.09023074753658,3.092660849776e-23,-0.01306699399217,-2.1655052558172e-23,2.1653701283594e-23,0.02744877153658,0.027447787129902,-1.307129591966e-12,-1.3071546239488e-12,2.1653526280798e-23,-2.1654741078316e-23,1.3071369043841e-12,1.3071457176924e-12,0.027448105611374,0.02744909015578,0.0099053094505979,2.7384857391432e-07,9.0230747536581e-08,1.8978386953827e-11,0,329.01529668385,100000570.98115,-1.9493445623525e-13,0.0014865212889315,0.0006747722898063,242.11881266606,1.1618399154722e-06,640.0239927925,559.72348580285
78.775000000003,-0.00024802869727604,-8.2678188457807e-05,4.9921465643134e-26,0.0059762505329491,1.7333203465482,0,4.9654334019632e-22,0.21203781683726,7.3461685567296e-23,-0.031224764154762,-5.143844520031e-23,5.1435278371203e-23,0.065591309318868,0.065588986302165,-3.1544456140518e-12,-3.1545060161745e-12,5.1434862495707e-23,-5.1437705502645e-23,3.1544632609201e-12,3.1544845232436e-12,0.06558974447208,0.065592067813202,0.023673169778897,6.5459476310487e-07,2.1203781683726e-07,1.8978418489669e-11,0,329.01529668744,100000570.98488,-1.9525364536829e-13,0.0014223864631022,0.00077469984240008,246.26688095053,1.6805462852278e-06,651.1200656923,569.43428715686
78.875000000003,-0.0013340617505247,-0.00044469751200505,1.1710236751935e-25,0.0059760552006938,1.733340944646,0,1.1454812205693e-21,0.48681253489797,1.7190386295655e-22,-0.073151710532702,-1.2036842516097e-22,1.2036111356741e-22,0.15366377867711,0.15365843010739,-7.4998145788834e-12,-7.4999581704649e-12,1.2036013993368e-22,-1.2036669467649e-22,7.4998565362103e-12,7.4999070712346e-12,0.15366019105713,0.15366554037211,0.055470175412078,1.5279740588032e-06,4.8681253489799e-07,1.8979536643085e-11,0,329.0152966958,100000570.99351,-1.9550344554886e-13,0.0013581860396855,0.00087461741047618,250.41108166501,2.8058770472787e-06,662.21017567209,579.14010191319
78.975000000004,-0.0067651924658147,-0.0022551141675388,2.7043056528474e-25,0.0059756153678378,1.7333614912213,0,2.6023415581596e-21,1.0810366261818,3.9630102990991e-22,-0.16705122456707,-2.7749306980801e-22,2.7747644691663e-22,0.35091063020692,0.35089875310095,-1.7566758857583e-11,-1.7567095145215e-11,2.7747420099621e-22,-2.7748908163857e-22,1.7566857141862e-11,1.7566975461184e-11,0.35090269863253,0.35091457738731,0.12670428347934,3.4473673086085e-06,1.0810366261819e-06,1.8980478833235e-11,0,329.01529671467,100000571.01294,-1.9578794016935e-13,0.0012938787443858,0.000974524996029,254.54661196596,5.0963319456101e-06,673.28145002636,588.82966287436
79.075000000004,-0.031339359615861,-0.010446669287775,6.1407963878034e-25,0.0059746679708858,1.7333819393297,0,5.8151985751098e-21,2.2764362598342,8.9961660367581e-22,-0.36748861629237,-6.2991855333516e-22,6.2988138851815e-22,0.77195234708506,0.77192748111576,-4.051391024881e-11,-4.0514685686221e-11,6.2987628586516e-22,-6.2990950383986e-22,4.0514136962199e-11,4.0514409686312e-11,0.77193582095803,0.77196069035754,0.27883561036819,7.3673452637577e-06,2.2764362598346e-06,1.8982764428367e-11,0,329.01529675555,100000571.0548,-1.9600304579026e-13,0.0012293833614151,0.0010744226010535,258.66400199502,9.1728944157483e-06,684.30849425825,598.48074227021
79.175000000004,-0.12575436760638,-0.04191888931433,1.3678268169449e-24,0.0059727682926581,1.7334022097867,0,1.2751721013142e-20,4.4000287480297,2.008163978236e-21,-0.76291436426937,-1.4061320469209e-21,1.4060505407042e-21,1.6025883417215,1.6025410599899,-9.1871307040164e-11,-9.1873065032862e-11,1.4060391354793e-21,-1.4061118585251e-21,9.1871821338448e-11,9.1872439268087e-11,1.6025570901773,1.6026043783658,0.57920652304926,1.4425860173469e-05,4.4000287480309e-06,1.8988897151436e-11,0,329.01529683824,100000571.13875,-1.9627366245496e-13,0.0011645628736863,0.0011743102275433,262.74723809264,1.4745447404912e-05,695.24833956467,608.05572907226
79.275000000004,-0.40930439366221,-0.13643684500521,2.9791295399414e-24,0.0059693496340105,1.7334222020446,0,2.7353860845926e-20,7.5128302823267,4.3982379253564e-21,-1.45428535058,-3.0796803860443e-21,3.0795056200577e-21,3.0548875516515,3.054809419855,-2.0436853916953e-10,-2.0437244860202e-10,3.0794805921521e-21,-3.0796362075477e-21,2.0436968397177e-10,2.0437105694564e-10,3.0548362430629,3.0549143853859,1.1050079699902,2.488941179055e-05,7.5128302823292e-06,1.8998985389398e-11,0,329.0152969889,100000571.28981,-1.9652346229072e-13,0.0010992432360896,0.0012741878774916,266.77590587893,1.9291129961522e-05,706.04615612457,617.50662901424
79.375000000004,-1.035944109169,-0.34531865917694,6.3301511322195e-24,0.0059639848073343,1.7334418409713,0,5.7272501725657e-20,11.108992709927,9.428420941416e-21,-2.489240762281,-6.601853530057e-21,6.6014879572889e-21,5.2289178896047,5.2288083186823,-4.4485362543805e-10,-4.4486213228064e-10,6.6014341683511e-21,-6.6017589233879e-21,4.4485611970741e-10,4.448591039583e-10,5.2288464627822,5.2289560482685,1.89322500554,3.7081863662235e-05,1.110899270993e-05,1.9006034759705e-11,0,329.01529722873,100000571.52686,-1.9684958982847e-13,0.0010332942692758,0.0013740555528911,270.7346032493,1.9937250811475e-05,716.6604740903,626.79713761049
79.475000000004,-2.070950198927,-0.69032259761824,1.3126493595686e-23,0.0059566268951644,1.7334611195177,0,1.1708192270089e-19,14.490329920253,1.9756834021917e-20,-3.8150071589674,-1.3833888310797e-20,1.3833141892973e-20,8.0138210168106,8.0136880850574,-9.462629271739e-10,-9.4628101751274e-10,1.3833028853141e-20,-1.3833690271284e-20,9.4626823900576e-10,9.4627457746997e-10,8.0137350174769,8.0138679667367,2.904210745549,4.8616478280214e-05,1.4490329920257e-05,1.9014757890169e-11,0,329.01529756173,100000571.85198,-1.9708551169036e-13,0.00096670350885133,0.0014739132557342,274.62161542536,1.7588916279652e-05,727.08648044389,635.92303014654
79.575000000004,-3.4681654835836,-1.1560626169895,2.6624805974121e-23,0.0059475046375113,1.7334800796192,0,2.3421926196797e-19,17.394374546068,4.0487480253516e-20,-5.3222354379229,-2.8349647061576e-20,2.834815576346e-20,11.179898423062,11.179752116471,-1.9679419443436e-09,-1.9679795625294e-09,2.8347923425128e-20,-2.8349241569879e-20,1.9679530055937e-09,1.9679661705593e-09,11.179804444876,11.179950770661,4.0545804886931,5.8566415200753e-05,1.7394374546072e-05,1.9023189681286e-11,0,329.01529797797,100000572.25507,-1.9734918913532e-13,0.00089954324199259,0.0015737609880122,278.44515526833,1.5145340176751e-05,737.34600027288,644.90339717967
79.675000000004,-5.1711715944154,-1.7237327342545,5.294850273739e-23,0.0059368560946842,1.7334987646014,0,4.5956959837624e-19,19.955759603777,8.126956299232e-20,-6.9170865305141,-5.6905576391632e-20,5.6902653715831e-20,14.530033457349,14.529880706051,-4.0078748612528e-09,-4.0079514785282e-09,5.6902185997003e-20,-5.6904762969122e-20,4.0078974189983e-09,4.0079242028049e-09,14.529935969873,14.530088741211,5.2724115819025,6.7371265903178e-05,1.9955759603781e-05,1.903074564077e-11,0,329.01529846603,100000572.7256,-1.9764062217375e-13,0.00083188820265325,0.0016735987517156,282.2137746636,1.3835937518116e-05,747.46180599237,653.75816178063
79.775000000004,-7.1623741775439,-2.3874683383002,1.034019605528e-22,0.0059248108962899,1.7335171983349,0,8.8581215126922e-19,22.373968413442,1.6005209898563e-19,-8.5450802302914,-1.1206971621317e-19,1.120640889722e-19,17.949786456157,17.94963087378,-8.0067010543452e-09,-8.0068541494846e-09,1.1206316522747e-19,-1.1206811493741e-19,8.0067461830535e-09,8.0067996474422e-09,17.949687747334,17.949843350162,6.5158307703863,7.5705811840202e-05,2.2373968413446e-05,1.9037653123201e-11,0,329.01529901936,100000573.25784,-1.9789736074179e-13,0.00076377949244136,0.0017734265488351,285.9321233304,1.3454938393804e-05,757.44622712272,662.4981087266
79.875000000004,-9.4486561858941,-3.1495638124819,1.9846790111309e-22,0.0059114070472106,1.7335353883498,0,1.6786694852668e-18,24.774829489975,3.0965623445351e-19,-10.180316583839,-2.1682368606116e-19,2.1681303344164e-19,21.384752774892,21.3845960161,-1.5710719261946e-08,-1.5711019769661e-08,2.1681124115253e-19,-2.1682058885825e-19,1.5710807946484e-08,1.5710912788479e-08,21.384653883434,21.384810662892,7.7649051419131,8.3998997915301e-05,2.477482948998e-05,1.9045458006547e-11,0,329.01529963587,100000573.85011,-1.9814716039374e-13,0.00069522994906126,0.0018732443813606,289.60155256919,1.35567117813e-05,767.30275163696,671.12628426202
79.975000000004,-12.042969980299,-4.0143366160024,3.7458790752677e-22,0.0058966337207511,1.7335533335041,0,3.1292013777814e-18,27.217221014445,5.8906441413369e-19,-11.811132853693,-4.1246744815686e-19,4.1244761243364e-19,24.81043402007,24.810276846318,-3.0305564385469e-08,-3.0306144323135e-08,4.1244419297252e-19,-4.1246155715514e-19,3.030573572944e-08,3.0305937865146e-08,24.810335430865,24.810492625408,9.0106598540634,9.2452396421176e-05,2.721722101445e-05,1.9052337732914e-11,0,329.01530031591,100000574.5029,-1.9837614332705e-13,0.00062623740185512,0.0019730522512807,293.22165530456,1.3861953620266e-05,777.03014858353,679.64160387834
80.075000000004,-14.957369522769,-4.9858047274092,6.9544233871187e-22,0.0058804589221828,1.7335710289184,0,5.7396553267379e-18,29.725170785827,1.1024577853117e-18,-13.431745554949,-7.7194944423308e-19,7.7191310399426e-19,28.214681547039,28.214524362111,-5.7501985137917e-08,-5.7503086128367e-08,7.7190668495878e-19,-7.7193841956426e-19,5.7502310803154e-08,5.7502694178478e-08,28.214583529054,28.214740734851,10.248651359007,0.00010114859130485,2.9725170785833e-05,1.9057434433056e-11,0,329.01530106089,100000575.21762,-1.9863288178986e-13,0.0005567932060084,0.0020728501605838,296.79126183903,1.4244501946432e-05,786.62513692138,688.0411882487
80.175000000004,-18.202111078802,-6.0673868941305,1.270345376391e-21,0.005862842158426,1.7335884682301,0,1.0361661637631e-17,32.308394875068,2.0307291158312e-18,-15.038615601271,-1.4219321832521e-18,1.4218666643631e-18,31.590061212552,31.589904281086,-1.0736174250327e-07,-1.073637994919e-07,1.421854803131e-18,-1.421911875232e-18,1.0736235166333e-07,1.0736306721813e-07,31.589963952561,31.590120904945,11.476166473865,0.00011012117993751,3.2308394875074e-05,1.9063914286129e-11,0,329.01530187268,100000575.99606,-1.9898676471494e-13,0.0004868861423033,0.0021726381112582,300.30889595431,1.4656095035883e-05,796.08360882656,696.32143404378
80.275000000004,-21.786160200879,-7.2620716283944,2.2836452803551e-21,0.0058437392998125,1.7336056444575,0,1.8414305129338e-17,34.971433660017,3.6826770527269e-18,-16.629096187868,-2.5786388552961e-18,2.5785225866787e-18,34.931013170136,34.930856697312,-1.9731060974997e-07,-1.9731439289755e-07,2.5785010054908e-18,-2.5786020234899e-18,1.9731173145682e-07,1.9731304614594e-07,34.93091682017,34.931073313936,12.691179235708,0.00011938603690961,3.4971433660024e-05,1.9073931902192e-11,0,329.01530275331,100000576.84016,-1.9920186970467e-13,0.00041650391096401,0.0022724161052906,303.77294995137,1.5079332158068e-05,805.40109943017,704.47842514298
80.375000000004,-25.717573003637,-8.5725442974736,4.0407660236322e-21,0.0058231043052431,1.7336225503054,0,3.2221375961274e-17,37.71698192912,6.5766134816199e-18,-18.200962736437,-4.6049954327215e-18,4.6047923162486e-18,38.232864491034,38.232708651067,-3.5701630232676e-07,-3.5702315326642e-07,4.6047536424867e-18,-4.6049296463586e-18,3.5701833618063e-07,3.5702071447215e-07,38.232769185064,38.232925045981,13.891988167923,0.00012895273157674,3.7716981929128e-05,1.90800434034e-11,0,329.01530370491,100000577.75196,-1.9945860799594e-13,0.00034563366076859,0.0023721841446685,307.18174677291,1.5507206317577e-05,814.57295363998,712.50807867972
80.475000000004,-30.003592512798,-10.001219238829,7.0388323014623e-21,0.0058008898799663,1.7336391782815,0,5.5522351491859e-17,40.54694283069,1.1567986272386e-17,-19.752241723224,-8.0999930990796e-18,8.0996437367565e-18,41.491469606633,41.491314554092,-6.3613494194071e-07,-6.3614716020729e-07,8.09957546418e-18,-8.0998773559496e-18,6.3613857390056e-07,6.3614281086322e-07,41.491375467228,41.491530540711,15.077084333901,0.00013882813837771,4.0546942830699e-05,1.9088603850404e-11,0,329.01530472969,100000578.73355,-1.9978473515954e-13,0.00027426219009197,0.0024719422313777,310.53356370175,1.593570194992e-05,823.59438986481,720.40620083361
80.575000000004,-34.650584253814,-11.550218289104,1.2072739218165e-20,0.0057770478131669,1.7336555207559,0,9.4230562215868e-17,43.462724312968,2.0045134041588e-17,-21.281136070646,-1.4035757240979e-17,1.403516553011e-17,44.703053588274,44.702899463682,-1.1163753164129e-06,-1.1163967802947e-06,1.4035046776472e-17,-1.4035556618417e-17,1.1163817052357e-06,1.1163891399999e-06,44.70296072996,44.703114875467,16.245093953982,0.000149017443334,4.3462724312977e-05,1.9100021978477e-11,0,329.01530582987,100000579.78707,-2.0002759552513e-13,0.00020237604934172,0.0025716903674037,313.82664453742,1.6361693308244e-05,832.46053284749,728.16851557989
80.675000000004,-39.663904326233,-13.221326808666,2.0391043044212e-20,0.0057515292317184,1.7336715700048,0,1.575341963799e-16,46.465306817728,3.4223694339552e-17,-22.7859844012,-2.3963694328177e-17,2.3962707383193e-17,47.864126556936,47.863973490188,-1.9299192747786e-06,-1.9299564210201e-06,2.3962503823464e-17,-2.3963351670526e-17,1.9299303468444e-06,1.9299431988386e-06,47.864035088283,47.864188175904,17.394747129109,0.00015952436353118,4.6465306817738e-05,1.910981810287e-11,0,329.01530700772,100000580.91466,-2.0031208917803e-13,0.00012996161725176,0.0026714285547316,317.05920876227,1.6782139035005e-05,841.1664384611,735.79068640542
80.775000000004,-45.047739508221,-15.015940382991,3.3920021643905e-20,0.0057242848408184,1.7336873182527,0,2.5946011434941e-16,49.555241547521,5.758059113336e-17,-24.265235227165,-4.031837329295e-17,4.0316751978925e-17,50.971429466665,50.971277579364,-3.2869856119725e-06,-3.2870489539755e-06,4.0316408066269e-17,-4.0317796524128e-17,3.2870045191863e-06,3.2870264081887e-06,50.971339491704,50.971491399827,18.524858048454,0.00017035112780279,4.9555241547531e-05,1.9120100387058e-11,0,329.01530826554,100000582.11852,-2.0061739943172e-13,5.7005172689337e-05,0.0027711567953451,320.22946024379,1.7193954179101e-05,849.70711731125,743.26833698182
80.875000000004,-50.804932653983,-16.935006621638,5.5578364422167e-20,0.0056952651743479,1.7337027577149,0,4.2104450769629e-16,52.732623804328,9.5480785688427e-17,-25.717429675806,-6.6856381328717e-17,6.6853757913237e-17,54.021897817462,54.02174722459,-5.51623491458e-06,-5.5163413524347e-06,6.6853185147014e-17,-6.6855424436217e-17,5.5162667327471e-06,5.516303468569e-06,54.021809436692,54.02196005032,19.634311745432,0.00018149837167046,5.2732623804339e-05,1.9131041136122e-11,0,329.01530960562,100000583.40082,-2.0086719844819e-13,-1.6507031052784e-05,0.0028708750912286,323.33559629761,1.7593897310837e-05,858.07755935762,750.59707273351
80.975000000005,-56.936798099602,-18.978963626841,8.9708645122195e-20,0.0056644208643056,1.7337178806437,0,6.7327437333321e-16,55.997054502978,1.5606353841224e-16,-27.141189971324,-1.0927689126872e-16,1.092727098632e-16,57.012637460724,57.012488271869,-9.1227587715845e-06,-9.1229350424612e-06,1.0927176941108e-16,-1.0927532632202e-16,9.1228115461617e-06,9.1228723055994e-06,57.012550771825,57.012699981358,20.722055265255,0.00019296499147232,5.599705450299e-05,1.9139040792807e-11,0,329.01531103025,100000584.76375,-2.0112393626779e-13,-9.05886866304e-05,0.002970583444365,326.37581744892,1.7978585759746e-05,866.27276046254,757.77250409541
81.075000000005,-63.442930055932,-21.147676124299,1.4265416516535e-19,0.0056317029342554,1.7337326793783,0,1.0609739854977e-15,59.347594908052,2.514686830511e-16,-28.535212129379,-1.7608030824314e-16,1.7607374289997e-16,59.940909253542,59.940761573785,-1.4869513518646e-05,-1.4869801254689e-05,1.7607222032244e-16,-1.7607778498098e-16,1.4869599801779e-05,1.4869698849892e-05,59.940824351863,59.940972052208,21.787092058872,0.00020474797494578,5.9347594908066e-05,1.9147649980157e-11,0,329.01531254172,100000586.20947,-2.0140842956737e-13,-0.00016525334619598,0.0030702818567369,329.34833807158,1.8344464843871e-05,874.28775134783,764.7902718815
81.175000000005,-70.321007235968,-23.440370338949,2.2350979273517e-19,0.0055970631196511,1.733747146399,0,1.6478037602674e-15,62.782717515542,3.9949552448595e-16,-29.898261870377,-2.7972984272936e-16,2.797196874275e-16,62.804120474283,62.803974404827,-2.3889127846499e-05,-2.3889590849142e-05,2.797172565897e-16,-2.7972583129068e-16,2.3889266913866e-05,2.3889426073356e-05,62.804037453162,62.804183543105,22.82847884136,0.0002168422183038,6.2782717515556e-05,1.9158736380694e-11,0,329.01531414227,100000587.74011,-2.0172761723617e-13,-0.00024051432725472,0.0031699703303264,332.25139801046,1.8687815353133e-05,882.1176292398,771.64607500918
81.275000000005,-77.566597751471,-25.855568960426,3.450716769174e-19,0.0055604542164755,1.7337612743861,0,2.5225065866873e-15,66.300255397383,6.2579478279864e-16,-31.229173060779,-4.3818632673384e-16,4.381708512193e-16,65.599821548515,65.5996771871,-3.7833851896085e-05,-3.7834586396896e-05,4.381670237257e-16,-4.3818003805634e-16,3.7834072883288e-05,3.7834325008386e-05,65.599740499441,65.59988488123,23.845324385484,0.0002292403378636,6.6300255397398e-05,1.9164900008861e-11,0,329.0153158341,100000589.35777,-2.0202598811861e-13,-0.00031638461040214,0.0032696488671144,335.08327524029,1.9004799819208e-05,889.7575923429,778.33570070219
81.375000000005,-85.172969214939,-28.391027843708,5.2500168401041e-19,0.005521830458369,1.7337750562835,0,3.8064700213349e-15,69.897352180807,9.666940523862e-16,-32.526848175837,-6.7688662213057e-16,6.7686338793693e-16,68.325707021111,68.32556446227,-5.9071769959487e-05,-5.9072918809553e-05,6.768574436268e-16,-6.7687689947618e-16,5.9072116213227e-05,5.907250997967e-05,68.325628033783,68.325770612875,24.836789862437,0.00024193248387079,6.9897352180823e-05,1.9169606344991e-11,0,329.01531761935,100000591.06446,-2.0229660331688e-13,-0.00039287672888668,0.0033693174690822,337.84229956981,1.9291492292956e-05,897.20297715971,784.85505718731
81.475000000005,-93.130909894642,-31.043676394066,7.8720670100388e-19,0.0054811479211941,1.733788485367,0,5.6625641668631e-15,73.570414867301,1.4727454253154e-15,-33.790260392369,-1.0312276940241e-15,1.0311933262704e-15,70.979619952398,70.979479287566,-9.0936953914576e-05,-9.0938725812307e-05,1.0311842195373e-15,-1.0312128681247e-15,9.0937488909139e-05,9.0938095284617e-05,70.979543114667,70.979683799618,25.802090430141,0.00025490616435308,7.3570414867318e-05,1.9170138544945e-11,0,329.01531950007,100000592.86213,-2.0256027950927e-13,-0.0004700026503127,0.0034689761382097,340.52686735523,1.9543905828823e-05,904.44929855333,791.20020879338
81.575000000005,-101.42856762912,-33.809563872045,1.1634096553409e-18,0.0054383649526994,1.7338015553159,0,8.305060472191e-15,77.315071805474,2.213055916583e-15,-35.01845699176,-1.5495988081192e-15,1.5495487211847e-15,73.559559066541,73.55942038405,-0.00013803963549525,-0.0001380423305037,1.5495349572233e-15,-1.5495765077374e-15,0.00013804045071328,0.0001380413715151,73.559484464278,73.559623166743,26.740497824432,0.00026814608728374,7.7315071805491e-05,1.9163842105064e-11,0,329.0153214782,100000594.75261,-2.0286558895039e-13,-0.00054777365116605,0.0035686248764767,343.13545714029,1.9758113452834e-05,911.49229232228,797.36741325118
81.675000000005,-110.05131394142,-36.68381409818,1.6948581640807e-18,0.0053934426236059,1.7338142602888,0,1.2010237943193e-14,81.126138249704,3.2804132420514e-15,-36.210563796273,-2.2969706402722e-15,2.2968987194352e-15,76.0636880705,76.063551455475,-0.00020663937400619,-0.0002066434166965,2.2968781941071e-15,-2.2969375497382e-15,0.00020664059921549,0.00020664197818418,76.063615787381,76.063752422218,27.651343741374,0.00028163402979702,8.1126138249723e-05,1.9152454204444e-11,0,329.01532355557,100000596.73763,-2.0305293707865e-13,-0.0006262001852618,0.003668263685862,345.6666460922,1.9930269193612e-05,918.32795992586,803.35316087647
81.775000000005,-118.98164132954,-39.660591216728,2.4340794136387e-18,0.0053463451950297,1.7338265950018,0,1.7127050581387e-14,84.997592028745,4.7971488107302e-15,-37.365790385245,-3.3590005893472e-15,3.3588988361245e-15,78.490346611184,78.490212145366,-0.00030507931679267,-0.00030508529834375,3.3588686331268e-15,-3.3589521451016e-15,0.00030508113315643,0.0003050831699636,78.490276728419,78.490411213874,28.534023817009,0.0002953487435579,8.4997592028765e-05,1.9128641657115e-11,0,329.01532573385,100000598.81876,-2.0326110177144e-13,-0.00070529174759893,0.003767892568344,348.11912704973,2.0056716569766e-05,924.95261485819,809.15421519661
81.875000000005,-128.19910197362,-42.733079264864,3.4465491064861e-18,0.0052970405957345,1.7338385548076,0,2.4086983686391e-14,88.922561876081,6.9215864056647e-15,-38.483435848548,-4.8465481939171e-15,4.8464063500976e-15,80.838062361201,80.837930122668,-0.00044427287524738,-0.00044428160569336,4.8463624896747e-15,-4.8464782134933e-15,0.00044427553167118,0.00044427849922418,80.837994957186,80.838127215159,29.388002019154,0.00030926590550999,8.8922561876102e-05,1.9086916498464e-11,0,329.01532801456,100000600.99743,-2.0356641086229e-13,-0.00078505673554969,0.0038675115259006,350.49172594839,2.0134072468873e-05,931.36293002911,814.76765445831
81.975000000005,-137.68029597721,-45.893478253421,4.8121028124996e-18,0.0052455009012763,1.7338501357759,0,3.3411997871518e-14,92.893330889898,9.8548123438513e-15,-39.562894837838,-6.9004156512608e-15,6.9002208252442e-15,83.105563730102,83.105433792972,-0.0006382256018449,-0.00063823817335487,6.900157959989e-15,-6.9003158906874e-15,0.00063822943487802,0.00063823370017059,83.105498880054,83.105628836409,30.212815268344,0.00032335812293954,9.2893330889919e-05,1.9028157637177e-11,0,329.01533039901,100000603.27488,-2.0379539200546e-13,-0.00086550230972172,0.0039671205605089,352.78341933358,2.0159317176278e-05,937.55598536875,820.19091333058
82.075000000005,-147.39891670744,-49.133019280543,6.6258861443786e-18,0.0051917028057922,1.7338613347708,0,4.5719287836619e-14,96.901357390511,1.3847378640842e-14,-40.603663674694,-9.6960414259398e-15,9.6957777543036e-15,85.291792695146,85.291665129195,-0.00090456521752151,-0.00090458307908571,9.6956888097423e-15,-9.6959010653815e-15,0.00090457067498092,0.00090457672355817,85.291730470668,85.291858055607,31.008078103897,0.00033759500108835,9.6901357390534e-05,1.8937986340648e-11,0,329.01533288831,100000605.65212,-2.0401743414363e-13,-0.00094663425720655,0.0040667196741458,354.99335162321,2.01299042625e-05,943.52931474167,825.42182400245
82.175000000005,-157.3258597228,-52.442000841416,8.9986231192969e-18,0.0051356280760063,1.733872149526,0,6.1721511999325e-14,100.93731508479,1.920542717063e-14,-41.605346272987,-1.344778843503e-14,1.344743682137e-14,87.395917241815,87.395792112089,-0.0012650424473122,-0.0012650674904825,1.344731258212e-14,-1.3447593497612e-14,0.0012650501155789,0.0012650585794343,87.395857710468,87.395982858912,31.773487209768,0.0003519432802729,0.00010093731508482,1.8806374478251e-11,0,329.01533548334,100000608.12997,-2.0428110953961e-13,-0.0010284568602941,0.0041663088687871,357.12085173677,2.0043837600296e-05,949.28095114124,830.4586557743
82.275000000005,-167.42940014686,-55.809847953243,1.205598704459e-17,0.0050772639761262,1.7338825787149,0,8.2221220265812e-14,104.99115392199,2.6295616381886e-14,-42.56765963249,-1.8412393774291e-14,1.8411931754964e-14,89.417342903674,89.417220270079,-0.0017459557900145,-0.001745990444411,1.8411760401245e-14,-1.8412126489324e-14,0.0017459664246654,0.001745978113068,89.417286128521,89.417408780527,32.508825614581,0.00036636704759566,0.00010499115392202,1.8626442733577e-11,0,329.01533818471,100000610.709,-2.0449621258015e-13,-0.0011109727739744,0.0042658881464084,359.16544867255,1.9899785201891e-05,954.80946904426,835.30015216259
82.375000000005,-177.67544117369,-59.225194990936,1.5936890930472e-17,0.0050166036517318,1.7338926220127,0,1.0809845057725e-13,109.05218234311,3.5548161739632e-14,-43.490438664775,-2.4891097660488e-14,2.4890499451553e-14,91.355722899633,91.355602816508,-0.0023784460746329,-0.0023784934108181,2.4890266055544e-14,-2.489073578942e-14,0.0023784606337246,0.0023784765661053,91.355668938783,91.355789039958,33.213966383253,0.00038082802590125,0.00010905218234313,1.8377515088548e-11,0,329.01534099277,100000613.38951,-2.048223378347e-13,-0.0011941829157323,0.0043654575089844,361.12688559194,1.9697113983395e-05,960.11402274939,839.9455644886
82.475000000005,-188.02783371233,-62.675992235752,2.0790577401252e-17,0.0049536464606294,1.7339022801503,0,1.4029089034057e-13,113.10917078968,4.7457285705463e-14,-44.373640122449,-3.3229958512691e-14,3.3229195292554e-14,93.210966387674,93.210848903378,-0.0031986032580437,-0.0031986670941472,3.3228881289263e-14,-3.3229474663493e-14,0.0031986229369767,0.0031986443766008,93.210915293827,93.211032795751,33.888875625252,0.0003952859396501,0.0001131091707897,1.8041933241022e-11,0,329.01534390759,100000616.17153,-2.0512070743713e-13,-0.0012780863711627,0.0044650169584895,363.00513196352,1.943596869326e-05,965.19437950966,844.39468091035
82.575000000005,-198.44876410289,-66.149635114577,2.677247962631e-17,0.0048883982390175,1.7339115549564,0,1.7976658925978e-13,117.15047538698,6.2578428595181e-14,-45.217345420378,-4.3817899974997e-14,4.3816940451886e-14,94.983244391077,94.983129547616,-0.0042473298823296,-0.0042474148896053,4.3816523104505e-14,-4.3817260937508e-14,0.0042473561488307,0.0042473846356022,94.983196211122,94.983311071718,34.53361465789,0.00040969895399266,0.00011715047538701,1.7597587075664e-11,0,329.01534692893,100000619.05481,-2.0536356582621e-13,-0.0013626803188272,0.0045645664968974,364.80039333185,1.9117317213653e-05,970.05094630508,848.64784988808
82.675000000005,-208.89920352387,-69.633114002968,3.4038938156089e-17,0.0048208714922383,1.7339204493868,0,2.2748991797136e-13,121.16417969725,8.1521707297495e-14,-46.021762163405,-5.708213066241e-14,5.7080941964004e-14,96.672993007522,96.672880840185,-0.0055699140095661,-0.0055700258109636,5.7080393848342e-14,-5.7081296802998e-14,0.0055699486369577,0.0055699860173575,96.672947782138,96.673059966035,35.148341182763,0.00042402417969448,0.00012116417969727,1.7020998179869e-11,0,329.01535005625,100000622.03879,-2.056064241699e-13,-0.0014479599774842,0.004664106126181,366.51311830968,1.8742946189211e-05,974.68478919197,852.70599715349
82.775000000005,-219.33940937241,-73.113181352266,4.2740982117902e-17,0.0047510855008901,1.7339289675394,0,2.8438221705093e-13,125.13825141985,1.0494132421854e-13,-46.787224229517,-7.3480728223297e-14,7.3479277127623e-14,98.280913583746,98.280804120807,-0.0072152796649869,-0.0072154249200171,7.3478565663943e-14,-7.3479652980687e-14,0.0072153247616276,0.0072153732135578,98.280871347076,98.280980825901,35.733309359688,0.00043821823292546,0.00012513825141987,1.6284105804522e-11,0,329.01535328868,100000625.12263,-2.0587703806282e-13,-0.0015339185783958,0.004763635848313,368.14400244816,1.8315445356832e-05,979.09764431365,856.57063538191
82.875000000005,-229.72946575802,-76.57653185484,5.3017501793868e-17,0.0046790663351274,1.7339371146536,0,3.5127927908959e-13,129.06070996172,1.3352091211808e-13,-47.514190299693,-9.3492377681387e-14,9.3490632184379e-14,99.807969627315,99.807862889788,-0.0092349043180755,-0.0092350907868494,9.3489719247065e-14,-9.3491007206299e-14,0.0092349623506884,0.009235024400907,99.807930406686,99.808037159306,36.288868694746,0.00045223783551311,0.00012906070996175,1.5355987418251e-11,0,329.01535662504,100000628.30519,-2.0614071305688e-13,-0.0016205473647741,0.0048631556652653,369.69398871615,1.783818920019e-05,983.29191985767,860.24386594202
82.975000000006,-240.02984759274,-80.009990474399,6.4988236561606e-17,0.0046048467725146,1.733944897093,0,4.2888835322465e-13,132.91980000519,1.6795512844622e-13,-48.203240774547,-1.1760348364848e-13,1.1760141483615e-13,101.25538032968,101.25527633115,-0.01168141919397,-0.011681655773429,1.176002564716e-13,-1.176017566272e-13,0.011681493002577,0.011681571534496,101.2553441454,101.25544815809,36.815461696336,0.00046604043839178,0.00013291980000522,1.4200118052799e-11,0,329.01536006386,100000631.58502,-2.0648071590224e-13,-0.0017078356196913,0.0049626655790093,371.16426441468,1.7315263974971e-05,987.27068849478,863.72837231646
83.075000000006,-250.20199080487,-83.400702517668,7.874706235545e-17,0.0045284661177133,1.7339523223116,0,5.1774766944103e-13,136.7041656284,2.0892815274039e-13,-48.855073071524,-1.4629311403514e-13,1.4629069819978e-13,102.62461068744,102.62450943397,-0.014606936801494,-0.014607233527562,1.4628924448048e-13,-1.4629096173121e-13,0.014607029603844,0.014607127853762,102.62457755266,102.62467881921,37.313620294073,0.00047958484889372,0.00013670416562843,1.2783482965215e-11,0,329.01536360334,100000634.96039,-2.0681377989742e-13,-0.0017957707229164,0.0050621655915155,372.5562544661,1.6751350146818e-05,991.03767012264,867.02740503757
83.175000000006,-260.20885014178,-86.736319568643,9.435607514767e-17,0.0044499699254399,1.7339593988042,0,6.1819148943234e-13,140.40301923642,2.5709005463468e-13,-49.470495351808,-1.8001645274708e-13,1.8001367365984e-13,103.91735832507,103.91725981519,-0.018061177903635,-0.018061545914414,1.800118686981e-13,-1.8001379928578e-13,0.018061293287427,0.018061414827759,103.91732824573,103.91742676742,37.783961057709,0.00049283184139841,0.00014040301923645,1.1055231193778e-11,0,329.01536724139,100000638.42928,-2.0700112719113e-13,-0.001884338236179,0.0051616557047542,373.87161113211,1.6151640037734e-05,994.59720504653,870.14475825327
83.275000000006,-270.01542602469,-90.005175107126,1.1184092698463e-16,0.0043694096313449,1.7339661360401,0,7.303233835089e-13,144.0062996033,3.1303225019041e-13,-50.050418780687,-2.191876140161e-13,2.1918446524642e-13,105.13553723697,105.13544146177,-0.022089493912448,-0.02208994536944,2.1918224738416e-13,-2.1918437692427e-13,0.022089635814181,0.022089784522921,105.13551021188,105.13560599742,38.227179294954,0.00050574473092082,0.00014400629960333,8.9867802310388e-12,0,329.01537097567,100000641.98944,-2.0725092462857e-13,-0.0019735220154295,0.005261135920695,375.11220034029,1.5521729663001e-05,997.95421804715,873.08473831544
83.375000000006,-279.58924299838,-93.196443991776,1.3118778179015e-16,0.0042868420985611,1.7339725443845,0,8.5399983542093e-13,147.50481369738,3.772634186169e-13,-50.595848476096,-2.6416277909898e-13,2.6415926625706e-13,106.28125877402,106.28116571731,-0.0267308972839,-0.026731445250602,2.6415656843956e-13,-2.6415887009915e-13,0.026731069953927,0.026731249970373,106.28123479491,106.2813278603,38.64404214603,0.00051828989044403,0.00014750481369741,6.5330476815625e-12,0,329.01537480355,100000645.63836,-2.0757011113248e-13,-0.0020633043477396,0.0053606062413067,376.28008491387,1.4867434639904e-05,1001.1141740917,875.85212505081
83.475000000006,-288.90076440746,-96.300280685331,1.5234212962786e-16,0.0042023290904596,1.7339786350057,0,9.8882545755315e-13,150.89035764588,4.5018728897706e-13,-51.107873343713,-3.1522464235343e-13,3.1522078512744e-13,107.35681029113,107.35671992968,-0.03201621958015,-0.032016877859891,3.1521753545905e-13,-3.1521996839639e-13,0.032016427534296,0.032016643201908,107.35678934291,107.35687971114,39.035380826231,0.00053043719513543,0.0001508903576459,3.6453409746626e-12,0,329.0153787222,100000649.37331,-2.0782684774791e-13,-0.0021536661096674,0.005460066668558,377.37750510378,1.4194676284388e-05,1004.0830267189,878.45212661462
83.575000000006,-297.92373094462,-99.307932103707,1.7520954624708e-16,0.0041159366824767,1.7339844197738,0,1.1341601580715e-12,154.15581316636,5.3208362048808e-13,-51.587655032031,-3.725690934935e-13,3.7256492735837e-13,108.36463194629,108.36454425014,-0.037966513245173,-0.037967296182668,3.7256104982871e-13,-3.7256355799963e-13,0.037966761204111,0.037967017002252,108.36461400728,108.36470170804,39.402082194555,0.00054216037995325,0.00015415581316639,2.9061462980427e-13,0,329.01538272857,100000653.19138,-2.0809746233692e-13,-0.0022445869432388,0.0055595172044162,378.40685691045,1.350938036244e-05,1006.8671603615,880.89032902991
83.675000000006,-306.63541434103,-102.21182217909,1.9965832784893e-16,0.0040277346276018,1.7339899111511,0,1.2891376511789e-12,157.29521693966,6.230934990764e-13,-52.036416264417,-4.3629492211939e-13,4.362904996108e-13,109.30729219084,109.30720712374,-0.044591798933738,-0.044592721187192,4.3628591497042e-13,-4.362884263869e-13,0.044592091752138,0.0445923922191,109.30727723315,109.30736230245,39.745079844625,0.00055343730116193,0.00015729521693968,-3.5685413707658e-12,0,329.01538681944,100000657.08949,-2.0834032156466e-13,-0.0023360454451717,0.005658957850849,379.37066874153,1.2817295294552e-05,1009.4733280374,883.17264166457
83.775000000006,-315.01678152371,-105.00560657848,2.2552378773218e-16,0.0039377956911541,1.7339951220778,0,1.4526938525469e-12,160.30380168165,7.232097792202e-13,-52.45542881714,-5.0639712501699e-13,5.0639251648737e-13,110.18746251619,110.18738003603,-0.051890236900258,-0.051891313192695,5.063871432438e-13,-5.0638956974617e-13,0.051890579488285,0.051890929138698,110.18745050613,110.1875329858,40.065344923289,0.00056425009680467,0.00016030380168167,-7.970979317774e-12,0,329.01539099144,100000661.06443,-2.0861093660994e-13,-0.0024280193647158,0.0057583886098227,380.27157699278,1.2123914586847e-05,1011.908585949,885.3052399912
83.875000000006,-323.05256863828,-107.68419737733,2.5261388682016e-16,0.003846194970806,1.7340000658561,0,1.6236030405531e-12,163.17800894092,8.3227314622692e-13,-52.8460014121,-5.8276414892981e-13,5.8275944273511e-13,111.00789202128,111.0078120806,-0.059847771048939,-0.059849015908756,5.8275319823431e-13,-5.8275543580626e-13,0.059848168289223,0.059848571529188,111.0078829198,111.00796285702,40.363876882232,0.00057458524569721,0.00016317800894094,-1.2944262385634e-11,0,329.0153952411,100000665.11288,-2.0886073524155e-13,-0.0025204858053586,0.0058578094833037,381.11230114412,1.1434352477599e-05,1014.1802265627,887.2945070041
83.975000000006,-330.73126824396,-110.24375879068,2.8071579441195e-16,0.0037530092174331,1.7340047560339,0,1.8005192472912e-12,165.91547486971,9.4997389727677e-13,-53.209467781346,-6.651791376556e-13,6.6517443975426e-13,111.77138234093,111.77130488743,-0.068438261032137,-0.068439688533483,6.6516724130917e-13,-6.6516917093351e-13,0.068438717695571,0.068439178739052,111.7713761041,111.77145355086,40.641694359075,0.00058443352889132,0.00016591547486973,-1.8520677931869e-11,0,329.01539956486,100000669.23146,-2.0908971748397e-13,-0.0026134214258042,0.0059572204732572,381.8956189489,1.0753315120312e-05,1016.2957117036,889.14697463809
84.075000000006,-338.04503637822,-112.68167619415,3.0960294283821e-16,0.0036583161713641,1.7340092062924,0,1.9820201895329e-12,168.51499125621,1.0758591770343e-12,-53.547175138925,-7.5332499847423e-13,7.533204314547e-13,112.48076342983,112.480688407,-0.077624084733076,-0.077625708246397,7.5331219748075e-13,-7.5331368650257e-13,0.07762460539675,0.077625128186615,112.48076000938,112.48083502193,40.899826368063,0.00059378990133507,0.00016851499125623,-2.4716329930995e-11,0,329.01540395912,100000673.41673,-2.0931176114716e-13,-0.0027068026359281,0.006056621581648,382.62434225012,1.0085007883076e-05,1018.2626071071,890.86926644972
84.175000000006,-344.98952894142,-114.99650158461,3.3904214846794e-16,0.0035621939270708,1.7340134303388,0,2.1666511441321e-12,170.97644494669,1.2093450874509e-12,-53.860473266191,-8.4679288152131e-13,8.4678858310499e-13,113.13887063519,113.13879798282,-0.087357163789758,-0.087358995752026,8.4677923422325e-13,-8.4678013816217e-13,0.08735775276024,0.087358340896853,113.13886997906,113.1389426173,41.13930395802,0.00060265328455114,0.00017097644494671,-3.1553245569213e-11,0,329.01540842024,100000677.66525,-2.0959625519007e-13,-0.0028006057838916,0.0061560128104406,383.30129389936,9.4330894368325e-06,1020.0885197153,892.46804268993
84.275000000006,-351.5636788204,-117.1878792877,3.6880041512003e-16,0.0034647203373969,1.734017441805,0,2.3529664709034e-12,173.30073937762,1.3497328452122e-12,-54.150704381399,-9.450934933578e-13,9.4508961445031e-13,113.74852341684,113.74845307165,-0.097580341047005,-0.097582392759845,9.4507907452523e-13,-9.4507923925004e-13,0.097581002291658,0.097581658971714,113.74852546971,113.74859579664,41.361152468311,0.00061102629338286,0.00017330073937764,-3.903930190248e-11,0,329.01541294461,100000681.97357,-2.0990850516035e-13,-0.0028948073311758,0.0062553941615985,383.92928617804,8.8006991154614e-06,1021.781038819,893.94994873315
84.375000000006,-357.76942630624,-119.25645609661,3.9865110494285e-16,0.0033659724662404,1.7340212541565,0,2.5395669293341e-12,175.48970225845,1.4962279976173e-12,-54.419193926066,-1.0476705520749e-12,1.0476672544579e-12,114.31250599312,114.31243788931,-0.10822902258404,-0.10823130404584,1.0476554515373e-12,-1.0476547157113e-12,0.10822975967257,0.10823048763983,114.31251069693,114.31257877809,41.566384484284,0.00061891491112589,0.00017548970225847,-4.7182752873494e-11,0,329.01541752865,100000686.33829,-2.1019299992135e-13,-0.0029893840129529,0.006354765637085,384.51110103833,8.1903961546984e-06,1023.3476819309,895.32156763914
84.475000000006,-363.61141573407,-121.20378015131,4.28379245408e-16,0.0032660260962937,1.7340248806096,0,2.7251314573431e-12,177.54598353458,1.6479616316463e-12,-54.667242361263,-1.1539156380472e-12,1.153913091815e-12,114.8335501082,114.83348417799,-0.11923298886814,-0.11923550864441,1.1538999589487e-12,-1.1538981566404e-12,0.11923380492593,0.11923460643501,114.83355740269,114.83362330558,41.755993563613,0.00062632812780006,0.0001775459835346,-5.5986087063587e-11,0,329.01542216882,100000690.75605,-2.1046361727262e-13,-0.0030843129819036,0.0064541272388624,385.04947239341,7.6042630338542e-06,1024.795846047,896.58937742619
84.575000000006,-369.09667092933,-123.03219275381,4.5778582888759e-16,0.0031649552961612,1.7340283340593,0,2.9084426187102e-12,179.47294762105,1.8040125158557e-12,-54.896118028774,-1.26318369786e-12,1.2631820787079e-12,115.31432003627,115.31425621044,-0.13051827930879,-0.13052104444271,1.2631675546294e-12,-1.2631645179835e-12,0.13051917698288,0.13052005377663,115.31432985947,115.31439365307,41.930948775789,0.00063327755592886,0.00017947294762106,-6.5446069595181e-11,0,329.01542686167,100000695.22359,-2.1072729611685e-13,-0.003179571934264,0.0065534789688929,385.54707060366,7.0438286515863e-06,1026.1327647322,897.75971343751
84.675000000006,-374.23426113717,-124.74471701086,4.8669104451553e-16,0.0030628320490114,1.7340316270181,0,3.0884054288196e-12,181.27456358153,1.9634291880244e-12,-55.107051096789,-1.3748085102511e-12,1.3748079967218e-12,115.75739986393,115.75733807232,-0.1420090609606,-0.14201207692392,1.3747920263812e-12,-1.3747875882535e-12,0.14201004239851,0.14201099569859,115.75741215266,115.75747390688,42.092190069987,0.00063977703715125,0.00018127456358154,-7.5555937653988e-11,0,329.01543160384,100000699.73773,-2.1104648650542e-13,-0.0032751392175277,0.0066528208291377,386.0064892244,6.5101842745697e-06,1027.3654712467,898.83873599533
84.775000000006,-379.03496778699,-126.34494675545,5.1493645432256e-16,0.002959725942974,1.7340347715648,0,3.2640596994816e-12,182.95529648914,2.1252511265345e-12,-55.301228578522,-1.4881175104766e-12,1.4881182812614e-12,116.16528302632,116.16522319827,-0.15362940378335,-0.15363267446578,1.4881008162069e-12,-1.4880948126755e-12,0.15363047062447,0.15363150113434,116.16529771659,116.16535750188,42.240624462665,0.00064584225148905,0.00018295529648915,-8.6307069817792e-11,0,329.01543639209,100000704.29538,-2.1132404392705e-13,-0.0033709939197949,0.0067521528215574,386.43023401128,6.0039868419345e-06,1028.5007677445,899.83240336939
84.875000000007,-383.51096085349,-127.83693866667,5.4238618310672e-16,0.0028557039218181,1.7340377793041,0,3.4345863814501e-12,184.52000268342,2.2885283022195e-12,-55.479790385876,-1.6024454806693e-12,1.6024477120462e-12,116.54036401749,116.54030608228,-0.16530489992756,-0.16530842766143,1.602428710657e-12,-1.602420983338e-12,0.16530605330612,0.16530716122531,116.54038104494,116.54043893184,42.377123016118,0.00065149033926516,0.00018452000268344,-9.7686515740055e-11,0,329.0154412233,100000708.89358,-2.1158772395845e-13,-0.0034671159412556,0.0068514749481126,386.82071411917,5.5255350654838e-06,1029.5452004035,900.74644994097
84.975000000007,-387.67549183783,-129.22510993037,5.6892723258894e-16,0.0027508300930783,1.7340406613358,0,3.5993086201583e-12,185.97383107585,2.4523385823601e-12,-55.643826359263,-1.7171467362531e-12,1.717150599735e-12,116.88493215131,116.88487603851,-0.17696408120463,-0.1769678668206,1.7171300273119e-12,-1.717120425421e-12,0.17696532176309,0.17696650681108,116.88495145157,116.88500751032,42.502518563136,0.00065673954367306,0.00018597383107587,-1.0967678852297e-10,0,329.01544609445,100000713.5295,-2.1197630447627e-13,-0.0035634860486914,0.0069507872107626,387.18023538217,5.0747687067628e-06,1030.5050402149,901.58636932438
85.075000000007,-391.54260867746,-130.51414320877,5.9446905557985e-16,0.0026451655897383,1.7340434282331,0,3.7576883805546e-12,187.32213210416,2.6158026343752e-12,-55.794374198958,-1.831605561626e-12,1.8316112218668e-12,117.20116721607,117.20111285588,-0.18853960565873,-0.18854364856755,1.8315890505935e-12,-1.8315774327158e-12,0.18854093357003,0.18854219501805,117.20118872508,117.20124302532,42.617604120852,0.00066160888001847,0.00018732213210417,-1.2225543447554e-10,0,329.01545100271,100000718.20043,-2.1225386308406e-13,-0.0036600859141817,0.0070500896114664,387.51099552549,4.6513771374812e-06,1031.3862690534,902.35740211569
85.175000000007,-395.12689625236,-131.70890014299,6.1894253697158e-16,0.0025387684808311,1.7340460900289,0,3.9093195528252e-12,188.57037541535,2.7780961415013e-12,-55.932418212724,-1.9452447636754e-12,1.9452523766733e-12,117.49113684379,117.49108416736,-0.19996919973864,-0.19997349803368,1.9452285854623e-12,-1.9452148210048e-12,0.19997061473582,0.19997195144467,117.49116049811,117.49121310854,42.723131928725,0.00066611783577161,0.00018857037541536,-1.3541016070403e-10,0,329.01545594534,100000722.90381,-2.1254529986676e-13,-0.0037568981394193,0.0071493821521826,387.8150811348,4.2547932414048e-06,1032.1945705738,903.06452787263
85.275000000007,-398.44324466626,-132.81434411287,6.4229852784543e-16,0.0024316937258428,1.7340486562099,0,4.0539184379217e-12,189.72407687875,2.9384592878038e-12,-56.058888788318,-2.0575323132583e-12,2.0575420248722e-12,117.75679540219,117.75674434183,-0.21119635610133,-0.21120090667643,2.0575165991095e-12,-2.0575005694336e-12,0.21119785751263,0.21119926797476,117.75682113923,117.75687212743,42.819813040864,0.00067028610382429,0.00018972407687876,-1.4911759272723e-10,0,329.01546091978,100000727.6372,-2.1294082043783e-13,-0.0038539062671707,0.0072486648348689,388.09446619303,3.8842708583864e-06,1032.9353254343,903.71246088767
85.375000000007,-401.50664621801,-133.83547256162,6.6450606990857e-16,0.0023239931675832,1.7340511357173,0,4.1913124489852e-12,190.78873514075,3.0962035901286e-12,-56.174662497293,-2.1679861289895e-12,2.1679980737782e-12,117.99998421277,117.9999347022,-0.22217079805775,-0.22217559673545,2.1679710049868e-12,-2.1679526042174e-12,0.22217238484575,0.22217386722994,118.00001197103,118.00006140316,42.908317401226,0.00067413334991298,0.00019078873514076,-1.6334727618898e-10,0,329.01546592361,100000732.3983,-2.1321838018371e-13,-0.0039510947814745,0.0073479376614827,388.35101198832,3.5389150319732e-06,1033.6136103213,904.30564929586
85.475000000007,-404.33202091734,-134.77725883403,6.8555043254737e-16,0.0022157155581648,1.7340535369519,0,4.321427768415e-12,191.76977759195,3.2507162480035e-12,-56.280562737517,-2.2761771230795e-12,2.2761914234496e-12,118.22243290047,118.22238487497,-0.23284872991456,-0.23285377158,2.2761627088887e-12,-2.2761418444219e-12,0.23285040071766,0.2328519529149,118.22246261972,118.22251056043,42.98927433094,0.00067767901390923,0.00019176977759196,-1.7808699112831e-10,0,329.01547095453,100000737.18497,-2.1349594029078e-13,-0.0040484490981749,0.0074472006339806,388.58646819727,3.2177111202209e-06,1034.2342002509,904.8482770565
85.575000000007,-406.9340695689,-135.64460320481,7.0543106661761e-16,0.0021069066128805,1.7340558677856,0,4.4442765861191e-12,192.67251536699,3.4014622493297e-12,-56.377360825502,-2.3817306757575e-12,2.3817474414137e-12,118.4257616883,118.42571508487,-0.24319289804545,-0.24319817678178,2.3817170836291e-12,-2.3816936763546e-12,0.24319465122052,0.24319627088957,118.42579330972,118.42583982193,43.063273359831,0.00068094214374016,0.000192672515367,-1.9331162233448e-10,0,329.0154760104,100000741.99517,-2.1376656185412e-13,-0.0041459555473374,0.0075464537543189,388.8024749547,2.9195451384813e-06,1034.8015736325,905.34426835966
85.675000000007,-409.3271528335,-136.44229256561,7.2415955968035e-16,0.001997609087041,1.7340581355752,0,4.5599444242429e-12,193.50210680461,3.5479845120295e-12,-56.465777454966,-2.4843267344554e-12,2.4843460621233e-12,118.61148446114,118.61143921861,-0.25317249069795,-0.25317799991969,2.4843140684645e-12,-2.484288052738e-12,0.25317432436275,0.25317600897451,118.61151792747,118.6115630723,43.130865338245,0.00068394125997702,0.00019350210680461,-2.0899717144641e-10,0,329.01548108923,100000746.82701,-2.1406493933146e-13,-0.0042436013490076,0.0076456970244528,389.00056573112,2.6432822162182e-06,1035.3199196096,905.79729403105
85.775000000007,-411.52519424633,-137.17496809841,7.4175765837539e-16,0.0018878628712008,1.7340603471798,0,4.6685779370727e-12,194.26352866923,3.6899023628646e-12,-56.546484444964,-2.5836987486664e-12,2.5837207220624e-12,118.78101243792,118.78096849703,-0.26276290567098,-0.26276863825255,2.5836871041807e-12,-2.5836584275746e-12,0.26276481774555,0.26276656462514,118.78104769353,118.78109153018,43.192563770584,0.00068669424864386,0.00019426352866924,-2.2511781013159e-10,0,329.01548618914,100000751.67872,-2.143078059836e-13,-0.0043413745836683,0.0077449304463375,389.18217085346,2.3877327938475e-06,1035.7931472253,906.21077953997
85.875000000007,-413.54160492183,-137.84710017674,7.5825540601518e-16,0.0017777051006171,1.7340625089805,0,4.7703734676455e-12,194.96155436126,3.8269086580785e-12,-56.620106708307,-2.6796316537986e-12,2.6796563438089e-12,118.93565830647,118.93561560994,-0.271945414501,-0.27195136289835,2.6796211171506e-12,-2.6795897400211e-12,0.27194740274723,0.27194920911338,118.93569529743,118.93573788318,43.248846317546,0.00068921827950579,0.00019496155436127,-2.4166213310669e-10,0,329.01549130838,100000756.54867,-2.14599245206e-13,-0.004439264158617,0.0078441540219271,389.34862152028,2.1517061752578e-06,1036.2248960028,906.58791425029
85.975000000007,-415.38922753088,-138.46296969213,7.7368942798718e-16,0.00166717027524,1.7340646269021,0,4.8655665489385e-12,195.60073830643,3.958765840385e-12,-56.687224379006,-2.7719591102475e-12,2.771986575296e-12,119.07664069242,119.076599185,-0.28070675008631,-0.28071290644969,2.7719497585978e-12,-2.7719156534967e-12,0.28070881214501,0.28071067514599,119.0766793666,119.07672075668,43.300156420259,0.00069152974694324,0.00019560073830644,-2.5860466729374e-10,0,329.01549644534,100000761.43532,-2.1482823468295e-13,-0.004537259771367,0.0079433677531755,389.50115417891,1.9340079240999e-06,1036.618547574,906.93166159295
86.075000000007,-417.0802971454,-139.02665500195,7.8810138439277e-16,0.0015562903870023,1.7340667064352,0,4.9544224584043e-12,196.18540572269,4.0853012066679e-12,-56.748375045231,-2.8605601898055e-12,2.8605904763589e-12,119.20508884983,119.20504847823,-0.28903864214665,-0.28904499842374,2.8605520911586e-12,-2.8605152421323e-12,0.28904077557167,0.28904269231803,119.20512915683,119.20516940452,43.346905005345,0.00069364423052981,0.0001961854057227,-2.7592799092511e-10,0,329.01550159853,100000766.33726,-2.1514049117317e-13,-0.0046353518710123,0.0080425716420361,389.6409151485,1.7334768570707e-06,1036.9772380346,907.24476987787
86.175000000007,-418.62641659582,-139.54202371532,8.0153659882403e-16,0.0014450950516327,1.7340687526595,0,5.0372278717565e-12,196.71964698749,4.2064016339923e-12,-56.804056042014,-2.945355682772e-12,2.9453888259779e-12,119.32204747712,119.32200819016,-0.29693732189623,-0.2969438699247,2.9453488961427e-12,-2.945309297934e-12,0.29693952418552,0.29694149177881,119.32208936842,119.3221285249,43.389472235922,0.00069557647250743,0.0001967196469875,-2.9360910238583e-10,0,329.01550676654,100000771.25317,-2.1545274793637e-13,-0.0047335316183999,0.0081417656904613,389.76896538981,1.5489727027306e-06,1037.3038707472,907.52978350123
86.275000000007,-420.038544115,-140.01272857522,8.1404286371259e-16,0.0013336116426725,1.7340707702674,0,5.1142836115988e-12,197.20731587339,4.3220079810524e-12,-56.854726765048,-3.0263041778065e-12,3.0263402022089e-12,119.42848157754,119.42844332603,-0.30440301407214,-0.3044097456618,3.0262987534914e-12,-3.0262564106873e-12,0.30440528269553,0.30440729825356,119.4285250064,119.42856312087,43.428209278968,0.0006973403695051,0.00019720731587339,-3.1163228041595e-10,0,329.0155119481,100000776.18185,-2.1573724938362e-13,-0.0048317908457876,0.0082409499004031,389.88628533694,1.3793875386603e-06,1037.6011293572,907.78905434117
86.375000000007,-421.32699122123,-140.44220675237,8.2566941679499e-16,0.0012218654258222,1.734072763587,0,5.1858984518914e-12,197.65203098024,4.4321093501269e-12,-56.900810973636,-3.1033980441069e-12,3.1034369644272e-12,119.5252812967,119.52524403348,-0.31143943122536,-0.31144633822976,3.1033940240517e-12,-3.1033489501902e-12,0.31144176364906,0.3114438243276,119.52532621821,119.52536333787,43.463440064595,0.00069894897605952,0.00019765203098025,-3.2998351053009e-10,0,329.01551714201,100000781.12216,-2.1607726222848e-13,-0.0049301220165825,0.008340124273813,389.99377972157,1.2236705577905e-06,1037.8714908239,908.02475316903
86.475000000007,-422.50142897392,-140.83368193047,8.3646607864534e-16,0.0011098796921936,1.7340747366057,0,5.2523839123598e-12,198.05717975864,4.5367373629021e-12,-56.942699056858,-3.1766594232938e-12,3.1767012452523e-12,119.61326668288,119.61323036275,-0.31805328209977,-0.31806035647754,3.1766568415314e-12,-3.1766090581979e-12,0.31805567580761,0.31805777881853,119.61331305391,119.61334922398,43.495463017393,0.00070041451773044,0.00019805717975865,-3.486404013598e-10,0,329.01552234719,100000786.0731,-2.1633400857995e-13,-0.0050285181856289,0.0084392888126422,390.09228233227,1.0808155846175e-06,1038.1172383066,908.23888093462
86.575000000007,-423.57090092443,-141.1901686239,8.4648253860544e-16,0.00099767588956226,1.7340766929918,0,5.3140499620288e-12,198.42592457844,4.6359605733506e-12,-56.980750242269,-3.2461363172656e-12,3.2461810384181e-12,119.69319232663,119.69315690632,-0.32425380309651,-0.3242610369629,3.246135200403e-12,-3.2460847363331e-12,0.32425625560808,0.32425839823435,119.69324010581,119.6932753696,43.524552744003,0.00070174841181668,0.00019842592457844,-3.6759951301731e-10,0,329.01552756263,100000791.03369,-2.1659075515253e-13,-0.0051269729604167,0.0085384435188404,390.18256066322,9.4986463907715e-07,1038.3404737742,908.43327981147
86.675000000007,-424.54384132329,-141.51447824637,8.5576777480054e-16,0.00088527375139945,1.7340786361173,0,5.3712015418956e-12,198.76121037882,4.7298791131032e-12,-57.015294731352,-3.3118988388486e-12,3.3119464494202e-12,119.7657518465,119.76571728461,-0.33005231931508,-0.33005970498476,3.3118992065876e-12,-3.3118460967884e-12,0.330054828201,0.33005700780881,119.76580099417,119.76583539311,43.550961664842,0.00070296129397469,0.00019876121037882,-3.868384472172e-10,0,329.01553278739,100000796.00308,-2.1689607419123e-13,-0.0052254804635189,0.0086375883943575,390.26532041721,8.2991513502022e-07,1038.5431302401,908.60964391387
86.775000000007,-425.4280972888,-141.80922650026,8.6436959330796e-16,0.00077269142464987,1.734080569078,0,5.4241358136982e-12,199.06577348096,4.8186196399689e-12,-57.046635749803,-3.3740356747091e-12,3.3740861584241e-12,119.83158219581,119.83154845281,-0.33546183949982,-0.33546936952119,3.374037540395e-12,-3.3739818252932e-12,0.3354644023943,0.33546661644235,119.83163267403,119.83166624771,43.574921580836,0.00070406304920448,0.00019906577348096,-4.0634332672045e-10,0,329.01553802064,100000800.98045,-2.1716669895715e-13,-0.0053240352964692,0.0087367234411428,390.34120983613,7.2010659847189e-07,1038.726983543,908.76952961794
86.875000000008,-426.2309538665,-142.07684173038,8.7233427160198e-16,0.00065994559981589,1.7340824947137,0,5.4731400426644e-12,199.34215122373,4.9023306386669e-12,-57.075051504279,-3.4326507948917e-12,3.4327041297681e-12,119.89126777309,119.89123481119,-0.34049668740467,-0.34050435458674,3.4326541660624e-12,-3.4325958906982e-12,0.34049930201549,0.34050154806215,119.89131954552,119.89135233176,43.596645168761,0.00070506284595408,0.00019934215122373,-4.2610320619393e-10,0,329.01554326159,100000805.96508,-2.1747201837808e-13,-0.0054226325052367,0.008835848661145,390.41082383968,6.1965115590608e-07,1038.8936636195,908.91436543758
86.975000000008,-426.95916105992,-142.31957393446,8.7970629206216e-16,0.00054705165390723,1.7340844156273,0,5.5184900266272e-12,199.59269212678,4.9811781044528e-12,-57.100797040208,-3.48786043046e-12,3.4879165895706e-12,119.9453443245,119.94531210762,-0.3451721706091,-0.34517996804168,3.487865309392e-12,-3.4878045226622e-12,0.34517483472548,0.34517711043366,119.94539735639,119.94542939133,43.616327401033,0.00070596917225514,0.00019959269212679,-4.461050313045e-10,0,329.01554850953,100000810.95628,-2.1773570461064e-13,-0.0055212675474162,0.0089349640563117,390.47470795998,5.2780644122842e-07,1039.044665231,909.04546142286
87.075000000008,-427.61896207204,-142.53950417629,8.8652815217666e-16,0.00043402383980087,1.7340863342026,0,5.5604489894132e-12,199.8195663398,5.0553416250587e-12,-57.124105997556,-3.5397903300393e-12,3.5398492822402e-12,119.99430263202,119.99427112577,-0.34950428664351,-0.34951220771138,3.5397967142909e-12,-3.5397334682376e-12,0.34950699814195,0.34950930128208,119.99435689017,119.99438820826,43.634146887573,0.00070678987299944,0.00019981956633981,-4.6634887618613e-10,0,329.01555376379,100000815.95344,-2.1797163543167e-13,-0.0056199362611793,0.0090340696285904,390.53336206388,4.4387279693095e-07,1039.1813581204,909.16401805974
87.175000000008,-428.21612212455,-142.73855419238,8.928402391489e-16,0.00032087565111606,1.7340882526211,0,5.5992668632242e-12,200.02477618016,5.1250108640208e-12,-57.145192263522,-3.5885732974158e-12,3.5886350080211e-12,120.03859198509,120.03856115666,-0.353509465381,-0.35351750377303,3.5885811803451e-12,-3.5885155295062e-12,0.3535122222294,0.35351455068083,120.0386474378,120.0386780719,43.650267138934,0.00070753218762602,0.00020002477618016,-4.868144748184e-10,0,329.01555902378,100000820.956,-2.1818674972575e-13,-0.0057186348360242,0.0091331653799281,390.58724386067,3.6719655800457e-07,1039.3049965901,909.27113466228
87.275000000008,-428.75595735196,-142.9184960236,8.9868075803387e-16,0.00020762105631241,1.7340901728782,0,5.6351798936097e-12,200.21016660109,5.190382438727e-12,-57.164251522712,-3.634347005522e-12,3.6344114369348e-12,120.07862343693,120.07859325505,-0.35720434598938,-0.35721249570313,3.6343563767885e-12,-3.6342883775976e-12,0.35720714624961,0.35720949800078,120.07868005392,120.07871003536,43.664837751118,0.00070820278763383,0.00020021016660109,-5.0749653605127e-10,0,329.01556428895,100000825.96343,-2.1849900867982e-13,-0.005817359785319,0.0092322513122708,390.63677219499,2.971899118101e-07,1039.4167284982,909.36781725647
87.375000000008,-429.24336336348,-143.08096153632,9.0408570349173e-16,9.4283972334557e-05,1.7340920967976,0,5.668410506603e-12,200.37743546424,5.2516571790837e-12,-57.181462706532,-3.6772520769331e-12,3.6773191892232e-12,120.11477284907,120.11474328395,-0.36060558627543,-0.36061384161798,3.677262922969e-12,-3.677192633216e-12,0.36060842810452,0.36061080125199,120.11483060145,120.11485996009,43.677995513391,0.00070880781345152,0.00020037743546424,-5.2838418661869e-10,0,329.01556955879,100000830.97526,-2.1875575661886e-13,-0.0059161079206088,0.0093313274275641,390.68233012814,2.3329658777983e-07,1039.5176036824,909.45498596161
87.475000000008,-429.68284316779,-143.22745172948,9.0908886676913e-16,1.9424029308283e-05,1.7340940260454,0,5.6991673870021e-12,200.52814352233,5.3090377472615e-12,-57.196989344582,-3.7174304171943e-12,3.717500168622e-12,120.14738373016,120.14735475339,-0.36372970195749,-0.36373805754299,3.7174427216438e-12,-3.7173701999937e-12,0.36373258360772,0.36373497635428,120.14744259034,120.14747135463,43.689865441217,0.0007093529103129,0.00020052814352233,-5.4948422435288e-10,0,329.01557483285,100000835.99105,-2.1906801583715e-13,-0.0060148763276402,0.0094303937277532,390.72426781327,1.7500054991287e-07,1039.6085818229,909.53348188108
87.575000000008,-430.07853421022,-143.35934574789,9.1372187042576e-16,0.00013277273989853,1.7340959621429,0,5.7276457223562e-12,200.66372403981,5.3627265952345e-12,-57.210980821531,-3.7550237846733e-12,3.7550961321695e-12,120.17676987606,120.1767414606,-0.36659293324215,-0.36660138398697,3.7550375288073e-12,-3.7549628343669e-12,0.36659585306036,0.36659826371221,120.17682981775,120.17685801478,43.700561736972,0.00070984326286842,0.00020066372403981,-5.7077229633748e-10,0,329.0155801107,100000841.01042,-2.193317029185e-13,-0.0061136623440553,0.0095294502147827,390.76290517121,1.2182411929691e-07,1039.6905397639,909.60407351823
87.675000000008,-430.4342343502,-143.47790954108,9.1801422454483e-16,0.00024636218219922,1.7340979064784,0,5.7540275747069e-12,200.78549199718,5.4129242345094e-12,-57.223573543491,-3.7901725790128e-12,3.7902474786016e-12,120.20321782001,120.2031899401,-0.3692111360272,-0.36921967714286,3.7901877421052e-12,-3.7901109340456e-12,0.36921409245317,0.36921651941678,120.20327881811,120.20330647372,43.7101886815,0.0007102836283279,0.00020078549199718,-5.9224232832106e-10,0,329.01558539196,100000846.03299,-2.1960232900631e-13,-0.0062124635386777,0.0096284968905965,390.79853437524,7.3336128553594e-08,1039.7642783131,909.66746273593
87.775000000008,-430.75342666434,-143.58430413124,9.2199339911797e-16,0.00036002574337196,1.7340998603186,0,5.7784823479692e-12,200.89465285049,5.45982779117e-12,-57.234892018196,-3.8230148293596e-12,3.8230922365441e-12,120.22698910159,120.22696173271,-0.37159969507927,-0.37160832206373,3.8230313890406e-12,-3.8229525262614e-12,0.3716026866436,0.3716051284219,120.22705113217,120.22707827094,43.718841459789,0.00071067836802548,0.0002008946528505,-6.1388782629458e-10,0,329.01559067629,100000851.05845,-2.199215274577e-13,-0.0063112776923186,0.0097275337571378,390.83142215347,2.9130408726135e-08,1039.8305285458,909.72429028063
87.875000000008,-431.03930298421,-143.67959345867,9.256849080805e-16,0.00047375012387624,1.7341018248185,0,5.8011673236083e-12,200.9923108184,5.5036298191102e-12,-57.245049853616,-3.8536853633821e-12,3.8537652334794e-12,120.24832236441,120.24829548324,-0.37377345662404,-0.37378216525164,3.8537032959552e-12,-3.8536224367972e-12,0.37377648194544,0.37377893713386,120.24838540469,120.24841205001,43.726606924325,0.00071103147730065,0.0002009923108184,-6.3572054670847e-10,0,329.01559596335,100000856.08648,-2.201852148572e-13,-0.0064101027800224,0.0098265608163494,390.86181191838,-1.1150251838302e-08,1039.8899576362,909.77514089323
87.975000000008,-431.2947861348,-143.76475179534,9.2911240138677e-16,0.0005875276562889,1.7341038010308,0,5.8222282428609e-12,201.07947669415,5.5445173446669e-12,-57.254150679664,-3.8823151383118e-12,3.882397426748e-12,120.2674352923,120.2674088766,-0.37574667791758,-0.37575546422781,3.8823344190399e-12,-3.8822516210431e-12,0.37574973569969,0.37575220298186,120.26749932052,120.26752549468,43.733564299655,0.00071134661368194,0.00020107947669415,-6.5771537468571e-10,0,329.01560125287,100000861.11682,-2.2046971903205e-13,-0.0065089369546809,0.0099255780701736,390.88992573354,-4.7866246388759e-08,1039.9431742435,909.82054802972
88.075000000008,-431.52255085134,-143.84067071647,9.322977620582e-16,0.00070135217377426,1.7341057899151,0,5.8417999170357e-12,201.1570751754,5.5826711168049e-12,-57.262288997671,-3.909030715919e-12,3.9091153784818e-12,120.28452639362,120.28450042222,-0.37753299152681,-0.37754185181265,3.9090513192797e-12,-3.9089666389794e-12,0.37753608055494,0.37753855869822,120.28459138906,120.28461711328,43.739785831749,0.00071162712334285,0.0002011570751754,-6.7987755958087e-10,0,329.01560654457,100000866.14921,-2.2074728440109e-13,-0.0066077785319171,0.010024585520552,390.91596612679,-8.1311682163736e-08,1039.9907334797,909.86099821445
88.175000000008,-431.72504338165,-143.90816563483,9.3526120574328e-16,0.00081521829767657,1.7341077923452,0,5.8600068511126e-12,201.2259517217,5.6182650382435e-12,-57.269550962287,-3.9339538641835e-12,3.9340408572455e-12,120.29977664379,120.29975109656,-0.37914538222595,-0.37915431302184,3.9339757641046e-12,-3.933889256854e-12,0.37914850136358,0.37915098921457,120.29984258668,120.29986788117,43.745337385714,0.00071187606586322,0.0002012259517217,-7.0220794101956e-10,0,329.01561183821,100000871.18342,-2.2103178874678e-13,-0.0067066259761702,0.010123583169425,390.94011775978,-1.1177669911846e-07,1040.0331414835,909.89693504952
88.275000000008,-431.90449980054,-143.96798190624,9.3802138090484e-16,0.00092912121780617,1.7341098091171,0,5.8769638693633e-12,201.28687895161,5.651465754521e-12,-57.276015100354,-3.9572012695535e-12,3.9572905502561e-12,120.31335099531,120.31332585308,-0.38059617460027,-0.3806051726696,3.9572244396157e-12,-3.9571361594467e-12,0.38059932278517,0.38060181926544,120.31341786683,120.31344275081,43.750278995328,0.00071209623733605,0.00020128687895161,-7.2469208386504e-10,0,329.01561713357,100000876.21925,-2.2135098764007e-13,-0.006805477887901,0.010222571018734,390.96254896384,-1.3951879984475e-07,1040.070859629,909.92876290282
88.375000000008,-432.06296307049,-144.02080051495,9.4059546803163e-16,0.0010430565918996,1.7341118409553,0,5.8927767334133e-12,201.34056259072,5.6824323796199e-12,-57.281752971083,-3.9788843448265e-12,3.9789758712351e-12,120.32539976454,120.32537500905,-0.38189702963503,-0.38190609195782,3.9789087584425e-12,-3.9788187579553e-12,0.38190020587567,0.3819027099772,120.32546754675,120.32549203852,43.754665367717,0.00071229019185861,0.00020134056259072,-7.4733235080843e-10,0,329.01562243045,100000881.25651,-2.2163549213751e-13,-0.006904332991831,0.010321549070419,390.98341315046,-1.6477261927269e-07,1040.1043083912,909.95685029642
88.475000000008,-432.20229889166,-144.06724335872,9.4299927676535e-16,0.0011570204843766,1.7341138885193,0,5.9075427461555e-12,201.38764699427,5.7113163386e-12,-57.286829771822,-3.9991091189582e-12,3.9992028501954e-12,120.33605990418,120.33603551806,-0.38305894875157,-0.38306807251218,3.9991347495347e-12,-3.9990430798073e-12,0.38306215212339,0.38306466290414,120.33612857996,120.33615269695,43.758546346433,0.00071246026149169,0.00020138764699427,-7.7011726407295e-10,0,329.01562772866,100000886.29502,-2.2191305781071e-13,-0.007003190126159,0.010420517326419,391.00285010637,-1.8777420010471e-07,1040.1338708956,909.98153301707
88.575000000008,-432.3242104032,-144.10787814803,9.4524733999376e-16,0.001271009321556,1.7341159524092,0,5.9213513358891e-12,201.4287202608,5.7382613094633e-12,-57.291304893363,-4.0179761963584e-12,4.0180720927037e-12,120.34545616972,120.34543213643,-0.38409228392741,-0.38410146650242,4.0180030174299e-12,-4.0179097279553e-12,0.38409551356904,0.3840980301489,120.34552572277,120.34554948158,43.76196733597,0.00071260857474466,0.0002014287202608,-7.9305076142488e-10,0,329.01563302805,100000891.33462,-2.2223225691343e-13,-0.007102048232663,0.010519475788672,391.02098718077,-2.0870753680383e-07,1040.1598961722,910.00311696859
88.675000000008,-432.43025178218,-144.14322293944,9.4735300432397e-16,0.0013850198553686,1.7341180331708,0,5.9342846172532e-12,201.46431895919,5.76340324824e-12,-57.295232428607,-4.0355807744531e-12,4.0356787974263e-12,120.35370218795,120.35367849175,-0.38500675270217,-0.38501599164846,4.0356087597993e-12,-4.0355138984431e-12,0.38501000781173,0.38501252936834,120.35377260273,120.35379601916,43.764969690617,0.00071273707366689,0.00020146431895919,-8.161407288266e-10,0,329.01563832845,100000896.37518,-2.2248900603349e-13,-0.0072009063476375,0.010618424459117,391.03794037336,-2.2776204139912e-07,1040.182702138,910.02188078566
88.775000000009,-432.52184080518,-144.1737503231,9.4932851642629e-16,0.001499049132315,1.7341201313006,0,5.9464179259715e-12,201.49493249107,5.7868704830031e-12,-57.298661638224,-4.0520127095158e-12,4.0521128219413e-12,120.36090143514,120.36087806103,-0.38581145702594,-0.3858207500693,4.0520418332648e-12,-4.0519454462347e-12,0.38581473685749,0.38581726262234,120.36097269682,120.36099578593,43.767591070443,0.00071284752962292,0.00020149493249107,-8.3937422970243e-10,0,329.01564362972,100000901.41656,-2.2276657189467e-13,-0.0072997635935965,0.010717363339691,391.05381533042,-2.4510817429965e-07,1040.2025783277,910.03807822714
88.875000000009,-432.60027043747,-144.19989128491,9.5118510503139e-16,0.0016130944661435,1.7341222472499,0,5.9578203262023e-12,201.5210071116,5.8087838641255e-12,-57.30163737658,-4.0673566218788e-12,4.0674587879303e-12,120.36714813172,120.36712506541,-0.38651490504654,-0.3865242500706,4.0673868585906e-12,-4.0672889904253e-12,0.38651820890658,0.38652073816131,120.36722022618,120.36724300228,43.769865766914,0.0007129415578348,0.0002015210071116,-8.6274588272054e-10,0,329.01564893175,100000906.45864,-2.230371989185e-13,-0.0073986191716783,0.010816292432332,391.06870825635,-2.6088428903634e-07,1040.2197883921,910.05194036609
88.975000000009,-432.66671950074,-144.22203876367,9.5293305836172e-16,0.0017271534134359,1.734124381429,0,5.9685550892556e-12,201.54294962995,5.8292569596297e-12,-57.304200481213,-4.0816920327169e-12,4.0817962179502e-12,120.37252806039,120.37250528829,-0.38712503506202,-0.38713443009759,4.081723357456e-12,-4.0816240510246e-12,0.3871283623061,0.38713089437888,120.37260097416,120.3726234509,43.77182500063,0.00071302063076721,0.00020154294962995,-8.8625039627949e-10,0,329.01565423441,100000911.50132,-2.2328700931456e-13,-0.0074974723547,0.010915211738975,391.08270674709,-2.7525403134958e-07,1040.2345723837,910.06367759255
89.075000000009,-432.72226248856,-144.24055092202,9.5458179695822e-16,0.0018412237516128,1.7341265342107,0,5.9786801435271e-12,201.56113080962,5.8483962858693e-12,-57.306388128693,-4.0950935255739e-12,4.0951996969399e-12,120.3771193137,120.37709682283,-0.38764924097884,-0.38765868419397,4.095125913963e-12,-4.0950252104802e-12,0.38765259100847,0.38765512527056,120.37719303391,120.37721522433,43.77349719338,0.00071308609042888,0.00020156113080962,-9.098950024193e-10,0,329.01565953761,100000916.54449,-2.2357845312585e-13,-0.0075963224808146,0.011014121261557,391.09589055203,-2.8831397284367e-07,1040.2471488449,910.07348144406
89.175000000009,-432.76787858693,-144.25575415307,9.5613994198674e-16,0.001955303459025,1.7341287059337,0,5.988248496251e-12,201.57588849288,5.8663015650854e-12,-57.308234159688,-4.107630926704e-12,4.1077390525587e-12,120.38099297679,120.38097075483,-0.38809439872074,-0.38810388841095,4.1076643549745e-12,-4.1075622940182e-12,0.38809777098018,0.38810030684285,120.38106749121,120.38108940767,43.774908216649,0.00071313915967641,0.00020157588849288,-9.336691031941e-10,0,329.01566484124,100000921.58807,-2.239115303503e-13,-0.0076951689477137,0.011113021002012,391.10833226991,-3.0020763750307e-07,1040.2577167162,910.08152627806
89.275000000009,-432.80445994702,-144.26794583911,9.5761537897235e-16,0.0020693906968845,1.7341308969057,0,5.9973086268103e-12,201.5875304658,5.8830660025565e-12,-57.309769375718,-4.1193694991368e-12,4.1194795492367e-12,120.38421375085,120.38419178604,-0.38846689312352,-0.38847642770284,4.1194039441655e-12,-4.1193005637039e-12,0.38847028709693,0.38847282400843,120.38428904778,120.38431070209,43.776081618484,0.00071318095258092,0.0002015875304658,-9.5757057801038e-10,0,329.01567014522,100000926.63197,-2.2418909647114e-13,-0.0077940112073342,0.011211910962277,391.12009798449,-3.1101307240982e-07,1040.2664570786,910.08797079895
89.375000000009,-432.83281927518,-144.27739688035,9.5901531723333e-16,0.0021834837928406,1.7341331074061,0,6.0059048533458e-12,201.59633708287,5.8987765771261e-12,-57.31102181,-4.1303701461038e-12,4.1304820915961e-12,120.38684052196,120.38681880311,-0.38877264493269,-0.38878222292503,4.1304055854414e-12,-4.1303009218678e-12,0.38877606014133,0.38877859758406,120.38691659027,120.38693799368,43.77703883055,0.00071321248392529,0.00020159633708287,-9.8161252775385e-10,0,329.01567544947,100000931.67613,-2.2445972374421e-13,-0.0078928487610242,0.011310791144284,391.13124784434,-3.2085582116105e-07,1040.2735347436,910.09295945188
89.475000000009,-432.85369678814,-144.28435401433,9.6034634508731e-16,0.0022975812260393,1.7341353376885,0,6.0140776731371e-12,201.60256367432,5.9135143398104e-12,-57.312016974533,-4.1406896201273e-12,4.1408034335295e-12,120.38892688021,120.38890539662,-0.38901713759093,-0.38902675762199,4.1407260320177e-12,-4.140620120191e-12,0.38902057359056,0.38902311107839,120.38900370925,120.38902487248,43.777799357032,0.00071323467791568,0.00020160256367432,-1.0057748599315e-09,0,329.01568075392,100000936.72046,-2.2470953438026e-13,-0.0079916811551382,0.011409661549967,391.14183659239,-3.2980483287782e-07,1040.2790997048,910.09662369472
89.575000000009,-432.86776658276,-144.28904193842,9.616144810655e-16,0.0024116816135217,1.734137587983,0,6.0218640782585e-12,201.60644274784,5.9273547160875e-12,-57.312778085501,-4.1503807346863e-12,4.1504963898598e-12,120.39052159307,120.39050033459,-0.38920544356378,-0.38921510435361,4.1504180980784e-12,-4.1503109713674e-12,0.38920889994223,0.38921143701809,120.3905991727,120.39062010598,43.778380946943,0.00071324837614949,0.00020160644274784,-1.0300650600704e-09,0,329.0156860585,100000941.76492,-2.2502179510487e-13,-0.0080905079770161,0.01150852218126,391.15191404882,-3.3793902497867e-07,1040.2832884617,910.09908315846
89.675000000009,-432.87564245609,-144.29166525019,9.6282522128576e-16,0.0025257836978425,1.7341398584984,0,6.0292978474666e-12,201.60818600027,5.9403678081655e-12,-57.313326268699,-4.159492575865e-12,4.1596100479916e-12,120.39166903701,120.39164799394,-0.38934225000417,-0.38935195035988,4.1595308704249e-12,-4.1594225607512e-12,0.38934572637894,0.38934826261251,120.39174735755,120.39176807061,43.778799751185,0.00071325434489582,0.00020160818600027,-1.0544793920219e-09,0,329.01569136316,100000946.80945,-2.2529936140195e-13,-0.0081893288513128,0.011607373040094,391.161525551,-3.4533699637693e-07,1040.2862252262,910.10044670471
89.775000000009,-432.87788218969,-144.29240987567,9.6398358339428e-16,0.0026398863357302,1.734142149424,0,6.036409816844e-12,201.60798564096,5.9526187078041e-12,-57.313680755949,-4.1680707213942e-12,4.1681899869402e-12,120.39240961003,120.39238877311,-0.38943188368886,-0.38944162249808,4.1681099275041e-12,-4.168000465394e-12,0.38943537970497,0.38943791469056,120.39248866224,120.39250916437,43.779070472617,0.00071325327989054,0.00020160798563524,-1.0790185234395e-09,0,329.01569666783,100000951.85398,-2.2556304995304e-13,-0.00828814343664,0.011706214128402,391.17071235744,-3.5208159107888e-07,1040.2880230298,910.10081339605
89.875000000009,-432.87499710948,-144.29144625524,9.6509414752985e-16,0.002753988487825,1.7341444609315,0,6.0432281321175e-12,201.60601838439,5.9641677662431e-12,-57.313859019782,-4.1761574296568e-12,4.1762784663388e-12,120.39278001458,120.39275937501,-0.38947833475257,-0.38948811097718,4.1761975284154e-12,-4.1760869430481e-12,0.38948185008048,0.38948438343507,120.39285978965,120.3928800897,43.779206469447,0.00071324582076885,0.00020160601837447,-1.1036822326169e-09,0,329.01570197248,100000956.89849,-2.2581979965039e-13,-0.0083869514225212,0.011805045448114,391.17951201351,-3.5819566194221e-07,1040.288784726,910.10027337453
89.975000000009,-432.86744891396,-144.28892828716,9.6616108995166e-16,0.0028680892099097,1.7341467931764,0,6.0497784556375e-12,201.60244326298,5.9750708531056e-12,-57.313876978935,-4.1837918209733e-12,4.1839146077112e-12,120.39281368926,120.39279323861,-0.38948527954406,-0.38949509221431,4.1838327941843e-12,-4.1837211134503e-12,0.38948881387768,0.38949134523907,120.39289417872,120.39291428517,43.779219911455,0.00071323254316129,0.00020160244326298,-1.1284682343807e-09,0,329.01570727706,100000961.94292,-2.26034916024e-13,-0.0084857525267884,0.011903867001162,391.18795866371,-3.6374042615791e-07,1040.2886038472,910.09890861297
90.075000000009,-260.38927477372,-86.796284420778,5.1874294753808e-16,0.0029607069612597,1.7341201971973,0,3.2936843626961e-12,124.23562896125,5.8264395998728e-12,-55.947096557064,-4.079722346692e-12,4.0798400214476e-12,117.52176768299,117.52174846806,-0.37895583797943,-0.37896560104214,4.0797630028318e-12,-4.0796499880358e-12,0.37895929168686,0.37896194008109,117.52184839363,117.52186726379,42.753496192903,0.00043497166277383,0.00012423562896093,-1.1485093074823e-09,0,329.01571178645,100000966.03755,-2.2626390796108e-13,-0.008481199404174,0.011854457445333,385.78504313149,-0.00021953741880899,1025.6192395716,897.24950340749
90.175000000009,-199.81619071272,-66.60528496156,2.2117049355322e-16,0.0030225995041025,1.734088009365,0,1.4278191150033e-12,100.31541095274,5.3351373870644e-12,-53.169628201939,-3.7357083012609e-12,3.7358167798398e-12,111.68744859482,111.68743019089,-0.34624090932481,-0.34624983996229,3.7357459660208e-12,-3.7356420561942e-12,0.34624407154486,0.3462464881849,111.68752946197,111.68754752117,40.632936133455,0.00034970385396626,0.00010031541095263,-1.1574251975101e-09,0,329.01571472638,100000968.77337,-2.2654146942205e-13,-0.0084350549297993,0.011755631009194,379.42792622022,-8.9707322231529e-05,1008.382236193,882.15193093156
90.275000000009,-162.19921460634,-54.066313684012,9.7798555411517e-17,0.003074667161224,1.7340574493595,0,6.4151139117703e-13,85.821470390721,4.7531382968724e-12,-50.449097831432,-3.328187550495e-12,3.3282845969798e-12,105.97273300619,105.97271498462,-0.30799981353592,-0.30800776278439,3.3282213628028e-12,-3.3281285522823e-12,0.30800262985283,0.30800477773044,105.97281451955,105.97283219731,38.554100614435,0.00029820277290131,8.5821470390647e-05,-1.161660741824e-09,0,329.01571718442,100000971.07458,-2.267635187502e-13,-0.0083860533345713,0.011656794805425,373.42499272208,-7.0010801032093e-05,992.11921663503,867.90826102623
90.375000000009,-133.02560853235,-44.341794315982,4.4283278795078e-17,0.0031195074350957,1.7340280859669,0,2.9501311741499e-13,74.226319975059,4.1808245433173e-12,-47.83854195536,-2.9274485847498e-12,2.9275341604051e-12,100.48902894675,100.48901124548,-0.27064573414405,-0.27065272216592,2.9274784718315e-12,-2.9273966999181e-12,0.27064821064443,0.27065009732594,100.48911099007,100.48912834981,36.5592918628,0.00025714666070143,7.4226319975005e-05,-1.1638435695237e-09,0,329.01571929876,100000973.05622,-2.2700638398019e-13,-0.0083349559162865,0.011557948832095,367.68318081644,-5.8784868184808e-05,976.57399667447,854.29382419532
90.475000000009,-109.6277869395,-36.542532914221,2.0420463683665e-17,0.0031584147979814,1.7339997050082,0,1.3811640794942e-13,64.561254753845,3.6541144021823e-12,-45.326197831361,-2.5586416728363e-12,2.5587165817585e-12,95.211627696697,95.211610312145,-0.23640006780688,-0.23640617321149,2.5586678763303e-12,-2.5585963289754e-12,0.23640223185721,0.236403879554,95.211710091018,95.21172713703,34.639594947145,0.00022303224613987,6.4561254753804e-05,-1.165082115063e-09,0,329.01572113223,100000974.77561,-2.2724924860207e-13,-0.0082821410144601,0.011459093087274,362.15597215153,-5.0247609919705e-05,961.61852762008,841.19635914255
90.575000000009,-90.56582569671,-30.188555754942,9.5523218195686e-18,0.0031923242567293,1.7339721517807,0,6.5576416687455e-14,56.351778350391,3.1832808661501e-12,-42.900002747426,-2.2289600437355e-12,2.2290253615717e-12,90.115190404106,90.11517334384,-0.20585819371281,-0.20586351119609,2.2289829160209e-12,-2.2289205444986e-12,0.20586007864824,0.20586151337782,90.115272986883,90.115289711951,32.785778471443,0.00019413970682306,5.635177835036e-05,-1.1658644740002e-09,0,329.01572272958,100000976.27409,-2.2751292942641e-13,-0.0082278819593475,0.011360227569027,356.80965237592,-4.3434837830058e-05,947.16029174147,828.534772039
90.675000000009,-74.864260067361,-24.954708603442,4.519102663939e-18,0.0032219557852986,1.7339453071342,0,3.1481555620712e-14,49.280868865067,2.7682802575142e-12,-40.550551004608,-1.9383731095041e-12,1.9384299444127e-12,85.179959518834,85.179942794814,-0.17897630743081,-0.17898093099737,1.9383930246816e-12,-1.9383387607126e-12,0.17897794646534,0.17897919380989,85.180042145636,85.180058537991,30.990640447096,0.00016932316993307,4.9280868865043e-05,-1.1664115549027e-09,0,329.01572412512,100000977.58352,-2.2782518212223e-13,-0.0081723892961215,0.011261352275424,351.61820794446,-3.7880952517767e-05,933.1280485464,816.24662669871
90.77500000001,-61.825507811037,-20.608464508045,2.1569546386652e-18,0.0032478799473735,1.7339190766316,0,1.5245323997809e-14,43.122377725921,2.4051109298638e-12,-38.27062470116,-1.684078880723e-12,1.6841282767843e-12,80.39077316374,80.390756791115,-0.15547249409926,-0.155476510726,1.6840961967059e-12,-1.6840490386013e-12,0.15547391801386,0.15547500154253,80.390855701428,80.390871746056,29.248653950188,0.00014776734582932,4.3122377725902e-05,-1.1668274555201e-09,0,329.01572534598,100000978.72912,-2.2813049560718e-13,-0.0081158299196537,0.01116246720453,346.56099954869,-3.3276650119547e-05,919.46534266953,804.28244833633
90.87500000001,-50.935167451169,-16.978356632228,1.036597781482e-18,0.0032705589593586,1.7338933837602,0,7.4325985083949e-15,37.709982551473,2.0885028160317e-12,-36.054704387625,-1.4623872100285e-12,1.462430112806e-12,75.736037219949,75.736021216737,-0.13499322441248,-0.13499671208437,1.4624022538407e-12,-1.4623612965423e-12,0.13499446082819,0.13499540162868,75.736119540348,75.736135219378,27.555592340442,0.00012887382053571,3.7709982551458e-05,-1.1671669623305e-09,0,329.01572641408,100000979.7313,-2.2841499214551e-13,-0.0080583390622578,0.011063572354412,341.62129605892,-2.9402159212842e-05,906.12644122188,792.60216051026
90.97500000001,-41.804545808577,-13.934820813845,5.0076527131767e-19,0.0032903744203693,1.7338681653403,0,3.6421383312194e-15,32.918639784803,1.8130512555077e-12,-33.898628547548,-1.2695137072746e-12,1.2695509565128e-12,71.20701003393,71.206994420913,-0.11718211627063,-0.11718514384146,1.2695267709067e-12,-1.2694912116156e-12,0.11718318958468,0.11718400625479,71.207092008556,71.207107301389,25.908268209508,0.0001121933671955,3.2918639784791e-05,-1.1674560762838e-09,0,329.01572734747,100000980.60695,-2.2865785509566e-13,-0.008000028399968,0.010964667723135,336.78527944314,-2.6096581185368e-05,893.07359096481,781.17268035131
91.07500000001,-34.133740158407,-11.377889647196,2.4282368643278e-19,0.0033076467651169,1.7338433683015,0,1.7913243068115e-15,28.652721512455,1.57367546004e-12,-31.799366036061,-1.101900760803e-12,1.1019330946427e-12,66.797324403227,66.797309203941,-0.10170695524445,-0.10170958302513,1.1019121017726e-12,-1.1018812352835e-12,0.10170788683195,0.10170859565213,66.797405898691,66.79742078202,24.304358890739,9.7382795119177e-05,2.8652721512446e-05,-1.1677100831522e-09,0,329.01572816131,100000981.37021,-2.2895622900289e-13,-0.0079409917454569,0.010865753308765,332.04134436016,-2.3239349088633e-05,880.27509469614,769.96623239639
91.17500000001,-27.687061325257,-9.2290002002713,1.1804224502232e-19,0.0033226493248964,1.7338189473504,0,8.8320433652802e-16,24.83815044635,1.3657803971232e-12,-29.754867943515,-9.5633088949812e-13,9.5635895315055e-13,62.502676401976,62.502661642759,-0.088268692601697,-0.088270973197724,9.563407333704e-13,-9.5631394348217e-13,0.088269501109187,0.08827011627512,62.502757275704,62.502771723487,22.74229283199,8.4176408791123e-05,2.4838150446343e-05,-1.1679340375002e-09,0,329.01572886848,100000982.03317,-2.2918521380158e-13,-0.0078813091670929,0.010766829109365,327.37959079798,-2.0738178058316e-05,867.70392121869,758.95913031661
91.27500000001,-22.276183192248,-7.4253771966924,5.7463123405455e-20,0.0033356187647488,1.7337948632367,0,4.3605627669867e-16,21.417041278047,1.1852890858365e-12,-27.763976801182,-8.2994935652122e-13,8.2997371221472e-13,58.320634658853,58.320620368898,-0.076602723635503,-0.076604702826677,8.2995790010677e-13,-8.2993464997715e-13,0.076603425291234,0.07660395915438,58.320714754887,58.320728738298,21.221179895122,7.2366588321369e-05,2.1417041278041e-05,-1.1681368008706e-09,0,329.01572948015,100000982.60629,-2.29511342965e-13,-0.0078210500496295,0.010667895123,322.79144696382,-1.852101793268e-05,855.33667392527,748.1308730411
91.37500000001,-17.748283075753,-5.9160798154975,2.7983780426643e-20,0.003346763022115,1.7337710814335,0,2.1537081647801e-16,18.34396194827,1.0286201709403e-12,-25.826378503024,-7.202484664483e-13,7.2026960324016e-13,54.250539364075,54.250525575446,-0.066476995680683,-0.066478713256817,7.2025588108338e-13,-7.2023570378961e-13,0.066477604590103,0.066478067884688,54.250618508822,54.25063199625,19.740774370218,6.1790244695612e-05,1.8343961948266e-05,-1.168316432037e-09,0,329.01573000608,100000983.09875,-2.2978196084303e-13,-0.0077602754251424,0.010568951347732,318.26938222232,-1.6530600096563e-05,843.15280667775,737.46345764894
91.47500000001,-13.977490600005,-4.659151321583,1.3620132599009e-20,0.00335626748163,1.7337475711086,0,1.0631498345059e-16,15.583262387079,8.9264460127044e-13,-23.942586307068,-6.2503723107802e-13,6.2505557395033e-13,50.293468662563,50.29345541012,-0.057688967686207,-0.05769045820687,6.2504366572653e-13,-6.2502615554662e-13,0.057689496100921,0.05768989814964,50.293546660485,50.293559617618,18.30146256083,5.2319134631053e-05,1.5583262387076e-05,-1.1684818367543e-09,0,329.015730455,100000983.51875,-2.3008033417515e-13,-0.0076990397889538,0.010469997781626,313.80668372431,-1.4720699640171e-05,831.13401431641,726.94084532038
91.57500000001,-10.858579341105,-3.6195162842768,6.6195600741076e-21,0.0033642998713423,1.7337243043075,0,5.2406838997758e-17,13.107108301956,7.746366200354e-13,-22.113947637715,-5.4240705239735e-13,5.4242297043871e-13,46.45225294249,46.452240263633,-0.050062312664435,-0.050063606134842,5.4241263647246e-13,-5.4239744105737e-13,0.050062771221632,0.05006312011834,46.452329571863,46.452341961953,16.904267850509,4.3852718761355e-05,1.3107108301953e-05,-1.1686285069926e-09,0,329.01573083476,100000983.8737,-2.3037870739572e-13,-0.0076373925423893,0.010371034422742,309.39727926305,-1.30537328929e-05,819.26374979131,716.54853826282
91.67500000001,-8.3022109124552,-2.7673952752206,3.2098096668632e-21,0.0033710141967733,1.7337012552947,0,2.5775321200655e-17,10.893965899161,6.7222572122137e-13,-20.342663463026,-4.70698082032e-13,4.7071189568161e-13,42.731515538554,42.731503472696,-0.043443742650513,-0.043444865116069,4.7070292791104e-13,-4.7068974136083e-13,0.04344414058365,0.043444443353918,42.731590547653,42.731602332064,15.550865453046,3.6312646243208e-05,1.0893965899159e-05,-1.1687601409618e-09,0,329.01573115259,100000984.1704,-2.3065626383112e-13,-0.0075753791546536,0.010272061269142,305.03559494724,-1.1499261087778e-05,807.52683657979,706.27324014376
91.77500000001,-6.2312800411887,-2.07708656257,1.5515610394488e-21,0.0033765539057385,1.7336784000228,0,1.2638252188196e-17,8.9273437076717,5.8335227449127e-13,-18.631806788508,-4.0846814941239e-13,4.0848013681861e-13,39.13771157912,39.137700166739,-0.037700103256048,-0.037701077322184,4.0847235465322e-13,-4.0846091144294e-13,0.037700448579094,0.037700711320519,39.137784683447,39.137795822602,14.243596595626,2.9638174282182e-05,8.9273437076702e-06,-1.1688792269112e-09,0,329.01573141518,100000984.4152,-2.3088524791257e-13,-0.0075130420996247,0.010173078318887,300.71644071802,-1.0033370640351e-05,795.90915721296,696.10258321929
91.87500000001,-4.5780704063038,-1.526018058667,7.4702771954312e-22,0.0033810543783728,1.7336557157143,0,6.1728066872725e-18,7.1946312113509,5.0622770294717e-13,-16.98532134252,-3.5446487789688e-13,3.5447528047146e-13,35.679125223653,35.679114504812,-0.032715779982002,-0.03271662526717,3.5446852717865e-13,-3.544585968542e-13,0.032716079650014,0.032716307654453,35.679196105221,35.679206560088,12.985467723294,2.3781961232122e-05,7.1946312113498e-06,-1.1689825769527e-09,0,329.01573162886,100000984.61408,-2.3113504858448e-13,-0.0074504215940286,0.010074085570039,296.43492028609,-8.6387533832152e-06,784.39740839514,686.0249138107
91.97500000001,-3.2820482761023,-1.0940118673315,3.5794711718647e-22,0.0033846447537465,1.7336331805547,0,3.0007805971664e-18,5.6858986769256,4.3929927931199e-13,-15.407974435672,-3.0760103475384e-13,3.0761006201022e-13,32.365770637935,32.365760650124,-0.028390412412112,-0.02839114594182,3.0760420157019e-13,-3.0759558412865e-13,0.028390672460914,0.028390870320789,32.365838947979,32.365848682214,11.780114902644,1.8705771563981e-05,5.6858986769248e-06,-1.1690776888787e-09,0,329.01573179967,100000984.77273,-2.3144036032128e-13,-0.0073875561384276,0.0099750830206553,292.1863650541,-7.305375296939e-06,772.97892130511,676.02913488067
92.07500000001,-2.2882116528412,-0.76273400028097,1.7054755618787e-22,0.0033874490377835,1.7336107735084,0,1.4507051764087e-18,4.3925582063348,3.8121925721406e-13,-13.905231192863,-2.6693291662137e-13,2.6694075038251e-13,29.209127804798,29.209118580075,-0.024636893600569,-0.024637530149764,2.6693566475437e-13,-2.6692818662667e-13,0.024637119268127,0.024637290968793,29.209193171579,29.209202154356,10.631708409058,1.4375769150141e-05,4.3925582063342e-06,-1.1691593353432e-09,0,329.01573193338,100000984.89665,-2.3173873308242e-13,-0.0073244828421791,0.0098760706687969,287.96629399334,-6.0314448366574e-06,761.64155214618,666.10461013253
92.17500000001,-1.5459800694474,-0.51532431110694,8.0730904261238e-23,0.003389586399984,1.7335884742744,0,6.9686400921925e-19,3.3058547883701,3.3081792564442e-13,-12.483014971472,-2.3164148200706e-13,2.3164828006168e-13,26.221639258078,26.22163081964,-0.021379625680994,-0.021380178071408,2.3164386680869e-13,-2.3163737736912e-13,0.021379821512828,0.021379970512782,26.221701301354,26.22170951074,9.5447706120559,1.0757325460613e-05,3.3058547883697e-06,-1.1692275228498e-09,0,329.01573203556,100000984.9911,-2.3201628908508e-13,-0.0072612375020555,0.0097770485125217,283.77040278093,-4.8241464962555e-06,750.37365160218,656.24113719796
92.27500000001,-1.0086441542578,-0.33621301878351,3.7933184212164e-23,0.0033911705830758,1.7335662633965,0,3.323271754403e-19,2.4152740308504,2.8708014758657e-13,-11.147327164873,-2.0101592343583e-13,2.0102182271361e-13,23.415911442733,23.415903801304,-0.018553002067171,-0.018553481425453,2.0101799294124e-13,-2.010123614763e-13,0.018553172007868,0.018553301308376,23.415969795656,23.41597722215,8.5238865818347,7.8096789190897e-06,2.4152740308502e-06,-1.1692848890215e-09,0,329.01573211151,100000985.06111,-2.3223139497146e-13,-0.0071978544092048,0.0096780165498879,279.59458490237,-3.6992199928765e-06,739.16412022407,646.42899604931
92.37500000001,-0.63337532665441,-0.2111239414256,1.7676633736215e-23,0.0033923084466349,1.7335441225257,0,1.5720116927538e-19,1.707110081326,2.4912496165336e-13,-9.9037254259626,-1.7443938434199e-13,1.7444450367016e-13,20.803618674244,20.803611824935,-0.016100088356128,-0.016100504337905,1.7444118023621e-13,-1.7443629331311e-13,0.016100235828772,0.016100348034311,20.803673011675,20.803679661237,7.5733064385507,5.4813037590095e-06,1.7071100813259e-06,-1.1693320683924e-09,0,329.01573216625,100000985.11139,-2.3253670641434e-13,-0.007134365888873,0.0095789747789533,275.43498393198,-2.6786947405372e-06,728.00254738752,636.65907055678
92.47500000001,-0.38171182790408,-0.12723650792545,8.1620743844408e-24,0.0033930978489594,1.7335220348001,0,7.3696210931954e-20,1.1635731414445,2.1618786135528e-13,-8.7567043432525,-1.5137655086199e-13,1.5138099335807e-13,18.394202192828,18.394196113335,-0.013971476671861,-0.013971837656198,1.5137810931917e-13,-1.5137386850162e-13,0.013971604646974,0.013971702017686,18.394252262525,18.394258158273,6.6964727191081,3.7072666116341e-06,1.1635731414444e-06,-1.1693696806149e-09,0,329.01573220436,100000985.14627,-2.3282120111909e-13,-0.0070708016339341,0.0094799231977747,271.28806960725,-1.786236137869e-06,716.87941378162,626.92302563739
92.57500000001,-0.22030704533484,-0.073435199636505,3.7312478497389e-24,0.0033936252973604,1.7334999852674,0,3.4211573438315e-20,0.76282437690549,1.8760540771041e-13,-7.7090764123515,-1.313628774531e-13,1.3136673260161e-13,16.19356984112,16.193564492,-0.012124291011174,-0.012124604269339,1.313642298649e-13,-1.3136054973078e-13,0.012124402066543,0.012124486563757,16.193615491796,16.193620673626,5.8955471395948,2.4098084170876e-06,7.6282437690546e-07,-1.1693970585652e-09,0,329.01573222992,100000985.16958,-2.3316120692778e-13,-0.0070071879635254,0.0093808618044087,267.15072218788,-1.0408826661025e-06,705.78631567562,617.21350344127
92.675000000011,-0.12161611178699,-0.040538415809866,1.6873737489876e-24,0.0033939639622238,1.7334779612461,0,1.5714382231279e-20,0.48011698403302,1.6280187152654e-13,-6.7614888665233,-1.1399523370589e-13,1.1399857916064e-13,14.203081129233,14.203076456539,-0.010521323867467,-0.010521595709393,1.1399640731375e-13,-1.1399321373453e-13,0.010521420240073,0.010521493565808,14.203122328587,14.203126850478,5.1710401510086,1.5026141619954e-06,4.8011698403301e-07,-1.1694204893766e-09,0,329.0157322464,100000985.18455,-2.3341794597203e-13,-0.0069435471902059,0.0092817905969107,263.02030366154,-4.5115328413063e-07,694.71615344998,607.52428823526
92.775000000011,-0.064193803228671,-0.021397770685247,7.5430619768481e-25,0.0033941726341309,1.7334559525238,0,7.1367390870959e-21,0.28982891788194,1.4127763940065e-13,-5.912204494253,-9.8923786126857e-14,9.8926689275023e-14,12.419086830279,12.419082770123,-0.0091302868929405,-0.0091305227943162,9.8924804570632e-14,-9.8922033218354e-14,0.0091303705240071,0.0091304341552583,12.419123667869,12.419127593313,4.5216413867447,8.9788686504657e-07,2.8982891788193e-07,-1.1694395224528e-09,0,329.0157322566,100000985.19377,-2.3367468498754e-13,-0.0068798972754808,0.009182709573336,258.89469495488,-1.1952218360812e-08,683.66322866285,597.85039121534
92.875000000011,-0.032418822662409,-0.01080618572825,3.3309268648144e-25,0.0033942959575535,1.7334339513303,0,3.2024930929286e-21,0.16779544292957,1.225991514351e-13,-5.1572109881259,-8.5844952442057e-14,8.5847471761498e-14,10.833158685251,10.833155169237,-0.0079231605787952,-0.0079233652913637,8.5845836236158e-14,-8.5843431287713e-14,0.0079232331528971,0.0079232883713832,10.833191359304,10.833194755917,3.9443008913626,5.1413453574496e-07,1.6779544292956e-07,-1.1694551239823e-09,0,329.01573226265,100000985.19922,-2.3391060730107e-13,-0.0068162518788792,0.0090836187317391,254.77228717847,2.9440687448663e-07,672.62321783881,588.18802741891
92.975000000011,-0.015685045738277,-0.0052283030228989,1.4520770852326e-25,0.0033943658876776,1.7334119520954,0,1.4190376114793e-21,0.09323444942943,1.0639016874321e-13,-4.4906269004445,-7.4495287030727e-14,7.449747326789e-14,9.4329421545272,9.432939114828,-0.0068756298896598,-0.0068758075369308,7.4496053977341e-14,-7.4493966990045e-14,0.0068756928686514,0.0068757407866344,9.432970946495,9.4329738810363,3.4345374285993,2.8231492325001e-07,9.323444942943e-08,-1.1694642922235e-09,0,329.0157322661,100000985.20231,-2.3417428517639e-13,-0.0067526207866491,0.0089845180701744,250.65192886911,4.9359398510478e-07,661.5930285645,578.53448964149
93.075000000011,-0.00728378248628,-0.002427905108577,6.2454937968836e-26,0.0033944039738127,1.7333899510594,0,6.2053642146886e-22,0.049785291428038,9.2324195217796e-14,-3.9052899952916,-6.4646174583633e-14,6.4648071775726e-14,8.2033923057972,8.2033896789439,-0.0059665945013755,-0.0059667486616849,6.4646840131306e-14,-6.4645029067135e-14,0.0059666491538381,0.0059666907365263,8.2034175494035,8.203420084094,2.9868870684824,1.4885903571159e-07,4.9785291428038e-08,-1.1694735518564e-09,0,329.01573226798,100000985.20399,-2.344032685736e-13,-0.0066890105996431,0.0088854075866953,246.53284353674,6.1338195603415e-07,650.57057648243,568.88795314658
93.175000000011,-0.0032532493843685,-0.0010844059327085,2.648832114933e-26,0.0033944239266391,1.7333679458294,0,2.6765234227923e-22,0.025590663887719,8.0117901096072e-14,-3.3933836717828,-5.609922522783e-14,5.610087158985e-14,7.1280896705005,7.1280873995507,-0.0051777437851123,-0.0051778775636996,5.6099802782637e-14,-5.6098231161461e-14,0.0051777912119063,0.0051778272968967,7.1281117220393,7.1281139125015,2.5953818325471,7.5499329032315e-08,2.5590663887719e-08,-1.1694793055665e-09,0,329.01573226897,100000985.20487,-2.3472245758627e-13,-0.0066254255136307,0.0087862872793545,242.41453706698,6.7882690541991e-07,639.554535681,559.24725712046
93.275000000011,-0.0014005227747991,-0.00046683617265475,1.1071754524233e-26,0.0033944339991144,1.7333459349667,0,1.1380822969789e-22,0.012685556159933,6.952541594039e-14,-2.9469829361107,-4.8682278423771e-14,4.8683707118267e-14,6.1903871031741,6.1903851384454,-0.0044931879806587,-0.0044933040722162,4.8682779619355e-14,-4.8681415784126e-14,0.0044932291370986,0.0044932604512485,6.190406317615,6.1904082122237,2.2539675544162,3.6901581986905e-08,1.2685556159933e-08,-1.1694870148523e-09,0,329.01573226947,100000985.20532,-2.3500001323269e-13,-0.0065618680465501,0.0086871571462044,238.29671190028,7.0968383057792e-07,628.54410778471,549.6117025218
93.375000000011,-0.00058230317036275,-0.0001940989927214,4.5584421390193e-27,0.0033944389076023,1.733323917652,0,4.7680784921238e-23,0.0060753006940297,6.0333376121187e-14,-2.5584570887629,-4.2245935171274e-14,4.2247174976332e-14,5.3742556575873,5.374253956414,-0.0038991381314874,-0.0038992388744389,4.224637010318e-14,-4.2245186582265e-14,0.0038991738465843,0.0038992010206524,5.3742723721862,5.3742740123691,1.956812547638,1.7413228678613e-08,6.0753006940297e-09,-1.1694938908573e-09,0,329.01573226972,100000985.20554,-2.3533308002888e-13,-0.006498339627259,0.0085880171852969,234.17919781442,7.1991324834251e-07,617.53883595359,539.98088925814
93.475000000011,-0.00023424936717287,-7.808225764279e-05,1.8476216716328e-27,0.0033944412206801,1.7333018934428,0,1.9671777304992e-23,0.0028156661307358,5.2356627064249e-14,-2.2207201780575,-3.6660548686992e-14,3.6661624575915e-14,4.6648106829089,4.6648092088954,-0.0033836283354176,-0.003383715759021,3.6660926116021e-14,-3.6659899069847e-14,0.0033836593285781,0.0033836829099296,4.664825207812,4.6648266288287,1.6984999212845,7.9466703467335e-09,2.8156661307358e-09,-1.1695005698818e-09,0,329.01573226984,100000985.20564,-2.3554818562784e-13,-0.0064348410222048,0.0084888673946828,230.06190190335,7.1854504897835e-07,606.53847059562,530.35459863762
93.575000000011,-9.1317361040139e-05,-3.0438770152073e-05,7.3681126679776e-28,0.0033944422763854,1.7332798621128,0,7.987837210292e-24,0.0012647019962307,4.543449370259e-14,-1.9273541832212,-3.1813612943556e-14,3.1814546587896e-14,4.0485705779031,4.0485693000217,-0.0029362747165925,-0.0029363505818149,3.1813940472234e-14,-3.1813049213084e-14,0.0029363016121096,0.0029363220757419,4.0485831921255,4.0485844239834,1.4741224474464,3.5124795402725e-09,1.2647019962307e-09,-1.1695065377382e-09,0,329.01573226989,100000985.20568,-2.3581880237744e-13,-0.0063713726177905,0.0083897077724134,225.94477554945,7.1100198774178e-07,595.54288076958,520.73271581869
93.675000000011,-3.4541048589552e-05,-1.1513545539173e-05,2.8892478266967e-28,0.0033944427436808,1.7332578235536,0,3.1903922305424e-24,0.0005512247372525,3.9427544013437e-14,-1.6726420764342,-2.7607496471052e-14,2.7608306677138e-14,3.5135262388801,3.5135251306105,-0.0025480662639465,-0.0025481320989355,2.7607780696766e-14,-2.7607007272072e-14,0.0025480896035745,0.0025481073616851,3.5135371898472,3.5135382581627,1.2793083272158,1.5056204087492e-09,5.512247372525e-10,-1.1695133396242e-09,0,329.01573226991,100000985.2057,-2.3611023580862e-13,-0.0063079345935173,0.0082905383165377,221.82779421155,7.0031581241587e-07,584.55200000293,511.11518238552
93.775000000011,-1.2690417386277e-05,-4.230086910504e-06,1.1133303267264e-28,0.0033944429445089,1.7332357777178,0,1.2526190502532e-24,0.00023336796624701,3.4214780450579e-14,-1.4515455964051,-2.3957475774429e-14,2.3958178862183e-14,3.0490943701115,3.0490934087014,-0.002211183323121,-0.002211240453986,2.3957722422315e-14,-2.3957051253041e-14,0.0022112035769884,0.0022112189872775,3.0491038752521,3.0491048019836,1.1102045054447,6.265236051924e-10,2.3336796624701e-10,-1.1695196813546e-09,0,329.01573226992,100000985.20571,-2.3649881375446e-13,-0.00624452702146,0.0081913590251058,217.71094583395,6.8810894556334e-07,573.56579523882,501.50196916866
93.875000000011,-4.5323345739694e-06,-1.510758914833e-06,4.2129310249594e-29,0.003394443028383,1.7332137245884,0,4.8313675033948e-25,9.6043174962972e-05,2.9691202700261e-14,-1.259654060325,-2.0790028754754e-14,2.079063888642e-14,2.6460099583454,2.6460091242059,-0.0019188400857617,-0.0019188896632856,2.0790242793023e-14,-2.0789660359855e-14,0.0019188576618407,0.0019188710347168,2.6460182076764,2.6460190117192,0.96343770950847,2.5329518855991e-10,9.6043174962972e-11,-1.169526726117e-09,0,329.01573226993,100000985.20572,-2.3688739170012e-13,-0.0061811499202648,0.0080921698961664,213.59422456391,6.752002392118e-07,562.58425001435,491.89306152214
93.975000000011,-1.574439127823e-06,-5.2480612850575e-07,1.5644422675915e-29,0.0033944430624473,1.733191664163,0,1.8293513181018e-25,3.8446173783789e-05,2.5765692667812e-14,-1.0931214259397,-1.8041353759147e-14,1.8041883224564e-14,2.2961940659883,2.2961933422064,-0.001665147903488,-0.0016651909263071,1.8041539499157e-14,-1.8041034070186e-14,0.0016651631558122,0.001665174760644,2.2962012250355,2.2962019226985,0.83606641826104,9.9549118636975e-11,3.8446173783789e-11,-1.1695317601712e-09,0,329.01573226993,100000985.20572,-2.3724821407016e-13,-0.0061178032830476,0.0079929709277677,209.47762751168,6.6198377966288e-07,551.60735578981,482.28845173486
94.075000000011,-5.3217278727784e-07,-1.7738851800977e-07,5.6967269387243e-30,0.0033944430759079,1.7331695964461,0,6.7948883342983e-26,1.4974912500491e-05,2.2359179092659e-14,-0.94860158417867,-1.5656084428839e-14,1.5656543892989e-14,1.9926179075977,1.9926172795415,-0.0014449966732838,-0.0014450340080037,1.5656245611936e-14,-1.5655807006345e-14,0.0014450099090796,0.0014450199796226,1.9926241202906,1.9926247256806,0.72553142757063,3.8048293147075e-11,1.4974912500491e-11,-1.1695385144213e-09,0,329.01573226993,100000985.20572,-2.3768536427322e-13,-0.0060544870911719,0.0078937621179573,205.36115315215,6.4864113238062e-07,540.63510767365,472.68813528914
94.175000000011,-1.7506018884296e-07,-5.8352578517205e-08,2.0325355377854e-30,0.0033944430810836,1.7331475214449,0,2.4739372886814e-26,5.6765462843284e-06,1.9403044821766e-14,-0.82318699754086,-1.3586174458697e-14,1.3586573176533e-14,1.7291739545182,1.7291734095126,-0.0012539519050693,-0.0012539843037204,1.3586314331581e-14,-1.3585933714569e-14,0.0012539633909444,0.0012539721300486,1.729179345884,1.7291798712199,0.62960894680075,1.4145096669316e-11,5.6765462843284e-12,-1.1695460153621e-09,0,329.01573226993,100000985.20572,-2.3804618664324e-13,-0.0059912013207861,0.0077945434647825,201.24480056787,6.3525896162716e-07,529.66750239852,463.09210908956
94.275000000011,-5.604556965552e-08,-1.8681586735999e-08,7.0995816934557e-31,0.0033944430830208,1.733125439168,0,8.8218240280029e-27,2.0942262089328e-06,1.6837744659374e-14,-0.71435288632085,-1.178992980404e-14,1.1790275806905e-14,1.5005586932769,1.5005582203332,-0.0010881653980929,-0.0010881935132789,1.1790051184159e-14,-1.1789720888985e-14,0.0010881753654065,0.0010881829491031,1.5005633718672,1.5005638277416,0.54636792375734,5.1151751933471e-12,2.0942262089328e-12,-1.1695511111942e-09,0,329.01573226993,100000985.20572,-2.3835149786205e-13,-0.0059279459458139,0.0076953149662896,197.12856910329,6.218631644481e-07,518.70453739737,453.50037065451
94.375000000011,-1.7460501749543e-08,-5.8200806461945e-09,2.4256112278061e-31,0.0033944430837268,1.7331033496245,0,3.0783007116271e-27,7.5183871732323e-07,1.4611605952496e-14,-0.61990758372332,-1.0231168840555e-14,1.0231469097961e-14,1.3021683422774,1.3021679318647,-0.00094429772690615,-0.00094432212494924,1.0231274172861e-14,-1.0230987546414e-14,0.00094430637642912,0.00094431295747597,1.3021724023145,1.3021727979147,0.47413208049085,1.7990359437782e-12,7.5183871732323e-13,-1.1695580786319e-09,0,329.01573226993,100000985.20572,-2.3871925912599e-13,-0.0058647209392714,0.0075960766205248,193.01245821256,6.084833709837e-07,507.746210397,443.91291776052
94.475000000011,-5.2918937723375e-09,-1.7639375532914e-09,8.0982350380948e-32,0.0033944430839769,1.7330812528237,0,1.0501267526326e-27,2.625819153317e-07,1.2679787752461e-14,-0.53794890520324,-8.8784935605028e-15,8.8787541205114e-15,1.1300072018965,1.1300068457458,-0.0008194509755621,-0.00081947214791023,8.8785849666964e-15,-8.8783362354805e-15,0.00081945848152112,0.00081946419247976,1.1300107251543,1.1300110684508,0.41144654551594,6.1520330923919e-13,2.625819153317e-13,-1.1695645875046e-09,0,329.01573226993,100000985.20572,-2.3908008149606e-13,-0.0058015262738288,0.0074968284255334,188.89646739456,5.9510761605664e-07,496.79251924452,434.32974829062
94.575000000011,-1.5596239247603e-09,-5.1986643389049e-10,2.6393684114241e-32,0.0033944430840633,1.733059148775,0,3.4987976213519e-28,8.9178329374143e-08,1.100337758698e-14,-0.46682604573422,-7.7046571249439e-15,7.7048832359968e-15,0.98060761646673,0.98060730740357,-0.00071111036510672,-0.00071112873823294,7.7047364462135e-15,-7.7045206000543e-15,0.00071111687869376,0.00071112183459961,0.9806106739115,0.98061097182,0.35704871241615,2.0446008295615e-13,8.9178329374143e-14,-1.1695701492118e-09,0,329.01573226993,100000985.20572,-2.393923316087e-13,-0.0057383619220465,0.0073975703793601,184.78059616596,5.8175003714329e-07,485.84346183553,424.75086017154
94.675000000012,-4.4672310293757e-10,-1.4890527939842e-10,8.3884194393159e-33,0.0033944430840922,1.7330370374878,0,1.1373173108742e-28,2.9434970931145e-08,9.5486076490626e-15,-0.40510641290161,-6.6860150326659e-15,6.6862112493014e-15,0.85096030438054,0.85096003617913,-0.00061709359857109,-0.00061710954256394,6.6860838667739e-15,-6.685896557898e-15,0.00061709925098886,0.00061710355166837,0.85096295759722,0.85096321611874,0.309842872869,6.600241125589e-14,2.9434970931145e-14,-1.1695780889067e-09,0,329.01573226993,100000985.20572,-2.3968376503972e-13,-0.0056752278564673,0.0072983024800487,180.66484405062,5.6841059385529e-07,474.89903608577,415.1762513491
94.775000000012,-1.2426910862932e-10,-4.1422342250382e-11,2.5967394620825e-33,0.0033944430841018,1.7330149189716,0,3.6027800525209e-29,9.4357001889429e-09,8.2861746145681e-15,-0.35154680334459,-5.802048850728e-15,5.8022191253234e-15,0.73845381176612,0.738453579024,-0.00053550690312364,-0.0005355207391418,5.8021085841948e-15,-5.8019460396533e-15,0.00053551180822838,0.00053551554030982,0.73845611419794,0.73845633853996,0.26887817134895,2.0680582499302e-14,9.4357001889429e-15,-1.1695849806256e-09,0,329.01573226993,100000985.20572,-2.3997519847057e-13,-0.0056121240496511,0.0071990247256433,176.54921057528,5.5509526127151e-07,463.95923991967,405.60591977835
94.875000000012,-3.3545333816612e-11,-1.1181584920275e-11,7.8200029086426e-34,0.0033944430841049,1.7329927932357,0,1.1108615122181e-29,2.9351399497349e-09,7.1906493874897e-15,-0.3050683734523,-5.0349529131722e-15,5.0351006755561e-15,0.64082193631642,0.64082173434544,-0.00046470688394288,-0.00046471889068424,5.0350047492047e-15,-5.0348636948748e-15,0.00046471114053776,0.00046471437919617,0.64082393434097,0.64082412902245,0.23332946171521,6.2841708707498e-15,2.9351399497349e-15,-1.1695895580293e-09,0,329.01573226993,100000985.20572,-2.4027357079545e-13,-0.0055490504741901,0.007099737114187,172.43369526803,5.4178568777877e-07,453.0240712663,396.03986342023
94.975000000012,-8.7785762066642e-12,-2.9261400087888e-12,2.2879106629682e-34,0.0033944430841059,1.7329706602895,0,3.3295294579598e-30,8.8512889124779e-10,6.2399648835426e-15,-0.26473491284969,-4.3692756627997e-15,4.3694038893391e-15,0.55609808890736,0.55609791363921,-0.0004032674214361,-0.00040327784075158,4.3693206455273e-15,-4.369198240162e-15,0.00040327111526139,0.00040327392573283,0.55609982277067,0.55609999171306,0.2024806898661,1.850059850593e-15,8.8512889124779e-16,-1.1695974077024e-09,0,329.01573226993,100000985.20572,-2.4055112643865e-13,-0.0054860071027142,0.0070004396437217,168.31829765776,5.2850032218847e-07,442.09352805781,386.47808024042
95.075000000012,-2.2246291227147e-12,-7.4152943899775e-13,6.4938975322651e-35,0.0033944430841059,1.7329485201424,0,9.6872256449847e-31,2.5847930622316e-10,5.4149715345024e-15,-0.22973398799726,-3.7916084115882e-15,3.7917196851408e-15,0.48257568413305,0.48257553203731,-0.00034995094501701,-0.00034995998678211,3.7916474470946e-15,-3.7915412250915e-15,0.00034995415047716,0.00034995658937276,0.48257718876018,0.48257733536649,0.17571047156111,5.2709018749674e-16,2.5847930622316e-16,-1.1696031670764e-09,0,329.01573226993,100000985.20572,-2.4081480429396e-13,-0.0054229939078901,0.0069011323122899,164.20301727386,5.1522570112729e-07,431.16760822876,376.92056820901
95.175000000012,-5.4524143382684e-13,-1.817437061183e-13,1.7854167530217e-35,0.0033944430841059,1.7329263728037,0,2.7318467228998e-31,7.3003339901e-11,4.6990515598583e-15,-0.19936057795867,-3.290315250472e-15,3.2904118124129e-15,0.41877376585092,0.41877363386395,-0.00030368350481221,-0.00030369135115455,3.2903491250467e-15,-3.2902569467839e-15,0.00030368628647458,0.00030368840292082,0.41877507154947,0.41877519877278,0.15247957635361,1.4514115240043e-16,7.3003339901e-17,-1.1696100707299e-09,0,329.01573226993,100000985.20572,-2.4109235993697e-13,-0.0053600108624263,0.0068018151179328,160.08785364625,5.0196677697996e-07,420.2463097161,367.3673253008
95.275000000012,-1.2906502819302e-13,-4.3020836165701e-14,4.7470439868963e-36,0.0033944430841059,1.7329042182829,0,7.4550311332022e-32,1.9913525954794e-11,4.0777842360783e-15,-0.17300287340181,-2.85529866808e-15,2.8553824634492e-15,0.3634071767816,0.36340706224478,-0.00026353313916768,-0.00026353994813555,2.855328064056e-15,-2.8552480727934e-15,0.00026353555306308,0.00026353738969139,0.36340830985215,0.36340842025512,0.1323200660551,3.8572799869387e-17,1.9913525954794e-17,-1.1696167286722e-09,0,329.01573226993,100000985.20572,-2.4137685447402e-13,-0.0052970579390696,0.0067024880586909,155.97280630533,4.8873782899297e-07,409.32963045902,357.81834949551
95.375000000012,-2.9460387789558e-14,-9.819931327164e-15,1.2183739566658e-36,0.0033944430841059,1.7328820565892,0,1.9652525440433e-32,5.2379787908587e-12,3.5386554210335e-15,-0.15012995302859,-2.4777961573044e-15,2.4778688739859e-15,0.31536067180663,0.31536057241287,-0.00022869110221353,-0.00022869701095947,2.4778216668026e-15,-2.4777522512822e-15,0.00022869319696488,0.00022869479077033,0.31536165507255,0.31536175087901,0.11482586913719,9.8779008725175e-18,5.2379787908587e-18,-1.1696230933805e-09,0,329.01573226993,100000985.20572,-2.4166828790489e-13,-0.0052341351106061,0.0066031511326042,151.85787478192,4.7551590505117e-07,398.4175683989,348.27363877817
95.475000000012,-6.4733070949984e-15,-2.1577241017685e-15,3.0128127611208e-37,0.0033944430841059,1.732859887732,0,4.9950532169198e-33,1.3262859386153e-12,3.0708054825512e-15,-0.13028108928501,-2.1502037127628e-15,2.1502668154834e-15,0.2736664537076,0.2736663674548,-0.00019845557335528,-0.00019846070089873,2.1502258496192e-15,-2.1501656116092e-15,0.00019845739115701,0.0001984587742435,0.27366730697473,0.2736673901145,0.09964460127716,2.4331763615542e-18,1.3262859386153e-18,-1.1696295067999e-09,0,329.01573226993,100000985.20572,-2.4192502686629e-13,-0.0051712423498618,0.0065038043377118,147.7430586073,4.6231238135982e-07,387.51012147935,338.73319113958
95.575000000012,-1.3665948377014e-15,-4.5552180745282e-16,7.1628758305975e-38,0.0033944430841059,1.7328377117206,0,1.2215810207571e-33,3.2265350947687e-13,2.6648105536402e-15,-0.11305646796563,-1.8659226638759e-15,1.865977423709e-15,0.23748467890971,0.23748460406051,-0.00017221752055311,-0.00017222197017781,1.8659418739916e-15,-1.8658896001222e-15,0.00017221909802106,0.000172220298248,0.23748541936536,0.23748549151312,0.086470467310828,5.7538570882051e-19,3.2265350947687e-19,-1.169635673805e-09,0,329.01573226993,100000985.20572,-2.4218870472165e-13,-0.0051083796297012,0.006404447672053,143.62835731322,4.4912463685087e-07,376.60728764618,329.19700457684
95.675000000012,-2.7660514917237e-16,-9.2199663413592e-17,1.6335666870942e-38,0.0033944430841059,1.7328155285642,0,2.8681035258908e-34,7.5256241293775e-14,2.31249270823e-15,-0.098109134786961,-1.6192267583299e-15,1.6192742782989e-15,0.20608654057789,0.20608647562459,-0.00014944843263417,-0.00014945229396857,1.6192434286528e-15,-1.6191980659753e-15,0.00014944980154316,0.00014945084308664,0.206087183137,0.20608724574601,0.075038101624304,1.3034178186026e-19,7.5256241293775e-20,-1.1696430372869e-09,0,329.01573226993,100000985.20572,-2.4246626036462e-13,-0.0050455469230283,0.0063050811336665,139.51377043186,4.3595956306791e-07,365.70906484738,319.66507709406
95.775000000012,-5.3551730998779e-17,-1.7850165525056e-17,3.5648586134876e-39,0.0033944430841059,1.7327933382723,0,6.4491267455112e-35,1.6789640736585e-14,2.0067552338052e-15,-0.085138006713345,-1.4051468185961e-15,1.4051880558921e-15,0.1788395883151,0.17883953194935,-0.00012968967353076,-0.00012969302435344,1.4051612849153e-15,-1.4051219196926e-15,0.00012969086145463,0.00012969176529438,0.17884014592069,0.17884020025209,0.06511722291425,2.8217121012468e-20,1.6789640736585e-20,-1.1696500553899e-09,0,329.01573226993,100000985.20572,-2.4272993821982e-13,-0.0049827442027864,0.0062057047205897,135.39929749586,4.2280327237057e-07,354.81545103312,310.13740670307
95.875000000012,-9.891453886817e-18,-3.2970725478506e-18,7.4237970090724e-40,0.0033944430841059,1.732771140854,0,1.3851161073637e-35,3.5736632538866e-15,1.7414396828464e-15,-0.073881807263524,-1.2193706481526e-15,1.2194064334155e-15,0.15519498876068,0.15519493984712,-0.00011254324400769,-0.00011254615181403,1.2193832018621e-15,-1.2193490411634e-15,0.0001125442748747,0.0001125450592167,0.15519547264455,0.15519551979273,0.05650799564858,5.8224289100086e-21,3.5736632538866e-21,-1.169656982038e-09,0,329.01573226993,100000985.20572,-2.4295892160548e-13,-0.0049199714419575,0.00610631843086,131.28493803829,4.0966231581215e-07,343.92644415581,300.61399142437
95.975000000012,-1.7381354599333e-18,-5.7936413626985e-19,1.470951742665e-40,0.0033944430841059,1.7327489363186,0,2.8332595875565e-36,7.2364022322044e-16,1.5112018236732e-15,-0.064113803637698,-1.058156171226e-15,1.0581872252758e-15,0.1346764704803,0.13467642803366,-9.7663764792896e-05,-9.7666288154621e-05,1.0581670651943e-15,-1.0581374209231e-15,9.7664659367724e-05,9.7665340010908e-05,0.13467689038929,0.13467693130396,0.049037004794029,1.141817414658e-21,7.2364022322044e-22,-1.1696627527074e-09,0,329.01573226993,100000985.20572,-2.4318096609729e-13,-0.0048572286135627,0.0060069222625138,127.17069159269,3.965391728019e-07,333.04204216999,291.09482928824
96.075000000012,-2.8965191059014e-19,-9.654815440257e-20,2.764029803481e-41,0.0033944430841059,1.7327267246754,0,5.5019027958615e-37,1.3896359308363e-16,1.3114039919777e-15,-0.05563723965538,-9.1825605643373e-16,9.1828300478981e-16,0.1168707304654,0.11687069363068,-8.4751519628045e-05,-8.4753709373047e-05,9.1826551009727e-16,-9.1823978513123e-16,8.4752295930047e-05,8.4752886584568e-05,0.11687109485772,0.116871130363,0.04255376272986,2.1212648097452e-22,1.3896359308363e-22,-1.1696689622342e-09,0,329.01573226993,100000985.20572,-2.43409949483e-13,-0.0047945156906622,0.0059075162135872,123.05655769303,3.8344050696782e-07,322.16224303243,281.57991833601
96.175000000012,-4.5616631153663e-20,-1.5205137448024e-20,4.9079300848274e-42,0.0033944430841059,1.7327045059336,0,1.0107322084126e-37,2.5219320244774e-17,1.1380216746926e-15,-0.048281372510086,-7.9685230602615e-16,7.9687569150729e-16,0.10141910900104,0.10141907703628,-7.3546418105986e-05,-7.3548318342136e-05,7.9686050980934e-16,-7.9683818597235e-16,7.3547091772155e-05,7.3547604335523e-05,0.1014194252166,0.10141945602769,0.036927677986762,3.7200860925266e-23,2.5219320244774e-23,-1.1696764532379e-09,0,329.01573226993,100000985.20572,-2.436736273381e-13,-0.0047318326463546,0.0058081002821156,118.94253587373,3.7035430021705e-07,311.28704470203,272.06925662169
96.275000000012,-6.7630321137287e-21,-2.2542813744634e-21,8.2023922456685e-43,0.0033944430841059,1.7326822801024,0,1.7497067773152e-38,4.30860932095e-18,9.8756244451954e-16,-0.041898033509509,-6.9149949316455e-16,6.9151978682277e-16,0.088010365209528,0.088010337470872,-6.3822756688725e-05,-6.3824405692343e-05,6.9150661231557e-16,-6.9148723994023e-16,6.3823341288671e-05,6.3823786085413e-05,0.08801063961785,0.088010666355366,0.032045424752465,6.1341494643074e-24,4.30860932095e-24,-1.1696834407952e-09,0,329.01573226993,100000985.20572,-2.4386097736024e-13,-0.0046691794537775,0.0057086744661341,114.82862566964,3.5728301406185e-07,300.4164451399,262.56284221393
96.375000000012,-9.3984825343112e-22,-3.1327368028515e-22,1.2845656145347e-43,0.0033944430841059,1.7326600471911,0,2.8420086115181e-39,6.8998376267271e-19,8.5699561222226e-16,-0.036358643524419,-6.0007550386775e-16,6.0009311447674e-16,0.076374407748301,0.076374383677006,-5.538467237763e-05,-5.5386103364473e-05,6.0008168178716e-16,-6.0006487065713e-16,5.5385179686906e-05,5.5385565676529e-05,0.076374645876765,0.076374669079282,0.027808660158216,9.4686423723349e-25,6.8998376267272e-25,-1.1696897964956e-09,0,329.01573226993,100000985.20572,-2.4406220517028e-13,-0.0046065560861072,0.0056092387636766,110.71482661607,3.442272748501e-07,289.55044230929,253.06067319832
96.475000000012,-1.2183720016969e-22,-4.0611173552013e-23,1.8759282808634e-44,0.0033944430841059,1.7326378072088,0,4.3105158069876e-40,1.0307336837906e-19,7.4369117967575e-16,-0.031551623028699,-5.2073879142591e-16,5.2075407371486e-16,0.066276854379787,0.066276833490987,-4.8062197459411e-05,-4.8063439253742e-05,5.2074415255508e-16,-5.2072956404501e-16,4.806263769671e-05,4.8062972654175e-05,0.066277061024997,0.06627708115988,0.024132043365588,1.361502944134e-25,1.0307336837906e-25,-1.1696959816578e-09,0,329.01573226993,100000985.20572,-2.4429118855589e-13,-0.0045439625165585,0.0055097931727769,106.60113824877,3.3119384846153e-07,278.68903417564,243.56274768039
96.575000000013,-1.4654242105576e-23,-4.884593276185e-24,2.5406246034459e-45,0.0033944430841059,1.7326155601647,0,6.0721734475965e-41,1.4286153236218e-20,6.4536686400685e-16,-0.027380144561128,-4.5189128226018e-16,4.519045440591e-16,0.057514310827204,0.057514292700138,-4.170783585894e-05,-4.1708913474132e-05,4.5189593458793e-16,-4.5188327484253e-16,4.170821789193e-05,4.1708508564262e-05,0.0575144901516,0.057514507624426,0.020941516552229,1.8136560170391e-26,1.4286153236218e-26,-1.1697027055197e-09,0,329.01573226993,100000985.20572,-2.4446466079019e-13,-0.0044813987183845,0.0054103376914681,102.48756010393,3.1817424285653e-07,267.83221870655,234.06906378922
96.675000000013,-1.6254379296211e-24,-5.4179476182846e-25,3.1714504851182e-46,0.0033944430841059,1.7325933060681,0,7.8968154751803e-42,1.8260289827549e-21,5.6004212573777e-16,-0.023760182336939,-3.9214618604383e-16,3.9215769448419e-16,0.049910273818565,0.0499102580881,-3.6193592136635e-05,-3.6194527279011e-05,3.9215022328168e-16,-3.9213923729661e-16,3.6193923660578e-05,3.6194175902767e-05,0.049910429434264,0.049910444596986,0.018172813170585,2.2243627853923e-27,1.8260289827549e-27,-1.1697086232407e-09,0,329.01573226993,100000985.20572,-2.44610377449e-13,-0.0044188646648773,0.0053108723177825,98.374091718158,3.0516886913591e-07,256.97999387175,224.57961968197
96.775000000013,-1.6512799983224e-25,-5.5040762860493e-26,3.6237354423913e-47,0.0033944430841059,1.732571044928,0,9.4167367012419e-43,2.1376828681215e-22,4.8599827492468e-16,-0.020618819722599,-3.4030006168649e-16,3.4031004858194e-16,0.043311575794208,0.043311562143487,-3.1408393285701e-05,-3.1409204791766e-05,3.403035651562e-16,-3.4029403164159e-16,3.1408680978461e-05,3.1408899871403e-05,0.043311710835766,0.043311723993807,0.015770163431542,2.4941929723063e-28,2.1376828681215e-28,-1.1697147637041e-09,0,329.01573226993,100000985.20572,-2.4480466636502e-13,-0.004356360329366,0.0052113970497526,94.260732628531,2.9218051905175e-07,246.13235764316,215.09441354967
96.875000000013,-1.5245122095737e-26,-5.0815228239283e-27,3.7603009703035e-48,0.0033944430841059,1.7325487767536,0,1.0217478211226e-43,2.2742524979813e-23,4.2174385171225e-16,-0.017892780481406,-2.9530857650846e-16,2.9531724302432e-16,0.037585299663887,0.037585287817945,-2.725585139671e-05,-2.7256555612571e-05,2.9531161678019e-16,-2.9530334370314e-16,2.725610105326e-05,2.72562910061e-05,0.037585416851437,0.037585428269837,0.013685170937656,2.5367414537963e-29,2.2742524979813e-29,-1.1697229350149e-09,0,329.01573226993,100000985.20572,-2.4501977196264e-13,-0.00429388568522,0.0051119118854089,90.147482372552,2.7920949519395e-07,235.28930799483,205.61344362452
96.975000000013,-1.2677670597552e-27,-4.2257287377146e-28,3.5120977848174e-49,0.0033944430841059,1.7325265015541,0,9.999296319675e-45,2.1793770961227e-24,3.659845839672e-16,-0.015527154204898,-2.5626547032424e-16,2.5627299102949e-16,0.032616101467569,0.032616091187794,-2.3652322123009e-05,-2.3652933233635e-05,2.5626810863794e-16,-2.5626092935447e-16,2.3652538772163e-05,2.3652703611107e-05,0.03261620316161,0.03261621307037,0.011875837838071,2.3190190059121e-30,2.1793770961227e-30,-1.1697288660864e-09,0,329.01573226993,100000985.20572,-2.4523487756026e-13,-0.0042314407058453,0.0050124168227824,86.034340488163,2.6626039661286e-07,224.45084290297,196.13670818938
97.075000000013,-9.3996906069312e-29,-3.1331039635466e-29,2.9223329003266e-50,0.0033944430841059,1.7325042193386,0,8.7379075186997e-46,1.862050868743e-25,3.1759731684964e-16,-0.013474290256522,-2.2238430071001e-16,2.2239082709367e-16,0.028303887010509,0.028303878089835,-2.052521983878e-05,-2.0525750153726e-05,2.2238659020904e-16,-2.2238036010738e-16,2.0525407844486e-05,2.0525550889872e-05,0.028303975259457,0.028303983858167,0.010305718868888,1.8857824783869e-31,1.862050868743e-31,-1.1697352025303e-09,0,329.01573226993,100000985.20572,-2.45443044264e-13,-0.0041690253646865,0.0049129118599034,81.921306513733,2.5332069235285e-07,213.61696034593,186.66420559007
97.175000000013,-6.140893568863e-30,-2.0468773369407e-30,2.1407566749902e-51,0.0033944430841059,1.7324819301162,0,6.739311154511e-47,1.4018273222333e-26,2.7560738918755e-16,-0.011692837948355,-1.9298260175164e-16,1.9298826527418e-16,0.024561795673226,0.024561787931965,-1.7811555552104e-05,-1.7812015753466e-05,1.9298458855323e-16,-1.9297918214088e-16,1.7811718701347e-05,1.7811842834529e-05,0.024561872254673,0.024561879716538,0.0089431872388888,1.3477597174668e-32,1.4018273222333e-32,-1.169741999055e-09,0,329.01573226993,100000985.20572,-2.4567896654315e-13,-0.0041066396352261,0.0048133969948018,77.808379988074,2.4039676863557e-07,202.78765830416,177.19593425159
97.275000000013,-3.4868528591534e-31,-1.1622318066887e-31,1.3617607895432e-52,0.0033944430841059,1.7324596338959,0,4.5262028730841e-48,9.1723670815761e-28,2.3916900094826e-16,-0.010146913617236,-1.6746813718383e-16,1.6747305192516e-16,0.021314450784421,0.021314444066642,-1.5456668122321e-05,-1.5457067479901e-05,1.6746986130795e-16,-1.6746516968397e-16,1.5456809701403e-05,1.5456917422786e-05,0.021314517240942,0.021314523716264,0.0077607975734016,8.3480678912044e-34,9.1723670815761e-34,-1.1697482515484e-09,0,329.01573226993,100000985.20572,-2.4588019435299e-13,-0.0040442834909851,0.004713872225506,73.695560450437,2.2749170359293e-07,191.96293476032,167.73189269995
97.375000000013,-1.6932810926702e-32,-5.6439993046857e-33,7.4016218204302e-54,0.0033944430841059,1.732437330687,0,2.6055484137669e-49,5.1328856561601e-29,2.0754817635047e-16,-0.0088053778227664,-1.4532697101842e-16,1.4533123597582e-16,0.018496441314213,0.018496435484599,-1.3413123224678e-05,-1.3413469782706e-05,1.45328467194e-16,-1.4532439585533e-16,1.3413246085418e-05,1.3413339564826e-05,0.018496498984436,0.018496504603648,0.0067347330841303,4.408382782434e-35,5.1328856561601e-35,-1.1697544450413e-09,0,329.01573226993,100000985.20572,-2.4610917773834e-13,-0.0039819569055216,0.0046143375500449,69.5828474405,2.1460502985957e-07,181.14278769913,158.27207959156
97.475000000013,-6.8999366920436e-34,-2.2998610569209e-34,3.3726322920808e-55,0.0033944430841059,1.7324150204985,0,1.2618259011584e-50,2.410250631253e-30,1.8010797944389e-16,-0.0076412081078491,-1.2611311536956e-16,1.2611681645176e-16,0.016051004304562,0.016050999245689,-1.1639757884209e-05,-1.1640058623379e-05,1.2611441373395e-16,-1.2611088067191e-16,1.1639864501381e-05,1.1639945621763e-05,0.016051054350135,0.016051059226424,0.005844325829336,1.9464860227455e-36,2.410250631253e-36,-1.1697620159509e-09,0,329.01573226993,100000985.20572,-2.4631040554794e-13,-0.0039196598524326,0.0045147929664456,65.470240498375,2.0173834746739e-07,170.3272151075,148.81649375399
97.575000000013,-2.3061827541994e-35,-7.6868539018605e-36,1.2593569253803e-56,0.0033944430841059,1.7323927033393,0,5.0275197321525e-52,9.2831464159913e-32,1.5629568435515e-16,-0.0066309546873157,-1.0943954695237e-16,1.0944275870999e-16,0.013928881497172,0.013928877107139,-1.010085133295e-05,-1.0101112311028e-05,1.0944067365842e-16,-1.0943760770682e-16,1.0100943854136e-05,1.0101014249493e-05,0.013928924926159,0.013928929157748,0.0050716404010025,7.0212176298756e-38,9.2831464159913e-38,-1.1697676256811e-09,0,329.01573226993,100000985.20572,-2.4648387778206e-13,-0.0038573923053521,0.0044152384727357,61.357739164585,1.888691427263e-07,159.51621497439,139.3651342432
97.675000000013,-6.1506714898961e-37,-2.0501027285486e-37,3.7492492989878e-58,0.0033944430841059,1.7323703792187,0,1.6042733204923e-53,2.8530419984432e-33,1.3563164177108e-16,-0.0057542681006252,-9.4970411301337e-17,9.4973198428569e-17,0.012087327128005,0.012087323318383,-8.7654054891275e-06,-8.7656319629764e-06,9.497138904421e-17,-9.4968728445797e-17,8.7654857779749e-06,8.7655468662763e-06,0.012087364815193,0.012087368487318,0.0044011126532286,2.0117153717091e-39,2.8530419984432e-39,-1.1697735073079e-09,0,329.01573226993,100000985.20572,-2.4666428890998e-13,-0.0037951542379516,0.0043156740669417,57.245342980142,1.7603601923579e-07,148.70978529097,129.91800042556
97.775000000013,-1.2656039687539e-38,-4.218410350196e-39,8.605650513767e-60,0.0033944430841059,1.7323480481456,0,3.9672817241614e-55,6.7649927060415e-35,1.1769961739773e-16,-0.0049934893141724,-8.2414257678445e-17,8.2416676316195e-17,0.010489246902494,0.010489243596546,-7.6065205650725e-06,-7.6067170965383e-06,8.2415106152743e-17,-8.2412797315284e-17,7.6065902388337e-06,7.6066432505765e-06,0.010489279607012,0.010489282793642,0.0038192361947783,4.4236517754752e-41,6.7649927060415e-41,-1.1697811138169e-09,0,329.01573226993,100000985.20572,-2.4685163893167e-13,-0.0037329456239404,0.00421609974709,53.133051486422,1.6321391559734e-07,137.90792405045,120.47509209849
97.875000000013,-1.9268064756837e-40,-6.4222416838094e-41,1.4608215417451e-61,0.0033944430841059,1.732325710129,0,7.2994505305457e-57,1.1868371212553e-36,1.0213840778358e-16,-0.0043332940166699,-7.1518168402347e-17,7.1520267269058e-17,0.0091024508078842,0.0091024479390203,-6.6008532267719e-06,-6.6010237745735e-06,7.1518904698826e-17,-7.1516901115576e-17,6.6009136888803e-06,6.6009596918761e-06,0.0091024791884987,0.0091024819538199,0.0033142903308335,7.1532285791671e-43,1.1868371212553e-42,-1.1697878560356e-09,0,329.01573226993,100000985.20572,-2.4704592784735e-13,-0.0036707664370659,0.0041165155112055,49.020864225258,1.5039892289791e-07,127.11062924818,111.03640967234
97.975000000013,-2.0585737294206e-42,-6.8613895547352e-43,1.7401991963749e-63,0.0033944430841059,1.732303365178,0,9.4916456890579e-59,1.4611759693917e-38,8.8634564624908e-17,-0.0037603839426699,-6.2062664346053e-17,6.2064485719043e-17,0.0078990047121738,0.0078990022226059,-5.7281463908024e-06,-5.7282943902717e-06,6.2063303295879e-17,-6.2061564608808e-17,5.728198859142e-06,5.7282387800257e-06,0.0078990293405527,0.0078990317402674,0.0028761039738979,8.0590179159053e-45,1.4611759693917e-44,-1.1697941403961e-09,0,329.01573226993,100000985.20572,-2.4721246118738e-13,-0.0036086166511121,0.0040169213573132,44.908780738928,1.3761148214942e-07,116.31789888164,101.60195445334
98.075000000013,-1.4416538793151e-44,-4.8051082277599e-45,1.3598428456814e-65,0.0033944430841059,1.7322810133016,0,8.1646252116083e-61,1.1791785912933e-40,7.6916080999548e-17,-0.0032632190065784,-5.3857283984981e-17,5.3858864552031e-17,0.0068546676889371,0.0068546655285181,-4.970821187386e-06,-4.9709496196654e-06,5.3857838458472e-17,-5.3856329645335e-17,4.9708667188225e-06,4.9709013617177e-06,0.0068546890611682,0.0068546911436137,0.0024958507683275,5.9005244043056e-47,1.1791785912933e-46,-1.1698007282581e-09,0,329.01573226993,100000985.20572,-2.4740675010293e-13,-0.0035464962399009,0.0039173172834375,40.796800570101,1.2483243280009e-07,105.52973095038,92.171729099914
98.175000000013,-6.0480830185418e-47,-2.015838098959e-47,6.3782832342792e-68,0.0033944430841059,1.7322586545087,0,4.2588231252252e-63,5.7005666595212e-43,6.6746912351465e-17,-0.0028317848515579,-4.6736746944434e-17,4.6738118542792e-17,0.0059484037341242,0.0059484018593367,-4.3136228705049e-06,-4.3137343225964e-06,4.6737228110311e-17,-4.6735918779194e-17,4.3136623821748e-06,4.3136924448907e-06,0.0059484222807065,0.0059484240878294,0.0021658713016967,2.5610495663942e-49,5.7005666595212e-49,-1.1698075976933e-09,0,329.01573226993,100000985.20572,-2.4763573348792e-13,-0.0034844051772915,0.0038177032876022,36.684923261896,1.1206928394201e-07,94.746123456091,82.74573839012
98.275000000013,-1.3449782688491e-49,-4.4827841737056e-50,1.5923942053163e-70,0.0033944430841059,1.7322362888084,0,1.1974682103584e-65,1.4608182205076e-45,5.7922221862556e-17,-0.0024573911310725,-4.0557624769144e-17,4.0558815026814e-17,0.0051619580393734,0.0051619564124539,-3.743313542672e-06,-3.7434102595469e-06,4.0558042319495e-17,-4.0556906096638e-17,3.743347830456e-06,3.7433739185436e-06,0.0051619741338896,0.0051619757020905,0.001879518821815,5.8162771730768e-52,1.4608182205076e-51,-1.1698138290759e-09,0,329.01573226993,100000985.20572,-2.478508390851e-13,-0.0034223434371802,0.0037180793678301,32.573148357864,9.9327257814889e-08,83.967074402531,73.323990579582
98.375000000013,-1.3347370558807e-52,-4.4485798499978e-53,1.7881806323068e-73,0.0033944430841059,1.7322139162096,0,1.5389579830907e-68,1.6705354846025e-48,5.0264254439652e-17,-0.0021324964598746,-3.5195451854412e-17,3.5196484746668e-17,0.0044794892867465,0.004479487874924,-3.2484055049327e-06,-3.2484894347519e-06,3.5195814199923e-17,-3.5194828198472e-17,3.2484352594871e-06,3.2484578984368e-06,0.004479503253387,0.0044795046142542,0.0016310253516863,5.797796393455e-55,1.6705354846025e-54,-1.1698211789763e-09,0,329.01573226993,100000985.20572,-2.4814921140912e-13,-0.0033603109935002,0.0036184455221437,28.461475401951,8.6597831348491e-08,73.192581795548,63.906499958045
98.475000000013,-4.5881991909517e-56,-1.5291803640888e-56,7.0600779900097e-77,0.0033944430841059,1.7321915367213,0,7.1020635746334e-72,6.6172721313039e-52,4.3618756206715e-17,-0.0018505565084354,-3.0542218344568e-17,3.0543114676882e-17,0.0038872505582227,0.003887249333059,-2.8189298609875e-06,-2.8190026943432e-06,3.0542532783938e-17,-3.0541677142939e-17,2.818955681656e-06,2.8189753274827e-06,0.0038872626783167,0.003887263859262,0.0014153855055702,1.9586651686734e-58,6.6172721313039e-58,-1.1698270450749e-09,0,329.01573226993,100000985.20572,-2.4837125590021e-13,-0.0032983078202225,0.0035188017485649,24.349903938552,7.3879150865969e-08,62.422643643105,54.493292051555
98.575000000014,-3.6795642278718e-60,-1.2263088191253e-60,6.6929834180722e-81,0.0033944430841059,1.7321691503524,0,8.1005497593573e-76,6.1151357392714e-56,3.7851867380329e-17,-0.0016058921809953,-2.6504194498367e-17,2.6504972325495e-17,0.003373312432538,0.0033733113693546,-2.4462357144453e-06,-2.4462989184144e-06,2.6504467365326e-17,-2.6503724849664e-17,2.4462581213318e-06,2.4462751697599e-06,0.0033733229502196,0.0033733239750307,0.001228255665865,1.4978670815261e-62,6.1151357392714e-62,-1.1698338788403e-09,0,329.01573226993,100000985.20572,-2.4857248370948e-13,-0.0032363338913539,0.003419148045115,20.238433512486,6.1190656345249e-08,51.657257955252,45.084415329985
98.675000000014,-3.5293139012455e-65,-1.1761808753323e-65,8.0518627046817e-86,0.0033944430841059,1.7321467571118,0,1.2229584116237e-80,6.7587492011512e-61,3.2847425941903e-17,-0.0013935752219542,-2.3000042697692e-17,2.3000717687349e-17,0.0029273226917274,0.0029273217691088,-2.1228159144518e-06,-2.1228707621473e-06,2.3000279488577e-17,-2.2999635141815e-17,2.1228353588966e-06,2.1228501533312e-06,0.0029273318188536,0.0029273327081731,0.0010658664899368,1.310632096915e-67,6.7587492011512e-67,-1.1698404711247e-09,0,329.01573226993,100000985.20572,-2.4880840598824e-13,-0.0031743891809399,0.0033194844098149,16.127063668968,4.8508077103878e-08,40.8964227441,35.679971409317
98.775000000014,-1.1374370890304e-71,-3.7903389952208e-72,3.7319487659496e-92,0.0033944430841059,1.7321243570085,0,7.6076780440236e-87,2.5098989620002e-67,2.8504627794653e-17,-0.0012093289463812,-1.9959179069872e-17,1.9959764818325e-17,0.0025402977971581,0.00254029699652,-1.8421558397007e-06,-1.8422034359156e-06,1.9959384554347e-17,-1.9958825397454e-17,1.8421727133718e-06,1.8421855518162e-06,0.0025403057175758,0.0025403064893173,0.00092494698452711,3.5868818955607e-74,2.5098989620002e-73,-1.1698473960104e-09,0,329.01573226993,100000985.20572,-2.4902351158534e-13,-0.0031124736630613,0.0032198108406846,12.015793953666,3.5847742913339e-08,30.140136023854,26.280210012096
98.875000000014,-6.6570932316869e-81,-2.2180295383061e-81,4.6461241758945e-101,0.0033944430841059,1.7321019500514,0,1.4397100955862e-95,1.6925109167945e-76,2.4735996274069e-17,-0.0010494420950629,-1.7320351721921e-17,1.7320860027859e-17,0.0022044419347695,0.0022044412399848,-1.5986021748946e-06,-1.598643478356e-06,1.7320530039044e-17,-1.7320044808963e-17,1.5986168176771e-06,1.5986279587351e-06,0.0022044488080191,0.0022044494777278,0.00080265861837586,1.5558140401807e-83,1.6925109167945e-82,-1.1698532631518e-09,0,329.01573226993,100000985.20572,-2.4927331165184e-13,-0.0030505873118364,0.0031201273357436,7.9046239126364,2.3198750980764e-08,19.38839581079,16.885940709506
98.975000000014,-3.819378489652e-97,-1.27191200149e-97,3.4690774429872e-116,0.0033944430841059,1.7320795362493,0,2.239867183813e-110,1.118425823545e-92,2.1465620111887e-17,-0.00091069407888206,-1.5030406948144e-17,1.5030848050335e-17,0.0019129899845628,0.0019129893816364,-1.3872490364294e-06,-1.3872848791099e-06,1.5030561689743e-17,-1.5030140612522e-17,1.3872617432718e-06,1.387271411357e-06,0.0019129959490917,0.0019129965302574,0.00069653814589431,4.5809018685054e-100,1.118425823545e-98,-1.1698604685085e-09,0,329.01573226993,100000985.20572,-2.4953005061234e-13,-0.0029887301014202,0.0030204338930107,3.793553092381,1.0561264047874e-08,8.6412001232724,7.502035268504
99.075000000014,-6.6961348846149e-146,-2.2523562327544e-146,-7.9139149101879e-200,0.0033944430841059,1.732057115434,0.37601206579565,6.1110905181189e-193,-2.2822801086097e-141,1.86276181613e-17,-0.00079028984370117,-1.304321421788e-17,1.3043597001287e-17,0.0016600706987772,0.0016600701755646,-1.2038387528776e-06,-1.2038698567434e-06,1.3043348500859e-17,-1.3042983094892e-17,1.2038497797292e-06,1.2038581695824e-06,0.0016600758747268,0.0016600763790557,0.00060444779133826,1.2632802126667e-147,-2.2822801086097e-147,-153.40264091011,173.76471062644,329.01573226993,100000985.20572,-2.4979372852413e-13,-0.002926902314774,0.002920730510504,-0.31739842810341,-4.1973240750572e-09,-2.1013507729238,1.9620019128369
99.175000000014,-4.2007670547593e-93,-1.4013673588385e-93,4.0740598854677e-117,0.0033944430841059,1.7320346785479,0.8922068053908,-2.2542076436219e-111,-1.6363427263129e-88,1.6164835411097e-17,-0.00068580454784239,-1.1318753113683e-17,1.1319085288774e-17,0.0014405904922546,0.0014405900382167,-1.0446775928764e-06,-1.0447045844577e-06,1.1318869642927e-17,-1.1318552547779e-17,1.0446871618529e-06,1.0446944424722e-06,0.0014405949838849,0.0014405954215357,0.00052453292414772,9.9621793827799e-96,-1.6363427263129e-94,-153.40330164984,173.76766614257,329.01573226993,100000985.20572,-2.5005740678395e-13,-0.0028651197194061,0.0028210171862419,-4.4271804213726,-2.8946653471148e-08,-12.833803590702,11.291097232566
99.275000000014,-4.2401960272837e-79,-1.4139874744583e-79,1.5640350397248e-101,0.0033944430841059,1.7320122207087,1.2044511831599,-4.4886575819586e-96,-1.9026276456075e-74,1.4027662854621e-17,-0.00059513349419533,-9.8222869936824e-18,9.8225752515007e-18,0.0012501282705945,0.0012501278765855,-9.0655949732628e-07,-9.0658292031782e-07,9.8223881164529e-18,-9.8221129448408e-18,9.0656780117682e-07,9.0657411921652e-07,0.0012501321683809,0.0012501325481694,0.00045518378807874,2.1255179498275e-81,-1.9026276456075e-80,-153.40396261818,173.77062269652,329.01573226993,100000985.20572,-2.5032802393753e-13,-0.0028033908024332,0.0027212939182411,-8.5352256928628,-5.3786767232236e-08,-23.553161750202,20.653569985115
99.375000000014,-1.0544442784241e-70,-3.5158092119931e-71,1.7710603101653e-92,0.0033944430841059,1.7319897419394,1.4509976162831,-3.4317487312004e-87,-5.4515438269526e-66,1.2173048482005e-17,-0.00051645017086493,-8.5236704800666e-18,8.523920626968e-18,0.001084847290984,0.0010848469490673,-7.8670216322879e-07,-7.8672248943813e-07,8.5237582332726e-18,-8.523519442434e-18,7.8670936921715e-07,7.8671485194114e-07,0.0010848506734392,0.0010848510030154,0.00039500338566233,8.8580620240207e-73,-5.4515438269526e-72,-153.40462424454,173.77358020598,329.01573226993,100000985.20572,-2.5056394662158e-13,-0.0027417155034658,0.0026215607045184,-12.641535300463,-7.8573399983305e-08,-34.259437278457,30.007091963229
99.475000000014,-1.0620843014416e-64,-3.5410413394871e-65,4.5111899399943e-86,0.0033944430841059,1.7319672422627,1.661357058207,-6.5986875130347e-81,-6.3271943210765e-60,1.0563634931989e-17,-0.00044816966544126,-7.3967456356639e-18,7.3969627103391e-18,0.00094141831077504,0.00094141801406364,-6.8269131309549e-07,-6.8270895195196e-07,7.3968217869117e-18,-7.3966145669005e-18,6.8269756637136e-07,6.8270232421773e-07,0.00094142124603179,0.00094142153203432,0.00034277950746724,1.348944162134e-66,-6.3271943210765e-66,-153.40528649654,173.77653894664,329.01573226993,100000985.20572,-2.5079986930567e-13,-0.0026800937622246,0.0025218175430896,-16.746110300559,-1.0331334927221e-07,-44.952642189717,39.349591349407
99.575000000014,-4.9525433616236e-60,-1.6511338333378e-60,4.1237674266967e-81,0.0033944430841059,1.7319447217018,1.847929173842,-4.8449510447918e-76,-3.3997612542392e-55,9.1670039054963e-18,-0.00038891660871241,-6.4188128960008e-18,6.4190012709691e-18,0.00081695225054089,0.00081695199305806,-5.92431864002e-07,-5.924471708038e-07,6.4188789791995e-18,-6.4186991559981e-18,5.9243729052466e-07,5.9244141933038e-07,0.00081695479772377,0.00081695504591356,0.00029746021174595,8.9701595691544e-62,-3.3997612542392e-61,-153.40594977642,173.77949892667,329.01573226993,100000985.20572,-2.5102191420184e-13,-0.0026185255185391,0.0024220644319701,-20.848951747922,-1.2800877301879e-07,-55.63278848538,48.680597893171
99.675000000014,-3.2419334771593e-56,-1.0808016107478e-56,4.6169484090617e-77,0.0033944430841059,1.7319221802795,2.0173247022336,-4.5327548980358e-72,-2.5644727841341e-51,7.9550231662127e-18,-0.00033749747070329,-5.57017383364e-18,5.5703373033246e-18,0.0007089419995606,0.00070894177611989,-5.1410572648637e-07,-5.1411900955727e-07,5.5702311798986e-18,-5.5700751313415e-18,5.1411043556186e-07,5.1411401849315e-07,0.00070894420997734,0.00070894442535366,0.00025813263524922,8.0635737752759e-58,-2.5644727841341e-57,-153.40661341057,173.78246003093,329.01573226993,100000985.20572,-2.5128559246143e-13,-0.0025570107123473,0.0023223013691747,-24.950060695719,-1.5266346360398e-07,-66.299888154003,57.999952160116
99.775000000014,-5.4254489146123e-53,-1.808709705869e-53,1.2162509707471e-73,0.0033944430841059,1.7318996180185,2.1735633058892,-1.0255665061552e-68,-4.945462896605e-48,6.9032798750134e-18,-0.00029287651948889,-4.8337343742017e-18,4.8338762313604e-18,0.00061521191527195,0.0006152117213726,-4.4613518290633e-07,-4.4614670980628e-07,4.8337841386417e-18,-4.8336487214541e-18,4.4613926938923e-07,4.4614237861682e-07,0.0006152138334468,0.00061521402034795,0.00022400460548859,1.8048939352733e-54,-4.945462896605e-54,-153.40727805333,173.78542197087,329.01573226993,100000985.20572,-2.5147294288792e-13,-0.0024955492836961,0.0022225283527175,-29.049438195504,-1.7726284611633e-07,-76.953953171342,67.307589787073
99.875000000014,-3.330262736183e-50,-1.1102100195688e-50,1.1123097011573e-70,0.0033944430841059,1.7318770349417,2.3193054358302,-8.2197461261312e-66,-3.4980755823145e-45,5.9905888439357e-18,-0.00025415495852216,-4.1946604716769e-18,4.1947835737281e-18,0.0005338739994628,0.00053387383119913,-3.8715110758866e-07,-3.8716111050314e-07,4.1947036566998e-18,-4.1945861431833e-18,3.8715465379268e-07,3.871573519455e-07,0.00053387566403342,0.00053387582622415,0.00019438868406412,1.4531828562828e-51,-3.4980755823145e-51,-153.40794319362,173.78838497735,329.01573226993,100000985.20572,-2.5168110999618e-13,-0.0024341411727403,0.0021227453806124,-33.147085297258,-2.0181474886632e-07,-87.594995500376,76.603483528476
99.975000000014,-9.4770408391189e-48,-3.1593248984509e-48,4.5370508786826e-68,0.0033944430841059,1.7318544310719,2.4564201057372,-2.9840542589092e-63,-1.1471079886994e-42,5.1985658044927e-18,-0.00022055282224102,-3.6400793073274e-18,3.6401861339066e-18,0.0004632898684617,0.00046328972244437,-3.3596538863108e-07,-3.3597406904807e-07,3.6401167828059e-18,-3.6400148058944e-18,3.3596846598716e-07,3.3597080741391e-07,0.00046329131295741,0.0004632914537047,0.00016868831964308,5.3435260959227e-49,-1.1471079886994e-48,-153.4086091309,173.79134929435,329.01573226993,100000985.20572,-2.518962159983e-13,-0.0023727863197424,0.0020229524508722,-37.24300304936,-2.26329027392e-07,-98.223027091313,85.887623084416
100.07500000001,-1.4682909713446e-45,-4.8947393639644e-46,9.7923128874838e-66,0.0033944430841059,1.7318318064318,2.5862798649875,-5.802589525667e-61,-2.047979255091e-40,4.5112570947009e-18,-0.00019139326527929,-3.1588199934419e-18,3.1589126963491e-18,0.00040203775129568,0.00040203762458348,-2.9154699585145e-07,-2.9155452861994e-07,3.1588525142417e-18,-3.1587640198217e-18,2.9154966634653e-07,2.9155169821041e-07,0.00040203900481286,0.00040203912695178,0.00014638583167021,1.0570987826791e-46,-2.047979255091e-46,-153.40927547953,173.79431459855,329.01573226993,100000985.20572,-2.5211826089413e-13,-0.0023114846650733,0.0019231495615092,-41.337192498584,-2.5078961273482e-07,-108.83805988161,95.160006790731
100.17500000001,-1.3895060829166e-43,-4.6320638643881e-44,1.2631491197885e-63,0.0033944430841059,1.731809161044,2.7099278807599,-6.8107126644862e-59,-2.2333484524756e-38,3.9148183056375e-18,-0.00016608892882013,-2.7411885589641e-18,2.7412690055072e-18,0.00034888385106192,0.0003488837411025,-2.5300121282237e-07,-2.5300774967438e-07,2.7412167801495e-18,-2.7411399856844e-18,2.5300353024805e-07,2.5300529347673e-07,0.00034888493885007,0.00034888504484085,0.00012703198276633,1.2650715037926e-44,-2.2333484524756e-44,-153.40994279715,173.7972810716,329.01573226993,100000985.20572,-2.5239581694114e-13,-0.0022502361492104,0.0018233367105352,-45.429654690152,-2.7521356008407e-07,-119.44010579604,104.42063775953
100.27500000001,-8.7461746105305e-42,-2.9156099781827e-42,1.0653964219632e-61,0.0033944430841059,1.7317864949312,2.8281790032186,-5.2699245335979e-57,-1.6199340905741e-36,3.3972354145271e-18,-0.00014413010947049,-2.3787726845456e-18,2.3788424951533e-18,0.0003027574926472,0.00030275739722564,-2.1955161466389e-07,-2.1955728727074e-07,2.3787971745736e-18,-2.3787305331983e-18,2.195536256999e-07,2.1955515580997e-07,0.00030275843661755,0.00030275852859516,0.00011023692977268,9.9895501898157e-43,-1.6199340905741e-42,-153.41061044083,173.80024850853,329.01573226993,100000985.20572,-2.5261092294287e-13,-0.0021890407127387,0.0017235138959615,-49.520390667662,-2.9957662923924e-07,-130.02917674663,113.66952191736
100.37500000001,-3.9070770883976e-40,-1.3024494918103e-40,6.2904070319224e-60,0.0033944430841059,1.7317638081161,2.9416841447986,-2.8741861368907e-55,-8.3390153913139e-35,2.9480827871621e-18,-0.00012507449234303,-2.0642722538133e-18,2.0643328346756e-18,0.00026272955619762,0.00026272947339187,-1.9052442857404e-07,-1.9052935119863e-07,2.064293505985e-18,-2.0642356753469e-18,1.9052617372853e-07,1.9052750154089e-07,0.00026273037536451,0.00026273045518165,9.5662371168846e-05,5.5606262491969e-41,-8.3390153913139e-41,-153.41127919534,173.80321735588,329.01573226993,100000985.20572,-2.5281215115673e-13,-0.0021278982963502,0.0016236811157986,-53.609401473177,-3.2390115689305e-07,-140.60528463278,122.90666693494
100.47500000001,-1.3028696474454e-38,-4.3431801119978e-39,2.7414087561274e-58,0.0033944430841059,1.7317411006211,3.0509730449802,-1.1638577566055e-53,-3.2044071522348e-33,2.5583131751178e-18,-0.00010853824153981,-1.7913523076617e-18,1.7914048790546e-18,0.00022799376192561,0.00022799369006771,-1.6533496207274e-07,-1.6533923387115e-07,1.7913707500579e-18,-1.7913205652789e-18,1.6533647649824e-07,1.6533762875891e-07,0.00022799447278945,0.00022799454205387,8.3014732690005e-05,2.2972895149804e-39,-3.2044071522348e-39,-153.41194846392,173.80618707107,329.01573226993,100000985.20572,-2.5303419605223e-13,-0.0020668088408431,0.0015238383680571,-57.696688147151,-3.4817703402639e-07,-151.16844134121,132.13208160896
100.57500000001,-3.3758796433107e-37,-1.1253615197539e-37,9.1967742623945e-57,0.0033944430841059,1.7317183724689,3.1564836790794,-3.6462689289953e-52,-9.5679276151286e-32,2.2200754776909e-18,-9.418826857393e-05,-1.554515439636e-18,1.554561060501e-18,0.00019785042927524,0.00019785036691776,-1.4347582558408e-07,-1.4347953260283e-07,1.5545314437406e-18,-1.5544878939522e-18,1.4347713978554e-07,1.4347813970442e-07,0.0001978510461549,0.00019785110626179,7.2039253882067e-05,7.3381166576319e-38,-9.5679276151286e-38,-153.41261825999,173.80915779848,329.01573226993,100000985.20572,-2.5330481320487e-13,-0.0020057722871219,0.0014239856507451,-61.782251728489,-3.7240318154265e-07,-161.71865874601,141.34577548796
100.67500000001,-7.020620286679e-36,-2.340340472814e-36,2.4567596722376e-55,0.0033944430841059,1.7316956236819,3.2585830808488,-9.136452315046e-51,-2.2929301818231e-30,1.9265565977542e-18,-8.1735522992615e-05,-1.3489910620771e-18,1.349030651352e-18,0.00017169238330814,0.00017169232919501,-1.2450671212527e-07,-1.2450992903456e-07,1.3490049502595e-18,-1.3489671582416e-18,1.2450785257456e-07,1.2450872029295e-07,0.00017169291862939,0.00017169297078947,6.2514856480527e-05,1.8731450909941e-36,-2.2929301818231e-36,-153.41328905154,173.81212985648,329.01573226993,100000985.20572,-2.5354767478172e-13,-0.0019447885761975,0.001324122961873,-65.866093254526,-3.9659418259862e-07,-172.25594870869,150.54775863668
100.77500000001,-1.2033338425468e-34,-4.0113293658729e-35,5.3724755099745e-54,0.0033944430841059,1.7316728542826,3.3575824574288,-1.8813715260291e-49,-4.5288306212602e-29,1.6718442060405e-18,-7.0929170055106e-05,-1.1706393125242e-18,1.170673667653e-18,0.00014899272442326,0.00014899267746449,-1.0804552823542e-07,-1.0804831983322e-07,1.1706513645331e-18,-1.170618569044e-18,1.0804651790452e-07,1.0804727090081e-07,0.00014899318896903,0.00014899323423297,5.42496912472e-05,3.9257413686229e-35,-4.5288306212602e-35,-153.41396045171,173.81510291316,329.01573226993,100000985.20572,-2.5379053635852e-13,-0.0018838576491862,0.0012242502994479,-69.948213761017,-4.2073285178379e-07,-182.78032307813,159.73804148263
100.87500000001,-1.7376893809502e-33,-5.7925944457912e-34,9.8406699100819e-53,0.0033944430841059,1.7316500642934,3.4537483997756,-3.2561299723415e-48,-7.5362768923149e-28,1.4508076495284e-18,-6.1551538186899e-05,-1.0158676647695e-18,1.0158974777649e-18,0.00012929421505684,0.00012929417430655,-9.3760697494973e-08,-9.3763120012227e-08,1.0158781233677e-18,-1.01584966381e-18,9.3761556318713e-08,9.3762209760446e-08,0.00012929461818446,0.00012929465746399,4.7077273565098e-05,6.9083808679246e-34,-7.5362768923149e-34,-153.41463248708,173.8180771573,329.01573226993,100000985.20572,-2.5404033682919e-13,-0.0018229794473106,0.001124367661478,-74.028614282166,-4.4482960154212e-07,-193.29179369067,168.91663471328
100.97500000001,-2.1534956283771e-32,-7.1786682329516e-33,1.5390384671975e-51,0.0033944430841059,1.7316272537367,3.5473113548276,-4.8265243717704e-47,-1.0762510132676e-26,1.2589946050745e-18,-5.3413734437185e-05,-8.8155856486573e-19,8.8158443624872e-19,0.00011220006957975,0.0001122000342171,-8.1364481606206e-08,-8.1366583839507e-08,8.8156764071991e-19,-8.8154294383499e-19,8.1365226883815e-08,8.1365793933222e-08,0.00011220041940937,0.00011220045349571,4.0853129950991e-05,1.0401671171053e-32,-1.0762510132676e-32,-153.41530510554,173.82105216303,329.01573226993,100000985.20572,-2.5431789287533e-13,-0.0017621539118974,0.0010244750459701,-78.107295850629,-4.6887702987423e-07,-203.7903723701,178.08354920531
101.07500000001,-2.3264013617796e-31,-7.7550312382055e-32,2.0888147663177e-50,0.0033944430841059,1.7316044226349,3.6384721350567,-6.22569531618e-46,-1.3397976446339e-25,1.0925413965952e-18,-4.6351839621992e-05,-7.6500663446597e-19,7.6502908536194e-19,9.7365961873585e-05,9.7365931186279e-05,-7.0607184501818e-08,-7.0609008796296e-08,7.6501451039043e-19,-7.6499307871071e-19,7.0607831245367e-08,7.0608323324482e-08,9.7366265451807e-05,9.736629503155e-05,3.5451887936645e-05,1.3615031988557e-31,-1.3397976446339e-31,-153.41597867129,173.82402864632,329.01573226993,100000985.20572,-2.5456769334585e-13,-0.0017013809843794,0.00092457245093062,-82.184259497498,-4.9287711833985e-07,-214.2760709277,187.23879597491
101.17500000001,-2.2201802098566e-30,-7.4009291764424e-31,2.4945560974924e-49,0.0033944430841059,1.7315815710103,3.7274069940346,-7.0837437222315e-45,-1.473424456956e-24,9.4809516932249e-19,-4.0223606512095e-05,-6.6386417658603e-19,6.6388365922173e-19,8.4493089595015e-05,8.4493062964916e-05,-6.1272122735352e-08,-6.1273705837638e-08,6.6387101122493e-19,-6.6385241305367e-19,6.127268397215e-08,6.1273110992886e-08,8.4493353036791e-05,8.4493378705761e-05,3.0764750700378e-05,1.5704754422858e-30,-1.473424456956e-30,-153.41665254911,173.82700595946,329.01573226993,100000985.20572,-2.5483831049792e-13,-0.0016406606062935,0.00082465987436547,-86.259506252326,-5.1684186121968e-07,-224.74890116225,196.38238614218
101.27500000001,-1.8934043646328e-29,-6.3116162874719e-30,2.6528071031266e-48,0.0033944430841059,1.7315586988851,3.8142716361854,-7.193422210442e-44,-1.4479987333762e-23,8.2274635349645e-19,-3.4905594557508e-05,-5.760938861163e-19,5.7611079292903e-19,7.3322155422039e-05,7.3322132312737e-05,-5.3171260842434e-08,-5.3172634640841e-08,5.7609981713927e-19,-5.7608367785486e-19,5.3171747877432e-08,5.3172118441237e-08,7.3322384033857e-05,7.3322406309101e-05,2.6697305580674e-05,1.6152045018415e-29,-1.4479987333762e-29,-153.41732750258,173.82998451474,329.01573226993,100000985.20572,-2.5508117207433e-13,-0.0015799927192814,0.00072473731427989,-90.333037143093,-5.4075013379489e-07,-235.20887486001,205.51433090509
101.37500000001,-1.457390475081e-28,-4.8581666037226e-29,2.53817751568e-47,0.0033944430841059,1.7315358062816,3.8992044221377,-6.5857330835659e-43,-1.2843576168273e-22,7.1397005711508e-19,-3.0290683433539e-05,-4.9992781253436e-19,4.9994248407681e-19,6.362814404707e-05,6.3628123993077e-05,-4.6141423756206e-08,-4.6142615923054e-08,4.9993295940957e-19,-4.9991895391958e-19,4.6141846399715e-08,4.6142167970828e-08,6.3628342433842e-05,6.3628361764048e-05,2.316762232886e-05,1.4963008485267e-28,-1.2843576168273e-28,-153.4180029641,173.83296415841,329.01573226993,100000985.20572,-2.5532403365056e-13,-0.0015193772650889,0.00062480476867854,-94.404853196272,-5.6461573647249e-07,-245.65600379483,214.63464152026
101.47500000002,-1.0213189521999e-27,-3.4045302132489e-28,2.2047212704102e-46,0.0033944430841059,1.7315128932221,3.9823289585299,-5.4840867690012e-42,-1.037186180812e-21,6.1957520721981e-19,-2.6285915323953e-05,-4.3383174820733e-19,4.338444800073e-19,5.5215789710101e-05,5.5215772307472e-05,-4.0041009983925e-08,-4.0042044532944e-08,4.3383621460791e-19,-4.3382406080079e-19,4.0041376749222e-08,4.0041655805027e-08,5.5215961867917e-05,5.5215978642453e-05,2.010460279412e-05,1.2596659145032e-27,-1.037186180812e-27,-153.41867915654,173.83594463235,329.01573226993,100000985.20572,-2.55553017439e-13,-0.001458814185566,0.00052486223556533,-98.474955436771,-5.8843506124795e-07,-256.09029972811,223.74332928841
101.57500000002,-6.5662059574482e-27,-2.1888181462071e-27,1.752397306572e-45,0.0033944430841059,1.7314899597286,4.0637562108637,-4.1860217776996e-41,-7.6841383800443e-21,5.3766041527369e-19,-2.2810622478493e-05,-3.7647432496005e-19,3.7648537347326e-19,4.7915642974825e-05,4.7915627873018e-05,-3.4747139338481e-08,-3.4748037108516e-08,3.7647820085238e-19,-3.7646765391489e-19,3.4747457613291e-08,3.4747699774789e-08,4.7915792371446e-05,4.7915806928201e-05,1.7446548798658e-05,9.712187712992e-27,-7.6841383800443e-27,-153.41935610931,173.83892667541,329.01573226993,100000985.20572,-2.5583751237858e-13,-0.001398303422666,0.00042490971294398,-102.54334488798,-6.1221977987385e-07,-266.51177440883,232.8404055434
101.67500000002,-3.8990721882772e-26,-1.2997381942786e-26,1.2834712949109e-44,0.0033944430841059,1.7314670058233,4.1435862425587,-2.948930117797e-40,-5.2580818921102e-20,4.6657567763152e-19,-1.979480232831e-05,-3.267001964236e-19,3.2670978419943e-19,4.1580657521066e-05,4.1580644415887e-05,-3.0153177771803e-08,-3.0153956846569e-08,3.2670355987948e-19,-3.2669440736543e-19,3.0153453967113e-08,3.0153664112145e-08,4.1580787165778e-05,4.1580799797966e-05,1.5139919355829e-05,6.9053837137229e-26,-5.2580818921102e-26,-153.42003374384,173.84190949864,329.01573226993,100000985.20572,-2.5604567948513e-13,-0.0013378449184463,0.00032494719881697,-106.61002257174,-6.3594841112846e-07,-276.92043957358,241.92588164366
101.77500000002,-2.1512828762253e-25,-7.1711960219806e-26,8.7156297470704e-44,0.0033944430841059,1.7314440315283,4.2219096579926,-1.928970613863e-39,-3.3430973707298e-19,4.0488913963752e-19,-1.7177707429349e-05,-2.8350676597811e-19,2.8351508614244e-19,3.6083228201541e-05,3.6083216829013e-05,-2.616658945305e-08,-2.6167265525393e-08,2.835096847474e-19,-2.8350174229837e-19,2.6166829132242e-08,2.6167011493743e-08,3.6083340705767e-05,3.6083351667839e-05,1.3138252197973e-05,4.5552763973888e-25,-3.3430973707298e-25,-153.42071194611,173.84489327683,329.01573226993,100000985.20572,-2.5631629663679e-13,-0.0012774386150669,0.00022497469118679,-110.67498950837,-6.5964003492465e-07,-287.31630694657,250.99976896559
101.87500000002,-1.1087578687435e-24,-3.6959858050474e-25,5.5177440299601e-43,0.0033944430841059,1.7314210368658,4.2988088088753,-1.1779575584203e-38,-1.9855173860969e-18,3.5135825388197e-19,-1.4906621831039e-05,-2.4602399152265e-19,2.4603121166793e-19,3.1312620700738e-05,3.1312610831787e-05,-2.2707072826159e-08,-2.2707659514155e-08,2.460265243979e-19,-2.4601963202972e-19,2.2707280817074e-08,2.2707439068339e-08,3.1312718330645e-05,3.1312727843407e-05,1.1401227890364e-05,2.8032191202285e-24,-1.9855173860969e-24,-153.42139100896,173.84787838676,329.01573226993,100000985.20572,-2.5649670816765e-13,-0.0012170844547912,0.00012499218805504,-114.73824671666,-6.832750669174e-07,-297.69938823967,260.06207889838
101.97500000002,-5.3635153780997e-24,-1.7878976340785e-24,3.2727560440652e-42,0.0033944430841059,1.7313980218576,4.3743588097345,-6.7479867406534e-38,-1.106807305525e-17,3.0490475165995e-19,-1.2935799222774e-05,-2.1349686028097e-19,2.1350312584205e-19,2.7172741021725e-05,2.717273245756e-05,-1.9704943101494e-08,-1.9705452222756e-08,2.134990582817e-19,-2.134930771619e-19,1.9705123593676e-08,1.9705260922349e-08,2.7172825743862e-05,2.7172833998931e-05,9.8938576797957e-06,1.6170609444075e-23,-1.106807305525e-23,-153.42207061107,173.85086450806,329.01573226993,100000985.20572,-2.5668405859234e-13,-0.0011567823799852,2.4999687422671e-05,-118.7997952139,-7.0687723498762e-07,-308.06969515242,269.11282283983
102.07500000002,-2.4456632568894e-23,-8.1524726195917e-24,1.8267385110484e-41,0.0033944430841059,1.7313749865258,4.4486283981813,-3.6420291454116e-37,-5.815736000329e-17,2.6459292348387e-19,-1.1225541469324e-05,-1.8527018063453e-19,1.8527561781817e-19,2.3580199871807e-05,2.3580192439921e-05,-1.7099728600235e-08,-1.7100170409956e-08,1.8527208803492e-19,-1.8526689768624e-19,1.7099885229327e-08,1.7100004401609e-08,2.3580273392728e-05,2.3580280556384e-05,8.5857787186899e-06,8.7825427565795e-23,-5.815736000329e-23,-153.42275098852,173.85385158536,329.01573226993,100000985.20572,-2.5691304238029e-13,-0.0010965323331168,-7.5002812709738e-05,-122.85963601582,-7.3042572604537e-07,-318.42723937204,278.15201219306
102.17500000002,-1.0552522368339e-22,-3.5176171464204e-23,9.6334528295223e-41,0.0033944430841059,1.7313519308924,4.5216806680059,-1.8592413846557e-36,-2.8916776097367e-16,2.2961077115589e-19,-9.7413989742078e-06,-1.6077538464585e-19,1.6078010297282e-19,2.0462632958112e-05,2.0462626508804e-05,-1.4838952677795e-08,-1.4839336075315e-08,1.607770398665e-19,-1.6077253574014e-19,1.4839088598764e-08,1.4839192015134e-08,2.0462696758742e-05,2.0462702975282e-05,7.4506424684796e-06,4.5086871710346e-22,-2.8916776097367e-22,-153.42343204171,173.85683985609,329.01573226993,100000985.20572,-2.5706569833535e-13,-0.0010363342567574,-0.00017501531434234,-126.91777013668,-7.5393858287303e-07,-328.77203257347,287.17965836385
102.27500000002,-4.3236166576356e-22,-1.441249244666e-22,4.817230651298e-40,0.0033944430841059,1.7313288549792,4.5935736973495,-9.0092348364064e-36,-1.3652945702994e-15,1.9925365174787e-19,-8.4534767639572e-06,-1.3951907543616e-19,1.3952316994738e-19,1.7757243358863e-05,1.7757237762226e-05,-1.287707669061e-08,-1.2877409398677e-08,1.3952051181808e-19,-1.3951660318774e-19,1.2877194641302e-08,1.2877284384868e-08,1.7757298724334e-05,1.7757304118978e-05,6.4655839629008e-06,2.1956582324425e-21,-1.3652945702994e-21,-153.42411373522,173.85982911759,329.01573226993,100000985.20572,-2.5725304875996e-13,-0.00097618809357963,-0.00027503781947584,-130.97419858918,-7.7740409886569e-07,-339.10408641937,296.19577275844
102.37500000002,-1.6875176115125e-21,-5.6252246502701e-22,2.2916327871637e-39,0.0033944430841059,1.7313057588082,4.6643610897462,-4.1571378249423e-35,-6.1406325345583e-15,1.7291008403045e-19,-7.3358323157002e-06,-1.2107308872834e-19,1.2107664189925e-19,1.5409536609257e-05,1.5409531752558e-05,-1.1174582714586e-08,-1.1174871434915e-08,1.2107433520446e-19,-1.210709433389e-19,1.1174685070874e-08,1.1174762949333e-08,1.5409584654792e-05,1.5409589336203e-05,5.6107612405335e-06,1.0175844350003e-20,-6.1406325345583e-21,-153.42479635732,173.86281971012,329.01573226993,100000985.20572,-2.5744733807832e-13,-0.0009160937863575,-0.00037507033011172,-135.02892238456,-8.0082314932875e-07,-349.42341256018,305.20036678181
102.47500000002,-6.2923875138749e-21,-2.0975227722236e-21,1.0402063346605e-38,0.0033944430841059,1.7312826424012,4.7340924423622,-1.8319977118242e-34,-2.6385534144952e-14,1.5004943145156e-19,-6.3659529981669e-06,-1.0506586836528e-19,1.0506895176714e-19,1.3372223022071e-05,1.3372218807483e-05,-9.6971775384531e-09,-9.6974280867163e-09,1.0506695004327e-19,-1.0506400662038e-19,9.6972663620915e-09,9.6973339441453e-09,1.3372264715448e-05,1.3372268777924e-05,4.8689556691312e-06,4.5014031791354e-20,-2.6385534144952e-20,-153.42547945561,173.86581137103,329.01573226993,100000985.20572,-2.5764162739657e-13,-0.0008560512779669,-0.0004751128482518,-139.08194253252,-8.241977372102e-07,-359.73002263409,314.19345183615
102.57500000002,-2.2474781348527e-20,-7.491803620978e-21,4.5175494303722e-38,0.0033944430841059,1.73125950578,4.8028137530622,-7.7310505751049e-34,-1.0860043356272e-13,1.3021121356331e-19,-5.5243025988133e-06,-9.1174982081435e-20,9.1177657822984e-20,1.1604265129511e-05,1.160426147214e-05,-8.4151018981263e-09,-8.4153193210987e-09,9.1175920749465e-20,-9.1173366480096e-20,8.4151789782834e-09,8.4152376252315e-09,1.1604301310557e-05,1.1604304835926e-05,4.225225110014e-06,1.9057533866413e-19,-1.0860043356272e-19,-153.42616349036,173.86880391569,329.01573226993,100000985.20572,-2.5784285560858e-13,-0.00079606051138503,-0.00057516537589875,-143.13326004128,-8.4753384424678e-07,-370.02392826708,323.1750393197
102.67500000002,-7.7079435970505e-20,-2.5693847418022e-20,1.881816948049e-37,0.0033944430841059,1.7312363489664,4.8705677757935,-3.1318160074055e-33,-4.2920056562971e-13,1.1299583059801e-19,-4.7939277975151e-06,-7.9120626773375e-20,7.9122948751879e-20,1.0070051047898e-05,1.0070047874078e-05,-7.3025310380307e-09,-7.3027197152474e-09,7.9121441338963e-20,-7.9119224772655e-20,7.3025979273264e-09,7.3026488204902e-09,1.0070082445408e-05,1.0070085504679e-05,3.6666029322548e-06,7.7410132091145e-19,-4.2920056562971e-19,-153.42684796648,173.87179741327,329.01573226993,100000985.20572,-2.5805102271446e-13,-0.00073612142968988,-0.00067522791505572,-147.18287591754,-8.7082126573e-07,-380.30514107299,332.14514062578
102.77500000002,-2.5439505853837e-19,-8.4800615208491e-20,7.5359144419601e-37,0.0033944430841059,1.7312131719822,4.9373943320904,-1.2205957936919e-32,-1.6323606950946e-12,9.8056514359472e-20,-4.1601166414234e-06,-6.8659992446397e-20,6.8662007433298e-20,8.7386770751992e-06,8.7386743210146e-06,-6.3370545249459e-09,-6.3372182569182e-09,6.8660699317277e-20,-6.8658775805897e-20,6.3371125707264e-09,6.3371567352431e-09,8.7387043216214e-06,8.7387069764013e-06,3.1818367998374e-06,3.0236005572169e-18,-1.6323606950946e-18,-153.42753333821,173.87479221082,329.01573226993,100000985.20572,-2.5825918982023e-13,-0.00067623397606015,-0.00077530046772633,-151.23079116654,-8.9407581808196e-07,-390.57367265344,341.10376714183
102.87500000002,-8.0964191659883e-19,-2.6988767369448e-19,2.9073159540644e-36,0.0033944430841059,1.731189974849,5.003330585143,-4.5862867099948e-32,-5.9866821588861e-12,8.5092343296586e-20,-3.6101020782238e-06,-5.9582371310606e-20,5.9584119893637e-20,7.5833249375397e-06,7.5833225475655e-06,-5.4992248362927e-09,-5.4993669210618e-09,5.9582984725228e-20,-5.9581315523627e-20,5.49927520777e-09,5.4993135332422e-09,7.5833485817354e-06,7.5833508854471e-06,2.7611619222312e-06,1.1380235108712e-17,-5.9866821588861e-18,-153.42821936324,173.87778805503,329.01573226993,100000985.20572,-2.584534791382e-13,-0.00061639809377476,-0.00087538303591497,-155.27700679196,-9.1727055725643e-07,-400.82953459793,350.05093024886
102.97500000002,-2.4894847723152e-18,-8.2984940552613e-19,1.0826510910204e-35,0.0033944430841059,1.7311667575885,5.0684112817874,-1.6645244296308e-31,-2.1212343209373e-11,7.3842181062636e-20,-3.1328043674733e-06,-5.1704913509362e-20,5.1706430910104e-20,6.5807207023927e-06,6.5807186286692e-06,-4.7721656301129e-09,-4.7722889296818e-09,5.1705445823691e-20,-5.1703997309265e-20,4.7722093419159e-09,4.7722426003308e-09,6.5807412207575e-06,6.5807432196229e-06,2.3961040432244e-06,4.1353534697949e-17,-2.1212343209373e-17,-153.42890603446,173.88078499177,329.01573226993,100000985.20572,-2.586616462438e-13,-0.00055661372621408,-0.0009754756216271,-159.32152379609,-9.4043473929564e-07,-411.07273848386,358.98664132074
103.07500000002,-7.4082179215652e-18,-2.4694675418335e-18,3.8985501123869e-35,0.0033944430841059,1.7311435202224,5.1326689668895,-5.8455037670295e-31,-7.2741056102281e-11,6.4079416464992e-20,-2.7186065175956e-06,-4.4868943988023e-20,4.4870260771366e-20,5.7106630649021e-06,5.7106612662675e-06,-4.1412318061508e-09,-4.1413388041337e-09,4.4869405924426e-20,-4.4868148919855e-20,4.1412697387632e-09,4.1412986000426e-09,5.7106808711775e-06,5.7106826048493e-06,2.0793076974989e-06,1.453381981141e-16,-7.2741056102281e-17,-153.4295935132,173.88378307992,329.01573226993,100000985.20572,-2.5889063003082e-13,-0.00049688081685711,-0.0010755782268678,-163.36434317964,-9.6354593507527e-07,-421.30329587649,367.91091172373
103.17500000002,-2.136997617446e-17,-7.1234992463329e-18,1.3597424303475e-34,0.0033944430841059,1.7311202627723,5.1961341738769,-1.9895877512422e-30,-2.4180168554396e-10,5.5607398852451e-20,-2.3591561776339e-06,-3.8936766313928e-20,3.8937909003743e-20,4.9556072044947e-06,4.9556056467036e-06,-3.593714510673e-09,-3.5938073623224e-09,3.8937167177157e-20,-3.8936076362689e-20,3.5937474281685e-09,3.5937724736631e-09,4.9556226587819e-06,4.9556241601934e-06,1.8043847263492e-06,4.9484226916209e-16,-2.4180168554396e-16,-153.43028164072,173.88678196401,329.01573226993,100000985.20572,-2.5910573603017e-13,-0.00043719930928265,-0.0011756908536424,-167.4054659419,-9.8662033842758e-07,-431.52121832903,376.82375281609
103.27500000002,-5.9844278740607e-17,-1.9948569769933e-17,4.6006329313674e-34,0.0033944430841059,1.7310969852596,5.2588355945855,-6.5730827869307e-30,-7.8032864253359e-10,4.8255476995471e-20,-2.0471838619763e-06,-3.3788889067178e-20,3.3789880680582e-20,4.3002829497776e-06,4.3002816077272e-06,-3.1185851429594e-09,-3.1186657185792e-09,3.3789236931792e-20,-3.3788290335232e-20,3.1186137083928e-09,3.118635442592e-09,4.3002963678707e-06,4.3002976609776e-06,1.5657753611499e-06,1.6346934719034e-15,-7.8032864253359e-16,-153.43097055398,173.88978215921,329.01573226993,100000985.20572,-2.5934165871107e-13,-0.00037756914716993,-0.0012758135039585,-171.44489308066,-1.0096467101425e-06,-441.72651738261,385.72517594769
103.37500000002,-1.6290969052781e-16,-5.4304502190342e-17,1.5121928616793e-33,0.0033944430841049,1.7310736877061,5.3208002310976,-2.1108098911808e-29,-2.4481512394214e-09,4.1875561670614e-20,-1.7763159962978e-06,-2.9321618933472e-20,2.9322479444462e-20,3.7313020634991e-06,3.7313009294538e-06,-2.706273207006e-09,-2.7063431296251e-09,2.9321920806483e-20,-2.9321099360606e-20,2.7062979957687e-09,2.706316856463e-09,3.7313137294374e-06,3.7313148209541e-06,1.3586055646119e-06,5.2469188597699e-15,-2.4481512394214e-15,-153.43166008186,173.8927836247,329.01573226993,100000985.20572,-2.5952900913447e-13,-0.00031799027429772,-0.0013759461798242,-175.48262559218,-1.032638322637e-06,-451.91920456616,394.61519245952
103.47500000002,-4.3156552283542e-16,-1.438584768466e-16,4.8350819110493e-33,0.0033944430841018,1.7310503701331,5.3820535318579,-6.5973614374699e-29,-7.4765941992801e-09,3.6339142709094e-20,-1.5408284258628e-06,-2.5444972016527e-20,2.5445718758313e-20,3.2366404595199e-06,3.236639568405e-06,-2.348473533721e-09,-2.3485342117856e-09,2.544523397854e-20,-2.5444521137021e-20,2.3484950451312e-09,2.3485114122302e-09,3.2366506492574e-06,3.2366515032975e-06,1.1784994516655e-06,1.6384923491741e-14,-7.4765941992801e-15,-153.43235030726,173.89578575546,329.01573226993,100000985.20572,-2.5979268739072e-13,-0.00025846263454075,-0.0014760888832466,-179.51866447129,-1.0555784589007e-06,-462.09929139678,403.49381368382
103.57500000002,-1.1130958619883e-15,-3.7104029660631e-16,1.505729327627e-32,0.0033944430840933,1.7310270325622,5.4426195140033,-2.0093770496801e-28,-2.2253524551694e-08,3.1534700422712e-20,-1.3351956446104e-06,-2.2080861296837e-20,2.2081509310984e-20,2.8046913025972e-06,2.8046908050271e-06,-2.0379789904989e-09,-2.0380316462427e-09,2.2081088624535e-20,-2.2080470028659e-20,2.0379976578594e-09,2.0380118610443e-09,2.804700340288e-06,2.8047008051877e-06,1.0212371635536e-06,4.9841547276264e-14,-2.2253524551694e-14,-153.43304126809,173.89878899807,329.01573226993,100000985.20572,-2.5998003781386e-13,-0.00019898617187503,-0.0015762416162344,-183.55301071125,-1.0784754018867e-06,-472.2667893792,412.36105094327
103.67500000002,-2.791582247649e-15,-9.3054783556623e-16,4.5723575915208e-32,0.0033944430840691,1.7310036750147,5.5025208735825,-5.9705806799254e-28,-6.4626891966009e-08,2.7365459261976e-20,-1.1530498047198e-06,-1.9161523724282e-20,1.9162086063695e-20,2.4220782714387e-06,2.4220786373599e-06,-1.7685353084386e-09,-1.7685810025025e-09,1.9161720996714e-20,-1.9161184186147e-20,1.7685515077647e-09,1.7685638331292e-09,2.4220866759097e-06,2.4220862802094e-06,8.8196586436923e-07,1.4785820099732e-13,-6.4626891966009e-14,-153.43373290044,173.90179330478,329.01573226993,100000985.20572,-2.6022983828197e-13,-0.00013956083037135,-0.0016764043807968,-187.5856653036,-1.1013367231407e-06,-482.42171000557,421.21691555065
103.77500000002,-6.7612450490134e-15,-2.2537959815612e-15,1.3553608396192e-31,0.0033944430840006,1.7309802975121,5.5617790850927,-1.7325978034429e-27,-1.8331824407267e-07,2.3747438448396e-20,-9.8453587360815e-07,-1.6628155254538e-20,1.6628643246384e-20,2.0680997130456e-06,2.0681022848642e-06,-1.534715102961e-09,-1.5347547557571e-09,1.6628326445356e-20,-1.6627860607155e-20,1.5347291605545e-09,1.5347398563676e-09,2.0681085854815e-06,2.0681059838134e-06,7.5319596874827e-07,4.2822667422703e-13,-1.8331824407267e-13,-153.43442547312,173.90479898406,329.01573226993,100000985.20572,-2.6048657764392e-13,-8.0186554191216e-05,-0.0017765771789437,-191.6166292378,-1.1241473394956e-06,-492.56406475459,430.06141880791
103.87500000002,-1.5416552823749e-14,-5.1389504012782e-15,3.9258402692969e-31,0.0033944430838104,1.7309569000757,5.6204144915661,-4.9151624944291e-27,-5.0840011262253e-07,2.0607760288257e-20,-8.0945259868036e-07,-1.4429726316212e-20,1.4430149790095e-20,1.7003203221162e-06,1.7003287827074e-06,-1.3318085501322e-09,-1.3318429603838e-09,1.4429874873723e-20,-1.4429470624523e-20,1.3318207491541e-09,1.3318300308607e-09,1.7003323628474e-06,1.7003238653567e-06,6.1960477290641e-07,1.212033225004e-12,-5.0840011262253e-13,-153.43511858917,173.90780543519,329.01573226993,100000985.20572,-2.6068780585457e-13,-2.0863287578611e-05,-0.0018767600126852,-195.64590350014,-1.1469165040986e-06,-502.69386508865,438.89457200344
103.97500000002,-2.995934534579e-14,-9.986582590299e-15,1.1122115984565e-30,0.0033944430832907,1.7309334827269,5.678446386264,-1.3644041075238e-26,-1.3798000847029e-06,1.7883182023263e-20,-5.795933107564e-07,-1.2521953800373e-20,1.2522321286349e-20,1.2174756449957e-06,1.2174998306804e-06,-1.1557285163433e-09,-1.1557583771735e-09,1.2522082717023e-20,-1.2521731914007e-20,1.1557391025176e-09,1.1557471570784e-09,1.2174977751741e-06,1.2174735279371e-06,4.4465652935899e-07,3.35566736485e-12,-1.3798000847029e-12,-153.4358124506,173.91081297608,329.01573226993,100000985.20572,-2.6090985074687e-13,3.8409025171368e-05,-0.0019769528840326,-199.67348907092,-1.1696491145481e-06,-512.81112244687,447.71638640593
104.07500000002,-2.3910428290011e-14,-7.9697737580721e-15,3.0846674873172e-30,0.0033944430818988,1.7309100454872,5.7358930868743,-3.7093228207007e-26,-3.6678868202049e-06,1.551882147017e-20,-1.7400138361628e-07,-1.0866408742748e-20,1.0866727643198e-20,3.6548023653277e-07,3.6554583992098e-07,-1.0029282297737e-09,-1.0029541426669e-09,1.0866520615464e-20,-1.0866216192287e-20,1.0029374163369e-09,1.0029444059944e-09,3.6553023073541e-07,3.6546449624162e-07,1.3669575480437e-07,9.0960539944739e-12,-3.6678868202049e-12,-153.43650726225,173.91382193739,329.01573226993,100000985.20572,-2.6113883453304e-13,9.7630439784895e-05,-0.0020771557949972,-203.69938691736,-1.1923300174059e-06,-522.91584822731,456.52687324873
104.17500000002,2.5505056281053e-13,8.5022208905685e-14,8.3822642401153e-30,0.0033944430782445,1.730886588378,5.7927720029368,-9.8844270512601e-26,-9.5578689746106e-06,1.3467050345172e-20,7.1235084546763e-07,-9.4297414201973e-21,9.4300181590706e-21,-1.496416961331e-06,-1.4962441800708e-06,-8.7032983385362e-10,-8.7035232077069e-10,9.4298385028617e-21,-9.4295743271707e-21,8.7033780584974e-10,8.7034387139589e-10,-1.4962940120871e-06,-1.4964671075028e-06,-5.3542297027811e-07,2.4160178536435e-11,-9.5578689746105e-12,-153.43720329436,173.91683196455,329.01573226993,100000985.20572,-2.6137475721293e-13,0.00015680101219169,-0.0021773687475915,-207.72359797572,-1.2149435946794e-06,-533.00805374231,465.32604369078
104.27500000002,2.5998680605693e-12,8.6666376363427e-13,2.2335257969227e-29,0.0033944430688376,1.7308631114213,5.8490996970062,-2.5837559379139e-25,-2.4433571958998e-05,1.1686531921319e-20,2.8404445150796e-06,-8.1830075103748e-21,8.1832476629202e-21,-5.966757390556e-06,-5.9663123161022e-06,-7.5526238019479e-10,-7.5528189408674e-10,8.1830917596367e-21,-8.1828625091935e-21,7.552692982027e-10,7.5527456181503e-10,-5.9664489679883e-06,-5.9668948221597e-06,-2.1484258254143e-06,6.2930655432752e-11,-2.4433571958998e-11,-153.43790103292,173.91984320606,329.01573226993,100000985.20572,-2.616523132562e-13,0.00021592079897278,-0.0022775917438281,-211.74612310792,-1.2374757482001e-06,-543.08775010996,474.11390872191
104.37500000002,1.855942549835e-11,6.1867468476822e-12,5.8401243562041e-29,0.003394443045067,1.7308396146402,5.9048919397007,-6.6299937859958e-25,-6.132105210479e-05,1.0141381096982e-20,8.0793306339206e-06,-7.101079964645e-21,7.1012883705358e-21,-1.6971728586312e-05,-1.6970604169218e-05,-6.554080042078e-10,-6.5542493813824e-10,7.1011530803433e-21,-7.1009541349517e-21,6.5541400757518e-10,6.5541857527751e-10,-1.6970958757919e-05,-1.6972085111654e-05,-6.1190063686181e-06,1.6086503760234e-10,-6.132105210479e-11,-153.43860145527,173.92285616494,329.01573226993,100000985.20572,-2.6190211372369e-13,0.00027498985843586,-0.0023778247857207,-215.7669629966,-1.2598569827185e-06,-553.154947992,482.89047893431
104.47500000002,1.1861717049787e-10,3.9540736633533e-11,1.4995512399531e-28,0.0033944429860692,1.7308160980599,5.9601637581238,-1.6712330694955e-24,-0.00015119129313688,8.8004239873387e-21,2.0943082690894e-05,-6.1621305678509e-21,6.1623114306446e-21,-4.3993733034085e-05,-4.3990943323416e-05,-5.6875518165547e-10,-5.687698767154e-10,6.1621940296872e-21,-6.1620213760448e-21,5.6876039130476e-10,5.6876435510214e-10,-4.3991836696567e-05,-4.3994631163985e-05,-1.586919626677e-05,4.0383326436278e-10,-1.5119129313688e-10,-153.43930868876,173.92587168818,329.01573226993,100000985.20572,-2.6206864746424e-13,0.00033400825316884,-0.0024780678752832,-219.78611789789,-1.2819651929125e-06,-563.20965697685,491.65576398472
104.57500000002,7.1593550059779e-10,2.386551020378e-10,3.7835392254054e-28,0.0033944428421541,1.730792561712,6.0149294757418,-4.1410183952838e-24,-0.00036645340405866,7.6365283161535e-21,5.2152435687473e-05,-5.3471610730596e-21,5.3473180495315e-21,-0.00010955307204223,-0.00010954626905668,-4.9355808558243e-10,-4.9357083775462e-10,5.347216176165e-21,-5.3470663221009e-21,4.9356260644422e-10,4.9356604617476e-10,-0.00010954847275082,-0.00010955528724788,-3.9527296574711e-05,9.9625232098244e-10,-3.6645340405866e-10,-153.44002941467,173.92889133028,329.01573226994,100000985.20573,-2.622490589923e-13,0.00039297605596869,-0.0025783210145301,-223.80358706671,-1.3034177674608e-06,-573.25188414682,500.40977134566
104.67500000002,4.1485109101736e-09,1.3828936311482e-09,9.3865638773698e-28,0.0033944424969087,1.7307690056415,6.0692027388655,-1.009234187919e-23,-0.00087367107632443,6.6259596887741e-21,0.00012675451897823,-4.6395524585912e-21,4.6396887432255e-21,-0.00026626449099494,-0.00026624817397149,-4.2830113970546e-10,-4.2831220581233e-10,4.6396003530421e-21,-4.6394702457261e-21,4.2830506282687e-10,4.2830804776666e-10,-0.00026625351254576,-0.00026626985699373,-9.6086215589282e-05,2.4167463450765e-09,-8.7367107632443e-10,-153.44078257016,173.93192052929,329.01573226996,100000985.20575,-2.6253355392847e-13,0.00045189336342749,-0.0026785842054766,-227.819367444,-1.3234730278013e-06,-583.28163080773,509.15250345513
104.77500000002,2.3218695741037e-08,7.7398778849691e-09,2.2911064019465e-27,0.0033944416819265,1.7307454299253,6.1229965186381,-2.4207230684821e-23,-0.0020500141181385,5.7476803424613e-21,0.00030234298043828,-4.0245739072784e-21,4.0246923213962e-21,-0.00063511088786731,-0.00063507237244453,-3.7166787086252e-10,-3.7167747370781e-10,4.0246156520719e-21,-4.0245025903142e-21,3.7167127522938e-10,3.7167386548056e-10,-0.00063508509168998,-0.00063512367143354,-0.00022922415884215,5.7681234132857e-09,-2.0500141181385e-09,-153.44160829314,173.93496877661,329.01573226999,100000985.20578,-2.6279723218193e-13,0.00051076032654557,-0.0027788574501384,-231.83345070413,-1.3403092840672e-06,-593.29888514067,517.88395131308
104.87500000002,1.2585830540656e-07,4.1954440335556e-08,5.5050127337013e-27,0.0033944397878693,1.7307218347107,6.1763230643085,-5.7174989566161e-23,-0.004736548504513,4.9824207564663e-21,0.00070931407265165,-3.488732740408e-21,3.4888358448455e-21,-0.0014900063644734,-0.0014899168491251,-3.2251304439738e-10,-3.2252137718474e-10,3.4887693944276e-21,-3.4886709151675e-21,3.2251599849945e-10,3.2251824618467e-10,-0.0014899466755233,-0.0014900363394332,-0.00053784439657897,1.3551912261091e-08,-4.736548504513e-09,-153.44259828916,173.93806078007,329.01573227007,100000985.20587,-2.6309560490288e-13,0.00056957721866456,-0.0028791407505319,-235.84581671682,-1.3499688937007e-06,-603.30360594497,526.60408031463
104.97500000002,6.6168935955915e-07,2.205717937508e-07,1.3027927757561e-26,0.0033944354522073,1.7306982203021,6.2291937563618,-1.3304542141003e-22,-0.010780526388682,4.3111671393395e-21,0.0016384479195948,-3.0187153444221e-21,3.0188056151524e-21,-0.0034417718136855,-0.0034415668863544,-2.7983670922161e-10,-2.7984393929589e-10,3.0187481428741e-21,-3.0186618402116e-21,2.7983927237608e-10,2.7984122265333e-10,-0.0034416357612382,-0.0034418410265928,-0.0012425262962633,3.1355173350504e-08,-1.0780526388682e-08,-153.44395532401,173.94124736978,329.01573227026,100000985.20606,-2.6341479430099e-13,0.00062834458391504,-0.0029794341086747,-239.85641928905,-1.3436942240069e-06,-613.29568721794,535.31279938603
105.07500000002,3.3767980424969e-06,1.1256430284312e-06,3.0381519822905e-26,0.0033944256737318,1.7306745873452,6.2816187527392,-3.0516567078699e-22,-0.024176687006898,3.7123087870404e-21,0.0037284346126676,-2.5993897288221e-21,2.5994698784492e-21,-0.0078320572098203,-0.007831595007513,-2.4275795758171e-10,-2.4276422947793e-10,2.5994204487541e-21,-2.5993436376514e-21,2.4276018100812e-10,2.4276187290522e-10,-0.0078317516655175,-0.0078322146256196,-0.0028278276624315,7.1460877406009e-08,-2.4176687006898e-08,-153.44611929433,173.94464143482,329.01573227068,100000985.20649,-2.6365071696234e-13,0.00068706355654853,-0.0030797375265839,-243.86515555858,-1.3025513223957e-06,-623.27488219159,544.00989479582
105.17500000002,1.6730515008937e-05,5.5770517905531e-06,6.9847915831159e-26,0.0033944039432167,1.7306509372186,6.3336062117027,-6.9024338840923e-22,-0.053419937705533,3.1558535528498e-21,0.0083603398801823,-2.2097551533008e-21,2.2098287722816e-21,-0.017561966345544,-0.01756093943976,-2.1048447576834e-10,-2.1048991344424e-10,2.2097868871685e-21,-2.2097159273368e-21,2.1048640336744e-10,2.1048787040964e-10,-0.017561290374087,-0.017562318953475,-0.0063416690905391,1.6041610005979e-07,-5.3419937705533e-08,-153.45003336955,173.94848458124,329.01573227161,100000985.20745,-2.6386582292074e-13,0.00074573653610065,-0.0031800510062783,-247.87180141926,-1.1864562776257e-06,-633.24064321308,552.69489064522
105.27500000002,8.040689135041e-05,2.6803307500022e-05,1.5836888400835e-25,0.003394356379714,1.7306272728425,6.3851606669785,-1.5401364507472e-21,-0.11621545962606,2.5913968405007e-21,0.018469158906633,-1.8145179234881e-21,1.8145908017309e-21,-0.038796826756922,-0.038794581188178,-1.8227047827792e-10,-1.8227518619823e-10,1.8145567173842e-21,-1.8144856142852e-21,1.8227214698985e-10,1.8227341754501e-10,-0.038795354806223,-0.03879760401309,-0.01401140379635,3.5444228274328e-07,-1.1621545962606e-07,-153.45767369896,173.95328285362,329.01573227365,100000985.20955,-2.6417807334761e-13,0.00080436858505784,-0.0032803745497765,-251.87587813512,-9.1261480211251e-07,-643.19179131959,561.36676098837
105.37500000002,0.0003737961062534,0.0001246033133737,3.5421899103605e-25,0.0033942539812166,1.7306036003055,6.4362797698505,-3.3909200464592e-21,-0.24845976135082,1.9230391363187e-21,0.040160227147252,-1.3465284525604e-21,1.3466113185997e-21,-0.084361659009096,-0.084356836805386,-1.5734879716113e-10,-1.5735285950245e-10,1.346586746624e-21,-1.3465042458702e-21,1.5735023663007e-10,1.5735133380196e-10,-0.084358511380362,-0.084363341350972,-0.030471283498357,7.693444284376e-07,-2.4845976135083e-07,-153.47307513398,173.96006612866,329.01573227806,100000985.21408,-2.6449726257203e-13,0.0008629702368096,-0.0033807081590977,-255.87638498981,-3.1687205381093e-07,-653.12585463614,570.02335344618
105.47500000002,0.001669903251478,0.00055665450377317,7.8160208666052e-25,0.0033940378369822,1.7305799319745,6.4869481103265,-7.3672145192673e-21,-0.51981152755407,9.5752718547002e-22,0.08575559295055,-6.7046931052117e-22,6.7058346608491e-22,-0.18014044527769,-0.18013032599541,-1.3480990694368e-10,-1.3481338342331e-10,6.7057306988037e-22,-6.7045667264478e-22,1.3481113793168e-10,1.3481207865187e-10,-0.18013386811908,-0.18014400360535,-0.065077208138919,1.6334294666574e-06,-5.198115275541e-07,-153.50412079149,173.97084799544,329.01573228739,100000985.22363,-2.6480257381354e-13,0.00092156286417737,-0.0034810518362622,-259.87128951387,9.0295774111381e-07,-663.03780833806,578.66029152131
105.57500000002,0.0070742349993417,0.0023581601814691,1.7009300292717e-24,0.0033935934434228,1.7305562919109,6.5371266004654,-1.5790442973042e-20,-1.0552871104943,-7.0140978040659e-22,0.17894736247278,4.9113137072831e-22,-4.9094263850875e-22,-0.37590130452422,-0.37588075547674,-1.1337678492595e-10,-1.1337970031833e-10,-4.9092812856738e-22,4.9112429873072e-22,1.1337781538564e-10,1.1337860801423e-10,-0.37588800706172,-0.37590858882454,-0.1358273799143,3.3631277215387e-06,-1.0552871104944e-06,-153.56507790546,173.98925905354,329.01573230664,100000985.24327,-2.6510788467888e-13,0.00098018802727596,-0.0035814055832906,-263.8566430199,3.2244063298267e-06,-672.91789180883,587.26907311905
105.67500000002,0.027737004063914,0.0092459689995284,3.647599204015e-24,0.003392714308851,1.730532723582,6.586737725205,-3.3360407683126e-20,-2.0476267046355,-3.8639669507377e-21,0.36159655285997,2.7055785600301e-21,-2.7052273877802e-21,-0.75957810483871,-0.75953842627198,-9.0982877747344e-11,-9.0985199532123e-11,-2.7051648333402e-21,2.7055340709391e-21,9.098369449704e-11,9.0984333618952e-11,-0.75955254914169,-0.75959229051838,-0.27455173302767,6.611983444294e-06,-2.0476267046358e-06,-153.67819768723,174.0209374827,329.01573234488,100000985.28211,-2.6539237820013e-13,0.001038920777532,-0.0036817694022046,-267.82532965265,7.1574985478093e-06,-682.74852943827,595.83438847623
105.77500000002,0.096895262670723,0.032299366482045,7.6960934028942e-24,0.0033910737986357,1.7305092959264,6.6356549359015,-6.9366679988849e-20,-3.7100598302877,-1.0163764511452e-20,0.69716523868944,7.1167458443268e-21,-7.1160564249255e-21,-1.4644795517261,-1.4644086370486,-6.399314957734e-11,-6.3994743623929e-11,-7.1158976913057e-21,7.1166269054281e-21,6.3993701858856e-11,6.3994157871034e-11,-1.4644341170507,-1.4645051433597,-0.52958767859243,1.2121371023366e-05,-3.7100598302885e-06,-153.8686888117,174.07219618035,329.01573241674,100000985.35461,-2.6570462630145e-13,0.0010978801083128,-0.0037821432950255,-271.76610519953,1.2608292114099e-05,-692.50198685308,604.33207930629
105.87500000002,0.28791692042215,0.095974691150188,1.5943433127124e-23,0.0033882598800972,1.7304860962803,6.6837190739718,-1.4166950226863e-19,-6.1092735883009,-2.2826893801269e-20,1.258026481276,1.5983567625847e-20,-1.5982195769932e-20,-2.6426313464255,-2.6425176862788,-2.5806488477571e-11,-2.580703521984e-11,-1.5981843439064e-20,1.5983298933527e-20,2.5806656961138e-11,2.5806856239208e-11,-2.6425589610178,-2.6426727991705,-0.95624496502953,2.0155724634382e-05,-6.1092735883025e-06,-154.14592727278,174.14520378043,329.01573254119,100000985.47895,-2.6604462883271e-13,0.0011572167132585,-0.0038825272637765,-275.66480981062,1.7930759087909e-05,-702.14342032436,612.73179710389
105.97500000002,0.70291451517584,0.23430949157745,3.2375472877016e-23,0.0033839206560814,1.730463199914,6.7308005662495,-2.8372366068998e-19,-8.984958420176,-4.8073203316372e-20,2.0883171002556,3.3661230713397e-20,-3.3658518413911e-20,-4.3867441527947,-4.3865841763489,3.558410256456e-11,3.558526106112e-11,-3.3657780215265e-20,3.366066294979e-20,-3.558456217548e-11,-3.5584773643926e-11,-4.3866429562543,-4.3868031822101,-1.5885705186866,2.9865948264292e-05,-8.9849584201786e-06,-154.48227706336,174.23271204623,329.01573273527,100000985.6707,-2.6632218048199e-13,0.0012170603776827,-0.0039829213104801,-279.50939254601,2.0553644168098e-05,-711.64332882564,621.00785325622
106.07500000002,1.4098054771794,0.46994235530176,6.4426932630004e-23,0.003377929935647,1.7304406349797,6.7768673266983,-5.5706190180718e-19,-11.873891287131,-9.7631290986475e-20,3.1693788559899,6.8362191909717e-20,-6.835690641742e-20,-6.6576211995959,-6.6574223842106,1.41801289382e-10,1.4180542167824e-10,-6.8355411438343e-20,6.8361035824335e-20,-1.418028466172e-10,-1.418037681309e-10,-6.657496329424,-6.6576954540632,-2.4127759965354,3.9681927335633e-05,-1.1873891287134e-05,-154.82575400025,174.32149741418,329.01573300606,100000985.93543,-2.666274875069e-13,0.0012774594888238,-0.0040833254371604,-283.2956010422,1.9881544499751e-05,-720.99156802072,629.15142778581
106.17500000002,2.4036595659688,0.80122934032068,1.2579358125762e-22,0.0033703868611788,1.7304183821181,6.821981162435,-1.0735237361249e-18,-14.47874103351,-1.9323697297258e-19,4.4314788443328,1.353060416319e-19,-1.3529590870597e-19,-9.3087807566945,-9.3085560617654,3.3134675393377e-10,3.3135621743939e-10,-1.3529295516939e-19,1.3530374813475e-19,-3.3135027959789e-10,-3.3135246983903e-10,-9.3086406168632,-9.3088656608666,-3.3758230665214,4.8573392150044e-05,-1.4478741033513e-05,-155.14165300471,174.40290700646,329.01573334973,100000986.26876,-2.6687728363942e-13,0.0013383804125538,-0.0041837396458415,-287.02693866002,1.7871869520124e-05,-730.19714078813,637.17038237254
106.27500000002,3.6468558658526,1.2156301051373,2.4139141016662e-22,0.0033614659937153,1.7303964057818,6.8662329063836,-2.0339413754704e-18,-16.78932448983,-3.7460919889201e-19,5.7981688897707,2.6230430334107e-19,-2.6228518336917e-19,-12.179637329063,-12.179398077849,6.7203522194565e-10,6.7205429417004e-10,-2.6227946512504e-19,2.6229984767602e-19,-6.720422938943e-10,-6.7204676951451e-10,-12.179489080282,-12.179728703116,-4.4192406919566,5.6487870867786e-05,-1.6789324489833e-05,-155.42770003706,174.47648287159,329.01573375819,100000986.66297,-2.6714095788745e-13,0.0013997615968606,-0.0042841639385486,-290.70948725942,1.6351549163265e-05,-739.27535219829,645.07806551718
106.37500000002,5.1153353828908,1.705125172834,4.5588648182369e-22,0.0033512983318752,1.7303746793792,6.90969286278,-3.7937762724299e-18,-18.925584871475,-7.1334548266329e-19,7.2148880180432,4.9949012546423e-19,-4.9945458685274e-19,-15.155582150406,-15.155335499966,1.2818949675349e-09,1.2819312717845e-09,-4.9944370878479e-19,4.9948162375904e-19,-1.2819083944687e-09,-1.2819169714052e-09,-15.155430232426,-15.15567726615,-5.5011716036781,6.3825486026821e-05,-1.8925584871478e-05,-155.69719463184,174.54560794863,329.01573422505,100000987.11228,-2.673768767467e-13,0.0014615569744472,-0.0043845983173072,-294.34781565984,1.5792796599474e-05,-748.23772060862,652.88452343067
106.47500000002,6.8053900512285,2.2684786542733,8.4811387219305e-22,0.0033399459265085,1.7303531907781,6.9524012217848,-6.9726066878293e-18,-20.998853320561,-1.3366864047323e-18,8.6509092652081,9.3595837687173e-19,-9.358932693338e-19,-18.172071586711,-18.171821335928,2.3636425051136e-09,2.3637094184345e-09,-9.3587290204539e-19,9.3594241514415e-19,-2.3636672099792e-09,-2.3636830812898e-09,-18.171918322313,-18.17216896228,-6.598002318595,7.0963193676104e-05,-2.0998853320565e-05,-155.96313426838,174.61353412532,329.01573474713,100000987.61394,-2.6762667342459e-13,0.0015237454453307,-0.0044850427841432,-297.94411461654,1.5956194590225e-05,-757.08987519856,660.59467061582
106.57500000002,8.7232556758391,2.9077691947215,1.5550895611926e-21,0.0033274217134266,1.7303319382099,6.9943770699764,-1.2634134679011e-17,-23.075684922564,-2.4674956102378e-18,10.090855151634,1.7277599641784e-18,-1.7276423561444e-18,-21.196804475507,-21.196552506456,4.260633128533e-09,4.2607537865878e-09,-1.7276047841152e-18,1.7277304421782e-18,-4.2606776156551e-09,-4.2607063148555e-09,-21.19665101053,-21.196903371816,-7.6979070420107,7.8127631047817e-05,-2.3075684922568e-05,-156.23368745593,174.68228137058,329.01573532366,100000988.16738,-2.679250422867e-13,0.001586323795894,-0.0045854973410838,-301.498884433,1.6525781674599e-05,-765.83327278172,668.20978685373
106.67500000002,10.87728986526,3.625782664705,2.8113813158002e-21,0.0033137123878396,1.7303109254725,7.0356282536861,-2.2577664746974e-17,-25.188579808693,-4.4904912650122e-18,11.527117749665,3.144277633722e-18,-3.144068114929e-18,-24.213799967969,-24.213547245276,7.5463137267521e-09,7.5465275865914e-09,-3.143999780339e-18,3.1442238026144e-18,-7.5463924824939e-09,-7.5464434659136e-09,-24.213646898327,-24.213900014858,-8.7950371559571,8.5429862596628e-05,-2.5188579808698e-05,-156.51317610406,174.75289823385,329.01573595516,100000988.77319,-2.6820259433678e-13,0.0016492984138302,-0.0046859619901562,-305.01172387785,1.7300050953917e-05,-774.46715140736,675.72921947298
106.77500000002,13.275201573089,4.4250887064629,5.0126390804264e-21,0.0032987925042507,1.7302901589591,7.076157359516,-3.9802711506844e-17,-27.351980827681,-8.0603086560067e-18,12.955549631165,5.6438922833056e-18,-5.6435240918931e-18,-27.214346141853,-27.214093227811,1.3165130347761e-08,1.3165503787876e-08,-5.6434015004819e-18,5.6437954638269e-18,-1.3165267712184e-08,-1.3165356920919e-08,-27.214193827425,-27.21444713608,-9.8862086268215,9.2919404490584e-05,-2.7351980827686e-05,-156.80384582917,174.82591284909,329.01573664278,100000989.4325,-2.6844545175777e-13,0.0017126801577983,-0.0047864367333885,-308.48181567381,1.8180531861851e-05,-782.98972934467,683.151427827
106.87500000002,15.923721521309,5.3079308861263,8.8164699075916e-21,0.0032826312521351,1.7302696462263,7.1159645637963,-6.9237882572101e-17,-29.572361404888,-1.4275146420974e-17,14.373479065729,9.9955714707142e-18,-9.9949331115449e-18,-30.192830840488,-30.192578121685,2.2651198935675e-08,2.2651842134855e-08,-9.994716107482e-18,9.9953996437658e-18,-2.2651435257878e-08,-2.2651589207436e-08,-30.192679539635,-30.192932653253,-10.969373754315,0.00010061855465937,-2.9572361404894e-05,-157.10703127196,174.9016218219,329.01573738793,100000990.14666,-2.6875769794272e-13,0.001776481885075,-0.004886921572809,-311.9081595619,1.9126032293343e-05,-791.39877969492,690.4744837803
106.97500000002,18.828865633505,6.2763145059613,1.5300037335405e-20,0.0032651952840773,1.7302493953947,7.1550488194052,-1.1886624038776e-16,-31.853024708325,-2.4951566650606e-17,15.778897973063,1.7471286700369e-17,-1.7470194584877e-17,-33.145035936023,-33.144783714937,3.8462602431914e-08,3.8463695869245e-08,-1.7469815463609e-17,1.747098571852e-17,-3.8463003718235e-08,-3.8463265935786e-08,-33.144885858739,-33.145138474408,-12.042995365769,0.00010853878507149,-3.1853024708332e-05,-157.42372468547,174.98023379695,329.01573819216,100000990.91715,-2.6904912726065e-13,0.0018407174173967,-0.0049874165104473,-315.28966950717,2.0120803517395e-05,-799.6918697361,697.69628015182
107.07500000002,21.996148370771,7.3320777151245,2.620231139707e-20,0.0032464498210083,1.7302294149146,7.1934083232596,-2.0143514101345e-16,-34.196035817383,-4.3052761346099e-17,17.170144376722,3.0145889128555e-17,-3.0144045171931e-17,-36.067470311623,-36.067218843363,6.4484819101834e-08,6.4486654581517e-08,-3.0143391308942e-17,3.0145368641173e-17,-6.4485491926807e-08,-6.4485932943311e-08,-36.067321640603,-36.067573502851,-13.105802077493,0.00011668735305918,-3.4196035817391e-05,-157.75482503666,175.06193076411,329.01573905708,100000991.74551,-2.6933361749145e-13,0.0019054011360215,-0.0050879215483331,-318.62521165973,2.1158860103416e-05,-807.86645427634,704.81461200729
107.17500000002,25.430659265275,8.4769170198304,4.4290389406837e-20,0.0032263591029613,1.7302097134701,7.2310407112688,-3.3701242300759e-16,-36.602914447792,-7.3345809905913e-17,18.545772080315,5.1357326703547e-17,-5.1354253628315e-17,-38.957096110759,-38.95684561924,1.0677748080356e-07,1.0678052408279e-07,-5.135314016005e-17,5.1356437935891e-17,-1.0677859503208e-07,-1.0677932767845e-07,-38.956949010714,-38.957199895304,-14.156687948202,0.00012506967018275,-3.6602914447799e-05,-158.10122311346,175.14689056345,329.01573998434,100000992.63332,-2.6957647415894e-13,0.0019705478160914,-0.005188436688497,-321.91361981912,2.2237515427321e-05,-815.91991360821,711.82720970613
107.27500000002,29.137053160732,9.7123840296273,7.3904345957798e-20,0.0032048866143011,1.7301902999311,7.2679431584011,-5.5674590247372e-16,-39.074864270719,-1.233949069916e-16,19.904488586646,8.6402110594773e-17,-8.6397054763619e-17,-41.811198333095,-41.810949019515,1.7466536749633e-07,1.7467035256585e-07,-8.639518223994e-17,8.6400611763781e-17,-1.7466719042584e-07,-1.7466839292617e-07,-41.811052955715,-41.811302661167,-15.194664763632,0.00013369008175653,-3.9074864270728e-05,-158.46383620402,175.2352915913,329.01574097564,100000993.58219,-2.6993729181652e-13,0.0020361725433485,-0.0052889619329698,-325.15370314175,2.335502779031e-05,-823.8495723458,718.73175529973
107.37500000002,33.119500483878,11.039868880974,1.2175415703754e-19,0.0031819952364926,1.7301711833203,7.3041124468452,-9.0830170622516e-16,-41.612843761785,-2.0503913454451e-16,21.245119473201,1.435700635458e-16,-1.4356185133447e-16,-44.627310002973,-44.627062051099,2.8230809141907e-07,2.8231616046594e-07,-1.4355874101697e-16,1.4356756679629e-16,-2.8231103836546e-07,-2.8231298872259e-07,-44.627166490078,-44.62741483237,-16.218834701793,0.00014255210249365,-4.1612843761795e-05,-158.84362517892,175.32732029559,329.0157420327,100000994.59376,-2.7019402585337e-13,0.0021022906570984,-0.0053894972837835,-328.34425134817,2.4509813923947e-05,-831.65271206654,725.52589353325
107.47500000002,37.381620269545,12.460577912122,1.9806564787331e-19,0.0031576473800174,1.7301523727846,7.3395450234372,-1.4635995874038e-15,-44.217583532007,-3.3655691638588e-16,22.566584940943,2.3565988923935e-16,-2.3564671813748e-16,-47.403162908584,-47.402916488418,4.5092380748624e-07,4.5093671578966e-07,-2.3564161456388e-16,2.3565578038068e-16,-4.5092851568558e-07,-4.5093164217683e-07,-47.403021394315,-47.40326820321,-17.228372356846,0.00015165846863822,-4.4217583532017e-05,-159.24160090687,175.42317145071,329.01574315727,100000995.66969,-2.7048545414227e-13,0.0021689177004602,-0.0054900427429701,-331.48403920105,2.5700137948343e-05,-839.32658210846,732.20724123901
107.57500000002,41.926404467182,13.975508431875,3.1819997950275e-19,0.003131805113549,1.7301338775665,7.3742370537933,-2.3296276320405e-15,-46.889583556194,-5.4578628589911e-16,23.867883258987,3.8216401021592e-16,-3.8214314994509e-16,-50.13665282635,-50.13640809684,7.1189041096591e-07,7.1191082267763e-07,-3.8213487631488e-16,3.8215732904137e-16,-7.1189784602534e-07,-7.1190280033517e-07,-50.136513438788,-50.136758555122,-18.222512054474,0.00016101112130002,-4.6889583556204e-05,-159.65883219265,175.5230479812,329.0157443511,100000996.81166,-2.7077688220888e-13,0.0022360693712602,-0.0055905983125626,-334.57183087526,2.6923993872971e-05,-846.86841004764,738.77339644909
107.67500000002,46.756136371031,15.585421529534,5.0490208567454e-19,0.0031044302978931,1.7301157069748,7.4081844762313,-3.6632979336886e-15,-49.629101002822,-8.7455115850684e-16,25.148078757031,6.1236788169785e-16,-6.1233525370187e-16,-52.825814298181,-52.825571409261,1.1110020373074e-06,1.111033946463e-06,-6.1232200034771e-16,6.1235714607427e-16,-1.1110136443812e-06,-1.1110214060543e-06,-52.825677160557,-52.82592043419,-19.200538653015,0.00017061115763076,-4.9629101002834e-05,-160.09645007975,175.62716473583,329.01574561597,100000998.02135,-2.7106137115511e-13,0.0023037614707906,-0.0056911639945945,-337.60638447745,2.8178976766437e-05,-854.27541248536,745.2219477752
107.77500000002,51.87230431249,17.290813305648,7.9136591794139e-19,0.0030754847286259,1.7300978703529,7.441383057092,-5.6914862086537e-15,-52.436132602963,-1.3848381724293e-15,26.406293078875,9.6967506868168e-16,-9.6962466457555e-16,-55.468802258893,-55.468561353035,1.7142169575557e-06,1.7142662789154e-06,-9.696036840704e-16,9.6965801969723e-16,-1.7142348729945e-06,-1.7142468965492e-06,-55.46866749048,-55.468908778752,-20.161780842692,0.00018045876324297,-5.2436132602975e-05,-160.55565262473,175.73574781991,329.01574695366,100000999.30045,-2.7134585987138e-13,0.0023720098489822,-0.0057917397911001,-340.5864568494,2.9462260409335e-05,-861.54480647349,751.55048434181
107.87500000002,57.275511457798,19.091884804427,1.2253353344273e-18,0.0030449302898809,1.730080377044,7.4738284484511,-8.7375618517505e-15,-55.310393441767,-2.167273472891e-15,27.641698883541,1.5175427638249e-15,-1.5174658552371e-15,-58.063878804975,-58.063640018382,2.6152911807843e-06,2.6153665672656e-06,-1.5174330293895e-15,1.517516001896e-15,-2.6153185242112e-06,-2.6153369434405e-06,-58.063746521771,-58.063985688296,-21.105606319149,0.00019055313225351,-5.531039344178e-05,-161.03771161533,175.84903463041,329.01574836593,100001000.65065,-2.7163034835502e-13,0.0024408303450703,-0.005892325704114,-343.51080873899,3.0770472169192e-05,-868.67382178069,757.75660644883
107.97500000002,62.965382675675,20.988510969638,1.874484482214e-18,0.0030127291209223,1.7300632363542,7.5055162488824,-1.3255831984992e-14,-58.251293358178,-3.3525582946888e-15,28.853515438333,2.3474890824815e-15,-2.3473731669434e-15,-60.609403937534,-60.609167401042,3.9457442206545e-06,3.9458581780742e-06,-2.3473224009765e-15,2.3474475553306e-15,-3.9457854922055e-06,-3.9458133998894e-06,-60.609274252741,-60.60951116651,-22.031418405434,0.00020089237897731,-5.8251293358192e-05,-161.54397824448,175.96727897196,329.01574985455,100001002.07363,-2.7190789771046e-13,0.0025102387231437,-0.0059929217356716,-346.37821039412,3.2099734981463e-05,-875.65971413385,763.83793708092
108.07500000002,68.940469678434,22.980209024871,2.8333344849982e-18,0.0029788437965619,1.7300464575119,7.5364420676967,-1.9875356261102e-14,-61.25791186458,-5.1266269007754e-15,30.041005707267,3.5897067852493e-15,-3.58953420651e-15,-63.10382944637,-63.103595286126,5.8876412949638e-06,5.8878116802395e-06,-3.5894565941915e-15,3.5896430780391e-15,-5.8877029076602e-06,-5.8877447330701e-06,-63.103702470739,-63.103937005438,-22.938653818609,0.00021147344439283,-6.1257911864595e-05,-162.07588565072,176.0907462205,329.01575142126,100001003.57102,-2.7212299678585e-13,0.0025802506021701,-0.0060935278878088,-349.18744761614,3.344552074754e-05,-882.49977952091,769.79213433814
108.17500000002,75.198155914638,25.066106771028,4.231956557432e-18,0.0029432375220053,1.7300300496234,7.5666015929068,-2.9454493482342e-14,-64.328972391269,-7.750376631013e-15,31.203474642466,5.4268784342164e-15,-5.4266246121697e-15,-65.54569532098,-65.545463658924,8.6896891915345e-06,8.6899411967066e-06,-5.4265073028074e-15,5.4267818000425e-15,-8.6897801741682e-06,-8.6898421851882e-06,-65.545571163013,-65.545803196545,-23.82678135703,0.00022229200016699,-6.4328972391285e-05,-162.63496052057,176.21972156899,329.01575306778,100001005.14447,-2.7244217903592e-13,0.0026508813802732,-0.0061941441625624,-351.93732829193,3.4802725470928e-05,-889.19136960153,775.61690482866
108.27500000002,81.734562981898,27.244911390641,6.2466766101592e-18,0.0029058743422651,1.7300140216258,7.5959906630034,-4.3147266650309e-14,-67.462816633365,-1.1584869235679e-14,32.340268456129,8.111822594108e-15,-8.111453801435e-15,-67.933628221319,-67.933399175538,1.2687118714897e-05,1.2687487455341e-05,-8.1112784860683e-15,8.1116776498422e-15,-1.2687251626024e-05,-1.2687342587257e-05,-67.933506987399,-67.933736401524,-24.695301338015,0.00023334235296415,-6.7462816633382e-05,-163.22282362451,176.35450546984,329.01575479576,100001006.79555,-2.7269197211511e-13,0.0027221461532102,-0.0062947705619693,-354.62668940964,3.616552824203e-05,-895.73190823674,781.3100180328
108.37500000002,88.544460616733,29.514879444386,9.1129239320506e-18,0.0028667193658375,1.7299983822366,7.6246053424735,-6.2482130429724e-14,-70.657379788332,-1.7122892830342e-14,33.450774698401,1.1989593801347e-14,-1.1989064433287e-14,-70.266341641452,-70.266115326371,1.8325751431674e-05,1.8326285271232e-05,-1.1988805353934e-14,1.1989378800206e-14,-1.8325943529843e-05,-1.8326075552278e-05,-70.266223435845,-70.266450115993,-25.543745652201,0.00024461735182871,-7.065737978835e-05,-163.84120337105,176.49541961203,329.01575660686,100001008.52581,-2.7304584837521e-13,0.0027940596271566,-0.0063954070880676,-357.25440454794,3.7527487817626e-05,-902.11890911176,786.8693216163
108.47500000002,95.621182603311,31.873788840752,1.3140248464255e-17,0.0028257390018839,1.7299831398991,7.6524420008413,-8.9452952689327e-14,-73.910167513451,-2.5027679160679e-14,34.534422998785,1.7524592751236e-14,-1.7523842054317e-14,-72.542637466992,-72.542413993485,2.6190508881693e-05,2.6191273638265e-05,-1.7523463428121e-14,1.7524277330355e-14,-2.6190783600124e-05,-2.61909732215e-05,-72.542522391805,-72.542746226956,-26.371678325659,0.00025610830160048,-7.391016751347e-05,-164.49193985798,176.6428050655,329.01575850262,100001010.33674,-2.7336502994383e-13,0.0028666360260891,-0.0064960537428956,-359.81939181316,3.8881445521215e-05,-908.34999439072,792.29275763921
108.57500000002,102.95655119786,34.318913644264,1.8729361855525e-17,0.0027829012096721,1.729968302726,7.6794973948521,-1.2662095591819e-13,-77.218235472787,-3.6179364944382e-14,35.590686350639,2.533309896599e-14,-2.5332047223467e-14,-74.761408673346,-74.761188148741,3.7038406964614e-05,3.7039491144801e-05,-2.5331499964618e-14,2.53326412562e-14,-3.7038795739532e-05,-3.7039065276635e-05,-74.761296828394,-74.761517711091,-27.178696497629,0.00026780488548554,-7.7218235472807e-05,-165.17699293632,176.79702823941,329.01576048456,100001012.22976,-2.7368421129849e-13,0.0029398889942438,-0.0065967105284922,-362.32062218215,4.0219616035135e-05,-914.42291430282,797.57837957336
108.67500000002,110.54081288258,36.847002660079,2.6390835703568e-17,0.0027381757585322,1.7299538784398,7.7057687532562,-1.7722500966243e-13,-80.578172386097,-5.1729444747129e-14,36.619082832351,3.6221399218644e-14,-3.6219943436907e-14,-76.92164294127,-76.921425469252,5.1835779484789e-05,5.1837300692796e-05,-3.6219161055399e-14,3.6220742196233e-14,-5.1836323984427e-05,-5.1836703198836e-05,-76.921534423883,-76.921752250302,-27.96443173252,0.00027969510007702,-8.0578172386118e-05,-165.89845921862,176.95848334781,329.01576255408,100001014.20619,-2.7399645355557e-13,0.0030138314943118,-0.0066973774468974,-364.75712819234,4.1533548281299e-05,-920.33556751955,802.72437000595
108.77500000002,118.36258842175,39.454262786313,3.6764821405274e-17,0.0026915344960522,1.7299398743119,7.7312538634836,-2.4529606589195e-13,-83.986087524108,-7.3162968673889e-14,37.619177667992,5.1229338962178e-14,-5.122734816491e-14,-79.022426985444,-79.022212665928,7.1799092218552e-05,7.1801204870264e-05,-5.1226241724871e-14,5.1228405920758e-14,-7.1799847013808e-05,-7.1800375130028e-05,-79.022321890239,-79.022536560337,-28.72855159187,0.00029176520625127,-8.398608752413e-05,-166.65857698521,177.1275930449,329.0157647125,100001016.26728,-2.7429481783379e-13,0.0030884757022599,-0.0067980545001512,-367.12801290243,4.2814269917487e-05,-926.0860221415,807.72905887189
108.87500000002,126.40884026392,42.136348148203,5.0640853329249e-17,0.0026429516217035,1.7299262970989,7.7559511593321,-3.3576977761846e-13,-87.437603597922,-1.0236758528815e-13,38.590585535216,7.1678666869105e-14,-7.167597718378e-14,-81.062951402495,-81.062740331407,9.8438251002034e-05,9.8441155447187e-05,-7.1674429217464e-14,7.1677355896191e-14,-9.843928670888e-05,-9.8440014817793e-05,-81.062849821084,-81.063061238813,-29.470761395806,0.00030399969939201,-8.7437603597944e-05,-167.45974173473,177.30481727098,329.01576696103,100001018.41417,-2.7458624304264e-13,0.0031638328998458,-0.0068987416902946,-369.43245902922,4.4052229482264e-05,-931.67253707023,812.59094201942
108.97500000002,134.66486031149,44.888356021455,6.8976483298234e-17,0.0025924039625557,1.7299131529801,7.7798598086251,-4.5458958128884e-13,-90.92785597475,-1.4170772959432e-13,39.532973031032,9.9224982015779e-14,-9.9221391828125e-14,-83.042515850589,-83.042308119603,0.00013360079422572,0.00013360474733752,-9.921924912732e-14,9.922315937523e-14,-0.00013360220113312,-0.0001336031950038,-83.042417871247,-83.042625944822,-30.190806105698,0.00031638130235378,-9.0927855974774e-05,-168.30452212779,177.49065221012,329.01576930076,100001020.64789,-2.7488460698812e-13,0.0032399133661351,-0.0069994390193692,-371.6697381478,4.5237542687719e-05,-937.0935834996,817.30869987842
109.07500000002,143.11428092669,47.704830501269,9.2913201454108e-17,0.0025398712472266,1.7299004474937,7.8029797996385,-6.0879094834771e-13,-94.451499093001,-1.9410133992541e-13,40.44606120721,1.3591145185871e-13,-1.3590671741071e-13,-84.960534375297,-84.960330071535,0.00017951482428485,0.00017952015151585,-1.3590378265664e-13,1.3590894420913e-13,-0.0001795167164598,-0.00017951805976835,-84.960440082619,-84.960644724799,-30.888472260627,0.00032889098437546,-9.4451499093025e-05,-169.19567636145,177.68563888166,329.01577173266,100001022.96934,-2.7519684858517e-13,0.0033167262695008,-0.007100146489417,-373.83921982596,4.6359975386674e-05,-942.34786622063,821.88121596524
109.17500000002,151.7391117592,50.579774778469,1.2378786569345e-16,0.0024853363737538,1.7298881854749,7.8253120249555,-8.0655634998837e-13,-98.002720853568,-2.6309551256824e-13,41.329628087599,1.8422178643907e-13,-1.8421561834656e-13,-86.816540697475,-86.816339903176,0.00023882801874638,0.00023883512757222,-1.8421164059338e-13,1.8421837186087e-13,-0.00023883053858029,-0.00023883233654482,-86.816450171985,-86.816651300425,-31.563589900627,0.00034150800882049,-9.8002720853594e-05,-170.1361746132,87.89037284097,329.01577425752,100001025.37926,-2.7550909007051e-13,0.0033942795617903,-0.0072008641024807,-375.94038054753,4.7409181592654e-05,-947.434344398,826.30759492724
109.27500000002,160.51980453879,53.506672737391,1.6313773213821e-16,0.0024287856666751,1.729876370996,7.8468583612876,-1.0572299746153e-12,-101.57526561936,-3.5293654949821e-13,42.183511080138,2.4712928662838e-13,-2.4712134788648e-13,-88.610193279917,-88.609996072066,0.00031463962519102,0.00031464901977069,-2.4711601198162e-13,2.4712468448922e-13,-0.00031464294831897,-0.00031464533170649,-88.610106597664,-88.610304135276,-32.216034410107,0.00035421001210806,-0.00010157526561938,-171.1292192855,88.105508498145,329.015776876,100001027.87827,-2.7579357589602e-13,0.0034725798764819,-0.007301591860604,-377.97281226599,4.8374806965204e-05,-952.35225144519,830.58717980272
109.37500000002,169.43534738707,56.478520393553,2.1269719444207e-16,0.0023702091182994,1.7298650073103,7.8676217437137,-1.3712816162401e-12,-105.16246626657,-4.6862902386955e-13,43.007609197538,3.2813820254583e-13,-3.2812810866186e-13,-90.341279992106,-90.34108644208,0.00041052204482839,0.0004105343416056,-3.2812102376831e-13,3.2813206230336e-13,-0.00041052638531685,-0.00041052951476068,-90.341197224271,-90.341391099585,-32.845728215706,0.00036697311552776,-0.0001051624662666,-172.17827289521,88.331771460197,329.01577958859,100001030.4668,-2.7602255051684e-13,0.003551632432798,-0.0074023297658306,-379.93623042019,4.9246666083533e-05,-957.10111360287,834.71956815278
109.47500000002,178.46338946007,59.487867441512,2.7438453422032e-16,0.00230960060899,1.7298540967998,7.8876062327455,-1.760210585634e-12,-108.75728549565,-6.1597789400726e-13,43.801885002913,4.3131322241962e-13,-4.3130054434922e-13,-92.009722197198,-92.009532370376,0.00053052850996259,0.00053054445382136,-4.3129123182415e-13,4.3130511154226e-13,-0.00053053412562346,-0.00053053819616014,-92.009643409678,-92.009833557217,-33.452642274632,0.00037977207078487,-0.00010875728549568,-150.78709026811,88.569970110879,329.01578239559,100001033.14513,-2.7627234179993e-13,0.0036314409477898,-0.0075030778202051,-381.83048123712,5.001500259746e-05,-961.6807668119,838.70462671023
109.57500000002,187.58039584392,62.526868887357,3.5027737823078e-16,0.0022469581012227,1.7298436409299,7.9068170726111,-2.2363830657836e-12,-112.35236632734,-8.0160745494382e-13,44.56636620047,5.612927429196e-13,-5.6127701347378e-13,-93.615578093396,-93.615392048787,0.00067918351243714,0.00067920399291442,-5.6126489445193e-13,5.6128213419418e-13,-0.0006791907100899,-0.00067919595579342,-93.615503346398,-93.615689707064,-34.036797292402,0.00039258043910635,-0.00011235236632737,-106.95974521135,88.82101124097,329.01578529711,100001035.91335,-2.7651519420669e-13,0.0037120075584371,-0.0076038360257729,-383.65554814747,5.0670613367664e-05,-966.09137146926,842.54250418755
109.67500000002,196.76183166116,65.587346417752,4.4257614885584e-16,0.0021822838023418,1.7298336402092,7.9252607392191,-2.81279999504e-12,-115.94009141206,-1.0329511288779e-12,45.301146797253,7.2328172066318e-13,-7.2326244498609e-13,-95.159045154292,-95.158862944187,0.00086145308168434,0.00086147914864133,-7.2324682810716e-13,7.2326797924784e-13,-0.00086146222215552,-0.00086146892071796,-95.158974501955,-95.159157023376,-34.598264613441,0.00040537080266134,-0.00011594009141209,-85.700680884833,-0.91408152439194,329.01578829307,100001038.77136,-2.7682743561024e-13,0.0037933327557622,-0.0077046043845796,-385.41155714185,5.1205083814983e-05,-970.33342466911,846.23364189869
109.77500000002,205.98237326613,68.660858798946,5.5355555720761e-16,0.0021155842912368,1.7298240941595,7.9429449763576,-3.5027971312642e-12,-119.51265043947,-1.3182068345814e-12,46.006387769846,9.2302042180048e-13,-9.2299709238659e-13,-96.640461529326,-96.640283198955,0.0010826927556939,0.0010827256337643,-9.229771621851e-13,9.2300279246695e-13,-0.0010827042583181,-0.0010827127354002,-96.640395019356,-96.640573656227,-35.137166733961,0.00041811500581251,-0.0001195126504395,-64.514743448373,-0.6341473436267,329.01579138318,100001041.71887,-2.7709110485696e-13,0.0038754153328293,-0.0078053828986718,-387.09878090854,5.1611024246681e-05,-974.40776955509,849.77878186995
109.87500000002,215.21614335362,71.738780246739,6.8550507116439e-16,0.0020468706046761,1.7298150012929,7.9598788188582,-4.3196841009154e-12,-123.06211461343,-1.6662539683424e-12,46.682317180048,1.1667262916452e-12,-1.1666984081724e-12,-98.060306286732,-98.060131873995,0.0013485721202072,0.0013486132212861,-1.166673214709e-12,1.1667038867262e-12,-0.0013485864665789,-0.0013485970997353,-98.060243960103,-98.060418674453,-35.65367739429,0.00043078442253976,-0.00012306211461346,-65.907235909384,-0.33785964307864,329.01579456696,100001044.7554,-2.7735477424969e-13,0.0039582523483182,-0.0079061715700966,-388.71764161001,5.1882206342152e-05,-978.31560145245,853.17897215177
109.97500000002,224.43696573739,74.812385353037,8.4066021927658e-16,0.0019761582797144,1.7298063591,7.9760726016703,-5.2763345201366e-12,-126.58051682133,-2.0865298468848e-12,47.329229695644,1.4610074391905e-12,-1.4609745331801e-12,-99.419198406878,-99.419027942061,0.0016649760624373,0.0016650269954542,-1.4609429835266e-12,1.4609792278008e-12,-0.0016649937991613,-0.0016650070211345,-99.419140297525,-99.419311058994,-36.148021217056,0.00044335024515089,-0.00012658051682136,-22.383963816836,-0.023695118648021,329.01579784371,100001047.88025,-2.7759068826024e-13,0.0040418391070821,-0.0080069704009016,-390.26871217783,5.2013787717111e-05,-982.05847050158,856.43556909017
110.07500000002,233.6186346496,77.872938852739,1.0211274763496e-15,0.0019034673494604,1.7297981640484,7.9915379540767,-6.3847441722101e-12,-130.05993586089,-2.5888657158469e-12,47.947485486434,1.8127478090195e-12,-1.8127094730409e-12,-100.71789446322,-100.71772796881,0.0020378843156984,0.0020379468929444,-1.8126703252296e-12,1.8127126081421e-12,-0.0020379060559014,-0.0020379223570787,-100.71784059782,-100.71800738386,-36.620472868313,0.00045578378840991,-0.00013005993586092,21.048707935055,-89.689888969496,329.01580121251,100001051.09255,-2.7785435808916e-13,0.0041261691587896,-0.0081077793931352,-391.75271603711,5.2002444570323e-05,-985.63828058614,859.55023637783
110.17500000002,242.73519258851,80.911788239758,1.2288062215465e-15,0.001828822290499,1.7297904115913,8.0062877785971,-7.6555781967185e-12,-133.4925828256,-3.1832849669921e-12,48.537508481419,2.2289658913599e-12,-2.2289218121615e-12,-101.95728496134,-101.95712245188,0.0024732323548399,0.002473308594185,-2.2288736721724e-12,2.2289223593839e-12,-0.0024732587782321,-0.0024732787080735,-101.95723535913,-101.95739815514,-37.071355730734,0.00046805680224765,-0.00013349258282563,109.38379193249,-89.334389516534,329.01580467225,100001054.39121,-2.7818047825651e-13,0.0042112343153425,-0.0082085985488463,-393.17052520292,5.1846446498295e-05,-989.05728442743,862.52494077377
110.27500000002,251.76121020419,83.920457062806,1.4653117779185e-15,0.0017522519213864,1.7297830961883,8.0203362144832,-9.0977308180048e-12,-136.87088760346,-3.879768836779e-12,49.099783989052,2.7166506622012e-12,-2.7166006568239e-12,-103.13838934002,-103.13823082201,0.0029767581168195,0.002976850239272,-2.7165419790987e-12,2.7165972954535e-12,-0.0029767899681425,-0.0029768141354078,-103.13834401268,-103.13850281211,-37.501040090223,0.00048014178566154,-0.00013687088760349,107.61364159215,-88.954795048009,329.01580822161,100001057.77496,-2.7847884319279e-13,0.0042970246873324,-0.0083094278700844,-394.52315673143,5.154581652921e-05,-992.31807480632,865.36194445808
110.37500000002,260.67206137405,86.890736617034,1.7319037642786e-15,0.0016737892528289,1.7297762113367,8.0336985860837,-1.071792195729e-11,-140.18758333733,-4.6879973534727e-12,49.63485569976,3.2825801921112e-12,-3.2825242457267e-12,-104.26234967475,-104.26219514664,0.00355384024009,0.0035539506623067,-3.2824533375898e-12,3.282515324842e-12,-0.0035538783258421,-0.0035539073974891,-104.26230862635,-104.26246343069,-37.90994085048,0.00049201229400223,-0.00014018758333736,128.22988699137,-88.548272843263,329.01581185908,100001061.24234,-2.787216973738e-13,0.004383528739346,-0.0084102673588998,-395.81176754735,5.1102274737887e-05,-995.4235719687,868.06379407043
110.47500000002,269.44418662286,89.814773750876,2.0294238781607e-15,0.0015934712913882,1.7297697496132,8.0463913367415,-1.2520353962931e-11,-143.4357867186,-5.6170754301329e-12,50.143322106112,3.9331298539411e-12,-3.9330681579181e-12,-105.33042315788,-105.33027261013,0.0042093344247841,0.0042094657463357,-3.9329831881332e-12,3.9330516621075e-12,-0.0042093796081853,-0.0042094143068523,-105.3303863849,-105.33053720366,-38.298514802446,0.00050364323190085,-0.00014343578671863,126.22340151537,-88.111460274824,329.01581558296,100001064.79172,-2.7904087983479e-13,0.0044707333634394,-0.0085111170173432,-397.03764771099,5.0519292040201e-05,-998.37700736678,870.63330656497
110.57500000002,278.05533829863,92.685152591416,2.3582467797103e-15,0.0015113387997346,1.729763702726,8.0584319492493,-1.4506448690364e-11,-146.60907206963,-6.6752555607028e-12,50.625832391616,4.6740781518605e-12,-4.6740111403838e-12,-106.34397346267,-106.34382687785,0.0049474150209465,0.0049475700063515,-4.6739101519017e-12,4.6739846609146e-12,-0.0049474682151779,-0.0049475093152222,-106.3439409541,-106.34408780464,-38.667257487457,0.00051501112436988,-0.00014660907206966,146.58430332793,-87.640350399576,329.01581939136,100001068.4213,-2.7936006279274e-13,0.0045586239696584,-0.0086119768474659,-398.20221222714,4.98019828897e-05,-1001.181903981,873.07355209435
110.67500000002,286.48480150521,95.494968188328,2.7182469964934e-15,0.0014274360175925,1.7297580615756,8.0698388542297,-1.6674680515155e-11,-149.70153737155,-7.8696694068466e-12,51.083081852907,5.5104187756393e-12,-5.5103471591481e-12,-107.30446112711,-107.30431848013,0.005771428997474,0.0057716105532371,-5.5102280859124e-12,5.5103078723669e-12,-0.0057714911573039,-0.0057715394794207,-107.30443286455,-107.30457577196,-39.016699703497,0.00052609435931497,-0.00014970153737158,166.80195302686,-87.130115205854,329.01582328226,100001072.12913,-2.7958210178136e-13,0.0046471845920463,-0.0087128468513202,-399.30699153598,4.8957082707915e-05,-1003.8420535541,875.38783421139
110.77500000002,294.71358561745,98.237890351964,3.1087837862158e-15,0.0013418103485149,1.7297528163242,8.0806313281045,-1.9020514989611e-11,-152.70786066135,-9.2060805730972e-12,51.515806931687,6.4461874910595e-12,-6.4461122848033e-12,-108.21343311805,-108.21329437633,0.0066837690151309,0.0066839801622517,-6.4459729723058e-12,6.446056939335e-12,-0.0066838411271125,-0.0066838975316272,-108.21340907595,-108.21354807274,-39.347403712788,0.00053687339564529,-0.00015270786066138,164.36504345446,-86.574906206393,329.01582725346,100001075.9131,-2.7994291923942e-13,0.0047363980082006,-0.0088137270309585,-400.35362085732,4.7992669827339e-05,-1006.3614911452,877.57966774202
110.87500000002,302.72458226124,100.90821631327,3.5287047715536e-15,0.0012545120184571,1.7297479564705,8.0908293825532,-2.1536456307824e-11,-155.62334556404,-1.0688670043605e-11,51.924779941582,7.4843119001621e-12,-7.4842344463312e-12,-109.0725117544,-109.07237687827,0.0076857714522999,0.0076860152949088,-7.4840726754271e-12,7.4841593603226e-12,-0.007685854523789,-0.0076859199027689,-109.07249190032,-109.07262702615,-39.659959215736,0.0005473309323935,-0.00015562334556407,161.76173260924,-85.967580048947,329.01583130265,100001079.77101,-2.8023434839303e-13,0.0048262458701387,-0.0089146173884342,-401.34382858628,4.6918100449546e-05,-1008.7444674711,879.65275473707
110.97500000002,310.50268685751,103.50091123784,3.9763680034199e-15,0.0011655937127941,1.7297434709316,8.1004536475343,-2.4212200127179e-11,-158.44395511466,-1.2319864161179e-11,52.310803580894,8.6264909899056e-12,-8.6264129720564e-12,-109.88338318066,-109.88325212368,0.0087776439816138,0.0087779236725659,-8.6262264854032e-12,8.6263140412883e-12,-0.0087777390289085,-0.008777814297289,-109.88336747561,-109.88349877689,-39.954979160695,0.00055745203565829,-0.00015844395511469,158.97991223832,-85.299340209066,329.01583542738,100001083.70052,-2.8050496153945e-13,0.0049167088439971,-0.0090155179258012,-402.27942395799,4.5743767991895e-05,-1010.9954195502,881.6109589491
111.07500000002,318.03488210568,106.01163605349,4.4496810194865e-15,0.0010751101989351,1.7297393481265,8.1095252500406,-2.7034882185988e-11,-161.16633342964,-1.4100212804443e-11,52.674705324916,9.8731098299329e-12,-9.8730332787454e-12,-110.64778558745,-110.64765829684,0.0099584257711153,0.0099587444754983,-9.8728198091114e-12,9.8729059959854e-12,-0.009958533807056,-0.0099586198930181,-110.64777398625,-110.64790151572,-40.233095461068,0.00056722422164587,-0.00016116633342966,156.00758470014,-174.55924071448,329.01583962512,100001087.69923,-2.807686365025e-13,0.0050077667559498,-0.0091164286451141,-403.16228420956,4.448092320748e-05,-1013.1189401867,883.45827930354
111.17500000002,325.3102831198,108.43676249498,4.9461545347988e-15,0.00098311794212234,1.7297355760637,8.1180656907885,-2.9989408054897e-11,-163.78781521354,-1.6028322750531e-11,53.017331790879,1.1223192911732e-11,-1.1223120201555e-11,-111.36749737452,-111.36737379162,0.011225981707231,0.011226342564829,-1.1222877501175e-11,1.1222959686997e-11,-0.01122610372862,-0.011226201563487,-111.3674898262,-111.36761364253,-40.49495469088,0.00057663749563596,-0.00016378781521357,152.83343939809,-173.73353212278,329.01584389327,100001091.76462,-2.8107394557154e-13,0.005099398741679,-0.0092173495484278,-403.99434147227,4.3141313194589e-05,-1015.119746847,885.19882284143
111.27500000002,332.32014515033,110.77337567751,5.4629676975328e-15,0.00088967472250217,1.729732142428,8.1260967209888,-3.3058845614437e-11,-166.30642346666,-1.8100848318604e-11,53.339543165156,1.2674397596334e-11,-1.2674331432401e-11,-112.04432544458,-112.0442055053,0.012577030337764,0.01257743642553,-1.2674057302512e-11,1.267413247455e-11,-0.012577167312959,-0.012577277820896,-112.04432189283,-112.04444206007,-40.741213827291,0.00058568434808276,-0.00016630642346669,149.44765618704,-172.80474293205,329.01584822914,100001095.89416,-2.813514998347e-13,0.0051915833967755,-0.0093182806377983,-404.77756962147,4.1737060103521e-05,-1017.0026504636,886.8367776014
111.37500000002,339.05783598151,113.01926489539,5.9970414053302e-15,0.00079483926256208,1.7297290346673,8.1336402212381,-3.6224859658169e-11,-168.72085612416,-2.0312538498574e-11,53.642207776158,1.4223047113504e-11,-1.4222990510126e-11,-112.68009380313,-112.67997743854,0.014007203633921,0.014007657929499,-1.4222682829828e-11,1.4222747616033e-11,-0.014007356490952,-0.014007480578741,-112.68009418681,-112.68021077389,-40.972536103838,0.00059435971039645,-0.00016872085612419,145.84295952612,-171.75040082758,329.01585263001,100001100.08526,-2.8167762714773e-13,0.0052842989255543,-0.009419221915282,-405.51397130173,4.0280410236804e-05,-1018.7725246805,888.37638588575
111.47500000002,345.51877604545,115.17290365949,6.5451160152512e-15,0.00069867087655906,1.7297262400768,8.1407180843948,-3.9468167400531e-11,-171.03046265093,-2.2656337088366e-11,53.926196888055,1.5864200678044e-11,-1.5864156928452e-11,-113.27663262224,-113.27651975903,0.015511135276174,0.015511640623436,-1.58638136821e-11,1.5863864381847e-11,-0.015511304891696,-0.015511443438858,-113.27663687581,-113.27674995604,-41.189587031876,0.00060266087403232,-0.00017103046265096,142.01594609157,-170.54120173782,329.01585709314,100001104.33529,-2.8197599969538e-13,0.0053775232859765,-0.0095201733829357,-406.20556532653,3.8783469656964e-05,-1020.4342760096,889.8219183199
111.57500000002,351.70035005634,117.23342024135,7.1038298760052e-15,0.00060122916055312,1.7297237458802,8.1473521040927,-4.2768994496036e-11,-173.23521185025,-2.512353006394e-11,54.192379780397,1.7591756679005e-11,-1.7591729317912e-11,-113.83576790478,-113.83565846582,0.017082573058419,0.017083132135867,-1.7591348620332e-11,1.759138124342e-11,-0.017082760247755,-0.017082914097291,-113.83577595884,-113.83588560934,-41.393030639965,0.0006105873773803,-0.00017323521185027,137.96861376523,-169.13835236384,329.01586161576,100001108.64165,-2.82274373066e-13,0.0054712343286118,-0.0096211350428172,-406.8543746299,3.7258032429735e-05,-1021.9928153171,891.17764906849
111.67500000002,357.60179449968,119.20056016944,7.6697954252924e-15,0.00050257376248552,1.7297215393061,8.1535638702883,-4.6107513207373e-11,-175.33565230475,-2.7703932613244e-11,54.44161916749,1.9398583642046e-11,-1.9398576402214e-11,-114.35931186243,-114.35920576732,0.018714510226774,0.018715125519527,-1.9398156521128e-11,1.9398166833706e-11,-0.01871471573529,-0.018714885685224,-114.35932364421,-114.35942994541,-41.583525972461,0.00061814086554871,-0.00017533565230478,133.71003771158,-167.48965595624,329.01586619513,100001113.00171,-2.8255886947989e-13,0.0055654099278658,-0.0097221068969847,-407.46241492124,3.5715435776502e-05,-1023.4530309957,892.44783251773
111.77500000002,363.22406563263,121.07464222855,8.2396700756147e-15,0.00040276434188235,1.7297196076592,8.1593746729727,-4.9464247284644e-11,-177.33286695973,-3.0386107047735e-11,54.67476699962,2.1276672812647e-11,-2.127668957697e-11,-114.84905409579,-114.84895126136,0.020399330140648,0.020400003916541,-2.1276228952164e-11,2.1276212528002e-11,-0.020399554636593,-0.020399741432514,-114.84906952965,-114.8491725647,-41.761723879516,0.00062532492848612,-0.00017733286695975,129.25786562934,-165.52353903837,329.01587082852,100001117.41288,-2.8271846663729e-13,0.0056600281040222,-0.0098230889474971,-408.03168416647,3.4166339520183e-05,-1024.8197641126,893.63668167598
111.87500000002,368.56969273917,122.85650954474,8.8102196986421e-15,0.00030186111656982,1.7297179383857,8.1648054149004,-5.2820431589096e-11,-179.22842337882,-3.3157602179518e-11,54.892660676393,2.3217305769909e-11,-2.3217350520571e-11,-115.30675364012,-115.30665398097,0.022128958552752,0.022129692842952,-2.3216847779486e-11,2.3216800054866e-11,-0.022129202621677,-0.022129406950403,-115.30677264803,-115.30687250236,-41.928264121697,0.00063214492297683,-0.00017922842337884,124.639392387,-163.13976745272,329.01587551323,100001121.8726,-2.8307235365638e-13,0.0057550671349842,-0.0099240811964138,-408.56415298947,3.2620671536625e-05,-1026.0977857539,894.74834848459
111.97500000002,373.64262129597,124.54747730664,9.3783731526931e-15,0.00019992802449412,1.7297165191324,8.1698765339085,-5.6158318180844e-11,-181.02432116341,-3.6005204687634e-11,55.096119690904,2.5211230435371e-11,-2.5211307201693e-11,-115.73413191614,-115.73403534513,0.023895018016552,0.023895814600881,-2.5210761171248e-11,2.5210677501758e-11,-0.023895282157351,-0.023895504641807,-115.73415441816,-115.73425117892,-42.083772803609,0.00063860778391864,-0.00018102432116343,119.89173797727,-160.19430036918,329.01588024661,100001126.37835,-2.8337073035049e-13,0.0058505056569207,-0.010025083645795,-409.06175605878,3.1087517561615e-05,-1027.2917767192,895.78690617135
112.07500000002,378.44805044225,126.1492785889,9.9412669271775e-15,9.70578609109e-05,1.7297153377985,8.174607935145,-5.9461424196058e-11,-182.72293793724,-3.8915193425314e-11,55.285942712744,2.7248839141248e-11,-2.7248951947789e-11,-116.13286660266,-116.13277303138,0.025688979391952,0.025689839788939,-2.7248361662377e-11,2.7248237379895e-11,-0.025689264014491,-0.025689505209841,-116.13289251738,-116.13298627301,-42.228860142692,0.00064472182998085,-0.00018272293793726,115.06086683853,-156.47275855749,329.01588502607,100001130.92768,-2.8368298564856e-13,0.0059463227533473,-0.010126096297702,-409.52638449744,2.9575041453381e-05,-1028.4063096518,896.75633372287
112.17500000002,382.9922687692,127.66400961472,1.0496279560817e-14,8.6769231466521e-06,1.7297143825814,8.1790189332805,-6.2714720140124e-11,-184.32697516704,-4.187358844801e-11,55.462905108192,2.9320343002221e-11,-2.9320495818509e-11,-116.50458642747,-116.50449576669,0.027502306071014,0.027503231532596,-2.9319860524224e-11,2.9319690992597e-11,-0.027502611495315,-0.027502871886335,-116.50461567246,-116.50470651222,-42.364118572001,0.00065049656827667,-0.00018432697516706,110.19924410916,-151.63719967035,329.01588984909,100001135.51819,-2.8390503612777e-13,0.0060424980324623,-0.010227119154195,-409.95987932808,2.8090513343276e-05,-1029.4458336346,897.66050249988
112.27500000002,387.28249196811,129.09407563881,1.104105599469e-14,0.00011182685241082,1.7297136420154,8.183128204568,-6.5904760045083e-11,-185.83940493613,-4.4866387662446e-11,55.627756887426,3.1415937619486e-11,-3.1416134312614e-11,-116.85086685535,-116.85077901543,0.029326587320142,0.029327578830761,-3.1415453467934e-11,3.1415234135893e-11,-0.029326913776996,-0.029327193776685,-116.85089934755,-116.8509873611,-42.490121169265,0.00065594250213256,-0.00018583940493615,105.36240537678,-145.08866769705,329.0158947132,100001140.14756,-2.8423810969375e-13,0.0061390116928144,-0.010328152217337,-410.36402594308,2.6640188377618e-05,-1030.4146612244,898.50316497288
112.37500000002,391.32670535291,130.44213845436,1.1573522430828e-14,0.00021734870673616,1.7297131050033,8.1869537484326,-6.9019757203107e-11,-187.26341861181,-4.787978530183e-11,55.781221061591,3.3525956059383e-11,-3.3526200350503e-11,-117.17322663692,-117.17314152821,0.031153657970758,0.031154716250526,-3.3525473623663e-11,3.3525200073854e-11,-0.031154005603642,-0.031154305552976,-117.17326229299,-117.17334757003,-42.60742039915,0.00066107094540543,-0.00018726341861182,100.60489814821,-135.39681076539,329.01589961604,100001144.81353,-2.8448097840286e-13,0.0062358445776098,-0.01042919548919,-410.74054957048,2.5229412575438e-05,-1031.3169578544,899.28794551653
112.47500000002,395.13351371311,131.71106634447,1.2091892571864e-14,0.00032368789240553,1.7297127608427,8.1905128581256,-7.2049610842983e-11,-188.60237816901,-5.0900367818576e-11,55.923992386814,3.564100601963e-11,-3.5641301445167e-11,-117.47312517037,-117.47304270355,0.032975702531605,0.032976828043111,-3.5640528708549e-11,3.5640196701755e-11,-0.03297607139976,-0.032976391568498,-117.47316390707,-117.47324653696,-42.716547151265,0.00066589384615318,-0.00018860237816902,95.976336530232,-118.03730021083,329.01590455532,100001149.51395,-2.8473772563999e-13,0.0063329782181459,-0.010530248971818,-411.09111169011,2.386263231713e-05,-1032.1567334948,900.01833316782
112.57500000002,398.71200041565,132.90388711571,1.2594666322628e-14,0.00043076923584567,1.7297125992451,8.1938220998606,-7.4985890203605e-11,-189.85977075427,-5.3915284165267e-11,56.05673646801,3.7752089062054e-11,-3.7752438940141e-11,-117.75196061892,-117.75188070531,0.034785342596636,0.034786535554934,-3.7751620262093e-11,3.7751225775972e-11,-0.034785732679118,-0.034786073267561,-117.7520023534,-117.75208242485,-42.818010053196,0.0006704236218182,-0.00018985977075429,91.518249305754,-96.28367990629,329.01590952885,100001154.24673,-2.8498059580377e-13,0.0064303948670113,-0.010631312667284,-411.41730734207,2.2543436067414e-05,-1032.9378364345,900.69767622762
112.67500000002,402.07159714763,134.02374467917,1.3080622146594e-14,0.00053854177169918,1.729712610351,8.1968972997643,-7.7821783016945e-11,-191.03916690867,-5.6912388734893e-11,56.180089192255,3.9850700701104e-11,-3.9851108103651e-11,-118.01106872061,-118.01099127246,0.036575707147978,0.036576967533236,-3.9850243738114e-11,3.9849783000009e-11,-0.036576118348512,-0.03657647949009,-118.01111337069,-118.0111909715,-42.912295035499,0.00067467300748258,-0.00019103916690868,87.26217506571,-74.609237153264,329.01591453453,100001159.00989,-2.8518877218497e-13,0.0065280775217961,-0.010732386577652,-411.72066326062,2.1274575450034e-05,-1033.6639490228,901.32917856623
112.77500000002,405.22196521575,135.07385948391,1.3548804302135e-14,0.00064696047925383,1.7297127847384,8.1997535379192,-8.0552015523689e-11,-192.14418271271,-5.9880356399956e-11,56.294656459729,4.1928910955774e-11,-4.1929378686243e-11,-118.25172222311,-118.25164715388,0.038340485980552,0.038341813552866,-4.1928469060611e-11,4.1927938574269e-11,-0.038340918133019,-0.038341299897556,-118.25176970754,-118.25184492431,-42.999865124211,0.00067865491818738,-0.00019214418271272,83.229130409102,-59.214404714309,329.01591957034,100001163.80151,-2.8541776590518e-13,0.0066260099401351,-0.010833470704989,-412.00263676005,2.0058067870176e-05,-1034.3385851954,901.91589748101
112.87500000002,408.17288889824,136.05749296718,1.3998506153932e-14,0.00075598353208167,1.7297131134275,8.202405148748,-8.3172750914557e-11,-193.17844598258,-6.2808770091896e-11,56.401014179432,4.3979425674023e-11,-4.3979956250911e-11,-118.47513087478,-118.4750580993,0.040073966990426,0.040075361306311,-4.397900195255e-11,4.3978398518665e-11,-0.040074419864815,-0.040074822262367,-118.47518111345,-118.47525403139,-43.081160435845,0.00068238232582004,-0.00019317844598259,79.430279975348,-48.450369465095,329.01592463438,100001168.6198,-2.8571614919137e-13,0.0067241766469461,-0.01093456505136,-412.26461529595,1.8895240957333e-05,-1034.9650896046,902.46074294707
112.97500000002,410.93418096911,136.97791606323,1.4429250674853e-14,0.00086557158653613,1.7297135878818,8.2048657269782,-8.5681472583945e-11,-194.14556652934,-6.5688182180115e-11,56.499708496923,4.5995629511409e-11,-4.599622515722e-11,-118.68244190304,-118.68237133776,0.041771058469016,0.041772518899057,-4.5995226919017e-11,4.5994547649833e-11,-0.041771531777664,-0.041771954762784,-118.68249481718,-118.68256551991,-43.156598349836,0.00068586815064415,-0.00019414556652935,75.86839608651,-39.858942788046,329.01592972481,100001173.46303,-2.8597983860325e-13,0.0068225629347443,-0.011035669618831,-412.50791662424,1.7786829077246e-05,-1035.5466381646,902.96647809961
113.07500000002,413.51560023177,137.838381714,1.4840769142476e-14,0.00097568752366706,1.7297142000046,8.2071481384403,-8.8076857909993e-11,-195.04911040114,-6.8510151539092e-11,56.59125622221,4.7971611886303e-11,-4.7972274521665e-11,-118.87474091322,-118.87467247633,0.043427297832946,0.043428823580196,-4.7971233206992e-11,4.7970475535244e-11,-0.043427791236942,-0.043428234713259,-118.87479642556,-118.87486499495,-43.226573834091,0.0006891251672085,-0.00019504911040115,72.539709636097,-33.469733015772,329.01593483994,100001178.32958,-2.8620189521454e-13,0.0069211548579024,-0.011136784409469,-412.73378948075,1.6733024017921e-05,-1036.0862398322,903.43572078878
113.17500000002,415.92678063725,138.64210124268,1.5232978903342e-14,0.0010862963206553,1.729714942133,8.209264534979,-9.0358647499731e-11,-195.89257794949,-7.126725864112e-11,56.676145427261,4.9902177548408e-11,-4.9902908790935e-11,-119.05305314372,-119.0529867553,0.045038848403884,0.045040438522596,-4.9901825378347e-11,4.9900987060965e-11,-0.045039361519494,-0.045039825344488,-119.05311117863,-119.05317769464,-43.291459900313,0.00069216592408404,-0.0001958925779495,69.435754490416,-28.994246054344,329.01593997811,100001183.21789,-2.8652109687113e-13,0.0070199392217059,-0.011237909425342,-412.94341470751,1.5733535802193e-05,-1036.5867394427,903.87094605315
113.27500000002,418.17717138357,139.39222438624,1.560596093935e-14,0.0011973649634855,1.7297158070299,8.2112263727918,-9.2527514027917e-11,-196.67938549981,-7.39531012962e-11,56.754836184448,5.1782843596213e-11,-5.1783644763599e-11,-119.21834501715,-119.21828059929,0.046602485945627,0.046604139359964,-5.1782520331572e-11,5.1781599448641e-11,-0.046603018350632,-0.046603502340505,-119.21840550075,-119.21847004137,-43.351608167169,0.00069500267665023,-0.00019667938549982,66.545009648461,-25.699997257297,329.01594513779,100001188.12652,-2.8683336013175e-13,0.0071189035670043,-0.011339044668518,-413.1379067544,1.4787669750428e-05,-1037.050821435,904.27448936477
113.37500000002,420.27598728098,140.09182275131,1.5959937831928e-14,0.0013088623723502,1.7297167878725,8.2130444335611,-9.4584933995591e-11,-197.41285038284,-7.6562273799148e-11,56.827761419338,5.3609824875961e-11,-5.3610696992829e-11,-119.37152593176,-119.37146340861,0.04811557668211,0.048117292204526,-5.3609532704754e-11,5.36085276543e-11,-0.048116127921973,-0.048116631856507,-119.37158879203,-119.37165143315,-43.40734951098,0.0006976473320648,-0.00019741285038285,63.85421094131,-23.148965440129,329.01595031753,100001193.05409,-2.8714562385797e-13,0.0072180361512189,-0.011440190141066,-413.31831549091,1.3894427372887e-05,-1037.4810143077,904.64855051001
113.47500000002,422.23216852928,140.74387640633,1.6295252586843e-14,0.0014207593297848,1.7297178782402,8.2147288477919,-9.6533064971543e-11,-198.09617902683,-7.9090332262585e-11,56.895327853517,5.5380009707842e-11,-5.5380953515737e-11,-119.51345024188,-119.51338953978,0.049576048474132,0.049577824823184,-5.5379750605431e-11,5.5378660094569e-11,-0.049576618067902,-0.049577141695252,-119.51351540872,-119.5135762241,-43.458994785338,0.00070011140534237,-0.00019809617902684,61.349344358535,-21.103001999461,329.01595551597,100001197.99932,-2.8745788801771e-13,0.0073173259263964,-0.011541345845056,-413.48562826628,1.3052480501762e-05,-1037.87969566,904.99519797912
113.57500000002,424.05434907743,141.35126333493,1.6612348666916e-14,0.0015330284080817,1.7297190721009,8.2162891198292,-9.8374630220769e-11,-198.73245783628,-8.1533748835167e-11,56.957917015588,5.7090927829475e-11,-5.7091943799487e-11,-119.64491938171,-119.64486042916,0.050982356739437,0.050984192556794,-5.7090703557362e-11,5.7089526590405e-11,-0.050982944185331,-0.050983487226689,-119.644986787,-119.64504584818,-43.506835592958,0.00070240598555615,-0.00019873245783629,59.01634237145,-19.420429423486,329.01596073182,100001202.96098,-2.8769382474649e-13,0.0074167625149515,-0.011642511782557,-413.64077216383,1.2260299070914e-05,-1038.2490976888,905.31637375134
113.67500000002,425.75083264074,141.91675144213,1.6911751467815e-14,0.0016456438950762,1.7297203637958,8.2177341540753,-1.0011281198638e-10,-199.32464654093,-8.3889857351363e-11,57.015886300815,5.8740712339627e-11,-5.8741800687138e-11,-119.76668409111,-119.76662681886,0.05233344657391,0.052335340440431,-5.8740524447164e-11,5.8739260311238e-11,-0.052334051354536,-0.052334613508592,-119.76675366875,-119.76681104505,-43.551145094798,0.00070454171102437,-0.00019932464654094,56.841545215629,-18.009870876314,329.01596596388,100001207.93796,-2.8798527299749e-13,0.0075163361836598,-0.01174368795564,-413.78461639857,1.151618293146e-05,-1038.5913130213,905.61389837169
113.77500000002,427.32957552663,142.44299282919,1.7194051388632e-14,0.0017585817184107,1.7297217480239,8.2190722819947,-1.0175115422143e-10,-199.87557373331,-8.6156792754145e-11,57.069570062294,6.0328057281636e-11,-6.0329217982639e-11,-119.87944670779,-119.87939104883,0.053628712382418,0.053630662833158,-6.03279071102e-11,6.0326555358945e-11,-0.053629333969606,-0.053629914916771,-119.87951839372,-119.87957415222,-43.592178843385,0.00070652875246466,-0.00019987557373332,54.811985173008,-16.808922472534,329.01597121103,100001212.92917,-2.8829059937754e-13,0.0076160378164127,-0.011844874366378,-413.91797481564,1.0818281156299e-05,-1038.9083007797,905.8894762297
113.87500000002,428.7981754028,142.9325200502,1.7459888567727e-14,0.0018718193687898,1.7297232198258,8.2203112895374,-1.0329347510935e-10,-200.38793430669,-8.833342639244e-11,57.119280718714,6.1852172338259e-11,-6.1853405146838e-11,-119.98386349422,-119.98380938379,0.054867956167303,0.054869961705371,-6.1852061027544e-11,6.185062146336e-11,-0.054868594026513,-0.054869193432895,-119.98393722645,-119.98399143198,-43.630175628905,0.00070837680307519,-0.00020038793430669,52.915543794528,-15.773192918777,329.01597647221,100001217.93363,-2.885612316001e-13,0.0077158588861739,-0.011946071016841,-414.04160844972,1.0164660354975e-05,-1039.2018927867,906.14470095977
113.97500000002,430.16386521386,143.38774408424,1.7709939298746e-14,0.0019853358228649,1.7297247745674,8.2214584446691,-1.0474378940221e-10,-200.86428852992,-9.0419299038134e-11,57.16530986601,6.3312735929683e-11,-6.3314040396169e-11,-120.08054697282,-120.08049434838,0.056051345458513,0.056053404567736,-6.3312664425647e-11,6.3311137081037e-11,-0.056051999052833,-0.0560526165739,-120.08062269139,-120.08067540656,-43.665358328351,0.00071009507458905,-0.00020086428852992,51.14102158569,-14.870109191088,329.01598174644,100001222.95042,-2.8885268078806e-13,0.0078157914265258,-0.012047277909103,-414.15622811339,9.5533060160504e-06,-1039.4737998328,906.38106089529
114.07500000002,349.93467334935,116.64471091826,1.3471534226236e-14,0.0020891661563397,1.7297418874856,8.1957918113007,-8.0166140608577e-11,-165.08204991483,-9.0981674870464e-11,56.583325887131,6.3706519123402e-11,-6.3707878360876e-11,-118.85803598408,-118.8579854552,0.056366879739308,0.056368955355572,-6.3706485684582e-11,6.3704907989208e-11,-0.056367538851284,-0.056368160027143,-118.85811344099,-118.85816405614,-43.229171667832,0.00058116257015889,-0.00016508204991463,49.680399102536,-14.298775623897,329.01598666585,100001227.53912,-2.8913718971798e-13,0.0078692474538839,-0.012072581232671,-411.62512445849,-0.0003627137008572,-1033.3744052338,901.07408806954
114.17500000002,316.86360496889,105.62103567698,9.2323453629101e-15,0.0021783370236612,1.7297617500899,8.1650110430069,-5.5345466289157e-11,-152.71499076766,-8.7590088331841e-11,55.384984054098,6.1331691864564e-11,-6.1333029859137e-11,-116.34081361397,-116.34076453448,0.054390847413501,0.054392856388298,-6.1331687853133e-11,6.1330134789063e-11,-0.054391484750067,-0.054392086870417,-116.34089289244,-116.34094205542,-42.313991073074,0.00053682230720998,-0.00015271499076756,48.379716735964,-13.64158716358,329.01599084238,100001231.4799,-2.8943557462872e-13,0.007903067185578,-0.012072581232671,-408.60678169938,-0.00016214031636542,-1026.121450011,894.76495029399
114.27500000002,292.03883734586,97.346125282881,6.4661282436943e-15,0.0022618731471104,1.7297803399758,8.1360686956304,-3.9032959533629e-11,-143.73299726483,-8.2044372922676e-11,54.235728889264,5.7448515008945e-11,-5.7449789908382e-11,-113.926702254,-113.92665427252,0.051126175211167,0.051128068470018,-5.7448532447983e-11,5.744705174046e-11,-0.051126775304722,-0.051127343589126,-113.92678334077,-113.92683140389,-41.435694345569,0.00050463215992983,-0.00014373299726474,47.268916359189,-13.148449876291,329.01599474807,100001235.17161,-2.8973395865774e-13,0.0079347181600501,-0.012072581232671,-405.77789052686,-0.00013512357966908,-1019.3195009889,888.84781154502
114.37500000002,270.56236712134,90.187312438306,4.6100094719739e-15,0.0023406992266981,1.7297978673606,8.1086625258931,-2.8012804219799e-11,-135.89045364081,-7.5493829439476e-11,53.14712783743,5.2861743515343e-11,-5.2862933123982e-11,-111.64000033175,-111.63995333345,0.047231890406119,0.047233643269167,-5.286177582477e-11,5.2860393455237e-11,-0.047232445586028,-0.047232972399726,-111.64008305391,-111.64013013253,-40.603764728329,0.00047655948453126,-0.00013589045364074,46.287272972468,-12.728729854451,329.01599843184,100001238.65512,-2.8997683073854e-13,0.0079645586061025,-0.012072581232672,-403.10738715625,-0.00011655532347574,-1012.8948361836,883.25871568129
114.47500000002,251.72641901683,83.908672263412,3.3387782471658e-15,0.0024153738110804,1.7298144588132,8.0826131114518,-2.0416324111399e-11,-128.93924598596,-6.862227424089e-11,52.112875120114,4.8050194623967e-11,-4.8051288733345e-11,-109.46746198505,-109.46741588446,0.043110005691368,0.043111608619318,-4.8050236634278e-11,4.8048964662431e-11,-0.043110513058755,-0.043110995344596,-109.4675461844,-109.46759236433,-39.813391996254,0.00045170562943547,-0.0001289392459859,45.410009549618,-12.36483435577,329.01600192031,100001241.95513,-2.9028215217404e-13,0.0079928042613288,-0.012072581232672,-400.57655795032,-0.00010170500932834,-1006.8029658394,877.9589859867
114.57500000002,235.06182693458,78.353816309167,2.4523142193918e-15,0.0024863509867239,1.729830217189,8.0577745667465,-1.5086304703965e-11,-122.7242003599,-6.1833050796213e-11,51.127347603601,4.3296294822113e-11,-4.3297290694598e-11,-107.39727530646,-107.39723003163,0.039004267365622,0.039005720075305,-4.3296342602568e-11,4.3295184378215e-11,-0.039004726928651,-0.039005164445722,-107.3973608488,-107.39740620222,-39.060274133035,0.00042950735483966,-0.00012272420035985,44.618739694334,-12.045165220047,329.01600523499,100001245.09173,-2.9057359522045e-13,0.0080196304419312,-0.012072581232672,-398.17018083988,-8.95850958388e-05,-1001.0077064272,872.91716468473
114.67500000002,220.20796738124,73.402536941909,1.8241598259609e-15,0.0025540088485161,1.7298452281036,8.0340253119907,-1.1287029459226e-11,-117.12603112821,-5.5356781982875e-11,50.185813779499,3.8761529377106e-11,-3.8762428855302e-11,-105.4195013298,-105.41945681907,0.035058740974857,0.035060048714036,-3.8761580013304e-11,3.8760533531488e-11,-0.035059154471887,-0.035059548673682,-105.41958810062,-105.41963268936,-38.340791354004,0.00040953211703546,-0.00011712603112817,43.89935984338,-11.761239781877,329.01600839379,100001248.08163,-2.9087891552672e-13,0.0080451830748303,-0.012072581232673,-395.87557406756,-7.9555634717318e-05,-995.47891621147,868.10704676762
114.77500000002,206.8815365339,68.960399707512,1.3725796716499e-15,0.0026186662158935,1.7298595637267,8.0112627326913,-8.5401879301325e-12,-112.05078583902,-4.9316779027918e-11,49.284255312368,3.4532242522563e-11,-3.4533050159972e-11,-103.52569917461,-103.52565537464,0.031354118421458,0.031355289588209,-3.4532293903729e-11,3.4531353979303e-11,-0.03135448857068,-0.031354841885211,-103.52578707526,-103.52583095277,-37.651869778618,0.00039143958334759,-0.00011205078583898,43.24084651611,-11.506691683616,329.01601141176,100001250.93891,-2.911703575772e-13,0.0080695851673538,-0.012072581232673,-393.68203889517,-7.1156117578499e-05,-990.19116769268,863.50652577796
114.87500000002,194.8565589656,64.952079584537,1.0436735346608e-15,0.0026805948338656,1.7298732855529,7.9893992833778,-6.5285859068435e-12,-107.42331940355,-4.3769572225704e-11,48.419225143011,3.0648017594517e-11,-3.0648739442474e-11,-101.70862797891,-101.70858484317,0.02793068869703,0.027931733312735,-3.0648068230917e-11,3.0647227912557e-11,-0.027931018716287,-0.027931334082376,-101.70871692356,-101.70876013646,-36.990872764509,0.00037495780631225,-0.00010742331940352,42.634438900822,-11.276630257861,329.01601430174,100001253.6756,-2.9151731036178e-13,0.0080929415286992,-0.012072581232673,-391.58045247389,-6.4047183937652e-05,-985.12277844627,859.09675117139
114.97500000002,183.95038059472,61.316691975618,8.01251869862e-16,0.0027400285270877,1.7298864464782,7.9683595635609,-5.0381007017496e-12,-103.1827238385,-3.8730421889742e-11,47.587739770913,2.7119540134151e-11,-2.7120182956324e-11,-99.962020628433,-99.961978116026,0.024803100730633,0.024804029463784,-2.7119589008274e-11,2.7118840495945e-11,-0.024803394031251,-0.024803674600706,-99.962110541806,-99.962153131066,-36.355518421947,0.00035986655467737,-0.00010318272383847,42.073070052466,-11.067235595721,329.01601707475,100001256.30203,-2.9181569051502e-13,0.0081153423118402,-0.012072581232674,-389.56296211778,-5.7974033804926e-05,-980.2550837966,854.86149595974
115.07500000002,174.01361736154,58.004442272213,6.2061859134676e-16,0.0027971701892558,1.7298990923872,7.9480780844361,-3.9218498311342e-12,-99.279044834362,-3.4189558726352e-11,46.78719633879,2.3939969611597e-11,-2.3940540379999e-11,-98.280409585024,-98.28036765975,0.02196996121984,0.021970784769569,-2.3940016060294e-11,2.393935129521e-11,-0.021970221213884,-0.021970470162388,-98.280500400584,-98.280542402436,-35.743816129689,0.00034598535019009,-9.9279044834334e-05,41.550969280122,-10.875472906275,329.01601974036,100001258.82717,-2.9204468139124e-13,0.0081368657175008,-0.012072581232674,-387.6227516966,-5.2742251226098e-05,-975.57188133998,850.78667377519
115.17500000002,164.9228053295,54.974175892626,4.8467042940591e-16,0.0028521972017461,1.729911263382,7.9284975369058,-3.0775964671887e-12,-95.670877701801,-3.0122594910753e-11,46.015307878748,2.1092229399588e-11,-2.1092734977265e-11,-96.658990865173,-96.658949494811,0.019420121382114,0.019420850098553,-2.1092273022354e-11,2.1091684059383e-11,-0.019420351364185,-0.019420571774003,-96.659082523733,-96.659123970421,-35.154016962652,0.00033316471674845,-9.5670877701776e-05,41.063367074456,-10.698898682452,329.01602230692,100001261.25885,-2.9225285527941e-13,0.008157580090146,-0.012072581232674,-385.75386040889,-4.8201337183829e-05,-971.0590001945,846.85996437974
115.27500000002,156.57493565314,52.191556607726,3.8140186343823e-16,0.0029052656920428,1.7299229947483,7.909567429968,-2.4332256599513e-12,-92.323577467443,-2.6497212947593e-11,45.270052079494,1.8553690402988e-11,-1.8554137351e-11,-95.093516420804,-95.093475576531,0.01713680832277,0.017137451983939,-1.8553730991419e-11,1.8553210226407e-11,-0.017137011400971,-0.017137206191294,-95.0936088694,-95.093649789777,-34.584574475172,0.00032127967080619,-9.232357746742e-05,40.606285639339,-10.535519033951,329.01602478178,100001263.60398,-2.9249572335764e-13,0.0081775455649479,-0.012072581232674,-383.95104027842,-4.4233247304522e-05,-966.70396239783,843.0705192918
115.37500000002,148.88332970515,49.62769158569,3.0228085367964e-16,0.0029565139214916,1.7299343177247,7.8912430071116,-1.9372444273561e-12,-89.207906070768,-2.3277448251418e-11,44.549630273951,1.6299169779309e-11,-1.6299564246466e-11,-93.580207988999,-93.580167644888,0.015100335877484,0.01510090356956,-1.629920726332e-11,1.629874756365e-11,-0.015100514936777,-0.015100686825655,-93.580301179971,-93.580341599978,-34.034113310868,0.00031022480545173,-8.9207906070748e-05,40.176369832583,-10.383690808887,329.01602717144,100001265.86866,-2.9276634675581e-13,0.0081968153778135,-0.012072581232675,-382.2096427299,-4.0744303427207e-05,-962.49571347163,839.40872754756
115.47500000002,141.77448333288,47.258079479192,2.4117436832616e-16,0.0030060650102879,1.7299452601196,7.8734843743803,-1.5524683953247e-12,-86.298995969438,-2.0426401535865e-11,43.85243425917,1.4302830190489e-11,-1.4303177857955e-11,-92.115687394133,-92.115647526763,0.013289870273002,0.013290370338462,-1.4302864597606e-11,1.4302459368477e-11,-0.013290027959789,-0.013290179446893,-92.115781284381,-92.115821227454,-33.501403809589,0.00029991052713365,-8.6298995969419e-05,39.770771750673,-10.242044977703,329.01602948169,100001268.05835,-2.9304390881309e-13,0.0082154369189623,-0.012072581232675,-380.52552731544,-3.7659381973327e-05,-958.42440564712,835.86602724601
115.57500000002,135.18562275562,45.061795725931,1.9362708155168e-16,0.0030540291514115,1.7299558468142,7.856255791698,-1.2517645526928e-12,-83.575546331049,-1.7907920147583e-11,43.17701919331,1.2539357096021e-11,-1.2539663157938e-11,-90.696919615507,-90.696880203622,0.011684562643316,0.01168500267304,-1.253938852078e-11,1.2539031729216e-11,-0.011684701363723,-0.011684834726673,-90.697014165867,-90.697053653271,-32.985341266989,0.00029026013900606,-8.3575546331031e-05,39.387052227606,-10.109430273448,329.0160317177,100001270.1779,-2.9331453175982e-13,0.0082334525887785,-0.012072581232675,-378.89498753002,-3.4917637331281e-05,-954.48122170569,832.43475240415
115.67500000002,129.06279033855,43.020854474278,1.5637055828596e-16,0.0031005054258373,1.7299661001737,7.8395250916007,-1.0151417223583e-12,-81.019192588485,-1.5687600387222e-11,42.522081261551,1.0984660592135e-11,-1.0984929759467e-11,-89.32116587253,-89.321126896775,0.010264255812768,0.01026464266594,-1.0984689173247e-11,1.0984375344788e-11,-0.01026437773955,-0.010264495038884,-89.32126104728,-89.321300098373,-32.484928844838,0.00028120755485538,-8.1019192588469e-05,39.023110490203,-9.9848702308668,329.01603388413,100001272.2317,-2.935227044608e-13,0.0082509004994096,-0.012072581232675,-377.31468996654,-3.2469351687694e-05,-950.65823051278,829.1080073657
115.77500000002,123.35932995906,41.119703706257,1.2698506891789e-16,0.003145583303318,1.7299760403876,7.8232631984699,-8.2773728949234e-13,-78.614006878376,-1.3733343088596e-11,41.886439123177,9.6162644363306e-12,-9.6165009552068e-12,-87.985944652621,-87.985906095308,0.0090099046534154,0.0090102444942997,-9.6162903397781e-12,9.6160145380409e-12,-0.0090100117380713,-0.0090101148275087,-87.986040419043,-87.986079051518,-31.999263375641,0.00027269548876269,-7.8614006878361e-05,38.677122409916,-9.86753181184,329.01603598518,100001274.22371,-2.9380026591494e-13,0.008267815054748,-0.012072581232676,-375.78162399553,-3.0273581276749e-05,-946.94826755053,825.87956294256
115.87500000002,118.03467722887,39.344821978838,1.036638482189e-16,0.0031893438927633,1.7299856857533,7.8074437278259,-6.7840798146065e-13,-76.34609844096,-1.2015616964631e-11,41.269018385406,8.4134904462288e-12,-8.4136981248866e-12,-86.688999097059,-86.688960941962,0.0079038043674123,0.0079041027116121,-8.4135138528919e-12,8.4132716489311e-12,-0.0079038983551903,-0.007903988894932,-86.689095425079,-86.689133655162,-31.527523483897,0.00026467400787076,-7.6346098440947e-05,38.347497366973,-9.7566984613447,329.01603802465,100001276.1575,-2.941194605596e-13,0.0082842274335655,-0.012072581232676,-374.29305982878,-2.8296294385515e-05,-943.34483536186,822.74376986673
115.97500000002,113.05338480584,37.684393528468,8.5046979393735e-17,0.0032318609913985,1.7299950529133,7.7920426499724,-5.5873284238977e-13,-74.203291193391,-1.0507533112261e-11,40.668838521019,7.3575106693445e-12,-7.3576929096644e-12,-85.428269520275,-85.428231752466,0.0069296910016975,0.006929952766947,-7.3575317660503e-12,7.3573192022193e-12,-0.0069297734479528,-0.0069298529194811,-85.428366382154,-85.428404224773,-31.068959577668,0.00025709936530743,-7.4203291193379e-05,38.032841992625,-9.6517537237637,329.016040006,100001278.03634,-2.9434844942176e-13,0.0083001659948304,-0.012072581232676,-372.84651332333,-2.6509106554954e-05,-939.8420199983,819.6954861549
116.07500000002,108.38433079588,36.128044405382,7.0103152085669e-17,0.0032732019708656,1.7300041570569,7.7770380058035,-4.6230074795722e-13,-72.174861475231,-9.184800105886e-12,40.085001775328,6.4313159393064e-12,-6.4314757702644e-12,-84.201870107908,-84.201832713618,0.0060727582098103,0.0060729877680279,-6.4313349124735e-12,6.4311484639258e-12,-0.0060728304966951,-0.0060729002180659,-84.201967477985,-84.202004946912,-30.62288536254,0.0002499330514203,-7.217486147522e-05,37.731924319374,-9.5521544054603,329.01604193241,100001279.8632,-2.9466764375423e-13,0.0083156566199758,-0.012072581232677,-371.43971624856,-2.4888094210405e-05,-936.43442043837,816.73001574892
116.17500000002,104.00007105704,34.666626575348,5.8044697895085e-17,0.0033134285301691,1.7300130120902,7.7624096652222,-3.8419646735844e-13,-70.251323142558,-8.0256063379028e-12,39.516683704674,5.6196334894543e-12,-5.6197736007302e-12,-83.008069042066,-83.008032008559,0.0053196204440441,0.0053198216725189,-5.6196505206871e-12,5.6194870565987e-12,-0.0053196837968708,-0.0053197449378336,-83.008166896535,-83.008204004507,-30.188670604057,0.0002431410167024,-7.0251323142547e-05,37.443656224885,-9.4574302398059,329.01604380674,100001281.64081,-2.9495214347561e-13,0.0083307230036899,-0.012072581232677,-370.07059101651,-2.3413047322042e-05,-933.11708860037,813.84305636651
116.27500000002,99.876305567604,33.29204004269,4.8265993778765e-17,0.003352597339104,1.7300216307818,7.7481391206133,-3.206266721201e-13,-68.424250236281,-7.0104608834469e-12,38.963125062231,4.9088155244858e-12,-4.9089382990945e-12,-81.845271456712,-81.845234772176,0.0046582432616102,0.0046584195919949,-4.9088307876268e-12,4.9086875334763e-12,-0.0046582987644804,-0.004658352361006,-81.845369773426,-81.845406532253,-29.765734921087,0.00023669303089483,-6.8424250236271e-05,37.167069432168,-9.3671663243487,329.01604563167,100001283.37169,-2.9520888748881e-13,0.0083453869023702,-0.012072581232677,-368.73722908341,-2.2066704553097e-05,-929.88547806984,811.0306549279
116.37500000002,95.991435929734,31.997085351661,4.0298432024696e-17,0.003390760591001,1.7300300248885,7.7342093093532,-2.6864552482623e-13,-66.686129707961,-6.1220137168773e-12,38.423624803716,4.286713333877e-12,-4.2868208791316e-12,-80.712004745521,-80.711968398975,0.0040778548646913,0.0040780093290166,-4.2867269931438e-12,4.2866014948743e-12,-0.00407790347515,-0.0040779504431167,-80.712103503823,-80.712139924486,-29.353542436057,0.00023056215096947,-6.6686129707952e-05,36.901298171634,-9.2809958566924,329.01604740964,100001285.05812,-2.9546563137683e-13,0.0083596683475232,-0.012072581232677,-367.43787239216,-2.0834375959887e-05,-926.73540004445,808.2891692567
116.47500000002,92.326196225495,30.775340538629,3.3777240959808e-17,0.0034279664799154,1.7300382052628,7.7206044605191,-2.2595175785234e-13,-65.030238367086,-5.344868980519e-12,37.897534029631,3.7425465403662e-12,-3.742640716777e-12,-79.606905837005,-79.606869818222,0.0035688484386319,0.0035689837119342,-3.7425587492856e-12,3.7424488398198e-12,-0.0035688910012263,-0.003568932149128,-79.607005017585,-79.607041110308,-28.951597141718,0.00022472427680961,-6.5030238367078e-05,36.645567814628,-9.1985950606293,329.01604914291,100001286.70225,-2.9570155846526e-13,0.0083735858299684,-0.012072581232678,-366.17089734885,-1.9703372742956e-05,-923.66298529327,805.61523500955
116.57500000002,88.863343322619,29.621057900935,2.8416855008813e-17,0.0034642596144954,1.730046181947,7.7073099618867,-1.9073750823911e-13,-63.450539483201,-4.6654001359107e-12,37.384250715107,3.2667736665633e-12,-3.2668561144853e-12,-78.528710124078,-78.528674423503,0.0031226816818659,0.0031228001212686,-3.2667845674864e-12,3.2666883358266e-12,-0.0031227189405623,-0.0031227549811831,-78.528809708835,-78.528845483175,-28.559438870466,0.00021915777802169,-6.3450539483193e-05,36.39917976432,-9.1196735662242,329.01605083355,100001288.30604,-2.9596524101787e-13,0.0083871564595716,-0.012072581232678,-364.9348009235,-1.8662755224309e-05,-920.6646511576,803.00573698827
116.67500000002,85.587395675467,28.529076930538,2.3992501938092e-17,0.0034996813784905,1.7300539642548,7.6943122440276,-1.6157492022225e-13,-61.941595440142,-4.0715725009979e-12,36.883215105662,2.8509678732717e-12,-2.8510400372458e-12,-77.476241792411,-77.476206401108,0.0027317777124129,0.0027318813926696,-2.8509775973042e-12,2.8508933602845e-12,-0.002731810321879,-0.002731841882928,-77.476341764351,-77.476377229241,-28.176639773088,0.00021384317881434,-6.1941595440135e-05,36.161504993248,-9.0439709419381,329.01605248352,100001289.87133,-2.9622892346512e-13,0.0084003961043615,-0.012072581232678,-363.72818854107,-1.7703019568364e-05,-917.7370728005,800.45778414571
116.77500000002,82.484411927273,27.494750514993,2.0326345642372e-17,0.0035342702460642,1.7300615608424,7.6815986788968,-1.3733051508695e-13,-60.498493582218,-3.552776411416e-12,36.393905678806,2.4877001369172e-12,-2.4877632877468e-12,-76.448405337437,-76.448370247028,0.0023894299989571,0.0023895207445738,-2.487708804142e-12,2.4876350807966e-12,-0.0023894585347516,-0.002389486168487,-76.448505680564,-76.448540844386,-27.802801230379,0.00020876289057793,-6.049849358221e-05,35.931974082579,-8.9712574329268,329.01605409461,100001291.39981,-2.9649954470641e-13,0.0084133195121881,-0.012072581232679,-362.54976348932,-1.6815925433982e-05,-914.87715805608,797.96868772089
116.87500000002,79.5418023626,26.513882088265,1.7276990970584e-17,0.0035680620586397,1.7300689797714,7.6691574907564,-1.1710012162385e-13,-59.116782960108,-3.0996727118517e-12,35.9158355887,2.1704310606457e-12,-2.1704863153008e-12,-75.444178096008,-75.444143298631,0.0020897128992828,0.0020897923133986,-2.1704387805428e-12,2.1703742689836e-12,-0.0020897378670096,-0.0020897620589032,-75.444278795251,-75.444313665864,-27.437551134257,0.00020390098386082,-5.9116782960101e-05,35.710069465275,-8.9013216139254,329.0160556685,100001292.89306,-2.9676322695886e-13,0.0084259404175186,-0.012072581232679,-361.39831761742,-1.5994229993102e-05,-912.08202534266,795.53594203769
116.97500000002,76.748167627067,25.582671870816,1.4731486738534e-17,0.0036010902688531,1.7300762285641,7.6569776776497,-1.0015913402736e-13,-57.7924201381,-2.7040512590264e-12,35.448549525068,1.8934117963158e-12,-1.8934601357965e-12,-74.462603648282,-74.462569136535,0.0018273986556526,0.0018274681459002,-1.8934186683108e-12,1.8933622249675e-12,-0.0018274204991535,-0.0018274416756569,-74.462704689401,-74.462739274204,-27.08054148576,0.00019924299308376,-5.7792420138094e-05,35.49532028228,-8.8339762176124,329.01605720676,100001294.35257,-2.9698527575792e-13,0.0084382716355344,-0.012072581232679,-360.27272313904,-1.52315815666e-05,-909.34898419653,793.15720758177
117.07500000002,74.093160186205,24.697670689219,1.2599197103969e-17,0.0036333861562638,1.7300833142521,7.6450489419394,-8.592426961817e-14,-56.521722564552,-2.3587024453526e-12,34.991620928822,1.651594083728e-12,-1.6516363690334e-12,-73.502785968871,-73.502751735785,0.0015978811978181,0.0015979419993994,-1.6516001978166e-12,1.651550818871e-12,-0.0015979003064794,-0.0015979188419605,-73.502887338395,-73.502921644356,-26.731446265871,0.0001947757485705,-5.6521722564546e-05,35.287296669905,-8.7690504747973,329.01605871084,100001295.77972,-2.9725589672839e-13,0.0084503251453164,-0.012072581232679,-359.17192538332,-1.4522401986233e-05,-906.67551805599,790.83029603362
117.17500000002,71.567364848728,23.855740150674,1.0807078924951e-17,0.0036649790187102,1.7300902434194,7.6333616286628,-7.392400757642e-14,-55.301328293928,-2.0573013235763e-12,34.544649516115,1.4405491132203e-12,-1.4405860995799e-12,-72.563884225896,-72.563850264891,0.0013971067708115,0.0013971599670296,-1.440554550632e-12,1.4405113554677e-12,-0.0013971234860617,-0.001397139708982,-72.563985911056,-72.564019944758,-26.389959542262,0.00019048723150919,-5.5301328293922e-05,35.085605062903,-8.7063883912507,329.01606018212,100001297.1758,-2.9758202876852e-13,0.0084621121636297,-0.012072581232679,-358.09493636375,-1.3861744027479e-05,-904.05926898643,788.55315698906
117.27500000002,69.162195339788,23.054018167462,9.2960233994956e-18,0.0036958963425862,1.7300970222415,7.6219066706554,-6.3775619141975e-14,-54.128161061614,-1.7943036522244e-12,34.107259070023,1.2563947353624e-12,-1.2564270848839e-12,-71.645108142219,-71.645074447078,0.0012215111876949,0.0012215577281789,-1.2563995692349e-12,1.2563617857237e-12,-0.0012215258087702,-0.0012215400071726,-71.645210130896,-71.645243898558,-26.055793780719,0.00018636644823243,-5.4128161061609e-05,34.889884602838,-8.6458484911297,329.01606162188,100001298.54203,-2.9786652736736e-13,0.0084736432105711,-0.01207258123268,-357.04082905497,-1.3245241374746e-05,-901.49802408549,786.32386614037
117.37500000002,66.869804447733,22.289889005903,8.0180078762958e-18,0.0037261639548043,1.7301036565193,7.610675539557,-5.5167230669937e-14,-52.99939989163,-1.5648530365877e-12,33.679095465343,1.0957304398831e-12,-1.0957587327677e-12,-70.745713846349,-70.745680411186,0.0010679633723512,0.0010680040892001,-1.0957347359285e-12,1.0957016873795e-12,-0.0010679761614005,-0.0010679885877737,-70.745816127025,-70.745849634529,-25.728678334862,0.00018240332085096,-5.2999399891625e-05,34.699803769445,-8.5873005531754,329.01606303134,100001299.87955,-2.9813020921004e-13,0.0084849281681441,-0.01207258123268,-356.00873228445,-1.2669004251863e-05,-898.98970334807,784.14061472642
117.47500000002,64.683005697545,21.56095717759,6.9338677263168e-18,0.0037558061587929,1.73011015171,7.5996602019464,-4.7843750011972e-14,-51.912452558981,-1.3646982732058e-12,33.259824897073,9.5557947921876e-13,-9.5560422368778e-13,-69.865000151196,-69.864966970434,0.000933714779472,0.00093375040152991,-9.5558329636838e-13,9.5555438997468e-13,-0.00093372596606953,-0.00093373684165224,-69.865102712906,-69.865135965829,-25.408358091632,0.00017858859178953,-5.1912452558976e-05,34.515056451035,-8.5306282453476,329.01606441162,100001301.18943,-2.9842164655722e-13,0.0084959763326703,-0.01207258123268,-354.99782616033,-1.2129566554838e-05,-896.5323488042,782.0017000894
117.57500000002,62.595204852567,20.865024606599,6.0115452276557e-18,0.0037848458565267,1.7301165129547,7.5888530799666,-4.1595773643148e-14,-50.864932343263,-1.1901199913881e-12,32.849132287524,8.3333750196525e-13,-8.3335914303074e-13,-69.002305208079,-69.002272276423,0.00081635424049303,0.00081638540595354,-8.3334089298368e-13,8.3331560961164e-13,-0.00081636402562138,-0.00081637354420495,-69.002408040368,-69.002441044005,-25.094592253396,0.00017491374018897,-5.0864932343259e-05,34.335361610182,-8.4757219976796,329.0160657638,100001302.47268,-2.9860900042771e-13,0.0085067964618176,-0.012072581232681,-354.00733796887,-1.1623819920567e-05,-894.12411477092,779.9055172
117.67500000002,60.600339823118,20.200070599095,5.2247072328921e-18,0.003813304658306,1.7301227451032,7.5782470158876,-3.6250804846632e-14,-49.854637600273,-1.037865704952e-12,32.446719850482,7.2672707527066e-13,-7.2674600247412e-13,-68.157003490612,-68.156970803032,0.00071376777275969,0.00071379504027959,-7.2673008733401e-13,7.2670797251224e-13,-0.00071377633232063,-0.00071378466360432,-68.157106583505,-68.157139342883,-24.787153240146,0.0001713709084653,-4.9854637600269e-05,34.160457815524,-8.422482752979,329.01606708889,100001303.73027,-2.9876859865713e-13,0.0085173968168927,-0.012072581232681,-353.036538483,-1.1148997854797e-05,-891.76325908102,777.85055103182
117.77500000002,58.692827798005,19.5642342205,4.5516493013694e-18,0.003841202981747,1.7301288527364,7.5678352401394,-3.1666272168796e-14,-48.879533759108,-9.0509242837497e-13,32.052305793917,6.3375750392695e-13,-6.3377405815894e-13,-67.328503069626,-67.328470621337,0.00062410289569015,0.00062412675417844,-6.3376017916201e-13,6.3374083513901e-13,-0.00062411038359618,-0.00062411767614375,-67.328606413588,-67.328638933492,-24.485825697657,0.00016795283760809,-4.8879533759104e-05,33.990104452824,-8.3708190241516,329.01606838785,100001304.96308,-2.9906697470195e-13,0.0085277852009769,-0.012072581232681,-352.08473863361,-1.0702609474637e-05,-889.44813517248,775.835369684
117.87500000002,56.867518597096,18.955798746411,3.9744233678416e-18,0.0038685601412555,1.7301348401864,7.5576113424059,-2.7723956579807e-14,-47.937737410029,-7.8931606506715e-13,31.665623145219,5.5268939138778e-13,-5.527038708911e-13,-66.516243145475,-66.516210931921,0.00054573701576929,0.00054575789300047,-5.5269176737101e-13,5.5267484612246e-13,-0.00054574356666308,-0.00054574995050574,-66.516346731386,-66.516379016368,-24.190405599333,0.00016465281001011,-4.7937737410026e-05,33.824076231325,-8.3206451663534,329.01606966156,100001306.17199,-2.993722895802e-13,0.008537968993387,-0.012072581232682,-351.15128650044,-1.0282390425739e-05,-887.177184937,773.85861816381
117.97500000002,55.119653405154,18.373177907205,3.4781406091938e-18,0.0038953944290726,1.7301407115551,7.5475692454317,-2.4325525737309e-14,-47.027502204537,-6.8836683541247e-13,31.286418685132,4.8200342990877e-13,-4.8201609555801e-13,-65.719691808658,-65.719659825496,0.00047724946733477,0.00047726773752112,-4.8200554012525e-13,4.8199073720315e-13,-0.00047725519897938,-0.00047726078790513,-65.719795627782,-65.719827682186,-23.900699431176,0.00016146459882256,-4.7027502204534e-05,33.662164859983,-8.2718828899985,329.0160709109,100001307.35778,-2.9972617665827e-13,0.0085479551808862,-0.012072581232682,-350.2355645864,-9.8863248265945e-06,-884.94893224114,771.91901275396
118.07500000002,53.444828169137,17.814903687164,3.0504122027321e-18,0.0039217231888436,1.7301464707304,7.5377031812354,-2.1388941953982e-14,-46.147206326688,-6.0035007444056e-13,30.914451978313,4.2037295057256e-13,-4.2038403051333e-13,-64.938344003434,-64.938312246522,0.00041739682514776,0.0004174128155912,-4.2037482483584e-13,4.2036187396284e-13,-0.00041740184052572,-0.00041740673409146,-64.938448047394,-64.938479875367,-23.616523450644,0.00015838242296695,-4.6147206326684e-05,33.504177690078,-8.2244610899146,329.01607213666,100001308.52124,-3.0001067474121e-13,0.008557750386013,-0.012072581232682,-349.33698734298,-9.5125788362536e-06,-882.76197704411,770.01533589853
118.17500000002,51.838961053887,17.279615476382,2.6808990557367e-18,0.0039475628825346,1.7301521214018,7.5280076694649,-1.8845562455807e-14,-45.295341334622,-5.2361179074977e-13,30.54949449004,3.6663980720283e-13,-3.6664950092541e-13,-64.171719672389,-64.17168813776,0.00036509113547889,0.00036510513241048,-3.6664147203744e-13,3.6663014035952e-13,-0.00036509552463455,-0.00036509980993318,-64.171823933138,-64.171855538646,-23.337703011376,0.00015540090707818,-4.5295341334619e-05,33.349931138511,-8.1783111477157,329.01607333963,100001309.66308,-3.0025353940755e-13,0.0085673608928421,-0.012072581232682,-348.45499891921,-9.1594912503877e-06,-880.61499004636,768.14643155054
118.27500000002,50.298263436688,16.766050402284,2.3609479891779e-18,0.003972929151416,1.7301576670738,7.5184774976635,-1.663779031461e-14,-44.470502198003,-4.5670843782072e-13,30.191328779873,3.1979320984838e-13,-3.1980169176234e-13,-63.419362062631,-63.419330746493,0.00031938074339277,0.00031939299709583,-3.1979468883691e-13,3.19784772757e-13,-0.00031938458504829,-0.00031938833825966,-63.419466532437,-63.419497919271,-23.064071946762,0.00015251504575065,-4.4470502198e-05,33.19925689923,-8.1333703656915,329.01607452052,100001310.784,-3.0054497627986e-13,0.0085767926704594,-0.012072581232683,-347.58907111032,-8.8255493562609e-06,-878.50670781191,766.31120093117
118.37500000002,48.819213997803,16.273034693187,2.0832967704162e-18,0.0039978368717424,1.7301631110786,7.5091077032457,-1.4717165045301e-14,-43.671378383519,-3.9838040506235e-13,29.839747764244,2.7895116287167e-13,-2.7895858544089e-13,-62.680836176806,-62.680805075531,0.00027943342408903,0.00027944415339153,-2.7895247696882e-13,2.7894379849237e-13,-0.00027943678706104,-0.00027944007481253,-62.680940848235,-62.680972020024,-22.795472006216,0.00014972017155415,-4.3671378383516e-05,33.051997666444,-8.0895810066401,329.01607568004,100001311.88466,-3.0081559642069e-13,0.0085860513943911,-0.012072581232683,-346.73870148423,-8.5094021555325e-06,-876.43592831414,764.50859865719
118.47500000002,47.398535525711,15.799475946704,1.8418341756832e-18,0.0040223002056813,1.7301684565876,7.499893557003,-1.3042805509738e-14,-42.896745860293,-3.475287882134e-13,29.494554040897,2.4334419928424e-13,-2.4335069577483e-13,-61.955727354023,-61.955696464131,0.00024452155492209,0.00024453095113389,-2.4334536710005e-13,2.433377706314e-13,-0.00024452449936313,-0.00024452737992253,-61.955832219916,-61.955863180136,-22.531752338741,0.00014701192635781,-4.289674586029e-05,32.908005055439,-8.0468894027741,329.01607681884,100001312.96568,-3.010792776197e-13,0.0085951424662017,-0.012072581232683,-345.90341166819,-8.2097667891277e-06,-874.40150686063,762.73762919809
118.57500000002,46.033174109202,15.344356193782,1.6314041915945e-18,0.0040463326479766,1.730173706622,7.4908305479871,-1.1580136108636e-14,-42.145459915377,-3.0319504680754e-13,29.155559268963,2.1230113664127e-13,-2.1230682352926e-13,-61.243639967645,-61.243609285798,0.00021400909169826,0.00021401732206054,-2.123021746961e-13,2.1229552423117e-13,-0.00021401167018411,-0.00021401419450512,-61.243745021099,-61.243775773092,-22.272769019027,0.00014438623556653,-4.2145459915374e-05,32.767139459593,-8.0052442276762,329.01607793756,100001314.02766,-3.0132214209067e-13,0.0086040710314491,-0.012072581232683,-345.08274577849,-7.9255209365506e-06,-872.40235235923,760.99734362953
118.67500000002,44.720280433022,14.906725663911,1.4476457416094e-18,0.0040699470687737,1.7301788640624,7.4819143696279,-1.0299841536569e-14,-41.416448684145,-2.6454320025123e-13,28.822583599147,1.8523661050547e-13,-1.8524158958541e-13,-60.544196228341,-60.544165751335,0.00018734013783925,0.00018734734854528,-1.8523753345894e-13,1.8523171012643e-13,-0.00018734239632102,-0.00018734460895915,-60.544301462701,-60.544332009669,-22.01838461187,0.0001418392849268,-4.1416448684143e-05,32.629271234509,-7.964598109267,329.01607903679,100001315.07117,-3.0159970098675e-13,0.008612841996157,-0.012072581232684,-344.27626897932,-7.6556268983888e-06,-870.43742388993,759.28683665297
118.77500000002,43.457192931565,14.485697169728,1.2868610987121e-18,0.0040931557529852,1.7301839316577,7.4731409069702,-9.1770065480685e-15,-40.708707312974,-2.3084425375686e-13,28.495455149197,1.6164016928436e-13,-1.6164452951534e-13,-59.857035082269,-59.857004807027,0.00016402891793231,0.00016403523677199,-1.6164099014058e-13,1.6163589004905e-13,-0.00016403089656974,-0.00016403283648439,-59.857140491111,-59.857170836131,-21.768467771207,0.00013936749960467,-4.0708707312971e-05,32.494278282793,-7.9249072810993,329.01608011711,100001316.09675,-3.01905015415e-13,0.0086214600419589,-0.012072581232684,-343.48356615824,-7.3991112030632e-06,-868.50572755378,757.60524385595
118.87500000002,42.241422588475,14.080441040214,1.145907536027e-18,0.0041159704365324,1.7301889120331,7.4645062249179,-8.1904059544271e-15,-40.021292683134,-2.0146258111116e-13,28.174009520311,1.4106673926884e-13,-1.4107055839017e-13,-59.181811195235,-59.181781118798,0.00014365098807028,0.00014365652674462,-1.4106746956015e-13,1.4106300191359e-13,-0.00014365272196092,-0.00014365442321766,-59.181916772354,-59.181946918385,-21.522892870449,0.0001369675252797,-4.0021292683132e-05,32.362044692744,-7.8861296872228,329.01608117907,100001317.10492,-3.0219645201356e-13,0.0086299296400344,-0.012072581232684,-342.70424070607,-7.1550964224089e-06,-866.60631357098,755.95173918911
118.97500000002,41.070639195372,13.690180540261,1.0221078605438e-18,0.0041384023397595,1.7301938076982,7.4560065573899,-7.3219169855995e-15,-39.353318632226,-1.7584402328861e-13,27.85808935063,1.2312829112858e-13,-1.2313163707332e-13,-58.518194014783,-58.518164134303,0.00012583553428767,0.00012584039043385,-1.2312894107965e-13,1.2312502652864e-13,-0.00012583705410481,-0.00012583854648997,-58.518299754178,-58.518329704067,-21.281539661175,0.00013463621102601,-3.9353318632223e-05,32.232461527663,-7.8482268997,329.0160822232,100001318.09617,-3.0248788857164e-13,0.0086382550639585,-0.012072581232684,-341.93791339253,-6.9228000933202e-06,-864.73827360506,754.32553263969
119.07500000002,39.942658909096,13.314187723105,9.1317633697443e-19,0.0041604621982846,1.7301986210531,7.4476382973052,-6.5560316140075e-15,-38.703951619714,-1.5350549051637e-13,27.547543902437,1.0748655914351e-13,-1.0748949127497e-13,-57.865866903043,-57.865837215781,0.00011025862742336,0.00011026288638609,-1.0748713781788e-13,1.074837070171e-13,-0.00011025995997387,-0.00011026126953239,-57.86597279891,-57.866002555399,-21.044292957583,0.00013237059378798,-3.8703951619712e-05,32.105427672467,-7.8111618906057,329.01608324998,100001319.07098,-3.0278626398426e-13,0.0086464404015627,-0.012072581232685,-341.18422132755,-6.701447804889e-06,-862.9007382918,752.7258680831
119.17500000002,38.855432965098,12.951779668136,8.1715719168911e-19,0.0041821602915251,1.7302033543957,7.4393979873177,-5.879450775841e-15,-38.072406787903,-1.3402588084958e-13,27.242228679967,9.3846682272893e-14,-9.384925246593e-14,-57.224526333934,-57.224496837244,9.6637318010354e-05,9.6641054391062e-05,-9.3847197703642e-14,9.3844190050339e-14,-9.6638486722524e-05,-9.6639636228412e-05,-57.224632380648,-57.224661946383,-20.811042344355,0.0001301678842755,-3.8072406787901e-05,31.980844929067,-7.7749005392671,329.01608425991,100001320.0298,-3.0304994488935e-13,0.0086544895659,-0.012072581232685,-340.44281700125,-6.4903835516793e-06,-861.09287495418,751.15202129614
119.27500000002,37.80703742385,12.60231506301,7.3237342866805e-19,0.0042035064691058,1.730208009927,7.4312823112366,-5.2807458763588e-15,-37.457944377252,-1.1703815090794e-13,26.942005075112,8.1951651982591e-14,-8.1953905569013e-14,-56.59388114892,-56.59385184025,8.472446844171e-05,8.4727747453127e-05,-8.1952111288631e-14,8.1949473819535e-14,-8.4725493791722e-05,-8.4726503159618e-05,-56.593987341029,-56.594016718565,-20.581681905842,0.000128025454131,-3.745794437725e-05,31.858622192899,-7.7394103692806,329.01608525344,100001320.97307,-3.0332056465173e-13,0.0086624063053952,-0.012072581232685,-339.71336739466,-6.2889722037426e-06,-859.31388548636,749.60329811726
119.37500000002,36.795663839945,12.265191093386,6.5738412165277e-19,0.0042245101753395,1.7302125897571,7.4232880860686,-4.7500757243102e-15,-36.859866458077,-1.0222239443287e-13,26.64674003858,7.1577465761312e-14,-7.1579442356314e-14,-55.97365186625,-55.973622743136,7.4304231825371e-05,7.4307110475742e-05,-7.1577875250946e-14,7.1575561677878e-14,-7.4305131710072e-05,-7.4306018355119e-05,-55.973758198469,-55.973787390267,-20.356109974706,0.00012594082423179,-3.6859866458075e-05,31.738673049482,-7.7046608349123,329.01608623101,100001321.90121,-3.0357036769628e-13,0.0086701942132526,-0.012072581232686,-338.99555315571,-6.0966075315304e-06,-857.56300439196,748.07903274096
119.47500000002,35.819610759109,11.939840608579,5.9094869203166e-19,0.0042451804719489,1.7302170959099,7.4154122546298,-4.2789492493681e-15,-36.277513947011,-8.9299802010208e-14,26.356305774294,6.2528897640346e-14,-6.2530631864834e-14,-55.36357003902,-55.363541099083,6.5188097753571e-05,6.5190625881795e-05,-6.252926290331e-14,6.2527232770234e-14,-6.5188887816267e-05,-6.5189666968791e-05,-55.36367650622,-55.36370551466,-20.134228898335,0.00012391165401399,-3.6277513947009e-05,31.62091570293,-7.670622937208,329.01608719304,100001322.81461,-3.0386180406969e-13,0.0086778567361871,-0.012072581232686,-338.28906783404,-5.9127723523952e-06,-855.83949696298,746.57858613431
119.57500000002,34.87727595736,11.625729534635,5.3199695904132e-19,0.0042655260591811,1.7302215303283,7.4076518786762,-3.8600261323343e-15,-35.710263878721,-7.8027390909285e-14,26.070579455057,5.4635807958726e-14,-5.4637330070546e-14,-54.763377657901,-54.763348898842,5.72114348044e-05,5.7213655984739e-05,-5.4636133947976e-14,5.4634351894284e-14,-5.7212128719554e-05,-5.7212813700173e-05,-54.763484255104,-54.763513082484,-19.915944821509,0.00012193573171196,-3.571026387872e-05,31.505272370779,-7.6372693820931,329.01608813995,100001323.71367,-3.0411854593983e-13,0.0086853971825351,-0.012072581232686,-337.59361717017,-5.7369625554973e-06,-854.14265758697,745.10134456522
119.67500000002,33.967149348448,11.322354510124,4.7960397164285e-19,0.0042855552954524,1.7302258948781,7.4000041325112,-3.4869489089468e-15,-35.157526908169,-6.8193407740335e-14,25.789442957722,4.7749924244488e-14,-4.7751260689985e-14,-54.172826594837,-54.17279801443,5.0230468085685e-05,5.0232420418378e-05,-4.7750215348823e-14,4.7748650465551e-14,-5.0231077807672e-05,-5.0231680267784e-05,-54.172933317203,-54.172961965748,-19.701167483981,0.00012001096542443,-3.5157526908167e-05,31.391669460616,-7.6045748479268,329.01608907212,100001324.59875,-3.0448631007936e-13,0.008692818729801,-0.012072581232686,-336.90891843382,-5.5687232119355e-06,-852.47180817216,743.64671823308
119.77500000002,33.087806492327,11.029240722323,4.3296881118487e-19,0.0043052762156443,1.7302301913528,7.3924662970282,-3.1542012652878e-15,-34.618745020285,-5.9613318733427e-14,25.512782616217,4.174203355611e-14,-4.1743207452013e-14,-53.591678084258,-53.591649680354,4.4119637638554e-05,4.4121354440671e-05,-4.1742293664613e-14,4.1740918931937e-14,-4.4120173618992e-05,-4.4120703750984e-05,-53.591784927084,-53.591813398949,-19.489810031705,0.00011813537492437,-3.4618745020284e-05,31.280036971985,-7.5725147295763,329.01608998992,100001325.4702,-3.0474999077836e-13,0.0087001244316852,-0.012072581232687,-336.23469980795,-5.4076082499602e-06,-850.82629668024,742.21413999304
119.87500000002,32.237902645814,10.745939924091,3.9139669933492e-19,0.0043246965481646,1.7302344214768,7.3850357541536,-2.8569881805884e-15,-34.093389426773,-5.212631307953e-14,25.240488991011,3.6499534076689e-14,-3.6500565631089e-14,-53.019702238818,-53.019674009328,3.8769290144802e-05,3.8770800553866e-05,-3.6499766635889e-14,3.6498558431678e-14,-3.8769761522414e-05,-3.8770228243376e-05,-53.019809197526,-53.019837494797,-19.281788840632,0.0001163070841395,-3.4093389426772e-05,31.170308516497,-7.5410658912739,329.01609089373,100001326.32837,-3.0500673255285e-13,0.008707317224633,-0.012072581232687,-335.5706998138,-5.253221615568e-06,-849.20549575782,740.80306416615
119.97500000002,31.41616730424,10.472028614423,3.5428386376934e-19,0.0043438237308713,1.7302385869094,7.3777099816584,-2.591134336133e-15,-33.58095863354,-4.5592254115969e-14,24.972456653675,3.1924300294541e-14,-3.1925207174622e-14,-52.456677596843,-52.456649539751,3.4083662224396e-05,3.4084991725753e-05,-3.1924508359088e-14,3.1923446029579e-14,-3.4084076990859e-05,-3.408448810315e-05,-52.456784666981,-52.456812791678,-19.077023352046,0.00011452431424431,-3.3580958633538e-05,31.062421895063,-7.5102072497376,329.01609178387,100001327.17358,-3.0523571872115e-13,0.0087143999339518,-0.012072581232687,-334.91666677502,-5.1051949043747e-06,-847.6088014593,739.41296542881
120.07500000002,30.621399185591,10.207106366508,3.2110470990598e-19,0.0043626649259517,1.7302426892478,7.3704865483073,-2.3529978294409e-15,-33.080976660845,-3.9889021335013e-14,24.708583985396,2.7930821843222e-14,-2.7931619496468e-14,-51.902390699103,-51.902362812449,2.9979118754421e-05,2.9980289641964e-05,-2.79310081208e-14,2.7930073605559e-14,-2.9979483899235e-05,-2.9979846230788e-05,-51.902497876336,-51.902525830414,-18.875435918567,0.0001127853772993,-3.3080976660844e-05,30.95631528211,-7.4799165381451,329.0160926607,100001328.00615,-3.0556184937471e-13,0.0087213752795212,-0.012072581232688,-334.27235831623,-4.963189272441e-06,-846.03563205292,738.04333777476
120.17500000002,29.852461617008,9.9507942898886,2.9140092531576e-19,0.0043812270338399,1.7302467300306,7.3633631093208,-2.139396741559e-15,-32.592991403557,-3.4910193380691e-14,24.448772988272,2.44445811059e-14,-2.4445283040638e-14,-51.356635692406,-51.356607974289,2.6382614167191e-05,2.6383645945852e-05,-2.4444747997011e-14,2.4443925501352e-14,-2.638293580422e-05,-2.6383255331156e-05,-51.356742972506,-51.356770757867,-18.676951659919,0.00011108867039211,-3.2592991403556e-05,30.851932348145,-7.4501750608882,329.01609352452,100001328.8264,-3.0589491889379e-13,0.0087282458811361,-0.012072581232688,-333.63754089415,-4.8268650429721e-06,-844.48542690406,736.69369354405
120.27500000002,29.108278285703,9.7027336141084,2.6477220736114e-19,0.0043995167062455,1.7302507107407,7.3563374021237,-1.9475465209761e-15,-32.116573117934,-3.0563028495192e-14,24.192929108501,2.1400639097785e-14,-2.1401257128211e-14,-50.819213958202,-50.819186406774,2.3230348664167e-05,2.3231258401509e-05,-2.1400788730987e-14,2.1400064439838e-14,-2.3230632142155e-05,-2.3230914095921e-05,-50.819321337046,-50.819348955538,-18.481498327798,0.00010943267023181,-3.2116573117932e-05,30.749218318399,-7.4209640553345,329.01609437565,100001329.6346,-3.0619329391551e-13,0.0087350142635064,-0.012072581232688,-333.01198935889,-4.695935367332e-06,-842.95764542948,735.36356251378
120.37500000002,28.387829321413,9.4625843828493,2.4086835699231e-19,0.0044175403583629,1.7302546328076,7.3494072423604,-1.7750064890314e-15,-31.651313023981,-2.6766704389403e-14,23.940961070491,1.8742403000687e-14,-1.8742947460855e-14,-50.28993376411,-50.289906377579,2.0466594777066e-05,2.0467397410419e-05,-1.874253726379e-14,1.8741899091784e-14,-2.0466844776168e-05,-2.046709373716e-05,-50.29004123768,-50.290068691095,-18.28900617908,0.00010781592815708,-3.165131302398e-05,30.648121055009,-7.3922656726041,329.01609521439,100001330.43105,-3.0635982992553e-13,0.0087416828609427,-0.012072581232688,-332.3954865424,-4.5701201250423e-06,-841.45176611734,734.05249104597
120.47500000002,27.690147679993,9.2300242484943,2.1938252473096e-19,0.0044353041803238,1.7302584976107,7.3425705201553,-1.6196340531392e-15,-31.196822012722,-2.3450784336884e-14,23.692780721115,1.6420552102152e-14,-1.6421032032862e-14,-49.768609936766,-49.768582713388,1.8042672775137e-05,1.8043381379894e-05,-1.6420672669837e-14,1.6420110043038e-14,-1.8042893391231e-05,-1.8043113370591e-05,-49.768717501137,-49.768744791219,-18.09940785679,0.00010623706551991,-3.1196822012721e-05,30.548591186278,-7.3640626466359,329.01609604103,100001331.21602,-3.0668596046892e-13,0.0087482540217485,-0.012072581232689,-331.78782287279,-4.4491441249494e-06,-839.96728560761,732.76004128806
120.57500000002,27.014315802136,9.0047473583395,2.0004543032978e-19,0.0044528141479478,1.7302623064811,7.3358251966016,-1.4795454461521e-15,-30.752729449687,-2.0553880510942e-14,23.448302883367,1.4392101846769e-14,-1.4392525158777e-14,-49.255063554406,-49.255036492489,1.5916056108329e-05,1.5916682132309e-05,-1.4392210205031e-14,1.4391713870293e-14,-1.5916250926648e-05,-1.5916445437752e-05,-49.25517120575,-49.255198334193,-17.912638278251,0.00010469476941387,-3.0752729449686e-05,30.450581106285,-7.3363395541927,329.01609685585,100001331.98976,-3.0696351872887e-13,0.0087547300123486,-0.012072581232689,-331.18879601203,-4.3327684770561e-06,-838.50371782907,731.48579042239
120.67500000002,26.359462522054,8.7864633241669,1.8262040683186e-19,0.0044700760328445,1.730266060704,7.3291693004589,-1.3530820017994e-15,-30.318682065553,-1.8022489274368e-14,23.207445218694,1.2619588290956e-14,-1.261996190751e-14,-48.749121657694,-48.749094755589,1.4049590435137e-05,1.4050143903313e-05,-1.2619685758729e-14,1.2619247617202e-14,-1.4049762594585e-05,-1.4049934715499e-05,-48.749229392269,-48.749256360721,-17.728634529868,0.00010318778871412,-3.0318682065552e-05,30.354045495884,-7.3090806957528,329.01609765911,100001332.75255,-3.0728271032723e-13,0.0087611130211582,-0.012072581232689,-330.59821051547,-4.2207588785829e-06,-837.06059318768,730.22932996058
120.77500000002,25.724760205543,8.5748962682699,1.6689914401604e-19,0.0044870954119129,1.7302697615213,7.3226009250483,-1.2387811355194e-15,-29.894342927496,-1.5809976356362e-14,22.97012809743,1.1070357510693e-14,-1.1070687492014e-14,-48.250616977552,-48.250590233653,1.2410811850992e-05,1.2411301544332e-05,-1.1070445258991e-14,1.1070058220693e-14,-1.2410964100316e-05,-1.2411116528376e-05,-48.250724791701,-48.250751601767,-17.54733576811,0.00010171493040634,-2.9894342927494e-05,30.258941190405,-7.2822713516513,329.01609845107,100001333.50462,-3.0756720743151e-13,0.0087674051622305,-0.01207258123269,-330.01587751186,-4.1128991711109e-06,-835.63745780373,728.99026508022
120.87500000002,25.109422096792,8.3697839390614,1.5269802623193e-19,0.0045038776762823,1.7302734101328,7.3161182253277,-1.1353513316847e-15,-29.479390483396,-1.387569266872e-14,22.736274476723,9.715946484555e-15,-9.7162381365507e-15,-47.759387678724,-47.75936109147,1.0971351743593e-05,1.0971785355299e-05,-9.7160255533968e-15,9.7156834102085e-15,-1.0971486490448e-05,-1.0971621589956e-05,-47.759495568874,-47.759522222116,-17.368683126204,0.00010027505617627,-2.9479390483395e-05,30.165226204762,-7.2558971163249,329.016099232,100001334.24621,-3.0783782672337e-13,0.0087736084786826,-0.01207258123269,-329.44161440183,-4.0089870773874e-06,-834.23387279345,727.76821400013
120.97500000002,24.512699857498,8.1708768907614,1.3985497635651e-19,0.0045204280397331,1.7302770076989,7.3097194151366,-1.0416505485237e-15,-29.073517674084,-1.2184203974112e-14,22.505809785466,8.531543697459e-15,-8.531801666672e-15,-47.275277118085,-47.275250685955,9.7064172866451e-06,9.7068015586419e-06,-8.5316150108483e-15,8.5313123255741e-15,-9.7065366404498e-06,-9.7066564843558e-06,-47.27538508074,-47.275411578681,-17.192619626204,9.8867079242573e-05,-2.9073517674083e-05,30.072861404965,-7.2299450816669,329.01610000212,100001334.97755,-3.081084459921e-13,0.0087797249459262,-0.01207258123269,-328.87524457436,-3.9088262802026e-06,-832.8494135925,726.56280739218
121.07500000003,23.933881280707,7.9779377213683,1.2822673143905e-19,0.004536751546636,1.7302805553419,7.3034027645973,-9.5666754338477e-16,-28.676431106554,-1.0704619767914e-14,22.278661815709,7.4955192150186e-15,-7.4957475715524e-15,-46.798133616523,-46.798107338032,8.5943379707007e-06,8.5946788128832e-06,-7.4955835941911e-15,7.4953156036602e-15,-8.594443780076e-06,-8.5945501864014e-06,-46.798241648262,-46.798267992386,-17.019090095994,9.7489961407766e-05,-2.8676431106553e-05,29.981808331955,-7.2044022198804,329.01610076168,100001335.69887,-3.0843457638915e-13,0.0087857564747085,-0.012072581232691,-328.31659713896,-3.8122470997666e-06,-831.48366931784,725.37368782641
121.17500000003,23.372288166192,7.7907403644325,1.1768648721977e-19,0.0045528530794403,1.7302840541479,7.2971665976624,-8.7950569788094e-16,-28.287850284272,-9.4100086105141e-15,22.054760620135,6.5890152916432e-15,-6.5892176015933e-15,-46.327810243589,-46.32778411729,7.6161697834457e-06,7.616472377869e-06,-6.5890734667858e-15,6.5888359972109e-15,-7.6162636689173e-06,-7.616358232593e-06,-46.327918341063,-46.327944532818,-16.848041090936,9.6142710313363e-05,-2.8287850284271e-05,29.892030955889,-7.17925676793,329.0161015109,100001336.41038,-3.0880234012681e-13,0.0087917049139847,-0.012072581232691,-327.76550667333,-3.7190805942083e-06,-830.13624216582,724.20050924763
121.27500000003,22.827274344037,7.6090694302721,1.0812185837705e-19,0.004568737365744,1.7302875051682,7.2910092897982,-8.0936898654048e-16,-27.90750689013,-8.2768887837422e-15,21.834038415189,5.795589721565e-15,-5.7957691102869e-15,-45.864164614006,-45.864138638486,6.7553497132285e-06,6.7556186051465e-06,-5.7956423421824e-15,5.7954317352209e-15,-6.7554330957983e-06,-6.7555172164919e-06,-45.864272773934,-45.864298814733,-16.679420819841,9.4824376883095e-05,-2.7907506890129e-05,29.803493383165,-7.1544964340434,329.01610225,100001337.11229,-3.090382648586e-13,0.0087975720536259,-0.012072581232691,-327.22181298518,-3.6291640255328e-06,-828.8067468439,723.04293648128
121.37500000003,22.298223833635,7.4327195922808,9.943310944947e-20,0.0045844089849727,1.730290909421,7.2849292657959,-7.4554978629954e-16,-27.535144116555,-7.2847845730904e-15,21.616429489468,5.1009051418908e-15,-5.1010643492663e-15,-45.407058695234,-45.407032869116,5.997394177737e-06,5.9976333551552e-06,-5.1009527859754e-15,5.1007658341359e-15,-5.9974683038452e-06,-5.997543210285e-06,-45.407166914407,-45.407192805626,-16.513179074951,9.3534052934834e-05,-2.7535144116554e-05,29.716163374522,-7.1301107424088,329.0161029792,100001337.8048,-3.0925337288679e-13,0.0088033596269775,-0.012072581232691,-326.68536088671,-3.5423376838401e-06,-827.49481003342,721.9006447663
121.47500000003,21.784549128802,7.2614950153273,9.1531618220858e-20,0.0045998723746946,1.7302942678926,7.2789249977013,-6.87418269712e-16,-27.170516041178,-6.4158397230529e-15,21.401870117061,4.4924583690161e-15,-4.4925997977342e-15,-44.956358625435,-44.956332947376,5.3296357910054e-06,5.329848754205e-06,-4.4925015511608e-15,4.4923354413696e-15,-5.3297017543422e-06,-5.3297685255828e-06,-44.956466900704,-44.95649264369,-16.349267165715,9.2270868955171e-05,-2.7170516041177e-05,29.630007860776,-7.1060883381795,329.01610369871,100001338.48811,-3.0950317536351e-13,0.0088090693132824,-0.012072581232692,-326.15599998209,-3.4584729898363e-06,-826.20006988209,720.77331931382
121.57500000003,21.285689597328,7.0952088222528,8.4338539032682e-20,0.0046151318365939,1.730297581539,7.2729950028543,-6.3441316254198e-16,-26.813387042097,-5.6544806993618e-15,21.190298475472,3.9593446104708e-15,-3.9594703682098e-15,-44.511934541069,-44.511909009752,4.7409935909469e-06,4.7411834132488e-06,-3.9593837890464e-15,3.9592360533392e-15,-4.7410523515126e-06,-4.741111935526e-06,-44.512042869348,-44.512068465416,-16.187637856063,9.103399201564e-05,-2.6813387042096e-05,29.544996096038,-7.0824192682644,329.01610440871,100001339.16241,-3.0977379450154e-13,0.0088147027399647,-0.012072581232692,-325.63358446584,-3.377448598413e-06,-824.9221755233,719.66065488911
121.67500000003,20.801109987808,6.9336825961562,7.7783638341865e-20,0.004630191542126,1.7303008512871,7.2671378420338,-5.8603367882669e-16,-26.463531252073,-4.9871233392465e-15,20.981654567873,3.4920520576223e-15,-3.4921639939059e-15,-44.07366041356,-44.073635027704,4.2217724691055e-06,4.2219418499844e-06,-3.4920876411279e-15,3.4919561135633e-15,-4.2218248698677e-06,-4.2218780998011e-06,-44.073768791824,-44.073794242258,-16.028245304988,8.9822623827893e-05,-2.6463531252072e-05,29.461098294117,-7.0590933319341,329.01610510942,100001339.82788,-3.1007910808859e-13,0.0088202614847988,-0.012072581232692,-325.1179729322,-3.2991132062316e-06,-823.66078662117,718.56235541614
121.77500000003,20.330299034039,6.7767459151999,7.1804278881457e-20,0.0046450555378755,1.7303040780357,7.2613521176981,-5.4183247348711e-16,-26.120732046828,-4.401917296845e-15,20.77588014938,3.0822829430332e-15,-3.082382681437e-15,-43.641413894454,-43.641388652802,3.7634880855047e-06,3.7636393970211e-06,-3.0823152957158e-15,3.0821980747215e-15,-3.7635348669575e-06,-3.7635824753492e-06,-43.641522319735,-43.64154762579,-15.871045010204,8.8635998920787e-05,-2.6120732046828e-05,29.378285936606,-7.0361014387514,329.01610580101,100001340.4847,-3.1031503271707e-13,0.0088257470779601,-0.012072581232692,-324.60902819454,-3.2233524585519e-06,-822.41557293968,717.47813360273
121.87500000003,19.872768150643,6.6242359178019,6.6344532232741e-20,0.0046597277506334,1.7303072626569,7.2556364723172,-5.0140947568873e-16,-25.784781566154,-3.8885234109493e-15,20.572918657123,2.7227976504642e-15,-2.7228866167621e-15,-43.215076168515,-43.215051069839,3.3587140241533e-06,3.35884935155e-06,-2.7228270972923e-15,2.7227225127559e-15,-3.3587558370446e-06,-3.3587984682586e-06,-43.2151846379,-43.215209800806,-15.715993754708,8.7473382934572e-05,-2.5784781566153e-05,29.296531482713,-7.0134348123545,329.01610648368,100001341.13305,-3.1055095732636e-13,0.0088311610039694,-0.012072581232693,-324.106617114,-3.1500664843513e-06,-821.18621393386,716.40771058513
121.97500000003,19.428050212277,6.4759968957247,6.1354402517846e-20,0.0046742119922148,1.7303104059971,7.2499895867899,-4.6440648560679e-16,-25.455480264648,-3.4379197499056e-15,20.372715143855,2.4072789049929e-15,-2.4073583517575e-15,-42.794531814265,-42.794506857363,3.0009483575637e-06,3.0010695347645e-06,-2.4073057360586e-15,2.4072123205608e-15,-3.0009857740216e-06,-3.0010239951247e-06,-42.794640324894,-42.794665345853,-15.563049556041,8.6334071020963e-05,-2.5455480264648e-05,29.215808676418,-6.9910841063144,329.01610715759,100001341.77309,-3.108007597042e-13,0.008836504703536,-0.012072581232693,-323.61061043709,-3.0791555165295e-06,-819.9723983622,715.35081559101
122.07500000003,18.99569841101,6.3318799131851,5.6789146394352e-20,0.0046885119640292,1.7303135088778,7.2444101789409,-4.3050243386853e-16,-25.132636490666,-3.042232635499e-15,20.175216214902,2.1302134537408e-15,-2.1302844818484e-15,-42.379668671542,-42.379643855238,2.6844971490701e-06,2.6846057897253e-06,-2.130237928158e-15,2.1301543918243e-15,-2.6845306723322e-06,-2.6845649826096e-06,-42.379777220607,-42.379802100795,-15.412171618105,8.5217386343837e-05,-2.5132636490665e-05,29.136091915209,-6.9690412333875,329.01610782292,100001342.40499,-3.1105750095754e-13,0.0088417795753093,-0.012072581232693,-323.12088264161,-3.0104957063208e-06,-818.77382391865,714.30718561945
122.17500000003,18.575285185088,6.1917424497923,5.2608676617792e-20,0.0047026312614219,1.730316572097,7.2388970020935,-3.9940921696602e-16,-24.816066090372,-2.6945894243448e-15,19.980369968247,1.886788981489e-15,-1.8868525589204e-15,-41.970377715639,-41.97035303878,2.4043727364195e-06,2.4044702610612e-06,-1.8868113308443e-15,1.886736539357e-15,-2.404402809341e-06,-2.4044336486234e-06,-41.970486300382,-41.970511040953,-15.263320285374,8.4122678669644e-05,-2.4816066090371e-05,29.057356349335,-6.9472980909441,329.01610847984,100001343.02891,-3.1134199776802e-13,0.0088469869775392,-0.012072581232694,-322.63731179009,-2.9439952561715e-06,-817.59019688317,713.27656513703
122.27500000003,18.166401215049,6.055448065902,4.87770382365e-20,0.004716573377799,1.7303195964298,7.2334488437117,-3.7086803406962e-16,-24.50559203639,-2.3889902406798e-15,19.788125937537,1.6728042963101e-15,-1.6728612745898e-15,-41.566552937592,-41.566528399051,2.1562049148019e-06,2.1562925746011e-06,-1.6728247277194e-15,1.6727576830896e-15,-2.1562319272979e-06,-2.1562596832488e-06,-41.566661555304,-41.566686157387,-15.116456999341,8.3049323045508e-05,-2.450559203639e-05,28.979578600255,-6.9258472930322,329.01610912851,100001343.64499,-3.1166118903007e-13,0.0088521282296543,-0.012072581232694,-322.15977939075,-2.8795866690701e-06,-816.42123178955,712.25870578899
122.37500000003,17.768654481251,5.9228660884777,4.5261947988378e-20,0.0047303417085487,1.7303225826294,7.2280645241101,-3.4464616082515e-16,-24.201044078115,-2.1201962163639e-15,19.598435037878,1.4845910737627e-15,-1.4846422023361e-15,-41.16809123031,-41.168066828981,1.9361633772654e-06,1.9362422748187e-06,-1.4846097725798e-15,1.4845495963305e-15,-1.936187672821e-06,-1.9362126873154e-06,-41.168199878328,-41.168224343028,-14.971544257096,8.1996718554718e-05,-2.4201044078114e-05,28.902735990313,-6.9046811150518,329.01610976909,100001344.25339,-3.1195956359286e-13,0.0088572046137636,-0.012072581232694,-321.68817026521,-2.8171649803687e-06,-815.26665110959,711.25336612459
122.47500000003,17.381669379298,5.7938713162213,4.2034388773851e-20,0.0047439395547717,1.7303255314281,7.2227428952244,-3.2053410454736e-16,-23.902258413084,-1.8836321092043e-15,19.411249514218,1.3189456689747e-15,-1.3189916077828e-15,-40.774892280157,-40.774868014954,1.7408899797246e-06,1.7409610872464e-06,-1.3189628011902e-15,1.3189087196452e-15,-1.7409118610913e-06,-1.7409344358012e-06,-40.775000955862,-40.775025284265,-14.82854557188,8.0964287147302e-05,-2.3902258413083e-05,28.826805751512,-6.8837920718545,329.01611040173,100001344.85427,-3.122232436692e-13,0.0088622173760825,-0.012072581232694,-321.22237242257,-2.7566476488689e-06,-814.12618495256,710.26031133583
122.57500000003,17.005085888753,5.6683437424792,3.9068252185075e-20,0.0047573701268315,1.7303284435375,7.2174828394429,-2.983430927103e-16,-23.609077377418,-1.6753014453968e-15,19.226522892196,1.1730696982747e-15,-1.1731110287555e-15,-40.386858463695,-40.386834333555,1.5674395804052e-06,1.5675037556526e-06,-1.1730854126436e-15,1.1730367440567e-15,-1.5674593145864e-06,-1.5674797158713e-06,-40.386967164512,-40.386991357681,-14.68742543552,7.9951472538657e-05,-2.3609077377417e-05,28.751767861193,-6.863173758387,329.01611102658,100001345.44775,-3.1247998483455e-13,0.0088671677282911,-0.012072581232695,-320.76227693979,-2.6979619286419e-06,-812.99957077934,709.27931300872
122.67500000003,16.638558791664,5.5461682947539,3.6340023018353e-20,0.0047706365477356,1.7303313196501,7.212283268491,-2.7790285305828e-16,-23.321349154301,-1.4917125711571e-15,19.044209931299,1.0445182595811e-15,-1.0445554942958e-15,-40.003894749293,-40.003870753175,1.4132283629328e-06,1.4132863631471e-06,-1.0445326895084e-15,1.0444888328003e-15,-1.4132461855473e-06,-1.413264648738e-06,-40.004003472694,-40.00402753167,-14.548149282641,7.8957739172501e-05,-2.3321349154301e-05,28.677601134618,-6.8428193172655,329.0161116438,100001346.03397,-3.1279223713446e-13,0.0088720568488285,-0.012072581232695,-320.30777784743,-2.6410496046402e-06,-811.88655312986,708.31014888638
122.77500000003,16.281756937226,5.4272345895955,3.3828500514995e-20,0.0047837418563567,1.7303341604394,7.2071431223696,-2.5905964922406e-16,-23.038927498976,-1.3298142070372e-15,18.864266580194,9.3115480669427e-16,-9.3118839775152e-16,-39.625908603306,-39.625884740184,1.2759886913353e-06,1.2760411854519e-06,-9.311680719072e-16,9.3112849680775e-16,-1.276004810438e-06,-1.2760215435899e-06,-39.626017346797,-39.626041272604,-14.410683456524,7.798257124276e-05,-2.3038927498975e-05,28.604285386423,-6.8227225639768,329.01611225351,100001346.61308,-3.1304897826688e-13,0.0088768858841225,-0.012072581232695,-319.85877202111,-2.5858254489096e-06,-810.78688336347,707.35260264327
122.87500000003,15.93436254974,5.31143670191,3.1514551768396e-20,0.0047966890105034,1.7303369665608,7.2020613683414,-2.4167454044967e-16,-22.761671479505,-1.1869392799623e-15,18.686649934125,8.3111181975646e-16,-8.3114216618718e-16,-39.252809900561,-39.252786169433,1.1537296665642e-06,1.153777245908e-06,-8.3112402778864e-16,8.3108826620597e-16,-1.1537442659922e-06,-1.1537594531741e-06,-39.252918661692,-39.252942455337,-14.274995176554,7.7025471771662e-05,-2.2761671479505e-05,28.531802097015,-6.8028767691528,329.01611285586,100001347.1852,-3.1332653606488e-13,0.0088816559497652,-0.012072581232696,-319.41515907778,-2.5322183864221e-06,-809.7003194115,706.40646366994
122.97500000003,15.596070576811,5.1986729477021,2.9380893341349e-20,0.0048094808898489,1.7303397386523,7.1970369999651,-2.2562183814132e-16,-22.489445232247,-1.0607559661402e-15,18.511318194244,7.4275652485759e-16,-7.4278397907189e-16,-38.884510838953,-38.884487238832,1.0447026600048e-06,1.0447458476599e-06,-7.4276777236578e-16,7.4273541082935e-16,-1.0447159023078e-06,-1.0447297064851e-06,-38.884619615311,-38.88464327778,-14.141052507139,7.6085961740245e-05,-2.2489445232246e-05,28.460133016227,-6.7832767065207,329.01611345098,100001347.75045,-3.1359021605964e-13,0.0088863681316322,-0.012072581232696,-318.97684127694,-2.4801703998049e-06,-808.62662554117,705.47152686777
123.07500000003,15.266588074897,5.0888456792559,2.7411897648928e-20,0.0048221202987252,1.7303424773351,7.1920690361722,-2.1078773547529e-16,-22.22211773065,-9.4922501570206e-16,18.3382306288,6.6466101219208e-16,-6.6468588563412e-16,-38.520925857904,-38.520902387823,9.4737119180073e-07,9.47410450823e-07,-6.6467138612541e-16,6.6464205916676e-16,-9.4738322080921e-07,-9.473957863717e-07,-38.521034647117,-38.521058179375,-14.008824328054,7.5163579266412e-05,-2.222211773065e-05,28.389260003729,-6.7639157277012,329.016114039,100001348.30897,-3.1389552940234e-13,0.0088910234869512,-0.012072581232696,-318.54372342641,-2.4296375299493e-06,-807.56557213031,704.54759245302
123.17500000003,14.945633629807,4.9818610919723,2.5593421110963e-20,0.0048346099687912,1.7303451832141,7.1871565203854,-1.9706908934164e-16,-21.959562566746,-8.5056254986837e-16,18.167347536031,5.9557618614835e-16,-5.9559875425e-16,-38.161971560416,-38.161948219424,8.6038460240051e-07,8.6042034301668e-07,-5.9558576478668e-16,5.9555914914066e-16,-8.6039554547627e-07,-8.6040700045505e-07,-38.162080360145,-38.162103763146,-13.878280306085,7.4257878828227e-05,-2.1959562566746e-05,28.319165431179,-6.7447891403454,329.01611462005,100001348.86087,-3.1415920936655e-13,0.0088956230453201,-0.012072581232696,-318.11571279213,-2.3805377093967e-06,-806.51693545207,703.63446576967
123.27500000003,14.632936810291,4.8776290422173,2.3912651464318e-20,0.0048469525615807,1.7303478568785,7.1822985196775,-1.8437233655684e-16,-21.701657744975,-7.6320762587987e-16,17.998630208727,5.3440905384946e-16,-5.344295603708e-16,-37.807566638641,-37.8075434258,7.8255503602569e-07,7.8258762194632e-07,-5.34417907726e-16,5.34393717249e-16,-7.825650060348e-07,-7.8257546404761e-07,-37.807675446581,-37.80769872126,-13.749390867944,7.3368430531128e-05,-2.1701657744974e-05,28.249833158728,-6.7258910113167,329.01611519425,100001349.40627,-3.1449921714878e-13,0.0089001678096829,-0.012072581232697,-317.69271901229,-2.3328331500666e-06,-805.48049746963,702.73195711088
123.37500000003,14.328237651703,4.7760628752304,2.2357971953342e-20,0.0048591506709364,1.7303504989026,7.1774941239653,-1.726125285231e-16,-21.448285486616,-6.8579395589292e-16,17.832040900331,4.8020292235386e-16,-4.8022158318761e-16,-37.457631802661,-37.457608717053,7.1283731608428e-07,7.1286707004119e-07,-4.8021111507533e-16,4.801890962908e-16,-7.1284641312732e-07,-7.128559750855e-07,-37.457740616544,-37.457763763821,-13.622127174371,7.2494819412978e-05,-2.1448285486615e-05,28.181246651964,-6.7072166767484,329.01611576173,100001349.94529,-3.1475595818928e-13,0.0089046587572588,-0.012072581232697,-317.27465401516,-2.2864617474139e-06,-804.45604563966,701.83988154803
123.47500000003,14.031286168692,4.6770792626716,2.0918840408152e-20,0.0048712068253384,1.7303531098459,7.1727424452406,-1.6171247051484e-16,-21.199332045111,-6.171252452507e-16,17.667542792515,4.3212013019024e-16,-4.3213713669716e-16,-37.112089712387,-37.112066753107,6.5031134605088e-07,6.5033855465619e-07,-4.3212771916617e-16,4.3210764735876e-16,-6.5031965898075e-07,-6.5032841458794e-07,-37.112198529977,-37.112221550755,-13.496461095355,7.1636644787884e-05,-2.1199332045111e-05,28.113390281075,-6.6887603572491,329.0161163226,100001350.47803,-3.1508208815419e-13,0.0089090968404313,-0.012072581232697,-316.86143194049,-2.241388043294e-06,-803.44337272465,700.9580587675
123.57500000003,13.741841894326,4.5805980490091,1.9585681468475e-20,0.0048831234901295,1.730355690254,7.1680426168326,-1.5160195347696e-16,-20.954687530816,-5.5615368452243e-16,17.505099964151,3.8942698720174e-16,-3.8944250913583e-16,-36.770864912378,-36.770842078535,5.9416671600366e-07,5.9419163401482e-07,-3.8943402429332e-16,3.8941570008307e-16,-5.9417432375746e-07,-5.9418235282583e-07,-36.77097373147,-36.77099662664,-13.372365186421,7.0793519623621e-05,-2.0954687530816e-05,28.046248857655,-6.6705184243994,329.01611687698,100001351.00461,-3.1535964584755e-13,0.0089134829875975,-0.012072581232698,-316.45296906419,-2.197539323258e-06,-802.44227661306,700.08631291439
123.67500000003,13.459673444603,4.4865421063428,1.834979042807e-20,0.0048949030696448,1.7303582406586,7.1633937927035,-1.4221706771607e-16,-20.714245745291,-5.019611897723e-16,17.344677361597,3.5148063873644e-16,-3.514948268112e-16,-36.433883769422,-36.433861060142,5.4368923571984e-07,5.4371208978459e-07,-3.5148717083409e-16,3.5147041717064e-16,-5.4369620848803e-07,-5.4370358209459e-07,-36.433992587844,-36.434015358282,-13.249812665927,6.9965069953037e-05,-2.0714245745291e-05,27.979807589119,-6.6524846495819,329.01611742497,100001351.52514,-3.1565108131512e-13,0.0089178181039834,-0.012072581232698,-316.04918372686,-2.1549057088597e-06,-801.45256014776,699.22447244317
123.77500000003,13.184558106122,4.3948371969769,1.7203247360405e-20,0.0049065479092513,1.7303607615786,7.1587951467727,-1.3349958914525e-16,-20.477904023829,-4.5374303783146e-16,17.186240770248,3.1771760685025e-16,-3.1773059499084e-16,-36.101074412778,-36.101051827202,4.9824915074727e-07,4.9827014269331e-07,-3.1772367638799e-16,3.1770833591239e-16,-4.9825555100036e-07,-4.9826233250329e-07,-36.101183228391,-36.101205874957,-13.128777393321,6.9150934314781e-05,-2.0477904023828e-05,27.914052950975,-6.6346556179661,329.0161179667,100001352.03971,-3.1597721123805e-13,0.0089221030724217,-0.012072581232698,-315.64999626443,-2.1134119511502e-06,-800.47403096114,698.3723699744
123.87500000003,12.916281446163,4.3054118434342,1.6138840353596e-20,0.0049180602972993,1.73036325352,7.1542458722705,-1.2539642989935e-16,-20.245563086523,-4.1079358889808e-16,17.029756787273,2.8764379308421e-16,-2.8765570040455e-16,-35.772366676908,-35.772344214189,4.5729082885326e-07,4.5731013857909e-07,-2.8764943849786e-16,2.8763537122622e-16,-4.572967122438e-07,-4.5730295817609e-07,-35.772475487601,-35.772498011143,-13.009233848312,6.8350763224439e-05,-2.0245563086523e-05,27.84897094703,-6.6170268960081,329.01611850226,100001352.54842,-3.162894633597e-13,0.0089263387540972,-0.012072581232698,-315.25532894272,-2.0730540005902e-06,-799.50650131784,697.52984215784
123.97500000003,12.654636943059,4.2181972052567,1.5149996821103e-20,0.004929442466993,1.7303657169765,7.1497451811174,-1.1785914609399e-16,-20.01712689648,-3.7249382846045e-16,16.875192795472,2.6082575515536e-16,-2.6083668769455e-16,-35.447692046559,-35.447669705861,4.2032373128057e-07,4.2034151929676e-07,-2.6083101129111e-16,2.608180925801e-16,-4.2032914743574e-07,-4.2033490829129e-07,-35.447800850248,-35.447823251602,-12.891157110891,6.7564218671125e-05,-2.001712689648e-05,27.784547507531,-6.5995940446113,329.01611903175,100001353.05138,-3.165808987862e-13,0.00893052598926,-0.012072581232699,-314.86510589396,-2.0337505406589e-06,-798.54978796342,696.69672954102
124.07500000003,12.399425636251,4.133126962345,1.4230721981278e-20,0.004940696598183,1.73036815243,7.1452923033292,-1.1084349637868e-16,-19.792502525487,-3.3830049508191e-16,16.722516938212,2.3688309408898e-16,-2.3689314633685e-16,-35.12698360412,-35.126961384622,3.8691450682199e-07,3.8693091648635e-07,-2.3688799256776e-16,2.3687611132684e-16,-3.8691950004058e-07,-3.8692482096595e-07,-35.127092398753,-35.127114678739,-12.774522842178,6.6790973640592e-05,-1.9792502525487e-05,27.720770555259,-6.5823524368033,329.01611955529,100001353.54869,-3.1680988415456e-13,0.0089346655979107,-0.012072581232699,-314.47925305638,-1.9954858206945e-06,-797.60371197974,695.87287644329
124.17500000003,12.150455794519,4.050137204382,1.3375543706587e-20,0.0049518248190848,1.7303705603507,7.1408864864479,-1.0430904568134e-16,-19.571600026462,-3.0773659067011e-16,16.571698095383,2.1548180938421e-16,-2.1549106562227e-16,-34.810175979105,-34.810153879998,3.5668006729728e-07,3.5669522678151e-07,-2.1548637892694e-16,2.1547543604681e-16,-3.566846771627e-07,-3.5668959856621e-07,-34.810284762657,-34.810306922084,-12.659307266052,6.6030711662483e-05,-1.9571600026462e-05,27.657626883314,-6.5652986471582,329.01612007297,100001354.04042,-3.1712213623684e-13,0.0089387583804559,-0.012072581232699,-314.09769811623,-1.9582176104736e-06,-796.66809864622,695.05813083525
124.27500000003,11.907542601201,3.969166325901,1.2579463037487e-20,0.0049628292079268,1.7303729411979,7.1365269949932,-9.8218809194535e-17,-19.354332311913,-2.803830960505e-16,16.422705860321,1.9632849814966e-16,-1.9633703363011e-16,-34.49720529969,-34.497183320174,3.2928152096565e-07,3.2929554498661e-07,-1.9633276486755e-16,1.963226718382e-16,-3.292857828854e-07,-3.2929034097363e-07,-34.497314070161,-34.497336109827,-12.545487151512,6.5283126378988e-05,-1.9354332311912e-05,27.595103954169,-6.5484285600147,329.01612058488,100001354.52669,-3.1737887715522e-13,0.0089428051183364,-0.012072581232699,-313.72037045201,-1.9219217575429e-06,-795.74277730653,694.25234422281
124.37500000003,11.670507855768,3.8901549268048,1.1837909739539e-20,0.0049737117945324,1.7303752954199,7.1322131099379,-9.2538932235555e-17,-19.140615038749,-2.5587173747859e-16,16.275510517652,1.7916529011995e-16,-1.7917317210292e-16,-34.188009146161,-34.18798728545,3.044188560675e-07,3.044318474121e-07,-1.7916927777403e-16,1.7915995546868e-16,-3.0442280174814e-07,-3.0442702899882e-07,-34.188117901576,-34.18813982227,-12.433039795752,6.4547921136091e-05,-1.9140615038749e-05,27.533190997012,-6.5317389088691,329.01612109113,100001355.00758,-3.1762867916686e-13,0.0089468065746321,-0.0120725812327,-313.34720108115,-1.8865653878004e-06,-794.82758124095,693.45537153616
124.47500000003,11.439179690348,3.8130457178847,1.1146702354055e-20,0.0049844745618375,1.7303776234549,7.1279441282035,-8.7238402110945e-17,-18.930366498453,-2.3387866959544e-16,16.130083022021,1.6376542437783e-16,-1.6377271304431e-16,-33.882526506242,-33.882504763559,2.8182628035413e-07,2.8183833122295e-07,-1.6376915461089e-16,1.6376053221567e-16,-2.818299382197e-07,-2.8183386379864e-07,-33.882635244654,-33.882657047152,-12.321943007904,6.3824808593878e-05,-1.8930366498453e-05,27.471875882226,-6.515225781687,329.01612159179,100001355.48317,-3.1791317563566e-13,0.0089507634946404,-0.0120725812327,-312.97812260862,-1.8521011490737e-06,-793.92234754361,692.66707102308
124.57500000003,11.213392300652,3.7377834311197,1.0502012257309e-20,0.0049951194473481,1.7303799257305,7.1237193621751,-8.2288788568092e-17,-18.723507512681,-2.1411895763429e-16,15.98639497764,1.4992938572244e-16,-1.4993613497817e-16,-33.580697732126,-33.580676106709,2.6126813438714e-07,2.6127932757911e-07,-1.4993287826658e-16,1.4992489233786e-16,-2.6127152994789e-07,-2.612751800769e-07,-33.580806451612,-33.580828136681,-12.212175093414,6.3113510356179e-05,-1.872350751268e-05,27.411147457339,-6.4988855426807,329.01612208697,100001355.95355,-3.1819073319835e-13,0.0089546766064315,-0.0120725812327,-312.61306917779,-1.8185032767622e-06,-793.02691700473,691.88730414639
124.67500000003,10.99298569033,3.6643147344671,9.9003312973316e-21,0.0050056483445409,1.7303822026648,7.1195381392361,-7.7664009791921e-17,-18.519961333898,-1.9634175675796e-16,15.844418618652,1.3748152917767e-16,-1.3748778736133e-16,-33.28246449923,-33.282442990325,2.4253530679521e-07,2.4254571675267e-07,-1.3748480204007e-16,1.3747739567386e-16,-2.4253846297276e-07,-2.4254186125442e-07,-33.282573197893,-33.282594766287,-12.103714839031,6.2413756618101e-05,-1.8519961333897e-05,27.350994905987,-6.48271470406,329.01612257676,100001356.4188,-3.1847522964254e-13,0.0089585466213844,-0.0120725812327,-312.25197642321,-1.785757416586e-06,-792.14113399745,691.11593548564
124.77500000003,10.777805427867,3.592588150828,9.3384426281814e-21,0.0050160631042085,1.7303844546664,7.11539980132,-7.3340121261561e-17,-18.319653550521,-1.8032609953261e-16,15.704126790228,1.2626713032558e-16,-1.2627294083308e-16,-32.987769766492,-32.987748373356,2.2544208875553e-07,2.2545178248666e-07,-1.2627019995488e-16,1.262633220546e-16,-2.2544502616979e-07,-2.2544819387431e-07,-32.987878442458,-32.987899894921,-11.996541498366,6.1725285829618e-05,-1.831965355052e-05,27.291407831922,-6.4667103138249,329.01612306123,100001356.87901,-3.186764593483e-13,0.0089623742346974,-0.012072581232701,-311.89478142491,-1.7538193464343e-06,-791.26484636897,690.35283264243
124.87500000003,10.567702415629,3.5225539810588,8.813394403936e-21,0.0050263655357522,1.7303866821345,7.1113037044804,-6.9295125077604e-17,-18.122511996821,-1.6587721397689e-16,15.565492930407,1.1614980715559e-16,-1.1615520899067e-16,-32.696557738221,-32.696536460119,2.0982341289292e-07,2.098324507865e-07,-1.1615268859111e-16,1.161462932216e-16,-2.098261501154e-07,-2.0982910643419e-07,-32.696666389641,-32.696687726904,-11.89063477802,6.1047844376052e-05,-1.8122511996821e-05,27.232376247063,-6.4508690030645,329.01612354047,100001357.33426,-3.1900258913267e-13,0.0089661601258821,-0.012072581232701,-311.54142266487,-1.7226729315791e-06,-790.39790533604,689.59786614946
124.97500000003,10.362532670044,3.4541642307069,8.3224760322596e-21,0.0050365574084258,1.7303888854597,7.1072492184765,-6.5508797633682e-17,-17.928466666898,-1.5282330458351e-16,15.428491052619,1.070092660932e-16,-1.0701429435329e-16,-32.408773827383,-32.408752663592,1.9553242870682e-07,1.9554086525218e-07,-1.0701197309868e-16,1.0700601891617e-16,-1.9553498248438e-07,-1.9553774475431e-07,-32.408882452429,-32.40890367522,-11.785974824224,6.0381186273048e-05,-1.7928466666898e-05,27.173889077858,-6.4351873514752,329.01612401456,100001357.78463,-3.1932178001198e-13,0.0089699049592383,-0.012072581232701,-311.19183998516,-1.6922960975268e-06,-789.54016538447,688.85090938314
125.07500000003,10.162157112394,3.3873725402623,7.863196720584e-21,0.005046640452532,1.7303910650235,7.1032357263741,-6.1962533738905e-17,-17.737449632488,-1.4101273738582e-16,15.293095728856,9.8739330946204e-17,-9.8744017251465e-17,-32.124364620254,-32.124343570056,1.8243837267371e-07,1.8244625709747e-07,-9.8741876129929e-17,9.8736325878519e-17,-1.8244075812636e-07,-1.8244334202824e-07,-32.124473217118,-32.124494326153,-11.68254220998,5.9725072875205e-05,-1.7737449632488e-05,27.115937484162,-6.4196626718066,329.01612448359,100001358.23018,-3.1957852083454e-13,0.0089736093843085,-0.012072581232701,-310.84597454709,-1.6626576814755e-06,-788.69148417216,688.11183847933
125.17500000003,9.966441369874,3.3221341188526,7.4332660798479e-21,0.0050566163605722,1.7303932211993,7.0992626241629,-5.8639205523155e-17,-17.549394965031,-1.303115776985e-16,15.159282073486,9.124621879798e-17,-9.1250591670394e-17,-31.84327784242,-31.843256905108,1.7042469644439e-07,1.7043207327393e-07,-9.1248613720681e-17,9.1243433787415e-17,-1.7042692724026e-07,-1.7042934697463e-07,-31.843386409319,-31.843407405304,-11.580317922696,5.9079272599778e-05,-1.7549394965031e-05,27.058511816658,-6.4042920731869,329.01612494764,100001358.671,-3.1986995611556e-13,0.0089772740363179,-0.012072581232702,-310.50376879288,-1.6337265449473e-06,-787.85172243628,687.38053225254
125.27500000003,9.7752555857581,3.2584056809648,7.0305765720309e-21,0.0050664867883554,1.7303953543523,7.0953293203864,-5.5523034603805e-17,-17.364238660615,-1.2060143574412e-16,15.027025727655,8.4447031486594e-17,-8.4451116685104e-17,-31.565462326004,-31.565441500879,1.5938742115707e-07,1.5939433071944e-07,-8.4449286758411e-17,8.4444446779858e-17,-1.5938950966727e-07,-1.5939177811017e-07,-31.565570861175,-31.565591744807,-11.479283352264,5.8443560660698e-05,-1.7364238660615e-05,27.001603148813,-6.3890725904158,329.01612540678,100001359.10716,-3.2018914696058e-13,0.0089808995365959,-0.012072581232702,-310.16516640769,-1.6054857226842e-06,-787.02074390347,686.65687211786
125.37500000003,9.588474238864,3.1961453862633,6.6531876168185e-21,0.0050762533560639,1.7303974648397,7.0914352357852,-5.2599476201512e-17,-17.181918568853,-1.117775811142e-16,14.896302844263,7.8268435325266e-17,-7.8272256142299e-17,-31.290867978116,-31.290847264491,1.4923368990492e-07,1.4924016876905e-07,-7.8270560693007e-17,7.8266033207114e-17,-1.4923564734076e-07,-1.492377761819e-07,-31.290976479818,-31.290997251788,-11.379420279584,5.781771881649e-05,-1.7181918568853e-05,26.945202235948,-6.3740011434054,329.01612586108,100001359.53872,-3.2044588774959e-13,0.0089844864929816,-0.012072581232702,-309.83011228408,-1.5779175319656e-06,-786.19841520355,685.94074201585
125.47500000003,9.4059759712872,3.1353127821729,6.2993111866241e-21,0.005085917649281,1.730399553011,7.0875798029556,-4.9855113986013e-17,-17.002374324646,-1.037472920088e-16,14.767090073482,7.2645505217916e-17,-7.2649082741887e-17,-31.019445750432,-31.019425147627,1.3988049390663e-07,1.3988657527543e-07,-7.264750964359e-17,7.2643269781424e-17,-1.3988233044116e-07,-1.3988433030658e-07,-31.019554216945,-31.019574877933,-11.280710865495,5.7201535128493e-05,-1.7002374324646e-05,26.889300344835,-6.3590751093721,329.01612631062,100001359.96577,-3.2070262852787e-13,0.0089880355002157,-0.012072581232703,-309.49855248672,-1.5510026339228e-06,-785.38460578635,685.23202834032
125.57500000003,9.2276434243993,3.0758687492051,5.9672987439314e-21,0.0050954812199794,1.7304016192083,7.0837624660179,-4.727756461226e-17,-16.825547283342,-9.6428409554615e-17,14.639364548815,6.7520712373402e-17,-6.7524065721285e-17,-30.751147609901,-30.751127117244,1.312535509916e-07,1.3125926504999e-07,-6.7522604104986e-17,6.7518629317573e-17,-1.3125527586754e-07,-1.3125715642856e-07,-30.751256039524,-30.751276590204,-11.183137640122,5.6594803731107e-05,-1.6825547283342e-05,26.833889518612,-6.3442927236147,329.01612675547,100001360.38837,-3.209801859767e-13,0.0089915471403187,-0.012072581232703,-309.17043421965,-1.524714128239e-06,-784.57918784178,684.53061986873
125.67500000003,9.0533630820325,3.017775448691,5.6556293835719e-21,0.0051049455874769,1.7304036637663,7.0799826802978,-4.4855390963099e-17,-16.651380458126,-8.9748071294705e-17,14.513103873627,6.284303747805e-17,-6.2846184001588e-17,-30.485926510465,-30.485906127292,1.2328631768893e-07,1.2329169191295e-07,-6.2844824113295e-17,6.2841093929387e-17,-1.2328793931439e-07,-1.2328970938447e-07,-30.486034901518,-30.486055342555,-11.086683492589,5.5997324610027e-05,-1.6651380458126e-05,26.778961430853,-6.3296503485154,329.01612719571,100001360.80659,-3.2128549899085e-13,0.0089950219829515,-0.012072581232703,-308.84570579333,-1.4990379865218e-06,-783.78203622235,683.83640769481
125.77500000003,8.8830251212882,2.9609962730508,5.3628990640339e-21,0.0051143122393535,1.7304056870128,7.0762399120196,-4.2578023271822e-17,-16.479818460892,-8.3641601249699e-17,14.388286108172,5.8567193501646e-17,-5.8570148970317e-17,-30.223736365799,-30.223716091452,1.1591911854715e-07,1.1592417797877e-07,-5.8568882045653e-17,5.856537785676e-17,-1.1592064458077e-07,-1.1592231220168e-07,-30.22384471662,-30.223865048671,-10.991331661102,5.540890339277e-05,-1.6479818460892e-05,26.724507602092,-6.3151459085781,329.0161276314,100001361.22048,-3.2153530084333e-13,0.0089984605857677,-0.012072581232703,-308.52431659409,-1.473959119158e-06,-782.99302836896,683.14928516405
125.87500000003,8.7165232698028,2.9054957982156,5.0878108188037e-21,0.0051235826323393,1.7304076892687,7.0725336380087,-4.0435687342867e-17,-16.31080744506,-7.8051536833175e-17,14.264889757084,5.4652944330518e-17,-5.4655723094011e-17,-29.964532023033,-29.964511856861,1.0909837835407e-07,1.0910314584563e-07,-5.4654541247734e-17,5.4651246117198e-17,-1.0909981578065e-07,-1.0910138829923e-07,-29.964640331979,-29.964660555693,-10.89706572339,5.4829351146177e-05,-1.6310807445059e-05,26.67052012337,-6.3007769843443,329.01612806261,100001361.63013,-3.2178510268604e-13,0.0090018634947496,-0.012072581232704,-308.20621705398,-1.4494424497813e-06,-782.21204423897,682.4691478111
125.97500000003,8.5537546697667,2.8512397382946,4.8291658526449e-21,0.0051327581931688,1.7304096708483,7.0688633454065,-3.8419339189403e-17,-16.144295051393,-7.2926775413884e-17,14.142893757284,5.1064507178927e-17,-5.1067122311545e-17,-29.708269237356,-29.70824917872,1.027759447119e-07,1.0278044114385e-07,-5.1066018440147e-17,5.1062916933421e-17,-1.0277729990979e-07,-1.0277878404631e-07,-29.708377502805,-29.708397618824,-10.803869587469,5.4258484184506e-05,-1.6144295051393e-05,26.616991935992,-6.2865408204018,329.01612848941,100001362.03558,-3.2211123235135e-13,0.0090052312445357,-0.012072581232704,-307.8913586217,-1.4254911183747e-06,-781.43896623706,681.79589329968
126.07500000003,8.3946197476581,2.7981949021665,4.5858554375651e-21,0.0051418403194065,1.7304116320592,7.065228531393,-3.6520605476293e-17,-15.980230355522,-6.8221825508741e-17,14.022277466317,4.7770028264316e-17,-4.7772491693406e-17,-29.454904647518,-29.454884695781,9.6908489982057e-08,9.6912734456974e-08,-4.7771459389185e-17,4.7768537422856e-17,-9.6909768783101e-08,-9.6911170692338e-08,-29.455012867864,-29.455032876823,-10.711727482729,5.3696123883665e-05,-1.5980230355522e-05,26.563915536617,-6.2724361898854,329.01612891186,100001362.4369,-3.2235756472646e-13,0.0090085643587313,-0.012072581232704,-307.57969373501,-1.4020777929025e-06,-780.67367914821,681.12942136422
126.17500000003,8.2390220902507,2.7463291521337,4.3568535310816e-21,0.0051508303802423,1.730413573203,7.061628702921,-3.4731729212276e-17,-15.818563818383,-6.3896149498801e-17,13.903020651099,4.4741122568165e-17,-4.4743445188457e-17,-29.204395752182,-29.204375906716,9.1456982977583e-08,9.1460992993241e-08,-4.4742478663662e-17,4.4739723371018e-17,-9.1458190720663e-08,-9.1459516046359e-08,-29.204503925837,-29.204523828366,-10.620623951333,5.314209650571e-05,-1.5818563818383e-05,26.511283570918,-6.2584601325024,329.01612933003,100001362.83416,-3.226975721597e-13,0.0090118633502164,-0.012072581232705,-307.27117579372,-1.3791938883816e-06,-779.91607007342,680.46963375403
126.27500000003,8.0868683256688,2.695611364283,4.141210047623e-21,0.0051597297172608,1.7304154945749,7.0580633764575,-3.3045520193756e-17,-15.659247238083,-5.9913586423888e-17,13.785103477034,4.1952469668987e-17,-4.1954661444471e-17,-28.956700887076,-28.956681147259,8.638622197399e-08,8.6390013577927e-08,-4.1953755464295e-17,4.1951155075507e-17,-8.6387363552733e-08,-8.6388617476315e-08,-28.956809012469,-28.956828809191,-10.530543839904,5.2596233028468e-05,-1.5659247238083e-05,26.459088262949,-6.2446101542709,329.01612974397,100001363.2274,-3.229820684316e-13,0.0090151287214317,-0.012072581232705,-306.96575913348,-1.3568141582104e-06,-779.16602836714,679.81643417884
126.37500000003,7.9380680099744,2.6460113906791,3.9380447216598e-21,0.005168539645183,1.7304173964642,7.0545320777358,-3.1455309758472e-17,-15.502233704283,-5.6241844863693e-17,13.6685064975,3.9381458650805e-17,-3.9383528705587e-17,-28.711779202894,-28.711759568109,8.1664421650572e-08,8.1668009578213e-08,-3.9382678528929e-17,3.9380222264176e-17,-8.1665501555999e-08,-8.1666688840149e-08,-28.711887278473,-28.711906970003,-10.441472291492,5.2058368984077e-05,-1.5502233704283e-05,26.407323648859,-6.2308846211694,329.01613015375,100001363.6167,-3.2329432026961e-13,0.0090183609646665,-0.012072581232705,-306.66339900078,-1.3349221266602e-06,-778.42344557733,679.1697282567
126.47500000003,7.7925335186461,2.5975000231911,3.7465415068578e-21,0.0051772614525833,1.7304192791546,7.051034341514,-2.9954909447582e-17,-15.34747755436,-5.2852057178622e-17,13.553210643709,3.700787597654e-17,-3.7009832675952e-17,-28.469590644011,-28.469571113651,7.7262847486172e-08,7.72662452844e-08,-3.7009034002998e-17,3.7006711977055e-17,-7.7263869844829e-08,-7.72649948725e-08,-28.46969866824,-28.469718255188,-10.353394737822,5.1528344303799e-05,-1.5347477554359e-05,26.355982688549,-6.217280986856,329.01613055943,100001364.0021,-3.2358575541639e-13,0.0090215605623295,-0.012072581232705,-306.36405152913,-1.3135265455977e-06,-777.68821538735,678.52942346334
126.57500000003,7.6501799426161,2.5500489588368,3.5659434600233e-21,0.0051858964025818,1.7304211429239,7.0475697113438,-2.8538573205763e-17,-15.194934331107,-4.9718387486531e-17,13.439197214891,3.4813630987982e-17,-3.4815482011058e-17,-28.230095927848,-28.230076501311,7.315549193087e-08,7.3158712068683e-08,-3.4814730936877e-17,3.4812534073834e-17,-7.3156460538955e-08,-7.315752734835e-08,-28.230203899209,-28.230223382176,-10.266296891799,5.100600316839e-05,-1.5194934331107e-05,26.305059014086,-6.2037975872618,329.01613096107,100001364.38366,-3.2390494612938e-13,0.0090247279872131,-0.012072581232706,-306.06767371509,-1.2925786130398e-06,-776.96023355977,677.89542908341
126.67500000003,7.5109249888464,2.5036307666467,3.3955480660343e-21,0.0051944457335142,1.7304229880444,7.0441377393436,-2.7200962803759e-17,-15.044560742324,-4.6817686714965e-17,13.326447868795,3.2782514368673e-17,-3.278426677296e-17,-27.993256524933,-27.993237201624,6.9318787372471e-08,6.9321841340174e-08,-3.2783559746381e-17,3.2781479703365e-17,-6.9319705726407e-08,-6.9320718042363e-08,-27.993364441925,-27.993383821508,-10.180164740248,5.0491193865081e-05,-1.5044560742324e-05,26.254546054206,-6.1904328987173,329.01613135873,100001364.76144,-3.2423801462068e-13,0.0090278637027442,-0.012072581232706,-305.77422339579,-1.2720942912305e-06,-776.23939788188,677.26765616305
126.77500000003,7.3746888852944,2.4582188559775,3.234702962403e-21,0.0052029106595785,1.7304248147834,7.0407379859832,-2.5937116183883e-17,-14.896314622242,-4.4129188908294e-17,13.214944612507,3.0899985494016e-17,-3.0901645773596e-17,-27.759034639603,-27.759015418931,6.5731351526903e-08,6.5734249925119e-08,-3.0900979560737e-17,3.0899008659608e-17,-6.5732222850754e-08,-6.5733184112944e-08,-27.75914250074,-27.759161777528,-10.094984536894,4.9983768651124e-05,-1.4896314622241e-05,26.204437465977,-6.1771841803355,329.01613175246,100001365.13549,-3.2448087748225e-13,0.0090309681632346,-0.012072581232706,-305.48365922696,-1.2520541799238e-06,-775.5256081135,676.64601746448
126.87500000003,7.2413942898096,2.41378744615,3.0828020272135e-21,0.0052112923714597,1.7304266234025,7.0373700198726,-2.4742418466307e-17,-14.75015489436,-4.1634243702075e-17,13.104669793588,2.9152985106154e-17,-2.9154559243649e-17,-27.527393191394,-27.527374072774,6.2373761416237e-08,6.2376514035869e-08,-2.9153930895546e-17,2.9152062061665e-17,-6.2374588686331e-08,-6.2375502074609e-08,-27.527500995205,-27.527520169785,-10.010742795598,4.9483583622307e-05,-1.475015489436e-05,26.154727433388,-6.16404991007,329.01613214231,100001365.50586,-3.2473067922836e-13,0.0090340418141176,-0.012072581232707,-305.1959406622,-1.2324347467946e-06,-774.81876593623,676.03042742186
126.97500000003,7.1109662027783,2.3703115373316,2.939281796679e-21,0.0052195920369362,1.7304284141584,7.034033417558,-2.361257537111e-17,-14.606041535568,-3.9316080516321e-17,12.995606091483,2.7529770198865e-17,-2.753126371209e-17,-27.298295796993,-27.298276779847,5.9228352565369e-08,5.9230968459492e-08,-2.7530670535933e-17,2.7528897243225e-17,-5.9229138532419e-08,-5.9230006989646e-08,-27.298403542025,-27.298422614974,-9.9274262837896,4.899049858606e-05,-1.4606041535568e-05,26.105409742679,-6.1510283349659,329.01613252835,100001365.87261,-3.2504986990472e-13,0.0090370850921766,-0.012072581232707,-304.91102793212,-1.2132290432433e-06,-774.11877490418,675.42080209844
127.07500000003,6.9833318835831,2.3277668826868,2.8036181830713e-21,0.0052278108014637,1.7304301873031,7.0307277633257,-2.2543588844286e-17,-14.463935541988,-3.7159600577261e-17,12.887736509199,2.6019768388331e-17,-2.6021186372183e-17,-27.071706752756,-27.071687836508,5.6279040458606e-08,5.6281528007183e-08,-2.6020625905739e-17,2.6018942127357e-17,-5.6279787667613e-08,-5.6280613920217e-08,-27.071814437569,-27.071833409462,-9.8450220161048,4.8504376940662e-05,-1.4463935541987e-05,26.056478314843,-6.1381176727309,329.01613291062,100001366.23578,-3.2532742720873e-13,0.0090400984257696,-0.012072581232707,-304.62888202464,-1.1944411838846e-06,-773.42554039664,674.81705914541
127.17500000003,6.8584207704662,2.2861299616626,2.6753234658508e-21,0.0052359497887426,1.7304319430835,7.027452649011,-2.1531734690314e-17,-14.323798895994,-3.5151193365032e-17,12.781044365266,2.4613449387287e-17,-2.4614796551408e-17,-26.847591017823,-26.847572201905,5.3511161655619e-08,5.3513528623838e-08,-2.4614266540259e-17,2.4612666704206e-17,-5.3511872463805e-08,-5.3512659040334e-08,-26.847698640993,-26.8477175124,-9.7635172482493,4.8025085558608e-05,-1.4323798895994e-05,26.007928039132,-6.1253161778685,329.01613328918,100001366.59543,-3.2557722892775e-13,0.0090430822350429,-0.012072581232707,-304.34946466576,-1.1760382958469e-06,-772.73896957205,674.21911776182
127.27500000003,6.7361644037119,2.2453779543887,2.5539435315501e-21,0.005244010101265,1.7304336817417,7.0242076738133,-2.0573542033552e-17,-14.185594534613,-3.3278574509695e-17,12.675513285937,2.3302211497564e-17,-2.3303492200238e-17,-26.625914197734,-26.625895481585,5.0911332280779e-08,5.0913585871658e-08,-2.3302990577495e-17,2.3301469526686e-17,-5.0912008873745e-08,-5.0912758121622e-08,-26.626021757855,-26.626040529335,-9.6828994710362,4.7552494674868e-05,-1.4185594534613e-05,25.959753247881,-6.1126219697636,329.01613366408,100001366.9516,-3.2584784731998e-13,0.0090460369321388,-0.012072581232708,-304.07273830112,-1.1580142692328e-06,-772.05897132349,673.62689865593
127.37500000003,6.6164963519534,2.2054887171111,2.4390553402484e-21,0.0052519928208461,1.7304354035156,7.0209924441177,-1.9665774447138e-17,-14.049286319017,-3.1530642529543e-17,12.571127197644,2.2078281296269e-17,-2.2079499574949e-17,-26.406642528578,-26.406623911638,4.846732187545e-08,4.8469468777362e-08,-2.2079024443163e-17,2.2077577399446e-17,-4.8467966281767e-08,-4.8468680382436e-08,-26.406750024254,-26.406768696368,-9.6031564046201,4.7086477779052e-05,-1.4049286319017e-05,25.911948110025,-6.1000336440242,329.01613403537,100001367.30434,-3.2618785464264e-13,0.0090489629213984,-0.012072581232708,-303.79866607785,-1.1403694975781e-06,-771.38545623562,673.04032400772
127.47500000003,6.499352141653,2.166440758682,2.3302645992008e-21,0.005259899009137,1.7304371086383,7.0178065733216,-1.8805412608175e-17,-13.914839005528,-2.9897352130282e-17,12.467870319692,2.0934624918111e-17,-2.0935784516957e-17,-26.189742861653,-26.18972434337,4.6167940844108e-08,4.6169987273747e-08,-2.0935334131973e-17,2.0933956663658e-17,-4.6168554948505e-08,-4.616923593114e-08,-26.189850291505,-26.189868864805,-9.5242759929184,4.6626911512873e-05,-1.3914839005528e-05,25.864507293773,-6.0875493071674,329.0161344031,100001367.6537,-3.264584730178e-13,0.0090518605995573,-0.012072581232708,-303.52721182773,-1.1230859129796e-06,-770.71833654314,672.45931743271
127.57500000003,6.3846691891975,2.1282132179282,2.2272036244256e-21,0.0052677297081228,1.7304387973386,7.0146496816669,-1.7989638338572e-17,-13.782218217269,-2.8369602066775e-17,12.365727157178,1.9864869534624e-17,-1.9865973929373e-17,-25.975182648585,-25.97516422841,4.4002939937203e-08,4.4004891678467e-08,-1.986554668589e-17,1.986423467844e-17,-4.4003525492489e-08,-4.4004175246414e-08,-25.975290011248,-25.975308486284,-9.4462463981985,4.6173675569976e-05,-1.3782218217269e-05,25.817426704343,-6.0751679002796,329.01613476732,100001367.99972,-3.2665276355139e-13,0.009054730355933,-0.012072581232709,-303.2583400498,-1.1061475736718e-06,-770.05752609018,671.88380394673
127.67500000003,6.2723867358954,2.0907858419844,2.1295293749238e-21,0.0052754859406042,1.7304404698412,7.0115213960769,-1.7215819920335e-17,-13.651390417225,-2.6939135816808e-17,12.264682494125,1.8863233804556e-17,-1.8864286224997e-17,-25.762929926909,-25.7629116043,4.1962920399316e-08,4.196478283855e-08,-1.8863880643659e-17,1.8862630273178e-17,-4.1963479037184e-08,-4.1964099323142e-08,-25.763037221032,-25.763055598347,-9.3690559958318,4.5726652600716e-05,-1.3651390417225e-05,25.770700322232,-6.0628875183247,329.01613512807,100001368.34246,-3.2688868744037e-13,0.0090575725726085,-0.012072581232709,-302.99201589425,-1.0895610543114e-06,-769.40294029126,671.31370993186
127.77500000003,6.1624457855093,2.0541389654678,2.0369216440599e-21,0.0052831687106648,1.7304421263665,7.0084213499992,-1.6481498571963e-17,-13.522322882155,-2.5598453532938e-17,12.164721386825,1.7924466221312e-17,-1.7925469671625e-17,-25.552953306083,-25.552935080505,4.0039253574097e-08,4.004103173206e-08,-1.7925084387452e-17,1.7923892096703e-17,-4.003978681492e-08,-4.0040379275298e-08,-25.553060530332,-25.553078810464,-9.2926933692084,4.5285728119972e-05,-1.3522322882155e-05,25.724323521703,-6.0507067043883,329.0161354854,100001368.68195,-3.2722869472957e-13,0.00906038762461,-0.012072581232709,-302.72820514656,-1.073309299834e-06,-768.75449609329,670.74896310352
127.87500000003,6.0547890443268,2.0182534905038,1.9490813947651e-21,0.0052907790041234,1.730443767131,7.0053491832521,-1.5784375988494e-17,-13.394983677622,-2.4340733927486e-17,12.065829157389,1.7043790415732e-17,-1.7044747692909e-17,-25.345221953946,-25.345203824864,3.8224008900674e-08,3.8225707461567e-08,-1.7044381444929e-17,1.7043243921597e-17,-3.822451816239e-08,-3.8225084330526e-08,-25.345329106998,-25.345347290481,-9.2171473048086,4.4850790418906e-05,-1.3394983677621e-05,25.678291285102,-6.0386239286999,329.01613583936,100001369.01823,-3.2751319085956e-13,0.0090631758800782,-0.012072581232709,-302.46687421227,-1.05738262336e-06,-768.11211193885,670.18949247836
127.97500000003,5.949360863567,1.9831108675268,1.8657292262138e-21,0.0052983177889725,1.7304453923471,7.0023045418767,-1.5122302854766e-17,-13.269341633857,-2.3159764911202e-17,11.967991387491,1.6216856588307e-17,-1.621777029886e-17,-25.139705583567,-25.139687550454,3.6509889361821e-08,3.6511512699693e-08,-1.6217421920804e-17,1.6216336077778e-17,-3.6510375968014e-08,-3.6510917276664e-08,-25.139812664114,-25.139830751478,-9.1424067874224,4.44217304797e-05,-1.3269341633857e-05,25.632598704096,-6.0266376691017,329.01613618999,100001369.35135,-3.278531981322e-13,0.009065937700435,-0.01207258123271,-302.20799010205,-1.041771441188e-06,-767.47570773055,669.63522834339
128.07500000003,5.8461071840473,1.9486930768373,1.7866039608564e-21,0.0053057860158041,1.7304470022233,6.9992870779928,-1.4493268250487e-17,-13.145366322527,-2.2049881950817e-17,11.871193912303,1.5439698346259e-17,-1.5440570921395e-17,-24.936374440511,-24.936356502841,3.489017355459e-08,3.4891725757353e-08,-1.5440239333325e-17,1.5439202290796e-17,-3.4890638741834e-08,-3.4891156530886e-08,-24.936481447256,-24.936499439027,-9.068460995515,4.3998441893467e-05,-1.3145366322527e-05,25.587241257097,-6.0147465948293,329.01613653734,100001369.68136,-3.281376942458e-13,0.0090686734405443,-0.01207258123271,-301.95152041737,-1.0264701108756e-06,-766.84520479641,669.08610222581
128.17500000003,5.7449754830328,1.9149826108847,1.711461341586e-21,0.0053131846182217,1.7304485969647,6.9962964496593,-1.3895389872079e-17,-13.023028034387,-2.100591323718e-17,11.775422814599,1.4708694309499e-17,-1.4709528018904e-17,-24.735199290454,-24.735181447706,3.3358663651041e-08,3.336014854237e-08,-1.4709212219694e-17,1.4708221288875e-17,-3.3359108575594e-08,-3.3359604099105e-08,-24.735306222116,-24.735324118813,-8.9952992967238,4.3580820781332e-05,-1.3023028034387e-05,25.542214314134,-6.0029493686507,329.01613688145,100001370.00829,-3.2840137366973e-13,0.0090713834488689,-0.01207258123271,-301.69743333625,-1.011466116135e-06,-766.22052585632,668.54204686384
128.27500000003,5.6459147232013,1.8819624572542,1.640072830094e-21,0.0053205145132401,1.7304501767722,6.993332320739,-1.3326905005805e-17,-12.902297757857,-2.0023130866609e-17,11.680664419056,1.4020533927107e-17,-1.4021330891498e-17,-24.536151407208,-24.536133658864,3.190963860198e-08,3.1911059761289e-08,-1.4021029952053e-17,1.4020082620362e-17,-3.1910064345889e-08,-3.1910538778509e-08,-24.536258262517,-24.536276064657,-8.922911243502,4.3168765718735e-05,-1.2902297757857e-05,25.497513802329,-5.9912448188005,329.01613722236,100001370.33218,-3.2871362534308e-13,0.0090740680676245,-0.01207258123271,-301.4456976005,-9.9675188145135e-07,-765.60159498977,668.00299617865
128.37500000003,5.5488753034068,1.8496160822568,1.5722244974273e-21,0.0053277766016744,1.7304517418436,6.9903943607664,-1.2786162185833e-17,-12.78314715801,-1.9097207334786e-17,11.586905286705,1.3372187013738e-17,-1.3372949216296e-17,-24.339202561066,-24.339184906612,3.0537812011617e-08,3.0539172792293e-08,-1.3372662273435e-17,1.3371756191e-17,-3.053821958829e-08,-3.0538674031128e-08,-24.339309338765,-24.339327046861,-8.8512865688794,4.2762177661271e-05,-1.278314715801e-05,25.453135247374,-5.9796315075138,329.01613756012,100001370.65308,-3.2903975479637e-13,0.0090767276329234,-0.012072581232711,-301.19628250177,-9.8233825780366e-07,-764.98833760397,667.46888524659
128.47500000003,5.4538090115554,1.8179274152194,1.5077159996653e-21,0.0053349717685156,1.7304532923729,6.9874822448206,-1.227161348544e-17,-12.665548556805,-1.8224176727411e-17,11.494132209544,1.2760876574759e-17,-1.2761605871558e-17,-24.144325007489,-24.14430744642,2.923829417715e-08,2.9239597723229e-08,-1.2761332122494e-17,1.2760465089836e-17,-2.9238684536442e-08,-2.9239120022443e-08,-24.144431706336,-24.144449320897,-8.7804151823481,4.2360959874831e-05,-1.2665548556804e-05,25.409074459215,-5.9681080670086,329.01613789477,100001370.97102,-3.2931037309055e-13,0.0090793624749191,-0.012072581232711,-300.9491578691,-9.6820314716005e-07,-764.38068040332,666.93965027277
128.57500000003,5.3606689790928,1.786880833315,1.4463596314253e-21,0.0053421008832968,1.7304548285508,6.9845956534012,-1.1781807387548e-17,-12.549474913611,-1.7400400066364e-17,11.402332205316,1.2184054541141e-17,-1.2184752670662e-17,-23.951491476132,-23.951474007944,2.8006557845135e-08,2.8007807106563e-08,-1.2184491368012e-17,1.2183661324805e-17,-2.8006931878006e-08,-2.8007349376873e-08,-23.951598094898,-23.951615616426,-8.710287165869,4.1965017866905e-05,-1.2549474913611e-05,25.365327095207,-5.956673065748,329.01613822634,100001371.28604,-3.2953935801381e-13,0.0090819729179449,-0.012072581232711,-300.70429405653,-9.5431889796665e-07,-763.77855135975,666.41522856509
128.67500000003,5.2694096373562,1.756461147014,1.3879794509427e-21,0.0053491648004477,1.7304563505646,6.9817342723076,-1.1315382188564e-17,-12.434899806743,-1.6622534335068e-17,11.311492512431,1.1639380080563e-17,-1.1640048672395e-17,-23.760675160188,-23.760657784381,2.6838407287835e-08,2.6839605034451e-08,-1.1639799119665e-17,1.1639004134452e-17,-2.6838765830612e-08,-2.6839166253324e-08,-23.760781697655,-23.760799126651,-8.6408927699974,4.1574259321322e-05,-1.2434899806743e-05,25.321888998449,-5.94532576708,329.01613855488,100001371.59818,-3.2979609850524e-13,0.0090845592806479,-0.012072581232712,-300.46166193112,-9.4071926955963e-07,-763.1818796838,665.89555850917
128.77500000003,5.1799866754831,1.7266535860518,1.3324104708324e-21,0.0053561643596392,1.7304578585984,6.9788977925224,-1.0871059891998e-17,-12.321797415426,-1.5887504763832e-17,11.22160058504,1.1124700191211e-17,-1.1125340774013e-17,-23.571849706023,-23.571832422099,2.5729950347718e-08,2.5731099182076e-08,-1.1125102321501e-17,1.1124340582292e-17,-2.5730294186005e-08,-2.5730678388956e-08,-23.571956160986,-23.571973497947,-8.5722224101127,4.1188594034644e-05,-1.2321797415426e-05,25.278756223629,-5.9340649108975,329.01613888042,100001371.90748,-3.3012222792822e-13,0.0090871218761208,-0.012072581232712,-300.22123286121,-9.2736869824306e-07,-762.59059579661,665.38057954401
128.87500000003,5.0923569999413,1.6974437859412,1.2794979092731e-21,0.005363100386118,1.7304593528331,6.9760859100972,-1.0447640553113e-17,-12.210142502521,-1.5192480006038e-17,11.132644088243,1.0638032319783e-17,-1.0638646328573e-17,-23.384989203128,-23.384972010594,2.4677573138078e-08,2.467867550722e-08,-1.063841836966e-17,1.0637688175315e-17,-2.4677903010342e-08,-2.467827179915e-08,-23.385095574392,-23.385112819813,-8.504266662763,4.0807933855151e-05,-1.2210142502521e-05,25.235925341902,-5.9228890059918,329.01613920301,100001372.21397,-3.3041366287391e-13,0.009089661012027,-0.012072581232712,-299.98297870516,-9.1427760720754e-07,-762.00463130265,664.8702321382
128.97500000003,5.006478695574,1.6688177749848,1.2290964967559e-21,0.005369973691031,1.7304608334464,6.9732983260428,-1.0043997038658e-17,-12.099910397836,-1.4534849879859e-17,11.04461089344,1.0177548775915e-17,-1.0178137558762e-17,-23.200068174337,-23.200051072704,2.3677917122714e-08,2.3678975328996e-08,-1.0177919526534e-17,1.0177219278853e-17,-2.3678233723581e-08,-2.367858785659e-08,-23.200174460722,-23.200191615091,-8.4370162621086,4.0432192623953e-05,-1.2099910397836e-05,25.193391766152,-5.9117967870594,329.01613952268,100001372.51769,-3.3067040334273e-13,0.009092176990725,-0.012072581232712,-299.7468718003,-9.0142602112009e-07,-761.42391896341,664.36445776706
129.07500000003,4.9223109880456,1.6407619617592,1.1810698339374e-21,0.0053767850717418,1.730462300613,6.9705347462212,-9.6590701687229e-18,-11.991076981942,-1.3912205388734e-17,10.957489073804,9.741562742227e-18,-9.7421275663816e-18,-23.017061566331,-23.017044555115,2.2727858328609e-08,2.2728874539649e-08,-9.7419189305656e-18,9.7412471270399e-18,-2.2728162311894e-08,-2.27285025034e-08,-23.017167766669,-23.017184830472,-8.3704620964662,4.0061286117893e-05,-1.1991076981942e-05,25.151152214506,-5.9007872879141,329.01613983946,100001372.81867,-3.3092714380453e-13,0.009094670109389,-0.012072581232713,-299.51288495228,-8.8882522646776e-07,-760.84839267153,663.86319889018
129.17500000003,4.839814207711,1.613263123071,1.1352897965786e-21,0.0053835353121368,1.7304637545047,6.9677948812413,-9.2918642109858e-18,-11.883618670627,-1.3322320767597e-17,10.87126689989,9.3285157028242e-18,-9.3290577603634e-18,-22.835944740408,-22.835927819127,2.1824488472789e-08,2.1825464730633e-08,-9.3288580245281e-18,9.3282132516729e-18,-2.1824780454284e-08,-2.1825107377504e-08,-22.836050853542,-22.836067827261,-8.3045952049524,3.9695131994662e-05,-1.1883618670627e-05,25.109202875268,-5.8898596564333,329.01614015341,100001373.11695,-3.3111449531994e-13,0.0090971406601213,-0.012072581232713,-299.28099142462,-8.7645389180771e-07,-760.27798742592,663.36639892969
129.27500000003,4.7589497547987,1.586308392351,1.0916359838244e-21,0.0053902251829233,1.7304651952903,6.9650784463579,-8.9414426995742e-18,-11.777512399862,-1.2763137331511e-17,10.785932835356,8.9369661338776e-18,-8.9374865468891e-18,-22.656693463493,-22.656676631668,2.0965097808692e-08,2.0966036038267e-08,-8.9372952459009e-18,8.9366761731198e-18,-2.0965378368736e-08,-2.0965692658551e-08,-22.65679948828,-22.656816372392,-8.2394067742141,3.9333649739777e-05,-1.1777512399861e-05,25.067539974013,-5.8790122668517,329.01614046454,100001373.41256,-3.3139205244877e-13,0.0090995889300694,-0.012072581232713,-299.05116492868,-8.6430971139466e-07,-759.71263930748,662.87400224925
129.37500000003,4.6796800658856,1.5598852484782,1.0499952064451e-21,0.0053968554419195,1.7304666231357,6.9623851613725,-8.6069245535216e-18,-11.672735611311,-1.2232748929473e-17,10.701475532811,8.5655793181629e-18,-8.5660791435183e-18,-22.479283899423,-22.47926715658,2.0147159518724e-08,2.0148061535633e-08,-8.5658958412168e-18,8.5653012151555e-18,-2.0147429204571e-08,-2.014773146006e-08,-22.479389834728,-22.47940662971,-8.1748881352581,3.8976760615451e-05,-1.167273561131e-05,25.026159988493,-5.8682446538491,329.0161407729,100001373.70554,-3.3168348735859e-13,0.0091020152015338,-0.012072581232714,-298.82337961384,-8.5239030784664e-07,-759.15228545558,662.38595413346
129.47500000003,4.6019685815195,1.5339815049878,1.0102610118962e-21,0.0054034268343362,1.7304680382042,6.9597147505373,-8.2874804714622e-18,-11.569266238197,-1.1729388829001e-17,10.617883829772,8.2131181614492e-18,-8.2135983952052e-18,-22.303692600447,-22.303675946112,1.9368315498502e-08,1.9369183016227e-08,-8.2134226822784e-18,8.2128513216192e-18,-1.9368574826515e-08,-1.9368865613292e-08,-22.303798445148,-22.303815151472,-8.1110307603597,3.8624387610739e-05,-1.1569266238196e-05,24.985059899528,-5.8575555035305,329.01614107852,100001373.99591,-3.3194022779166e-13,0.0091044197520751,-0.012072581232714,-298.59761005775,-8.406760214054e-07,-758.59686404488,661.90220076783
129.57500000003,4.5257797151005,1.5085852997001,9.7233324340382e-22,0.0054099400930501,1.7304694406562,6.9570669424617,-7.9823295818578e-18,-11.467082691863,-1.1251417877266e-17,10.535146744728,7.8784349027529e-18,-7.8788964842138e-18,-22.129896498964,-22.12987993267,1.8626363395021e-08,1.8627198031575e-08,-7.8787279762528e-18,7.8781787669114e-18,-1.8626612852688e-08,-1.8626892705066e-08,-22.130002251952,-22.130018870086,-8.0478262600577,3.8276455394135e-05,-1.1467082691863e-05,24.944236005048,-5.8469441570748,329.01614138144,100001374.28372,-3.3216227374794e-13,0.0091068028546172,-0.012072581232714,-298.37383125741,-8.2918278089607e-07,-758.04631426328,661.4226892195
129.67500000003,4.4510788228326,1.4836850847021,9.3611763040933e-22,0.0054163959388706,1.7304708306495,6.954441470022,-7.6907363289096e-18,-11.366163848645,-1.0797313802391e-17,10.453253473328,7.5604636229421e-18,-7.5609074384049e-18,-21.957872899508,-21.957856420789,1.7919244775656e-08,1.7920048059743e-08,-7.5607457741247e-18,7.5602176648166e-18,-1.7919484823464e-08,-1.7919754246458e-08,-21.957978559684,-21.957995090094,-7.9852663802388,3.7932890267264e-05,-1.1366163848645e-05,24.90368480163,-5.8364092157116,329.01614168169,100001374.56899,-3.3237738080369e-13,0.0091091647775501,-0.012072581232714,-298.15201862009,-8.1790089051642e-07,-757.50057629022,660.94736741836
129.77500000003,4.3778321747269,1.4592696166819,9.01525407909e-22,0.0054227950807988,1.7304722083393,6.9518380702723,-7.4120075757899e-18,-11.26648903714,-1.0365661533809e-17,10.372193384651,7.25821346691e-18,-7.2586403531297e-18,-21.787599470925,-21.787583079318,1.7245034318248e-08,1.7245807694964e-08,-7.2584851927358e-18,7.2579771908773e-18,-1.7245265391409e-08,-1.7245524862597e-08,-21.7877050372,-21.787721480349,-7.9233429992919,3.7593620119997e-05,-1.1266489037139e-05,24.863403380658,-5.8259498253197,329.01614197929,100001374.85176,-3.326202434284e-13,0.0091115057848255,-0.012072581232715,-297.93214795429,-8.0681876947234e-07,-756.95959127538,660.47618413862
129.87500000003,4.3060069266462,1.4353279476126,8.6847296261035e-22,0.0054291382162795,1.7304735738783,6.9492564843583,-7.1454899097783e-18,-11.168038025953,-9.9551444346212e-18,10.291956017586,6.9707625043404e-18,-6.9711732517349e-18,-21.619054238753,-21.619037933799,1.660192992389e-08,1.6602674760009e-08,-6.9710242754247e-18,6.9705354433393e-18,-1.660215243395e-08,-1.6602402405191e-08,-21.619159710051,-21.619176066399,-7.8620481253377,3.7258574387253e-05,-1.1168038025953e-05,24.823387813306,-5.8155646283723,329.0161422743,100001375.13205,-3.3296025056124e-13,0.0091138261360532,-0.012072581232715,-297.71419546136,-7.9593302828967e-07,-756.4233013182,660.00908898089
129.97500000003,4.2355710933822,1.4118494157756,8.3688150381887e-22,0.0054354260314466,1.7304749274165,6.9466964574342,-6.8905671337347e-18,-11.070791011931,-9.5645363508688e-18,10.212531077299,6.6972521624844e-18,-6.6976475181003e-18,-21.452215577819,-21.452199359062,1.5988243664486e-08,1.5988961253362e-08,-6.6975044246857e-18,6.6970338760935e-18,-1.5988458000808e-08,-1.5988698899842e-08,-21.452320953074,-21.452337223078,-7.8013738935348,3.6927684007486e-05,-1.107079101193e-05,24.783635983226,-5.8052534411953,329.01614256673,100001375.40989,-3.3332801326249e-13,0.0091161260865942,-0.012072581232715,-297.49813772718,-7.8525910898463e-07,-755.89164944798,659.5460323549
130.07500000003,4.1664935226128,1.3888236370809,8.0667675716817e-22,0.0054416592013614,1.7304762691017,6.94415773858,-6.6466579298081e-18,-10.974728608624,-9.1926943932794e-18,10.133908431811,6.4368821718329e-18,-6.4372628420957e-18,-21.28706220503,-21.287046072017,1.5402393486275e-08,1.5403085052394e-08,-6.4371253477355e-18,6.4366722444984e-18,-1.5402600017422e-08,-1.5402832249354e-08,-21.287167483189,-21.287183667301,-7.7413125634581,3.6600881382038e-05,-1.0974728608624e-05,24.744144111587,-5.7950147396877,329.01614285661,100001375.68532,-3.335569980791e-13,0.0091184058876506,-0.012072581232716,-297.28395171402,-7.7475230951932e-07,-755.36457960428,659.08696546252
130.17500000003,4.0987438698158,1.3662404967045,7.777886795252e-22,0.0054478383902451,1.7304775990792,6.941640080723,-6.4132136829604e-18,-10.87983183525,-8.8385523764975e-18,10.056078108646,6.1889059721653e-18,-6.189272625428e-18,-21.123573172353,-21.123557124634,1.4842895598661e-08,1.484356230187e-08,-6.1891404624606e-18,6.1887040115646e-18,-1.4843094673675e-08,-1.4843318622358e-08,-21.123678352372,-21.123694451043,-7.6818565165456,3.6278100336203e-05,-1.087983183525e-05,24.704909202335,-5.7848478314,329.01614314399,100001375.95837,-3.3384843293448e-13,0.0091206657863536,-0.012072581232716,-297.07161475277,-7.6443252472422e-07,-754.84203661813,658.6318402813
130.27500000003,4.0322925740375,1.3440901410124,7.5015119346495e-22,0.0054539642517049,1.7304789174919,6.9391432405599,-6.1897164522868e-18,-10.786082105959,-8.5011148490855e-18,9.9790302915862,5.9526265322642e-18,-5.9529798011744e-18,-20.961727859981,-20.961711897108,1.4308357484934e-08,1.4309000424371e-08,-5.9528527170412e-18,5.9524321677952e-18,-1.430854943453e-08,-1.4308765463846e-08,-20.961832940828,-20.961848954504,-7.6229982536123,3.5959276081421e-05,-1.0786082105959e-05,24.665928827564,-5.7747518898351,329.01614342888,100001376.22906,-3.3408435663191e-13,0.0091229060258489,-0.012072581232716,-296.86110453521,-7.5430363996068e-07,-754.32396619352,658.18060954842
130.37500000003,3.9671108344926,1.3223629697582,7.2370193987953e-22,0.005460037428954,1.7304802244805,6.9366669784812,-5.9756770794132e-18,-10.693461219426,-8.1794516549254e-18,9.9027553174948,5.7273925417269e-18,-5.7277330254256e-18,-20.801505969671,-20.801490091201,1.379747147789e-08,1.3798091695642e-08,-5.7276107816775e-18,5.7272054231093e-18,-1.3797656615563e-08,-1.3797865070619e-08,-20.801610950325,-20.801626879451,-7.5647303924275,3.5644345178576e-05,-1.0693461219426e-05,24.627199654228,-5.7647261805406,329.01614371132,100001376.49742,-3.3443824151893e-13,0.0091251268453812,-0.012072581232716,-296.65239910653,-7.4434472669189e-07,-753.81031488941,657.73322674507
130.47500000003,3.9031705879714,1.3010496285551,6.9838204737858e-22,0.0054660585550263,1.7304815201835,6.9342110584979,-5.7706334239123e-18,-10.601951348803,-7.8726929731349e-18,9.8272436732315,5.5125949378384e-18,-5.5129232040029e-18,-20.64288751826,-20.642871723752,1.3309008849134e-08,1.3309607333648e-08,-5.5128055753828e-18,5.51241473382e-18,-1.3309187472192e-08,-1.3309388680436e-08,-20.642992397709,-20.643008242727,-7.5070456653561,3.5333245502593e-05,-1.0601951348803e-05,24.588718758896,-5.754769394165,329.01614399134,100001376.76348,-3.3474355414214e-13,0.0091273284803733,-0.012072581232717,-296.44547685812,-7.3456156166296e-07,-753.30103010228,657.28964608121
130.57500000003,3.8404444870389,1.2801410016075,6.7413591726838e-22,0.005472028252985,1.730482804737,6.93177524817,-5.5741487166711e-18,-10.511535032018,-7.5800247893345e-18,9.7524859926421,5.3076637344825e-18,-5.3079803212282e-18,-20.48585283134,-20.485837120356,1.2841814365938e-08,1.2842392055194e-08,-5.3078670948222e-18,5.30749013164e-18,-1.2841986756462e-08,-1.2842181028721e-08,-20.485957608585,-20.485973369934,-7.4499369170585,3.5025916208252e-05,-1.0511535032018e-05,24.550483159312,-5.7448810368043,329.01614426897,100001377.02727,-3.3500723339546e-13,0.0091295111625065,-0.012072581232717,-296.24031652043,-7.2494674735491e-07,-752.79606004911,656.8498224808
130.67500000003,3.7789058789568,1.259628204684,6.5091102295027e-22,0.0054779471361257,1.7304840782752,6.9293593185366,-5.3858100224992e-18,-10.422195162326,-7.3006847561799e-18,9.6784730536257,5.1120651236237e-18,-5.1123705412738e-18,-20.330382537104,-20.330366909206,1.2394801274112e-08,1.2395359058584e-08,-5.1122615157259e-18,5.1118978252502e-18,-1.2394967699855e-08,-1.2395155331303e-08,-20.330487211153,-20.33050288927,-7.3933971022507,3.4722297696903e-05,-1.0422195162326e-05,24.512490577383,-5.7350604601258,329.01614454424,100001377.28881,-3.3527785153633e-13,0.0091316751197973,-0.012072581232717,-296.03689715616,-7.1549983669797e-07,-752.29535375078,656.41371156737
130.77500000003,3.7185287853175,1.2395025783297,6.2865772271722e-22,0.0054838158081752,1.73048534093,6.9269630440475,-5.2052268043368e-18,-10.333914979162,-7.0339584055658e-18,9.6051957752826,4.9252988230329e-18,-4.9255935557679e-18,-20.176457560344,-20.1764420151,1.1966946669421e-08,1.1967485394842e-08,-4.9254885405526e-18,4.9251375481058e-18,-1.196710738464e-08,-1.1967288655706e-08,-20.176562130219,-20.176577725537,-7.3374192835246,3.442233158423e-05,-1.0333914979162e-05,24.474737942669,-5.725306335677,329.01614481717,100001377.54813,-3.3549295851989e-13,0.0091338205766717,-0.012072581232717,-295.83519815342,-7.0620624363462e-07,-751.7988610158,655.98126964983
130.87500000003,3.6592878823585,1.2197556813057,6.0732908496531e-22,0.0054896348634842,1.7304865928313,6.9245862024971,-5.0320295816638e-18,-10.246678059281,-6.7791756788716e-18,9.5326452151192,4.7468956467113e-18,-4.7471801541082e-18,-20.024059116591,-20.024043653569,1.1557287223704e-08,1.1557807693644e-08,-4.7470789688544e-18,4.7467401289337e-18,-1.1557442469944e-08,-1.1557617647156e-08,-20.024163581322,-20.024179094272,-7.2819966292126,3.4125960669058e-05,-1.0246678059281e-05,24.43722289971,-5.7156181768607,329.01614508779,100001377.80527,-3.357635766484e-13,0.0091359477540385,-0.012072581232718,-295.6351992193,-6.9707542634902e-07,-751.30653242466,655.55245370887
130.97500000003,3.6011584819986,1.2003792842664,5.8688072495919e-22,0.0054954048872152,1.7304878341069,6.92222857496,-4.8658686766669e-18,-10.160468308303,-6.5357077451826e-18,9.4608125663429,4.5764152769601e-18,-4.5766899954265e-18,-19.873168706426,-19.873153325198,1.1164915235162e-08,1.1165418213444e-08,-4.5765924692919e-18,4.5762652638691e-18,-1.1165065241984e-08,-1.1165234578759e-08,-19.873273065054,-19.873288496063,-7.2271224113209,3.3833128903535e-05,-1.0160468308303e-05,24.399942611658,-5.7059953972782,329.01614535612,100001378.06023,-3.3606195034658e-13,0.0091380568693611,-0.012072581232718,-295.43688037343,-6.8810309214268e-07,-750.81831931448,655.12722138362
131.07500000003,3.5441165134114,1.1813653636162,5.672706522856e-22,0.0055011264555266,1.7304890648828,6.9198899457275,-4.7064130416179e-18,-10.075269952266,-6.3029640805082e-18,9.3896891552085,4.4134442192031e-18,-4.4137095633179e-18,-19.723768109906,-19.723752810046,1.0788974975142e-08,1.0789461188092e-08,-4.4136155344064e-18,4.4132994713402e-18,-1.0789119960806e-08,-1.0789283698191e-08,-19.723872361482,-19.723887710977,-7.172790003502,3.3543781363418e-05,-1.0075269952266e-05,24.362894694998,-5.6964372639967,329.01614562221,100001378.31305,-3.3634644625023e-13,0.0091401481367261,-0.012072581232718,-295.24022194177,-6.7928260856499e-07,-750.33417376394,654.70553095853
131.17500000003,3.4881385052805,1.1627060955966,5.4845912828046e-22,0.0055068001357507,1.7304902852829,6.9175701022461,-4.553349162121e-18,-9.991067529653,-6.0803897838408e-18,9.3192664384378,4.257593922649e-18,-4.2578502864137e-18,-19.575839381147,-19.575824162232,1.0428659306406e-08,1.0429129444964e-08,-4.2577596012343e-18,4.2574542127878e-18,-1.0428799478507e-08,-1.0428957845868e-08,-19.575943524731,-19.575958793136,-7.1189928790834,3.325786421998e-05,-9.991067529653e-06,24.326076404456,-5.6869425465287,329.01614588607,100001378.56376,-3.3662400325424e-13,0.0091422217669109,-0.012072581232719,-295.04520455057,-6.7060889805839e-07,-749.85404857875,654.2873413507
131.27500000003,3.4332015686062,1.1443938505554,5.3040853270298e-22,0.0055124264865685,1.7304914954292,6.9152688350576,-4.4063800307397e-18,-9.9078458835528,-5.8674631083464e-18,9.2495360007012,4.1084990515931e-18,-4.1087468096028e-18,-19.42936484303,-19.42934970464,1.0083206550187e-08,1.0083661271886e-08,-4.1086593225662e-18,4.1083641640188e-18,-1.0083342106254e-08,-1.0083495321928e-08,-19.429468877696,-19.429484065431,-7.0657246091431,3.2975324712405e-05,-9.9078458835528e-06,24.289485301623,-5.6775106269839,329.01614614772,100001378.81238,-3.3687380467636e-13,0.0091442779674496,-0.012072581232719,-294.85180912039,-6.6207768666289e-07,-749.37789727736,653.87261209752
131.37500000003,3.3792833801085,1.1264211874111,5.130832390146e-22,0.0055180060581796,1.7304926954419,6.9129859377401,-4.2652241861655e-18,-9.8255901541213,-5.6636931881949e-18,9.1804895521598,3.9658158937074e-18,-3.9660554022454e-18,-19.284327082044,-19.28431202376,9.7518975814778e-09,9.7523375122892e-09,-3.9659709751952e-18,3.9656856235453e-18,-9.752028709532e-09,-9.7521769814328e-09,-19.284431006871,-19.284446114355,-7.0129788606324,3.2696111121241e-05,-9.8255901541213e-06,24.253118964196,-5.6681411927903,329.0161464072,100001379.05893,-3.3718605613735e-13,0.0091463169426971,-0.012072581232719,-294.66001686043,-6.5368912171418e-07,-748.90567407713,653.46130334454
131.47500000003,3.3263621661433,1.1087808482961,4.9644949766696e-22,0.0055235393924676,1.7304938854393,6.9107212068518,-4.1296148134412e-18,-9.7442857712324,-5.4686179434868e-18,9.1121189260731,3.8292208930368e-18,-3.8294524911003e-18,-19.140708943252,-19.140693964658,9.4340531338463e-09,9.4344788699162e-09,-3.8293709928749e-18,3.8290950456267e-18,-9.4341800129251e-09,-9.4343235391122e-09,-19.140812757332,-19.14082778498,-6.9607493945472,3.2420172742528e-05,-9.7442857712323e-06,24.216975030914,-5.6588332639883,329.01614666453,100001379.30343,-3.3740116307797e-13,0.0091483388938924,-0.012072581232719,-294.46980926285,-6.4543001921478e-07,-748.43733388076,653.05337583378
131.57500000003,3.274416687162,1.0914657533734,4.8047532683518e-22,0.0055290270231623,1.730495065538,6.9084744418742,-3.9992989009752e-18,-9.6639184473561,-5.2818021474822e-18,9.0444160764579,3.6984092966431e-18,-3.6986333069032e-18,-18.998493525381,-18.998478626065,9.1290312968112e-09,9.1294434060868e-09,-3.6985546129284e-18,3.6982876869531e-18,-9.12915409746e-09,-9.1292930666729e-09,-18.998597227815,-18.998612176041,-6.9090300641401,3.2147459862729e-05,-9.6639184473561e-06,24.181050907797,-5.649585874681,329.01614691973,100001379.54592,-3.3768565895211e-13,0.0091503440192186,-0.01207258123272,-294.28116809731,-6.3731734835917e-07,-747.97283226311,652.64879089214
131.67500000003,3.2234262226603,1.0744689958204,4.6513041009236e-22,0.005534469475997,1.7304962358527,6.906245445158,-3.8740364505472e-18,-9.5844741706386,-5.1028356418951e-18,8.9773730758057,3.5730939049275e-18,-3.5733106346272e-18,-18.857664176023,-18.857649355573,8.8362251903182e-09,8.8366242140748e-09,-3.5732346265373e-18,3.5729763570059e-18,-8.8363440750505e-09,-8.8364786672131e-09,-18.857767765923,-18.857782635138,-6.8578148131762,3.1877923734368e-05,-9.5844741706386e-06,24.145344658012,-5.6403986819274,329.01614717283,100001379.78641,-3.3797015481998e-13,0.0091523325138633,-0.01207258123272,-294.09407540559,-6.2933677345967e-07,-747.51212545824,652.24751042022
131.77500000003,3.173370556635,1.0577838369816,4.5038600054819e-22,0.0055398672688624,1.7304973964965,6.9040340218702,-3.7535997366974e-18,-9.5059391982374,-4.9313316874193e-18,8.9109821128601,3.4530039166387e-18,-3.4532136584383e-18,-18.718204486969,-18.718189744977,8.5550608022602e-09,8.5554472565332e-09,-3.4531402237188e-18,3.4528902631038e-18,-8.555175925991e-09,-8.5553063126803e-09,-18.718307963454,-18.718322754069,-6.807097674235,3.1611516552568e-05,-9.5059391982373e-06,24.10985407456,-5.631271243167,329.01614742385,100001380.02493,-3.3828934515112e-13,0.0091543045700765,-0.01207258123272,-293.90851349642,-6.214919180657e-07,-747.05517034692,651.84949688142
131.87500000003,3.1242299634845,1.0414037016681,4.3621483099998e-22,0.005545220911957,1.7304985475807,6.9018399799419,-3.6377726120758e-18,-9.42830004979,-4.7669254378625e-18,8.8452354904391,3.3378838604412e-18,-3.3380868932088e-18,-18.580098289631,-18.580083625691,8.284994976203e-09,8.285369353134e-09,-3.3380159248653e-18,3.3377739420012e-18,-8.2851064866541e-09,-8.285232831545e-09,-18.580201651833,-18.580216364252,-6.7568727670463,3.1348191432069e-05,-9.4283000497899e-06,24.074576403555,-5.6222023339044,329.01614767282,100001380.26149,-3.3858077990088e-13,0.0091562603772266,-0.01207258123272,-293.72446494032,-6.1377074201796e-07,-746.60192444427,651.45471329117
131.97500000002,3.0759851943646,1.0253221736107,4.2259102970184e-22,0.0055505309079334,1.7304996892151,6.8996631300177,-3.5263498557746e-18,-9.3515435010927,-4.6092725274173e-18,8.7801256233129,3.2274926056972e-18,-3.2276891952523e-18,-18.443329650588,-18.443315064296,8.0255135376264e-09,8.0258763067287e-09,-3.2276205914995e-18,3.2273862707025e-18,-8.0256215757095e-09,-8.0257440349893e-09,-18.443432897646,-18.443447532275,-6.7071342968696,3.1087902384987e-05,-9.3515435010926e-06,24.039509841883,-5.6131916481149,329.01614791976,100001380.49613,-3.3885833685723e-13,0.0091582001218573,-0.012072581232721,-293.54191256469,-6.0617435679658e-07,-746.15234588785,651.0631232066
132.07500000002,3.0286174640043,1.0095329910636,4.0949004136794e-22,0.0055557977520412,1.7305008215077,6.8975032854062,-3.4191365617346e-18,-9.2756565780198,-4.4580477615616e-18,8.7156450361341,3.1216024458161e-18,-3.1217928456265e-18,-18.307882867235,-18.30786835819,7.7761295479954e-09,7.7764811573433e-09,-3.1217265095973e-18,3.1214995498383e-18,-7.7762342481704e-09,-7.7763529709313e-09,-18.307985998299,-18.308000555541,-6.6578765529117,3.0830604299404e-05,-9.2756565780197e-06,24.004652037139,-5.6042386642668,329.01614816469,100001380.72886,-3.3912201602021e-13,0.0091601239877397,-0.012072581232721,-293.36083944894,-5.9869556057369e-07,-745.70639342593,650.67469071633
132.17500000002,2.9821084378835,0.99403004253109,3.9688855305089e-22,0.0055610219322668,1.730501944565,6.8953602620313,-3.3159475644945e-18,-9.2006265504748,-4.3129439029864e-18,8.65178636141,3.0199982481399e-18,-3.0201826999784e-18,-18.173742463526,-18.173728031329,7.5363816768902e-09,7.5367225542373e-09,-3.0201185394515e-18,3.0198986535789e-18,-7.5364831675027e-09,-7.5365982961098e-09,-18.173845477754,-18.17385995801,-6.6090939067783,3.0576252918102e-05,-9.2006265504747e-06,23.970001194277,-5.5953427648575,329.01614840763,100001380.9597,-3.393926340714e-13,0.0091620321559252,-0.012072581232721,-293.18122891969,-5.9132471136364e-07,-745.26402640601,650.28938043043
132.27500000002,2.9364402199205,0.97880736266325,3.847644245909e-22,0.0055662039294697,1.7305030584919,6.8932338783863,-3.2166068999923e-18,-9.1264409268193,-4.173670544749e-18,8.5885423375334,2.922476664909e-18,-2.922655399469e-18,-18.040893185838,-18.040878830089,7.3058326832694e-09,7.3061632371016e-09,-2.9225933266139e-18,2.9223802406222e-18,-7.3059310868679e-09,-7.3060427573073e-09,-18.040996082399,-18.041010486064,-6.5607808109693,3.0324804818937e-05,-9.1264409268193e-06,23.93555488658,-5.5865029041007,329.01614864862,100001381.18868,-3.3969100769271e-13,0.0091639248047999,-0.012072581232722,-293.00306454634,-5.840983736905e-07,-744.82520476393,649.907157471
132.37500000002,2.8915953403758,0.96385912822507,3.7309662329456e-22,0.0055713442175154,1.7305041633917,6.8911239554857,-3.1209472988024e-18,-9.0530874479618,-4.0399530635603e-18,8.5259058068483,2.8288454003358e-18,-2.8290186378119e-18,-17.909319998903,-17.909305719208,7.0840679976743e-09,7.0843886182023e-09,-2.8289585689496e-18,2.8287520212918e-18,-7.0841634313099e-09,-7.0842717735148e-09,-17.909422776975,-17.909437104446,-6.512931797401,3.0076217394083e-05,-9.0530874479617e-06,23.90131130257,-5.5777189799867,329.01614888766,100001381.41582,-3.3999632020233e-13,0.0091658021101293,-0.012072581232722,-292.82633013625,-5.7696474818377e-07,-744.38988901255,649.52798746237
132.47500000002,2.8475567443317,0.94917965425468,3.6186516261053e-22,0.0055764432634053,1.7305052593663,6.889030316822,-3.0288097100716e-18,-8.9805540821959,-3.9115316467671e-18,8.4638697137633,2.7389225292823e-18,-2.7390904799153e-18,-17.77900808185,-17.778993877817,6.8706943978813e-09,6.8710054579747e-09,-2.7390323352936e-18,2.7388320762349e-18,-6.8707869733897e-09,-6.8708921115479e-09,-17.77911074062,-17.779124992291,-6.4655414759642,2.9830448831836e-05,-8.9805540821959e-06,23.867268331004,-5.5689901940343,329.01614912479,100001381.64114,-3.4031551049423e-13,0.0091676642451128,-0.012072581232722,-292.65100973061,-5.699517195938e-07,-743.95804023155,649.15183652207
132.57500000002,2.8043077803858,0.93476339029393,3.5105104450164e-22,0.0055815015274039,1.7305063465161,6.8869527883205,-2.9400428538453e-18,-8.9088290197443,-3.7881603871688e-18,8.4024271029124,2.6525358634363e-18,-2.6526987280276e-18,-17.649942824342,-17.649928695578,6.6653387711284e-09,6.6656406271954e-09,-2.6526424316104e-18,2.6524482226184e-18,-6.6654285953946e-09,-6.665530648239e-09,-17.650045363007,-17.650059539268,-6.4186045331198,2.9587458097442e-05,-8.9088290197442e-06,23.833423742701,-5.5603159746932,329.01614936001,100001381.86465,-3.4062082299274e-13,0.0091695113804282,-0.012072581232722,-292.4770876,-5.6306639830174e-07,-743.52962005675,648.77867125168
132.67500000002,2.7618321897394,0.92060491675441,3.4063620528338e-22,0.0055865194631625,1.73050742494,6.8848911982967,-2.8545028000393e-18,-8.8379006676327,-3.6696064403283e-18,8.3415711173528,2.5695223612473e-18,-2.5696803316422e-18,-17.522109822785,-17.522095768901,6.4676469565919e-09,6.4679399494103e-09,-2.5696258109115e-18,2.5694374240828e-18,-6.4677341318011e-09,-6.4678332128842e-09,-17.52221224055,-17.522226341791,-6.3721157305216,2.9347204915077e-05,-8.8379006676327e-06,23.799775423516,-5.5516953188318,329.01614959336,100001382.08638,-3.409677688494e-13,0.00917134368428,-0.012072581232723,-292.30454824015,-5.5626188342929e-07,-743.1045906701,648.40845872809
132.77500000002,2.7201140956547,0.90669894139957,3.3060346471701e-22,0.0055914975178403,1.7305084947355,6.8828453774142,-2.7720525724594e-18,-8.7677576447445,-3.5556492395136e-18,8.2812949968083,2.4897275782154e-18,-2.4898808377591e-18,-17.395494876644,-17.395480897253,6.2772826623216e-09,6.2775671178218e-09,-2.4898280235293e-18,2.4896452410483e-18,-6.2773672861949e-09,-6.2774635041466e-09,-17.395597172723,-17.395611199333,-6.3260699036739,2.9109649750437e-05,-8.7677576447445e-06,23.766322193986,-5.5431283109034,329.01614982486,100001382.30635,-3.4124532576139e-13,0.0091731613224446,-0.012072581232723,-292.13337636797,-5.4957418202591e-07,-742.68291478974,648.0411664948
132.87500000002,2.6791379931745,0.89304029592041,3.209364781212e-22,0.0055964361322231,1.7305095559986,6.8808151586432,-2.6925617760475e-18,-8.6983887768796,-3.4460797638231e-18,8.2215920759458,2.413005154421e-18,-2.4131538783892e-18,-17.270083984819,-17.270070079536,6.0939264512882e-09,6.0942026812923e-09,-2.4131027046317e-18,2.4129253182609e-18,-6.0940086173059e-09,-6.0941020760772e-09,-17.270186158437,-17.270200110799,-6.2804619606154,2.8874753793382e-05,-8.6983887768796e-06,23.733061631166,-5.534614161919,329.01615005452,100001382.52458,-3.4152982156185e-13,0.0091749644583136,-0.012072581232723,-291.96355691736,-5.4298686578374e-07,-742.26455566025,647.67676255349
132.97500000002,2.6388887392211,0.87962393263362,3.1161969132619e-22,0.0056013357408382,1.7305106088241,6.8788003772209,-2.6159062460284e-18,-8.6297830921155,-3.340699855442e-18,8.1624557826987,2.3392163364565e-18,-2.3393606924605e-18,-17.145863342124,-17.145849510565,5.9172747916453e-09,5.9175430945637e-09,-2.3393110961394e-18,2.3391389067383e-18,-5.9173545892559e-09,-5.91744538835e-09,-17.145965392514,-17.145979271012,-6.2352868806376,2.864247894161e-05,-8.6297830921155e-06,23.699991887521,-5.5261519825165,329.01615028237,100001382.74108,-3.418143173573e-13,0.0091767532529394,-0.012072581232723,-291.79507503533,-5.3651507444155e-07,-741.84947704328,647.31521535585
133.07500000002,2.5993515429437,0.86644492126567,3.0263829828902e-22,0.0056061967720679,1.7305116533053,6.8768008706116,-2.5419677175716e-18,-8.5619298161618,-3.2393215823094e-18,8.1038796366198,2.2682295311559e-18,-2.2683696795248e-18,-17.022819335829,-17.022805577613,5.7470391666746e-09,5.7472998281665e-09,-2.2683216004422e-18,2.268154417514e-18,-5.7471166814947e-09,-5.7472049161839e-09,-17.022921262233,-17.022935067247,-6.1905397130269,2.8412787784335e-05,-8.5619298161617e-06,23.667110898657,-5.5177416970695,329.01615050842,100001382.95588,-3.4207799646563e-13,0.0091785278650769,-0.012072581232724,-291.62791607826,-5.301313125225e-07,-741.43764320823,646.95649379546
133.17500000002,2.5605119564028,0.85349844584574,2.9397820119737e-22,0.0056110196482597,1.7305126895344,6.8748164784684,-2.4706335146521e-18,-8.4948183679427,-3.1417666428351e-18,8.0458572472826,2.1999198887673e-18,-2.2000559829093e-18,-16.900938542298,-16.900924857046,5.5829452402305e-09,5.5831985338259e-09,-2.2000093635594e-18,2.1998470048223e-18,-5.5830205542319e-09,-5.5831063157629e-09,-16.901040343967,-16.901054075877,-6.1462155758428,2.8185643586749e-05,-8.4948183679426e-06,23.634417591619,-5.5093826607574,329.0161507327,100001383.16899,-3.4234861446226e-13,0.0091802884512256,-0.012072581232724,-291.46206560827,-5.2384919429864e-07,-741.02901892329,646.60056720002
133.27500000002,2.5223558654972,0.84077980168226,2.8562597287597e-22,0.0056158047858343,1.7305137176019,6.8728470425959,-2.4017962566688e-18,-8.4284383552102,-3.0478658094991e-18,7.9883823127081,2.1341689133529e-18,-2.1343011000964e-18,-16.780207723687,-16.780194111023,5.4247320738733e-09,5.424978261562e-09,-2.1342558855278e-18,2.1340981765108e-18,-5.4248052655605e-09,-5.4248886413494e-09,-16.780309399882,-16.780323059066,-6.1023096547164,2.796101027461e-05,-8.4284383552101e-06,23.601909581175,-5.5010743464606,329.01615095522,100001383.38043,-3.4260535466552e-13,0.00918203516567,-0.012072581232724,-291.29750938925,-5.1767266796783e-07,-740.62356944654,646.24740532354
133.37500000002,2.4848694811701,0.82828439243206,2.7756882139622e-22,0.0056205525953912,1.7305147375974,6.8708924069126,-2.3353535820907e-18,-8.3627795702943,-2.9574584085151e-18,7.9314486178244,2.07086409844e-18,-2.0709925183558e-18,-16.66061382471,-16.660600284258,5.2721513921156e-09,5.272390724902e-09,-2.0709486560424e-18,2.0707954297027e-18,-5.2722225366925e-09,-5.2723036105088e-09,-16.660715374699,-16.660728961532,-6.058817201673,2.7738852419306e-05,-8.3627795702943e-06,23.569585042107,-5.4928160487647,329.01615117601,100001383.59023,-3.4285515597015e-13,0.0091837681605182,-0.012072581232725,-291.13423338337,-5.1157167472019e-07,-740.22126051718,645.89697833886
133.47500000002,2.4480393309187,0.81600772726937,2.6979455672881e-22,0.0056252634818115,1.7305157496091,6.8689524174159,-2.2712078878934e-18,-8.2978319860814,-2.8703918329358e-18,7.8750500329689,2.0098985860898e-18,-2.0100233737958e-18,-16.542143969488,-16.542130500875,5.1249668925066e-09,5.1251996109367e-09,-2.0099808135142e-18,2.0098319098768e-18,-5.1250360620355e-09,-5.1251149141753e-09,-16.542245392548,-16.542258907405,-6.0157335339882,2.7519135223711e-05,-8.2978319860813e-06,23.53744281884,-5.4846077553243,329.01615139507,100001383.79839,-3.4316046842068e-13,0.0091854875857428,-0.012072581232725,-290.9722237477,-5.0557462838915e-07,-739.82205834736,645.54925683033
133.57500000002,2.4118522504936,0.80394541811989,2.6229155930358e-22,0.0056299378443594,1.730516753724,6.8670269221462,-2.2092660837392e-18,-8.2335857519134,-2.7865210867888e-18,7.8191805124161,1.9511708476943e-18,-1.9512921321432e-18,-16.42478545846,-16.424772061315,4.9829535975218e-09,4.9831799321813e-09,-1.9512508258579e-18,1.9511060916735e-18,-4.9830208610736e-09,-4.9830975685245e-09,-16.424886753879,-16.42490019713,-5.9730540330631,2.7301824507788e-05,-8.2335857519133e-06,23.505480768496,-5.4764483808426,329.01615161244,100001384.00494,-3.4345190307826e-13,0.0091871935892168,-0.012072581232725,-290.81146683062,-4.9965525676521e-07,-739.42592961361,645.20421178654
133.67500000002,2.3762953759124,0.79209317699789,2.5504875037506e-22,0.0056345760767802,1.7305177500277,6.8651157711524,-2.149439360136e-18,-8.1700311898043,-2.7057083580348e-18,7.7638340929419,1.8945843849543e-18,-1.8947022897057e-18,-16.308525765366,-16.308512439319,4.8458972454536e-09,4.8461174174391e-09,-1.89466219146e-18,1.8945214798826e-18,-4.8459626692493e-09,-4.8460373058461e-09,-16.30862693244,-16.308640304455,-5.9307741433272,2.7086886695277e-05,-8.1700311898042e-06,23.473697186667,-5.4683378522559,329.01615182813,100001384.20989,-3.4381966556359e-13,0.0091888863167526,-0.012072581232725,-290.65194916863,-4.9383999138367e-07,-739.03284144897,644.86181459336
133.77500000002,2.3413561356443,0.78044681340152,2.4805556406613e-22,0.005639178567397,1.7305187386049,6.8632188164587,-2.0916429695855e-18,-8.1071587905522,-2.627822618308e-18,7.7090048924162,1.8400474496112e-18,-1.840162093089e-18,-16.193352534292,-16.193339278976,4.7135937177038e-09,4.7138079390696e-09,-1.8401231589029e-18,1.8399863291837e-18,-4.7136573652492e-09,-4.713730001822e-09,-16.193453572324,-16.193466873472,-5.8888893711631,2.6874288800055e-05,-8.1071587905521e-06,23.442090463455,-5.4602756022774,329.01615204216,100001384.41327,-3.4413885578676e-13,0.0091905659121371,-0.012072581232726,-290.49365748294,-4.8811388623416e-07,-738.64276143499,644.52203702704
133.87500000002,2.3070222430795,0.76900223180224,2.4130192100016e-22,0.0056437456992051,1.7305197195389,6.861335912031,-2.0357960200434e-18,-8.0449592101292,-2.5527392475668e-18,7.6546871084275,1.7874727806213e-18,-1.7875842763577e-18,-16.079253576778,-16.079240391827,4.5858485000749e-09,4.5860569742553e-09,-1.7875464641305e-18,1.7874133813293e-18,-4.5859104322877e-09,-4.5859811368012e-09,-16.079354485081,-16.079367715728,-5.8473952838561,2.6663998413435e-05,-8.0449592101291e-06,23.410659348135,-5.4522609922904,329.01615225454,100001384.61508,-3.4437477927794e-13,0.0091922325171679,-0.012072581232726,-290.33657867635,-4.8246069119363e-07,-738.25565759397,644.18485124745
133.97500000002,2.2732816891838,0.75775542919641,2.3477820341133e-22,0.0056482778499644,1.7305206929121,6.8594669137447,-1.9818212798365e-18,-7.983423266052,-2.4803396819238e-18,7.6008750169353,1.7367773575602e-18,-1.7368858144266e-18,-15.96621686899,-15.966203754042,4.4624761758255e-09,4.4626790980354e-09,-1.7368490838456e-18,1.7367196185563e-18,-4.4625364511558e-09,-4.4626052888423e-09,-15.966317646886,-15.966330807397,-5.8062875085644,2.6455983691425e-05,-7.983423266052e-06,23.379401755402,-5.4442936734031,329.01615246529,100001384.81534,-3.4465927502125e-13,0.0091938862716869,-0.012072581232726,-290.18069983006,-4.7689541304543e-07,-737.87149838143,643.85022979147
