time,Dynamic_hardening_term,Dynamic_hardening_term_avg,Energy,Ep_eff,F_norm,Phi,Prager_term,Prager_term_avg,Static_hardening_term,Static_hardening_term_avg,backstress01,backstress02,backstress03,backstress04,backstress05,backstress06,backstress07,backstress08,backstress09,backstress10,backstress11,backstress12,backstress_avg,entropy_generation_rate,gamma_dot_average,phi_1,phi_2,slip_resistance_avg,ssd,strain_xx,strain_yy,strain_zz,stress_xx,stress_yy,stress_zz,vonmises
0,0,0,0,0,0,0,0,0,0,0,0,0,0,0,0,0,0,0,0,0,0,0,0,0,0,0,0,0,0,0,0,0,0,0,0,0
0.0165,-1.6866867068946e-294,-5.622289022982e-295,7.3179792513764e-173,0,1.7320544275189,0,2.6349274391222e-166,6.3131962797057e-146,2.9764820842272e-168,-7.1315495606263e-148,-2.0841332378791e-168,2.0841332384752e-168,1.498053647952e-147,1.498053647952e-147,-5.0124116227012e-158,-5.0124116218124e-158,2.0841332378792e-168,-2.0841332384752e-168,5.0124116227012e-158,5.0124116218124e-158,1.498053647952e-147,1.498053647952e-147,4.99351215984e-148,5.3221901508347e-154,6.3131962797058e-152,-1.3256457440644e-20,0,360.31469625632,100000000,-6.3826894749306e-42,-1.0230296879015e-05,1.6499863875603e-05,0.68029634769621,7.0843988242227e-10,1.7776071802764,1.5535091676386
0.1165,-1.3420872015773e-184,-4.4736240052576e-185,4.072553087875e-117,1.3323490122717e-112,1.7320763626565,0,2.0768112989979e-111,5.0261248545986e-91,2.9451885080003e-113,-7.1276478795472e-93,-2.0622214713328e-113,2.062221471322e-113,1.4972340606345e-92,1.4972340606345e-92,-5.0408884905097e-103,-5.0408884905261e-103,2.0622214713328e-113,-2.062221471322e-113,5.0408884905097e-103,5.0408884905261e-103,1.4972340606345e-92,1.4972340606345e-92,4.9937743484315e-93,2.9923226761162e-98,5.0261248545986e-97,-3.1725786661758e-20,0,360.31469625632,100000000,-1.2963165567101e-40,-7.2248969130949e-05,0.0001164932143878,4.8033622753103,1.4856211759131e-08,12.553645257296,10.971170953436
0.2165,-8.4690773491154e-156,-2.8230257830385e-156,1.8104570945454e-102,6.9734598898683e-99,1.7320982908083,0,4.9679968018737e-97,1.2143946123294e-76,7.6161343904589e-99,-1.8615514418722e-78,-5.3328185363901e-99,5.3328185363396e-99,3.9103758652167e-78,3.9103758652167e-78,-1.3246619455065e-88,-1.3246619455143e-88,5.3328185363902e-99,-5.3328185363395e-99,1.3246619455065e-88,1.3246619455143e-88,3.9103758652167e-78,3.9103758652167e-78,1.3124861891402e-78,1.3438755120093e-83,1.2143946123294e-82,-1.007582112205e-19,0,360.31469625632,100000000,-6.5837888738278e-40,-0.00013429695968673,0.00021647656722974,8.9265276798626,2.7579437382773e-08,23.334253393849,20.393048280452
0.3165,-1.3808544149444e-138,-4.6028480498147e-139,9.9653626062946e-94,1.0592175396712e-89,1.7321202119799,0,1.8705318564313e-88,4.6183355981576e-68,3.2332409659475e-90,-7.9810710833743e-70,-2.2639158491123e-90,2.2639158491291e-90,1.676504180385e-69,1.676504180385e-69,-5.7140529483185e-80,-5.7140529482922e-80,2.2639158491123e-90,-2.2639158491291e-90,5.7140529483185e-80,5.7140529482922e-80,1.676504180385e-69,1.676504180385e-69,5.6771434182248e-70,7.472959009961e-75,4.6183355981576e-74,9.7564887186699e-19,0,360.31469625632,100000000,-1.4575825319611e-39,-0.00019637426921051,0.00031644992439996,13.049793019449,4.0351614901008e-08,34.119433588568,29.819143147987
0.4165,-2.9248944430565e-126,-9.7496481435217e-127,1.7762605853377e-87,1.5447275914063e-84,1.7321421261624,0,2.5335654090618e-82,6.3182080358404e-62,4.9570061382923e-84,-1.2357057007613e-63,-3.4708965025881e-84,3.4708965025815e-84,2.5957239967046e-63,2.5957239967046e-63,-8.9011078438139e-74,-8.9011078438244e-74,3.4708965025881e-84,-3.4708965025814e-84,8.9011078438139e-74,8.9011078438244e-74,2.5957239967046e-63,2.5957239967046e-63,8.8620288685961e-64,1.3456571445039e-68,6.3182080358404e-68,5.7499859969687e-19,0,360.31469625632,100000000,-1.8270692613971e-39,-0.00025848092378349,0.0004164132878969,17.173158751667,5.312883619231e-08,44.909187841285,39.249457557635
0.5165,-1.1963839132419e-116,-3.9879463774751e-117,1.3157595534902e-82,1.3488101248476e-76,1.7321640333466,0,1.5133569237312e-77,3.8119233194738e-57,3.3278355468917e-79,-8.3777073095688e-59,-2.3301509900651e-79,2.3301509900586e-79,1.7598216053724e-58,1.7598216053722e-58,-6.0715049897231e-69,-6.0715049897326e-69,2.3301509900643e-79,-2.3301509900594e-79,6.0715049897235e-69,6.0715049897322e-69,1.7598216053722e-58,1.7598216053725e-58,6.0496923159292e-59,1.007006050749e-63,3.8119233194738e-63,-3.1419045623035e-16,0,360.31469625632,100000000,-3.0106114654324e-34,-0.00032061694952391,0.00051636665971896,21.296625334583,6.5924416793134e-08,55.703518153991,48.683993512793
0.6165,-9.0953141643049e-109,-3.0317713881037e-109,1.2849239498743e-78,1.6342496731855e-72,1.7321859335236,0,1.2381526832462e-73,3.1500507028637e-53,3.0315896975407e-75,-7.7072409237273e-55,-2.1227195982621e-75,2.1227195982627e-75,1.6189834037161e-54,1.6189834037165e-54,-5.6196577243586e-65,-5.61965772436e-65,2.1227195982632e-75,-2.1227195982616e-75,5.6196577243591e-65,5.6196577243594e-65,1.6189834037165e-54,1.6189834037162e-54,5.5973442005105e-55,9.9348275986163e-60,3.1500507028637e-59,7.1417438169484e-16,0,360.31469625632,100000000,-9.1148185010341e-34,-0.00038278237258721,0.00061631004186308,25.420193226649,7.8727481360569e-08,66.502426530702,58.122753018618
0.7165,-4.3532387346484e-102,-1.4510795782176e-102,3.0796386837831e-75,3.7037437574603e-69,1.7322078266842,0,2.5533368536432e-70,6.5613253641114e-50,6.8980684312016e-72,-1.7710045830821e-51,-4.8300286351197e-72,4.8300286350986e-72,3.7201730895578e-51,3.720173089549e-51,-1.2991778622146e-61,-1.2991778622132e-61,4.8300286350968e-72,-4.8300286351215e-72,1.2991778622135e-61,1.2991778622143e-61,3.720173089551e-51,3.7201730895558e-51,1.29228252747e-51,2.4055234655837e-56,6.5613253641114e-56,-2.358301506947e-16,0,360.31469625632,100000000,-9.5665415688869e-34,-0.00044497721916783,0.00071624343632571,29.543862886794,9.155891882108e-08,77.305914977634,67.565738082126
0.8165,-2.7310364866083e-96,-9.1034549553665e-97,2.6310071905345e-72,1.8048780415321e-66,1.7322297128193,0,1.9141900491634e-67,4.9683044449061e-47,5.6593060617675e-69,-1.4672971578978e-48,-3.9626470229852e-69,3.9626470229801e-69,3.082205124332e-48,3.0822051243301e-48,-1.0829379601169e-58,-1.0829379601167e-58,3.9626470229794e-69,-3.9626470229859e-69,1.0829379601168e-58,1.0829379601168e-58,3.0822051243303e-48,3.0822051243318e-48,1.0749228026771e-48,2.0761481686664e-53,4.9683044449061e-53,-5.6592846175246e-17,0,360.31469625632,100000000,-1.1327354117835e-33,-0.00050720151549528,0.00081616684510277,33.667634774322,1.0440068814451e-07,88.113985503027,77.012950712103
0.9165,-3.6126791905894e-91,-1.2042263968627e-91,1.0203354285868e-69,6.5322915971485e-64,1.7322515919199,0,6.6133933715011e-65,1.7337511175473e-44,2.1243421677561e-66,-5.5621336216084e-46,-1.4874647306553e-66,1.4874647306532e-66,1.1683820593852e-45,1.1683820593837e-45,-4.1301161396455e-56,-4.1301161396399e-56,1.4874647306534e-66,-1.4874647306551e-66,4.1301161396396e-56,4.1301161396458e-56,1.1683820593847e-45,1.1683820593842e-45,4.0884453839085e-46,8.1340214263327e-51,1.7337511175473e-50,-3.5487122178378e-16,0,360.31469625632,100000000,-1.6744043838744e-33,-0.00056945528783831,0.00091608027018965,37.791509348996,1.1726419332313e-07,98.926640117274,86.464392919161
1.0165,-1.3958623988408e-86,-4.652874662803e-87,2.1197764130766e-67,5.3142932378653e-62,1.7322734639768,0,1.2387713849421e-62,3.2801400097767e-42,4.2960612469035e-64,-1.1359232831271e-43,-3.0081027823561e-64,3.0081027823554e-64,2.3861210016367e-43,2.3861210016363e-43,-8.4860206119856e-54,-8.4860206119847e-54,3.0081027823555e-64,-3.008102782356e-64,8.4860206119846e-54,8.4860206119857e-54,2.3861210016365e-43,2.3861210016365e-43,8.3736153007979e-44,1.7071748114905e-48,3.2801400097767e-48,1.9149551006009e-16,0,360.31469625632,100000000,-6.9388939039072e-18,-0.00063173856250122,0.0010159837135818,41.915487070999,1.3014068298209e-07,109.74388083289,95.920066715744
1.1165,-1.9889472762578e-82,-6.6298242541949e-83,2.6558149235324e-65,1.3391938064018e-59,1.732295328981,0,1.413000091026e-60,3.7790426350404e-40,5.2613896949497e-62,-1.4048833115992e-41,-3.6840259183558e-62,3.684025918353e-62,2.9510985684069e-41,2.9510985684049e-41,-1.0559139653444e-51,-1.0559139653437e-51,3.6840259183528e-62,-3.684025918356e-62,1.0559139653437e-51,1.0559139653443e-51,2.951098568406e-41,2.9510985684058e-41,1.0382023338121e-41,2.1607817208256e-46,3.7790426350404e-46,-6.3023322483942e-16,0,360.31469625632,100000000,-6.9388939039072e-18,-0.00069405136582842,0.001115877177273,46.039568400944,1.4303039904307e-07,120.56570966449,105.37997411611
1.2165,-1.2420050652995e-78,-4.1400168843288e-79,2.1903921150036e-63,6.8976294537972e-58,1.7323171869233,0,1.0695656980652e-58,2.8892493199759e-38,4.2553604469809e-60,-1.1474588548496e-39,-2.9796040756428e-60,2.9796040756468e-60,2.4103526292136e-39,2.4103526292138e-39,-8.6767606305057e-50,-8.6767606304997e-50,2.9796040756454e-60,-2.9796040756442e-60,8.6767606305023e-50,8.6767606305032e-50,2.4103526292144e-39,2.410352629213e-39,8.4980357125427e-40,1.8003612924084e-44,2.8892493199759e-44,8.6065998127134e-16,0,360.31469625632,100000000,-1.3877787807814e-17,-0.00075639372420086,0.001215760663256,50.163753799872,1.5593654570913e-07,131.39212862882,114.84411713631
1.3165,-3.8759763371987e-75,-1.2919921124014e-75,1.2711918649555e-61,5.4367576226912e-56,1.7323390377946,0,5.7356486439847e-57,1.5649397112641e-36,2.4278437382788e-58,-6.6112302138761e-38,-1.6999765795962e-58,1.6999765795927e-58,1.3887553406388e-37,1.3887553406381e-37,-5.0296068611706e-48,-5.0296068611727e-48,1.6999765795937e-58,-1.6999765795951e-58,5.0296068611708e-48,5.0296068611726e-48,1.3887553406381e-37,1.3887553406388e-37,4.9055724562431e-38,1.0555362967004e-42,1.5649397112641e-42,1.299559334965e-17,0,360.31469625632,100000000,-1.3877787807814e-17,-0.00081876566403681,0.0013156341735252,54.288043729258,1.688583669507e-07,142.22313974476,124.31249779427
1.4165,-6.695936160986e-72,-2.2319787203276e-72,5.4676393456829e-60,1.8783950082445e-54,1.7323608815856,0,2.292820989068e-55,6.3186209876423e-35,1.0286452146183e-56,-2.8287057494081e-36,-7.2025754623044e-57,7.2025754623129e-57,5.9419806745491e-36,5.9419806745507e-36,-2.1650596788592e-46,-2.1650596788585e-46,7.2025754623123e-57,-7.202575462305e-57,2.1650596788586e-46,2.1650596788591e-46,5.9419806745516e-36,5.9419806745482e-36,2.1024543240658e-36,4.586545990354e-41,6.3186209876423e-41,7.0605912311251e-16,0,360.31469625632,100000000,-1.3877787807814e-17,-0.00088116721179216,0.0014154977100724,58.412438651005,1.8178039019387e-07,153.05874503332,133.78511810972
1.5165,-6.9450609190698e-69,-2.3150203063564e-69,1.8162407316897e-58,4.0264540920765e-53,1.7323827182873,0,7.1139763565953e-54,1.9801643001198e-33,3.3712500681913e-55,-9.3621071528973e-35,-2.3605498449196e-55,2.3605498449212e-55,1.9666046843935e-34,1.9666046843944e-34,-7.2091678596402e-45,-7.2091678596423e-45,2.360549844921e-55,-2.3605498449198e-55,7.2091678596427e-45,7.2091678596398e-45,1.9666046843939e-34,1.9666046843939e-34,6.9689013614774e-35,1.5391561691625e-39,1.9801643001198e-39,1.9143019535042e-16,0,360.31469625632,100000000,-1.3877787807814e-17,-0.00094359839396197,0.0015153512748888,62.536939027489,1.9475889740378e-07,163.89894651767,143.26198010423
1.6165,-4.617841617051e-66,-1.5392805390176e-66,4.8168704008722e-57,1.0861185022755e-51,1.7324045478904,0,1.7699671705967e-52,4.9761130588823e-32,8.832925565241e-54,-2.477122982604e-33,-6.1848159144124e-54,6.1848159144123e-54,5.20344574341e-33,5.2034457434096e-33,-1.9190559454541e-43,-1.919055945454e-43,6.184815914411e-54,-6.1848159144138e-54,1.9190559454542e-43,1.9190559454539e-43,5.2034457434095e-33,5.2034457434101e-33,1.8463874850908e-33,4.1237960659427e-38,4.9761130588823e-38,-1.4124209570077e-16,0,360.31469625632,100000000,-1.3877787807814e-17,-0.0010060592370788,0.0016151948699665,66.661545321441,2.0772857189837e-07,174.74374622305,152.74308580121
1.7165,-2.0768643542562e-63,-6.9228811808562e-64,1.0480707056015e-55,2.1948620239976e-50,1.7324263703858,0,3.62674694745e-51,1.0298597102529e-30,1.900752560338e-52,-5.3830552675285e-32,-1.3309072512509e-52,1.3309072512505e-52,1.1307648516069e-31,1.1307648516067e-31,-4.1956239620797e-42,-4.1956239620789e-42,1.3309072512502e-52,-1.3309072512512e-52,4.1956239620794e-42,4.1956239620791e-42,1.1307648516067e-31,1.1307648516069e-31,4.0172712217751e-32,9.0645302162497e-37,1.0298597102529e-36,3.2506570187266e-16,0,360.31469625632,100000000,-1.3877787807814e-17,-0.0010685497677123,0.0017150284972962,70.786257996097,2.2072579138279e-07,185.59314617691,162.2284372259
1.8165,-6.6055683264809e-61,-2.2018561088283e-61,1.9135774753062e-54,3.8251091740932e-49,1.7324481857642,0,6.2571365516191e-50,1.7946170933665e-29,3.4353717786059e-51,-9.8251041683019e-31,-2.4054478769607e-51,2.4054478769582e-51,2.0638618599939e-30,2.0638618599939e-30,-7.7042728483474e-41,-7.7042728483525e-41,2.4054478769594e-51,-2.4054478769594e-51,7.7042728483501e-41,7.7042728483498e-41,2.0638618599935e-30,2.0638618599943e-30,7.3403538720294e-31,1.6719482377581e-35,1.7946170933665e-35,1.978094198769e-16,0,360.31469625632,100000000,-1.3877787807814e-17,-0.0011310700124716,0.0018148521588684,74.911077515092,2.337375874707e-07,196.44714840882,171.71803640541
1.9165,-1.542229561047e-58,-5.1407652034911e-59,2.9877392344257e-53,6.8408404353952e-48,1.7324699940165,0,9.2596237532089e-49,2.6824054813311e-28,5.3137346993865e-50,-1.5346995643936e-29,-3.7206778989584e-50,3.7206778989561e-50,3.2237906522361e-29,3.223790652235e-29,-1.2107201246464e-39,-1.2107201246462e-39,3.7206778989559e-50,-3.7206778989586e-50,1.2107201246462e-39,1.2107201246463e-39,3.2237906522353e-29,3.2237906522359e-29,1.1477249267792e-29,2.6371879658414e-34,2.6824054813311e-34,-1.7724619143501e-17,0,360.31469625632,100000000,-1.3877787807814e-17,-0.0011936199980032,0.0019146658566712,79.036004342499,2.4675614803106e-07,207.30575495046,181.21188536865
2.0165,-2.7279982445103e-56,-9.0933274817037e-57,4.0535139686599e-52,4.3812153737196e-47,1.7324917951333,0,1.1939534481167e-47,3.493437431752e-27,7.1467136870764e-49,-2.08444236609e-28,-5.0041300836401e-49,5.0041300836428e-49,4.3785806491574e-28,4.378580649158e-28,-1.6543801630399e-38,-1.6543801630397e-38,5.0041300836414e-49,-5.0041300836415e-49,1.65438016304e-38,1.6543801630396e-38,4.3785806491579e-28,4.3785806491576e-28,1.560276366665e-28,3.6145251019184e-33,3.493437431752e-33,5.201028263917e-16,0,360.31469625632,100000000,-1.3877787807814e-17,-0.0012561997509926,0.0020144695926943,83.161038942867,2.5980495881516e-07,218.16896783578,190.70998614646
2.1165,-3.7558977258254e-54,-1.2519659086083e-54,4.8445046083746e-51,6.2380747264339e-46,1.7325135891056,0,1.3595009132064e-46,4.017715069443e-26,8.4720782316009e-48,-2.4953610863386e-27,-5.9321505528345e-48,5.9321505528313e-48,5.2417567129955e-27,5.2417567129945e-27,-1.9925213582479e-37,-1.992521358248e-37,5.9321505528343e-48,-5.9321505528315e-48,1.9925213582473e-37,1.9925213582485e-37,5.2417567129954e-27,5.2417567129946e-27,1.8694309008453e-27,4.36404961465e-32,4.017715069443e-32,-1.9430083324631e-16,0,360.31469625632,100000000,-2.0816681711722e-17,-0.0013188092981631,0.0021142633689254,87.286181781143,2.7287330288115e-07,229.03678910078,200.21234077146
2.2165,-4.1195193067957e-52,-1.3731731022647e-52,5.1606661075419e-50,7.1945731266748e-45,1.7325353759239,0,1.3828684527097e-45,4.1277569954017e-25,8.9562847076836e-47,-2.6639814409111e-26,-6.2711920059752e-47,6.2711920059756e-47,5.5959607119139e-26,5.5959607119144e-26,-2.1400507999963e-36,-2.1400507999965e-36,6.2711920059769e-47,-6.271192005974e-47,2.1400507999963e-36,2.1400507999966e-36,5.5959607119145e-26,5.5959607119139e-26,1.9972970516166e-26,4.6964138601277e-31,4.1277569954017e-31,-8.4531053493957e-17,0,360.31469625632,100000000,-2.0816681711722e-17,-0.0013814486662765,0.0022140471873523,91.411433322704,2.8593810957341e-07,239.90922078362,209.71895127816
2.3165,-3.6727384181917e-50,-1.2242461393972e-50,4.950294355803e-49,3.9411973337064e-44,1.732557155579,0,1.2692173113961e-44,3.8265062762636e-24,8.5294934937985e-46,-2.5620425744023e-25,-5.9723527287414e-46,5.9723527287417e-46,5.38182787929e-25,5.3818278792901e-25,-2.0706260236981e-35,-2.0706260236981e-35,5.972352728742e-46,-5.9723527287411e-46,2.0706260236981e-35,2.0706260236982e-35,5.3818278792902e-25,5.3818278792899e-25,1.9222400377132e-25,4.551048630125e-30,3.8265062762636e-30,-2.7403647669364e-16,0,360.31469625632,100000000,-2.0816681711722e-17,-0.0014441178821334,0.0023138210499624,95.536794033423,2.9902712405196e-07,250.78626492472,219.22981970296
2.4165,-2.7088087339579e-48,-9.0293624465254e-49,4.3141082148962e-48,7.4706540076586e-43,1.7325789280617,0,1.06031745521e-43,3.2287551485862e-23,7.3827672006264e-45,-2.2394532657494e-24,-5.169414792142e-45,5.1694147921435e-45,4.7041966204594e-24,4.70419662046e-24,-1.8208698529902e-34,-1.8208698529902e-34,5.1694147921435e-45,-5.169414792142e-45,1.8208698529902e-34,1.8208698529902e-34,4.7041966204599e-24,4.7041966204594e-24,1.6813195808258e-24,4.0067375733611e-29,3.2287551485862e-29,-5.6315334534059e-16,0,360.31469625632,100000000,-2.0816681711722e-17,-0.0015068169725724,0.002413584958742,99.66226437955,3.1211574590543e-07,261.66792356655,228.74494808405
2.5165,-1.6784705454962e-46,-5.5949018183208e-47,3.4425424700494e-47,2.1596802235354e-42,1.7326006933627,0,8.1247206837116e-43,2.498848725702e-22,5.8531551950235e-44,-1.7929679774828e-23,-4.0983802175549e-44,4.098380217555e-44,3.7663094065257e-23,3.766309406526e-23,-1.466662372165e-33,-1.4666623721651e-33,4.0983802175554e-44,-4.0983802175545e-44,1.4666623721651e-33,1.466662372165e-33,3.7663094065258e-23,3.7663094065258e-23,1.3469373367276e-23,3.2299674177799e-28,2.498848725702e-28,-1.5603616472515e-16,0,360.31469625632,100000000,-2.0816681711722e-17,-0.001569545964471,0.0025133389156771,103.78784482784,3.2523664027499e-07,272.55419875388,238.26433846157
2.6165,-8.8575182012894e-45,-2.9525060670971e-45,2.5327419571108e-46,2.1659261583705e-41,1.7326224514726,0,5.7489780275553e-42,1.7858873803508e-21,4.2797132106643e-43,-1.3239048081301e-22,-2.9966558847278e-43,2.9966558847272e-43,2.7809950845893e-22,2.7809950845889e-22,-1.0895175513268e-32,-1.0895175513267e-32,2.996655884727e-43,-2.9966558847279e-43,1.0895175513268e-32,1.0895175513268e-32,2.780995084589e-22,2.7809950845892e-22,9.9513018952018e-23,2.4006470272713e-27,1.7858873803508e-27,7.7819476474235e-16,0,360.31469625632,100000000,-2.0816681711722e-17,-0.0016323048847459,0.0026130829227528,107.91353584546,3.3838568059943e-07,283.44509253356,247.7879928775
2.7165,-4.0292234938815e-43,-1.3430744979606e-43,1.7285528802312e-45,1.9153305346106e-40,1.7326442023821,0,3.7790945953725e-41,1.1857213610556e-20,2.903593819909e-42,-9.0706307551597e-22,-2.03309686397e-42,2.0330968639694e-42,1.9053771380927e-21,1.9053771380927e-21,-7.5098965253031e-32,-7.5098965253041e-32,2.03309686397e-42,-2.0330968639694e-42,7.5098965253028e-32,7.5098965253045e-32,1.9053771380927e-21,1.9053771380927e-21,6.8216969615752e-22,1.6551529170835e-26,1.1857213610556e-26,8.119595230026e-17,0,360.31469625632,100000000,-2.0816681711722e-17,-0.0016950937603522,0.0027128169819535,112.0393379,3.515411052989e-07,294.34060695465,257.31591337568
2.8165,-1.5970506543541e-41,-5.3235021811813e-42,1.1003274529003e-44,8.1068134248241e-40,1.732665946082,0,2.3201781808074e-40,7.3527068044781e-20,1.8378460361186e-41,-5.7978932781065e-21,-1.2868600927826e-41,1.2868600927824e-41,1.217905744308e-20,1.2179057443079e-20,-4.8293070029172e-31,-4.8293070029171e-31,1.2868600927824e-41,-1.2868600927827e-41,4.8293070029172e-31,4.8293070029171e-31,1.2179057443079e-20,1.217905744308e-20,4.362566273897e-21,1.0643759448155e-25,7.3527068044781e-26,-1.7052712567379e-16,0,360.31469625632,100000000,-2.0816681711722e-17,-0.0017579126182845,0.0028125410952635,116.16525145953,3.6471610060859e-07,305.24074406842,266.84810200187
2.9165,-5.5691648289125e-40,-1.8563882763038e-40,6.5648909490379e-44,4.916429064398e-39,1.7326876825628,0,1.3368079128193e-39,4.2788347578871e-19,1.0905431171129e-40,-3.4742681193134e-20,-7.6359846760355e-41,7.6359846760351e-41,7.298049303108e-20,7.2980493031075e-20,-2.9113552373658e-30,-2.9113552373656e-30,7.6359846760353e-41,-7.6359846760353e-41,2.9113552373655e-30,2.9113552373658e-30,7.2980493031079e-20,7.2980493031076e-20,2.6154024089809e-20,6.4153126485294e-25,4.2788347578871e-25,-2.1730740395047e-17,0,360.31469625632,100000000,-6.2450045135165e-17,-0.0018207614855751,0.0029122552646667,120.29127699255,3.779055492409e-07,316.14550592828,276.38456080369
3.0165,-1.7234429128517e-38,-5.7448097095056e-39,3.6872539167536e-43,3.5166770601471e-38,1.7327094118152,0,7.2593460319361e-39,2.3468437263979e-18,6.0930071080243e-40,-1.9602501938421e-19,-4.266324565967e-40,4.2663245659675e-40,4.1177025116625e-19,4.117702511663e-19,-1.6525696955602e-29,-1.6525696955603e-29,4.2663245659676e-40,-4.2663245659669e-40,1.6525696955603e-29,1.6525696955602e-29,4.1177025116627e-19,4.1177025116628e-19,1.4763106924046e-19,3.6400732508298e-24,2.3468437263979e-24,1.0362758299757e-16,0,360.31469625632,100000000,-6.2450045135165e-17,-0.0018836403892963,0.0030119594921458,124.417414968,3.9111239078622e-07,327.05489458986,285.92529183062
3.1165,-4.7701444122507e-37,-1.5900481374171e-37,1.9573356328649e-42,1.7290810557359e-37,1.7327311338298,0,3.7298403924192e-38,1.2178860459805e-17,3.2179890751754e-39,-1.0454990608278e-18,-2.2532364727351e-39,2.253236472735e-39,2.1961758362454e-18,2.1961758362455e-18,-8.8672197961022e-29,-8.8672197961028e-29,2.2532364727351e-39,-2.253236472735e-39,8.8672197961025e-29,8.8672197961024e-29,2.1961758362454e-18,2.1961758362455e-18,7.8771617142819e-19,1.9520399749191e-23,1.2178860459805e-23,-9.0549760115538e-17,0,360.31469625632,100000000,-6.2450045135165e-17,-0.0019465493565597,0.0031116537796827,128.54366585531,4.0433645053539e-07,337.96891211101,295.4702971341
3.2165,-1.1892248844649e-35,-3.9640829482164e-36,9.8552544207476e-42,6.7845675260674e-37,1.7327528485973,0,1.8195778405646e-37,6.0008994239857e-17,1.6123084984189e-38,-5.289887239954e-18,-1.1289386722794e-38,1.1289386722794e-38,1.111193971198e-17,1.111193971198e-17,-4.5136193020605e-28,-4.5136193020608e-28,1.1289386722794e-38,-1.1289386722794e-38,4.5136193020608e-28,4.5136193020606e-28,1.111193971198e-17,1.111193971198e-17,3.987145862628e-18,9.9290370654778e-23,6.0008994239857e-23,5.0099678736555e-17,0,360.31469625632,100000000,-6.2450045135165e-17,-0.0020094884145157,0.0032113381292592,132.6700301243,4.1757656430581e-07,348.88756055173,305.0195787674
3.3165,-2.6877050377216e-34,-8.9590167924049e-35,4.7219464317252e-41,5.132345181147e-36,1.7327745561082,0,8.4551568861479e-37,2.8164124124882e-16,7.6882366249755e-38,-2.5473236638217e-17,-5.3833045326504e-38,5.3833045326528e-38,5.3509093285568e-17,5.3509093285581e-17,-2.1866358425709e-27,-2.1866358425711e-27,5.3833045326525e-38,-5.3833045326506e-38,2.1866358425712e-27,2.1866358425709e-27,5.3509093285576e-17,5.3509093285572e-17,1.9207021638559e-17,4.8059117762862e-22,2.8164124124882e-22,-3.9076286311133e-16,0,360.31469625632,100000000,-6.2450045135165e-17,-0.002072457590354,0.0033110125428567,136.79650824527,4.3082674348081e-07,359.81084197426,314.57313878573
3.4165,-5.5388889691489e-33,-1.846296323049e-33,2.159281450535e-40,2.3814943970543e-35,1.7327962563532,0,3.7532084914939e-36,1.2627160728545e-15,3.4994459798427e-37,-1.1708889982661e-16,-2.4503126430648e-37,2.4503126430658e-37,2.4595699998826e-16,2.459569999883e-16,-1.0111626391204e-26,-1.0111626391204e-26,2.4503126430655e-37,-2.450312643065e-37,1.0111626391204e-26,1.0111626391203e-26,2.4595699998829e-16,2.4595699998827e-16,8.8316766256671e-17,2.2201330325363e-21,1.2627160728545e-21,-2.8685939196861e-16,0,360.31469625632,100000000,-6.2450045135165e-17,-0.0021354569113036,0.0034106770224557,140.92310068898,4.4408855702482e-07,370.73875844305,324.13097924618
3.5165,-1.0464180087546e-31,-3.4880600291821e-32,9.44942200137e-40,6.0655377185105e-35,1.7328179493228,0,1.5957458111411e-35,5.422439798083e-15,1.5245225134754e-36,-5.1512098272051e-16,-1.067470911374e-36,1.0674709113739e-36,1.0820633871235e-15,1.0820633871236e-15,-4.4753460441429e-26,-4.4753460441437e-26,1.0674709113741e-36,-1.0674709113738e-36,4.4753460441432e-26,4.4753460441434e-26,1.0820633871236e-15,1.0820633871236e-15,3.8866930523041e-16,9.8149830893264e-21,5.422439798083e-21,9.2819200010461e-17,0,360.31469625632,100000000,-6.2450045135165e-17,-0.002198486404633,0.003510331570036,145.04980792662,4.5738542485728e-07,381.67131202473,333.69310220774
3.6165,-1.8211756406807e-30,-6.070585468937e-31,3.9671889577969e-39,2.8376862823575e-34,1.7328396350076,0,6.5141494766748e-35,2.235714389941e-14,6.3723555222913e-36,-2.1743741935876e-15,-4.4619243709771e-36,4.4619243709767e-36,4.5674914897884e-15,4.5674914897888e-15,-1.9004781971711e-25,-1.9004781971715e-25,4.4619243709772e-36,-4.4619243709765e-36,1.9004781971714e-25,1.9004781971713e-25,4.5674914897884e-15,4.5674914897888e-15,1.6411243955315e-15,4.1627595335692e-20,2.235714389941e-20,1.3384046650869e-17,0,360.31469625632,100000000,-6.9388939039072e-17,-0.0022615460976502,0.003609976187577,149.17663042986,4.7069697886312e-07,392.60850478819,343.25950973134
3.7165,-2.9329931243186e-29,-9.7766437477294e-30,1.6015035832274e-38,1.0084350493967e-33,1.7328613133981,0,2.5588879936354e-34,8.8702737681766e-14,2.5614135275126e-35,-8.8261803097369e-15,-1.7935021676955e-35,1.7935021676956e-35,1.8540278656245e-14,1.8540278656245e-14,-7.7608941582952e-25,-7.7608941582948e-25,1.7935021676953e-35,-1.7935021676957e-35,7.7608941582956e-25,7.7608941582944e-25,1.8540278656244e-14,1.8540278656246e-14,6.6636076478678e-15,1.6976182640533e-19,8.8702737681766e-20,1.3647900263444e-16,0,360.31469625632,100000000,-6.9388939039072e-17,-0.0023246360177028,0.0037096108770578,153.30356867079,4.8401980754227e-07,403.55033880451,352.83020387981
3.8165,-4.3891031670333e-28,-1.4630343890113e-28,6.229415894127e-38,3.3831640005799e-33,1.7328829844849,0,9.6924537817382e-34,3.3934870798132e-13,9.9214817855418e-35,-3.4524576786913e-14,-6.9470231565465e-35,6.9470231565465e-35,7.2522342809171e-14,7.2522342809171e-14,-3.0540547588286e-24,-3.0540547588286e-24,6.947023156546e-35,-6.947023156547e-35,3.0540547588287e-24,3.0540547588284e-24,7.2522342809169e-14,7.2522342809173e-14,2.6072824566308e-14,6.6707197860638e-19,3.3934870798132e-19,-3.6295012034107e-16,0,360.31469625632,100000000,-6.9388939039072e-17,-0.0023877561921781,0.003809235640456,157.43062312199,4.9736928528188e-07,414.49681614701,362.40518671788
3.9165,-6.1263172977693e-27,-2.042105765923e-27,2.3392549156219e-37,1.9797652527681e-32,1.7329046482585,0,3.5467065925579e-33,1.2541919424609e-12,3.7104261034367e-34,-1.3038698839922e-13,-2.5980409598489e-34,2.5980409598488e-34,2.7389097131897e-13,2.7389097131896e-13,-1.1603562136605e-23,-1.1603562136604e-23,2.5980409598489e-34,-2.5980409598488e-34,1.1603562136604e-23,1.1603562136605e-23,2.7389097131897e-13,2.7389097131896e-13,9.8494324969448e-14,2.5305546989045e-18,1.2541919424609e-18,4.2457294180599e-16,0,360.31469625632,100000000,-6.9388939039072e-17,-0.0024509066485034,0.0039088504797494,161.55779425646,5.1072072555554e-07,425.44793889119,371.9844603122
4.0165,-8.0040635637568e-26,-2.6680211879186e-26,8.4955516168112e-37,8.3054145792364e-32,1.7329263047094,0,1.2559831151065e-32,4.485887697736e-12,1.3421216428223e-33,-4.7627842227142e-13,-9.3975379213787e-34,9.3975379213764e-34,1.0004706857312e-12,1.000470685731e-12,-4.2640838550759e-23,-4.2640838550755e-23,9.3975379213764e-34,-9.3975379213787e-34,4.2640838550755e-23,4.2640838550759e-23,1.0004706857311e-12,1.0004706857311e-12,3.5987331464954e-13,9.2841495811117e-18,4.485887697736e-18,3.0121666615856e-16,0,360.31469625632,100000000,-6.9388939039072e-17,-0.0025140874141459,0.0040084553969152,165.68508254768,5.2410676651619e-07,436.40370911487,381.56802673138
4.1165,-9.8202803680508e-25,-3.2734267893508e-25,2.9888577250433e-36,2.1746907266426e-31,1.7329479538282,0,4.3113297669015e-32,1.5552537589601e-11,4.7032049533359e-33,-1.6854714550652e-12,-3.2931848716815e-33,3.293184871681e-33,3.5405021591937e-12,3.5405021591934e-12,-1.5180745993407e-22,-1.5180745993406e-22,3.2931848716809e-33,-3.2931848716816e-33,1.5180745993407e-22,1.5180745993407e-22,3.5405021591934e-12,3.5405021591937e-12,1.2738457448022e-12,3.2996487891448e-17,1.5552537589601e-17,1.9575017078195e-16,0,360.31469625632,100000000,-6.9388939039072e-17,-0.0025772985166117,0.0041080503939296,169.81248846959,5.3750648949722e-07,447.36412889803,391.15588804592
4.2165,-1.1348877325781e-23,-3.7829591085934e-24,1.0201937896503e-35,5.0748298290189e-31,1.7329695956052,0,1.4366758950093e-31,5.2344832250151e-11,1.5991602479921e-32,-5.7873248911601e-12,-1.1197322651966e-32,1.1197322651966e-32,1.2156857484314e-11,1.2156857484314e-11,-5.2439142971275e-22,-5.2439142971279e-22,1.1197322651966e-32,-1.1197322651965e-32,5.2439142971278e-22,5.2439142971276e-22,1.2156857484314e-11,1.2156857484314e-11,4.3749718423193e-12,1.1377756587824e-16,5.2344832250151e-17,-1.470565988308e-17,0,360.31469625632,100000000,-6.9388939039072e-17,-0.002640539983448,0.0042076354727678,173.94001249655,5.509008330674e-07,458.32920032291,400.74804632826
4.3165,-1.2388463366799e-22,-4.1294877889331e-23,3.3833054830287e-35,1.5293149061312e-30,1.7329912300311,0,4.6540580875457e-31,1.7126608340697e-10,5.2832441888311e-32,-1.930833606423e-11,-3.699328438519e-32,3.6993284385192e-32,4.0559100138065e-11,4.0559100138067e-11,-1.7600609461949e-21,-1.7600609461951e-21,3.6993284385193e-32,-3.6993284385189e-32,1.760060946195e-21,1.760060946195e-21,4.0559100138066e-11,4.0559100138066e-11,1.4599560403329e-11,3.8117659377993e-16,1.7126608340697e-16,-5.2782236657585e-17,0,360.31469625632,100000000,-6.9388939039072e-17,-0.0027038118422419,0.0043072106354059,178.06765510346,5.6433342209924e-07,469.29892547403,410.34450365279
4.4165,-1.2807228473117e-21,-4.2690761577055e-22,1.0915802444208e-34,5.4195081838461e-30,1.7330128570962,0,1.4675531734439e-30,5.4545325968438e-10,1.698220300297e-31,-6.2675295475784e-11,-1.1890941298984e-31,1.1890941298985e-31,1.3165575619406e-10,1.3165575619406e-10,-5.7475599738603e-21,-5.7475599738604e-21,1.1890941298985e-31,-1.1890941298984e-31,5.7475599738604e-21,5.7475599738604e-21,1.3165575619406e-10,1.3165575619406e-10,4.7400693166782e-11,1.2423709548684e-15,5.4545325968438e-16,-1.0025381698103e-16,0,360.31469625632,100000000,-6.9388939039072e-17,-0.0027671141206201,0.004406775883818,182.19541676561,5.7779506232186e-07,480.27330643813,419.94526209584
4.5164999999999,-1.2569724861954e-20,-4.1899082873182e-21,3.4305373553046e-34,7.2519464293894e-16,1.733034476791,0,4.5099384686603e-30,1.6930041026247e-09,5.3174825403289e-31,-1.9818306259014e-10,-3.7233021377951e-31,3.7233021377947e-31,4.1630343777542e-10,4.1630343777541e-10,-1.8283403611282e-20,-1.8283403611283e-20,3.723302137795e-31,-3.7233021377948e-31,1.8283403611282e-20,1.8283403611284e-20,4.1630343777542e-10,4.1630343777542e-10,1.4991473442133e-10,3.9442818952424e-15,1.6930041026247e-15,-5.9033715467422e-16,0,360.31469625632,100000000,-6.9388939039072e-17,-0.0028304468462506,0.0045063312199787,186.32329795874,5.9124536610406e-07,491.25234530416,429.55032373566
4.6164999999999,-1.1738686287647e-19,-3.912895429216e-20,1.0513842838662e-33,2.7614589291055e-15,1.733056089106,0,1.3522380989798e-29,5.1270060462393e-09,1.6238128570527e-30,-6.1115932310558e-10,-1.136994026062e-30,1.136994026062e-30,1.2838015716991e-09,1.2838015716991e-09,-5.6721468499847e-20,-5.672146849985e-20,1.136994026062e-30,-1.136994026062e-30,5.6721468499848e-20,5.6721468499849e-20,1.2838015716991e-09,1.2838015716991e-09,4.6240024279605e-10,1.2211724729589e-14,5.1270060462393e-15,2.3659250995922e-16,0,360.31469625632,100000000,-6.9388939039072e-17,-0.0028938100468412,0.0046058766458607,190.45129915908,6.0472046266156e-07,502.23604416326,439.15969065233
4.7164999999999,-1.0453526661846e-18,-3.4845088872811e-19,3.1457354315973e-33,8.4978610268765e-15,1.7330776940315,0,3.9600522317811e-29,1.5164720599037e-08,4.8411754755808e-30,-1.840039696938e-09,-3.389791853751e-30,3.3897918537515e-30,3.8651882833334e-09,3.8651882833336e-09,-1.7179948379171e-19,-1.7179948379171e-19,3.3897918537516e-30,-3.3897918537509e-30,1.717994837917e-19,1.7179948379171e-19,3.8651882833337e-09,3.8651882833333e-09,1.3924294424537e-09,3.6910252136914e-14,1.5164720599037e-14,8.796211070486e-16,0,360.31469625632,100000000,-6.9388939039072e-17,-0.0029572037501402,0.0047054121634374,194.57942084323,6.1821763029307e-07,513.22440510873,448.77336492784
4.8164999999999,-8.894547821862e-18,-2.9648492739537e-18,9.1977855485922e-33,2.4630108676497e-14,1.7330992915579,0,1.133820459349e-28,4.3853089453804e-08,1.4105493519176e-29,-5.4140523903891e-09,-9.8766688515256e-30,9.8766688515278e-30,1.1372761087442e-08,1.1372761087443e-08,-5.0853151903371e-19,-5.085315190337e-19,9.8766688515276e-30,-9.8766688515258e-30,5.0853151903371e-19,5.0853151903371e-19,1.1372761087443e-08,1.1372761087442e-08,4.0977703802616e-09,1.0902270438636e-13,4.3853089453804e-14,5.3316715442092e-16,0,360.31469625632,100000000,-9.0205620750794e-17,-0.0030206279839374,0.004804937774681,198.7076634881,6.3173762737543e-07,524.21743023566,458.3913486457
4.9164999999999,-7.2446451825998e-17,-2.4148817275329e-17,2.6306108351549e-32,7.0688113001351e-14,1.7331208816758,0,3.17677996145e-28,1.2409806653339e-07,4.0203051242416e-29,-1.5582993134859e-08,-2.8150183005114e-29,2.8150183005121e-29,3.2733642966697e-08,3.27336429667e-08,-1.4724690778518e-18,-1.4724690778518e-18,2.8150183005121e-29,-2.8150183005115e-29,1.4724690778518e-18,1.4724690778518e-18,3.27336429667e-08,3.2733642966697e-08,1.1796472435831e-08,3.149913945327e-13,1.2409806653339e-13,3.6194740138453e-16,0,360.31469625632,100000000,-9.0205620750794e-17,-0.0030840827760691,0.0049044534815629,202.83602757063,6.4526859426665e-07,535.21512164028,468.01364389039
5.0164999999999,-5.6585841435816e-16,-1.8861947145274e-16,7.3659557352485e-32,1.9950317492227e-13,1.7331424643753,0,8.7178389984609e-28,3.4396025831824e-07,1.1218862742826e-28,-4.3913523615945e-08,-7.8554495134091e-29,7.8554495134089e-29,9.2244769089869e-08,9.2244769089867e-08,-4.1743858991217e-18,-4.1743858991216e-18,7.8554495134088e-29,-7.8554495134092e-29,4.1743858991217e-18,4.1743858991217e-18,9.2244769089868e-08,9.2244769089868e-08,3.3248557094267e-08,8.91002988062e-13,3.4396025831824e-13,-6.6157705268415e-16,0,360.31469625632,100000000,-9.0205620750794e-17,-0.0031475681544208,0.0050039592860545,206.96451356702,6.5881509412105e-07,546.21748141779,477.6402527455
5.1164999999999,-4.2453711872719e-15,-1.4151237290907e-15,2.0209927531258e-31,5.5132550860242e-13,1.733164039647,0,2.3451266384432e-27,9.3451618003909e-07,3.0677551319486e-28,-1.2126280709278e-07,-2.1480426413039e-28,2.1480426413037e-28,2.5472471162393e-07,2.5472471162393e-07,-1.1596316367392e-17,-1.1596316367392e-17,2.1480426413038e-28,-2.1480426413038e-28,1.1596316367392e-17,1.1596316367392e-17,2.5472471162393e-07,2.5472471162394e-07,9.1827478202846e-08,2.4695756576094e-12,9.3451618003909e-13,-7.9369236136803e-16,0,360.31469625632,100000000,-9.0205620750794e-17,-0.0032110841469468,0.005103455190126,211.09312195079,6.7239761946119e-07,557.22451165737,487.27117728925
5.2164999999999,-3.0642114306424e-14,-1.021403810214e-14,5.4375887341259e-31,1.4955585315772e-12,1.733185607481,0,6.1886456579075e-27,2.4907881596779e-06,8.2265252064375e-28,-3.2838303330406e-07,-5.7602142847579e-28,5.7602142847577e-28,6.898015596536e-07,6.8980155965359e-07,-3.1591511766945e-17,-3.1591511766946e-17,5.7602142847581e-28,-5.7602142847575e-28,3.1591511766944e-17,3.1591511766947e-17,6.8980155965361e-07,6.8980155965359e-07,2.4871026349549e-07,6.7122944341336e-12,2.4907881596779e-12,-1.1329244492645e-16,0,360.31469625632,100000000,-9.0205620750794e-17,-0.0032746307817138,0.0052029411957469,215.22185318768,6.8597585429371e-07,568.23621442839,496.90641958259
5.3164999999999,-2.1308661984803e-13,-7.1028873282676e-14,1.4357444213759e-30,3.9829710408587e-12,1.7332071678675,0,1.6032960555003e-26,6.5174102916595e-06,2.1650025378415e-27,-8.727299750999e-07,-1.5159351283883e-27,1.5159351283883e-27,1.8332570106414e-06,1.8332570106413e-06,-8.4462902964016e-17,-8.4462902964012e-17,1.5159351283883e-27,-1.5159351283883e-27,8.4462902964013e-17,8.4462902964014e-17,1.8332570106414e-06,1.8332570106413e-06,6.6108669734493e-07,1.7903928843839e-11,6.5174102916595e-12,3.5341831089213e-16,0,360.31469625632,100000000,-9.0205620750794e-17,-0.0033382080870098,0.0053024173048875,219.35070772301,6.9960199347451e-07,579.25259174672,506.54598163952
5.4164999999999,-1.4296553793538e-12,-4.7655179311796e-13,3.7229072637065e-30,1.0418933497642e-11,1.7332287207965,0,4.0805602290474e-26,1.6753313590616e-05,5.5956549950527e-27,-2.277872541181e-06,-3.9180785357417e-27,3.9180785357411e-27,4.7849001691383e-06,4.7849001691382e-06,-2.2177426287827e-16,-2.2177426287828e-16,3.9180785357416e-27,-3.9180785357413e-27,2.2177426287827e-16,2.2177426287828e-16,4.7849001691383e-06,4.7849001691384e-06,1.7257233372393e-06,4.6898548461345e-11,1.6753313590616e-11,4.8047607977939e-16,0,360.31469625632,100000000,-9.0205620750794e-17,-0.003401816091619,0.0054018835195158,223.47968595027,7.1325259314535e-07,590.27364549073,516.18986535378
5.5164999999999,-9.2664679558489e-12,-3.0888226519494e-12,9.4865856461445e-30,2.6785396504057e-11,1.7332502662572,0,1.0209313312949e-25,4.2334677576328e-05,1.4212863174087e-26,-5.8427424940595e-06,-9.9518491013217e-27,9.9518491013198e-27,1.2273267727949e-05,1.2273267727948e-05,-5.7226002503623e-16,-5.7226002503625e-16,9.9518491013204e-27,-9.9518491013209e-27,5.7226002503622e-16,5.7226002503626e-16,1.2273267727948e-05,1.2273267727949e-05,4.4271021746066e-06,1.2072363055889e-10,4.2334677576328e-11,-9.9249506578434e-18,0,360.31469625632,100000000,-9.0205620750794e-17,-0.0034654548254769,0.0055013398416002,227.60878813479,7.2699923538269e-07,601.29937719712,525.83807231997
5.6164999999999,-5.8095625818183e-11,-1.9365208606062e-11,2.3770209845139e-29,6.7716682560925e-11,1.7332718042373,0,2.512530608274e-25,0.00010522733828148,3.5499513152005e-26,-1.4737154063777e-05,-2.4856764870801e-26,2.4856764870797e-26,3.0956873002131e-05,3.095687300213e-05,-1.4520609529007e-15,-1.4520609529008e-15,2.4856764870799e-26,-2.4856764870798e-26,1.4520609529007e-15,1.4520609529008e-15,3.095687300213e-05,3.0956873002132e-05,1.116799990347e-05,3.0557598256896e-10,1.0522733828148e-10,-8.6741612007303e-17,0,360.31469625632,100000000,-9.0205620750794e-17,-0.0035291243212509,0.0056007862731084,231.7380142311,7.4091099830537e-07,612.32978757235,535.4906034061
5.7164999999999,-3.5271817156593e-10,-1.1757272385532e-10,5.8601627489123e-29,1.6844710863255e-10,1.7332933347208,0,6.0857968564658e-25,0.00025742437513496,8.7243080850919e-26,-3.6574377380886e-05,-6.1087619371843e-26,6.1087619371837e-26,7.6828154934951e-05,7.6828154934942e-05,-3.6252924827953e-15,-3.6252924827957e-15,6.1087619371832e-26,-6.108761937184e-26,3.6252924827955e-15,3.6252924827955e-15,7.6828154934947e-05,7.6828154934957e-05,2.7720160415143e-05,7.6102191357146e-10,2.5742437513496e-10,-3.2030035053276e-17,0,360.31469625632,100000000.00001,-9.0205620750794e-17,-0.003592824618046,0.0057002228160071,235.86736345317,7.552200635699e-07,623.36487534205,545.14745774644
5.8164999999999,-2.0760934877716e-09,-6.9203116259049e-10,1.4222780953139e-28,4.1251562210662e-10,1.7333148576831,0,1.4516256608329e-24,0.00062014968195873,2.1108212935147e-25,-8.9361233567094e-05,-1.4779974123168e-25,1.4779974123168e-25,0.00018771225074247,0.00018771225074243,-8.9107060104874e-15,-8.9107060104894e-15,1.4779974123165e-25,-1.4779974123166e-25,8.910706010488e-15,8.9107060104886e-15,0.00018771225074246,0.00018771225074251,6.7736557623138e-05,1.8658118902861e-09,6.2014968195873e-10,3.7410601016881e-16,0,360.31469625633,100000000.00002,-1.1102230246252e-16,-0.003656555769987,0.005799649472263,239.99683327737,7.7044313914501e-07,634.40463458099,554.80863040458
5.9164999999999,-1.1859027352196e-08,-3.9530091173998e-09,3.4000812025969e-28,9.9506774539884e-10,1.7333363730799,0,3.4115374132818e-24,0.0014719394155141,5.0305473283236e-25,-0.00021505914268176,-3.522390055778e-25,3.522390055777e-25,0.00045175333983306,0.00045175333983278,-2.157364128409e-14,-2.1573641284103e-14,3.5223900557755e-25,-3.5223900557766e-25,2.1573641284094e-14,2.1573641284098e-14,0.00045175333983297,0.00045175333983324,0.0001630366762308,4.5056396421844e-09,1.4719394155141e-09,-1.0247590239527e-15,0,360.31469625636,100000000.00004,-1.1102230246252e-16,-0.0037203178658148,0.0058990662438413,244.12641716431,7.8773220366567e-07,645.44904860961,564.47410703114
6.0164999999999,-6.5802988947293e-08,-2.1934329649115e-08,8.0101989830424e-28,2.3654385157913e-09,1.7333578808218,0,7.9034917393513e-24,0.0034437401205223,1.1815216293295e-24,-0.00051005149517927,-8.2730163662427e-25,8.2730163662351e-25,0.0010714144191256,0.0010714144191241,-5.1475006069957e-14,-5.1475006070037e-14,8.2730163662277e-25,-8.2730163662342e-25,5.1475006069985e-14,5.1475006070007e-14,0.0010714144191251,0.0010714144191267,0.00038671700972185,1.0721792320551e-08,3.4437401205223e-09,-4.4792643487621e-17,0,360.31469625642,100000000.0001,-1.1102230246252e-16,-0.0037841110729632,0.0059984731327079,248.25609942654,8.0973671404097e-07,656.49807623758,574.14385182264
6.1164999999999,-3.5497303732846e-07,-1.1832434577634e-07,1.860601551415e-27,5.5438040588389e-09,1.7333793807183,0,1.8057765687897e-23,0.0079448941933366,2.7361403790292e-24,-0.0011926308062548,-1.9158459374888e-24,1.9158459374845e-24,0.0025052408523283,0.0025052408523196,-1.2109843342681e-13,-1.2109843342725e-13,1.9158459374805e-24,-1.9158459374842e-24,1.2109843342696e-13,1.2109843342708e-13,0.0025052408523254,0.0025052408523342,0.00090434833162922,2.5152101634748e-08,7.9448941933366e-09,4.0902228718458e-17,0,360.31469625655,100000000.00024,-1.7347234759768e-16,-0.0038479357353418,0.0060978701408273,252.38584382909,8.4233447633312e-07,667.55162119642,583.8177807649
6.2164999999999,-1.8628149816409e-06,-6.2093832721609e-07,4.2629736498905e-27,1.281443229572e-08,1.7334008723559,0,4.0707510743151e-23,0.018079278150017,6.2502996731444e-24,-0.0027503464909029,-4.3764608456034e-24,4.3764608455813e-24,0.0057773791779688,0.0057773791779222,-2.810251639228e-13,-2.8102516392511e-13,4.3764608455595e-24,-4.3764608455796e-24,2.8102516392358e-13,2.8102516392424e-13,0.0057773791779534,0.0057773791780003,0.0020857707715271,5.8183151509507e-08,1.8079278150017e-08,-2.0020271243954e-17,0,360.31469625686,100000000.00057,-1.8041124150159e-16,-0.0039117925871596,0.0061972572701634,256.5155686287,8.9852027514923e-07,678.6094651783,593.49570301833
6.3164999999999,-9.5121136920285e-06,-3.1707045640369e-06,9.6382292600078e-27,2.9220463278017e-08,1.7334223548342,0,9.0578125041384e-23,0.040581395472208,1.4089998100652e-23,-0.00625675039728,-9.8658189570107e-24,9.8658189568971e-24,0.013142932930986,0.013142932930743,-6.4357342110297e-13,-6.4357342111498e-13,9.8658189567838e-24,-9.8658189568886e-24,6.4357342110697e-13,6.4357342111045e-13,0.013142932930905,0.013142932931148,0.0047454467380778,1.3272540066482e-07,4.0581395472208e-08,-3.0638811329215e-16,0,360.31469625757,100000000.00129,-2.3592239273285e-16,-0.0039756832134274,0.0062966345226798,260.64509274553,1.0062653234814e-06,689.67112337124,603.17719445715
6.4164999999999,-4.7239306840491e-05,-1.5746435613802e-05,2.1510902714486e-26,6.5729813964611e-08,1.7334438262089,0,1.9900266444089e-22,0.089813795467297,3.1356882339114e-23,-0.014039745685606,-2.1956094103494e-23,2.1956094102919e-23,0.029491896623091,0.02949189662186,-1.4549930804108e-12,-1.454993080472e-12,2.1956094102349e-23,-2.1956094102883e-23,1.4549930804312e-12,1.4549930804489e-12,0.029491896622681,0.029491896623913,0.010649706084693,2.9844047149113e-07,8.9813795467298e-08,-4.2101828812888e-18,0,360.31469625913,100000000.0029,-2.3592239273285e-16,-0.0040396110241244,0.0063960019003392,264.7740217393,1.2246532048305e-06,700.73553830514,612.86132966331
6.5164999999999,-0.00022771342248264,-7.5904474164138e-05,4.740314794996e-26,1.4578061261679e-07,1.7334652823418,0,4.3180688916806e-22,0.19572309486881,6.8913505737766e-23,-0.031055986605042,-4.825324790386e-23,4.8253247901034e-23,0.065236220582867,0.065236220576819,-3.2484062283451e-12,-3.2484062286489e-12,4.8253247898249e-23,-4.8253247900876e-23,3.2484062284465e-12,3.2484062285341e-12,0.065236220580849,0.065236220586898,0.023560120919582,6.6055368710581e-07,1.9572309486881e-07,2.7755459799475e-16,0,360.31469626257,100000000.00644,-2.3592239273285e-16,-0.0041035832657374,0.0064953594051034,268.90151202955,1.6743766282222e-06,711.80044649682,622.5461274769
6.6164999999999,-0.001060202687913,-0.00035340089600399,1.0315243676942e-25,3.1830649760559e-07,1.7334867146155,0,9.2544674060375e-22,0.41863348250439,1.4959537433328e-22,-0.067601092553831,-1.0474670539423e-22,1.047467053808e-22,0.14200288792819,0.14200288789954,-7.1633632203715e-12,-7.16336322184e-12,1.0474670536756e-22,-1.0474670538002e-22,7.1633632208612e-12,7.1633632212855e-12,0.14200288791864,0.1420028879473,0.05129189126027,1.4344489396671e-06,4.1863348250441e-07,-2.6983450085139e-16,0,360.31469627,100000000.01406,-2.3592239273285e-16,-0.0041676150186978,0.0065947070389352,273.02580161396,2.5874974996302e-06,722.86111724885,632.22744689543
6.7164999999999,-0.0047175629736161,-0.0015725209915167,2.2160413039789e-25,6.8191154273585e-07,1.7335081056994,0,1.9586148275592e-21,0.87298084826859,3.2076514208349e-22,-0.14424865241406,-2.2459980457625e-22,2.245998045143e-22,0.30300878946818,0.30300878933817,-1.5603040588953e-11,-1.5603040595846e-11,2.2459980445306e-22,-2.2459980451063e-22,1.5603040591252e-11,1.5603040593242e-11,0.30300878942487,0.30300878955489,0.10946835354556,3.035373980699e-06,8.7298084826865e-07,-2.6338508032607e-16,0,360.31469628569,100000000.03011,-2.3592239273285e-16,-0.0042317366043463,0.0066940448037949,277.14333888886,4.3597056965139e-06,733.90801003116,641.89693622353
6.8164999999999,-0.019657268532198,-0.006552422846709,4.6964905276003e-25,1.4237308065259e-06,1.7335294227631,0,4.0903512090502e-21,1.7522874965511,6.7917783790972e-22,-0.29944466720197,-4.7556043246245e-22,4.7556043218685e-22,0.62901361359724,0.62901361304334,-3.3559128935077e-11,-3.3559128966345e-11,4.7556043191333e-22,-4.7556043216945e-22,3.3559128945506e-11,3.3559128954534e-11,0.62901361341309,0.62901361396698,0.22730620504992,6.1776434597338e-06,1.7522874965513e-06,2.3386700761582e-16,0,360.31469631783,100000000.06287,-2.7755575615629e-16,-0.0042960054623495,0.0067933727016428,281.24738178103,7.4973601023111e-06,744.92300458751,651.538732663
6.9164999999999,-0.074088521472235,-0.024696173843215,9.8038807004757e-25,2.8630988107081e-06,1.7335506098983,0,8.4165027694654e-21,3.3139959518971,1.4189088449341e-21,-0.59675728505656,-9.9352020405812e-22,9.9352020288795e-22,1.2535486430153,1.2535486408694,-7.1212007096492e-11,-7.1212007232289e-11,9.9352020171796e-22,-9.9352020280544e-22,7.1212007141793e-11,7.121200718099e-11,1.2535486423042,1.2535486444501,0.45317926706404,1.1831492420551e-05,3.3139959518977e-06,-2.4258729359598e-17,0,360.31469638057,100000000.12643,-5.4123372450476e-16,-0.0043605194221051,0.0068926907344396,285.32642235706,1.2171608110357e-05,755.87515411393,661.12574428532
7.0164999999999,-0.24075429952354,-0.080251433283867,2.0111535580056e-24,5.4515790463871e-06,1.7335715882688,0,1.7024568380777e-20,5.738588762082,2.9205283376028e-21,-1.1198702920621,-2.0449544182431e-21,2.0449544135768e-21,2.3524000787395,2.3524000715151,-1.4885875844666e-10,-1.4885875900287e-10,2.0449544088561e-21,-2.0449544131908e-21,1.4885875863224e-10,1.4885875879276e-10,2.3524000763589,2.3524000835833,0.85093591132191,2.070958270846e-05,5.7385887620834e-06,-1.4103094532433e-16,0,360.3146964944,100000000.24074,-8.3266726846887e-16,-0.0044254164689082,0.0069919989041444,289.36418211326,1.7260076372298e-05,766.72064927342,670.61961803833
7.1164999999999,-0.64455206146637,-0.21485068761435,4.0447110220969e-24,9.6504730841663e-06,1.7335922777513,0,3.3774265315384e-20,8.8751450462779,5.911012023572e-21,-1.9385692460676,-4.1388915869925e-21,4.1388915698575e-21,4.0721594955042,4.0721594753026,-3.0591656829732e-10,-3.0591657040645e-10,4.1388915522157e-21,-4.1388915681236e-21,3.0591656900125e-10,3.0591656960976e-10,4.072159488903,4.0721595091047,1.4741387878071,3.2301682374159e-05,8.8751450462805e-06,1.2219214366185e-16,0,360.31469668114,100000000.42616,-1.3392065234541e-15,-0.0044908369183,0.0070912972127152,293.34402254009,2.0277094798762e-05,777.41464850854,679.98109487595
7.2164999999999,-1.3998763284485,-0.46662544420277,7.9662506798007e-24,1.5714105042204e-05,1.7336126348881,0,6.5644431021746e-20,12.215853267115,1.1744177382921e-20,-3.0588954942827,-8.2232749407514e-21,8.2232748836215e-21,6.4255173462211,6.4255173002219,-6.1699685683427e-10,-6.1699686412594e-10,8.2232748234802e-21,-8.2232748764807e-21,6.169968592688e-10,6.1699686137173e-10,6.4255173313522,6.4255173773512,2.3279488626767,4.4735776209222e-05,1.2215853267118e-05,-1.9253799268102e-16,0,360.31469695395,100000000.69393,-1.5404344466674e-15,-0.0045568570215843,0.0071905856621116,297.25675634364,1.9942696813627e-05,787.93227643164,689.18839012461
7.3164999999999,-2.5308432149072,-0.84361440812886,1.5377478092264e-23,2.3602370266982e-05,1.7336326678988,0,1.250963170724e-19,15.303369519917,2.2891406665974e-20,-4.4144535890746,-1.6028566763754e-20,1.6028566591258e-20,9.273003315905,9.273003229084,-1.2204954642103e-09,-1.2204954870866e-09,1.6028566405134e-20,-1.6028566565021e-20,1.2204954718514e-09,1.2204954784462e-09,9.2730032881854,9.273003375006,3.3620484607785,5.6287174925715e-05,1.5303369519921e-05,-2.4372315319722e-16,0,360.31469731215,100000001.04228,-1.8388068845354e-15,-0.0046234626532665,0.0072898642542904,301.10380517665,1.7809685313905e-05,798.27715415875,698.24466203562
7.4164999999999,-3.9943327915982,-1.331444269751,2.9144281830188e-23,3.3122618046115e-05,1.7336524115439,0,2.3414389983922e-19,18.030417010057,4.3797877465105e-20,-5.9133999666115,-3.0667281206819e-20,3.066728073091e-20,12.42169076439,12.421690622837,-2.3692574358121e-09,-2.3692575013816e-09,3.0667280204526e-20,-3.0667280645245e-20,2.3692574577224e-09,2.3692574766173e-09,12.421690719768,12.42169086132,4.5062867286831,6.6529382418561e-05,1.8030417010061e-05,-1.6909975552024e-16,0,360.31469774708,100000001.46269,-2.1233015345957e-15,-0.0046905932352283,0.0073891329912087,304.89209061341,1.5908363352924e-05,808.46770874106,707.16603098029
7.5164999999999,-5.7519045785271,-1.9173015357944,5.4321258039072e-23,4.4103368491306e-05,1.733671896683,0,4.3113219894536e-19,20.517175304785,8.2351558204418e-20,-7.4832953298299,-5.7662575224635e-20,5.7662574007901e-20,15.719413664628,15.71941345664,-4.5188882899073e-09,-4.5188884638415e-09,5.7662572629893e-20,-5.766257375569e-20,4.5188883480512e-09,4.5188883981532e-09,15.719413599878,15.719413807865,5.7051275922222,7.5897289349603e-05,2.0517175304789e-05,-4.040227103531e-16,0,360.31469825046,100000001.94759,-2.3731017151364e-15,-0.0047581949833618,0.0074883918748228,308.62777388565,1.4927709812877e-05,818.52035184176,715.96685558622
7.6164999999999,-7.7936793356411,-2.5978931263469,9.9679027866269e-23,5.6455279131836e-05,1.7336911397101,0,7.8178603202275e-19,22.907881319438,1.5235026106738e-19,-9.0814750046124,-1.0667567955154e-19,1.0667567662877e-19,19.076550577709,19.076550293192,-8.4784922644625e-09,-8.478492697333e-09,1.0667567324388e-19,-1.0667567594606e-19,8.4784924092201e-09,8.4784925338612e-09,19.076550490198,19.076550774714,6.9257922201387,8.4925687855816e-05,2.2907881319443e-05,-1.3623228526831e-15,0,360.31469881777,100000002.49305,-2.6714741530046e-15,-0.0048262394047456,0.0075876409070889,312.31405753853,1.4679967231313e-05,828.44355587902,724.65454575897
7.7164999999999,-10.126826018096,-3.3756086932787,1.8018815394706e-22,7.0155536662723e-05,1.7337101453689,0,1.3969508316295e-18,25.29549728833,2.7756835315701e-19,-10.686338139908,-1.9435341074361e-19,1.9435340407241e-19,22.447726741932,22.447726371572,-1.5663214312381e-08,-1.5663215334819e-08,1.9435339618036e-19,-1.9435340234349e-19,1.5663214654422e-08,1.5663214948716e-08,22.447726629356,22.447726999713,8.1516687745437,9.3961743166783e-05,2.5295497288334e-05,-1.6259721511257e-15,0,360.3146994477,100000003.09805,-2.9420910152573e-15,-0.0048947183880386,0.0076868800899624,315.95174687053,1.4835875347277e-05,838.23935084582,733.23087178472
7.8164999999999,-12.763099915333,-4.2543666665804,3.2099277377227e-22,8.5218575596981e-05,1.7337289119091,0,2.4606240050688e-18,27.726686642317,4.9834881836355e-19,-12.28731471383,-3.4894393440457e-19,3.4894391981143e-19,25.810738760692,25.810738295436,-2.8510224381824e-08,-2.8510226694307e-08,3.4894390218997e-19,-3.4894391566212e-19,2.8510225155702e-08,2.8510225821075e-08,25.81073862091,25.810739086163,9.3746300117655,0.00010318047377546,2.7726686642322e-05,-1.0546479173337e-15,0,360.3147001408,100000003.76323,-3.1780134079907e-15,-0.0049636351889854,0.0077861094253973,319.54030460771,1.5177232803091e-05,847.90615420115,741.69444118867
7.9164999999999,-15.713710731954,-5.237903614631,5.636560694474e-22,0.00010167631553921,1.7337474345512,0,4.2734801548552e-18,30.222239185613,8.8211357422364e-19,-13.87876764371,-6.1765609156894e-19,6.1765606078648e-19,29.153745371815,29.153744802659,-5.1152558011598e-08,-5.1152563052691e-08,6.1765602285874e-19,-6.1765605125737e-19,5.1152559699198e-08,5.1152561149159e-08,29.153745202813,29.153745771966,10.590347325951,0.0001126601785659,3.0222239185619e-05,-3.7372974146262e-15,0,360.31470089849,100000004.49,-3.4486302702441e-15,-0.0050329983712334,0.0078853289153484,323.07856289381,1.5596483677616e-05,857.44068361658,750.04237312362
8.0164999999999,-18.988397466098,-6.3294658703254,9.7579936417672e-22,0.00011956833962817,1.733765707204,0,7.3192475789236e-18,32.791288238492,1.5398421694077e-18,-15.4571217099,-1.078197786833e-18,1.0781977239389e-18,32.469236463521,32.469235781443,-9.0492323744306e-08,-9.0492334387213e-08,1.0781976448663e-18,-1.0781977028514e-18,9.0492327308469e-08,9.049233036855e-08,32.469236263407,32.469236945484,11.796080306602,0.00012243546862133,3.2791288238498e-05,-4.0331521853747e-15,0,360.3147017226,100000005.28011,-3.7816971776331e-15,-0.005102818802178,0.0079845385617688,326.56507718029,1.6048172031167e-05,866.83890838647,758.27113129431
8.1164999999999,-22.595693541009,-7.5318979082675,1.6657056428506e-21,0.00013893774077394,1.7337837231891,0,1.2364092140923e-17,35.438295764772,2.6514711174969e-18,-17.019689840341,-1.8565606086029e-18,1.8565604837186e-18,35.751567567243,35.751566763177,-1.5788084139335e-07,-1.5788086323187e-07,1.856560323469e-18,-1.8565604385301e-18,1.5788084870934e-07,1.5788085498614e-07,35.751567334249,35.751568138312,12.989772121586,0.00013252343443174,3.5438295764778e-05,-4.1553582834626e-15,0,360.31470261511,100000006.13546,-4.031497358176e-15,-0.0051731083848193,0.0080837383666117,329.99827591452,1.6514198722586e-05,876.09645209795,766.37687650419
8.2164999999999,-26.543204880328,-8.8477350365227,2.8040304241006e-21,0.00015982948905582,1.733801475526,0,2.0602663086964e-17,38.16588702585,4.5043706844235e-18,-18.564223802323,-3.1539612864303e-18,3.1539610448453e-18,38.996016040524,38.996015105376,-2.7170346560213e-07,-2.7170350927094e-07,3.1539607283014e-18,-3.1539609507368e-18,2.7170348023659e-07,2.7170349278315e-07,38.996015773032,38.996016708176,14.169703116159,0.0001429342868971,3.8165887025857e-05,-4.046333153879e-15,0,360.3147035781,100000007.05803,-4.3298697960476e-15,-0.0052438795603588,0.0081829283318292,333.37651938585,1.6986772218742e-05,885.20875104655,774.35560536074
8.3164999999999,-30.837691999348,-10.279230760375,4.6554615046511e-21,0.00018228975561503,1.733818957049,0,3.3868634761919e-17,40.975854175596,7.5506151193623e-18,-20.088737797911,-5.2869423236356e-18,5.2869418674828e-18,42.19841051152,42.198409436178,-4.6128639225556e-07,-4.6128647752472e-07,5.2869412567775e-18,-5.2869416764928e-18,4.6128642084193e-07,4.6128644533114e-07,42.198410208075,42.198411283413,15.334354910923,0.00015367512276661,4.0975854175604e-05,1.5498245836967e-15,0,360.31470461371,100000008.04987,-4.5727310826897e-15,-0.00531514510297,0.0082821084593738,336.69812410797,1.7461478942762e-05,894.17111996823,782.20320783377
8.4164999999999,-35.485015870131,-11.828338737348,7.6239789254065e-21,0.0002063655574009,1.7338361604684,0,5.4932296699526e-17,43.869472353488,1.2490710342408e-17,-21.591429438167,-8.7459981504755e-18,8.7459973085663e-18,45.354964877412,45.354963652759,-7.7269600501439e-07,-7.7269616786087e-07,8.7459961559306e-18,-8.7459969300725e-18,7.7269605962954e-07,7.7269610637949e-07,45.354964536744,45.354965761396,16.482349623912,0.0001647511023307,4.3869472353496e-05,1.902821645678e-15,0,360.31470572412,100000009.11306,-4.8919202022772e-15,-0.0053869180127536,0.0083812787511959,339.96137564458,1.7934935821254e-05,902.97878671201,789.9154976208
8.5164999999999,-40.490017721102,-13.496672710422,1.2316243709307e-20,0.00023210449628589,1.7338530784157,0,8.7912680047411e-17,46.847582498343,2.0393778207061e-17,-23.0706370984,-1.4279728184762e-17,1.4279726664103e-17,48.462188724844,48.462187341782,-1.277190438359e-06,-1.2771907429269e-06,1.4279724533158e-17,-1.4279725930464e-17,1.2771905405451e-06,1.277190627943e-06,48.462188345893,48.462189728954,17.612417130746,0.00017616574786828,4.6847582498353e-05,3.7429208635857e-16,0,360.31470691155,100000010.24968,-5.1417203828296e-15,-0.0054592114378477,0.0084804392092462,343.1645380407,1.8403934004261e-05,911.62691782401,797.48823455669
8.6164999999999,-45.856369254444,-15.28545658045,1.9628504828302e-20,0.00025955451719167,1.7338697034837,0,1.3883629769444e-16,49.910596923654,3.286685725932e-17,-24.524813352946,-2.3013381283363e-17,2.3013378593089e-17,51.516831527011,51.5168299765,-2.0833060295965e-06,-2.0833065880127e-06,2.3013374730083e-17,-2.3013377200379e-17,2.0833062170284e-06,2.0833063771994e-06,51.516831108966,51.516832659473,18.723374690818,0.00018792095085483,4.9910596923664e-05,1.2168138387214e-15,0,360.3147081782,100000011.46187,-5.4470317146179e-15,-0.0055320386027921,0.008579589835475,346.30586257679,1.8865255745439e-05,920.11064235956,804.91714547443
8.7164999999999,-51.586407840488,-17.195469470989,3.0863124517282e-20,0.00028876365945381,1.7338860282692,0,2.1637796322753e-16,53.058476786518,5.2288817440445e-17,-25.952507302597,-3.6612642905432e-17,3.6612638240247e-17,54.515845520684,54.515843793766,-3.3538096899575e-06,-3.3538106945042e-06,3.6612631367582e-17,-3.6612635648135e-17,3.3538100272759e-06,3.3538103152791e-06,54.515845063004,54.515846789914,19.814113398163,0.00020001687313293,5.3058476786529e-05,1.3175893305421e-15,0,360.31470952633,100000012.75174,-5.7245874707979e-15,-0.0056054127353114,0.0086787306318317,349.38359677485,1.9315510939681e-05,928.42507642721,812.1979457094
8.8164999999999,-57.680962480215,-19.226987715767,4.7881191377516e-20,0.00031977979114694,1.7339020454171,0,3.3282016709903e-16,56.290697020222,8.2127134518361e-17,-27.352352741493,-5.7505440697163e-17,5.7505432763131e-17,57.456360849579,57.456358937417,-5.3290041628826e-06,-5.3290059371908e-06,5.750542075474e-17,-5.7505428028977e-17,5.3290047589446e-06,5.329005267393e-06,57.456360352024,57.456362264179,20.883589108095,0.00021245180063772,5.6290697020233e-05,1.0340074549153e-15,0,360.31471095814,100000014.1214,-5.9674487574682e-15,-0.0056793469884011,0.0087778616002653,352.39599402743,1.9751145079409e-05,936.56534946543,819.32636212373
8.9164999999999,-64.139173965702,-21.379724912159,7.3297471200267e-20,0.00035265032133419,1.7339177476682,0,5.0526466170105e-16,59.606204608667,1.2735802101468e-16,-28.723060540432,-8.9176120348629e-17,8.9176107109251e-17,60.335669564772,60.335667458679,-8.3581069297068e-06,-8.3581100086028e-06,8.9176086490185e-17,-8.9176098618636e-17,8.3581079645102e-06,8.3581088463574e-06,60.335669027437,60.335671133523,21.930816593482,0.00022522197175107,5.9606204608679e-05,-1.7143716320695e-15,0,360.31471247585,100000015.57296,-6.2658211953829e-15,-0.0057538543562219,0.0088769827427242,355.34132403257,2.0168411043939e-05,944.52663274489,826.29815808203
9.0164999999999,-70.958312591513,-23.6527711583,1.1072284600748e-19,0.00038742188750774,1.7339331279116,0,7.571215811227e-16,63.003373330744,1.9501160012193e-16,-30.063414229963,-1.3654717662404e-16,1.3654715493991e-16,63.151216346545,63.151214038032,-1.2940591488721e-05,-1.2940596740306e-05,1.3654712012989e-16,-1.3654713997725e-16,1.2940593254603e-05,1.2940594757951e-05,63.151215769896,63.151218078402,22.954866151071,0.00023832139206859,6.3003373330757e-05,-2.0984998542655e-15,0,360.31471408162,100000017.10846,-6.5988881028346e-15,-0.0058289475829661,0.0089760940611559,358.21788413326,2.0563376361401e-05,952.30417036257,833.10916061194
9.1164999999999,-78.133597382469,-26.044532795662,1.6505710711342e-19,0.00042414001697735,1.7339481792404,0,1.1198859375467e-15,66.479957307754,2.9486322621694e-16,-31.372268083401,-2.0646331633169e-16,2.0646328146348e-16,65.9005944776,65.900591958421,-1.9779423747417e-05,-1.9779432556036e-05,2.0646322365551e-16,-2.0646325554082e-16,1.9779426710858e-05,1.9779429231066e-05,65.900593862512,65.900596381683,23.954862121577,0.00025174164445707,6.6479957307768e-05,-2.5705671694854e-15,0,360.31471577757,100000018.72993,-6.8209327078475e-15,-0.0059046390643337,0.0090751955575078,361.02401160665,2.0931952066663e-05,959.89331285074,839.7552898571
9.2164999999998,-85.658021590205,-28.552674241231,2.4283122729751e-19,0.00046284876219001,1.7339628950123,0,1.6351873384131e-15,70.033045475216,4.4028888211653e-16,-32.648547187881,-3.082904079464e-16,3.0829035288948e-16,68.581545992333,68.58154325453,-2.984797578891e-05,-2.9847990323929e-05,3.0829025841993e-16,-3.0829030871768e-16,2.9847980681408e-05,2.9847984837557e-05,68.581545340123,68.581548077918,24.929982931472,0.00026547170256997,7.0033045475231e-05,-1.6218888139407e-15,0,360.31471756577,100000020.4393,-7.0707328885069e-15,-0.0059809407416179,0.0091742872337262,363.7580969052,2.126994092933e-05,967.28955340201,846.23259082338
9.3164999999998,-93.522190005594,-31.174063758285,3.5259287168143e-19,0.00050359031116694,1.7339772689136,0,2.3570655992258e-15,73.659019089165,6.4929597721079e-16,-33.891249108199,-4.5463724707099e-16,4.5463716169449e-16,71.191965171931,71.191962207888,-4.4471976901859e-05,-4.4472000504624e-05,4.546370097203e-16,-4.5463708763567e-16,4.4471984850894e-05,4.4471991595742e-05,71.191964484405,71.19196744844,25.879462353922,0.00027949775602864,7.3659019089181e-05,-3.0486224549944e-15,0,360.31471944817,100000022.23843,-7.3482886448232e-15,-0.0060578639887394,0.009273369091757,366.41859780605,2.1573053198177e-05,974.4885665933,852.53726731598
9.4164999999998,-101.71417438107,-33.904725263816,5.0532193162594e-19,0.00054640457545224,1.7339912950269,0,3.3543830867093e-15,77.353514453355,9.4573009546001e-16,-35.099446821477,-6.6220052216403e-16,6.6220039213685e-16,73.729904708949,73.729901511434,-6.5427093038273e-05,-6.5427130768012e-05,6.6220015139109e-16,-6.6220026992252e-16,6.5427105752258e-05,6.542711652717e-05,73.729903988426,73.729907185931,26.802591742514,0.00029380305584198,7.7353514453372e-05,-4.7624542004883e-15,0,360.31472142664,100000024.1291,-7.6397221890008e-15,-0.0061354194929466,0.0093724411335462,369.00405438342,2.1837005433376e-05,981.4862493728,858.66571786026
9.5164999999998,-110.21939386769,-36.739798474215,7.148545623623e-19,0.0005913287592244,1.7340049679021,0,4.7132362111301e-15,81.111393134197,1.3606428389644e-15,-36.272292645249,-9.5272257958334e-16,9.5272238509379e-16,76.193583958679,76.193580520901,-9.5051553427137e-05,-9.5051612815357e-05,9.5272200944369e-16,-9.527221865246e-16,9.5051573451326e-05,9.505159040004e-05,76.193583208036,76.193586645805,27.69872302565,0.00030836778900904,8.1111393134215e-05,-4.6380290088383e-15,0,360.31472350292,100000026.11294,-7.9380946271538e-15,-0.0062136171302445,0.009471503361038,371.51310467123,2.2057592205862e-05,988.27876394818,864.61457328953
9.6164999999998,-119.0205277949,-39.673509831831,9.9828518836185e-19,0.00063839691453809,1.7340182826289,0,6.5391775050159e-15,84.926721988611,1.9337859000155e-15,-37.409022907208,-1.3540375740276e-15,1.3540372883389e-15,78.58139874845,78.581395064104,-0.00013637164431128,-0.00013637173638274,1.3540367108277e-15,-1.3540369706047e-15,0.00013637167537455,0.00013637170163203,78.58139797115,78.581401655488,28.567272269149,0.00032316899152714,8.492672198863e-05,-6.0510624719334e-15,0,360.31472567862,100000028.19146,-8.2364670653982e-15,-0.0062924658370106,0.009570555776177,373.94450083628,2.2230723555101e-05,994.86258208514,870.38073556962
9.7164999999998,-128.097468279,-42.699156707775,1.3763071872589e-18,0.00068763948895669,1.734031234911,0,8.9590121698381e-15,88.792765327046,2.7151725667549e-15,-38.508963118238,-1.9011648362126e-15,1.9011644241495e-15,80.891932244119,80.891928307439,-0.00019323589583228,-0.00019323603645768,1.9011635491701e-15,-1.9011639233249e-15,0.00019323594330722,0.00019323598338169,80.891931444246,80.891935380922,29.407723624926,0.00033818050905995,8.8792765327065e-05,-7.6228674780783e-15,0,360.31472795515,100000030.36601,-8.4168783073957e-15,-0.0063719734796358,0.0096695983809069,376.29712563489,2.2352577320288e-05,1001.234530196,875.96141731663
9.8164999999998,-137.42731994443,-45.809107308966,1.8734457760587e-18,0.00073908287314426,1.7340438211392,0,1.2121896506488e-14,92.701991426686,3.7666215495499e-15,-39.571533415839,-2.6373898617258e-15,2.6373892782664e-15,83.123966384563,83.12396219037,-0.00027045150077416,-0.00027045171242362,2.6373879714948e-15,-2.6373885004485e-15,0.00027045157227439,0.00027045163254165,83.123965566855,83.123969761042,30.219633487815,0.00035337301413814,9.2701991426706e-05,-1.1866045580669e-14,0,360.31473033377,100000032.63774,-8.7221896398149e-15,-0.0064521467243876,0.0097686311771705,378.57000887746,2.2419659993763e-05,1007.3918344684,881.35418135078
9.9164999999998,-146.9844534546,-48.99481852183,2.5181325162558e-18,0.00079274895715434,1.7340560384637,0,1.6199448850396e-14,96.646095404663,5.163171722214e-15,-40.596254046583,-3.6152549146412e-15,3.6152541038715e-15,85.276493398146,85.276488941894,-0.00037391410600246,-0.00037391441996883,3.6152521795991e-15,-3.6152529133564e-15,0.00037391421214132,0.00037391430147002,85.276492568011,85.276497024261,31.002634683814,0.00036871408799093,9.6646095404684e-05,-1.2691817770169e-14,0,360.31473281552,100000035.00762,-8.9928065029096e-15,-0.0065329909100597,0.0098676541669107,380.76234358321,2.2428922403891e-05,1013.3321651675,886.55697952733
10.0165,-156.74061846676,-52.246873563753,3.3425713510475e-18,0.0008486547051916,1.734067884863,0,2.1384594782995e-14,100.61604009494,6.9942333276092e-15,-41.582750657114,-4.8973651036198e-15,4.8973639984278e-15,87.348726917021,87.348722194835,-0.00051071987178874,-0.00051072033094225,4.8973612039728e-15,-4.8973622022567e-15,0.00051072002712104,0.00051072015764555,87.348726080563,87.348730802749,31.756440513676,0.00038416837369494,0.00010061604009496,-1.6363021400166e-14,0,360.31473540121,100000037.47641,-9.3466900930984e-15,-0.0066145099262425,0.0099666673520689,382.87350146842,2.2377858718648e-05,1019.0536791422,891.56818999468
10.1165,-166.6651200782,-55.555040798707,4.3823524515067e-18,0.00090681175940509,1.7340793592068,0,2.7888913900098e-14,104.60211608383,9.3643251715688e-15,-42.530759165171,-6.5569045670728e-15,6.5569030900719e-15,89.340112209215,89.340107217928,-0.00068924692705379,-0.00068924758917507,6.5568990870317e-15,-6.5569004182619e-15,0.0006892471512176,0.00068924733927072,89.340111373244,89.340116364531,32.48084847728,0.00039969780542234,0.00010460211608386,-1.9874261953734e-14,0,360.3147380914,100000040.04462,-9.7075125775017e-15,-0.0066967061002974,0.010065670734587,384.90304738339,2.2264590112054e-05,1024.5550594862,896.38665196138
10.2165,-176.72506079373,-58.908354392771,5.6757830785265e-18,0.000967226083716,1.7340904613137,0,3.5938338156853e-14,108.59402141437,1.2393242197223e-14,-43.440129988124,-8.6777538106079e-15,8.6777518768884e-15,91.250335061107,91.25032979829,-0.00091919241595752,-0.00091919335767234,8.6777462191299e-15,-8.6777479576957e-15,0.00091919273502551,0.00091919300223552,91.250334233146,91.250339495966,33.175743508741,0.00041526191604351,0.00010859402141439,-2.3661982535278e-14,0,360.31474088639,100000042.71252,-1.0054457274489e-14,-0.0067795800962218,0.010164664316406,386.85075229561,2.2087953230926e-05,1029.8355512618,901.01169701409
10.3165,-186.88564757097,-62.295216662869,7.2629240251001e-18,0.0010298976587538,1.7341011919985,0,4.5767169690744e-14,112.58096070054,1.621550698089e-14,-44.310831418073,-1.1354105646133e-14,1.135410316856e-14,93.07932886718,93.079323331165,-0.0012115515694754,-0.0012115528907794,1.135409527702e-14,-1.1354097498197e-14,0.0012115520175127,0.0012115523920608,93.079328055466,93.079333591483,33.841100561043,0.00043081822231027,0.00011258096070056,-3.2900480611875e-14,0,360.31474378623,100000045.48009,-1.0269562987786e-14,-0.0068631308286216,0.010263648099466,388.71660441495,2.184759758665e-05,1034.8949921843,905.44317602249
10.4165,-197.1105607155,-65.703521041669,9.184344828502e-18,0.001094820238543,1.7341115531107,0,5.7610531151284e-14,116.5517625317,2.0978984355816e-14,-45.142951950382,-1.4689495152702e-14,1.4689492050494e-14,94.827279521335,94.827273711225,-0.001578526901436,-0.001578528730757,1.4689481185089e-14,-1.4689483956939e-14,0.0015785275222485,0.0015785280402695,94.827278734802,94.827284544914,34.476986392511,0.00044632268344311,0.00011655176253173,-4.4231817876806e-14,0,360.31474679064,100000048.34707,-1.0554057640726e-14,-0.0069473553948695,0.010362622085705,390.50081807094,2.1543972137957e-05,1039.7338372097,909.68148070274
10.5165,-207.36237841532,-69.120793589181,1.147963863885e-17,0.0011619811786882,1.7341215475595,0,7.1695520397496e-14,120.49501313246,2.6842581021918e-14,-45.936701398233,-1.8795188943998e-14,1.8795185155375e-14,96.494627758132,96.494621673809,-0.0020333588389771,-0.0020333613386726,1.8795170384568e-14,-1.8795173756115e-14,0.0020333596880174,0.0020333603951118,96.494627006398,96.494633090724,35.083560427055,0.00046173022531383,0.00012049501313249,-5.8237497489948e-14,0,360.31474989907,100000051.31291,-1.0796918930985e-14,-0.0070322490282601,0.010461586277065,392.20383998644,2.1178419602366e-05,1044.3531760521,913.7275589893
10.6165,-217.60304772652,-72.53434998786,1.4185765341061e-17,0.0012313613443535,1.7341311793267,0,8.8231495973954e-14,124.3992033319,3.3973009904864e-14,-46.692410658545,-2.3787919572584e-14,2.3787915072174e-14,98.082068661063,98.08206230319,-0.0025900737810269,-0.0025900771531605,2.3787895241021e-14,-2.3787899226099e-14,0.0025900749274053,0.0025900758802192,98.082067954408,98.082074312285,35.66107458506,0.00047699531878442,0.00012439920333192,-7.9243629564551e-14,0,360.31475311066,100000054.37675,-1.1025902434344e-14,-0.0071178050745452,0.010560540675482,393.82635264316,2.075314222421e-05,1048.7547428049,917.58292348853
10.7165,-227.79439007699,-75.931464044155,1.7335315725361e-17,0.0013029351044255,1.7341404534643,0,1.0740005001945e-13,128.25288507059,4.2540668124069e-14,-47.410530034478,-2.9786999282213e-14,2.978699410375e-14,99.590548138812,99.590541508809,-0.0032631514503674,-0.0032631559425548,2.9786967801486e-14,-2.9786972357859e-14,0.0032631529788984,0.0032631542467075,99.59054748813,99.590554118137,36.209872012251,0.00049207259745282,0.00012825288507062,-1.0476084908272e-13,0,360.31475642426,100000057.53746,-1.1268763726619e-14,-0.0072040149936695,0.010659485282895,395.36927450578,2.0271176396914e-05,1052.9409170245,921.24965245437
10.8165,-237.89862702878,-79.299542942364,2.0954806712976e-17,0.0013766704158831,1.7341493760782,0,1.2934531213402e-13,132.04483297256,5.2714751577347e-14,-48.091626065132,-3.6910899238208e-14,3.6910893502801e-14,101.02125626568,101.02124936571,-0.0040671199755098,-0.0040671258865844,3.6910859031311e-14,-3.6910864034757e-14,0.0040671219887091,0.0040671236549389,101.02125568245,101.02126258242,36.73038466846,0.00050691749722543,0.00013204483297259,-1.3887638107216e-13,0,360.31475983841,100000060.79364,-1.150468612632e-14,-0.0072908683878381,0.010758420101242,396.83375695834,1.9736371009854e-05,1056.9147158723,924.73038292962
10.9165,-247.87891036568,-82.626303940814,2.5063125041093e-17,0.0014525289997226,1.7341579542953,0,1.5416525643501e-13,135.76420602327,6.4657800788543e-14,-48.736376862167,-4.5273430527114e-14,4.5273424477076e-14,102.37561748568,102.37561031862,-0.0050160937593887,-0.0050161014446,4.5273379821698e-14,-4.5273385035182e-14,0.0050160963793243,0.00501609854292,102.3756169819,102.37562414895,37.223129775744,0.00052148689814277,0.0001357642060233,-1.8111462024839e-13,0,360.31476335135,100000064.14359,-1.1782241891039e-14,-0.0073783530562431,0.010857345132458,398.22117790292,1.9153250431081e-05,1060.679777171,928.02829592871
11.0165,-257.69983972626,-85.899946916075,2.9670232746654e-17,0.001530466606899,1.734166196217,0,1.8190464686955e-13,139.40070416466,7.8519933770828e-14,-49.345566003653,-5.4979706003708e-14,5.4979700041518e-14,103.65527778592,103.65527035533,-0.0061232751344071,-0.0061232850098427,5.4979642845717e-14,-5.4979647884126e-14,0.006123278504297,0.0061232812808609,103.65527737408,103.65528480466,37.688705163928,0.00053573974789501,0.00013940070416469,-2.3362910449952e-13,0,360.31476696107,100000067.58536,-1.2101431021086e-14,-0.0074664550759633,0.010956260378481,399.53313207885,1.8526974303796e-05,1064.2403335242,931.14709378895
11.1165,-267.32795105419,-89.109317179889,3.4776232134146e-17,0.0016104333698224,1.7341741108584,0,2.1255015387616e-13,142.94471466777,9.443306490118e-14,-49.920075084995,-6.6122092342174e-14,6.6122087073686e-14,104.86208904906,104.86208135914,-0.0074004453601259,-0.0074004579060596,6.6122014619171e-14,-6.6122018910403e-14,0.0074004496455793,0.007400453168192,104.86208874205,104.86209643196,38.127783589516,0.00054963764657767,0.00014294471466779,-3.0081597971027e-13,0,360.31477066527,100000071.11675,-1.2372047896056e-14,-0.0075551589076684,0.011055165841246,400.77141826634,1.7863181167773e-05,1067.601177931,934.09097007026
11.2165,-276.73216015578,-92.244053331815,4.0370862134875e-17,0.0016923742321378,1.7341817080739,0,2.4602801862442e-13,146.38744349282,1.125054286122e-13,-50.460875072182,-7.8776375519598e-14,7.8776371800235e-14,105.9980908899,105.99808294539,-0.0088574731100307,-0.0088574888729239,7.8776280993885e-14,-7.877628373757e-14,0.0088574784998394,0.0088574829194869,105.99809070094,105.99809864542,38.541106138606,0.00056314537354131,0.00014638744349284,-3.8141824724129e-13,0,360.31477446142,100000074.73532,-1.2677359243187e-14,-0.0076444475239671,0.011154061522687,401.93802364154,1.7167885287926e-05,1070.7676216103,936.86457262788
11.3165,-285.88414758109,-95.294715552741,4.6433464960367e-17,0.001776229447004,1.7341889984729,0,2.8220444693002e-13,149.72102747795,1.3281672017247e-13,-50.969016641962,-9.2998358384445e-14,9.2998357366636e-14,107.0654903639,107.06548217009,-0.010501868852679,-0.010501888445608,9.2998244735476e-14,-9.2998244860818e-14,0.010501875559074,0.010501881044628,107.06549030649,107.06549850024,38.929474854579,0.00057623133961556,0.00014972102747798,-4.7957763542133e-13,0,360.31477834677,100000078.43845,-1.2989609487311e-14,-0.0077343025574818,0.01125294742474,403.03510564199,1.6447309169946e-05,1073.7454449995,939.47296070186
11.4165,-294.75867371762,-98.252890636406,5.293342553013e-17,0.0018619351319787,1.7341959933252,0,3.208887057306e-13,152.93862405352,1.5541413311308e-13,-51.445619724333,-1.088210860563e-13,1.088210892364e-13,108.06664000009,108.06663156274,-0.012338411370128,-0.012338435471478,1.0882095093135e-13,-1.0882094705595e-13,0.012338419628447,0.012338426366147,108.06664008793,108.06664852521,39.293744754903,0.00058886795132085,0.00015293862405354,-5.9996540335122e-13,0,360.31478231837,100000082.22331,-1.3281043053304e-14,-0.0078247044651507,0.011351823549338,404.06497177816,1.5707744554474e-05,1076.5408430986,941.92155705023
11.5165,-303.3338162585,-101.11127114535,5.9831050490859e-17,0.0019494238670825,1.7342027044603,0,3.6183869436235e-13,156.03447621804,1.8030951719588e-13,-51.891862483547,-1.2625285592918e-13,1.2625286519159e-13,109.00401465458,109.00400597982,-0.014368868271343,-0.01436889762169,1.2625269700056e-13,-1.262526873921e-13,0.014368878339076,0.014368886531508,109.00401490147,109.00402357613,39.634815417357,0.00060103187775716,0.00015603447621806,-7.4124238968716e-13,0,360.3147863731,100000086.08692,-1.3530843259985e-14,-0.0079156327048005,0.011450689898414,405.03005788248,1.4955448942541e-05,1079.1603664893,944.21609628795
11.6165,-311.59112577868,-103.86370726992,6.7078822590197e-17,0.0020386253216617,1.7342091441621,0,4.0476859200672e-13,159.0039516364,2.0747780799363e-13,-52.308969983921,-1.4527611805775e-13,1.4527613571423e-13,109.88018770184,109.88017879614,-0.016591826206389,-0.016591861603592,1.452759330844e-13,-1.4527591562717e-13,0.016591838361607,0.016591848226175,109.88018812164,109.88019702719,39.95362232377,0.00061270421529681,0.00015900395163642,-9.0882117910798e-13,0,360.31479050772,100000090.02619,-1.3794521259191e-14,-0.008007065919769,0.011549546473902,405.93290532086,1.4196488654156e-05,1081.610859448,946.36257067671
11.7165,-319.51569881165,-106.50523118668,7.4622942740849e-17,0.0021294668953894,1.7342153250614,0,4.4935805766892e-13,161.84355586424,2.3685679663188e-13,-52.698202786012,-1.6584731392554e-13,1.6584734274764e-13,110.6978070798,110.69779794992,-0.01900263921243,-0.019002681505033,1.6584710081672e-13,-1.6584707298464e-13,0.019002653751616,0.019002665518559,110.69780768637,110.69781681605,40.251128148894,0.0006238705497434,0.00016184355586426,-1.1045464588143e-12,0,360.31479471886,100000094.03789,-1.4044321475952e-14,-0.0080989821272889,0.011648393277733,406.77613770198,1.343661181816e-05,1083.8993966069,948.36717463733
11.8165,-327.09617126535,-109.03205486436,8.2405058105943e-17,0.0022218743590695,1.7342212600288,0,4.9526238886613e-13,164.55092077552,2.6834822412044e-13,-53.060845707884,-1.8789764269167e-13,1.8789768593453e-13,111.45957168178,111.45956233466,-0.021593495961979,-0.021593546041109,1.8789739956991e-13,-1.8789735840783e-13,0.021593513197337,0.021593527107338,111.45957248887,111.45958183573,40.528314173799,0.00063452091989638,0.00016455092077555,-1.3309957877707e-12,0,360.31479900308,100000098.11877,-1.4335755062181e-14,-0.0081913589064411,0.011747230311839,407.5624376064,1.2681237944132e-05,1086.033219582,950.23624922877
11.9165,-334.32463808152,-111.44154328325,9.0364070440203e-17,0.0023157724818177,1.7342269620702,0,5.421230313921e-13,167.12477021222,3.0182010663253e-13,-53.398196966468,-2.1133468934818e-13,2.113347507644e-13,112.16820854674,112.16819898948,-0.024353599366577,-0.024353658156607,2.1133441460907e-13,-2.1133435672339e-13,0.024353619622901,0.024353635924359,112.16820956794,112.16821912487,40.786171988189,0.00064464969023582,0.00016712477021224,-1.5931563230858e-12,0,360.31480335689,100000102.26549,-1.4613310867404e-14,-0.0082841735817683,0.011846057578151,408.29452382343,1.1935255924602e-05,1088.0196749003,951.97622776068
12.0165,-311.67429853914,-103.89141332479,9.1954906539259e-17,0.0024102662719487,1.7342253772634,0,5.5254720477036e-13,155.08187805899,3.3658873332147e-13,-53.646193550435,-2.3567988131188e-13,2.3567980268723e-13,112.6891467458,112.68913700387,-0.027225055779458,-0.027225135671108,2.3567957417355e-13,-2.3567933366607e-13,0.027225079346255,0.027225109828617,112.68914845173,112.68915819258,40.979927587338,0.00059596058947308,0.00015508187805728,-1.8899583278184e-12,0,360.31480777678,100000106.43853,-1.4897805573599e-14,-0.0083559064088082,0.011912266382949,407.64291442104,-0.00025941259042719,1086.2469018331,950.42338571469
12.1165,-182.65497927904,-60.884988877377,4.0518904209311e-17,0.0024728893255199,1.7341932550649,0,2.4735173546426e-13,94.597719571138,3.3929835228455e-13,-51.54064878467,-2.3757614056855e-13,2.3757709625627e-13,108.26623969811,108.26623011449,-0.027418982846148,-0.027418992186518,2.3757583158097e-13,-2.3757660386486e-13,0.027419007148507,0.027418965551782,108.26624064352,108.26625022662,39.3872030448,0.00036058850265291,9.4597719571015e-05,-2.0774694330793e-12,0,360.31481084388,100000109.20408,-1.514066690272e-14,-0.0083096552607292,0.011813445659979,401.25291287141,-0.00012853752753266,1068.8900571488,935.21911569307
12.2165,-146.06747574763,-48.689156394238,1.9034499893389e-17,0.0025213812578956,1.7341634724677,0,1.1792572963798e-13,79.640780712208,3.164514481332e-13,-48.957255550079,-2.2157881508258e-13,2.2157967477887e-13,102.8395645904,102.83955501218,-0.025521402658406,-0.02552141468982,2.2157852792776e-13,-2.2157920553688e-13,0.025521425542501,0.025521389616187,102.83956604625,102.83957562395,37.414066503255,0.00030255754805117,7.9640780712147e-05,-2.1635856929429e-12,0,360.31481313506,100000111.34552,-1.5383528226328e-14,-0.0082592926662445,0.011714615170508,395.37429160779,-7.3528559631738e-05,1052.9323523152,921.24106106967
12.3165,-120.05953019086,-40.019841682066,9.1428436608067e-18,0.0025630231571275,1.7341348173496,0,5.7461588528017e-14,69.023434296625,2.8523238222719e-13,-46.430047727597,-1.9971929186932e-13,1.9972005140702e-13,97.530912989975,97.530903380954,-0.022962580187525,-0.022962592648022,1.9971903389649e-13,-1.9971962303529e-13,0.022962600909262,0.022962569947092,97.530914646543,97.53092425504,35.483074730665,0.00026147284873372,6.9023434296581e-05,-2.209376984073e-12,0,360.3148150967,100000113.18443,-1.5640267334288e-14,-0.0082069568464219,0.011615774912606,389.74379358141,-5.936740776824e-05,1037.6569018605,907.86112263275
12.4165,-99.243418622473,-33.081138067252,4.4612545325063e-18,0.0025992638142456,1.734107050352,0,2.8434917219317e-14,60.224180562707,2.5273818873066e-13,-43.987560234687,-1.7696691399441e-13,1.7696757992557e-13,92.400225121311,92.400215492257,-0.020318948494597,-0.020318960306498,1.7696668600609e-13,-1.7696719736951e-13,0.020318966898675,0.020318940146406,92.400226911654,92.400236540181,33.61679253322,0.00022751772368097,6.0224180562674e-05,-2.2327242252844e-12,0,360.31481680273,100000114.7848,-1.5910884226865e-14,-0.0081530704169021,0.011516924884342,384.30902629157,-5.0610340766095e-05,1022.9203458405,894.95363609532
12.5165,-82.181278476645,-27.39375820312,2.2039083614037e-18,0.0026309400680521,1.7340800337962,0,1.4242440219537e-14,52.702077142159,2.2192136739532e-13,-41.624039174362,-1.5538902392645e-13,1.5538960533616e-13,87.435414285053,87.43540465545,-0.017824014999359,-0.017824025746106,1.5538882412312e-13,-1.5538926777528e-13,0.017824031179041,0.017824008023606,87.435416183568,87.435425812646,31.81088189286,0.00019856944678137,5.2702077142134e-05,-2.248272346356e-12,0,360.31481829343,100000116.1836,-1.6181501116587e-14,-0.0080978765989986,0.011418065083784,379.03968707775,-4.3817978957692e-05,1008.6396583617,882.44583126995
12.6165,-68.046554663814,-22.682183755757,1.0994927942469e-18,0.0026586826534943,1.7340536640035,0,7.2027356500691e-15,46.180308118676,1.9388880686289e-13,-39.332212554418,-1.3576066662504e-13,1.3576117300581e-13,82.621204899889,82.621195290223,-0.015561998126836,-0.015562007701517,1.3576049230057e-13,-1.3576087717175e-13,0.015562012271719,0.015561992208353,82.621206890285,82.62121649943,30.059782279684,0.00017353749075125,4.6180308118656e-05,-2.2543295159187e-12,0,360.31481959883,100000117.40869,-1.6486812473358e-14,-0.0080415585870607,0.011319195508998,373.91292225422,-3.8283472601022e-05,994.75223047989,870.2828347457
12.7165,-56.255471689962,-18.751822901647,5.5280320726046e-19,0.0026829954327202,1.7340278581627,0,3.6704992617452e-15,40.468573132059,1.689186974931e-13,-37.106154011597,-1.1827663206991e-13,1.1827707246949e-13,77.945148021942,77.945138452524,-0.013551614950057,-0.013551623384342,1.1827648034173e-13,-1.1827681423009e-13,0.013551627277349,0.013551609882288,77.945150091178,77.945159660083,28.358956670199,0.0001516723552429,4.0468573132043e-05,-2.2576212530054e-12,0,360.31482074284,100000118.48232,-1.6840696085273e-14,-0.0079842627219519,0.011220316158054,368.91046934006,-3.3678885836074e-05,981.20804350755,858.42080860875
12.8165,-46.373020249777,-15.457672542813,2.7963820439213e-19,0.0027042910399969,1.7340025484523,0,1.8816981951585e-15,35.426259016799,1.4692532373903e-13,-34.941307636627,-1.0287690305971e-13,1.0287728574558e-13,73.397673487964,73.397663978972,-0.011783568504912,-0.011783575887718,1.0287677117367e-13,-1.0287706085082e-13,0.011783579228991,0.011783564141801,73.397675624656,73.397685133146,26.704916119652,0.00013242079972757,3.5426259016786e-05,-2.2598609687904e-12,0,360.31482174498,100000119.42271,-1.7139068544018e-14,-0.0079261088669155,0.011121427029017,364.0173698582,-2.9788365687868e-05,967.96613650025,846.82385389566
12.9165,-38.066363453898,-12.688787052083,1.4211853776359e-19,0.0027229136320588,1.733977678293,0,9.6909066402745e-16,30.946598547922,1.2767469411188e-13,-32.83428281788,-8.9397639411816e-14,8.9397971774287e-14,68.971658962309,68.971649534054,-0.010237573943097,-0.010237580382206,8.9397524857154e-14,-8.9397776192686e-14,0.010237583262861,0.010237570174491,68.971661156055,68.971670583822,25.095063170625,0.00011536314005932,3.0946598547913e-05,-2.2625571751971e-12,0,360.31482262151,100000120.24507,-1.7361113168063e-14,-0.007867197023173,0.011022528119953,359.22114673179,-2.6455692650141e-05,954.99234982429,835.46203278586
13.0165,-31.075694886032,-10.358564292701,7.2476646432645e-20,0.0027391548945185,1.7339531997114,0,5.0077619485848e-16,26.947183130285,1.1088475620363e-13,-30.782688024593,-7.764134857468e-14,7.7641637139998e-14,64.662080781075,64.662071454296,-0.0088900973426667,-0.0088901029469913,7.764124911448e-14,-7.7641467194255e-14,0.0088901054371564,0.008890094081329,64.662083022018,64.662092348315,23.527564498337,0.00010017564859864,2.6947183130277e-05,-2.2631059372774e-12,0,360.3148233862,100000120.96227,-1.7701118986879e-14,-0.007807611985444,0.010923619428927,354.5112250196,-2.356370324545e-05,942.25773755171,824.30997711662
13.1165,-25.194669035439,-8.3982224293209,3.7048231384514e-20,0.0027532657558601,1.7339290714093,0,2.5937361447562e-16,23.36367768636,9.6271188300968e-14,-28.785018769559,-6.7408948946132e-14,6.7409199437241e-14,60.465778605887,60.465769402072,-0.0077178019920546,-0.0077178068638843,6.7408862611129e-14,-6.7409051842587e-14,0.007717809019894,0.0077177991665145,60.465780884382,60.465790087722,22.001264982279,8.6605652141418e-05,2.3363677686353e-05,-2.2655001235694e-12,0,360.31482405087,100000121.58539,-1.8006430334716e-14,-0.0077474267510289,0.010824700954005,349.87850775905,-2.1022490340015e-05,929.7374058253,813.34587029458
13.2165,-20.256793694607,-6.7522640606885,1.8964281850364e-20,0.0027654651920162,1.7339052573107,0,1.3452297618762e-16,20.145484952778,8.3567257992335e-14,-26.840589087225,-5.851367488824e-14,5.8513892302983e-14,56.381311486328,56.381302428017,-0.0066989903915183,-0.0066989946235694,5.8513599955903e-14,-5.851376415966e-14,0.0066989964920086,0.0066989879419069,56.38131379265,56.381322850494,20.515635098124,7.4454356470716e-05,2.0145484952773e-05,-2.2635371436027e-12,0,360.31482462582,100000122.1241,-1.8283986105587e-14,-0.0076867050843882,0.010725772693249,345.31505705701,-1.8761711209423e-05,917.4096400323,802.55068235779
13.3165,-16.125718835262,-5.3752391783575,9.7122285582436e-21,0.0027759469949073,1.7338817254444,0,6.9803507171588e-17,17.252672286295,7.253130626426e-14,-24.949495809263,-5.0786317103439e-14,5.0786505795659e-14,52.408882816832,52.408873927921,-0.0058141102434058,-0.0058141139181513,5.0786252072368e-14,-5.078639456128e-14,0.0058141155382715,0.0058141081188682,52.408885140925,52.408894029378,19.070743430835,6.3564667382205e-05,1.7252672286292e-05,-2.2628293626583e-12,0,360.31482512016,100000122.58697,-1.8596236344714e-14,-0.0076255034909843,0.010626834644725,340.81384889323,-1.6725424927683e-05,905.25523414486,791.90758223764
13.4165,-12.688145949712,-4.2293816138642,4.9722833368244e-21,0.0027848850780169,1.7338584470658,0,3.6208958271439e-17,14.653733947117,6.2948398325077e-14,-23.112606476124,-4.4076378549671e-14,4.4076542306526e-14,48.550314943406,48.550306249424,-0.0050458300106661,-0.0050458332007054,4.4076322113766e-14,-4.407644576107e-14,0.005045834605968,0.0050458281676335,48.55031727465,48.550325968182,17.667247303408,5.3812313184937e-05,1.4653733947114e-05,-2.2633998384993e-12,0,360.31482554204,100000122.98166,-1.8922364370436e-14,-0.0075638727668446,0.010527886806494,336.36858091997,-1.4868696986223e-05,893.25696536239,781.40147737616
13.5165,-9.8485408217381,-3.2828466290533,2.5427704778345e-21,0.0027924376981624,1.7338353959572,0,1.8762007471396e-17,12.323903600731,5.462932329437e-14,-21.331561911687,-3.825137402929e-14,3.8251516142015e-14,44.809054571677,44.809046100017,-0.0043789252108849,-0.0043789279797468,3.8251325053585e-14,-3.8251432351677e-14,0.0043789291988814,0.0043789236118366,44.809056898689,44.809065369909,16.306394671068,4.5099140290694e-05,1.2323903600729e-05,-2.2652926567284e-12,0,360.31482589888,100000123.31518,-1.9255431288911e-14,-0.0075018592338308,0.01042892917662,331.97351953819,-1.3155261626241e-05,881.39917640895,771.01864769967
13.6165,-7.52511639378,-2.5083718718354,1.2979110319032e-21,0.0027987508384653,1.7338125478659,0,9.703884734656e-18,10.243812903382,4.7408493153601e-14,-19.608782985575,-3.3195359039401e-14,3.3195482366648e-14,41.190186971619,41.190178751659,-0.0038000905209785,-0.003800092924063,3.3195316538242e-14,-3.3195409649424e-14,0.0038000939818433,0.0038000891335022,41.190189282086,41.190197501618,14.990029294857,3.7347779864544e-05,1.0243812903381e-05,-2.2653048441279e-12,0,360.3148261975,100000123.59396,-1.9532987055062e-14,-0.0074395057313896,0.010329961753164,327.62337737542,-1.1556256231137e-05,869.66744111284,760.74645258457
13.7165,-5.6467368548389,-1.8822454055092,6.607666654635e-22,0.0028039608978477,1.7337898800563,0,5.0061084988735e-18,8.3983392939224,4.1141489950207e-14,-17.947467928531,-2.8807212328423e-14,2.8807319352269e-14,37.700430338067,37.700422401118,-0.0032977319819522,-0.0032977340674738,2.8807175446116e-14,-2.8807256246478e-14,0.003297734985317,0.0032977307779967,37.70043261864,37.700440555173,13.720588806399,3.0497076700789e-05,8.3983392939211e-06,-2.2640210142052e-12,0,360.31482644428,100000123.82403,-1.9768909456693e-14,-0.0073768524062417,0.010230984534188,323.31321589351,-1.0049632489315e-05,858.04829873323,750.57309807057
13.8165,-4.1505209710657,-1.3835068189881,3.3527263457488e-22,0.0028081967535374,1.7337673709669,0,2.5741317998494e-18,6.7755166004866,3.5702613927547e-14,-16.351562070427,-2.4998919100324e-14,2.4999011975417e-14,34.348072222248,34.348064601256,-0.0028617641014181,-0.0028617659112878,2.4998887094138e-14,-2.4998957211542e-14,0.0028617667077382,0.0028617630566796,34.348074458545,34.348082079134,12.501081848776,2.4497799459308e-05,6.7755166004857e-06,-2.2648556209055e-12,0,360.31482664524,100000124.01108,-2.0088098584112e-14,-0.007313937318057,0.010131997517753,319.03837070028,-8.6202103556488e-06,846.52905024801,740.48745836695
13.9165,-2.9800149465602,-0.99333818042601,1.694241453176e-22,0.0028115812001371,1.7337449999715,0,1.3183292837316e-18,5.3654104593419,3.0982588922184e-14,-14.825677007469,-2.1693964336947e-14,2.1694044933462e-14,31.14279973436,31.142792463223,-0.0024834223344846,-0.0024834239051089,2.1693936562271e-14,-2.1693997409253e-14,0.0024834245962379,0.0024834214278925,31.142801911092,31.142809181844,11.335026761483,1.9308271132736e-05,5.3654104593412e-06,-2.2671932960688e-12,0,360.31482680611,100000124.16054,-2.0386471028785e-14,-0.0072507968603592,0.010033000701918,314.79439941358,-7.2601810447261e-06,835.09761597927,730.47895109369
14.0165,-2.0838729565375,-0.69462421497976,8.520348084526e-23,0.0028142317252421,1.7337227472537,0,6.719911695554e-19,4.1589017317479,2.6886484670449e-14,-13.374933082592,-1.8825877999829e-14,1.8825947940889e-14,28.095368657894,28.09536177032,-0.0021550945301361,-0.0021550958931265,1.8825853897241e-14,-1.8825906699521e-14,0.0021550964928698,0.0021550937434155,28.095370759195,28.095377646404,10.226331870919,1.4889725777333e-05,4.1589017317475e-06,-2.2668062435382e-12,0,360.31482693236,100000124.27758,-2.0629332321233e-14,-0.0071874659827118,0.0099339940847429,310.57705349629,-5.9695697944903e-06,823.74245817753,720.53746941684
14.1165,-1.4150267285492,-0.4716754985995,4.2610710244281e-23,0.0028162605689308,1.7337005938037,0,3.4066752125144e-19,3.1463883080549,2.3331868893044e-14,-12.004701219376,-1.6336941122255e-14,1.6337001816501e-14,25.217061146077,25.217054673916,-0.0018701716879897,-0.0018701728707881,1.6336920206277e-14,-1.6336966027491e-14,0.0018701733912333,0.0018701710052871,25.217063156047,25.217069627862,9.1790990450982,1.1201458461356e-05,3.1463883080547e-06,-2.2697626150293e-12,0,360.31482702923,100000124.36717,-2.0893010294455e-14,-0.0071239781963853,0.009834977664287,306.38227593701,-4.7563759601284e-06,812.45257341045,710.65337530953
14.2165,-0.93033590383943,-0.31011191186365,2.1175455028474e-23,0.0028177740492232,1.7336785215435,0,1.7163463921934e-19,2.3165123582597,2.024718031802e-14,-10.720232022948,-1.4177046602063e-14,1.4177099271957e-14,22.518906611478,22.518900582597,-0.0016229169254443,-0.001622917951869,1.4177028451397e-14,-1.4177068214537e-14,0.0016229184035031,0.0016229163330048,22.518908514964,22.518914543522,8.1973411601666,8.1961963509113e-06,2.3165123582595e-06,-2.2679801223033e-12,0,360.31482710169,100000124.43401,-2.1177504948484e-14,-0.0070603653562883,0.0097359514386089,302.20622539685,-3.6356090218457e-06,801.21755621914,700.81755520772
14.3165,-0.59067866609078,-0.19689284960984,1.0448995049936e-23,0.0028188712298457,1.7336565135659,0,8.5875209254087e-20,1.6551269045261,1.757030462939e-14,-9.5261848486885,-1.2302702082734e-14,1.2302747789147e-14,20.010692488109,20.010686923997,-0.0014083509899244,-0.0014083518806473,1.2302686331778e-14,-1.2302720837798e-14,0.0014083522725692,0.001408350475813,20.010694271658,20.010699835469,7.2846229681406,5.8164993936374e-06,1.655126904526e-06,-2.2686756038638e-12,0,360.31482715438,100000124.48246,-2.1461999601657e-14,-0.0069966572408274,0.0096369154057662,298.04532404657,-2.6265524349793e-06,790.02772637329,691.02153133586
14.4165,-0.36136884440118,-0.12045625528814,5.1159525695175e-24,0.0028196421517713,1.7336345544517,0,4.2639093018765e-20,1.1447821021975,1.5247332344663e-14,-8.4261053587876,-1.0676160220866e-14,1.0676199884426e-14,17.699866787235,17.699861700734,-0.0012221525087334,-0.0012221532816944,1.0676146552353e-14,-1.0676176496305e-14,0.0012221536217995,0.0012221520625935,17.699868440095,17.699873526319,6.4436621607571,3.9932069944352e-06,1.1447821021975e-06,-2.2683367849753e-12,0,360.31482719152,100000124.5165,-2.1795066511403e-14,-0.0069328809960827,0.0095378695638162,293.89632109126,-1.7485771633355e-06,778.87429803589,681.25760970607
14.5165,-0.21269783786222,-0.070899262480945,2.4836136886346e-24,0.0028201660022998,1.7336126305998,0,2.0995521626236e-20,0.76497078063006,1.323147760916e-14,-7.4219364096866,-9.2646616273866e-15,9.2646960470134e-15,15.59051066808,15.590506061713,-0.0010605712227381,-0.0010605718935061,9.2646497659959e-15,-9.2646757510372e-15,0.0010605721886453,0.001060570835583,15.590512183067,15.590516789182,5.675955216039,2.6467420184069e-06,7.6497078063004e-07,-2.2694843035711e-12,0,360.31482721684,100000124.53963,-2.2086500057098e-14,-0.0068690605579906,0.0094388139108157,289.75635850171,-1.0159636689292e-06,767.74955449937,671.51903297486
14.6165,-0.12034825245868,-0.040116073827276,1.1947048173512e-24,0.0028205096801287,1.733590730489,0,1.0245732291245e-20,0.49318891738955,1.1482138218088e-14,-6.5136657881815,-8.0397766962635e-15,8.0398065652562e-15,13.682598472776,13.682594338122,-0.00092035258707843,-0.00092035316916403,8.0397664030743e-15,-8.0397889526165e-15,0.00092035342528259,0.00092035225110942,13.682599846814,13.68260398124,4.9815070616926,1.691359579047e-06,4.9318891738954e-07,-2.2707751869884e-12,0,360.31482723351,100000124.55481,-2.2405689177883e-14,-0.0068052161931753,0.0093397484448208,285.62302243569,-4.3352580966819e-07,756.64698411299,661.80009930887
14.7165,-0.06545972555771,-0.021819902451294,5.6910361956565e-25,0.0028207271621348,1.7335688448028,0,4.9521893422216e-21,0.30659098151996,9.9640790212355e-15,-5.6991985506696,-6.9768338255651e-15,6.9768597455634e-15,11.971729562496,11.971725880823,-0.00079867228718675,-0.00079867279231461,6.9768248932446e-15,-6.9768444614979e-15,0.00079867301457152,0.00079867199563647,11.971730796681,11.971734478149,4.3587318171837,1.0414088177965e-06,3.0659098151996e-07,-2.268515163002e-12,0,360.3148272441,100000124.56441,-2.2669367147039e-14,-0.0067413642839265,0.009240673163887,281.49436574482,5.3671865473371e-09,745.56133830242,652.09621304112
14.8165,-0.034251140012028,-0.011417043258154,2.6830819326096e-25,0.0028208598759872,1.7335469663766,0,2.3694730845709e-21,0.18379152615587,8.6467228282189e-15,-4.9744895282108,-6.054422910274e-15,6.0544454033754e-15,10.449406657612,10.449403401668,-0.00069307938537451,-0.00069307982371918,6.0544151589008e-15,-6.0544321400236e-15,0.00069308001659134,0.00069307913237029,10.449407756812,10.449411012574,3.8045522263528,6.178903256554e-07,1.8379152615587e-07,-2.2672636494667e-12,0,360.31482725059,100000124.57027,-2.2946922903664e-14,-0.0066775174218136,0.009141588066069,277.36889424381,3.1757119837358e-07,734.48859222999,642.403850103
14.9165,-0.017262538282273,-0.0057541775882608,1.2513155728793e-25,0.0028209380052047,1.7335250899829,0,1.1217327516898e-21,0.10632233633818,7.5035348252372e-15,-4.333902216699,-5.2539643117379e-15,5.253983831014e-15,9.1037897221285,9.1037868586606,-0.00060144697029494,-0.00060144735068584,5.2539575851783e-15,-5.2539723212168e-15,0.00060144751805824,0.00060144675074057,9.1037906941934,9.103793557501,3.3146724518008,3.5352977029702e-07,1.0632233633817e-07,-2.2679639304332e-12,0,360.31482725442,100000124.57372,-2.3259173129614e-14,-0.0066136847894001,0.0090424931494218,273.24551941572,5.2641439621002e-07,723.42581552971,632.72044475248
15.0165,-0.008394539231985,-0.0027981787921974,5.7701278724319e-26,0.0028209824206162,1.7335032120032,0,5.2518151761202e-22,0.059425561325862,6.5114882560489e-15,-3.770704736181,-4.5593347282251e-15,4.5593516668467e-15,7.9207377753229,7.9207352678046,-0.00052192932413046,-0.00052192965422967,4.5593288909878e-15,-4.5593416787661e-15,0.00052192979947367,0.00052192913360351,7.9207386301249,7.9207411375024,2.883956296139,1.9529563379636e-07,5.9425561325862e-08,-2.2680533976336e-12,0,360.31482725661,100000124.57568,-2.3460401052945e-14,-0.0065498727376546,0.0089433884119989,269.12348860295,6.5700293287109e-07,712.37098298338,623.04422375116
15.1165,-0.0039461406641825,-0.0013153797472934,2.6296433841161e-26,0.0028210068357717,1.7334813300593,0,2.4306520900973e-22,0.032137810615743,5.6506006830507e-15,-3.2775944994423,-3.9565424855759e-15,3.9565571847327e-15,6.8849110099625,6.8849088210429,-0.00045292474924712,-0.00045292503570372,3.9565374200832e-15,-3.9565485171819e-15,0.00045292516174492,0.00045292458390984,6.8849117584379,6.8849139472343,2.506828085092,1.043202322049e-07,3.2137810615743e-08,-2.2671616125607e-12,0,360.31482725781,100000124.57676,-2.3626934506683e-14,-0.0064860854361674,0.0088442738518534,265.00230719272,7.3235942921288e-07,701.32276418534,613.37402217443
15.2165,-0.0017966647761557,-0.00059888803086081,1.1838995161624e-26,0.0028210198333807,1.7334594426639,0,1.1115957663632e-22,0.016844334090945,4.9035315278112e-15,-2.8471617816612,-3.4334457356487e-15,3.4334584914216e-15,5.9807445661089,5.9807426594994,-0.00039304330782075,-0.00039304355640477,3.4334413398677e-15,-3.4334509698126e-15,0.00039304366578198,0.00039304316434281,5.980745219453,5.9807471259549,2.1776273950469,5.3971989390605e-08,1.6844334090945e-08,-2.268867452055e-12,0,360.31482725845,100000124.57734,-2.3980818095795e-14,-0.0064223254876206,0.008745149467038,260.8816655072,7.7115149307462e-07,690.2803263049,603.70911071032
15.3165,-0.00079373648285234,-0.00026457872170303,5.2632624363748e-27,0.0028210265452546,1.7334375489303,0,5.0211237622902e-23,0.0085700696310252,4.2552328050131e-15,-2.4722416673816,-2.9795079007187e-15,2.9795189700435e-15,5.1931878304196,5.1931861721396,-0.00034107882576541,-0.00034107904148399,2.9795040861064e-15,-2.9795124428707e-15,0.00034107913640038,0.00034107870125677,5.1931883994957,5.193190057682,1.8908787381391,2.7089717145756e-08,8.5700696310252e-09,-2.267777370822e-12,0,360.31482725879,100000124.57763,-2.4445723987339e-14,-0.0063585944389726,0.0086460152556052,256.76137822249,7.8710219071969e-07,679.24317086473,594.04905275315
15.4165,-0.0003408186100226,-0.0001136061556222,2.3095698157127e-27,0.002821029912506,1.7334156483538,0,2.2392484346524e-23,0.004239000950099,3.6926460250726e-15,-2.1461432579502,-2.5855854451227e-15,2.5855950509657e-15,4.5081859089206,4.5081844679734,-0.00029598459761607,-0.00029598478481438,2.5855821348425e-15,-2.5855893867542e-15,0.00029598486718182,0.0002959844895688,4.5081864038854,4.5081878447511,1.641467469716,1.3211294981305e-08,4.239000950099e-09,-2.2676769834812e-12,0,360.31482725896,100000124.57778,-2.4785729788601e-14,-0.0062948931659305,0.0085468712156061,252.6413389401,7.8951126252173e-07,668.21101146673,584.39359735399
15.5165,-0.00014244277848579,-4.7480905283697e-05,9.9988921715072e-28,0.002821031556039,1.7333937406599,0,9.8551567537065e-24,0.0020411724702482,3.2044391654843e-15,-1.8627717669531,-2.2437437029699e-15,2.2437520388189e-15,3.9129361004524,3.9129348490721,-0.00025685230327744,-0.00025685246572615,2.2437408303438e-15,-2.243747123476e-15,0.00025685253720374,0.00025685220951516,3.9129365305605,3.9129377818701,1.4247337178027,6.2688974466435e-09,2.0411724702482e-09,-2.2682766499744e-12,0,360.31482725904,100000124.57785,-2.5299207937447e-14,-0.0062312221390934,0.0084477173450916,248.52148881604,7.8428578017049e-07,657.18368942369,574.7426053603
15.6165,-5.8018230145657e-05,-1.9339401163116e-05,4.2689316046738e-28,0.0028210323374847,1.7333718257072,0,4.2784888134499e-24,0.00095794770491943,2.7807784153991e-15,-1.616670744778,-1.9470970540213e-15,1.9471042877829e-15,3.3959765934708,3.3959755070861,-0.00022289371210256,-0.00022289385307383,1.9470945611867e-15,-1.9471000223003e-15,0.00022289391510133,0.00022289363073664,3.3959769670067,3.3959780533299,1.2365051026721,2.8977485407459e-09,9.5794770491943e-10,-2.2690091951162e-12,0,360.31482725908,100000124.57789,-2.5826563874094e-14,-0.0061675815957693,0.0083485536421123,244.40179635058,7.749114452498e-07,646.16111944506,565.09600186827
15.7165,-2.3053572052985e-05,-7.6845203343987e-06,1.7964956720056e-28,0.0028210326998127,1.7333499034276,0,1.8313868492981e-24,0.00043860714637918,2.4131300970428e-15,-1.4030121083182,-1.689670229351e-15,1.6896765067328e-15,2.9471655224135,2.9471645794516,-0.00019342480583869,-0.00019342492817206,1.6896680660955e-15,-1.6896728051921e-15,0.00019342498199887,0.0001934247352302,2.9471658467069,2.9471667896154,1.0730894072605,1.3061354788571e-09,4.3860714637918e-10,-2.2685608266223e-12,0,360.3148272591,100000124.5779,-2.6326164235123e-14,-0.0061039716444773,0.0082493801047178,240.28224511923,7.633929109354e-07,635.14325668441,555.45374737637
15.8165,-8.9436793838273e-06,-2.9812249724917e-06,7.4482806697803e-29,0.0028210328637858,1.7333279737918,0,7.7253842876765e-25,0.00019607671230566,2.0940887747691e-15,-1.21755641336,-1.4662779535514e-15,1.4662834009969e-15,2.5575975158957,2.5575966975093,-0.00016785200066546,-0.00016785210682507,1.4662760763012e-15,-1.4662801888391e-15,0.00016785215353541,0.00016785193939217,2.5575977973821,2.5575986157223,0.93124438199124,5.7454638767001e-10,1.9607671230566e-10,-2.2691584558612e-12,0,360.3148272591,100000124.57791,-2.6846581277857e-14,-0.0060403923253139,0.0081501967309572,236.16282669748,7.5078720443612e-07,624.13007774808,545.8158211611
15.9165,-3.3897827040722e-06,-1.129926980735e-06,3.040751806982e-29,0.0028210329362649,1.7333060367907,0,3.2098674106077e-25,8.563681253868e-05,1.8172280897001e-15,-1.0565991166621,-1.2724204993627e-15,1.2724252265983e-15,2.2194908148841,2.2194901046557,-0.00014566019081502,-0.00014566028293921,1.2724188703049e-15,-1.2724224391218e-15,0.00014566032347394,0.00014566013764271,2.2194910591865,2.2194917693747,0.80813675801344,2.4679949895199e-10,8.563681253868e-11,-2.2690708872961e-12,0,360.31482725911,100000124.57792,-2.7443326153544e-14,-0.0059768436432765,0.0080510035188792,232.04353676117,7.3767028238834e-07,613.12157023298,536.18221211889
16.0165,-1.2557543178869e-06,-4.1858454638403e-07,1.2216904859842e-29,0.0028210329675733,1.7332840924249,0,1.3129434432184e-25,3.655742216283e-05,1.5769713155059e-15,-0.91691269383162,-1.1041930510153e-15,1.1041971532603e-15,1.9260656855669,1.9260650692206,-0.00012640237294726,-0.00012640245289166,1.1041916373361e-15,-1.1041947343176e-15,0.00012640248806727,0.00012640232680489,1.9260658975842,1.9260665138956,0.70129804144228,1.0357286056855e-10,3.655742216283e-11,-2.2682262593279e-12,0,360.31482725911,100000124.57792,-2.7949865408468e-14,-0.0059133255859419,0.0079518004665317,227.92437302134,7.2431607396439e-07,602.11772718931,526.55291391931
16.1165,-4.5482791093709e-07,-1.5160921848927e-07,4.8277402851256e-30,0.0028210329807949,1.7332621407001,0,5.2838327268427e-26,1.5258153448342e-05,1.3684790280324e-15,-0.79569016366423,-9.5820705066456e-16,9.5821061054942e-16,1.6714257866471,1.671425251781,-0.00010969064229027,-0.00010969071166518,9.5820582388871e-16,-9.5820851141654e-16,0.0001096907421902,0.00010969060224841,1.6714259706397,1.6714265054756,0.60858135354125,4.2477938628171e-11,1.5258153448342e-11,-2.2689516166765e-12,0,360.31482725911,100000124.57792,-2.8463343557301e-14,-0.0058498381325038,0.0078525875719623,223.80533416965,7.1086405339059e-07,591.1185442941,516.92792253103
16.2165,-1.6109066001868e-07,-5.3696855347189e-08,1.8752634986699e-30,0.0028210329862544,1.7332401816239,0,2.0909068456196e-26,6.2274476102981e-06,1.1875516261725e-15,-0.69049275908299,-8.3152194364485e-16,8.3152503287528e-16,1.4504482469767,1.4504477828226,-9.5188379185308e-05,-9.5188439388114e-05,8.3152087906174e-16,-8.3152321126996e-16,9.5188465877408e-05,9.5188344437402e-05,1.4504484066464,1.4504488707742,0.5281214254595,1.7028182528891e-11,6.2274476102981e-12,-2.2690790900103e-12,0,360.31482725911,100000124.57792,-2.8997638387842e-14,-0.005786381258245,0.0077533648332176,219.68641935722,6.9737551051073e-07,580.12401845518,507.30723499993
16.3165,-5.5794253105356e-08,-1.8598073104353e-08,7.1554098653089e-31,0.0028210329884591,1.7332182152051,0,8.1306743402109e-27,2.4855039707983e-06,1.0305447404992e-15,-0.59920281870757,-7.2158594771558e-16,7.2158862851707e-16,1.2586847096439,1.2586843068547,-8.260346865268e-05,-8.2603520896038e-05,7.2158502388161e-16,-7.2158704774724e-16,8.2603543883168e-05,8.2603438498815e-05,1.2586848482046,1.258685250971,0.45829857676466,6.6722964085977e-12,2.4855039707983e-12,-2.2689948301259e-12,0,360.31482725911,100000124.57792,-2.948336096106e-14,-0.0057229549366876,0.0076541322483444,215.56762794499,6.8388336645451e-07,569.13414714268,497.690848864
16.4165,-1.8895892623917e-08,-6.2986269153892e-09,2.6801703612591e-31,0.0028210329893301,1.7331962414529,0,3.1047915046757e-27,9.7001371792903e-07,8.942958257676e-16,-0.51998206818889,-6.2618465323689e-16,6.2618697960807e-16,1.0922736977939,1.0922733482572,-7.1682416402614e-05,-7.1682461738848e-05,6.2618385154355e-16,-6.2618560783273e-16,7.1682481686836e-05,7.1682390235409e-05,1.0922738180359,1.0922741675528,0.39770681155105,2.5553268193696e-12,9.7001371792903e-13,-2.2686572918308e-12,0,360.31482725911,100000124.57792,-2.9920511276948e-14,-0.0056595591405913,0.0075548898153877,211.44895938733,6.7040323644126e-07,558.14892807764,488.0787618808
16.5165,-6.256313037832e-09,-2.0854363190738e-09,9.847596990135e-32,0.0028210329896661,1.7331742603767,0,1.1634369336104e-27,3.7009609043338e-07,7.7606045866345e-16,-0.45123501616525,-5.4339641894439e-16,5.433984377447e-16,0.94786372421943,0.94786342089505,-6.2205242771607e-05,-6.2205282113911e-05,5.4339572324339e-16,-5.4339724733257e-16,6.2205299424564e-05,6.2205220063983e-05,0.94786382856437,0.94786413187159,0.34512582406601,9.5629970673501e-13,3.7009609043338e-13,-2.2686819365329e-12,0,360.31482725911,100000124.57792,-3.0336844911123e-14,-0.0055961938424063,0.0074556375323932,207.3304131794,6.5693086973294e-07,547.16835909122,478.47097190424
16.6165,-2.0244675742258e-09,-6.7482206810326e-10,3.5465286801295e-32,0.0028210329897929,1.7331522719861,0,4.2749372276821e-28,1.3800424844175e-07,6.7345705766196e-16,-0.39157700349454,-4.7155366487372e-16,4.7155541676727e-16,0.82254617561656,0.82254591239481,-5.398105173437e-05,-5.3981085875206e-05,4.7155306115175e-16,-4.7155438374022e-16,5.3981100897207e-05,5.3981032028934e-05,0.82254626616607,0.82254652937292,0.29949656222861,3.4960967569665e-13,1.3800424844175e-13,-2.2684161084762e-12,0,360.31482725911,100000124.57792,-3.0871139741674e-14,-0.0055328590144781,0.007356375397405,203.21198883392,6.4347969822992e-07,536.19243806236,468.86747683001
16.7165,-6.3998310183984e-10,-2.1332755086077e-10,1.2509123733775e-32,0.00282103298984,1.7331302762904,0,1.5390225840977e-28,5.0273110991369e-08,5.8441891150564e-16,-0.33980639269712,-4.0920928276963e-16,4.0921080304433e-16,0.71379689376209,0.71379666534102,-4.6844185739256e-05,-4.6844215366312e-05,4.0920875886609e-16,-4.0920990659438e-16,4.6844228402245e-05,4.6844168639087e-05,0.71379697234003,0.71379720074818,0.259899957237,1.2480590035635e-13,5.0273110991369e-14,-2.2689260368884e-12,0,360.31482725911,100000124.57792,-3.1342984527083e-14,-0.0054695546291316,0.0072571034084673,199.09368587109,6.3003941838478e-07,525.22116289115,459.26827457231
16.8165,-1.9754804365753e-10,-6.5849299932626e-11,4.3174086029341e-33,0.0028210329898569,1.7331082732992,0,5.423987649796e-29,1.7882392278644e-08,5.0715255002475e-16,-0.29488039733985,-3.551074873942e-16,3.551088066725e-16,0.61942540274728,0.61942520452588,-4.0650888915095e-05,-4.065091462514e-05,3.5510703275625e-16,-3.5510802874271e-16,4.0650925937586e-05,4.0650874075749e-05,0.61942547093639,0.61942566914657,0.22553843692899,4.3483629892453e-14,1.7882392278644e-14,-2.2691752842094e-12,0,360.31482725911,100000124.57792,-3.1780134842976e-14,-0.0054062806587056,0.0071578215636234,194.97550381443,6.1662207539169e-07,514.25453148748,449.67336305383
16.9165,-5.9506262412306e-11,-1.9835405818733e-11,1.4567694177521e-33,0.0028210329898631,1.7330862630219,0,1.869637052344e-29,6.2072779241544e-09,4.4010161877542e-16,-0.25589409123554,-3.0815852160032e-16,3.0815966645607e-16,0.53753081572779,0.53753064371336,-3.5276411437387e-05,-3.5276433748292e-05,3.0815812707031e-16,-3.0815899137684e-16,3.5276443565113e-05,3.5276398559959e-05,0.53753087490159,0.53753104690629,0.19571987110712,1.4777103899029e-14,6.2072779241544e-15,-2.2687727896562e-12,0,360.31482725911,100000124.57792,-3.2265857416194e-14,-0.0053430370755706,0.007058529860916,190.85744218903,6.0321376831452e-07,503.29254176645,440.08274020187
17.0165,-1.7479768574638e-11,-5.8265849577362e-12,4.8006740988732e-34,0.0028210329898653,1.733064245468,0,6.2971149401255e-30,2.1011634158959e-09,3.8191552983278e-16,-0.22206218625895,-2.6741670566208e-16,2.6741769915579e-16,0.46646355742617,0.46646340815387,-3.0612496727906e-05,-3.0612516089074e-05,2.6741636329311e-16,-2.6741711332917e-16,3.0612524608007e-05,3.061248555301e-05,0.46646360877657,0.46646375804043,0.16984363438545,4.894596996152e-15,2.1011634158959e-15,-2.2679552143459e-12,0,360.31482725911,100000124.57792,-3.2807091140651e-14,-0.0052798238521335,0.0069592282983874,186.73950052089,5.8982741291071e-07,492.33519164658,430.49640394664
17.1165,-5.0031899645843e-12,-1.6677286316738e-12,1.5434806670221e-34,0.0028210329898659,1.7330422206471,0,2.0702579097576e-30,6.9303757096591e-10,3.3142225728072e-16,-0.19270321664762,-2.3206138871574e-16,2.3206225085907e-16,0.40479214169357,0.40479201215664,-2.6565200873092e-05,-2.6565217674509e-05,2.3206109161157e-16,-2.3206174248493e-16,2.6565225067149e-05,2.6565191175636e-05,0.4047921862549,0.4047923157845,0.14738850961002,1.578908237556e-15,6.9303757096591e-16,-2.2683360679164e-12,0,360.31482725911,100000124.57792,-3.3320569289482e-14,-0.0052166409608397,0.0068599168740794,182.62167833661,5.7646254032426e-07,481.38247904913,420.91435222074
17.2165,-1.394148220731e-12,-4.6471568125212e-13,4.8361572570991e-35,0.0028210329898659,1.7330201885684,0,6.636332078602e-31,2.2253809666042e-10,2.8760472942576e-16,-0.16722581324218,-2.0138041862174e-16,2.0138116678061e-16,0.35127433919555,0.35127422678478,-2.3053000338402e-05,-2.3053014918494e-05,2.0138016079789e-16,-2.013807256189e-16,2.3053021333749e-05,2.3052991923053e-05,0.3512743778654,0.35127449026982,0.12790218975551,4.9557988714509e-16,2.2253809666042e-16,-2.2683494481273e-12,0,360.31482725911,100000124.57792,-3.3903436377352e-14,-0.0051534883741728,0.0067605955860327,178.50397516329,5.6310862441716e-07,470.43440189758,411.33658295868
17.3165,-3.7782409442843e-13,-1.2594125442931e-13,1.4749542506759e-35,0.0028210329898659,1.7329981492415,0,2.0717700362911e-31,6.9497743530581e-11,2.4958034220978e-16,-0.14511679200575,-1.747557972858e-16,1.7475644653015e-16,0.30483215617061,0.30483205862173,-2.0005149862829e-05,-2.0005162515279e-05,1.7475557354898e-16,-1.7475606369469e-16,2.0005168082369e-05,2.0005142560078e-05,0.3048321897279,0.30483228727127,0.11099216746503,1.5119821363833e-16,6.9497743530581e-17,-2.2686841477804e-12,0,360.31482725911,100000124.57792,-3.4486303465238e-14,-0.0050903660646584,0.0066612644322879,174.38639052855,5.4977467339548e-07,459.49095811785,401.76309409709
17.4165,-9.9474353086817e-14,-3.3158087516708e-14,4.3729750311515e-36,0.0028210329898659,1.7329761026758,0,6.2909638810175e-32,2.1085204150651e-11,2.1658318116647e-16,-0.12593081721198,-1.5165123249822e-16,1.516517959056e-16,0.26453012093551,0.26453003628363,-1.7360257457142e-05,-1.7360268436804e-05,1.5165103834178e-16,-1.5165146368504e-16,1.7360273267866e-05,1.7360251119892e-05,0.26453015005618,0.26453023470328,0.096317828969452,4.4788676192056e-17,2.1085204150651e-17,-2.2676787203976e-12,0,360.31482725911,100000124.57792,-3.502753718968e-14,-0.0050272740048612,0.0065619234108847,170.26892396046,5.3645116005801e-07,448.55214563807,392.1938835745
17.5165,-2.5412472225686e-14,-8.4708160662756e-15,1.2586246942498e-36,0.0028210329898659,1.7329540488808,0,1.8555273944752e-32,6.2072499832436e-12,1.8794859382299e-16,-0.10928143121188,-1.3160133555179e-16,1.3160182447076e-16,0.22955644102447,0.22955636756446,-1.5065047802429e-05,-1.5065057330463e-05,1.3160116706489e-16,-1.3160153617327e-16,1.5065061522808e-05,1.506504230303e-05,0.22955646629507,0.22955653975093,0.083583593230294,1.2865933129641e-17,6.2072499832436e-18,-2.2686457111668e-12,0,360.31482725911,100000124.57792,-3.5485504187282e-14,-0.0049642121673853,0.0064625725198626,166.15157498756,5.2315372818332e-07,437.61796238862,382.62894933138
17.6165,-6.2909916185331e-15,-2.0969951457879e-15,3.5114928774468e-37,0.0028210329898659,1.7329319878656,0,5.3083591993246e-33,1.7707492111801e-12,1.6309980179341e-16,-0.094833270139953,-1.1420224704879e-16,1.142026713275e-16,0.19920665151092,0.1992065877631,-1.3073289140426e-05,-1.3073297408753e-05,1.1420210083764e-16,-1.1420242114598e-16,1.3073301046826e-05,1.3073284368106e-05,0.19920667344048,0.1992067371847,0.072532958144632,3.5791200151948e-18,1.7707492111801e-18,-2.2677392328667e-12,0,360.31482725911,100000124.57792,-3.6005921230022e-14,-0.0049011805248747,0.00636321175726,162.03434313882,5.0987206587041e-07,426.68840630209,373.0682893101
17.7165,-1.5069354896665e-15,-5.0231131677886e-16,9.4813351255663e-38,0.0028210329898659,1.7329099196399,0,1.4706711328394e-33,4.887854191224e-13,1.4153628289501e-16,-0.082295308779153,-9.910350207548e-17,9.9103870260056e-17,0.17286942517915,0.17286936985946,-1.1344862040307e-05,-1.1344869215474e-05,9.9103375194987e-17,-9.9103653155183e-17,1.1344872372555e-05,1.1344857898938e-05,0.17286944420939,0.17286949952595,0.062943333899262,9.6278060823792e-19,4.887854191224e-19,-2.2682614953544e-12,0,360.31482725911,100000124.57792,-3.6519399378858e-14,-0.0048381790500127,0.0062638411211151,157.91722794368,4.9660226272849e-07,415.76347531329,363.51190145496
17.8165,-3.4872340766085e-16,-1.1624101238144e-16,2.4733204334323e-38,0.0028210329898659,1.7328878442129,0,3.9391179465687e-34,1.3034377974762e-13,1.2282368927162e-16,-0.071414998523773,-8.6000970886577e-17,8.6001290393258e-17,0.15001425873624,0.1500142107304,-9.8449512843407e-06,-9.8449575108748e-06,8.6000860781027e-17,-8.6001101991945e-17,9.844960250556e-06,9.8449476905045e-06,0.15001427525048,0.1500143232536,0.054621559408205,2.5002765885595e-19,1.3034377974762e-19,-2.2689420224738e-12,0,360.31482725911,100000124.57792,-3.6984305270371e-14,-0.0047752077155226,0.006164460609466,153.80022893205,4.8335745126952e-07,404.84316735924,353.95978371216
17.9165,-7.7825399983257e-17,-2.5941771310366e-17,6.2217806044688e-39,0.0028210329898659,1.732865761594,0,1.0181617817358e-34,3.3520940945852e-14,1.0658509844774e-16,-0.061973180364817,-7.4630732905894e-17,7.4631010170412e-17,0.13018078703538,0.13018074537642,-8.5433445948207e-06,-8.5433499981412e-06,7.4630637357462e-17,-7.4630846677746e-17,8.5433523756075e-06,8.5433414761277e-06,0.13018080136626,0.13018084302287,0.047400011523987,6.2572871128537e-20,3.3520940945852e-20,-2.268077675945e-12,0,360.31482725911,100000124.57792,-3.7463088949684e-14,-0.0047122664941667,0.0060650702203488,149.68334563425,4.7012371682828e-07,393.92748037917,344.41193402981
18.0165,-1.6718133041662e-17,-5.5727045978565e-18,1.5062432409252e-39,0.0028210329898659,1.7328436717926,0,2.5345975949474e-35,8.2979009076118e-15,9.2493421085823e-17,-0.053779670432274,-6.4763760648896e-17,6.4764001256112e-17,0.11296951007135,0.11296947392014,-7.4138240767069e-06,-7.4138287656513e-06,6.4763677732977e-17,-6.4763859378905e-17,7.4138308287915e-06,7.4138213703381e-06,0.11296952250754,0.1129695586567,0.041133228652134,1.5061805987501e-20,8.2979009076118e-21,-2.2679074770507e-12,0,360.31482725911,100000124.57792,-3.7948811522905e-14,-0.0046493553587474,0.0059656699518001,145.56657758108,4.5690360824568e-07,383.01641231453,334.86835035793
18.1165,-3.4496499172119e-18,-1.1498819263662e-18,3.5016203714144e-40,0.0028210329898659,1.7328215748179,0,6.0637588046766e-36,1.9730637489952e-15,8.0264812518365e-17,-0.046669429175299,-5.6201306486917e-17,5.6201515283315e-17,0.098033745965076,0.098033714593443,-6.4336381179897e-06,-6.433642187006e-06,5.620123453336e-17,-5.6201392163776e-17,6.4336439773772e-06,6.4336357694315e-06,0.098033756757069,0.098033788126927,0.035694980759498,3.479664397329e-21,1.9730637489952e-21,-2.2690883775188e-12,0,360.31482725911,100000124.57792,-3.8413717414413e-14,-0.0045864742821056,0.0058662598018559,141.44992430382,4.4370860653184e-07,372.10996110898,325.32903064844
18.2165,-6.8216886841862e-19,-2.2738933841456e-19,7.7982979172872e-41,0.0028210329898659,1.7327994706794,0,1.3909107787465e-36,4.496179230749e-16,6.965295534512e-17,-0.040499237017287,-4.8770899329953e-17,4.8771080521258e-17,0.085072647848744,0.085072620624773,-5.5830431104099e-06,-5.5830466414592e-06,4.8770836889417e-17,-4.8770973679424e-17,5.5830481951244e-06,5.5830410723559e-06,0.085072657213922,0.085072684436353,0.03097572675844,7.6976082183595e-22,4.496179230749e-22,-2.268290533864e-12,0,360.31482725911,100000124.57792,-3.8871684412019e-14,-0.004523623237122,0.0057668397685512,137.33338533412,4.3052422225632e-07,361.20812470834,315.79397285513
18.3165,-1.2895901408804e-19,-4.2986281935911e-20,1.6594200484052e-41,0.0028210329898659,1.7327773593862,0,3.051212027506e-37,9.7946528359241e-17,6.0444097931448e-17,-0.035144809524487,-4.2322870590314e-17,4.2323027826212e-17,0.073825143992505,0.073825120367831,-4.844905759548e-06,-4.8449088237552e-06,4.2322816405077e-17,-4.2322935109999e-17,4.8449101720095e-06,4.8449039909463e-06,0.073825152119508,0.073825175742845,0.026880408051718,1.6263864718691e-22,9.7946528359241e-23,-2.2685122112392e-12,0,360.31482725911,100000124.57792,-3.9440673712088e-14,-0.0044608021967159,0.0056674098499206,133.21696020416,4.1735716140572e-07,350.31090106067,306.26317493373
18.4165,-2.3241334147162e-20,-7.7471008263586e-21,3.3643515589392e-42,0.0028210329898659,1.7327552409478,0,6.3833479844507e-38,2.0341548960307e-17,5.2452748869649e-17,-0.03049829397984,-3.6727339450646e-17,3.6727475898295e-17,0.064064679110545,0.064064658609302,-4.2043579737248e-06,-4.2043606328114e-06,3.6727292429271e-17,-3.6727395440146e-17,4.2043618028122e-06,4.2043564389509e-06,0.064064686163071,0.064064706663154,0.023326533794077,3.2728320606746e-23,2.0341548960307e-23,-2.2687861103936e-12,0,360.31482725911,100000124.57792,-3.9912518497505e-14,-0.0043980111338462,0.0055679700439987,129.10064844652,4.0421259671375e-07,339.41828811621,296.73663484184
18.5165,-3.9811332935234e-21,-1.3270425414524e-21,6.4785505094422e-43,0.0028210329898659,1.7327331153733,0,1.2696892368967e-38,4.0152750948342e-18,4.5517940678059e-17,-0.02646609693624,-3.1871596711393e-17,3.187171511922e-17,0.055594650922099,0.055594633131338,-3.6484973802406e-06,-3.6484996877678e-06,3.1871555906741e-17,-3.1871645298489e-17,3.6485007030821e-06,3.64849604838e-06,0.055594657042207,0.055594674831962,0.020242519302509,6.2533963637471e-24,4.0152750948342e-24,-2.2678070457137e-12,0,360.31482725911,100000124.57792,-4.0425996646338e-14,-0.0043352500215108,0.0054685203488181,124.98444959424,3.9107707242633e-07,328.53028382735,287.21435053892
18.6165,-6.4601145316827e-22,-2.153368302909e-22,1.1808447559947e-43,0.0028210329898659,1.7327109826721,0,2.3930718250817e-39,7.508175633528e-19,3.9499987478639e-17,-0.022966998990221,-2.7657834521303e-17,2.7657937274363e-17,0.04824445004738,0.048244434608745,-3.1661274365344e-06,-3.1661294389822e-06,2.7657799111458e-17,-2.7657876684671e-17,3.1661303200611e-06,3.1661262807599e-06,0.048244455358345,0.048244470796106,0.017566244146248,1.1306357763985e-24,7.508175633528e-25,-2.267928567088e-12,0,360.31482725911,100000124.57792,-4.0877024750045e-14,-0.0042725188327463,0.005369060762412,120.8683631808,3.7796625599048e-07,317.64688614873,277.69631998636
18.7165,-9.8937212011031e-23,-3.297901923035e-23,2.0295447924093e-44,0.0028210329898659,1.7326888428533,0,4.2580272159556e-40,1.325072041494e-19,3.4277671343877e-17,-0.019930518802511,-2.4001176261569e-17,2.4001265429588e-17,0.041866023471134,0.04186601007365,-2.7475319013974e-06,-2.7475336391004e-06,2.400114553328e-17,-2.4001212850494e-17,2.7475344036914e-06,2.7475308984286e-06,0.041866028079933,0.041866041476659,0.01524380087252,1.9271244890083e-25,1.325072041494e-25,-2.268008933229e-12,0,360.31482725911,100000124.57792,-4.1397441792786e-14,-0.004209817540628,0.0052695912828126,116.75238874014,3.6486663972183e-07,306.7680930371,268.18254114741
18.8165,-1.4242568052886e-23,-4.7475149218229e-24,3.2754501609675e-45,0.0028210329898659,1.7326666959264,0,7.1230716717268e-41,2.1981318581834e-20,2.9745800638399e-17,-0.017295493412368,-2.0827966900127e-17,2.0828044279191e-17,0.036330892352679,0.036330880726484,-2.384279123477e-06,-2.3842806314372e-06,2.0827940234443e-17,-2.0827998651609e-17,2.3842812949412e-06,2.3842782531112e-06,0.036330896352146,0.036330907977683,0.013228409163986,3.0836453099636e-26,2.1981318581834e-26,-2.2678074156296e-12,0,360.31482725911,100000124.57792,-4.1938675517238e-14,-0.0041471461182703,0.0051701119080517,112.63652580663,3.5177972705957e-07,295.89390245145,258.67301198719
18.9165,-1.918443216478e-24,-6.394799747997e-25,4.9406321971033e-46,0.0028210329898659,1.7326445419004,0,1.1151805975933e-41,3.4119291078557e-21,2.5813091173635e-17,-0.015008846249381,-1.8074289379201e-17,1.8074356527934e-17,0.031527564112986,0.031527554023897,-2.0690522049104e-06,-2.0690535135024e-06,1.8074266239002e-17,-1.8074316932801e-17,2.0690540892841e-06,2.0690514496162e-06,0.031527567583681,0.031527577672199,0.011479473556053,4.6107281587422e-27,3.4119291078556e-27,-2.2679333521751e-12,0,360.31482725911,100000124.57792,-4.2417459196559e-14,-0.0040845045388262,0.00507062263616,108.52077391509,3.3872089502926e-07,285.0243123529,249.16773047271
19.0165,-2.4056559885045e-25,-8.0188388344412e-26,6.9290168532845e-47,0.0028210329898659,1.7326223807846,0,1.6256435628356e-42,4.9302640823579e-22,2.2400327496253e-17,-0.013024518027133,-1.5684677152098e-17,1.5684735423058e-17,0.027359286671227,0.027359277916022,-1.7955016191232e-06,-1.7955027547055e-06,1.5684657071279e-17,-1.5684701062821e-17,1.7955032543628e-06,1.7955009636869e-06,0.027359289683059,0.027359298437769,0.0099617657339233,6.408735137221e-28,4.9302640823579e-28,-2.2679290847459e-12,0,360.31482725911,100000124.57792,-4.2958692921013e-14,-0.0040218927754873,0.0049711234651683,104.40513260078,3.2566970151946e-07,274.15932070475,239.66669457284
19.1165,-2.7923275916322e-26,-9.307740974932e-27,8.982657899231e-48,0.0028210329898659,1.7326002125882,0,2.1939388188846e-43,6.5946026630311e-23,1.9438767273712e-17,-0.011302538984042,-1.361099693627e-17,1.3611047503193e-17,0.023742099595003,0.02374209199733,-1.5581173141128e-06,-1.5581182995591e-06,1.3610979510347e-17,-1.3611017685742e-17,1.5581187331564e-06,1.5581167453321e-06,0.02374210220864,0.023742109805884,0.0086447149386258,8.232790878351e-29,6.5946026630311e-29,-2.2686288549396e-12,0,360.31482725911,100000124.57792,-4.3430537706424e-14,-0.0039593108014837,0.0048716143931063,100.2896013994,3.1263861015448e-07,263.29892547247,230.16990225833
19.2165,-2.9809856666377e-27,-9.9365990133036e-28,1.0693789948105e-48,0.0028210329898659,1.7325780373204,0,2.7236337840876e-44,8.1127437174905e-24,1.6868756636917e-17,-0.0098082237837635,-1.1811479178222e-17,1.1811523059663e-17,0.020603142909127,0.020603136315946,-1.3521177250308e-06,-1.3521185801907e-06,1.1811464056191e-17,-1.1811497184395e-17,1.3521189564619e-06,1.352117231449e-06,0.020603145177214,0.020603151770022,0.0075017921888702,9.7106828859461e-30,8.1127437174905e-30,-2.268033358884e-12,0,360.31482725911,100000124.57792,-4.394401585527e-14,-0.0038967585900841,0.0047720954180035,96.174179847089,2.9961424866771e-07,252.44312462367,220.67735150181
19.3165,-2.9057649142492e-28,-9.6858625927358e-29,1.160456678444e-49,0.0028210329898659,1.7325558549904,0,3.0877267194361e-45,9.1128441635246e-25,1.4638528589225e-17,-0.0085114728582854,-1.0249876701229e-17,1.024991478108e-17,0.017879189497767,0.017879183776274,-1.1733534604765e-06,-1.1733542025752e-06,1.024986357849e-17,-1.0249892326796e-17,1.1733545290993e-06,1.1733530321513e-06,0.017879191465988,0.017879197187157,0.0065099759152891,1.0439096356468e-30,9.1128441635246e-31,-2.2672845909532e-12,0,360.31482725911,100000124.57792,-4.447137179191e-14,-0.0038342361145955,0.0046725665378885,92.058867480435,2.8662069328646e-07,241.59191612817,211.18904027776
19.4165,-2.5649687877413e-29,-8.5498768605153e-30,1.1382387190231e-50,0.0028210329898659,1.7325336656073,0,3.1703291066745e-46,9.2696032722968e-26,1.2703160278488e-17,-0.0073861661208479,-8.8947345887137e-18,8.8947676340049e-18,0.015515371538555,0.015515366573504,-1.01822372248e-06,-1.0182243664654e-06,8.8947232009394e-18,-8.8947481484148e-18,1.0182246498196e-06,1.018223350784e-06,0.015515373246557,0.015515378211327,0.0056492882434839,1.0142097235045e-31,9.2696032722968e-32,-2.2681029108751e-12,0,360.31482725911,100000124.57792,-4.4901583213904e-14,-0.0037717433483629,0.0045730277507898,87.943663836454,2.7364059048171e-07,230.74529795787,201.70496656253
19.5165,-2.0310654417931e-30,-6.7702021096917e-31,9.9944113351095e-52,0.0028210329898659,1.7325114691803,0,2.9203890680145e-47,8.4584068078212e-27,1.1023668128758e-17,-0.0064096368364325,-7.7187565967668e-18,7.7187852731209e-18,0.013464075315577,0.013464071006958,-8.8360377664891e-07,-8.8360433549261e-07,7.7187467145767e-18,-7.7187683637319e-18,8.836045813844e-07,8.8360345409503e-07,0.013464076797763,0.013464081106138,0.004902392585357,8.8198340312593e-33,8.4584068078212e-33,-2.2685131772649e-12,0,360.31482725911,100000124.57792,-4.5338733529798e-14,-0.0037092802647703,0.004473479054734,83.828568452598,2.6067496664296e-07,219.90326808687,192.22512833434
19.6165,-1.4271428529769e-31,-4.7571308776447e-32,7.7693267000576e-53,0.0028210329898659,1.7324892657186,0,2.3874077821866e-48,6.8488504368814e-28,9.566222605156e-18,-0.0055622150521354,-6.6982553336362e-18,6.6982802186731e-18,0.01168398214977,0.011683978410797,-7.6678201152746e-07,-7.6678249648612e-07,6.6982467579762e-18,-6.6982655448841e-18,7.6678270986841e-07,7.6678173161861e-07,0.011683983435995,0.011683987174757,0.0042542444331256,6.7896372274522e-34,6.8488504368814e-34,-2.2676815732627e-12,0,360.31482725911,100000124.57792,-4.5768944951794e-14,-0.0036468468372395,0.0043739204477487,79.713580866753,2.4771781476984e-07,209.0658244914,182.74952357329
19.7165,-8.7871138103838e-33,-2.9290300901968e-33,5.2787662039578e-54,0.0028210329898659,1.7324670552313,0,1.7103840268576e-49,4.8593934421437e-29,8.3014667951284e-18,-0.004826831390875,-5.8126751313003e-18,5.8126967262721e-18,0.010139236128471,0.010139232883829,-6.6540531937508e-07,-6.6540574021708e-07,5.8126676894332e-18,-5.8126839925132e-18,6.6540592538797e-07,6.6540507647315e-07,0.010139237244643,0.010139240489101,0.0036917883220611,4.5678183464867e-35,4.8593934421437e-35,-2.2675899152957e-12,0,360.31482725911,100000124.57792,-4.6317117570152e-14,-0.0035844430392299,0.0042743519278601,75.598700617266,2.3478515182094e-07,198.23296514984,173.27815026134
19.8165,-4.6717494979673e-34,-1.5572453770102e-34,3.0881104101584e-55,0.0028210329898659,1.7324448377275,0,1.0581809663e-50,2.9771514478976e-30,7.2039250804676e-18,-0.0041886732277624,-5.0441779984662e-18,5.0441967383543e-18,0.0087987218699154,0.0087987190542496,-5.7743169818323e-07,-5.7743206338547e-07,5.0441715404927e-18,-5.0441856881331e-18,5.7743222407481e-07,5.774314873955e-07,0.0087987228385182,0.0087987256540247,0.0032036948579594,2.645676433098e-36,2.9771514478976e-36,-2.2686593205563e-12,0,360.31482725911,100000124.57792,-4.6830595718991e-14,-0.0035220688442391,0.0041747734930947,71.483927242892,2.2186674765395e-07,187.40468804269,163.81100638232
19.9165,-2.1079320225407e-35,-7.026418534275e-36,1.5282731472936e-56,0.0028210329898659,1.7324226132163,0,5.5566715652183e-52,1.5479735668013e-31,6.251489989148e-18,-0.0036348863235915,-4.377284314962e-18,4.3773005772387e-18,0.007635437774917,0.007635435331512,-5.0108912020708e-07,-5.0108943712572e-07,4.3772787108009e-18,-4.3772909879736e-18,5.0108957657023e-07,5.0108893728772e-07,0.0076354386154602,0.007635441058727,0.0027801325123606,1.296184392681e-37,1.5479735668013e-37,-2.2674159699416e-12,0,360.31482725911,100000124.57792,-4.7253868247078e-14,-0.0034597242258029,0.0040751851414773,67.369260282822,2.0896555858289e-07,176.5809911526,154.34808992195
20.0165,-7.9077606359563e-37,-2.6359115224932e-37,6.2654519114055e-58,0.0028210329898659,1.7324003817067,0,2.426247626297e-53,6.6918469739088e-33,5.424976890776e-18,-0.003154315905538,-3.7985610301299e-18,3.7985751423616e-18,0.0066259521412955,0.0066259500209344,-4.3483983851235e-07,-4.3484011353099e-07,3.7985561668982e-18,-3.7985668208988e-18,4.3484023453946e-07,4.3483967977686e-07,0.00662595287071,0.0066259549909511,0.0024125695888552,5.26009295385e-39,6.6918469739088e-39,-2.2688407212202e-12,0,360.31482725911,100000124.57792,-4.7746529714202e-14,-0.0033974091574955,0.0039755868710319,63.254699276709,1.9608893548114e-07,165.76187246436,144.88939886787
20.1165,-2.4063303183533e-38,-8.0210725112692e-39,2.0749903523986e-59,0.0028210329898659,1.732378143208,0,8.5942598760645e-55,2.3465686409467e-34,4.7077375660109e-18,-0.002737281979729,-3.29635108469e-18,3.2963633311354e-18,0.0057499311857355,0.0057499293457086,-3.7734941257416e-07,-3.7734965123242e-07,3.296346864429e-18,-3.296356109858e-18,3.773497562423e-07,3.7734927482518e-07,0.0057499318187137,0.0057499336586365,0.0020936023715383,1.72418229048e-40,2.3465686409467e-40,-2.2676127058296e-12,0,360.31482725911,100000124.57792,-4.8280824544751e-14,-0.0033351236129277,0.0038759786797831,59.140243764582,1.8321318846754e-07,154.94732996484,135.43493120961
20.2165,-5.7642399329975e-40,-1.9214058921639e-40,5.3840708438159e-61,0.0028210329898659,1.7323558977291,0,2.3967302971898e-56,6.4774726187484e-36,4.0853248661969e-18,-0.0023753843498661,-2.8605386058956e-18,2.8605492332314e-18,0.0049897294661458,0.0049897278693899,-3.2745982901937e-07,-3.2746003612449e-07,2.8605349435977e-18,-2.8605429666832e-18,3.2746012725094e-07,3.2745970948226e-07,0.0049897300154375,0.0049897316121031,0.0018168059940566,4.4274190040535e-42,6.4774726187484e-42,-2.2679495945057e-12,0,360.31482725911,100000124.57792,-4.8711035966742e-14,-0.003272867565749,0.0037763605657542,55.025893286965,1.7036711519276e-07,144.13736164309,125.98468493865
20.3165,-1.0475566978305e-41,-3.4918409541804e-42,1.0540926362861e-62,0.0028210329898659,1.7323336452792,0,5.071508072563e-58,1.3565211503512e-37,3.5452017085371e-18,-0.0020613334144507,-2.4823451463722e-18,2.4823543686618e-18,0.0043300344545147,0.0043300330688669,-2.8416617609102e-07,-2.8416635581466e-07,2.4823419682688e-18,-2.4823489306176e-18,2.8416643489323e-07,2.8416607235799e-07,0.0043300349311843,0.0043300363167538,0.0015766050253443,8.5769247671629e-44,1.3565211503512e-43,-2.2678613016264e-12,0,360.31482725911,100000124.57792,-4.9182880752156e-14,-0.0032106409896461,0.0036767325269679,50.911647384758,1.5752681049361e-07,133.33196549024,116.53865804849
20.4165,-1.3791086876622e-43,-4.5970077091078e-44,1.4854423162569e-64,0.0028210329898659,1.7323113858672,0,7.7751462470453e-60,2.0579413561128e-39,3.0764885451851e-18,-0.0017888033344037,-2.1541528623378e-18,2.1541608653431e-18,0.003757558100994,0.0037575568985434,-2.4659640199537e-07,-2.4659655795764e-07,2.1541501044133e-18,-2.1541561462659e-18,2.4659662658119e-07,2.4659631197694e-07,0.0037575585146428,0.0037575597170254,0.0013681611652936,1.1957823588536e-45,2.0579413561128e-45,-2.2680549067501e-12,0,360.31482725911,100000124.57792,-4.9696358900997e-14,-0.0031484438583435,0.0035770945614464,46.797505599331,1.4470480162617e-07,122.53113949957,107.09684853466
20.5165,-1.2400605538657e-45,-4.133514048034e-46,1.418958103383e-66,0.0028210329898659,1.7322891195022,0,8.1430170761115e-62,2.1323712978561e-41,2.6697442195922e-18,-0.0015523046134807,-1.8693510695318e-18,1.8693580144552e-18,0.0032607691764725,0.0032607681329987,-2.1399374940944e-07,-2.1399388475185e-07,1.8693486762341e-18,-1.8693539192899e-18,2.1399394430264e-07,2.139936712924e-07,0.0032607695354326,0.0032607705788475,0.0011872757882456,1.1298631754877e-47,2.1323712978561e-47,-2.2679387643507e-12,0,360.31482725911,100000124.57792,-5.0258409307163e-14,-0.0030862761456029,0.0034774466672116,42.683467472455,1.3190154214121e-07,111.73488166643,97.659254394901
20.6165,-7.0540242707979e-48,-2.3513280084784e-48,8.4973425238735e-69,0.0028210329898659,1.7322668461932,0,5.396525062473e-64,1.3977911128019e-43,2.3167757959642e-18,-0.0013470735249031,-1.6222030860741e-18,1.6222091128052e-18,0.0028296610022931,0.0028296600967775,-1.8570151233257e-07,-1.8570162978128e-07,1.6222010091957e-18,-1.6222055590641e-18,1.8570168145883e-07,1.8570144454343e-07,0.0028296613137949,0.0028296622192593,0.001030305371262,6.6910577328145e-50,1.3977911128019e-49,-2.2674294591099e-12,0,360.31482725911,100000124.57792,-5.0771887456008e-14,-0.0030241378252235,0.0033777888422844,38.569532546347,1.1911283754042e-07,100.94318998831,88.225873629319
20.7165,-2.2916224529548e-50,-7.6386923288183e-51,2.8739166768088e-71,0.0028210329898659,1.7322445659492,0,2.0430947992389e-66,5.2327950245512e-46,2.0104735312753e-18,-0.0011689761569579,-1.4077306801058e-18,1.4077359100392e-18,0.0024555498885574,0.0024555491027606,-1.6114980824334e-07,-1.6114991016409e-07,1.4077288778126e-18,-1.4077328261402e-18,1.6114995500932e-07,1.6114974941664e-07,0.0024555501588753,0.0024555509446277,0.00089408810367473,2.2372008851691e-52,5.2327950245512e-52,-2.2681151475096e-12,0,360.31482725911,100000124.57792,-5.1250671135323e-14,-0.0029620288710422,0.0032781210846852,34.455700363637,1.0634146733939e-07,90.156062464794,78.796704240733
20.8165,-3.6925798226265e-53,-1.2308508724068e-53,4.7543775161547e-74,0.0028210329898659,1.7322222787793,0,3.838179514151e-69,9.7164090684903e-49,1.7446676657274e-18,-0.0010144251447852,-1.2216137946741e-18,1.221618333155e-18,0.0021309002210187,0.0021308995391125,-1.3984409911728e-07,-1.3984418756303e-07,1.2216122306631e-18,-1.2216156569801e-18,1.3984422647924e-07,1.3984404806809e-07,0.0021309004555977,0.0021309011374653,0.00077588019962808,3.6572785971977e-55,9.7164090684903e-55,-2.2674204196344e-12,0,360.31482725911,100000124.57792,-5.1736393708551e-14,-0.0028999492569322,0.0031784433924339,30.34197046739,9.3584207265385e-08,79.37349709757,69.371744235293
20.9165,-2.4114281392183e-56,-8.0380247995532e-57,3.1309478694081e-77,0.0028210329898659,1.7321999846924,0,2.9240201277507e-72,7.3119858477776e-52,1.514004147025e-18,-0.00088030741110279,-1.0601035300487e-18,1.0601074684945e-18,0.0018491726733375,0.0018491720815865,-1.2135523008748e-07,-1.2135530683976e-07,1.0601021728166e-18,-1.0601051461382e-18,1.2135534061084e-07,1.2135518578753e-07,0.0018491728769027,0.0018491734686202,0.00067330063077756,2.3785239961401e-58,7.3119858477776e-58,-2.2674298866713e-12,0,360.31482725911,100000124.57792,-5.2242932963485e-14,-0.0028378989568051,0.0030787557635498,26.228342401092,8.0844500512526e-08,68.595491890418,59.950991623648
21.0165,-4.7082859335274e-60,-1.5694125665224e-60,6.0184637033763e-81,0.0028210329898659,1.7321776836974,0,6.666189244235e-76,1.6451623941625e-55,1.3138367852156e-18,-0.00076392146037209,-9.1994663069564e-19,9.1995004843723e-19,0.001604692487283,0.0016046919737677,-1.0531078509958e-07,-1.053108517044e-07,9.1994545290394e-19,-9.1994803312099e-19,1.0531088101059e-07,1.0531074665656e-07,0.0016046926639347,0.0016046931774209,0.00058428316590985,4.5110536776786e-62,1.6451623941625e-61,-2.2682829047903e-12,0,360.31482725911,100000124.57792,-5.269396106719e-14,-0.0027758779446093,0.0029790581960516,22.114815708648,6.8118370889703e-08,57.82204484921,50.534444423476
21.116500000001,-1.6843920186309e-64,-5.6145690513997e-65,2.0495418315152e-85,0.0028210329898659,1.7321553758034,0,2.7888553830208e-80,6.7822488854346e-60,1.140133665801e-18,-0.00066292296333841,-7.9831995587203e-19,7.9832292175202e-19,0.0013925351676838,0.0013925347220607,-9.1387585440664e-08,-9.1387643239621e-08,7.9831893379685e-19,-7.9832117288191e-19,9.138766867122e-08,9.1387552080213e-08,0.0013925353209803,0.0013925357665782,0.00050703475143249,1.513339183633e-66,6.7822488854346e-66,-2.2682870553398e-12,0,360.31482725911,100000124.57792,-5.3158866958704e-14,-0.0027138861943305,0.0028793506879574,18.001389934395,5.5409623334032e-08,47.053153981913,41.122100665459
21.216500000001,-4.6476288215383e-70,-1.5491841480227e-70,5.1164725628028e-91,0.0028210329898659,1.7321330610193,0,9.0241032519966e-86,2.1564827444854e-65,9.8939593602537e-19,-0.00057527753587041,-6.9277361390149e-19,6.9277618766078e-19,0.0012084272897167,0.0012084269030097,-7.9305180041884e-08,-7.9305230199207e-08,6.9277272695545e-19,-6.9277467000979e-19,7.930525226848e-08,7.9305151092037e-08,0.0012084274227458,0.001208427809431,0.00043999939440301,3.7109805161235e-72,2.1564827444854e-71,-2.2675440264927e-12,0,360.31482725911,100000124.57792,-5.3658467319737e-14,-0.0026519236799901,0.0027796332372848,13.888064623092,4.2714983658574e-08,36.288817298578,31.713958409883
21.316500000001,-1.6982288057368e-77,-5.6606309009189e-78,1.5527010757221e-98,0.0028210329898659,1.732110739354,0,3.890927648163e-93,9.0801584758229e-73,8.5858732847412e-19,-0.00049921976093652,-6.0118161469968e-19,6.0118384818077e-19,0.00104866042052,0.0010486600849397,-6.8820196432032e-08,-6.8820239958027e-08,6.011808450173e-19,-6.011825311793e-19,6.8820259109508e-08,6.8820171309661e-08,0.0010486605359612,0.0010486608715225,0.00038182682060362,1.0992320653838e-79,9.0801584758229e-79,-2.2679408395742e-12,0,360.31482725911,100000124.57792,-5.4178884362481e-14,-0.0025899903756478,0.0026799058420504,9.774839319917,3.0043146987205e-08,25.529032811348,22.310015805221
21.416500000001,-8.3118003299525e-89,-2.7704909044866e-89,5.2926323162681e-110,0.0028210329898659,1.7320884108165,0,2.2898036948321e-104,5.1211909193045e-84,7.4507300239954e-19,-0.0004332176283095,-5.2169904655796e-19,5.2170098474923e-19,0.00091001642128001,0.00091001613006701,-5.9721438554733e-08,-5.9721476326132e-08,5.2169837863573e-19,-5.2169984186928e-19,5.9721492945584e-08,5.9721416753806e-08,0.00091001652145869,0.00091001681265521,0.00033134527634993,3.5875908404699e-91,5.1211909193045e-90,-2.2684660828257e-12,0,360.31482725911,100000124.57792,-5.4699301405229e-14,-0.0025280862553994,0.0025801685002709,5.6617135704585,1.7383312108926e-08,14.773798534425,12.910271402471
21.516500000001,-1.6692553431307e-113,-5.5634967344665e-114,4.0105615675782e-135,0.0028210329898659,1.7320660754157,0,6.3432639364137e-129,1.1850802958712e-108,6.4656639017431e-19,-0.00037594162879861,-4.5272485810656e-19,4.5272654004823e-19,0.00078970252661341,0.00078970227390188,-5.1825626237957e-08,-5.1825659015572e-08,4.5272427849078e-19,-4.5272554826922e-19,5.1825673437756e-08,5.1825607319345e-08,0.0007897026135474,0.00078970286624463,0.00028753789140569,2.2599893193357e-116,1.1850802958712e-114,-2.2676145188434e-12,0,360.31482725911,100000124.57792,-5.5136451721128e-14,-0.0024662112933781,0.0024804212099616,1.5486869207421,4.7386220928539e-09,4.0231124840988,3.5147295098703
21.616500000001,-2.5035895537135e-111,-8.3462369672242e-112,7.2284972915124e-133,0.0028210329898659,1.732043730826,0.64034551669216,-6.9057876762285e-127,-2.0486910919286e-106,5.6108324126057e-19,-0.00032623803342799,-3.9286967996771e-19,3.928711395383e-19,0.00068529521484168,0.00068529499554138,-4.4973711581439e-08,-4.4973740025495e-08,3.9286917698348e-19,-3.9287027888332e-19,4.4973752540908e-08,4.4973695164074e-08,0.00068529529028204,0.00068529550956994,0.00024952223707764,6.5322667217915e-114,-2.0486910919286e-112,-142.14413765196,168.22765509656,360.31482725911,100000124.57792,-5.5455640841546e-14,-0.0024043695266233,0.0023806639691379,-2.5639708609001,-1.5588121876675e-08,-6.7216158254476,5.8753756153679
21.716500000001,-2.8607520185311e-88,-9.5362128140365e-89,2.9338328377955e-109,0.0028210329898659,1.7320213664762,1.0320010062323,-1.0766101252247e-103,-2.6974124017121e-83,4.8690210220669e-19,-0.00028310591479972,-3.4092815290613e-19,3.4092941950604e-19,0.00059469193909437,0.00059469174878789,-3.9027711224885e-08,-3.9027735908336e-08,3.4092771642173e-19,-3.4092867263876e-19,3.9027746769079e-08,3.902769697807e-08,0.00059469200456072,0.00059469219485643,0.00021653275731567,2.2329737178448e-90,-2.6974124017121e-89,-142.14492620184,168.23038259161,360.31482725911,100000124.57792,-5.5601357615067e-14,-0.0023425793385684,0.0022808967758141,-6.6750350837327,-4.0489437844752e-08,-17.453989844277,15.254240699396
21.816500000001,-2.1208095933889e-77,-7.0695336883099e-78,4.2605631121367e-98,0.0028210329898659,1.7319989811328,1.3114997348482,-9.6771802285477e-93,-2.3043467532486e-72,4.2252849434724e-19,-0.00024567631846112,-2.9585384510593e-19,2.9585494424794e-19,0.00051606737470876,0.00051606720956281,-3.386783500612e-08,-3.3867856426158e-08,2.9585346632939e-19,-2.9585429612441e-19,3.3867865850996e-08,3.3867822642885e-08,0.00051606743151976,0.00051606759665637,0.0001879048365386,3.0790003329657e-79,-2.3043467532486e-78,-142.14572730001,168.23312623926,360.31482725911,100000124.57792,-5.5760952176391e-14,-0.0022808428560949,0.0021811196280042,-10.784361364333,-6.5349477645864e-08,-28.173261106658,24.621219715709
21.916500000001,-3.1226387298561e-70,-1.0408974890958e-70,1.0320156084803e-90,0.0028210329898659,1.7319765748188,1.5411225828641,-1.6975038119378e-85,-3.909765152697e-65,3.6666575832436e-19,-0.00021319531065012,-2.5673883754641e-19,2.5673979137022e-19,0.00044783780934439,0.00044783766603248,-2.939014899932e-08,-2.9390167587402e-08,2.5673850884813e-19,-2.5673922893548e-19,2.9390175766177e-08,2.9390138270635e-08,0.00044783785864438,0.00044783800194818,0.00016306182968484,7.2092193972816e-72,-3.909765152697e-71,-142.14652099639,168.23586540639,360.31482725911,100000124.57792,-5.5920546737719e-14,-0.0022191600187705,0.0020813325237217,-14.891950761535,-9.015608955723e-08,-38.879441652322,33.97632183022
22.016500000001,-6.9427695152517e-65,-2.3142877953668e-65,3.4667545249506e-85,0.0028210329898659,1.7319541475572,1.7407205006329,-4.4698779606945e-80,-1.0017185660649e-59,3.1818866686206e-19,-0.00018500863562229,-2.2279524770442e-19,2.2279607542264e-19,0.00038862891418309,0.00038862878981853,-2.5504460442958e-08,-2.5504476573499e-08,2.2279496246354e-19,-2.2279558734772e-19,2.5504483670953e-08,2.5504451132718e-08,0.0003886289569651,0.00038862908132262,0.00014150333110082,2.3550523411646e-66,-1.0017185660649e-65,-142.1473168759,168.2386043561,360.31482725911,100000124.57792,-5.6100957980754e-14,-0.0021575307662737,0.0019815354609792,-18.997804332556,-1.1491622314049e-07,-49.572543508116,43.319558511237
22.116500000001,-1.2637700475701e-60,-4.2126138681906e-61,9.0636917490312e-81,0.0028210329898659,1.731931699371,1.9196819252094,-9.6102107989629e-76,-2.1011916136903e-55,2.7612075963169e-19,-0.00016054853716269,-1.933393594598e-19,1.9334007774491e-19,0.00033724806121267,0.00033724795329042,-2.2132501012549e-08,-2.2132515010462e-08,1.9333911193077e-19,-1.9333965419865e-19,2.2132521169557e-08,2.2132492933221e-08,0.00033724809833845,0.00033724820625459,0.00012279509405315,6.0041640520193e-62,-2.1011916136903e-61,-142.14811725689,168.24135061436,360.31482725911,100000124.57792,-5.6225858072561e-14,-0.0020959550383914,0.0018817284377889,-23.101923133015,-1.3962686644653e-07,-60.252578688017,52.650941472541
22.216500000001,-4.3526342542493e-57,-1.4508919191131e-57,4.3355965743589e-77,0.0028210329898659,1.731909230283,2.0833317822922,-3.9037954614905e-72,-8.3393982663392e-52,2.3961467468807e-19,-0.00013932232243312,-1.6777785119508e-19,1.6777847451531e-19,0.00029266030045856,0.00029266020680478,-1.9206350283945e-08,-1.9206362431186e-08,1.6777763639201e-19,-1.6777810696635e-19,1.9206367775984e-08,1.920634327279e-08,0.00029266033267592,0.00029266042632441,0.0001065602838196,2.80485510308e-58,-8.3393982663392e-58,-142.14891225752,168.24409097518,360.31482725911,100000124.57792,-5.6406269315599e-14,-0.0020344327750197,0.0017819114521626,-27.204308216926,-1.6429419648135e-07,-70.919559193163,61.970482479113
22.316500000001,-4.5693768552367e-54,-1.5231383163841e-54,6.1719181789693e-74,0.0028210329898659,1.7318867403161,2.2350359564138,-4.829285067966e-69,-1.0088454605194e-48,2.0793508029767e-19,-0.00012090243779978,-1.4559584468621e-19,1.455963855969e-19,0.00025396751327944,0.00025396743200768,-1.6667067631464e-08,-1.6667078172711e-08,1.4559565828237e-19,-1.455960666418e-19,1.666708281087e-08,1.6667061547258e-08,0.00025396754123732,0.00025396762250449,9.2471887213989e-05,3.9028542684776e-55,-1.0088454605194e-54,-142.14970840288,168.24683535201,360.31482725911,100000124.57792,-5.6572802770826e-14,-0.0019729639161629,0.001682084502111,-31.304960636682,-1.8890660848371e-07,-81.573497011853,71.278193305747
22.416500000001,-1.9685309980509e-51,-6.5618186786988e-52,3.5415165811354e-71,0.0028210329898659,1.7318642294933,2.3770826510193,-2.4502715681074e-66,-5.0083557946535e-46,1.8044386335973e-19,-0.00010491785674149,-1.2634653405617e-19,1.2634700345275e-19,0.00022039032181776,0.00022039025129098,-1.4463505003551e-08,-1.4463514151134e-08,1.2634637229689e-19,-1.2634672666689e-19,1.4463518176079e-08,1.4463499723742e-08,0.00022039034607931,0.0002203904166021,8.024612565215e-05,2.1902907985823e-52,-5.0083557946535e-52,-142.15051097528,168.24958241743,360.31482725911,100000124.57792,-5.6725458438248e-14,-0.0019115484019341,0.0015822475856444,-35.403881443113,-2.1348600219914e-07,-92.21440411961,80.574085724447
22.516500000001,-4.242497333186e-49,-1.4141752453457e-49,1.00254895889e-68,0.0028210329898659,1.7318416978372,2.511111293191,-6.2168803768876e-64,-1.2438265608062e-43,1.5658727607468e-19,-9.1046606367498e-05,-1.0964218589075e-19,1.0964259322814e-19,0.00019125239021217,0.00019125232900978,-1.2551276662059e-08,-1.2551284600234e-08,1.0964204551776e-19,-1.096423530363e-19,1.2551288093039e-08,1.2551272080296e-08,0.00019125241126609,0.00019125247246502,6.963673908027e-05,6.0665090836688e-50,-1.2438265608062e-49,-142.15130757109,168.25233154051,360.31482725911,100000124.57792,-5.6891991893477e-14,-0.0018501861725537,0.0014824007007727,-39.501071685417,-2.3800850635846e-07,-102.84229247915,89.858171499721
22.616500000001,-5.2537395061053e-47,-1.7512571984007e-47,1.6127076245269e-66,0.0028210329898659,1.7318191453706,2.6383441244929,-9.0610697674141e-62,-1.7749747391898e-41,1.3588478195908e-19,-7.9009282008714e-05,-9.5146329234154e-20,9.5146682717231e-20,0.0001659668013558,0.00016596674824501,-1.0891865132889e-08,-1.0891872021554e-08,9.514620741996e-20,-9.514647428129e-20,1.0891875052573e-08,1.0891861156883e-08,0.00016596681962617,0.00016596687273395,6.0430025628329e-05,9.5506074115071e-48,-1.7749747391898e-47,-142.15210522936,168.25508543962,360.31482725911,100000124.57792,-5.7044647560901e-14,-0.0017888771683502,0.0013825438455052,-43.596532411224,-2.6248301497244e-07,-113.45717404044,99.130462386507
22.716500000001,-4.1345801653693e-45,-1.3782011376635e-45,1.6336867031267e-64,0.0028210329898659,1.7317965721163,2.7597212375313,-8.3910210580222e-60,-1.6096835093767e-39,1.1791937653516e-19,-6.8563419248551e-05,-8.2566978149763e-20,8.2567284898639e-20,0.00014402423479109,0.00014402418870211,-9.4518453594169e-09,-9.4518513373274e-09,8.2566872440694e-20,-8.2567104020134e-20,9.4518539676139e-09,9.4518419090815e-09,0.00014402425064592,0.0001440242967323,5.2440537073845e-05,9.4705568845658e-46,-1.6096835093767e-45,-142.15290111413,168.2578330195,360.31482725911,100000124.57792,-5.7231997697836e-14,-0.0017276213297601,0.0012826770178505,-47.690264666576,-2.8691896194659e-07,-124.05906074074,108.39097012921
22.816500000001,-2.2300563188096e-43,-7.4335598289438e-44,1.125669261047e-62,0.0028210329898659,1.731773978097,2.8759841267708,-5.3248267781091e-58,-1.0004845341313e-37,1.0232918772779e-19,-5.9498610030833e-05,-7.1650750330116e-20,7.1651016523546e-20,0.00012498270761205,0.00012498266761652,-8.2022114310404e-09,-8.2022166186079e-09,7.1650658596905e-20,-7.1650859559093e-20,8.2022189011428e-09,8.2022084368758e-09,0.00012498272137071,0.00012498276136398,4.5507343410824e-05,6.3887582945403e-44,-1.0004845341313e-43,-142.15370609792,168.26059935692,360.31482725911,100000124.57792,-5.7384653365262e-14,-0.0016664185973261,0.0011828002158161,-51.782269495927,-3.1130289877077e-07,-134.64796450456,117.63970646122
22.916500000001,-8.7368510548187e-42,-2.91229786097e-42,5.59786465509e-61,0.0028210329898659,1.7317513633354,2.9877298885032,-2.4541418730194e-56,-4.5168428110464e-36,8.8800186777681e-20,-5.163226446989e-05,-6.2177763288815e-20,6.2177994288658e-20,0.0001084586717277,0.00010845863702,-7.1177923253328e-09,-7.117796827049e-09,6.2177683683704e-20,-6.2177858076565e-20,7.1177988078086e-09,7.1177897270285e-09,0.00010845868366731,0.00010845871837305,3.9490791282219e-05,3.1108506204761e-42,-4.5168428110464e-42,-142.15450197012,168.263353041,360.31482725911,100000124.57792,-5.7544247926585e-14,-0.0016052689116985,0.0010829134374098,-55.872547942148,-3.3564359513068e-07,-145.22389724374,126.87668310456
23.016500000001,-2.6024021263451e-40,-8.6747133813269e-41,2.1048820442819e-59,0.0028210329898659,1.7317287278539,3.0954477670082,-8.5987219243625e-55,-1.5503864628928e-34,7.7059862848979e-20,-4.4805932994185e-05,-5.3957205329849e-20,5.395740578907e-20,9.4119288161445e-05,9.4119258042472e-05,-6.1767448952654e-09,-6.1767488018072e-09,5.3957136249376e-20,-5.3957287585657e-20,6.1767505206894e-09,6.1767426404844e-09,9.4119298522518e-05,9.4119328639787e-05,3.4269690981892e-05,1.1454516519269e-40,-1.5503864628928e-40,-142.15530471298,168.26611486153,360.31482725911,100000124.57792,-5.7703842487911e-14,-0.0015441722136341,0.00098301668063823,-59.961101046539,-3.5993542728879e-07,-155.78687085745,136.10191176985
23.116500000001,-6.1127281520601e-39,-2.0375848268026e-39,6.2116424302552e-58,0.0028210329898659,1.7317060716753,3.199544604165,-2.3756206059091e-53,-4.1964898677075e-33,6.6871733920676e-20,-3.8882114741455e-05,-4.6823492081634e-20,4.6823666038025e-20,8.1675722769847e-05,8.1675696632921e-05,-5.3601138888811e-09,-5.3601172789367e-09,4.682343213433e-20,-4.6823563462354e-20,5.3601187705645e-09,5.360111932206e-09,8.1675731761076e-05,8.1675757896524e-05,2.9738875364677e-05,3.3104009325072e-39,-4.1964898677075e-39,-142.15610395023,168.26887469253,360.31482725911,100000124.57792,-5.7870375943141e-14,-0.0014831284439961,0.00088310994350769,-64.047929848829,-3.8418694939812e-07,-166.33689723222,145.3154041561
23.216500000001,-1.1663379566137e-37,-3.887809042145e-38,1.4828757100095e-56,0.0028210329898659,1.7316833948221,3.3003630521037,-5.3311725628019e-52,-9.2270113315968e-32,5.8030583396203e-20,-3.3741487917769e-05,-4.0632931177886e-20,4.0633082135403e-20,7.0877328338204e-05,7.0877305656856e-05,-4.6514501390204e-09,-4.6514530808748e-09,4.063287915625e-20,-4.063299312132e-20,4.6514543752936e-09,4.6514484410384e-09,7.0877336140698e-05,7.0877358820763e-05,2.5807081494347e-05,7.739817977514e-38,-9.2270113315967e-38,-142.15690599247,168.27163925536,360.31482725911,100000124.57792,-5.8092420549606e-14,-0.0014221375437538,0.00078319322402396,-68.133035387173,-4.0838572969621e-07,-176.87398824192,154.51717195075
23.316500000001,-1.8524912017716e-36,-6.1749945977031e-37,2.9359561124576e-55,0.0028210329898659,1.7316606973167,3.3981949156822,-9.9583946368638e-51,-1.6888005353803e-30,5.0358326483628e-20,-2.9280506332418e-05,-3.5260827902976e-20,3.5260958902312e-20,6.1506595864693e-05,6.1506576182059e-05,-4.0364792324048e-09,-4.0364817853149e-09,3.526078275915e-20,-3.5260881656832e-20,4.0364829085979e-09,4.036477758914e-09,6.1506602635614e-05,6.1506622317135e-05,2.2395112360131e-05,1.5008915688745e-36,-1.6888005353803e-36,-142.15770569821,168.27440192428,360.31482725911,100000124.57792,-5.8293648474349e-14,-0.0013611994539828,0.00068326652019208,-72.216418698168,-4.3254421922002e-07,-187.39815574787,163.70722682962
23.416500000001,-2.4996296947129e-35,-8.3321297549662e-36,4.9222513720279e-54,0.0028210329898659,1.7316379791816,3.4932911278069,-1.5802503330741e-49,-2.62593183348e-29,4.3700423084108e-20,-2.5409313696307e-05,-3.059897350157e-20,3.0599087181408e-20,5.3374773338112e-05,5.3374756257731e-05,-3.502813984171e-09,-3.5028161995594e-09,3.0598934326235e-20,-3.0599020148598e-20,3.5028171743325e-09,3.5028127054913e-09,5.3374779213847e-05,5.3374796293262e-05,1.9434241633745e-05,2.4646512837085e-35,-2.62593183348e-35,-142.15851013508,168.27717049722,360.31482725911,100000124.57792,-5.8494876399097e-14,-0.0013003141158638,0.00058332983001595,-76.298080816831,-4.5664555831234e-07,-197.90941159877,172.88558045688
23.516500000001,-2.9149572894988e-34,-9.716558603009e-35,7.1112534257575e-53,0.0028210329898659,1.7316152404393,3.5858693413693,-2.1671279256213e-48,-3.5287878171923e-28,3.7922764934433e-20,-2.2049933672169e-05,-2.6553465560313e-20,2.6553564210474e-20,4.6318063759569e-05,4.6318048937395e-05,-3.0397049263138e-09,-3.0397068488044e-09,2.6553431564372e-20,-2.6553506040111e-20,3.0397076947022e-09,3.0397038166891e-09,4.6318068858469e-05,4.6318083679805e-05,1.6864829334421e-05,3.4877470643076e-34,-3.5287878171923e-34,-142.15931324451,168.27993647306,360.31482725911,100000124.57792,-5.8633654278714e-14,-0.0012394814706834,0.00048338315149911,-80.378022776653,-4.8071020283889e-07,-208.40776763078,182.05224448507
23.616500000001,-2.9809726557638e-33,-9.9366091415588e-34,8.9857842559569e-52,0.0028210329898659,1.7315924811122,3.676119798916,-2.6061530868591e-47,-4.158502105309e-27,3.2908974302247e-20,-1.9134699219276e-05,-2.3042816558096e-20,2.3042902165663e-20,4.0194325825897e-05,4.0194312963371e-05,-2.6378237841948e-09,-2.6378254525118e-09,2.3042787056778e-20,-2.3042851686036e-20,2.637826186573e-09,2.6378228212742e-09,4.0194330250669e-05,4.0194343112467e-05,1.4635120517658e-05,4.3169275533643e-33,-4.158502105309e-33,-142.16011995575,168.28271353745,360.31482725911,100000124.57792,-5.8772432158326e-14,-0.0011787014598327,0.00038342648264537,-84.456245609532,-5.0472387825701e-07,-218.89323566752,191.20723055508
23.716500000001,-2.7069554485926e-32,-9.0232141583635e-33,1.0058430278158e-50,0.0028210329898659,1.7315697012226,3.7642099347923,-2.7829279151239e-46,-4.3515665650216e-26,2.8558059822337e-20,-1.6604889595395e-05,-1.9996312485993e-20,1.9996386775334e-20,3.4880210817634e-05,3.488019965567e-05,-2.2890755797477e-09,-2.2890770274956e-09,1.9996286885062e-20,-1.9996342969648e-20,2.2890776645061e-09,2.2890747441354e-09,3.4880214657404e-05,3.4880225818737e-05,1.2700202790029e-05,4.7334719249073e-32,-4.3515665650216e-32,-142.16091921411,168.28548484626,360.31482725911,100000124.57792,-5.8945904507464e-14,-0.0011179740248081,0.00028345982145707,-88.532750345855,-5.2870511730985e-07,-229.36582752009,200.35055029621
23.816500000001,-2.2064278058675e-31,-7.3547823666768e-32,1.0084422387389e-49,0.0028210329898659,1.7315469007928,3.8502880290615,-2.6673523546062e-45,-4.0873312886609e-25,2.4782382256152e-20,-1.4409547561505e-05,-1.7352588474997e-20,1.7352652942501e-20,3.0268678020685e-05,3.0268668334451e-05,-1.986435576627e-09,-1.9864368329673e-09,1.7352566258779e-20,-1.735261492839e-20,1.9864373857582e-09,1.9864348514914e-09,3.0268681352797e-05,3.0268691038483e-05,1.1021101651555e-05,4.6487985886305e-31,-4.0873312886609e-31,-142.16172336602,168.28826275607,360.31482725911,100000124.57792,-5.9133254644402e-14,-0.0010572991072103,0.00018348316593642,-92.607538014423,-5.5262817794507e-07,-239.82555498708,209.48221532614
23.916500000001,-1.6295240933215e-30,-5.4317633709436e-31,9.1427563542054e-49,0.0028210329898659,1.7315240798452,3.9344861415896,-2.3163995028117e-44,-3.4785360078103e-24,2.1505889199436e-20,-1.2504452964558e-05,-1.5058392740837e-20,1.5058448685056e-20,2.6266838635526e-05,2.6266830229914e-05,-1.7238077829323e-09,-1.7238088731711e-09,1.5058373461838e-20,-1.5058415696812e-20,1.7238093528772e-09,1.7238071536673e-09,2.6266841527097e-05,2.6266849932233e-05,9.5639954433849e-06,4.1287151739515e-30,-3.4785360078103e-30,-142.16252977397,168.29103726464,360.31482725911,100000124.57792,-5.9341421463053e-14,-0.0009966766487446,8.3496514084684e-05,-96.680609642519,-5.7651581611029e-07,-250.27242985465,218.60223725094
24.016500000001,-1.0994155333634e-29,-3.6647291309625e-30,7.5587096067431e-48,0.0028210329898659,1.7315012384019,4.016922492383,-1.8376797273722e-43,-2.7044763569896e-23,1.8662583180179e-20,-1.085123202345e-05,-1.3067513948367e-20,1.3067562496168e-20,2.279408474441e-05,2.2794077450109e-05,-1.4959021613697e-09,-1.4959031074674e-09,1.3067497218256e-20,-1.306753386932e-20,1.4959035237513e-09,1.4959016153002e-09,2.2794087253685e-05,2.2794094547573e-05,8.2995340877001e-06,3.3438006631367e-29,-2.7044763569896e-29,-142.16333286292,168.29381647485,360.31482725911,100000124.57792,-5.949407713047e-14,-0.00093610659122015,-1.6500136097478e-05,-100.75196625586,-6.0034380313138e-07,-260.70646389645,227.7106276651
24.116500000001,-6.8254710605484e-29,-2.2751634406987e-29,5.7407042062776e-47,0.0028210329898659,1.7314783764852,4.0977034107939,-1.3414980332901e-42,-1.9348154947519e-22,1.6195192290223e-20,-9.4165843768211e-06,-1.1339850389722e-20,1.133989251899e-20,1.9780465648904e-05,1.9780459318987e-05,-1.298128073528e-09,-1.2981288945416e-09,1.1339835871509e-20,-1.1339867676914e-20,1.2981292557884e-09,1.2981275996547e-09,1.9780467826427e-05,1.9780474155986e-05,7.2022478974035e-06,2.4878189567757e-28,-1.9348154947519e-28,-142.16413791713,168.29660139617,360.31482725911,100000124.57792,-5.9667549479611e-14,-0.00087558887655003,-0.00011650678660941,-104.82160887866,-6.2413810113073e-07,-271.12766887376,236.80739815158
24.216500000001,-3.9241954605762e-28,-1.3080687311904e-28,4.0314651499212e-46,0.0028210329898659,1.7314554941173,4.1769249453592,-9.0688546557762e-42,-1.2818675921131e-21,1.4054016573432e-20,-8.171612323298e-06,-9.8406022269716e-21,9.8406387863049e-21,1.7165278872776e-05,1.7165273379741e-05,-1.1265018119491e-09,-1.126502524416e-09,9.8405896282194e-21,-9.8406172286137e-21,1.1265028379021e-09,1.1265014007268e-09,1.7165280762407e-05,1.7165286255131e-05,6.2500345474245e-06,1.7115222694022e-27,-1.2818675921131e-27,-142.16494232215,168.29937792978,360.31482725911,100000124.57792,-5.9868777404356e-14,-0.00081512344675105,-0.00021652343945177,-108.88953853358,-6.4788708288369e-07,-281.53605653541,245.89256028174
24.316500000001,-2.1012850146733e-27,-7.0043019748968e-28,2.6330521140548e-45,0.0028210329898659,1.7314325913203,4.2546742038082,-5.7098772784406e-41,-7.9097564765303e-21,1.2195926933547e-20,-7.0912387432798e-06,-8.5395705288356e-21,8.5396022546384e-21,1.4895847449198e-05,1.48958426824e-05,-9.7756635743632e-10,-9.7756697570757e-10,8.5395595957718e-21,-8.5395835471019e-21,9.7756724774753e-10,9.7756600058201e-10,1.4895849088999e-05,1.4895853855527e-05,5.4237138738425e-06,1.0950895391268e-26,-7.9097564765303e-27,-142.16574768892,168.30216364966,360.31482725911,100000124.57792,-6.0056127541296e-14,-0.0007547102439434,-0.00031655009662585,-112.95575624174,-6.7159061293406e-07,-291.93163861785,254.96612561546
24.416500000001,-1.0532714125399e-26,-3.5109137648724e-27,1.6076949801772e-44,0.0028210329898659,1.7314096681163,4.3310304765423,-3.365257265072e-40,-4.5688201367592e-20,1.0583496397009e-20,-6.1537019776162e-06,-7.4105489821633e-21,7.4105765134793e-21,1.2926458863519e-05,1.2926454726942e-05,-8.4832174529561e-10,-8.4832228182486e-10,7.4105394945661e-21,-7.4105602792771e-21,8.4832251789826e-10,8.4832143562121e-10,1.2926460286521e-05,1.2926464422864e-05,4.7066415332749e-06,6.550406891543e-26,-4.5688201367592e-26,-142.16655656415,168.30495072297,360.31482725911,100000124.57792,-6.0215722102624e-14,-0.00069434921034983,-0.00041658676013287,-117.02026302275,-6.9525305375282e-07,-302.31442684517,264.02810570108
24.516500000001,-4.9647037725835e-26,-1.6549054107071e-26,9.2195947020724e-44,0.0028210329898659,1.7313867245274,4.4060661848717,-1.865108601253e-39,-2.4816625231874e-19,9.1842462320266e-21,-5.3401174886692e-06,-6.4307960255853e-21,6.4308199169701e-21,1.1217444279026e-05,1.1217440689348e-05,-7.3616463789597e-10,-7.3616510349038e-10,6.4307877923488e-21,-6.4308058291011e-21,7.3616530835238e-10,7.361643691638e-10,1.1217445513892e-05,1.1217449103367e-05,4.0843737405812e-06,3.6800550817431e-25,-2.4816625231874e-25,-142.16736463146,168.30774100031,360.31482725911,100000124.57792,-6.039613334566e-14,-0.00063404028829621,-0.00051663343197532,-121.08305989469,-7.1886675236268e-07,-312.68443292911,273.07851207546
24.616500000001,-2.2096486642398e-25,-7.3655135510783e-26,4.9865336485652e-43,0.0028210329898659,1.7313637605756,4.4798476863048,-9.760316242235e-39,-1.272794314763e-18,7.9699917386785e-21,-4.6340974744177e-06,-5.5805767726821e-21,5.5805975053732e-21,9.7343794987943e-06,9.7343763837101e-06,-6.3883588637664e-10,-6.3883629041454e-10,5.5805696279665e-21,-5.5805852800695e-21,6.3883646819162e-10,6.3883565317371e-10,9.7343805703984e-06,9.7343836853064e-06,3.5443763317879e-06,1.9499438331672e-24,-1.272794314763e-24,-142.16816838449,168.3105284877,360.31482725911,100000124.57792,-6.05904223765e-14,-0.00057378342021122,-0.00061669011415558,-125.14414787412,-7.4242939113144e-07,-323.04166856908,282.11735626399
24.716500000001,-9.3204523599391e-25,-3.1068248573387e-25,2.5533106805845e-42,0.0028210329898659,1.7313407762829,4.5524359623771,-4.8406643362495e-38,-6.1866794233872e-18,6.9162745324813e-21,-4.0214207736007e-06,-4.8427654977541e-21,4.8427834893642e-21,8.4473915688368e-06,8.4473888655996e-06,-5.5437502525122e-10,-5.5437537587104e-10,4.8427592976455e-21,-4.8427728803749e-21,5.543755301441e-10,5.5437482288018e-10,8.4473924987635e-06,8.4473952018477e-06,3.0757722919718e-06,9.7816132126737e-24,-6.1866794233872e-24,-142.16897619595,168.31332514253,360.31482725911,100000124.57792,-6.0750016937833e-14,-0.00051357854862516,-0.00071675680867754,-129.20352797608,-7.6595348513189e-07,-333.38614545221,291.14464978058
24.816500000001,-3.7384457589415e-24,-1.2461514845462e-24,1.2419730671008e-41,0.0028210329898659,1.7313177716713,4.6238872093053,-2.2828855120439e-37,-2.8595475865154e-17,6.001869886076e-21,-3.4897464128916e-06,-4.2025006771776e-21,4.2025162901065e-21,7.3305570556457e-06,7.3305547098051e-06,-4.8108078330636e-10,-4.8108108757053e-10,4.2024952967889e-21,-4.2025070837378e-21,4.8108122144707e-10,4.8108060769091e-10,7.3305578626262e-06,7.3305602083341e-06,2.6691226626278e-06,4.6612754509254e-23,-2.8595475865154e-23,-142.16978596004,168.31611735649,360.31482725911,100000124.57792,-6.0902672605253e-14,-0.00045342561617102,-0.00081683351754481,-133.26120121411,-7.8943571202276e-07,-343.71787525333,300.16040412773
24.916500000001,-1.4302422719121e-23,-4.7674850703265e-24,5.7567176679229e-41,0.0028210329898659,1.7312947467627,4.6942533477363,-1.0268943552716e-36,-1.2606701744157e-16,5.2083592055538e-21,-3.0283650261632e-06,-3.6468856379415e-21,3.646899186676e-21,6.3613798778053e-06,6.3613778421096e-06,-4.1747681537743e-10,-4.1747707941466e-10,3.6468809688971e-21,-3.6468911974867e-21,4.174771955913e-10,4.174766629802e-10,6.3613805780945e-06,6.361382613675e-06,2.3162364153974e-06,2.1166803970828e-22,-1.2606701744157e-22,-142.17059345956,168.31891494193,360.31482725911,100000124.57792,-6.1034511590959e-14,-0.00039332456558377,-0.00091692024276241,-137.31716860023,-8.1287810444112e-07,-354.03686963499,309.16463079653
25.016500000001,-5.2335923809282e-23,-1.7445346681073e-23,2.5499016341814e-40,0.0028210329898659,1.7312717015789,4.763582464738,-4.4181193885697e-36,-5.3159071698491e-16,4.5197590299333e-21,-2.6279831387451e-06,-3.1647287836146e-21,3.1647405410631e-21,5.5203381737653e-06,5.5203364072101e-06,-3.6228196474581e-10,-3.6228219387452e-10,3.1647247318673e-21,-3.1647336081291e-21,3.6228229469138e-10,3.6228183249711e-10,5.5203387814688e-06,5.5203405479241e-06,2.0100054624937e-06,9.1852990416451e-22,-5.3159071698491e-22,-142.17140221519,168.32171225255,360.31482725911,100000124.57792,-6.1173289470577e-14,-0.00033327533969892,-0.0010170169863351,-141.37143114493,-8.3626035626061e-07,-364.34314024753,318.15734126664
25.116500000001,-1.8363938326434e-22,-6.1213260766665e-23,1.0821405346324e-39,0.0028210329898659,1.731248636142,4.8319191987242,-1.8227339492476e-35,-2.1494579139744e-15,3.9221990808316e-21,-2.2805359715435e-06,-2.7463181651871e-21,2.7463283681766e-21,4.7904910784047e-06,4.7904895454068e-06,-3.1438445716183e-10,-3.1438465599731e-10,2.7463146491237e-21,-2.7463223518498e-21,3.1438474348511e-10,3.1438434239781e-10,4.7904916057634e-06,4.7904931386746e-06,1.7442614804634e-06,3.8189553070883e-21,-2.1494579139744e-21,-142.17220714166,168.3245087801,360.31482725911,100000124.57792,-6.1319006244089e-14,-0.00027327788145428,-0.0011171237502688,-145.42398985727,-8.5961533975438e-07,-374.63669872906,327.13854700635
25.216500000001,-6.1932604039503e-22,-2.0644245268453e-22,4.4105002223889e-39,0.0028210329898659,1.7312255504735,4.8993050760696,-7.2276215885325e-35,-8.3534925462228e-15,3.4036428773733e-21,-1.9790249942925e-06,-2.3832258560313e-21,2.3832347100777e-21,4.1571374875887e-06,4.1571361572694e-06,-2.7281950669084e-10,-2.7281967923816e-10,2.3832228048286e-21,-2.3832294891729e-21,2.7281975515915e-10,2.7281940709983e-10,4.157137945225e-06,4.1571392754691e-06,1.5136516632521e-06,1.5248991406373e-20,-8.3534925462228e-21,-142.17302305573,168.3273143925,360.31482725911,100000124.57792,-6.149247859322e-14,-0.00021333213388838,-0.00121724053657,-149.47484574471,-8.8292025483027e-07,-384.91755670548,336.10825947262
25.316500000001,-2.0118257640108e-21,-6.7060998596998e-22,1.7301530603918e-38,0.0028210329898659,1.7312024445955,4.9657788066233,-2.7604756424775e-34,-3.1269774084463e-14,2.9536452887643e-21,-1.7173769554701e-06,-2.0681381905614e-21,2.0681458740092e-21,3.6075199365829e-06,3.6075187821459e-06,-2.3674988230324e-10,-2.3675003203799e-10,2.06813554276e-21,-2.0681413433633e-21,2.3675009792142e-10,2.3674979587922e-10,3.6075203337149e-06,3.6075214880866e-06,1.3135309016419e-06,5.8604545344186e-20,-3.1269774084463e-20,-142.17383443263,168.33012272914,360.31482725911,100000124.57792,-6.165901204845e-14,-0.00015343804014061,-0.0013173673472457,-153.52399981329,-9.0617604679695e-07,-395.18572579053,345.06649011103
25.416500000001,-6.3071831209081e-21,-2.1023986707351e-21,6.5455687816912e-38,0.0028210329898659,1.7311793185295,5.0313765440952,-1.0175260126074e-33,-1.1296800283296e-13,2.5631421409792e-21,-1.490321548201e-06,-1.7947084471386e-21,1.7947151147534e-21,3.1305676251969e-06,3.1305666233888e-06,-2.0544904376694e-10,-2.0544917370516e-10,1.7947061494046e-21,-1.7947111831067e-21,2.0544923087811e-10,2.0544896876908e-10,3.1305679698239e-06,3.1305689715754e-06,1.1398682163834e-06,2.1721442097819e-19,-1.1296800283296e-19,-142.17464401197,168.33292534568,360.31482725911,100000124.57792,-6.1804728821965e-14,-9.3595543450974e-05,-0.0014175041843036,-157.57145306752,-9.2939272561407e-07,-405.44121758577,354.01325035587
25.516500000001,-1.9118122593226e-20,-6.3727203099528e-21,2.39267086237e-37,0.0028210329898659,1.7311561722973,5.0961321162851,-3.626360984443e-33,-3.9459437884724e-13,2.2242676396703e-21,-1.2932852442451e-06,-1.5574290078537e-21,1.5574347939392e-21,2.716673405592e-06,2.7166725362339e-06,-1.7828650715308e-10,-1.7828661991209e-10,1.5574270139044e-21,-1.5574313820979e-21,1.7828666952617e-10,1.7828644207074e-10,2.7166737046559e-06,2.7166745739648e-06,9.891655574909e-07,7.7789244520427e-19,-3.9459437884724e-19,-142.17545106111,168.33573175047,360.31482725911,100000124.57792,-6.1992078958904e-14,-3.3804587159639e-05,-0.0015176510497516,-161.61720651046,-9.5257087125559e-07,-415.68404368064,362.94855163009
25.616500000001,-5.6124328040278e-20,-1.8708146173707e-20,8.4652012554905e-37,0.0028210329898659,1.7311330059206,5.1600772293194,-1.2516761931018e-32,-1.3348807819946e-12,1.9301959316982e-21,-1.1222991458067e-06,-1.3515204201387e-21,1.3515254412425e-21,2.3575002159024e-06,2.3574994614842e-06,-1.5471514517684e-10,-1.5471524302792e-10,1.3515186898105e-21,-1.3515224804827e-21,1.5471528608249e-10,1.5471508869907e-10,2.3575004754279e-06,2.3575012298034e-06,8.5838732517447e-07,2.6963106093732e-18,-1.3348807819946e-18,-142.17626706898,168.33854593994,360.31482725911,100000124.57792,-6.2172490201942e-14,2.593488529294e-05,-0.0016178079455989,-165.66126114361,-9.7569550675379e-07,-425.91421565246,371.87240534539
25.716500000001,-1.598199537429e-19,-5.3273420919431e-20,2.9033664702041e-36,0.0028210329898659,1.7311098194211,5.2232416493919,-4.1906985551552e-32,-4.3803430309429e-12,1.6750036139045e-21,-9.739189631318e-07,-1.1728351256063e-21,1.1728394828671e-21,2.0458129852736e-06,2.0458123306023e-06,-1.3426016656738e-10,-1.3426025148151e-10,1.1728336240459e-21,-1.172836913551e-21,1.3426028884381e-10,1.3426011755657e-10,2.0458132104901e-06,2.0458138651244e-06,7.4489916559074e-07,9.0600610590741e-18,-4.3803430309429e-18,-142.177077036,168.34135462754,360.31482725911,100000124.57792,-6.235290144498e-14,8.5622930366507e-05,-0.0017179748738548,-169.70361796707,-9.9878398126305e-07,-436.13174506644,380.78482290219
25.816500000001,-4.4209333739228e-19,-1.4736472581707e-19,9.6676024439587e-36,0.0028210329898659,1.7310866128203,5.2856533649668,-1.3629625968339e-31,-1.3962954676422e-11,1.4535504196761e-21,-8.4515539979032e-07,-1.0177739169541e-21,1.0177776981389e-21,1.7753324012711e-06,1.7753318331697e-06,-1.165095524817e-10,-1.1650962616928e-10,1.0177726139158e-21,-1.0177754685136e-21,1.165096585919e-10,1.1650950995063e-10,1.7753325967214e-06,1.7753331647907e-06,6.4641472818901e-07,2.9555967070734e-17,-1.3962954676422e-17,-142.17789100095,168.34417249236,360.31482725911,100000124.57792,-6.2568007157531e-14,0.00014525960442142,-0.0018181518365297,-173.7442779794,-1.0218360045977e-06,-446.33664347574,389.68581568966
25.916500000001,-1.1895550287933e-18,-3.9651908377466e-19,3.1295752486e-35,0.0028210329898659,1.7310633861398,5.3473387319503,-4.3119154962183e-31,-4.3294797031145e-11,1.2613756800029e-21,-7.3341323773104e-07,-8.8321344014563e-22,8.8321672141782e-22,1.5406069520175e-06,1.5406064590728e-06,-1.0110575732571e-10,-1.0110582127102e-10,8.8321230938279e-22,-8.8321478657256e-22,1.0110584940702e-10,1.011057204177e-10,1.540607121657e-06,1.5406076145738e-06,5.6094908079009e-07,9.3736623669247e-17,-4.3294797031145e-17,-142.17870622257,168.34698760159,360.31482725911,100000124.57792,-6.2727601718862e-14,0.00020484496371837,-0.0019183388356335,-177.78324217771,-1.0448274714293e-06,-456.52892242143,398.57539508576
26.016500000001,-3.1173423679083e-18,-1.0391160324885e-18,9.8618484828059e-35,0.0028210329898659,1.7310401394012,5.4083226039673,-1.3285904131493e-30,-1.307461646494e-10,1.0946084734638e-21,-6.364370383276e-07,-7.6644328155927e-22,7.6644612901258e-22,1.3368988658678e-06,1.3368984382397e-06,-8.7738506814487e-11,-8.773856230555e-11,7.6644230029524e-22,-7.6644444997432e-22,8.7738586721672e-11,8.7738474786109e-11,1.3368990131689e-06,1.3368994407728e-06,4.8677719530587e-07,2.8938769254746e-16,-1.307461646494e-16,-142.17951532609,168.3498002695,360.31482725911,100000124.57792,-6.2914951855798e-14,0.00026437906441907,-0.0020185358731779,-181.82051155763,-1.0677862569542e-06,-466.70859343258,407.45357245722
26.116500000001,-7.9654465517717e-18,-2.6551536532373e-18,3.0287058306681e-34,0.0028210329898659,1.7310168726259,5.4686284495689,-3.9916822896511e-30,-3.8500503575103e-10,9.4988965529069e-22,-5.5226002365998e-07,-6.6511137285133e-22,6.651138438412e-22,1.1600767314696e-06,1.1600763608022e-06,-7.6138548204947e-11,-7.6138596359504e-11,6.6511052132079e-22,-6.6511238678955e-22,7.6138617547557e-11,7.6138520411059e-11,1.1600768595581e-06,1.1600772302045e-06,4.2239489419081e-07,8.7071670093244e-16,-3.8500503575103e-16,-142.18033163408,168.35262089577,360.31482725911,100000124.57792,-6.3116179780547e-14,0.00032386196258665,-0.0021187429511748,-185.85608711334,-1.0906968088079e-06,-476.87566802621,416.32035915959
26.216500000001,-1.9865283694683e-17,-6.6217730224628e-18,9.0754331339371e-34,0.0028210329898659,1.7309935858355,5.5282784579395,-1.1706875456301e-29,-1.1066854278281e-09,8.2430419489509e-22,-4.7914885776855e-07,-5.7717661378889e-22,5.7717875808777e-22,1.0064995052709e-06,1.0064991848267e-06,-6.6072226813504e-11,-6.6072268601519e-11,5.771758748397e-22,-5.7717749367376e-22,6.6072286988287e-11,6.6072202694262e-11,1.0064996171734e-06,1.0064999375992e-06,3.6647673628382e-07,2.5561441776537e-15,-1.1066854278281e-15,-142.18114634621,168.35544309449,360.31482725911,100000124.57792,-6.3296591023581e-14,0.00038329371418482,-0.0022189600716363,-189.88996983752,-1.1135741168301e-06,-487.03015770737,425.17576653726
26.316500000001,-4.8389077280566e-17,-1.6129720698539e-17,2.6560962001621e-33,0.0028210329898641,1.7309702790513,5.5872936344502,-3.3549961071009e-29,-3.1084798074969e-09,7.1532245876136e-22,-4.1552691067376e-07,-5.0086775861618e-22,5.0086961941609e-22,8.7285531985163e-07,8.728550451889e-07,-5.7336779574348e-11,-5.7336815837545e-11,5.0086711736391e-22,-5.0086852217097e-22,5.7336831793388e-11,5.7336758643925e-11,8.7285541904861e-07,8.7285569369502e-07,3.1781764081112e-07,7.3292591390204e-15,-3.1084798074969e-15,-142.18195784852,168.35826858822,360.31482725911,100000124.57792,-6.342843000929e-14,0.00044267437507885,-0.0023191872365759,-193.92216072131,-1.1364084328914e-06,-497.1720739689,434.01980592325
26.416500000001,-1.1512160625084e-16,-3.8373934882048e-17,7.5999839766e-33,0.0028210329898605,1.7309469522948,5.6456938872329,-9.4043112395303e-29,-8.5399609907444e-09,6.2074925549382e-22,-3.5983284769945e-07,-4.3464773746962e-22,4.3464935225216e-22,7.5586443641014e-07,7.5586420743515e-07,-4.9756250836351e-11,-4.9756282305171e-11,4.3464718099775e-22,-4.3464840007442e-22,4.9756296151483e-11,4.9756232673152e-11,7.5586452819445e-07,7.5586475715432e-07,2.752255422728e-07,2.0545999437951e-14,-8.5399609907444e-15,-142.18277907816,168.36109370066,360.31482725911,100000124.57792,-6.3636596827943e-14,0.00050200400103842,-0.0024194244480069,-197.95266075453,-1.1591871435834e-06,-507.30142829203,442.85248863976
26.516500000001,-2.6692715750266e-16,-8.8975869248521e-17,2.1280124617301e-32,0.0028210329898515,1.7309236055874,5.7034981057731,-2.5807046029043e-28,-2.2968890850424e-08,5.3867961538864e-22,-3.1020770024108e-07,-3.7718269329758e-22,3.7718409458894e-22,6.5162190493809e-07,6.5162173142614e-07,-4.3177948127921e-11,-4.3177975436229e-11,3.7718221039734e-22,-3.7718326829907e-22,4.3177987451913e-11,4.3177932366088e-11,6.5162199982624e-07,6.516221733225e-07,2.3728409786938e-07,5.6362085112421e-14,-2.2968890850424e-14,-142.18359274235,168.36392006881,360.31482725911,100000124.57792,-6.3823946964884e-14,0.00056128264773359,-0.0025196717079437,-201.98147092535,-1.1819375167976e-06,-517.41823214557,451.67382599745
26.616500000001,-5.9808221647938e-16,-1.9936106293033e-16,5.8358543810937e-32,0.0028210329898284,1.7309002389503,5.7607242324141,-6.9389661964621e-28,-6.0529802153646e-08,4.674604106599e-22,-2.6374937829203e-07,-3.2731510839771e-22,3.2731632442395e-22,5.5403159150434e-07,5.5403150725513e-07,-3.7469366490255e-11,-3.7469390188115e-11,3.2731468934244e-22,-3.2731560737809e-22,3.7469400615198e-11,3.7469352812302e-11,5.5403171375349e-07,5.5403179798237e-07,2.0178757661328e-07,1.5143126118585e-13,-6.0529802153646e-14,-142.1844069081,168.36674991736,360.31482725911,100000124.57792,-6.4032113783539e-14,0.00062051037073959,-0.0026199290184013,-206.00859222033,-1.2046332251401e-06,-527.52249698602,460.48382929554
26.716500000001,-1.2581668257174e-15,-4.1938956352023e-16,1.5687638437879e-31,0.0028210329897678,1.730876852405,5.8173893275293,-1.8295470130072e-27,-1.5641942480035e-07,4.0565703550008e-22,-2.1470753840136e-07,-2.8404047384309e-22,2.8404152909888e-22,4.5101431365783e-07,4.5101441177965e-07,-3.2515519405413e-11,-3.2515539970163e-11,2.8404011019254e-22,-2.840409068534e-22,3.2515549018677e-11,3.2515507535829e-11,4.5101452223126e-07,4.5101442407456e-07,1.6437252332451e-07,3.9881064567329e-13,-1.5641942480035e-13,-142.18522846365,168.36958260064,360.31482725911,100000124.57792,-6.4226402814386e-14,0.0006796872255393,-0.0027201963813948,-210.03402562406,-1.227292240748e-06,-537.61423425671,469.28250982107
26.816500000001,-2.2311287715711e-15,-7.4371033061622e-16,4.1368252664019e-31,0.0028210329896142,1.7308534459726,5.873509629036,-4.7338210281868e-27,-3.9667186784959e-07,3.5202445612499e-22,-1.5013874158667e-07,-2.4648701876501e-22,2.4648793450761e-22,3.1538105504851e-07,3.1538157403864e-07,-2.8216622507294e-11,-2.8216640353161e-11,2.4648670319594e-22,-2.4648739452788e-22,2.8216648205371e-11,2.8216612206991e-11,3.1538149436633e-07,3.1538097530247e-07,1.1522396600015e-07,1.0303250327517e-12,-3.9667186784959e-13,-142.18604362298,168.37241925362,360.31482725911,100000124.57792,-6.4379058481814e-14,0.00073881326752916,-0.002820473798941,-214.05777211858,-1.2499080853765e-06,-547.69345538629,478.06987884754
26.916500000001,-1.4651365135606e-15,-4.8837665641758e-16,1.0708977897421e-30,0.0028210329892304,1.7308300196744,5.929100606827,-1.2028408658381e-26,-9.878704168706e-07,3.0548200334673e-22,-3.9589067803972e-08,-2.1389806014834e-22,2.138988548271e-22,8.3160241780003e-08,8.3161771609695e-08,-2.4486083306056e-11,-2.4486098792497e-11,2.1389778630851e-22,-2.1389838623416e-22,2.4486105606571e-11,2.4486074367552e-11,8.3161262480828e-08,8.315973247954e-08,3.1252913130147e-08,2.6130804322053e-12,-9.878704168706e-13,-142.18686124599,168.37525472121,360.31482725911,100000124.57792,-6.4566408618759e-14,0.00079788855203891,-0.0029207612730558,-218.07983268164,-1.2724850878373e-06,-557.76017178451,486.84594763133
27.016500000001,1.7119991633851e-14,5.7066908436233e-15,2.7233118931321e-30,0.0028210329882843,1.7308065735316,5.9841770126236,-3.0034753637477e-26,-2.4176189535476e-06,2.6509129661626e-22,1.8902395781409e-07,-1.8561654527665e-22,1.8561723490786e-22,-3.9706473757355e-07,-3.9706077063515e-07,-2.1248756179704e-11,-2.1248769618639e-11,1.8561630766043e-22,-1.8561682825741e-22,2.1248775531845e-11,2.124874842294e-11,-3.9706229608275e-07,-3.9706626343203e-07,-1.4219207549314e-07,6.5102782032079e-12,-2.4176189535476e-12,-142.18767620162,168.37808507642,360.31482725911,100000124.57792,-6.4781514331303e-14,0.00085691313437069,-0.0030210588057566,-222.1002082828,-1.2950168259732e-06,-567.81439483236,495.61072740298
27.116500000001,1.5363562703718e-13,5.1212060227992e-14,6.8076359721107e-30,0.0028210329859932,1.7307831075657,6.0387529256716,-7.3745430830261e-26,-5.8179574107442e-06,2.3003661799348e-22,7.0489116673589e-07,-1.6107130961166e-22,1.6107190810868e-22,-1.4806965261735e-06,-1.4806867378212e-06,-1.8439426923237e-11,-1.8439438585322e-11,1.6107110345747e-22,-1.610715551964e-22,1.8439443716798e-11,1.8439420191943e-11,-1.4806906853534e-06,-1.4807004746893e-06,-5.3340011339236e-07,1.594393673724e-11,-5.8179574107442e-12,-142.18850038036,168.3809329658,360.31482725911,100000124.57792,-6.4968864468252e-14,0.00091588706989151,-0.0031213663990617,-226.11889987454,-1.3174843168517e-06,-577.8561358601,504.36422934818
27.216500000001,9.8049637608024e-13,3.2683321872669e-13,1.6738281140863e-29,0.0028210329805357,1.7307596217982,6.0928417945975,-1.7815668648358e-25,-1.377554414578e-05,1.9960680615163e-22,1.899930814863e-06,-1.3976439899513e-22,1.3976491846599e-22,-3.9909994855457e-06,-3.9909759791888e-06,-1.6001495112313e-11,-1.6001505232357e-11,1.3976422020893e-22,-1.3976461215205e-22,1.6001509685535e-11,1.6001489270835e-11,-3.9909856542166e-06,-3.9910091629035e-06,-1.439578395081e-06,3.840667701763e-11,-1.377554414578e-11,-142.18931722798,168.38376931659,360.31482725911,100000124.57792,-6.5170092393001e-14,0.00097481041424397,-0.0032216840549896,-230.13590837194,-1.3398928816038e-06,-587.88540609649,513.10646456338
27.316500000001,5.6164456971101e-12,1.8721546348585e-12,4.0503540859356e-29,0.0028210329677384,1.7307361162509,6.1464564756119,-4.2371339605885e-25,-3.2110675493938e-05,1.7317711754839e-22,4.6688791660739e-06,-1.2125836885318e-22,1.2125881988393e-22,-9.8074585730279e-06,-9.8074032123804e-06,-1.3885825134803e-11,-1.3885833916433e-11,1.2125821397019e-22,-1.2125855392614e-22,1.3885837781169e-11,1.3885820065325e-11,-9.8074262594508e-06,-9.8074816255433e-06,-3.5393240452873e-06,9.1051034816394e-11,-3.2110675493938e-11,-142.19014033225,168.38661614245,360.31482725911,100000124.57792,-6.5336625848228e-14,0.0010336832238189,-0.0033220117755593,-234.15123460719,-1.362219031892e-06,-597.90221655573,521.8374439574
27.416500000001,3.0450053805872e-11,1.0150050249206e-11,9.6512082279088e-29,0.0028210329381868,1.7307125909469,6.1996092670049,-9.9261222979517e-25,-7.3726992567817e-05,1.5018808706803e-22,1.1024579460094e-05,-1.0516148241776e-22,1.0516187437402e-22,-2.315825663832e-05,-2.3158128393844e-05,-1.2049737252186e-11,-1.2049744871798e-11,1.05161348632e-22,-1.0516164325066e-22,1.204974822629e-11,1.2049732852256e-11,-2.3158182220996e-05,-2.3158310478015e-05,-8.3594287370635e-06,2.12553675498e-10,-7.3726992567817e-11,-142.19096680705,168.38945909052,360.31482725911,100000124.57792,-6.5510098197366e-14,0.0010925055567943,-0.0034223495627903,-238.16487922961,-1.3843877530567e-06,-607.90657778898,530.55717803483
27.516500000002,1.589325393761e-10,5.2977679543862e-11,2.2657068781564e-28,0.0028210328709468,1.7306890459116,6.2523119394378,-2.2916419572482e-24,-0.00016682518275944,1.3011534296242e-22,2.5430311571625e-05,-9.1106575124396e-23,9.110691653492e-23,-5.3418968853517e-05,-5.341867624454e-05,-1.0456106945489e-11,-1.0456113555483e-11,9.1106460452244e-23,-9.1106715220718e-23,1.0456116468076e-11,1.0456103125731e-11,-5.3418799910941e-05,-5.3419092548409e-05,-1.9285804210433e-05,4.8885938395895e-10,-1.6682518275944e-10,-142.19179820844,168.39231124872,360.31482725911,100000124.57792,-6.5641937183078e-14,0.0011512774753988,-0.0035226974187031,-242.17684248863,-1.4062734010802e-06,-617.89849934546,539.26567642645
27.616500000002,8.0375709506312e-10,2.6791986364869e-10,5.2429350565918e-28,0.0028210327201233,1.7306654811755,6.3045757606673,-5.2165670977041e-24,-0.00037218967303313,1.1241779893419e-22,5.7644908369059e-05,-7.8714778636844e-23,7.8715077789711e-23,-0.00012108901990805,-0.00012108836181114,-9.0725309829208e-12,-9.0725367140934e-12,7.8714682357989e-23,-7.8714901410168e-23,9.0725392451384e-12,9.0725276647688e-12,-0.00012108864171618,-0.00012108929987688,-4.3722505772352e-05,1.1082676853759e-09,-3.7218967303313e-10,-142.19264813213,168.39516761394,360.31482725912,100000124.57793,-6.5815409532207e-14,0.0012099990507614,-0.0036230553453185,-246.18712376927,-1.4275755719881e-06,-627.87798861985,547.96294688505
27.716500000002,3.9497290098825e-09,1.3165803813592e-09,1.1964611113361e-27,0.0028210323864607,1.7306418967804,6.3564115116327,-1.1713707191244e-23,-0.00081909068685044,9.6438021060555e-23,0.00012871695277021,-6.7525757596283e-23,6.7526023617611e-23,-0.00027038310630633,-0.00027038164651526,-7.8704960212505e-12,-7.8705009840118e-12,6.7525681276273e-23,-6.7525866828404e-23,7.870503188096e-12,7.8704931343873e-12,-0.00027038227116212,-0.00027038373109411,-9.7640950970486e-05,2.4777188441735e-09,-8.1909068685044e-10,-142.19354013637,168.39805371915,360.31482725914,100000124.57794,-6.5988881881341e-14,0.0012686703731765,-0.0037234233446585,-250.19572061133,-1.4476947379942e-06,-637.8450484214,556.64899316728
27.816500000002,1.8889603917487e-08,6.2965537849941e-09,2.6938318044606e-27,0.0028210316581257,1.7306182927916,6.4078294874502,-2.595769322186e-23,-0.0017788869403427,8.1200552930834e-23,0.00028344899999906,-5.6856496507372e-23,5.6856741479016e-23,-0.00059541356611095,-0.00059541037096167,-6.8244383300478e-12,-6.8244426137149e-12,5.6856446236778e-23,-5.6856597255934e-23,6.8244445428549e-12,6.8244358089686e-12,-0.00059541174616432,-0.00059541494162092,-0.00021504051119934,5.4650405796354e-09,-1.7788869403427e-09,-142.19449890697,168.40096990703,360.31482725917,100000124.57798,-6.609296529143e-14,0.0013272915735385,-0.0038238014187449,-254.20262666544,-1.4653191198982e-06,-647.79967191198,565.32381062372
27.916500000002,8.8013529416918e-08,2.9337931454862e-08,5.986523276047e-27,0.0028210300887994,1.7305946693233,6.4588394702376,-5.6791184190365e-23,-0.0038139944067406,6.4997127249512e-23,0.00061598451709192,-4.551086410771e-23,4.5511107361619e-23,-0.0012939383534777,-0.0012939314500823,-5.9104889449043e-12,-5.9104926135211e-12,4.5510855266001e-23,-4.5510964561591e-23,5.9104943224766e-12,5.9104867234806e-12,-0.0012939344381913,-0.0012939413422481,-0.00046737159153083,1.1897034504947e-08,-3.8139944067406e-09,-142.19562025299,168.40395017205,360.31482725923,100000124.57805,-6.6231743171036e-14,0.0013858628675259,-0.0039241895696009,-258.20782748757,-1.4777625883417e-06,-657.74183220131,573.98737713423
28.016500000002,3.9984410989723e-07,1.3328176722701e-07,1.3136684600391e-26,0.0028210267498824,1.7305710265915,6.5094506478627,-1.2271849906817e-22,-0.0080754940909213,4.4533712761348e-23,0.0013216668505078,-3.1182373976039e-23,3.1182650867569e-23,-0.0027762960844337,-0.0027762813563658,-5.1045149832225e-12,-5.104518064795e-12,3.1182441181201e-23,-3.1182489273652e-23,5.1045196207631e-12,5.1045129850815e-12,-0.0027762877665845,-0.0027763024960562,-0.0010029060912176,2.5570121511677e-08,-8.0754940909213e-09,-142.1970881759,168.4070593905,360.31482725938,100000124.57819,-6.6537054504345e-14,0.0014443846455599,-0.004024587799249,-262.21129199604,-1.4795313221788e-06,-667.67146122952,582.63963471165
28.116500000002,1.7721322972229e-06,5.9071250904678e-07,2.8475260602788e-26,0.0028210197332779,1.730547365018,6.5596714282229,-2.6200777104454e-22,-0.01688951931672,1.318854946027e-23,0.0028007815482543,-9.2344574183025e-24,9.234837186389e-24,-0.0058833273518423,-0.0058832963181346,-4.3787166075985e-12,-4.3787190706468e-12,9.2346750112068e-24,-9.2346174746991e-24,4.3787205717116e-12,4.3787147280938e-12,-0.0058833098979964,-0.005883340934645,-0.0021255057043931,5.427243640183e-08,-1.688951931672e-08,-142.19924414346,168.4104600568,360.31482725968,100000124.5785,-6.6946449246213e-14,0.0015028576535631,-0.0041249961097138,-266.21295533904,-1.4594912233605e-06,-677.5884074574,591.28045264563
28.216500000002,7.6645894777887e-06,2.5548706228386e-06,6.0991854921137e-26,0.002821005167322,1.7305236854387,6.6095090528767,-5.528938510466e-22,-0.034894370855746,-4.2511730282329e-23,0.0058631890643043,2.9766963306135e-23,-2.9766341473715e-23,-0.012316226556268,-0.012316161970286,-3.6953765988162e-12,-3.6953783044593e-12,-2.9766439615602e-23,2.9766697886382e-23,3.6953799151945e-12,3.6953746704866e-12,-0.012316190380972,-0.012316254973046,-0.0044500126030249,1.137652129822e-07,-3.4894370855746e-08,-142.20280677081,168.41441481512,360.31482726031,100000124.57915,-6.7189310534354e-14,0.0015612833512572,-0.00422541450302,-270.21268500711,-1.3954617038158e-06,-687.49235225696,599.90955467379
28.316500000002,3.2342793752228e-05,1.078096240389e-05,1.2913167167649e-25,0.0028209752997972,1.7304999895091,6.6589688307806,-1.1535191129556e-21,-0.071200592692185,-1.4994579814034e-22,0.012125349937415,1.0499248673981e-22,-1.0499134160515e-22,-0.025470533694634,-0.025470400979249,-2.995126525602e-12,-2.9951271327184e-12,-1.0499133620149e-22,1.0499199263122e-22,2.9951291528967e-12,2.9951242517344e-12,-0.025470459660822,-0.025470592388673,-0.0092037825298016,2.3546219557816e-07,-7.1200592692185e-08,-142.20919046469,168.4194865855,360.3148272616,100000124.58047,-6.7452988504144e-14,0.0016196646111859,-0.0043258429811924,-274.21021485941,-1.2442034856369e-06,-697.38264729257,608.52637733779
28.416500000002,0.00013300869129622,4.4336356954583e-05,2.7030869291993e-25,0.002820914839125,1.7304762804796,6.708052670105,-2.3799657169806e-21,-0.14337049826325,-3.643610732479e-22,0.024763987087881,2.551264619195e-22,-2.5512422763523e-22,-0.0520192786358,-0.052019009628437,-2.1748310703702e-12,-2.1748298515727e-12,-2.5512403260118e-22,2.5512548928622e-22,2.1748328479406e-12,2.1748278977877e-12,-0.05201912917859,-0.052019398211124,-0.01879920059027,4.8080028307207e-07,-1.4337049826325e-07,-142.22114217374,168.42677294329,360.31482726422,100000124.58313,-6.7716666473859e-14,0.0016780070550021,-0.0044262815462573,-278.2050192844,-9.2326738972735e-07,-707.25800464801,617.12980009211
28.516500000002,0.00053161715455317,0.00017720621593532,5.5952873707901e-25,0.0028207941772842,1.730452564634,6.7567563665753,-4.8567647509358e-21,-0.28437770044469,-7.9619381224759e-22,0.049900370728356,5.5749656717815e-22,-5.574921148048e-22,-0.10482081208539,-0.1048202753854,-1.046109443826e-12,-1.0461049337655e-12,-5.5749155006506e-22,5.574946140637e-22,1.0461099904301e-12,1.0461043213758e-12,-0.10482051511099,-0.10482105186101,-0.037885608572036,9.667956336524e-07,-2.843777004447e-07,-142.24383437935,168.43829992914,360.31482726945,100000124.58846,-6.8028916700705e-14,0.0017363215328526,-0.0045267302002409,-282.19608027437,-2.8212504090407e-07,-717.11592387513,625.71764630357
28.616500000002,0.0020533245300863,0.0006844433902264,1.1453036870435e-24,0.0028205574445868,1.7304288538316,6.8050648567161,-9.8029047742676e-21,-0.55361178287598,-1.6638395582681e-21,0.099003960314406,1.1650237777925e-21,-1.1650148787674e-21,-0.20796789874058,-0.20796684928836,7.4169196855004e-13,7.4170263611777e-13,-1.1650135760704e-21,1.1650198457671e-21,-7.4169344723871e-13,-7.4170104351308e-13,-0.20796732045463,-0.20796837000425,-0.075176977142557,1.9072680403644e-06,-5.53611782876e-07,-142.28671087253,168.45775083548,360.31482727974,100000124.59892,-6.8320350245515e-14,0.0017946285022405,-0.0046271889451698,-286.18147721311,9.3491690787798e-07,-726.95168421008,634.28580559015
28.716500000002,0.007582480675885,0.0025275002685361,2.3176273570532e-24,0.0028201032914088,1.7304051696079,6.8529446640988,-1.9565236849788e-20,-1.0506576016578,-3.3940635298931e-21,0.19264172653868,2.3765299077252e-21,-2.3765122174559e-21,-0.4046635451411,-0.40466154971868,3.842566837899e-12,3.842589161959e-12,-2.3765094355349e-21,2.3765220330398e-21,-3.8425719088473e-12,-3.8425836599404e-12,-0.40466245041131,-0.40466444601822,-0.14630636305358,3.6661137339261e-06,-1.0506576016579e-06,-142.36579727061,168.49133616384,360.31482729952,100000124.61897,-6.8632600471391e-14,0.0018529650917953,-0.0047276577830722,-290.15772764896,3.1033432107771e-06,-736.75672770909,642.82682581216
28.816500000002,0.026285135117908,0.0087617337221968,4.6335136170703e-24,0.0028192593034802,1.7303815486611,6.9003340397766,-3.8588965017471e-20,-1.921843187614,-6.8095218789259e-21,0.36508371441489,4.7680403408534e-21,-4.7680055144997e-21,-0.76689544051892,-0.76689179992298,9.4674483513808e-12,9.4674927153836e-12,-4.7679997809786e-21,4.7680247095401e-21,-9.4674600143226e-12,-9.4674800393545e-12,-0.76689345286387,-0.76689709379511,-0.27734319905683,6.7868532230237e-06,-1.9218431876142e-06,-142.50520564974,168.54825431309,360.31482733642,100000124.65624,-6.898648405957e-14,0.0019113945484151,-0.0048281367159764,-294.11891144904,6.6101762442775e-06,-746.51651721932,651.32804792113
28.916500000002,0.083202209442581,0.027734133623167,9.1416988980397e-24,0.0028177619176729,1.7303580472304,6.9471357253694,-7.5128495374998e-20,-3.3315004020075,-1.3470740011184e-20,0.66664571582465,9.4322378757735e-21,-9.432170169942e-21,-1.4003569490571,-1.4003507003163,1.9829198226135e-11,1.9829283933632e-11,-9.4321585980811e-21,9.4322071867382e-21,-1.9829222101823e-11,-1.9829257961867e-11,-1.4003535565034,-1.4003598058175,-0.5066162999186,1.1893577670992e-05,-3.331500402008e-06,-142.73345636009,168.63905498269,360.31482740225,100000124.72236,-6.9257100919185e-14,0.0019700137651669,-0.004928625745911,-298.05598781142,1.145071421511e-05,-756.20888176193,659.77016570366
29.016500000002,0.2323791990854,0.077459888877487,1.7771683497474e-23,0.0028152732991559,1.7303347376791,6.9932249176145,-1.4416456790913e-19,-5.3638440547359,-2.6282445454504e-20,1.1564346231751,1.8403018093835e-20,-1.8402888420794e-20,-2.4292079448405,-2.4291980914453,3.8901253228931e-11,3.8901415573276e-11,-1.8402865430856e-20,1.840295860043e-20,-3.8901299650116e-11,-3.8901365039799e-11,-2.4292026309783,-2.4292124852733,-0.87926629046019,1.9329129148277e-05,-5.3638440547371e-06,-143.06844681922,168.76962746039,360.31482751248,100000124.83226,-6.9527717776577e-14,0.0020289473720973,-0.0050291248749058,-301.9573859918,1.6602895136302e-05,-765.805506771,668.12852497184
29.116500000002,0.55586420976096,0.18528837975432,3.3993077058555e-23,0.0028114682095815,1.7303116901664,7.0384849862254,-2.7227738789671e-19,-7.8952480279756,-5.0540183538216e-20,1.879328783309,3.5388331529658e-20,-3.5388087297963e-20,-3.9477197020601,-3.9477056975663,7.3676859006654e-11,7.3677161378783e-11,-3.5388042281075e-20,3.5388217812801e-20,-7.3676946614261e-11,-7.3677065931493e-11,-3.9477122094556,-3.9477262152217,-1.4297659443855,2.8666743631661e-05,-7.8952480279775e-06,-143.49592682233,168.93321312234,360.31482768252,100000125.00029,-6.9839967995241e-14,0.0020883161350426,-0.0051296341049905,-305.81199742984,2.013195197115e-05,-775.2793195884,676.3795573704
29.216500000002,1.1277755766731,0.37592569455181,6.3933924912874e-23,0.0028061585144664,1.7302889460907,7.0828567996213,-5.0580971824146e-19,-10.606193026023,-9.5708075251521e-20,2.8383297166749,6.7014972897228e-20,-6.7014520790688e-20,-5.9621969844686,-5.9621791008423,1.3622927646863e-10,1.3622983074092e-10,-6.7014433943392e-20,6.7014758784812e-20,-1.3622943828589e-10,-1.3622965427441e-10,-5.9621875025435,-5.9622053877864,-2.1607517668388,3.8731254346852e-05,-1.0606193026025e-05,-143.96753746171,169.11046583936,360.31482792196,100000125.23476,-7.0117523742988e-14,0.0021481912044159,-0.0052301534381959,-309.61344527312,2.0866570554596e-05,-784.61496536016,684.50990464405
29.316500000002,1.9724873510077,0.65749647697886,1.1828783574172e-22,0.002799343037441,1.7302665071631,7.126356597757,-9.2463362578982e-19,-13.195036244491,-1.7842558212084e-19,3.9902784575494,1.2493392323402e-19,-1.249331000094e-19,-8.3819799455939,-8.3819590972959,2.4707716662601e-10,2.4707816712468e-10,-1.2493293503772e-19,1.2493352618391e-19,-2.4707746020585e-10,-2.4707784663558e-10,-8.3819689972823,-8.3819898474566,-3.039522644393,4.8389754943444e-05,-1.3195036244494e-05,-144.43334289084,169.28261947142,360.31482823165,100000125.53572,-7.0381201702525e-14,0.0022085753242816,-0.0053306828765538,-313.3617750618,1.9642986728654e-05,-793.81289071108,692.51997283617
29.416500000002,3.0708011998197,1.0236012645699,2.1552370787731e-22,0.0027911352446361,1.7302443505109,7.1690451277062,-1.6650523946084e-18,-15.549948881094,-3.2756962111007e-19,5.2713543340575,2.2936485179278e-19,-2.2936337513425e-19,-11.073006926632,-11.072984148776,4.4066447043973e-10,4.4066625011062e-10,-2.2936306660042e-19,2.2936412626935e-19,-4.406649946798e-10,-4.4066567722002e-10,-11.072995079309,-11.073017859208,-4.017372142783,5.7208639869669e-05,-1.5549948881097e-05,-144.87247578137,169.44245991217,360.3148286066,100000125.89817,-7.0686513025621e-14,0.0022694288928056,-0.0054312224220953,-317.06095528351,1.8109609012462e-05,-802.88313953184,700.41852501955
29.516500000002,4.3971091042937,1.4657040570629,3.8716278855719e-22,0.0027816581123655,1.7302224510154,7.2109851271503,-2.9569882119534e-18,-17.71577299917,-5.9266859431976e-19,6.6253152215075,4.1498763459152e-19,-4.1498502175808e-19,-13.917135851009,-13.917111938561,7.7416532833227e-10,7.7416845063646e-10,-4.1498445332423e-19,4.1498632718503e-19,-7.7416625105983e-10,-7.7416744124853e-10,-13.917123528973,-13.917147443557,-5.0512315621034,6.5343672881168e-05,-1.7715772999174e-05,-145.29122297584,169.5928108676,360.314829041,100000126.31667,-7.0915496515969e-14,0.0023307084604282,-0.0055317720768535,-320.71526746243,1.720165254969e-05,-811.836475255,708.21494796605
29.616500000002,5.9397921961809,1.9799319094677,6.8629654812634e-22,0.002770990523759,1.73020079283,7.2522204317584,-5.1832683598444e-18,-19.783025190862,-1.057657893824e-18,8.0145273475718,7.4057398324233e-19,-7.4056941870447e-19,-16.835313339117,-16.835288783023,1.3413877855355e-09,1.3413931929261e-09,-7.4056838614421e-19,7.4057165798731e-19,-1.3413893882036e-09,-1.3413914380029e-09,-16.835300799394,-16.835325357672,-6.1122230999456,7.3127682584659e-05,-1.9783025190866e-05,-145.70539042019,169.73960117187,360.31482953093,100000126.78774,-7.1241624520953e-14,0.0023923865657213,-0.0056323318428614,-324.32747315857,1.7030743719378e-05,-820.6799013321,715.91535192727
29.716500000002,7.6998368876143,2.566613632218,1.2011485933417e-21,0.0027591641872422,1.7301793701333,7.2927753736646,-8.9728961563135e-18,-21.824542068777,-1.8630227461831e-18,9.4175020248409,1.3044919037479e-18,-1.3044840270178e-18,-19.782400334194,-19.78237540294,2.2943883931055e-09,2.2943976438346e-09,-1.3044821761485e-18,1.3044878194785e-18,-2.2943911422843e-09,-2.2943946305534e-09,-19.782387716229,-19.782412649698,-7.1838389045101,8.0831205048098e-05,-2.1824542068781e-05,-146.1290626377,169.88788914706,360.31483007474,100000127.30998,-7.1588569207407e-14,0.0024544530219173,-0.0057329017221529,-327.89871387741,1.7383571542184e-05,-829.41643693424,723.52237670849
29.816500000002,9.683782200441,3.2279289011566,2.0763827506222e-21,0.0027461788807207,1.730158183928,7.3326612367904,-1.5345903909016e-17,-23.883858433066,-3.2409471979377e-18,10.822805135647,2.2693170780341e-18,-2.269303648194e-18,-22.734378371473,-22.734353205482,3.8766154461741e-09,3.8766310872222e-09,-2.2693003720934e-18,2.269309989548e-18,-3.8766201064499e-09,-3.8766259742927e-09,-22.734365749283,-22.734390917505,-8.2572923035305,8.8616740860543e-05,-2.3883858433071e-05,-146.57189657098,170.04089777232,360.31483067232,100000127.8834,-7.1866124954404e-14,0.002516909394738,-0.0058334817167626,-331.42903673734,1.8040953975947e-05,-838.04641816766,731.03632562292
29.916500000002,11.899214368909,3.966406460908,3.5461192710544e-21,0.002732016834982,1.7301372389896,7.371882146131,-2.5935260188177e-17,-25.983343383596,-5.5703615821152e-18,12.224259277699,3.9003771967937e-18,-3.9003545691464e-18,-25.678271219895,-25.678245894977,6.4730656040659e-09,6.4730917512834e-09,-3.9003488401462e-18,3.9003650365079e-18,-6.4730734141544e-09,-6.4730831741765e-09,-25.678258635532,-25.678283962693,-9.3278386763286,9.6568081181337e-05,-2.5983343383601e-05,-147.04028181782,170.20061904071,360.31483132444,100000128.50878,-7.2088169549641e-14,0.0025797637415293,-0.0059340718287251,-334.91788866297,1.8863375004766e-05,-846.56871441125,738.45622498187
30.016500000002,14.353168471919,4.7843913371676,5.9843667516535e-21,0.002716651613112,1.7301165419734,7.4104386535756,-4.3322062495503e-17,-28.133754795541,-9.4620008735983e-18,13.618189333053,6.6253099693395e-18,-6.6252722899825e-18,-28.606358935437,-28.60633349676,1.068519362562e-08,1.0685236855345e-08,-6.625262388505e-18,6.6252893439033e-18,-1.0685206569764e-08,-1.06852226257e-08,-28.606346416246,-28.606371857173,-10.392658691573,0.00010472567111599,-2.8133754795546e-05,-147.53891778433,170.36835240314,360.3148320323,100000129.18729,-7.2365725295521e-14,0.0026430273502241,-0.0060346720600758,-338.36442100522,1.9779216845471e-05,-854.98147621253,745.7804754104
30.116500000002,17.051920056489,5.6839753783809,9.9809502696413e-21,0.0027000525999516,1.7300961004557,7.4483295372826,-7.1534667065885e-17,-30.340377305275,-1.5888066409496e-17,15.002083664676,1.1124852487915e-17,-1.1124790471085e-17,-31.513365576833,-31.513340054909,1.7441311470851e-08,1.7441382173928e-08,-1.1124773553459e-17,1.112481789195e-17,-1.7441332692065e-08,-1.744135882115e-08,-31.513353143297,-31.513378667471,-11.449828127909,0.00011310948790441,-3.034037730528e-05,-148.0719395237,170.54513895716,360.3148327973,100000129.92029,-7.2601647677347e-14,0.0027067130860798,-0.0061352824128516,-341.76764340341,2.0756197239742e-05,-863.28251241753,753.00718022831
30.216500000002,20.001140846635,6.6670491587745,1.645416974505e-20,0.0026821870225028,1.7300759225008,7.4855526096098,-1.1678129467523e-16,-32.606124102902,-2.6377200769088e-17,16.374002585742,1.8469362981087e-17,-1.8469262078756e-17,-34.395216639067,-34.395191056792,2.8157118031457e-08,2.8157232445045e-08,-1.8469233496905e-17,1.8469305584097e-17,-2.8157152453275e-08,-2.8157194525522e-08,-34.395204308177,-34.395229892699,-12.497862392231,0.00012173064284391,-3.2606124102909e-05,-148.64358448453,170.73201881137,360.31483362096,100000130.70921,-7.2927775679273e-14,0.0027708346460466,-0.006235902889089,-345.12649297308,2.1780779532189e-05,-871.46945952627,760.1342928969
30.316500000002,23.206033793892,7.7353469951182,2.6815511710217e-20,0.0026630208155621,1.7300560164756,7.5221050649216,-1.8850976955427e-16,-34.932887523768,-4.3303672025265e-17,17.732325362,3.0321308134947e-17,-3.0321145834705e-17,-37.248507607813,-37.248481983552,4.4965980252184e-08,4.4966163472604e-08,-3.0321098078526e-17,3.0321213932455e-17,-4.4966035503022e-08,-4.4966102541007e-08,-37.248495394514,-37.248521021019,-13.535521707578,0.00013059644115148,-3.4932887523774e-05,-149.25849225479,170.93007961925,360.31483450486,100000131.55557,-7.3198392529289e-14,0.0028354062385976,-0.0063365334908254,-348.4398639246,2.2847176874584e-05,-879.5398540874,767.15968004144
30.416500000002,26.671380788504,8.8904628503955,4.3206898778419e-20,0.0026425190107468,1.7300363909653,7.5579836378458,-3.0091799466016e-16,-37.32206796344,-7.0310384171323e-17,19.075637079471,4.9231455738657e-17,-4.9231197630989e-17,-40.070266314222,-40.070240663278,7.1044784786787e-08,7.104507518425e-08,-4.923111870447e-17,4.9231302768616e-17,-7.104487255787e-08,-7.1044978279708e-08,-40.070254232124,-40.070279885304,-14.56172407009,0.0001397123619156,-3.7322067963447e-05,-149.92197956389,171.14056082669,360.31483545061,100000132.46091,-7.3462070484721e-14,0.0029004424393294,-0.0064371742200991,-351.70662085543,2.3952497181715e-05,-887.49116510966,774.08114966285
30.516500000002,30.401528317893,10.133845553256,6.8837280836526e-20,0.0026206459459785,1.7300170547288,7.5931846894135,-4.7507478467679e-16,-39.774765290694,-1.1291904391415e-16,20.40267149882,7.9066114549584e-17,-7.906570868616e-17,-42.857832895032,-42.857807230465,1.1106868973589e-07,1.1106914534707e-07,-7.906557964491e-17,7.9065868752462e-17,-1.1106882775256e-07,-1.1106899279164e-07,-42.857820956808,-42.857846623603,-15.575501344723,0.0001490827703807,-3.9774765290702e-05,-150.640197984,171.36485595244,360.31483645988,100000133.42681,-7.3795137378498e-14,0.0029659581126744,-0.0065378250789484,-354.92560588761,2.509477448791e-05,-895.32081138448,780.89646621244
30.616500000002,34.400340805955,11.46678324443,1.084528446022e-19,0.0025973654122422,1.7299980166662,7.6277042669641,-7.4185241349131e-16,-42.291842615062,-1.793979089969e-16,21.712277456668,1.2561473320424e-16,-1.2561410212257e-16,-45.608789215286,-45.608763548425,1.7183693064537e-07,1.7183763832018e-07,-1.2561389338585e-16,1.2561434234106e-16,-1.7183714549476e-07,-1.7183740055497e-07,-45.608777432935,-45.608803102018,-16.575973487982,0.00015871115036282,-4.229184261507e-05,-151.42039291809,171.60465224887,360.31483753433,100000134.45485,-7.4051876438635e-14,0.0030319683565146,-0.0066384860694131,-358.09564364822,2.6272188434681e-05,-903.02617349017,787.60336103486
30.716500000002,38.671138398283,12.890382638452,1.689835905071e-19,0.0025726407811196,1.7299792857909,7.6615381548321,-1.1459184270975e-15,-44.873942687234,-2.8197824671767e-16,23.003396614042,1.9744166663377e-16,-1.9744069625086e-16,-48.320912126792,-48.320886467597,2.6312183530772e-07,2.6312292364173e-07,-1.9744036214721e-16,1.9744105145999e-16,-2.6312216644648e-07,-2.6312255673413e-07,-48.320900511823,-48.320926173232,-17.562331491772,0.00016860015865581,-4.4873942687243e-05,-152.27110061676,171.86188860932,360.31483867567,100000135.54667,-7.4371065543216e-14,0.0030984884535773,-0.0067391571935329,-361.21554557901,2.7482801724756e-05,-910.60460410922,794.19954134081
30.816500000002,43.216626417097,14.405545508621,2.6041813231871e-19,0.0025464351296633,1.7299608712017,7.6946819222904,-1.7510824187904e-15,-47.521485382558,-4.3853488504363e-16,24.275047703988,3.0706290095283e-16,-3.0706142533544e-16,-50.992140378712,-50.992114736053,3.9880404062256e-07,3.9880569802361e-07,-3.070608961363e-16,3.0706194256747e-16,-3.9880454598909e-07,-3.9880513736307e-07,-50.992128942294,-50.992154587154,-18.533825314284,0.0001787516084204,-4.7521485382568e-05,-153.20247422975,172.13889364617,360.31483988562,100000136.70389,-7.4683315753218e-14,0.0031655338234732,-0.0068398384533482,-364.28411414243,2.8724358229356e-05,-918.05343804003,800.68269891147
30.916500000002,48.038819274698,16.012943324821,3.9696766748681e-19,0.0025187113697381,1.7299427820542,7.7271309715246,-2.6473394523691e-15,-50.234656252623,-6.7487354534848e-16,25.526315056202,4.7254764794636e-16,-4.7254542875696e-16,-53.620550512424,-53.620524894299,5.983679831416e-07,5.9837048276623e-07,-4.7254459918768e-16,4.7254616988293e-16,-5.9836874692062e-07,-5.9836963432411e-07,-53.620539265498,-53.620564885809,-19.489755089235,0.00018916641902993,-5.0234656252634e-05,-154.22674754125,172.43845853897,360.31484116588,100000137.92814,-7.4940054811314e-14,0.0032331199727131,-0.0069405298509001,-367.30014716645,2.9994301347968e-05,-925.37000249494,807.05051905002
31.016500000002,53.138960092337,17.712990459788,5.9858814959148e-19,0.002489432385533,1.7299250275294,7.7588805870739,-3.9599896422182e-15,-53.013389999172,-1.0277968921354e-15,26.756340184466,7.1966519862386e-16,-7.196618978338e-16,-56.204339190145,-56.204313603846,8.8884213356371e-07,8.8884586731965e-07,-7.1966061071482e-16,7.1966294181245e-16,-8.8884327679802e-07,-8.8884459567842e-07,-56.204328143513,-56.204353731981,-20.429464681322,0.00019984454677566,-5.3013389999184e-05,-155.35876970454,172.76401387539,360.3148425182,100000139.22108,-7.5127404929738e-14,0.0033012624413313,-0.007041231388231,-370.26244245528,3.1289600302855e-05,-932.55162799078,813.30069004657
31.116500000002,58.517436917587,19.505816261561,8.9293537863856e-19,0.0024585611814932,1.7299076168006,7.7899259875983,-5.8612349740652e-15,-55.857350701304,-1.5491505075692e-15,27.964315675445,1.0847179219525e-15,-1.0847130662355e-15,-58.741810357739,-58.741784809995,1.3072768783073e-06,1.307282402653e-06,-1.0847110894876e-15,1.0847145101543e-15,-1.3072785732231e-06,-1.3072805148097e-06,-58.741799522136,-58.741825072035,-21.352337003978,0.00021078490324884,-5.5857350701317e-05,-156.61660883947,173.11972522399,360.31484394428,100000140.58433,-7.5342510623177e-14,0.0033699767452586,-0.0071419430673827,-373.16980274129,3.2606752612251e-05,-939.59566001608,819.43091331684
31.216500000002,64.173696497915,21.391236311322,1.317829216253e-18,0.0024260610421395,1.7298905589969,7.8202623805304,-8.5846496811521e-15,-58.765909920879,-2.3110764162812e-15,29.149480860043,1.6182197925748e-15,-1.6182127276779e-15,-61.231366152015,-61.231340649097,1.903857746833e-06,1.903865843704e-06,-1.6182097224165e-15,1.6182146852697e-15,-1.9038602359379e-06,-1.9038630674277e-06,-61.231355538167,-61.231381043225,-22.257790701814,0.00022198526559512,-5.8765909920893e-05,-158.02259222106,173.51083819867,360.31484544584,100000142.0195,-7.5620066361202e-14,0.0034392783138901,-0.0072426648903981,-376.02104102859,3.3941704859631e-05,-946.49947159426,825.43891431841
31.316500000002,70.106156762476,23.36872325066,1.924298279879e-18,0.002391895704702,1.7298738631643,7.8498850199646,-1.2442877659167e-14,-61.738123538966,-3.4127213869661e-15,30.311118896273,2.3895935560406e-15,-2.3895833894225e-15,-63.671500773002,-63.671475320817,2.7457508086118e-06,2.7457625654606e-06,-2.3895788662687e-15,2.3895859850348e-15,-2.7457544298362e-06,-2.7457585207313e-06,-63.671490391675,-63.67151584598,-23.145277913492,0.00023344218184661,-6.173812353898e-05,-159.60448045928,173.9439615062,360.31484702455,100000143.52822,-7.5904560992653e-14,0.0035091824224943,-0.0073433968593211,-378.81498635934,3.5289854378656e-05,-953.26047681766,831.32245430954
31.416500000002,76.312119401398,25.437377641324,2.7802628918269e-18,0.0023560295450519,1.7298575382226,7.8787892679772,-1.7848817005342e-14,-64.772708070187,-4.9886549643395e-15,31.448554988692,3.4930650506027e-15,-3.4930505807932e-15,-66.060796743735,-66.060771347903,3.9217682077995e-06,3.9217851214109e-06,-3.4930438408457e-15,3.4930539358386e-15,-3.9217734271721e-06,-3.9217792832066e-06,-66.060786605765,-66.0608120037,-24.014282904453,0.0002451508741699,-6.4772708070202e-05,-161.39711089586,174.42760292264,360.31484868208,100000145.11204,-7.6105788896859e-14,0.0035797041192778,-0.0074441389761959,-381.55049001883,3.6646012296096e-05,-959.8761453904,837.07934298367
31.516500000002,82.787684184745,27.595899404837,3.9748893689988e-18,0.0023184277770007,1.7298415929204,7.9069706594273,-2.5340395865437e-14,-67.86801717261,-7.2192420208087e-15,32.561155534531,5.0549260876635e-15,-5.0549057192016e-15,-68.397923116612,-68.397897782528,5.5479225359665e-06,5.5479466453749e-06,-5.0548957753567e-15,5.0549099268841e-15,-5.5479299895294e-06,-5.5479382958107e-06,-68.397913232942,-68.397938569112,-24.864321408794,0.0002571051427876,-6.7868017172626e-05,-163.44460723867,174.97287976011,360.31485042005,100000146.7725,-7.6390283527616e-14,0.00365085814707,-0.0075448912430673,-384.226432182,3.8004332969263e-05,-966.34401818563,842.70745198444
31.616500000002,89.527666913292,29.842560472821,5.6236108730148e-18,0.0022790566646328,1.7298260357862,7.9344249701553,-3.5608815863884e-14,-71.022019078077,-1.0343179919261e-14,33.648328030749,7.2423129974433e-15,-7.2422846409629e-15,-70.681635278192,-70.681610011069,7.7739067539761e-06,7.7739408084045e-06,-7.2422701144798e-15,7.2422897235311e-15,-7.7739173008395e-06,-7.7739289759859e-06,-70.681625659884,-70.681650929073,-25.694940553445,0.00026929727338645,-7.1022019078094e-05,-165.80322655478,175.59464033503,360.31485224003,100000148.5111,-7.6619267006983e-14,0.0037226588597632,-0.0076456536619807,-386.84172898961,3.9358379754811e-05,-972.66172378959,848.20472927712
31.716500000002,96.525523140985,32.175179361066,7.8737576859048e-18,0.0022378837469166,1.7298108750766,7.9611482883552,-4.9529834761376e-14,-74.23227569972,-1.4672344454786e-14,34.709521606844,1.0273601786688e-14,-1.027356274482e-14,-72.910776068414,-72.910750873333,1.0790489798262e-05,1.0790537466472e-05,-1.0273541731251e-14,1.0273568585721e-14,-1.0790504586855e-05,-1.0790520850023e-05,-72.910766726673,-72.910791923798,-26.505719261183,0.00028171795097193,-7.4232275699738e-05,-168.54525004517,176.31320684957,360.31485414353,100000150.32927,-7.6924578319279e-14,0.0037951201337874,-0.0077464262349824,-389.39534002908,4.0701082954961e-05,-978.82699597173,853.56921432388
31.816500000002,103.77328002464,34.591098452782,1.0910672860706e-17,0.0021948780733993,1.7297961187221,7.9871370887682,-6.819728124949e-14,-77.495924207373,-2.0608985679265e-14,35.744228068732,1.4430448689765e-14,-1.443039553107e-14,-75.084277973395,-75.084252855334,1.4837755815845e-05,1.483782194353e-05,-1.443036542897e-14,1.4430401772201e-14,-1.4837776365499e-05,-1.4837798818234e-05,-75.084268919568,-75.084294039654,-27.296269044781,0.00029435618328268,-7.7495924207391e-05,-81.763814144323,87.157272815667,360.314856132,100000152.22837,-7.7216011843942e-14,0.0038682552750902,-0.0078472089641191,-391.88627617951,4.2024751506691e-05,-984.8376919864,858.79905398041
31.916500000002,111.26147883909,37.087164837036,1.4964109395135e-17,0.0021500104493369,1.7297817742706,8.0123883091897,-9.2957554447439e-14,-80.8096618947,-2.8665170430783e-14,36.751983352917,2.0071403868061e-14,-2.0071332293238e-14,-77.201166180077,-77.201141143928,2.0214037403191e-05,2.0214128324956e-05,-2.0071289588519e-14,2.0071338185093e-14,-2.0214065703167e-05,-2.0214096427954e-05,-77.201157425657,-77.201182463809,-28.066235115228,0.00030719923702619,-8.0809661894719e-05,-85.578569452545,88.168963399426,360.3148582068,100000154.20969,-7.7479689793381e-14,0.0039420769222563,-0.0079480018514381,-394.31360776588,4.33211470108e-05,-990.69181157427,863.89251899974
32.016500000002,118.9791308245,39.659715591114,2.0314616239514e-17,0.0021032536881326,1.7297678488287,8.0368994286485,-1.2544338301053e-13,-84.169735185368,-3.9484181862387e-14,37.732369298899,2.7646895405814e-14,-2.7646800112986e-14,-79.260562299352,-79.260537349952,2.7285302192312e-05,2.7285426104338e-05,-2.7646740111509e-14,2.7646804302885e-14,-2.7285340820245e-05,-2.7285382497445e-05,-79.260553855983,-79.260578807366,-28.815297733656,0.00032023259030663,-8.4169735185388e-05,22.358696684059,-0.58697772782242,360.31486036921,100000156.27444,-7.7708673273947e-14,0.0040165969465901,-0.0080488048989871,-396.6764729509,4.4581484690025e-05,-996.387516496,868.8480209972
32.116500000002,126.91368908367,42.304568413009,2.7299528857591e-17,0.002054582868477,1.7297543490022,8.0606685464633,-1.6760464079629e-13,-87.571933627145,-5.3863360756006e-14,38.685015653399,3.7715222848935e-14,-3.7715097407702e-14,-81.261688576164,-81.261663718292,3.6494651564897e-05,3.64948189634e-05,-3.7715013908838e-14,3.7715097648857e-14,-3.6494703826302e-05,-3.6494759870841e-05,-81.261680455623,-81.261705315449,-29.543173740929,0.00033343990463742,-8.7571933627167e-05,84.361800673544,-89.003709052186,360.31486262038,100000158.42371,-7.7979290118877e-14,0.0040918263501829,-0.0081496181088147,-398.97408627696,4.5796587700926e-05,-1001.9231503922,873.66412969811
32.216500000002,135.05103921434,45.017018498899,3.6318094395797e-17,0.0020039755931122,1.7297412808358,8.0836944612413,-2.2173358675663e-13,-91.011589702705,-7.2777617548251e-14,39.609602222984,5.0959020380434e-14,-5.0958857127705e-14,-83.203872411306,-83.203847649706,4.8371486303606e-05,4.8371710492675e-05,-5.0958742032197e-14,5.095884988959e-14,-4.8371556393622e-05,-4.837163111227e-05,-83.203864625498,-83.203889389028,-30.249618201156,0.0003468030198668,-9.1011589702727e-05,100.21837564526,-86.883066845308,360.31486496139,100000160.6585,-7.8242968071186e-14,0.0041677751631598,-0.0082504414829707,-401.20574725603,4.6956863335281e-05,-1007.2972587273,878.3395902571
32.316500000002,143.37551121589,47.791842511977,4.7835192444919e-17,0.0019514122456829,1.7297286497533,8.1059767487485,-2.9048157421441e-13,-94.483585230679,-9.7402572474642e-14,40.50586109348,6.8201459607036e-14,-6.8201249581026e-14,-85.086551023555,-85.086526362921,6.3539794864195e-05,6.3540092534347e-05,-6.8201092427751e-14,6.8201229539899e-14,-6.353988805197e-05,-6.353998682142e-05,-85.08654358449,-85.086568247025,-30.93442609679,0.00036030197514055,-9.4483585230702e-05,159.72374028559,-173.75567996488,360.31486739315,100000162.97967,-7.8589912752014e-14,0.0042444523414942,-0.0083512750235043,-403.37084888832,4.8052520286519e-05,-1012.5086085402,882.87334040837
32.416500000002,151.86991494581,50.623310401386,6.2383071712088e-17,0.0018968762417313,1.7297164604986,8.1275158374613,-3.7686412118152e-13,-97.98236504183,-1.2913601485543e-13,41.373578835641,9.0421275409525e-14,-9.0421008341531e-14,-86.909276082885,-86.909251527873,8.2724935703161e-05,8.2725327579196e-05,-9.0420795769759e-14,9.0420967729211e-14,-8.2725058538429e-05,-8.2725188003449e-05,-86.909269002665,-86.909293559551,-31.597434013783,0.00037391505868749,-9.7982365041854e-05,150.26244866892,-167.16889946623,360.31486991644,100000165.38795,-7.8888285177627e-14,0.0043218656669314,-0.0084521187324661,-405.46888597829,4.9073644503249e-05,-1017.5562076917,887.26452717797
32.516500000002,160.51560101074,53.505205699218,8.0560522328783e-17,0.0018403542695396,1.7297047170791,8.1483130805035,-4.8425130798686e-13,-101.5019584875,-1.6961613743431e-13,42.212598617536,1.1876553368335e-13,-1.1876519806955e-13,-88.671718147782,-88.671693702985,0.00010675822683025,0.00010675873838347,-1.1876491320607e-13,1.1876512585924e-13,-0.00010675838737045,-0.00010675855566045,-88.67171143856,-88.671735885203,-32.238521756029,0.00038761888871883,-0.00010150195848753,139.45331929189,-155.03987111176,360.3148725319,100000167.88393,-7.9151963136339e-14,0.0044000216507056,-0.0085529726119072,-407.49946310463,5.0010390102766e-05,-1022.4393232735,891.51252286621
32.616500000002,169.29254844293,56.430854746031,1.0302895288956e-16,0.0017818365162625,1.7296934227123,8.1683708226035,-6.1634081836755e-13,-105.03600916509,-2.2073482754436e-13,43.022822145614,1.5455893786493e-13,-1.5455852114234e-13,-90.373670742632,-90.373646412579,0.00013657863464416,0.00013657929686008,-1.5455814291642e-13,1.5455840205243e-13,-0.00013657884269921,-0.00013657905966032,-90.373664416594,-90.373688748468,-32.857613829487,0.00040138852705867,-0.00010503600916511,127.81424958814,-143.51118674977,360.31487524,100000170.46805,-7.9429518886032e-14,0.0044789254428426,-0.0086538366638792,-409.46230209181,5.085306503378e-05,-1027.1574988222,895.61693999106
32.716500000002,178.17947986426,59.393165078895,1.3050494704799e-16,0.0017213168746361,1.7296825797766,8.1876924606629,-7.7711159180248e-13,-108.57781304137,-2.8464421429237e-13,43.804211359008,1.9930841331381e-13,-1.9930790216521e-13,-92.015053916791,-92.015029705926,0.00017323088010004,0.00017323173028839,-1.9930740455857e-13,1.9930771546611e-13,-0.0001732311474904,-0.00017323142492902,-92.015047986122,-92.015072198777,-33.454680738318,0.00041519762632015,-0.00010857781304139,116.22354195302,-126.32252019896,360.31487804105,100000173.14057,-7.9734830215146e-14,0.0045585807489078,-0.0087547108904345,-411.35724882634,5.1592428099917e-05,-1031.710569972,899.57764487373
32.816500000002,187.15400405889,62.384672955724,1.6374903771006e-16,0.0016587931255232,1.7296721897676,8.2062824965265,-9.7075700503519e-13,-112.12036490598,-3.6375470781845e-13,44.556789805295,2.5470173443412e-13,-2.5470111524512e-13,-93.59591713451,-93.595893047179,0.00021785936066996,0.00021786044329911,-2.5470046648908e-13,2.5470083336087e-13,-0.00021785970149215,-0.00021786005342448,-93.595911611354,-93.595935700447,-34.029740038192,0.00042901861045939,-0.00011212036490601,105.52747209924,-101.68881685769,360.31488093516,100000175.90159,-8.0040141548754e-14,0.0046389897560593,-0.0088555952936263,-413.18427925926,5.2219781587621e-05,-1036.098678176,903.3947695458
32.916500000002,196.1927850195,65.397599703954,2.0355065231089e-16,0.0015942670916742,1.7296622532603,8.2241465805883,-1.2015977119226e-12,-115.6564128212,-4.607229442996e-13,45.280643631444,3.225990837824e-13,-3.2259834327103e-13,-95.116441356517,-95.116417396937,0.00027169742470478,0.00027169879223866,-3.2259750500801e-13,3.2259793017582e-13,-0.00027169785559718,-0.00027169829849828,-95.116436252938,-95.116460214251,-34.582857096086,0.00044282288748242,-0.00011565641282122,96.204030987155,-76.353530500968,360.31488392227,100000178.75104,-8.0310758418101e-14,0.0047201530702395,-0.0089564898755076,-414.94350444176,5.2727242803283e-05,-1040.3222821397,907.06872166726
33.016500000002,205.27173560155,68.423916272076,2.5070943803392e-16,0.0015277447583614,1.7296527698799,8.241291544961,-1.4739756686413e-12,-119.17851994296,-5.7842837948687e-13,45.975922130865,4.0501666285968e-13,-4.0501578889316e-13,-96.576940189158,-96.5769163614,0.00033605172889044,0.0003360534426017,-4.0501471532534e-13,4.0501519831342e-13,-0.00033605226929062,-0.00033605282233547,-96.576935517102,-96.576959346557,-35.114145511404,0.00045658109191953,-0.00011917851994299,88.355882234813,-53.779048915623,360.31488700212,100000181.68864,-8.0616069763052e-14,0.0048020696662217,-0.0090573946381325,-416.63517444874,5.3107833585807e-05,-1044.3821666294,910.6001921635
33.116500000002,214.36623298098,71.455415048957,3.060134522572e-16,0.0014592363569911,1.7296437382794,8.2577254250768,-1.7921323486806e-12,-122.67913279735,-7.1993775120222e-13,46.642837796451,5.0410180872725e-13,-5.0410079133307e-13,-97.977859995798,-97.977836303765,0.00041228165193792,0.00041228378266863,-5.0409942838565e-13,5.0409996477824e-13,-0.00041228232432237,-0.0004122830096102,-97.977855767051,-97.97787946075,-35.623767160047,0.00047026335351766,-0.00012267913279738,81.854157009414,-38.38397572949,360.31489017425,100000184.71395,-8.0872808857674e-14,0.0048847368520648,-0.0091583095835564,-418.25968106176,5.3355725824131e-05,-1048.2794483568,913.99016032127
33.216500000002,223.45135219929,74.483787712165,3.7021497705403e-16,0.0013887564084045,1.729635156128,8.2734574687831,-2.1600755781055e-12,-126.15065481507,-8.8845723874366e-13,47.281665840444,6.2209949597292e-13,-6.2209832854192e-13,-99.319778888263,-99.319755335657,0.00050177401509467,0.00050177664393261,-6.2209661307224e-13,6.2209719320066e-13,-0.00050177484519017,-0.00050177568794355,-99.319775114406,-99.319798668642,-36.111931831465,0.00048383958746973,-0.0001261506548151,76.479204777736,-30.914979797765,360.31489343802,100000187.82633,-8.1164242429786e-14,0.0049681502492884,-0.0092592347138342,-419.81755910202,5.3466395482831e-05,-1052.0155786875,917.23989612498
33.316500000002,232.50211323895,77.500707586567,4.4400496045472e-16,0.0013163237233271,1.7296270201077,8.2884981322238,-2.5814406541649e-12,-129.58552366827,-1.0872728500284e-12,47.89274315397,7.6131059571451e-13,-7.6130927638255e-13,-100.60340454122,-100.60338113153,0.00060591365406444,0.00060591687290362,-7.6130713547002e-13,7.6130774293358e-13,-0.00060591467102109,-0.00060591569975044,-100.60340123359,-100.60342464488,-36.578896437836,0.00049727980045639,-0.0001295855236683,72.007715789171,-26.464487160318,360.31489679257,100000191.02494,-8.143485932921e-14,0.0050523037897891,-0.0093601700310219,-421.30948632971,5.3436730311531e-05,-1055.5923429819,920.35095966641
33.416500000002,241.49373638965,80.497914766379,5.2798727529554e-16,0.001241961358335,1.7296193259213,8.3028590620835,-3.0593523153337e-12,-132.97629074908,-1.3196803172968e-12,48.476466693088,9.2404278847131e-13,-9.2404132165397e-13,-101.82957080191,-101.82954753837,0.00072605067539887,0.00072605458735283,-9.2403867200633e-13,9.2403928205507e-13,-0.00072605191191427,-0.00072605315853945,-101.82956797157,-101.82959123667,-37.024963785233,0.00051055440594059,-0.00013297629074911,68.24833745274,-23.450415662744,360.31490023685,100000194.30877,-8.1649965087534e-14,0.0051371897301659,-0.0094611155371764,-422.73628185674,5.3265179520263e-05,-1059.0118564463,923.32519752318
33.516500000002,250.401900136,83.467302077965,6.2265409610168e-16,0.0011656965266784,1.72961206831,8.3165530640724,-3.5962945955944e-12,-136.31570097026,-1.5889065209529e-12,49.033291292311,1.1125555450129e-12,-1.1125539430551e-12,-102.99923309723,-102.99920998279,0.00086346548972944,0.00086347020936897,-1.1125506905662e-12,1.1125512683843e-12,-0.00086346698211515,-0.0008634684820358,-102.99923075488,-102.99925387084,-37.450480907418,0.00052363454150062,-0.00013631570097029,65.048583633519,-21.257740863791,360.31490376961,100000197.67661,-8.188588753889e-14,0.0052227986837606,-0.0095620712343546,-424.09890305158,5.2951769616276e-05,-1062.2765564533,926.1647360685
33.616500000002,259.20299550177,86.400999860983,7.2836371043681e-16,0.0010875604643737,1.7296052410814,8.3295940578492,-4.1939955510418e-12,-139.59677098352,-1.8980251263717e-12,49.563726921434,1.3290010551062e-12,-1.3289993399983e-12,-104.11346267136,-104.11343970871,0.0010193329214854,0.0010193385748768,-1.3289953794915e-12,1.3289958784284e-12,-0.0010193347096677,-0.0010193365017764,-104.11346082738,-104.11348379151,-37.855836974234,0.0005364923806251,-0.00013959677098355,62.290642853116,-19.581466136404,360.31490738942,100000201.1271,-8.2121810002799e-14,0.005309119670265,-0.0096630371246149,-425.39844095245,5.2498191362173e-05,-1065.3891913677,928.87197174647
33.716500000002,267.87437073718,89.291457531163,8.4532199663825e-16,0.0010075882530546,1.729598837148,8.3419970189164,-4.8533332685388e-12,-142.81286390937,-2.2498696501604e-12,50.068335415809,1.5753633563476e-12,-1.5753615614508e-12,-105.17343971744,-105.17341690894,0.0011946868305434,0.0011946935550686,-1.5753567766342e-12,1.5753571364429e-12,-0.001194688957993,-0.0011946910846253,-105.17343838179,-105.17346119172,-38.241460797551,0.00054910143136309,-0.0001428128639094,59.884446444259,-18.250894233747,360.31491109467,100000204.65866,-8.244793810129e-14,0.0053961401823558,-0.0097640132100153,-426.63611423872,5.1907707615142e-05,-1068.3528060056,931.44955842171
33.816500000002,276.39456044301,92.131519954788,9.7356861962918e-16,0.00092581860212747,1.7295928485739,8.3537779083375,-5.5742684921852e-12,-145.95775874344,-2.6469475197826e-12,50.547726724079,1.8533981585354e-12,-1.85339633025e-12,-106.18044549549,-106.18042284317,0.0013903867316651,0.001390394675612,-1.8533905939066e-12,1.8533907390547e-12,-0.0013903892452514,-0.0013903917520708,-106.1804446777,-106.18046733141,-38.607817968263,0.00056143681448006,-0.00014595775874347,57.761038214149,-17.162839698637,360.31491488358,100000208.26961,-8.2781005108881e-14,0.0054838462683907,-0.0098649994926154,-427.81326184799,5.1185203848694e-05,-1071.1707239322,933.9003919834
33.916500000002,284.74349367573,94.914496817274,1.1129687341885e-15,0.00084229359377353,1.7295872666316,8.364953591424,-6.3558077165824e-12,-149.02571275729,-3.0913588181393e-12,51.002554729218,2.1645759484437e-12,-2.1645741477527e-12,-107.13585355409,-107.13583105964,0.0016070878558307,0.0016070971777503,-2.1645673221796e-12,2.1645671602973e-12,-0.0016070908056003,-0.001607093741417,-107.13585326322,-107.13587575902,-38.955407666937,0.00057347551436023,-0.00014902571275732,55.867387898071,-16.251432830817,360.31491875421,100000211.95808,-8.2989172042762e-14,0.0055722226298002,-0.0099659959744749,-428.93133435793,5.0337049597824e-05,-1073.8465268828,936.22759245085
34.016500000002,292.90267629588,97.634223405783,1.2632106639985e-15,0.00075705839522543,1.7295820818653,8.3755417468074,-7.1959988280299e-12,-152.01151544787,-3.5847232964403e-12,51.433512709528,2.5100308840519e-12,-2.5100291878731e-12,-108.04112019573,-108.04109786048,0.0018452159650843,0.001845226832921,-2.5100211255718e-12,2.510020546108e-12,-0.0018452194039667,-0.0018452228204911,-108.04112044037,-108.04114277691,-39.284759198946,0.00058519659681526,-0.0001520115154479,54.162375776422,-15.472646541723,360.31492270448,100000215.72207,-8.3252850145868e-14,0.0056612527314763,-0.010067002657654,-429.99188428259,4.9370933158879e-05,-1076.3840316616,938.43448388811
34.116500000002,300.85534368474,100.28511151493,1.4238096728749e-15,0.00067016094347715,1.7295772841615,8.3855607675267,-8.0919594777508e-12,-154.91053286615,-4.1281188997414e-12,51.841328514061,2.8905177499504e-12,-2.8905162522317e-12,-108.89777434227,-108.8977521672,0.0021049480184335,0.00210496060844,-2.8905067968473e-12,2.8905056699934e-12,-0.0021049520018765,-0.0021049559534125,-108.8977751305,-108.89779730681,-39.596428310934,0.00059658138904658,-0.00015491053286617,52.613838736255,-14.796088844581,360.31492673217,100000219.55947,-8.3509589374496e-14,0.0057509189231635,-0.010168019544214,-430.99655545586,4.8295760052218e-05,-1078.7872649272,940.52457248429
34.216500000002,308.58658099138,102.86218952909,1.594117592974e-15,0.00058165160814021,1.7295728628242,8.3950296559161,-9.0399365105698e-12,-157.71874148717,-4.7220345054408e-12,52.226759532321,3.3063788646736e-12,-3.3063776771784e-12,-109.70740696831,-109.70738495401,0.0023861995068534,0.0023862140023142,-3.3063666646698e-12,3.3063648406072e-12,-0.0023862040923989,-0.0023862086354824,-109.70740830769,-109.70743032316,-39.890993349568,0.00060761361831982,-0.0001577187414872,51.196370189747,-14.200098349225,360.31493083495,100000223.46806,-8.3849595350783e-14,0.0058412025696216,-0.010269046636216,-431.94707169426,4.7121418052061e-05,-1081.0604363169,942.50152319152
34.316500000002,316.0834092202,105.36113111806,1.7733377525809e-15,0.00049158283854192,1.729568806654,8.4039679141898,-1.0035393099043e-11,-160.43275115548,-5.3663388693375e-12,52.590587541062,3.7575223365869e-12,-3.7575215893256e-12,-110.4716602763,-110.47163842303,0.002688618951744,0.0026886355415337,-3.7575088493431e-12,3.7575061578579e-12,-0.0026886241985503,-0.0026886293915401,-110.47166217386,-110.47168402825,-40.169051325838,0.0006182795073837,-0.00016043275115551,49.889752552409,-13.668752517782,360.3149350104,100000227.44551,-8.4085517940838e-14,0.0059320841872061,-0.010370083935722,-432.84522494301,4.5858620825876e-05,-1083.2079103918,944.36913533951
34.416500000002,323.33483657446,107.77827235183,1.9605443779368e-15,0.00040000880131212,1.7295651040304,8.4123954326512,-1.1073118871208e-11,-163.04981698219,-6.0602669621694e-12,52.933613511091,4.2434124966112e-12,-4.2434123378905e-12,-111.19221678776,-111.19219509541,0.0030115897174655,0.0030116085944777,-4.2433976953271e-12,4.2433939458211e-12,-0.0030115956857908,-0.003011601588423,-111.19221924999,-111.19224094341,-40.431213948228,0.000628567826031,-0.00016304981698221,48.677708976407,-13.190237279886,360.31493925601,100000231.48944,-8.4390829493683e-14,0.0060235435844343,-0.010471131444796,-433.69286311395,4.4518645902432e-05,-1085.2341778926,946.13131765283
34.516500000002,330.33187561576,110.11061742003,2.1547054473621e-15,0.00030698501472188,1.7295617429937,8.4203323774251,-1.2147357356778e-11,-165.56784043636,-6.8024240240121e-12,53.25665245403,4.7630727370222e-12,-4.7630733330914e-12,-111.87078851834,-111.87076698642,0.0033542389491505,0.003354260308634,-4.7630566097694e-12,4.7630515916878e-12,-0.0033542456998076,-0.0033542523727229,-111.87079155119,-111.87081308411,-40.678103685874,0.00063846989966135,-0.00016556784043639,47.547107514792,-12.755515765141,360.3149435692,100000235.59739,-8.4647568814363e-14,0.0061155600041096,-0.010572189165501,-434.49187782191,4.3113150611934e-05,-1087.1438267918,947.79206309295
34.616500000002,337.06752781936,112.35583348401,2.3547078614786e-15,0.00021256798607373,1.7295587113279,8.4277990795447,-1.325194455526e-11,-167.98536019406,-7.5908068267551e-12,53.560528384754,5.3151003993773e-12,-5.315101933683e-12,-112.50910639587,-112.50908502357,0.0037154531346236,0.0037154771724698,-5.3150829501325e-12,5.3150764337953e-12,-0.0037154607284225,-0.0037154682326775,-112.50911000477,-112.50913137799,-40.910349919571,0.00064797957699158,-0.00016798536019409,46.48717207251,-12.35755748995,360.31494794737,100000239.76688,-8.4932063737279e-14,0.0062081122646913,-0.010673257099901,-435.24419221946,4.1653907380246e-05,-1088.941513612,949.35542393264
34.716500000002,343.53673796067,114.51223547194,2.5593837607165e-15,0.00011681486028378,1.7295559966414,8.4348159270676,-1.4380452342041e-11,-170.30153356628,-8.4228408719769e-12,53.846069467683,5.8976928204366e-12,-5.8976954925e-12,-113.10891006469,-113.10888885088,0.0040938995225198,0.0040939264335393,-5.8976740697796e-12,5.8976658076111e-12,-0.0040939080197095,-0.0040939164162829,-113.10891425453,-113.1089354692,-41.128585232772,0.00065709316009912,-0.00017030153356631,45.489090133436,-11.990889050098,360.31495238784,100000243.99537,-8.5223497582024e-14,0.0063011788987183,-0.010774335250061,-435.95174911379,4.0152663183397e-05,-1090.6319354413,950.82548743772
34.816500000002,349.73632155196,116.57876189129,2.7675368658887e-15,1.9783190285727e-05,1.7295535864444,8.4414032617464,-1.5526330744157e-11,-172.51610958348,-9.2954316084211e-12,54.11410340725,6.5086831946476e-12,-6.5086872185857e-12,-113.67193820285,-113.67191714607,0.0044880524212617,0.004488082397493,-6.5086631801061e-12,6.5086529082248e-12,-0.0044880618809849,-0.0044880712302932,-113.67194297801,-113.67196403558,-41.333441888708,0.00066580930101678,-0.0001725161095835,44.545581476471,-11.651171697334,360.31495688797,100000248.28033,-8.5514931456001e-14,0.0063947382863305,-0.010875423618046,-436.61649953392,3.8620857240121e-05,-1092.2198030394,952.20635249767
34.916500000002,355.66486900079,118.55494288141,2.9779678250407e-15,7.8470119987754e-05,1.7295514682237,8.447581281548,-1.6683043754121e-11,-174.62939493318,-1.0205027261755e-11,54.365453132922,7.1455845675704e-12,-7.1455901703217e-12,-114.19991945805,-114.19989855654,0.0048962232631995,0.0048962564922846,-7.1455633436167e-12,7.1455507837477e-12,-0.0048962337429728,-0.0048962441044003,-114.1999248224,-114.19994572462,-41.525548532194,0.00067412886958802,-0.0001746293949332,43.650526845185,-11.334814799036,360.31496144508,100000252.61922,-8.5827182042204e-14,0.0064887687821645,-0.010976522205923,-437.24039189185,3.7069566740915e-05,-1093.7098153702,953.50210749745
35.016500000002,361.32263059966,120.44086187668,3.1894977062168e-15,0.00017788740634513,1.7295496295117,8.453369950108,-1.7844194232093e-11,-176.64221409823,-1.1147690545991e-11,54.600932819324,7.8056400482776e-12,-7.805647467574e-12,-114.69456408747,-114.69454333921,0.005316593246904,0.0053166299105656,-7.8056176859861e-12,7.8056025476348e-12,-0.005316604802133,-0.0053166162335912,-114.69457004439,-114.69459079329,-41.705527147139,0.00068205479790543,-0.00017664221409825,42.798835013602,-11.038953498962,360.31496605652,100000257.00953,-8.6125554872298e-14,0.0065832488342058,-0.011077631015757,-437.82536185953,3.5509281123519e-05,-1095.1066358455,954.716809677
35.116500000002,366.71138648968,122.2371122612,3.4009889611993e-15,0.00027841248388821,1.7295480579509,8.4587889139495,-1.9003634465874e-11,-178.55586502418,-1.2119176373428e-11,54.821344271328,8.4858772219432e-12,-8.4858867040934e-12,-115.15755636434,-115.15753576705,0.0057472473651982,0.005747287637849,-8.4858538083345e-12,8.4858357911629e-12,-0.0057472600487389,-0.0057472726062592,-115.15756291675,-115.1575835146,-41.873990292679,0.00068959190659802,-0.0001785558650242,41.986205379123,-10.761208762748,360.31497071966,100000261.44876,-8.6396172159683e-14,0.0066781570934332,-0.011178750049616,-438.37332305512,3.3949804106484e-05,-1096.4148704973,955.85446616776
35.216500000002,371.83430585065,123.94475043195,3.611363385148e-15,0.00037998976341597,1.7295467413522,8.4638574280748,-2.0155560038678e-11,-180.37207169313,-1.311501268765e-11,55.027473694156,9.1831647492083e-12,-9.1831765467502e-12,-115.59054779316,-115.59052734432,0.0061862086795062,0.0061862527270121,-9.183140386306e-12,9.1831191826538e-12,-0.0061862225412796,-0.0061862362786458,-115.59055494353,-115.59057539284,-42.031538633281,0.00069674671843608,-0.00018037207169314,41.208986797291,-10.499598807996,360.31497543193,100000265.93446,-8.6673728374931e-14,0.0067734725134439,-0.011279879309569,-438.88615860936,3.2400157476441e-05,-1097.639048242,956.91901684816
35.316500000002,376.69579927202,125.56524658905,3.8196167927688e-15,0.0004825647620518,1.7295456677472,8.468594290291,-2.1294585698687e-11,-182.09293485918,-1.4130581691821e-11,55.220088858577,9.8942692423579e-12,-9.8942836116481e-12,-115.99515115492,-115.9951308518,0.0066314718021628,0.0066315197807762,-9.8942440460051e-12,9.8942193434802e-12,-0.0066314868888258,-0.0066315018572559,-115.99515890529,-115.99517920879,-42.178758770614,0.00070352726425342,-0.0001820929348592,40.464060643626,-10.252461452103,360.31498019078,100000270.46422,-8.6958223519031e-14,0.0068691744394854,-0.011381018797683,-439.36571365524,3.0868526320249e-05,-1098.7836033365,957.91431910413
35.416500000002,381.30136806898,127.10043450778,4.0248303138154e-15,0.00058608429092137,1.7295448254341,8.4730177844318,-2.241580288556e-11,-183.72088214906,-1.5161199005188e-11,55.399936662909,1.0615910690835e-11,-1.0615927889636e-11,-116.37293538585,-116.37291522556,0.0070810346853394,0.0070810867408144,-1.0615884789312e-11,1.0615856273393e-11,-0.0070810510400169,-0.0070810672878918,-116.37294373789,-116.37296389848,-42.316221378522,0.00070994288598578,-0.00018372088214908,39.748769751692,-10.018396075142,360.31498499373,100000275.0357,-8.7228840911144e-14,0.0069652426866326,-0.011482168516028,-439.81378876281,2.9362228090321e-05,-1099.8528600741,958.84413453713
35.516500000002,385.65745386488,128.55246139953,4.2261783678059e-15,0.00069049662346474,1.7295442030174,8.4771456324302,-2.3514819388183e-11,-185.25861857551,-1.6202188623668e-11,55.567741085288,1.134481494878e-11,-1.1344835233906e-11,-116.72542127597,-116.72540125543,0.0075329279755536,0.0075329842424482,-1.1344788481272e-11,1.1344755837864e-11,-0.0075329456376324,-0.0075329632102778,-116.72543023095,-116.72545025169,-42.444479636179,0.00071600404101607,-0.00018525861857552,39.060801031143,-9.7961965917985,360.31498983839,100000279.6466,-8.7568847279048e-14,0.0070616576070694,-0.011583328466674,-440.23213431901,2.7887663082971e-05,-1100.8510197173,959.71211761622
35.616500000001,389.77129133548,129.92373882627,4.4229335061306e-15,0.00079575163702491,1.7295437894413,8.4809949550404,-2.4587782268904e-11,-186.70907837156,-1.7248951955012e-11,55.724201513514,1.2077762073599e-11,-1.2077785698649e-11,-117.05407796071,-117.0540580767,0.0079852413644774,0.0079853019656432,-1.2077735188552e-11,1.2077698106436e-11,-0.0079852603694615,-0.0079852793089814,-117.05408751956,-117.05410740367,-42.564067949763,0.00072172211146499,-0.00018670907837157,38.398142144372,-9.5848246896763,360.3149947224,100000284.29471,-8.7742320230781e-14,0.0071584001466674,-0.01168449865169,-440.62244583397,2.645035282142e-05,-1101.7821496222,960.52180623515
35.716500000001,393.65076654948,131.21689548072,4.6144684060729e-15,0.00090180092798885,1.7295435740171,8.4845822408552,-2.5631385677737e-11,-188.07537890777,-1.8297029615691e-11,55.869991433878,1.2811629596276e-11,-1.2811656809534e-11,-117.3603201667,-117.36030041591,0.008436146539003,0.0084362115852567,-1.2811602449703e-11,1.2811560622843e-11,-0.0084361669184293,-0.008436187263589,-117.36033033004,-117.36035008084,-42.675500948483,0.00072710922148866,-0.00018807537890778,37.759050493351,-9.3833911837849,360.31499964352,100000288.9779,-8.7985182159766e-14,0.0072554518912212,-0.011785679073148,-440.98636014008,2.5054915994891e-05,-1102.6501744718,961.27661410225
35.816500000001,397.30428282757,132.43473247288,4.8002553662405e-15,0.001008597901721,1.729543546445,8.4879233231613,-2.6642865500913e-11,-189.36077728104,-1.9342155090686e-11,56.005757456566,1.3543430094096e-11,-1.35434611366e-11,-117.64550616455,-117.64548654354,0.0088839164977053,0.0088839860876729,-1.3543402847862e-11,1.3543355977524e-11,-0.0088839382791142,-0.0088839600652731,-117.64551693268,-117.6455365536,-42.779272737868,0.00073217806495792,-0.00018936077728105,37.141982087332,-9.1911057656158,360.31500459958,100000293.69411,-8.831131085451e-14,0.0073527951028708,-0.01188686973312,-441.32545243716,2.3705178983586e-05,-1103.4588695066,961.97982486652
35.916500000001,400.74063561363,133.58018162024,4.9798636897432e-15,0.0011160978389122,1.7295436968301,8.4910333640816,-2.7619982960767e-11,-190.56863003198,-2.0380299747349e-11,56.132118651684,1.4270342709476e-11,-1.4270377813302e-11,-117.91093637405,-117.91091687932,0.009326941149867,0.0093270153699905,-1.427031552961e-11,1.4270263326264e-11,-0.0093269643568258,-0.0093269876159156,-117.91094774703,-117.91096724156,-42.875856390513,0.00073694174536897,-0.000190568630032,36.545575745853,-9.0072885487774,360.31500958848,100000298.44136,-8.8568050649597e-14,0.0074504127473286,-0.011988070633678,-441.64123412777,2.2404119956474e-05,-1104.2118556185,962.63458786291
36.016500000001,373.93910821343,124.64632755716,4.8383647145359e-15,0.0012234619798687,1.7295515244694,8.4813675583025,-2.6895862916799e-11,-177.63231846919,-2.1384263570721e-11,56.192497201279,1.4973317943468e-11,-1.4973361241099e-11,-118.03776348677,-118.03774414973,0.0097543164289008,0.0097543936080434,-1.4973291022065e-11,1.4973237249429e-11,-0.0097543410554331,-0.0097543641269215,-118.0377757415,-118.03779507762,-42.925673977519,0.00068461219638588,-0.00017763231846726,68.331592780192,-127.52998608529,360.31501460824,100000303.18262,-8.8810912687004e-14,0.0075289648534642,-0.012055880967177,-440.64316659047,0.0016262083680685,-1101.7850243696,960.52335029411
36.116500000001,239.09331024361,79.697749294181,2.2391457857002e-15,0.0012992321349331,1.7295925043358,8.4170198617817,-1.2633438234886e-11,-117.68184869819,-2.091323650621e-11,54.232223829647,1.4643498414617e-11,-1.4643548155844e-11,-113.92001730122,-113.91999861137,0.0095599062845903,0.0095599803009533,-1.464347323302e-11,1.464342431838e-11,-0.0095599306531554,-0.0095599511100461,-113.92002984984,-113.92004853927,-41.441562918342,0.00045052374187774,-0.00011768184869801,36.092941604667,-9.419061563266,360.31501828433,100000306.52866,-8.9088468977745e-14,0.0075014524792391,-0.011954673204266,-434.14694997393,-0.00036403572695911,-1086.2707984162,947.03015485202
36.216500000001,196.90477302273,65.634906285565,1.0970812583699e-15,0.0013603572819758,1.7296301118357,8.3571214985178,-6.2767051008888e-12,-101.28266613747,-1.9296251299787e-11,51.894411391954,1.3511281591715e-11,-1.3511328545913e-11,-109.00921449369,-109.0091960539,0.0088588795886472,0.0088589485468261,-1.3511259036312e-11,1.3511212898253e-11,-0.0088589022912243,-0.0088589213421501,-109.00922742882,-109.00924586819,-39.65583324193,0.00038661273115133,-0.00010128266613737,35.589998958131,-9.0956966414196,360.31502116592,100000309.22796,-8.9324391824503e-14,0.0074681839503835,-0.011853475683331,-428.13710501994,-0.00021283225972285,-1071.8961388889,934.5286963055
36.316500000001,165.57574168774,55.19189833353,5.4937071384758e-16,0.001413742351562,1.7296659242865,8.299421826071,-3.1859088274715e-12,-89.081141787955,-1.7322035525533e-11,49.614704523342,1.2128931004714e-11,-1.2128973709715e-11,-104.22046841166,-104.22045012831,0.0079851893622151,0.0079852517483161,-1.2128911165639e-11,1.212886911457e-11,-0.0079852098924111,-0.0079852271417047,-104.22048176692,-104.22050004983,-37.913954786229,0.00033917092052273,-8.9081141787881e-05,35.270968969602,-8.9687250388104,360.31502367704,100000311.58545,-8.9601947978281e-14,0.0074318457293477,-0.011752288402298,-422.38444164813,-0.00016742518731329,-1058.1187229751,922.54577912538
36.416500000001,140.06880055088,46.689586718491,2.7961460226576e-16,0.0014608792426835,1.7297002853658,8.2434567962193,-1.643111690372e-12,-78.865502076082,-1.5327196607422e-11,47.408238072812,1.0732139977423e-11,-1.0732178083284e-11,-99.585571227681,-99.585553092678,0.0070893243161592,0.0070893798349297,-1.0732122668139e-11,1.0732085088266e-11,-0.0070893425807159,-0.0070893579409712,-99.585584954005,-99.585603088576,-36.228048146831,0.00029954757230986,-7.8865502076026e-05,35.006583272248,-8.8727042092517,360.31502589279,100000313.66701,-8.9886442977735e-14,0.0073930226915328,-0.011651111359094,-416.83913348053,-0.00013778451263835,-1044.8215742881,910.97983744787
36.516500000001,118.88650250372,39.62882244885,1.441870425164e-16,0.0015027069651797,1.7297334118423,8.1889387914294,-8.5834896697934e-13,-70.103799400594,-1.3454115167649e-11,45.267913201824,9.4206038057343e-12,-9.4206374401492e-12,-95.089611094452,-95.089593114241,0.0062390166707964,0.0062390656067158,-9.4205887580354e-12,9.4205555538493e-12,-0.0062390327662428,-0.0062390463112938,-95.089625138379,-95.089643118159,-34.592717399477,0.0002656441755922,-7.0103799400549e-05,34.778597702383,-8.7921179993977,360.31502785817,100000315.51411,-9.0219510194494e-14,0.0073520835898889,-0.011549944551649,-411.46987503372,-0.00011554108027196,-1031.9313214116,899.76713183679
36.616500000001,101.09845274192,33.699473996768,7.5145038899712e-17,0.0015399465818507,1.7297654702618,8.1356471214957,-4.5308512978445e-13,-62.487632844642,-1.1755879366192e-11,43.186689706066,8.2314949683899e-12,-8.2315244653315e-12,-90.717799338323,-90.717781522665,0.0054619532645463,0.0054619961497559,-8.2314819070239e-12,8.2314527676418e-12,-0.0054619673677723,-0.0054619792417209,-90.717813652966,-90.717831468202,-33.002576206672,0.00023624141824768,-6.2487632844607e-05,34.579008294625,-8.7228631643818,360.31502960747,100000317.1586,-9.049012733256e-14,0.0073093116884112,-0.011448787977892,-406.25263073766,-9.8234834703595e-05,-1019.3916548214,888.85874261867
36.716500000001,86.035584342686,28.678519113899,3.9502768347977e-17,0.0015731746582635,1.7297965938277,8.0834050302168,-2.4119967566609e-13,-55.797410625446,-1.0244331228407e-11,41.15887992326,7.1731052890636e-12,-7.1731310563292e-12,-86.458188439329,-86.458170799511,0.0047663096568063,0.0047663471057976,-7.1730939586079e-12,7.1730684923482e-12,-0.0047663219710355,-0.004766332342029,-86.45820298404,-86.458220623449,-31.453270959839,0.00021047179266529,-5.5797410625418e-05,34.40236322329,-8.6625708906681,360.31503116807,100000318.62595,-9.070523329094e-14,0.0072649335071193,-0.011347641635752,-401.1681812682,-8.4472413487407e-05,-1007.1575552255,878.21555842794
36.816500000001,73.197656623552,24.39921095036,2.0912463089367e-17,0.0016028618728824,1.7298268912981,8.0320678565355,-1.2929015450892e-13,-49.869230472861,-8.912737702964e-12,39.179960132524,6.2407202717912e-12,-6.2407427264625e-12,-82.301275855738,-82.301258404219,0.0041509229134282,0.0041509555422828,-6.2407104445292e-12,6.2406882456936e-12,-0.004150933641933,-0.0041509426793711,-82.301290594536,-82.301308045655,-29.941338867719,0.00018768852914911,-4.9869230472838e-05,34.244646221182,-8.6095594463084,360.31503256223,100000319.93692,-9.0996667057855e-14,0.0072191339681425,-0.01124650552316,-396.20083639165,-7.3332013488195e-05,-995.19227240129,867.80565167274
36.916500000001,62.20184393079,20.733940988081,1.1133825734052e-17,0.0016293988269456,1.7298564529353,7.9815151496197,-6.9689687217736e-14,-44.577848424881,-7.7466447905419e-12,37.246342514794,5.4242191913386e-12,-5.4242387295658e-12,-78.239525003302,-78.239507753649,0.0036104066303957,0.0036104350191678,-5.4242106677439e-12,5.4241913484474e-12,-0.0036104159643112,-0.0036104238281233,-78.239539903488,-78.239557152749,-28.464033440597,0.00016739794008328,-4.4577848424863e-05,34.102786384265,-8.5625721051712,360.31503380843,100000321.10879,-9.1295039697407e-14,0.0071720665246171,-0.011145379638046,-391.3375746302,-6.4174546118163e-05,-983.46530701181,857.60252518693
37.016500000001,52.749580400696,17.583187297722,5.9544733787599e-18,0.0016531143391308,1.7298853547242,7.9316450810004,-3.7730601651072e-14,-39.825855983125,-6.7290827531999e-12,35.355205335664,4.7117197950477e-12,-4.7117367792864e-12,-74.26700853672,-74.266991503627,0.0031377329413854,0.003137757618575,-4.7117124016062e-12,4.7116956055999e-12,-0.00313774105472,-0.0031377478908661,-74.267023567759,-74.267040600471,-27.019194378358,0.00014921643175818,-3.982585598311e-05,33.974410697829,-8.520644829655,360.31503492219,100000322.15606,-9.1648923469526e-14,0.0071238603399125,-0.011044263978344,-386.56743331962,-5.6544144534091e-05,-971.95098001561,847.58386935055
37.116500000001,44.604160372549,14.868048011858,3.1957112010925e-18,0.0016742887973346,1.7299136614494,7.8823703632722,-2.0498167164117e-14,-35.536393565971,-5.8430206350069e-12,33.50437237268,4.0912969649385e-12,-4.0913117199973e-12,-70.379155074172,-70.379138273533,0.0027255226322525,0.0027255440704963,-4.0912905512175e-12,4.0912759585126e-12,-0.0027255296805426,-0.0027255356196952,-70.379170206773,-70.379187007038,-25.605155171441,0.00013284158406446,-3.5536393565958e-05,33.857644596959,-8.4830331261656,360.31503591673,100000323.09111,-9.1919540498203e-14,0.0070746255261475,-0.010943158541984,-381.88106336245,-5.0108092197977e-05,-960.62738835966,837.73065479851
37.216500000001,37.575169035703,12.52505154222,1.7196306010695e-18,0.0016931641284212,1.7299414289933,7.8336151977533,-1.1164982801923e-14,-31.64809872729,-5.0724663292843e-12,31.692228774321,3.5517529878322e-12,-3.5517658012601e-12,-66.572572450327,-66.572555899359,0.0023666685945789,0.0023666872118811,-3.5517474235419e-12,3.5517347504443e-12,-0.0023666747153368,-0.0023666798731453,-66.572587655653,-66.572604206253,-24.220678608323,0.00011803211405993,-3.164809872728e-05,33.750996727014,-8.4491444215028,360.31503680346,100000323.92464,-9.2245668663216e-14,0.0070244570545333,-0.0108420633269,-377.27039668104,-4.4618530170026e-05,-949.47562490505,828.02645468388
37.316500000001,31.507405491602,10.502464268044,9.2705608438219e-19,0.001709951395319,1.7299687060857,7.7853129424141,-6.0924103676701e-15,-28.111525690113,-4.4028981649196e-12,29.917664199476,3.0829197532856e-12,-3.0829308777738e-12,-62.844928274853,-62.844911992249,0.002054613718592,0.0020546298821179,-3.0829149255945e-12,3.0829039225701e-12,-0.0020546190325787,-0.0020546235106747,-62.844943523814,-62.844959806054,-22.864913174552,0.00010459368206384,-2.8111525690105e-05,33.653271303717,-8.4185092433365,360.3150375923,100000324.66596,-9.2523224557473e-14,0.0069734377336801,-0.010740978331026,-372.72839273848,-3.9887411708483e-05,-938.47918365827,818.45692792545
37.416500000001,26.272837823529,8.7576088934241,5.0034834913119e-19,0.0017248366958196,1.7299955356618,7.7374042937485,-3.3281791311091e-15,-24.886560346995,-3.8213700160313e-12,28.1800370407,2.6757323516738e-12,-2.675742008268e-12,-59.194874779552,-59.194858785675,0.0017834505717066,0.0017834646025805,-2.6757281628455e-12,2.6757186114812e-12,-0.001783455184525,-0.0017834590718237,-59.194890042143,-59.194906035664,-21.53736559284,9.2368645805587e-05,-2.4886560346988e-05,33.563505070159,-8.3907527624744,360.31503829201,100000325.32329,-9.2786902651553e-14,0.0069216405204545,-0.010639903552295,-368.24884165,-3.5769748960124e-05,-927.62349756771,809.00941761927
37.516500000001,21.764649421844,7.2548798895983,2.7017962895995e-19,0.0017379858246835,1.7300219559339,7.6898358412223,-1.8190063993821e-15,-21.940523619358,-3.3164620622388e-12,26.479155457291,2.322194596403e-12,-2.3222029779109e-12,-55.622008976244,-55.621993293327,0.0015479309613106,0.0015479431396203,-2.3221909617475e-12,2.3221826714596e-12,-0.0015479349650596,-0.0015479383391298,-55.622024220892,-55.622039903461,-20.237886228819,8.1228540807128e-05,-2.1940523619353e-05,33.480915469714,-8.3655708555595,360.31503891035,100000325.90395,-9.3050580734317e-14,0.006869130344493,-0.010538838988643,-363.82620849557,-3.215199243894e-05,-916.89557277661,799.67263324324
37.616500000001,17.892755039331,5.9642488471071,1.4587615234217e-19,0.0017495480211989,1.7300480012524,7.6425588955174,-9.9406494543329e-16,-19.246758886802,-2.8781640888376e-12,24.815272092693,2.0152973103809e-12,-2.0153045846725e-12,-52.126861559937,-52.126846212315,0.0013434319882964,0.0013434425579054,-2.0152941564884e-12,2.0152869613025e-12,-0.0013434354631583,-0.0013434383915463,-52.12687675286,-52.126892100139,-18.966664969033,7.1068474846444e-05,-1.9246758886798e-05,33.404877329333,-8.3427192379049,360.31503945434,100000326.41453,-9.330038101865e-14,0.0068159655727237,-0.010437784638004,-359.45550809131,-2.894396521484e-05,-906.28369412803,790.43639475695
37.716500000001,14.580366832247,4.8601198231174,7.8708289853966e-20,0.0017596590300339,1.7300737028067,7.5955285206546,-5.4288272172992e-16,-16.783563095336,-2.4977349223821e-12,23.189089896962,1.7489199024359e-12,-1.748926215498e-12,-48.710909139318,-48.710894153654,0.0011659032041763,0.0011659123771657,-1.7489171656563e-12,1.7489109212115e-12,-0.0011659062198804,-0.0011659087613347,-48.710924243873,-48.7109392292,-17.724235598874,6.1802878966929e-05,-1.6783563095332e-05,33.33488147826,-8.3220085470244,360.31503993034,100000326.86103,-9.3536303505254e-14,0.0067621992032842,-0.010336740498316,-355.1322026213,-2.6073243760482e-05,-895.77718409779,781.29142311113
37.816500000001,11.761321594303,3.9204384196129,4.2415529197307e-20,0.0017684436370958,1.7300990892054,7.5487027204493,-2.9612589300037e-16,-14.533361047053,-2.1675594252641e-12,21.601776481338,1.5177302345415e-12,-1.5177357132346e-12,-45.376604389782,-45.376589795275,0.0010118077221856,0.0010118156828587,-1.5177278596739e-12,1.5177224405099e-12,-0.0010118103393265,-0.001011812544904,-45.376619365817,-45.376633959995,-16.511486716686,5.3362216750599e-05,-1.4533361047051e-05,33.270532201519,-8.3032799344867,360.31504034418,100000327.24896,-9.3709775937212e-14,0.0067078798523178,-0.010235706567513,-350.85211673855,-2.348104037744e-05,-885.36620251714,772.22916618705
37.916500000001,9.37796776749,3.1259874538411,2.2817524148988e-20,0.0017760177934434,1.7301241869596,7.5020417449829,-1.6125058895933e-16,-12.482046854848,-1.8810130784458e-12,20.054983879244,1.3170898022884e-12,-1.3170945567992e-12,-42.127417563182,-42.127403391724,0.00087806381002295,0.00087807071846481,-1.3170877414515e-12,1.3170830385905e-12,-0.00087806608123186,-0.00087806799528225,-42.127432366427,-42.127446537563,-15.329676802169,4.5690351914934e-05,-1.2482046854846e-05,33.211522460727,-8.286420524975,360.31504070129,100000327.58343,-9.3973453980847e-14,0.0066530525781649,-0.010134682843535,-346.6113663706,-2.1119388461748e-05,-875.04157827997,763.2416525169
38.016500000001,7.3794711341153,2.4598221891222,1.2246904997957e-20,0.001782490402129,1.7301490208897,7.4555074950653,-8.7611313505466e-17,-10.618430833451,-1.6323383436858e-12,18.55086940858,1.1429671633917e-12,-1.1429712893942e-12,-38.96788031097,-38.967866597199,0.00076199009204272,0.00076199608725842,-1.1429653750477e-12,1.1429612938615e-12,-0.00076199206301978,-0.00076199372405388,-38.96789489249,-38.967908605946,-14.180450160828,3.8742332734169e-05,-1.0618430833449e-05,33.157618271946,-8.2713328037678,360.31504100675,100000327.86926,-9.4278765379194e-14,0.0065977595726566,-0.010033669324319,-342.40629874565,-1.8949251216796e-05,-864.79466725846,754.32136776898
38.116500000001,5.7204417093739,1.9068126324703,6.5550277211352e-21,0.0017879648105489,1.7301736144626,7.4090630135527,-4.747156743795e-17,-8.933737774556,-1.4165340447973e-12,17.092111454927,9.9186048216024e-13,-9.9186406271039e-13,-35.903618838193,-35.903605619382,0.0006612556720246,0.00066126087468945,-9.9185893027086e-13,9.918553886091e-13,-0.00066125738244341,-0.00066125882389444,-35.903633144002,-35.903646362506,-13.065849038785,3.2482384784031e-05,-8.9337377745547e-06,33.108651603879,-8.2579488071451,360.31504126539,100000328.11101,-9.450081004206e-14,0.0065420407368348,-0.0099326660078034,-338.23344224199,-1.6939236006586e-05,-854.61723324423,745.46115123687
38.216500000001,4.3598178777994,1.4532715801859,3.496937983168e-21,0.0017925400216996,1.7301979900661,7.3626720627692,-2.5638979191331e-17,-7.4211067844444,-1.2292575602778e-12,15.681911437884,8.6072904452411e-13,-8.6073215171455e-13,-32.941358033777,-32.941345349464,0.00057383553280807,0.0005738400476702,-8.6072769782067e-13,8.6072462437574e-13,-0.00057383701710577,-0.00057383826799466,-32.941372004719,-32.941384688732,-11.988315253124,2.6881923713452e-05,-7.4211067844434e-06,33.064508587655,-8.2462285626541,360.31504148183,100000328.31304,-9.4799182529423e-14,0.0064859341473598,-0.0098316728919274,-334.0894656528,-1.5065078882615e-05,-844.50135110655,736.65411163663
38.316500000001,3.2599712689246,1.0866562431759,1.8583953150633e-21,0.0017963116108412,1.7302221692157,7.3162987974512,-1.3795508511785e-17,-6.0750473543693,-1.0667389560399e-12,14.323970219655,7.4693313355293e-13,-7.469358299546e-13,-30.088871914243,-30.088859805512,0.00049797108418326,0.00049797500215752,-7.4693196490361e-13,7.4692929778517e-13,-0.00049797237224903,-0.00049797345776432,-30.08888548629,-30.088897594731,-10.950672390728,2.1917421586163e-05,-6.0750473543686e-06,33.025104421065,-8.2361318195361,360.3150416605,100000328.4796,-9.504204385727e-14,0.0064294764097924,-0.009730689974631,-329.97114737229,-1.3309371468319e-05,-834.43933357849,727.89356344871
38.416500000001,2.3860189623278,0.79533898209562,9.8331322169956e-22,0.0017993723110447,1.7302461726889,7.2699075519281,-7.3912167095663e-18,-4.8908159659717,-9.2570592811826e-13,13.02242442462,6.4818147414884e-13,-6.4818381406561e-13,-27.354849856505,-27.354838364797,0.00043213550098682,0.00043213890097694,-6.4818046001063e-13,6.4817814550513e-13,-0.00043213661876102,-0.00043213756076362,-27.354862961654,-27.354874453082,-9.956077492465,1.7568002171372e-05,-4.8908159659712e-06,32.990379284782,-8.2276353743807,360.31504180574,100000328.61476,-9.53404163282e-14,0.0063727028864326,-0.0096297172538544,-325.87535579813,-1.1661731995532e-05,-824.42368500849,719.17298671774
38.516500000001,1.705347533641,0.56844865617228,5.1773877422236e-22,0.001801812216683,1.7302700205745,7.2234627667651,-3.9409553638137e-18,-3.86369817418,-8.0331837133715e-13,11.781726845693,5.624854178623e-13,-5.6248744842153e-13,-24.748645379483,-24.748634544887,0.00037500340140448,0.00037500635188722,-5.6248453780582e-13,5.6248252929801e-13,-0.00037500437139944,-0.00037500518886144,-24.748657947445,-24.748668781773,-9.007930136316,1.3812723596351e-05,-3.8636981741796e-06,32.960262384901,-8.2207061998434,360.31504192174,100000328.7225,-9.5694299942302e-14,0.0063156477811662,-0.0095287547275386,-321.79904274133,-1.0118891982924e-05,-814.44708664323,710.4860142945
38.616500000001,1.1873626342141,0.39578714993782,2.7111331409743e-22,0.0018037185559902,1.7302937322301,7.1769290805482,-2.090044570306e-18,-2.9882177497269,-6.9711143557496e-13,10.60645728031,4.8811907074586e-13,-4.8812083284585e-13,-22.279878786402,-22.279868645389,0.000325424396003,0.00032542695640455,-4.8811830704329e-13,4.8811656407917e-13,-0.0003254252377556,-0.0003254259471416,-22.279890747191,-22.279900887948,-8.1097284572834,1.0627647578045e-05,-2.9882177497267e-06,32.934661148034,-8.2153148693779,360.31504201257,100000328.80668,-9.5978794609526e-14,0.0062583440646551,-0.0094278023936256,-317.73925156761,-8.6844327466389e-06,-804.50241786691,701.8264503829
38.716500000001,0.80347267545643,0.26782393486659,1.4111231060232e-22,0.0018051750117569,1.7303173261408,7.1302716027626,-1.1018829113734e-18,-2.2573469518538,-6.0494602112666e-13,9.5010580184411,4.2358463008356e-13,-4.2358615921637e-13,-19.957881531426,-19.957872114162,0.00028240005519593,0.00028240227708727,-4.2358396735123e-13,4.2358245482426e-13,-0.00028240078566056,-0.0002824014012588,-19.957892818853,-19.957902235876,-7.2648676149653,7.9829889053306e-06,-2.2573469518536e-06,32.913413172856,-8.2114015582838,360.31504208212,100000328.871,-9.6270228163287e-14,0.0062008232336262,-0.0093268602500575,-313.69314084352,-7.3678493649685e-06,-794.58281550332,693.18832223598
38.816500000001,0.52729107655186,0.17576348544406,7.2963251659811e-23,0.001806260629187,1.7303408196915,7.0834563607147,-5.7716157456965e-19,-1.6618492198038,-5.2496577005801e-13,8.4695032172142,3.675822696306e-13,-3.6758359659637e-13,-17.791001708845,-17.79099303634,0.0002450638770844,0.00024506580521914,-3.675816945189e-13,3.6758038196348e-13,-0.00024506451097418,-0.00024506504518409,-17.791012264704,-17.791020936984,-6.4763876368758,5.8408414006004e-06,-1.6618492198038e-06,32.896302081433,-8.2088893614049,360.3150421341,100000328.91894,-9.6506150558728e-14,0.0061431149200445,-0.0092259282947776,-309.65802219923,-6.1823129297325e-06,-784.68176824366,684.56596245407
38.916500000001,0.33499980861615,0.11166646064932,3.7456069126745e-23,0.0018070484373358,1.7303642288788,7.0364508780823,-3.0019245870814e-19,-1.1899222240613,-4.5555971689984e-13,7.5149323253397,3.1898398753731e-13,-3.1898513906436e-13,-15.78583402566,-15.785826107186,0.00021266387831316,0.00021266555152849,-3.1898348846172e-13,3.189823494398e-13,-0.00021266442839613,-0.00021266489197796,-15.785843804104,-15.78585172237,-5.7466935223061,4.1540911422781e-06,-1.1899222240613e-06,32.883009765511,-8.2076655103879,360.31504217192,100000328.95373,-9.6762889629514e-14,0.0060852463978366,-0.0091250065257289,-305.63140811843,-5.1414983857136e-06,-774.79323585225,675.95411288171
39.016500000001,0.20577006972828,0.068589928947458,1.9080011197144e-23,0.0018076040035079,1.7303875680108,6.9892248029655,-1.5495547274932e-19,-0.82729236424493,-3.9532986263108e-13,6.6392991288951,2.7681090157245e-13,-2.7681190085546e-13,-13.946482588676,-13.946475419962,0.00018454747215918,0.00018454892415786,-2.7681046848009e-13,2.7680948004888e-13,-0.00018454794951541,-0.00018454835180685,-13.946491560098,-13.946498728622,-5.0772868662153,2.8670359290134e-06,-8.2729236424491e-07,32.873140523276,-8.2075982189055,360.31504219867,100000328.97826,-9.7026567588505e-14,0.0060272420684206,-0.0090240949408559,-301.61106215264,-4.2556943246656e-06,-764.9117748409,667.3480341632
39.116500000001,0.12210665864159,0.040702159384053,9.6392461592347e-24,0.0018079842006997,1.7304108494554,6.9417504742692,-7.9340135491824e-20,-0.55782115805598,-3.4306302771258e-13,5.8431006396331,2.4021354054862e-13,-2.4021440771581e-13,-12.273991408896,-12.273984971544,0.00016014833772096,0.00016014959775003,-2.4021316471577e-13,2.4021230696566e-13,-0.00016014875196563,-0.00016014910106988,-12.273999562525,-12.274005999703,-4.4685580172177,1.917868783804e-06,-5.5782115805597e-07,32.866211830252,-8.2085219284373,360.31504221704,100000328.99505,-9.7331878906261e-14,0.0059691230277308,-0.0089231935381035,-297.59504194465,-3.528212871315e-06,-755.03264698587,658.74360037977
39.216500000001,0.069993397563655,0.023331095606911,4.8272299659229e-24,0.0018082364581189,1.7304340834927,6.8940033133321,-4.0275832498795e-20,-0.36453683797353,-2.9770642208844e-13,5.1252447578469,2.0845473837765e-13,-2.0845549089609e-13,-10.76606641551,-10.76606067786,0.0001389750205234,0.00013897611396322,-2.0845441223396e-13,2.0845366788756e-13,-0.00013897538000052,-0.00013897568294947,-10.766073760149,-10.766079497642,-3.919683887571,1.2426333695056e-06,-3.6453683797352e-07,32.861716895717,-8.2102656723948,360.31504222926,100000329.00619,-9.7658006901759e-14,0.0059109068127926,-0.0088223023154168,-293.58172575621,-2.9534037306819e-06,-745.15188768081,650.13735872402
39.316500000001,0.038773102554923,0.012924345733624,2.3951908357078e-24,0.0018083986693374,1.7304572783101,6.8459619608038,-2.0261070377207e-20,-0.23086179024861,-2.5834644272739e-13,4.4830894768444,1.8089478805762e-13,-1.8089544108508e-13,-9.4171578096602,-9.4171527289904,0.00012060103764524,0.00012060198652063,-1.8089450503364e-13,1.8089385909779e-13,-0.00012060134959564,-0.00012060161249151,-9.4171643723681,-9.4171694528978,-3.4286566813835,7.7975607137536e-07,-2.308617902486e-07,32.859148397274,-8.2126559806553,360.31504223714,100000329.01336,-9.7907807061336e-14,0.0058526073901417,-0.0087214212707424,-289.56981644453,-2.516832361017e-06,-735.26631898836,641.52654101586
39.416500000001,0.020776444578836,0.006925469149864,1.1770102452442e-24,0.0018084997778954,1.7304804401411,6.7976081384336,-1.0096270429558e-20,-0.14174229389901,-2.2419027307674e-13,3.9126467613707,1.5697855756595e-13,-1.5697912425618e-13,-8.2188883315349,-8.2188838571776,0.00010465628959668,0.00010465711302059,-1.5697831196078e-13,1.5697775142457e-13,-0.0001046565603039,-0.00010465678844212,-8.218894154551,-8.2188986287838,-2.9924385842017,4.7407009832359e-07,-1.4174229389901e-07,32.858035044241,-8.215534856556,360.31504224207,100000329.01782,-9.8109034961292e-14,0.005794235391349,-0.0086205504020264,-285.55832213394,-2.1976164643528e-06,-725.37350523713,632.9090251706
39.516500000001,0.010783270684446,0.0035944167823279,5.7258683580264e-25,0.0018085609045481,1.7305035735184,6.7489262791813,-4.9815758772153e-21,-0.084437283861664,-1.9454991457663e-13,3.4089064064332,1.3622430868728e-13,-1.3622480045499e-13,-7.1607335575298,-7.1607296343204,9.0819606824836e-05,9.0820321383287e-05,-1.3622409555375e-13,1.3622360912643e-13,-9.0819841741661e-05,-9.0820039717566e-05,-7.1607386941018,-7.1607426172012,-2.6072085002442,2.7948104634659e-07,-8.4437283861664e-08,32.857972610645,-8.218765086863,360.31504224506,100000329.02052,-9.8351896223093e-14,0.005735798544167,-0.0085196897072164,-281.54651818228,-1.9718079305507e-06,-715.47166221081,624.28325622893
39.616500000001,0.0054292060785901,0.0018097317727074,2.7564862272114e-25,0.0018085967822826,1.7305266815912,6.6999030126148,-2.4328500449501e-21,-0.048857659443815,-1.6882832901047e-13,2.9662138072999,1.1821399385393e-13,-1.1821442060468e-13,-6.2308154426233,-6.2308120141195,7.8812281198697e-05,7.8812901284862e-05,-1.1821380889895e-13,1.1821338678254e-13,-7.8812485057e-05,-7.8812656858368e-05,-6.2308199525442,-6.2308233809514,-2.268650450905,1.5994625564588e-07,-4.8857659443815e-08,32.858631874947,-8.2222371738081,360.31504224682,100000329.0221,-9.8705779786162e-14,0.0056773022125728,-0.00841883918426,-277.53389843483,-1.8159487821969e-06,-705.55953942351,615.64814392039
39.716500000001,0.0026560329037702,0.00088534246431806,1.3126894382692e-25,0.0018086172506926,1.7305497664513,6.6505266035738,-1.175569350553e-21,-0.027494263303407,-1.4650741278856e-13,2.578636386593,1.0258483571064e-13,-1.0258520604037e-13,-5.4166720355517,-5.4166690466387,6.8392452451354e-05,6.8392990555478e-05,-1.0258467520869e-13,1.025843089006e-13,-6.8392629357403e-05,-6.8392778444788e-05,-5.4166759810901,-5.4166789699186,-1.972233721207,8.8974625946343e-08,-2.7494263303407e-08,32.859769806071,-8.2258668839073,360.31504224783,100000329.02301,-9.8927824364379e-14,0.0056187499545038,-0.0083179988311058,-273.52012428869,-1.7095266420582e-06,-695.63629640656,607.00295498416
39.816500000001,0.0012645465419124,0.00042151460147127,6.1815992315912e-26,0.0018086286156217,1.7305728294292,6.6007864244343,-5.6183604840081e-22,-0.015067211047086,-1.2713756105648e-13,2.2402714839816,8.9022019878353e-14,-8.9022341246515e-14,-4.7059042303315,-4.7059016290528,5.9350236657611e-05,5.9350703618599e-05,-8.9021880596484e-14,8.9021562718247e-14,-5.9350390174784e-05,-5.9350519551218e-05,-4.7059076729819,-4.7059102741868,-1.7134485460463,4.8173741323998e-08,-1.5067211047086e-08,32.861211811745,-8.2295982809344,360.31504224839,100000329.02351,-9.9253952350753e-14,0.0055601440266425,-0.0082171686457038,-269.50497825012,-1.6362426812311e-06,-685.70138950613,598.34721462071
39.916500000001,0.00058679581693661,0.00019559816511185,2.8774849986635e-26,0.0018086347650505,1.7305958713358,6.5506725093793,-2.6548695446221e-22,-0.0080511966873718,-1.1032861148566e-13,1.9454731391719,7.7252353774874e-14,-7.7252632654717e-14,-4.086652145275,-4.0866498839169,5.1503498704427e-05,5.1503903928163e-05,-7.7252232907563e-14,7.7251957056238e-14,-5.1503631924982e-05,-5.1503744196464e-05,-4.0866551434736,-4.0866574047673,-1.4879799262813,2.541986073835e-08,-8.0511966873718e-09,32.862838273912,-8.233390242331,360.31504224869,100000329.02378,-9.964946927592e-14,0.0055014857971381,-0.0081163486260025,-265.48832575932,-1.5841126444383e-06,-675.75447859657,589.68062527085
40.016500000001,0.0002657475657392,8.8582314846966e-05,1.32353849997e-26,0.0018086380115968,1.7306188926437,6.5001752075242,-1.2399098590535e-22,-0.0041999016405176,-9.5741985363447e-14,1.6889967136158,6.7038763787581e-14,-6.7039005796517e-14,-3.5478989143588,-3.5478969499288,4.469418364573e-05,4.4694535294541e-05,-6.7038658900225e-14,6.7038419519405e-14,-4.4694299253099e-05,-4.4694396681086e-05,-3.5479015221002,-3.5479034864742,-1.2918186415002,1.3088174146731e-08,-4.1999016405176e-09,32.864571836399,-8.2372138960889,360.31504224885,100000329.02393,-9.9899269429002e-14,0.0054427760562805,-0.008015538769953,-261.47008633311,-1.5449044715389e-06,-665.79535642352,581.00300509154
40.116500000001,0.00011759359512951,3.9197770135957e-05,6.0131856678205e-27,0.0018086396858124,1.7306418936155,6.4492849292937,-5.7211969850099e-23,-0.0021410480752945,-8.3083867700776e-14,1.4660738305538,5.8175519968638e-14,-5.8175729981397e-14,-3.0796281056361,-3.0796263999109,3.8785133069877e-05,3.8785438226943e-05,-5.8175428948517e-14,5.8175221216409e-14,-3.8785233392712e-05,-3.8785317939674e-05,-3.079630371812,-3.0796320774886,-1.1213189247573,6.5825564841313e-09,-2.1410480752945e-09,32.866369394652,-8.2410590602706,360.31504224893,100000329.024,-1.0010049732468e-13,0.0053840152347348,-0.0079147390755061,-257.45021322287,-1.513282916169e-06,-655.82389871451,572.31424451158
40.216500000001,5.0892361132536e-05,1.6964077903345e-05,2.6973930767067e-27,0.0018086405299777,1.7306648743879,6.3979919689121,-2.6071379956276e-23,-0.0010676167484157,-7.2099288995179e-14,1.2724355053028,5.0484092071504e-14,-5.0484274318323e-14,-2.6728723083744,-2.6728708276789,3.3657322365999e-05,3.3657587178027e-05,-5.0484013085219e-14,5.0483832817525e-14,-3.3657409425078e-05,-3.3657482794025e-05,-2.6728742766253,-2.6728757572786,-0.97321643429195,3.2368347456312e-09,-1.0676167484157e-09,32.86820221048,-8.2449154623099,360.31504224898,100000329.02404,-1.0032254190198e-13,0.0053252035480723,-0.0078139495406137,-253.42867990056,-1.485937476876e-06,-645.84003098789,563.61427732638
40.316500000001,2.1558649803398e-05,7.186198020418e-06,1.1941948172213e-27,0.0018086409464907,1.7306878350251,6.3462863829322,-1.1728561391542e-23,-0.00052111385381355,-6.2566989444436e-14,1.1043009867289,4.3809553461208e-14,-4.3809711613042e-14,-2.3196896933312,-2.3196884081749,2.9207463247358e-05,2.9207693048395e-05,-4.3809484917757e-14,4.3809328483386e-14,-2.9207538796293e-05,-2.9207602465078e-05,-2.3196914022257,-2.3196926873452,-0.84461991998011,1.5573631222251e-09,-5.2111385381355e-10,32.870053014391,-8.2487752184312,360.315042249,100000329.02406,-1.0050989200976e-13,0.0052663410877547,-0.007713170163228,-249.405471528,-1.4609269233081e-06,-635.84370757376,554.90306242661
40.416500000001,8.9446632148616e-06,2.9815464525941e-06,5.2156552809748e-28,0.0018086411477276,1.7307107755509,6.2941579067425,-5.2064803097507e-24,-0.00024913794739007,-5.429496216437e-14,0.95834657918087,3.8017460464939e-14,-3.8017597707404e-14,-2.0130985201314,-2.0130974047863,2.5345923243702e-05,2.5346122662576e-05,-3.8017400983668e-14,3.8017265231599e-14,-2.5345988804257e-05,-2.5346044055345e-05,-2.0131000035275,-2.0131011188408,-0.73298751096904,7.3361722733429e-10,-2.4913794739007e-10,32.871909702824,-8.2526375719807,360.31504224901,100000329.02406,-1.0074581437486e-13,0.0052074278759232,-0.0076124009413015,-245.38057980604,-1.4371217505691e-06,-625.83489893167,546.18057275229
40.516500000001,3.6365308842301e-06,1.2121736292412e-06,2.2461959441565e-28,0.0018086412429843,1.7307336959671,6.2415958949783,-2.2796526311478e-24,-0.0001167178991916,-4.7116585640121e-14,0.83166470068893,3.2991144305311e-14,-3.2991263402849e-14,-1.7469911350307,-1.7469901671031,2.1994920257437e-05,2.1995093310997e-05,-3.2991092688102e-14,3.2990974883913e-14,-2.1994977150184e-05,-2.1995025096486e-05,-1.74699242252,-1.74699339042,-0.6360954858817,3.3850385108266e-10,-1.167178991916e-10,32.873772719966,-8.2564978666338,360.31504224901,100000329.02407,-1.0088459222531e-13,0.0051484638971328,-0.0075116418727879,-241.35399998441,-1.4139332581087e-06,-615.81358427975,537.44678887246
40.6165,1.4492345509078e-06,4.8307681596512e-07,9.5341911658412e-29,0.001808641287178,1.7307565962638,6.1885892758445,-9.8404411219512e-25,-5.3600451666704e-05,-4.0887267508386e-14,0.72171984101951,2.8629361068778e-14,-2.8629464420344e-14,-1.5160414565583,-1.5160406165832,1.9086955818034e-05,1.9087105992056e-05,-2.8629316275918e-14,2.8629214046707e-14,-1.9087005188949e-05,-1.9087046796235e-05,-1.5160425739306,-1.5160434138817,-0.55200463810934,1.5304459882537e-10,-5.3600451666704e-11,32.87563652901,-8.2603605671059,360.31504224901,100000329.02407,-1.010094922879e-13,0.005089449116091,-0.0074108929556416,-237.32572918535,-1.3910305333037e-06,-605.77974745811,528.70169538198
40.7165,5.6625342629261e-07,1.8875059202544e-07,3.9865685984366e-29,0.0018086413072795,1.7307794764252,6.1351265127291,-4.1856982774848e-25,-2.4133654984491e-05,-3.5481532067442e-14,0.62630535023856,2.4844252373281e-14,-2.4844342060661e-14,-1.3156142057418,-1.3156134768135,1.6563455476587e-05,1.6563585795992e-05,-2.4844213502518e-14,2.4844124789105e-14,-1.6563498320137e-05,-1.6563534426493e-05,-1.3156151754341,-1.3156159043416,-0.47902725482247,6.7814827537329e-11,-2.4133654984491e-11,32.877498406469,-8.264219805394,360.31504224902,100000329.02407,-1.0121072018346e-13,0.0050303834872759,-0.0073101541878169,-233.29576549333,-1.3682544088914e-06,-595.73337468023,519.94527894265
40.8165,2.169435069337e-07,7.2314285470369e-08,1.6412095002759e-29,0.0018086413162448,1.7308023364328,6.081195568912,-1.7534907750971e-25,-1.06547423915e-05,-3.0790492849471e-14,0.54350312363956,2.1559575657442e-14,-2.1559653487188e-14,-1.1416802204338,-1.141679587875,1.4373588954605e-05,1.4373702044387e-05,-2.1559541925811e-14,2.1559464941263e-14,-1.4373626133779e-05,-1.4373657466487e-05,-1.1416810619447,-1.1416816944854,-0.41569629829045,2.9452750274619e-11,-1.06547423915e-11,32.87936012347,-8.2680763913696,360.31504224902,100000329.02407,-1.013703147156e-13,0.0049712669599953,-0.0072094255672693,-229.26410747495,-1.3455095929369e-06,-585.67445334569,511.17752724898
40.9165,8.1497325822099e-08,2.7165691484017e-08,6.6486900614506e-30,0.0018086413201656,1.7308251762661,6.02678387279,-7.2307596834564e-26,-4.612373964637e-06,-2.6719659345903e-14,0.47164708117368,1.8709168444472e-14,-1.8709235984291e-14,-0.99073974035901,-0.99073919143039,1.2473246281691e-05,1.247334441979e-05,-1.8709139172524e-14,1.870907236616e-14,-1.2473278545378e-05,-1.2473305735567e-05,-0.99074047062325,-0.99074101953618,-0.3607374819324,1.2537701669912e-11,-4.612373964637e-12,32.88121929754,-8.2719320482272,360.31504224902,100000329.02407,-1.0157154261116e-13,0.0049120994809771,-0.0071087070919549,-225.23075393234,-1.3227446167368e-06,-575.60297142985,502.39842849642
41.0165,3.0016217274798e-08,1.0005374020937e-08,2.6488665639923e-30,0.0018086413218469,1.7308479959043,5.9718782820344,-2.9333164802545e-26,-1.9575929350437e-06,-2.3187033707164e-14,0.40929066366079,1.6235615646855e-14,-1.6235674257185e-14,-0.85975412979694,-0.8597536534423,1.0824149298746e-05,1.0824234461936e-05,-1.6235590244973e-14,1.6235532271127e-14,-1.0824177296828e-05,-1.0824200892182e-05,-0.85975476351689,-0.85975523985791,-0.31304441443579,5.2306362354182e-12,-1.9575929350437e-12,32.883076942722,-8.2757849905898,360.31504224902,100000329.02407,-1.017172593555e-13,0.0048528809956664,-0.0070079987598303,-221.19570377973,-1.2999703893069e-06,-565.51891717789,493.60797111478
41.1165,1.0836774056619e-08,3.6122462366365e-09,1.037209303778e-30,0.0018086413225537,1.7308707953261,5.9164650456802,-1.1699416041006e-26,-8.1442656824904e-07,-2.0121459079138e-14,0.35517820940002,1.4089093067643e-14,-1.4089143929059e-14,-0.74608575141671,-0.7460853380412,9.393080629975e-06,9.3931545336771e-06,-1.4089071024162e-14,1.408902071508e-14,-9.3931049264102e-06,-9.3931254022051e-06,-0.74608630135403,-0.74608671471772,-0.2716567095564,2.1382042729945e-12,-8.1442656824904e-13,32.884932681858,-8.2796370596549,360.31504224902,100000329.02407,-1.0193930393276e-13,0.0047936114488543,-0.0069073005688523,-217.15895598309,-1.2771596668429e-06,-555.42227895523,484.80614363797
41.2165,3.8340151098208e-09,1.278000750383e-09,3.989056010188e-31,0.0018086413228449,1.7308935745099,5.8605297634558,-4.5848001838986e-27,-3.3204070201814e-07,-1.7461186307255e-14,0.30821990651331,1.2226363803281e-14,-1.2226407940272e-14,-0.64744535128125,-0.64744499255841,8.1512145930392e-06,8.1512787258791e-06,-1.2226344674185e-14,1.2226301016503e-14,-8.151235677225e-06,-8.1512534459002e-06,-0.64744582851178,-0.64744618722436,-0.23574082964499,8.5620474054455e-13,-3.3204070201814e-13,32.886787183233,-8.2834865858382,360.31504224902,100000329.02407,-1.0215440961613e-13,0.0047342907849813,-0.0068066125169791,-213.12050953139,-1.2543106011253e-06,-545.31304517611,475.9929346417
41.3165,1.328801279262e-09,4.4293223224734e-10,1.5058088449899e-31,0.0018086413229626,1.7309163334341,5.8040573418149,-1.7641362326505e-27,-1.3261210819336e-07,-1.5152630137681e-14,0.26746995509351,1.060990733275e-14,-1.0609945634357e-14,-0.56184618635323,-0.56184587505741,7.073536570072e-06,7.0735922238624e-06,-1.0609890732725e-14,1.0609852847058e-14,-7.0735548667023e-06,-7.0735702861679e-06,-0.56184660048911,-0.56184691177603,-0.20457338359466,3.3572155355443e-13,-1.3261210819336e-13,32.888639606555,-8.2873349038569,360.31504224902,100000329.02407,-1.0233482082997e-13,0.0046749189482752,-0.0067059346021686,-209.08036342305,-1.2314150799806e-06,-535.19120426995,467.16833271419
41.4165,4.5094845143723e-10,1.5031561740669e-10,5.5750182566959e-32,0.0018086413230092,1.7309390720772,5.7470319461943,-6.6601860730458e-28,-5.1860380959647e-08,-1.3149289862051e-14,0.23210756807975,9.2071637504621e-15,-9.2071969881858e-15,-0.4875641150189,-0.48756384487973,6.1383391440669e-06,6.1383874398291e-06,-9.2071493451389e-15,9.2071164683631e-15,-6.1383550216863e-06,-6.1383684025332e-06,-0.48756447440172,-0.48756474453316,-0.17752659568913,1.2884224390032e-13,-5.1860380959647e-14,32.890490032465,-8.2911799409643,360.31504224902,100000329.02407,-1.0250829314993e-13,0.004615495882814,-0.0066052668223808,-205.03851665991,-1.2084739396198e-06,-525.05674466622,458.332326443
41.5165,1.4977140970166e-10,4.9923621145765e-11,2.0228375420752e-32,0.0018086413230275,1.7309617904173,5.6894369490174,-2.4651953373381e-28,-1.9848303456339e-08,-1.1410812664545e-14,0.20142046146352,7.9898779196834e-15,-7.9899067630234e-15,-0.42310291668909,-0.42310268226522,5.3267848514423e-06,5.3268267619865e-06,-7.9898654188985e-15,7.9898368887851e-15,-5.32679862987e-06,-5.3268102416254e-06,-0.42310322855769,-0.42310346297486,-0.15405567826766,4.8370960988307e-14,-1.9848303456339e-14,32.892338743532,-8.2950229510779,360.31504224902,100000329.02407,-1.0270258215162e-13,0.0045560215325585,-0.0065046091755745,-200.99496824439,-1.1854897328295e-06,-514.90965478753,449.48490440896
41.6165,4.865272718942e-11,1.6217514883868e-11,7.1871164073586e-33,0.0018086413230345,1.7309844884327,5.6312548729401,-8.9387096983287e-29,-7.4299747386634e-09,-9.9021808045411e-15,0.17479051700458,6.9335303359017e-15,-6.9335553658428e-15,-0.36716417496454,-0.36716397153403,4.6225267434075e-06,4.6225631129281e-06,-6.9335194878548e-15,6.9334947297285e-15,-4.6225387001793e-06,-4.622548776736e-06,-0.3671644456008,-0.36716464902549,-0.13368786596065,1.7753924932635e-14,-7.4299747386634e-15,32.894185776264,-8.2988646690148,360.31504224902,100000329.02407,-1.0288299336546e-13,0.0044964958413593,-0.0064039616597103,-196.94971717834,-1.1624663767162e-06,-504.74992304664,440.62605518364
41.7165,1.5447895057495e-11,5.1492784749307e-12,2.4983049862382e-33,0.0018086413230371,1.7310071661017,5.5724673287753,-3.1723604049011e-29,-2.7185362798806e-09,-8.5930062624274e-15,0.15168133592434,6.0168432361698e-15,-6.0168649568841e-15,-0.31862113298011,-0.3186209564453,4.0113791131871e-06,4.0114106742669e-06,-6.0168338223511e-15,6.0168123375147e-15,-4.0113894891454e-06,-4.0113982334732e-06,-0.31862136783536,-0.31862154436513,-0.11601289620252,6.3663270821064e-15,-2.7185362798806e-15,32.89603042704,-8.3027048620429,360.31504224902,100000329.02407,-1.0305646568542e-13,0.0044369187529664,-0.0063033242727494,-192.90276246247,-1.1394042338004e-06,-494.57753784507,431.75576732804
41.8165,4.7905887784864e-12,1.5968565820861e-12,8.4884223386281e-34,0.0018086413230382,1.7310298234023,5.5130549474702,-1.1009714701088e-29,-9.7149459692141e-10,-7.4569186408164e-15,0.13162743614815,5.2213520060895e-15,-5.2213708550923e-15,-0.27649600118046,-0.27649584798544,3.4810317566389e-06,3.4810591450053e-06,-5.2213438368785e-15,5.221325192568e-15,-3.4810407607842e-06,-3.481048349018e-06,-0.27649620498533,-0.27649635817597,-0.10067474679342,2.2286169762767e-15,-9.7149459692141e-16,32.897873937787,-8.3065424747149,360.31504224902,100000329.02407,-1.0327157136882e-13,0.0043772902110264,-0.006202697012653,-188.85410309616,-1.1162982822756e-06,-484.39248757254,422.8740293922
41.9165,1.4497886653255e-12,4.8326091191358e-13,2.8162179915802e-34,0.0018086413230382,1.7310524603129,5.4529973054201,-3.7327682265721e-30,-3.3879880449253e-10,-6.471033991781e-15,0.11422487694293,4.5310332513913e-15,-4.5310496083537e-15,-0.23994026347595,-0.23994013053495,3.0208020106832e-06,3.0208257780138e-06,-4.5310261622377e-15,4.5310099829051e-15,-3.0208098243839e-06,-3.0208164093718e-06,-0.23994044033562,-0.23994057327282,-0.087364465192972,7.6096609477031e-16,-3.3879880449253e-16,32.899714901817,-8.3103776034288,360.31504224902,100000329.02407,-1.0342422700707e-13,0.0043176101590903,-0.0061020798773832,-184.80373807742,-1.0931442506312e-06,-474.19476060702,413.98082991518
42.0165,4.2777893342541e-13,1.4259237720688e-13,9.1138384362382e-35,0.0018086413230382,1.7310750768113,5.3922728422966,-1.2350783825436e-30,-1.151972821569e-10,-5.6154938708304e-15,0.099123122726612,3.9319820424423e-15,-3.9319962368388e-15,-0.20821758639727,-0.2082174710325,2.6214195749132e-06,2.6214401999477e-06,-3.9319758905508e-15,3.9319618502996e-15,-2.6214263555588e-06,-2.6214320699407e-06,-0.2082177398742,-0.20821785523567,-0.075813945587483,2.5320554117082e-16,-1.151972821569e-16,32.901555024233,-8.3142114705043,360.31504224902,100000329.02407,-1.0361851600877e-13,0.0042578785406036,-0.0060014728649028,-180.75166640272,-1.0699449297576e-06,-463.98434531409,405.07615742448
42.1165,1.2294132125416e-13,4.098026259019e-14,2.8736805638393e-35,0.0018086413230382,1.7310976728758,5.3308587704614,-3.983663405726e-31,-3.8151040234815e-11,-4.873065332895e-15,0.08601798242624,3.4121318304917e-15,-3.4121441482367e-15,-0.18068898754282,-0.18068888743051,2.2748397820962e-06,2.2748576802798e-06,-3.4121264919463e-15,3.4121143079669e-15,-2.2748456662677e-06,-2.274850625147e-06,-0.18068912072845,-0.1806892208379,-0.065790528585348,8.2019148045842e-17,-3.8151040234815e-17,32.903391922232,-8.318043307801,360.31504224902,100000329.02407,-1.0378504943483e-13,0.0041980952989146,-0.0059008759731752,-176.69788706706,-1.0466997861331e-06,-453.76123004729,396.16000043643
42.2165,3.4376781794232e-14,1.145887601591e-14,8.8175814720661e-36,0.0018086413230382,1.7311202484843,5.2687309748799,-1.2510582104882e-31,-1.2293042726728e-11,-4.2287938131347e-15,0.074645482271842,2.9610113939948e-15,-2.9610220832018e-15,-0.15679996479702,-0.15679987792063,1.9740815563181e-06,1.9740970881698e-06,-2.9610067612624e-15,2.9609961881358e-15,-1.974086662539e-06,-1.9740909658012e-06,-0.15680008037408,-0.15680016724798,-0.057092314846906,2.5834909198828e-17,-1.2293042726728e-17,32.905228201476,-8.3218726931195,360.31504224902,100000329.02407,-1.0395158286088e-13,0.0041382603772708,-0.0058002892001643,-172.64239906401,-1.0234222627411e-06,-443.52540314801,387.232347456
42.3165,9.3412312685177e-15,3.1137293967263e-15,2.6294691167681e-36,0.0018086413230382,1.7311428036149,5.2058639022895,-3.8205344560397e-32,-3.8493195119516e-12,-3.6697019006274e-15,0.064776548650634,2.5695339192401e-15,-2.5695431952192e-15,-0.1360693271577,-0.1360692517673,1.7130867948002e-06,1.7131002731745e-06,-2.5695298990046e-15,2.5695207237588e-15,-1.7130912259239e-06,-1.7130949602487e-06,-0.13606942745424,-0.13606950284248,-0.049544098285684,7.9035196204018e-18,-3.8493195119516e-18,32.907061674814,-8.3257012012512,360.31504224902,100000329.02407,-1.0409036071135e-13,0.0040783737188191,-0.0056997125438345,-168.5852013856,-1.0000944789922e-06,-433.27685294541,378.29318697681
42.4165,2.4634963737993e-15,8.2116155119557e-16,7.6100303054782e-37,0.0018086413230382,1.7311653382455,5.1422304381799,-1.1329912756687e-32,-1.1698156422642e-12,-3.1845279374087e-15,0.056212393936576,2.2298139667803e-15,-2.2298220163754e-15,-0.11807950223045,-0.11807943680747,1.4865983409482e-06,1.4866100373368e-06,-2.2298104780631e-15,2.2298025158832e-15,-1.4866021862298e-06,-1.4866054268368e-06,-0.11807958926671,-0.11807965468782,-0.042993836937625,2.3452115533815e-18,-1.1698156422642e-18,32.908894797199,-8.3295272397979,360.31504224902,100000329.02407,-1.0424301634962e-13,0.0040184352666055,-0.0055991460021517,-164.52629302236,-9.767240998865e-07,-423.0155677564,369.34250748104
42.5165,6.2964683960683e-16,2.0988124920179e-16,2.1342764924835e-37,0.0018086413230382,1.7311878523541,5.0778017699038,-3.2579470949892e-33,-3.4454676914019e-13,-2.7634991775224e-15,0.048780512359695,1.9350086368655e-15,-1.9350156222178e-15,-0.10246812516966,-0.1024680683963,1.290054090673e-06,1.2900642406735e-06,-1.9350056093942e-15,1.9349986998999e-15,-1.2900574275671e-06,-1.2900602397311e-06,-0.10246820069879,-0.10246825747052,-0.037309590416891,6.7401176044553e-19,-3.4454676914019e-19,32.910725265386,-8.3333510292161,360.31504224902,100000329.02407,-1.0445118313913e-13,0.003958444963576,-0.0054985895730811,-160.46567296335,-9.5330747074668e-07,-412.74153588566,360.38029743949
42.6165,1.5573088382451e-16,5.1910031337485e-17,5.791041008403e-38,0.0018086413230382,1.7312103459185,5.0125472339596,-9.0695575574992e-34,-9.8200015432887e-14,-2.3981349368791e-15,0.042331205263318,1.6791797345097e-15,-1.6791857963235e-15,-0.088920739649469,-0.088920690382158,1.1194950989927e-06,1.1195039070542e-06,-1.6791771073026e-15,1.6791711113176e-15,-1.1194979947136e-06,-1.1195004350794e-06,-0.088920805192839,-0.088920854458741,-0.032376862272006,1.8732631986477e-19,-9.8200015432887e-20,32.912553007427,-8.3371726710826,360.31504224902,100000329.02407,-1.0465241103473e-13,0.0038984027525742,-0.005398043254589,-156.40334019611,-9.2984393842379e-07,-402.45474562557,351.40654531153
42.7165,3.7210243204356e-17,1.2403349394251e-17,1.5175534877338e-38,0.0018086413230382,1.7312328189165,4.9464341451483,-2.4400995798178e-34,-2.7038647640325e-14,-2.0810757688142e-15,0.036734565759195,1.4571741578144e-15,-1.4571794181914e-15,-0.077164463843893,-0.07716442109025,9.7148583592711e-07,9.7149347946843e-07,-1.4571718779522e-15,1.4571666747008e-15,-9.7148834880266e-07,-9.7149046652586e-07,-0.077164520721726,-0.077164563474148,-0.028096293710731,5.0261894206998e-20,-2.7038647640325e-20,32.914380245732,-8.3409936649728,360.31504224902,100000329.02407,-1.0486057782423e-13,0.003838308576343,-0.0052975070446428,-152.33929370667,-9.0634362792904e-07,-392.15518525626,342.42123954507
42.8165,8.5738175028326e-18,2.8579236784594e-18,3.8334561507811e-39,0.0018086413230382,1.7312552713261,4.8794276049053,-6.3328957966102e-35,-7.179303923153e-15,-1.8059352244715e-15,0.031877862043437,1.2645201002394e-15,-1.2645246651381e-15,-0.066962493832003,-0.06696245673085,8.4304498541905e-07,8.430516184022e-07,-1.2645181217994e-15,1.2645136064736e-15,-8.430471660655e-07,-8.4304900380297e-07,-0.066962543189976,-0.066962580290069,-0.024381662239151,1.2995281663014e-20,-7.179303923153e-21,32.916204994575,-8.3448102373166,360.31504224902,100000329.02407,-1.0503405014423e-13,0.0037781623775229,-0.0051969809412097,-148.27353247954,-8.8279515407116e-07,-381.84284304548,333.42436857653
42.9165,1.9013142029853e-18,6.3376784661014e-19,9.3154722564143e-40,0.0018086413230382,1.7312777031249,4.8114902856157,-1.5823292313795e-35,-1.8346263962708e-15,-1.5671712120531e-15,0.02766326666611,1.0973369760466e-15,-1.0973409374167e-15,-0.058109333711852,-0.058109301515869,7.3158539338039e-07,7.31591149412e-07,-1.0973352591777e-15,1.0973313408264e-15,-7.3158728572197e-07,-7.3158888049083e-07,-0.058109376544171,-0.058109408739233,-0.021158144902114,3.2312163106023e-21,-1.8346263962708e-21,32.918028691263,-8.3486262286324,360.31504224902,100000329.02407,-1.0524221693376e-13,0.0037179640986529,-0.0050964649422586,-144.20605549775,-8.5920718060729e-07,-371.51770724869,324.41592083087
43.0165,4.0491885040355e-19,1.349721662371e-19,2.1727962456322e-40,0.0018086413230382,1.7313001142908,4.7425821871329,-3.7978873769545e-36,-4.5024342293827e-16,-1.3599743637576e-15,0.024005886015742,9.5225725456736e-16,-9.5226069220183e-16,-0.050426656344472,-0.050426628405144,6.3486195525082e-07,6.3486695027329e-07,-9.5225576468689e-16,9.5225236438369e-16,-6.3486359740454e-07,-6.3486498132785e-07,-0.0504266935139,-0.050426721452429,-0.018360811141909,7.7095235382587e-22,-4.5024342293827e-22,32.919850047327,-8.3524400965609,360.31504224902,100000329.02407,-1.0541568925373e-13,0.0036577136821695,-0.0049959590457576,-140.13686174276,-8.3556627949747e-07,-361.17976610897,315.39588472152
43.1165,8.2622234299892e-20,2.7540578993374e-20,4.852647432981e-41,0.0018086413230382,1.7313225048015,4.6726603609885,-8.7358414350523e-37,-1.0586732731557e-16,-1.1801711618061e-15,0.020832050327115,8.2635862881706e-16,-8.2636161195938e-16,-0.043759711351929,-0.043759687106479,5.5092639338047e-07,5.5093072800738e-07,-8.2635733591477e-16,8.2635438516814e-16,-5.5092781842386e-07,-5.5092901937765e-07,-0.043759743607159,-0.043759767851915,-0.015933314917186,1.7608811007393e-22,-1.0586732731557e-22,32.921669210725,-8.3562519399417,360.31504224902,100000329.02407,-1.0560997825547e-13,0.0035974110704069,-0.0048954632496774,-136.06595019456,-8.1188241152375e-07,-350.82900785703,306.3642486504
43.2165,1.6111089672576e-20,5.3703296938293e-21,1.0349835571158e-41,0.0018086413230382,1.7313448746346,4.6016785968966,-1.9206885840646e-37,-2.3788965422599e-17,-1.0241398722477e-15,0.018077829768369,7.1710515214785e-16,-7.1710774088674e-16,-0.037974208016551,-0.03797418697661,4.7808801332772e-07,4.7809177487045e-07,-7.1710403018111e-16,7.1710146955484e-16,-4.7808924996508e-07,-4.780902921399e-07,-0.037974236007293,-0.037974257046633,-0.013826759737796,3.8400351034397e-23,-2.3788965422599e-23,32.923486976738,-8.360061866867,360.31504224902,100000329.02407,-1.0576957278766e-13,0.0035370562055968,-0.0047949775519873,-131.99331983158,-7.8816000728431e-07,-340.46542071117,297.32100100785
43.3165,2.9938375798347e-21,9.9793939101013e-22,2.101957103407e-42,0.0018086413230382,1.7313672237677,4.5295870650527,-4.0249857542945e-38,-5.0940651570367e-18,-8.8873759321686e-16,0.015687746717314,6.2229615726664e-16,-6.2229840374647e-16,-0.03295361029434,-0.032953592036105,4.1487964859544e-07,4.1488291282187e-07,-6.2229518363594e-16,6.2229296155194e-16,-4.1488072173608e-07,-4.148816261242e-07,-0.032953634584406,-0.032953652842119,-0.011998713754194,7.9725017226018e-24,-5.0940651570367e-24,32.925303752941,-8.3638701976278,360.31504224902,100000329.02407,-1.0597773957719e-13,0.0034766490298672,-0.0046945019506578,-127.91896963074,-7.6438345512059e-07,-330.08899287728,288.26613017267
43.4165,5.2852024274148e-22,1.7617222743817e-22,4.0519854074516e-43,0.0018086413230382,1.7313895521785,4.4563319063616,-8.0144220621875e-39,-1.0362952297037e-18,-7.7123694819477e-16,0.01361365828863,5.400219287073e-16,-5.400238781784e-16,-0.028596789456621,-0.02859677361232,3.6002810783857e-07,3.6003094049924e-07,-5.4002108380103e-16,5.4001915550037e-16,-3.600290390985e-07,-3.6002982391681e-07,-0.02859681053528,-0.028596826379127,-0.010412355062592,1.5708541977768e-24,-1.0362952297037e-24,32.927117735017,-8.3676771615496,360.31504224902,100000329.02407,-1.0617202857891e-13,0.0034161894852433,-0.0045940364436607,-123.84289856743,-7.4056859964254e-07,-319.69971254878,279.19962451206
43.5165,8.8336914451326e-23,2.9445431788168e-23,7.38829431268e-44,0.0018086413230382,1.7314118598445,4.3818547610185,-1.5110864958673e-39,-1.9959502146497e-19,-6.6927114910019e-16,0.011813786602957,4.6862523587752e-16,-4.6862692760763e-16,-0.024815987077651,-0.024815973328137,3.1242852926781e-07,3.1243098742034e-07,-4.6862450267693e-16,4.6862282931831e-16,-3.1242933740518e-07,-3.1243001846209e-07,-0.024816005369485,-0.024816019118606,-0.0090357300099425,2.9271578787086e-25,-1.9959502146497e-25,32.928930314828,-8.3714805017636,360.31504224902,100000329.02407,-1.0637325647455e-13,0.0033556775136474,-0.0044935810289676,-119.76510561548,-7.1670881771801e-07,-309.29756790666,270.12147238161
43.6165,1.3926139504609e-23,4.6420126190214e-24,1.2693249589611e-44,0.0018086413230382,1.7314341467433,4.3060922237152,-2.6876269480785e-40,-3.6259667515897e-20,-5.807863226293e-16,0.010251877264818,4.0666795184959e-16,-4.0666941991483e-16,-0.021535047337126,-0.021535035405445,2.711221256764e-07,2.711242588348e-07,-4.0666731558598e-16,4.0666586346332e-16,-2.7112282696935e-07,-2.7112341798323e-07,-0.021535063210584,-0.021535075141923,-0.0078411095589602,5.1386970640527e-26,-3.6259667515897e-26,32.930740816167,-8.3752828278875,360.31504224902,100000329.02407,-1.0660223994579e-13,0.0032951130568969,-0.0043931357045515,-115.6855897472,-6.9279704171011e-07,-298.8825471194,261.03166212527
43.7165,2.0620973720602e-24,6.8736055906911e-25,2.0459372363977e-45,0.0018086413230382,1.7314564128524,4.2289752110092,-4.4904163367704e-41,-6.1871099369574e-21,-5.0400013956492e-16,0.0088964690987883,3.5290208550519e-16,-3.5290335947646e-16,-0.018687883031254,-0.01868787267707,2.3527687181308e-07,2.3527872294505e-07,-3.5290153336246e-16,3.52900273226e-16,-2.3527748038757e-07,-2.3527799326308e-07,-0.01868789680607,-0.018687907159959,-0.0068044307485907,8.462559457087e-27,-6.1871099369574e-27,32.932550125748,-8.379082847729,360.31504224902,100000329.02407,-1.0678959005362e-13,0.0032344960567061,-0.0042927004683851,-111.60434993338,-6.6884459543013e-07,-288.45463834299,251.93018207538
43.8165,2.8546595272447e-25,9.5154561387549e-26,3.0791622337455e-46,0.0018086413230382,1.7314786581491,4.1504282229023,-7.0147651825681e-42,-9.8700319761762e-22,-4.3736591373483e-16,0.0077202604343804,3.0624464354146e-16,-3.0624574908006e-16,-0.01621714439363,-0.01621713540838,2.0417074509152e-07,2.0417235148398e-07,-3.0624416439792e-16,3.0624307086502e-16,-2.0417127320594e-07,-2.041717182738e-07,-0.016217156347268,-0.016217165332261,-0.0059048119994011,1.3011524988692e-27,-9.8700319761762e-28,32.934356985526,-8.3828811177343,360.31504224902,100000329.02407,-1.0696306237364e-13,0.0031738264546845,-0.0041922753184426,-107.52138514323,-6.4485792628714e-07,-278.01382972088,242.81702055256
43.9165,3.6754131822388e-26,1.2251275475577e-26,4.3041018417121e-47,0.0018086413230382,1.731500882611,4.0703684761673,-1.0192560882699e-42,-1.464387377638e-22,-3.7954144747308e-16,0.0066995591748615,2.6575581598953e-16,-2.6575677536406e-16,-0.01407306391227,-0.014073056114966,1.7717718205785e-07,1.7717857606799e-07,-2.657554001939e-16,2.6575445123778e-16,-1.7717764034987e-07,-1.7717802657499e-07,-0.014073074285508,-0.014073082082589,-0.0051241325007963,1.8579186012116e-28,-1.464387377638e-28,32.936162520807,-8.3866770252482,360.31504224902,100000329.02407,-1.0715041248145e-13,0.0031131041923374,-0.0040918602526982,-103.43669434441,-6.2080083958108e-07,-267.56010938396,233.69216586579
44.0165,4.3755213818845e-27,1.4584944364923e-27,5.5545797895472e-48,0.0018086413230382,1.7315230862154,3.9887048810991,-1.3694857840936e-43,-2.0089317006223e-23,-3.2936199604548e-16,0.0058138055728781,2.3062004584154e-16,-2.3062087837646e-16,-0.012212453874223,-0.012212447107806,1.5375245766913e-07,1.5375366737618e-07,-2.3061968501856e-16,2.3061886152462e-16,-1.5375285537004e-07,-1.5375319053205e-07,-0.012212462876008,-0.012212469642231,-0.0044466672077586,2.4491251212139e-29,-2.0089317006223e-29,32.937965622651,-8.3904707532126,360.31504224902,100000329.02407,-1.0732388480149e-13,0.0030523292110651,-0.0039914552691266,-99.350276503065,-5.9672997853235e-07,-257.09346545058,224.5556063123
44.1165,4.7848612098466e-28,1.59493917956e-28,6.5738614206866e-49,0.0018086413230382,1.7315452689397,3.9053368256632,-1.6903461279588e-44,-2.5315717765708e-24,-2.8581680646818e-16,0.0050451581002608,2.0012960147616e-16,-2.0013032394103e-16,-0.010597836445551,-0.010597830573727,1.3342473316672e-07,1.3342578293751e-07,-2.0012928835784e-16,2.0012857373864e-16,-1.3342507828729e-07,-1.3342536913729e-07,-0.010597844257204,-0.010597850128859,-0.0038587700949348,2.9605155922603e-30,-2.5315717765708e-30,32.939767714908,-8.3942630302727,360.31504224902,100000329.02407,-1.0751817380324e-13,0.0029915014521632,-0.0038910603657037,-95.262130583735,-5.7259339452217e-07,-246.61388602645,215.40733017764
44.2165,4.7708047567155e-29,1.5902530002322e-29,7.0808924749906e-50,0.0018086413230382,1.7315674307611,3.8201527207879,-1.9023949231509e-45,-2.9086942062518e-25,-2.4802875814606e-16,0.0043781340702843,1.7367032098556e-16,-1.7367094793283e-16,-0.0091966887640588,-0.0091966836685532,1.1578455193815e-07,1.1578546291798e-07,-1.7367004926485e-16,1.7366942912597e-16,-1.1578485143008e-07,-1.1578510382658e-07,-0.009196695542927,-0.0091967006382869,-0.0033485992879302,3.2568458452325e-31,-2.9086942062518e-31,32.941567348254,-8.3980536076621,360.31504224902,100000329.02407,-1.0767082944155e-13,0.0029306208568216,-0.0037906755404055,-91.172255549431,-5.4840869006737e-07,-236.12135920471,206.24732573557
44.3165,4.3004822460236e-30,1.4334796061648e-30,6.8817018604586e-51,0.0018086413230382,1.7315895716569,3.733028246816,-1.9357512814185e-46,-3.0214059807166e-26,-2.1523669523725e-16,0.0037992977735215,1.5070924125545e-16,-1.5070978531356e-16,-0.0079807878388679,-0.0079807834170429,1.0047659192817e-07,1.004773824667e-07,-1.5070900545913e-16,1.5070846730927e-16,-1.0047685182406e-07,-1.0047707085104e-07,-0.007980793721497,-0.0079807981431956,-0.0029058785351958,3.2325585660491e-32,-3.0214059807166e-32,32.94336615332,-8.4018403359105,360.31504224902,100000329.02407,-1.0786511844331e-13,0.0028696873661252,-0.0036903007912091,-87.080650361603,-5.2418117524576e-07,-225.61587306584,197.07558124812
44.4165,3.470835726331e-31,1.156932913987e-31,5.9750771699855e-52,0.0018086413230382,1.7316116916044,3.6438242224709,-1.7636287223993e-47,-2.8100332971677e-27,-1.8678009486856e-16,0.0032969898454818,1.3078386261336e-16,-1.3078433474115e-16,-0.0069256420612969,-0.0069256382240845,8.7192508469465e-08,8.7193194490317e-08,-1.3078365799185e-16,1.3078319099117e-16,-8.7192734004326e-08,-8.719292407359e-08,-0.0069256471661793,-0.0069256510032819,-0.0025216902158906,2.8662739962589e-33,-2.8100332971677e-33,32.945162100817,-8.4056273434496,360.31504224902,100000329.02407,-1.0806634633897e-13,0.0028087009210524,-0.003589936116092,-82.987313980125,-4.9991847043572e-07,-215.09741567767,187.8920849655
44.5165,2.4802223357824e-32,8.2673146039479e-33,4.5822381562346e-53,0.0018086413230382,1.7316337905808,3.5523839919973,-1.4227175165049e-48,-2.3139473738222e-28,-1.6208576237734e-16,0.0028610924147529,1.1349283280565e-16,-1.1349324251308e-16,-0.0060099978761004,-0.0060099945462087,7.5664723367934e-08,7.5665318689469e-08,-1.1349265523729e-16,1.1349224997911e-16,-7.5664919084666e-08,-7.5665084024734e-08,-0.0060100023060626,-0.0060100056358591,-0.0021882957143251,2.2447135153893e-34,-2.3139473738222e-34,32.946957704012,-8.409412460894,360.31504224902,100000329.02407,-1.0828839091632e-13,0.0027476614624768,-0.003489581513032,-78.892245363302,-4.756026986536e-07,-204.56597509534,178.69682512613
44.6165,1.5490266511376e-33,5.163360449333e-34,3.0630424026282e-54,0.0018086413230382,1.7316558685632,3.4585301902342,-1.0031206924877e-49,-1.6653563615737e-29,-1.406562855851e-16,0.0024828253010771,9.848786265267e-17,-9.8488218192384e-17,-0.0052154116760646,-0.0052154087864203,6.5661035137565e-08,6.5661551751206e-08,-9.8487708560756e-17,9.8487356882055e-17,-6.5661204978445e-08,-6.5661348111667e-08,-0.0052154155203382,-0.0052154184098999,-0.0018989795428311,1.5322648115762e-35,-1.6653563615737e-35,32.948750754235,-8.4131943161211,360.31504224902,100000329.02407,-1.0842716876683e-13,0.0026865689311637,-0.0033892369800076,-74.79544346785,-4.5123255349359e-07,-194.02153936129,169.48978995663
44.7165,8.3283706900626e-35,2.7760882649094e-35,1.7573328474204e-55,0.0018086413230382,1.7316779255287,3.3620606944239,-6.0887608310303e-51,-1.031795739909e-30,-1.2206001554004e-16,0.0021545691582288,8.5466710541113e-17,-8.5467019074663e-17,-0.0045258782967291,-0.0045258757891268,5.6979941820069e-08,5.6980390131844e-08,-8.5466576821803e-17,8.54662716388e-17,-5.6980089206163e-08,-5.6980213415637e-08,-0.0045258816327485,-0.0045258841402791,-0.0016479140732601,8.976847999368e-37,-1.031795739909e-36,32.950541779097,-8.4169742334943,360.31504224902,100000329.02407,-1.0865615223812e-13,0.0026254232677732,-0.0032889025149985,-70.696907248939,-4.2681566623056e-07,-183.46409650524,160.27096767174
44.8165,3.7864960222436e-36,1.2621482131693e-36,8.4969544048133e-57,0.0018086413230382,1.7316999614545,3.2627434979664,-3.1252609186871e-52,-5.4057572634503e-32,-1.0592237191291e-16,0.0018697119993004,7.4167094441666e-17,-7.416736218377e-17,-0.0039275086280935,-0.0039275064520231,4.9446582177944e-08,4.9446971218093e-08,-7.4166978401484e-17,7.4166713566948e-17,-4.9446710078015e-08,-4.9446817865664e-08,-0.0039275115230554,-0.0039275136990636,-0.0014300421524289,4.4321727229764e-38,-5.4057572634502e-38,32.952331553063,-8.4207525357783,360.31504224902,100000329.02407,-1.0885738013378e-13,0.0025642244128583,-0.0031885781159842,-66.596635660146,-4.023619745552e-07,-172.89363454417,151.04034647436
44.9165,1.4251418989632e-37,4.7504039396892e-38,3.3881013774168e-58,0.0018086413230382,1.7317219763175,3.1603101329766,-1.327972164922e-53,-2.3445659191189e-33,-9.1918297912863e-17,0.0016225160129934,6.4361408823298e-17,-6.4361641167023e-17,-0.0034082498495148,-0.0034082479611442,4.2909213505357e-08,4.2909551110224e-08,-6.4361308124872e-17,6.4361078304304e-17,-4.2909324495667e-08,-4.2909418032632e-08,-0.0034082523617316,-0.0034082542500482,-0.0012409752370631,1.8046420129395e-39,-2.3445659191189e-39,32.954118660263,-8.4245289313267,360.31504224902,100000329.02407,-1.0908636360508e-13,0.0025029723068648,-0.0030882637809451,-62.494627653455,-3.7786616449414e-07,-162.31014148229,141.79791455552
45.0165,4.3282468223511e-39,1.4427263775866e-39,1.0854091540859e-59,0.0018086413230382,1.7317439700948,3.0544471055241,-4.5532728665933e-55,-8.2054348771594e-35,-7.9765712744274e-17,0.0014080019882234,5.5852140048142e-17,-5.5852341673533e-17,-0.0029576426525525,-0.0029576410138448,3.7236155110223e-08,3.7236448080105e-08,-5.5852052663128e-17,5.5851853227304e-17,-3.7236251426423e-08,-3.7236332596798e-08,-0.0029576448326273,-0.0029576464712882,-0.0010769049963933,5.903515273778e-41,-8.2054348771594e-41,32.955904800006,-8.4283033173302,360.31504224902,100000329.02407,-1.092390192434e-13,0.0024416668901313,-0.0029879595078626,-58.390882179262,-3.5331258739794e-07,-151.71360531101,132.54366009435
45.1165,1.0281752139082e-40,3.4271927679883e-41,2.706213975313e-61,0.0018086413230382,1.7317659427634,2.9447845563487,-1.2211086522339e-56,-2.2461661970406e-36,-6.9219829719146e-17,0.0012218490190328,4.8467887900366e-17,-4.8468062868718e-17,-0.0025666105615594,-0.0025666091395065,3.2313135900743e-08,3.2313390136863e-08,-4.8467812068589e-17,4.846763900032e-17,-3.2313219482908e-08,-3.2313289921688e-08,-0.002566612453405,-0.0025666138754173,-0.00093452660183738,1.5030284579153e-42,-2.2461661970406e-42,32.957689152815,-8.4320761148826,360.31504224902,100000329.02407,-1.0948188050249e-13,0.0023803081028881,-0.0028876652947182,-54.285398186374,-3.2871637917145e-07,-141.10401400891,123.27757125808
45.2165,1.8382710052893e-42,6.1274573824075e-43,5.0489593317199e-63,0.0018086413230382,1.7317878943001,2.8308809624265,-2.4646893162742e-58,-4.627744543194e-38,-6.0068225575926e-17,0.0010603074695904,4.2059913111612e-17,-4.2060064947271e-17,-0.0022272771083495,-0.0022272758743072,2.8040992649459e-08,2.8041213272836e-08,-4.205984730561e-17,4.2059697118823e-17,-2.8041065181165e-08,-2.8041126307183e-08,-0.0022272787500728,-0.0022272799840798,-0.00081097215860883,2.8635513567978e-44,-4.627744543194e-44,32.959472663039,-8.4358461545765,360.31504224902,100000329.02407,-1.0966229171645e-13,0.0023188958852585,-0.0027873811394943,-50.178174622009,-3.0406772469987e-07,-130.48135554178,113.99963620206
45.3165,2.3570063276795e-44,7.8565297011894e-45,6.7096281489386e-65,0.0018086413230382,1.731809824682,2.7122020461312,-3.5674903739656e-60,-6.8376293999344e-40,-5.2126561687313e-17,0.0009201234461514,3.6499141340611e-17,-3.6499273101967e-17,-0.0019328071783371,-0.0019328061074484,2.4333672571499e-08,2.4333864026098e-08,-3.6499084234868e-17,3.6498953904387e-17,-2.4333735513735e-08,-2.4333788558237e-08,-0.0019328086030069,-0.0019328096738649,-0.00070375293838143,3.8861168818151e-46,-6.8376293999344e-46,32.961252484143,-8.439613988644,360.31504224902,100000329.02407,-1.0986351961211e-13,0.0022574301772572,-0.0026871070401737,-46.069210431792,-2.7937808809979e-07,-119.84561786253,104.70984306968
45.4165,2.0374692869172e-46,6.7914135776883e-47,5.9629825831185e-67,0.0018086413230382,1.7318317338857,2.5880909621529,-3.4811169751072e-62,-6.8111540626798e-42,-4.5234870970289e-17,0.00079847325463491,3.1673563258839e-17,-3.167367759993e-17,-0.001677269332418,-0.0016772684031123,2.1116499983403e-08,2.111666612565e-08,-3.1673513703088e-17,3.1673400603694e-17,-2.1116554604e-08,-2.111660063545e-08,-0.0016772705687312,-0.0016772714980103,-0.00061070924941504,3.5271142641472e-48,-6.8111540626798e-48,32.963031671287,-8.443380144234,360.31504224902,100000329.02407,-1.1007862529562e-13,0.0021959109187899,-0.0025868429947401,-41.95850455972,-2.5464304593379e-07,-109.19678891117,95.408179992499
45.5165,1.095263756717e-48,3.6507889715721e-49,3.2634922296963e-69,0.0018086413230382,1.7318536218882,2.4577249011402,-2.1122094082754e-64,-4.2192278460935e-44,-3.9254335706487e-17,0.00069290652361266,2.7485978372742e-17,-2.7486077596713e-17,-0.0014555163313758,-0.0014555155249343,1.8324672128256e-08,1.8324816304716e-08,-2.7485935368793e-17,2.7485837222352e-17,-1.8324719527425e-08,-1.8324759473023e-08,-0.0014555174042351,-0.0014555182106536,-0.00052996693438875,1.9715711373067e-50,-4.2192278460935e-50,32.964809180312,-8.4471457155514,360.31504224902,100000329.02407,-1.1029373097911e-13,0.0021343380496546,-0.0024865890011772,-37.846055948207,-2.2985972649721e-07,-98.534856614852,86.094635090174
45.616499999999,3.284998659989e-51,1.0949690689119e-51,9.8459839235103e-72,0.0018086413230382,1.7318754886662,2.3200496807608,-7.1497972931508e-67,-1.4582561732529e-46,-3.4064491369273e-17,0.00060129684704907,2.385203713687e-17,-2.3852123242368e-17,-0.0012630814562426,-0.0012630807564213,1.5901953868871e-08,1.5902078983656e-08,-2.3851999818504e-17,2.3851914648076e-17,-1.5901995001361e-08,-1.5902029665723e-08,-0.0012630823872584,-0.0012630830870597,-0.00045989961968716,6.0759484793725e-53,-1.4582561732529e-52,32.966584657851,-8.4509068247518,360.31504224902,100000329.02407,-1.1049495887482e-13,0.0020727115095394,-0.0023863450574702,-33.731863538044,-2.0501975551796e-07,-87.859808887757,76.769196470602
45.716499999999,4.7292304567579e-54,1.5763599796654e-54,1.4043180714604e-74,0.0018086413230382,1.7318973341965,2.1736769127811,-1.1614887553945e-69,-2.4192073678585e-49,-2.9560800134888e-17,0.00052179895260051,2.0698541920662e-17,-2.069861664209e-17,-0.0010960885362214,-0.0010960879289239,1.3799544956539e-08,1.3799653529807e-08,-2.0698509536185e-17,2.0698435626201e-17,-1.3799580650872e-08,-1.3799610732234e-08,-0.0010960893441469,-0.0010960899514269,-0.00039909595573607,8.8536220588315e-56,-2.4192073678585e-55,32.968358524383,-8.4546680955374,360.31504224902,100000329.02407,-1.1068924787658e-13,0.0020110312380232,-0.0022861111616042,-29.615926268416,-1.801374162168e-07,-77.171633631155,67.431852230056
45.816499999999,2.6294189336243e-57,8.7644047511694e-58,7.5835573377522e-78,0.0018086413230382,1.7319191584558,2.0167136851327,-7.2851321748289e-73,-1.5499791106508e-52,-2.5652545201454e-17,0.00045281153272499,1.7961972605651e-17,-1.7962037448104e-17,-0.0009511738718814,-0.00095117334487522,1.1975097059004e-08,1.1975191277721e-08,-1.7961944502749e-17,1.7961880364458e-17,-1.1975128034164e-08,-1.1975154138446e-08,-0.0009511745729905,-0.00095117509998161,-0.00034633118851726,4.8858899623223e-59,-1.5499791106508e-58,32.970130571336,-8.4584270265363,360.31504224902,100000329.02407,-1.1091823134786e-13,0.0019492971745758,-0.0021858873115652,-25.498243076894,-1.5521095845493e-07,-66.470318733331,58.082590453526
45.916499999999,4.0545512543353e-61,1.3514571726779e-61,1.105610934299e-81,0.0018086413230382,1.7319409614207,1.8464611610781,-1.2667569041129e-76,-2.754174358603e-56,-2.2261003501593e-17,0.00039294498991786,1.558720711453e-17,-1.5587263384115e-17,-0.00082541848094571,-0.00082541802361541,1.0391860747888e-08,1.039194250988e-08,-1.5587182727133e-17,1.5587127068613e-17,-1.0391887627799e-08,-1.0391910280815e-08,-0.00082541908936068,-0.00082541954667791,-0.00030054248963399,7.2823481443161e-63,-2.754174358603e-62,32.971900892675,-8.4621827624819,360.31504224902,100000329.02407,-1.1111945924359e-13,0.0018875092585576,-0.0020856735053396,-21.37881289942,-1.3024201817026e-07,-55.75585206958,48.721399215463
46.016499999999,1.0092986287438e-65,3.3641438655779e-66,2.5034552383774e-86,0.0018086413230382,1.7319627430678,1.6588325756694,-3.5533078871887e-81,-7.9004062983447e-61,-1.9317860002049e-17,0.00034099344637346,1.3526411100016e-17,-1.3526459930158e-17,-0.00071628930191187,-0.00071628890504553,9.0179452635244e-09,9.0180162157037e-09,-1.3526389936895e-17,1.3526341637028e-17,-9.0179685896228e-09,-9.0179882476674e-09,-0.00071628982988784,-0.00071629022674283,-0.0002608075480066,1.6870291854529e-67,-7.9004062983447e-67,32.973670107108,-8.465937490814,360.31504224902,100000329.02407,-1.1135538160882e-13,0.0018256674292174,-0.0019854697409146,-17.257634670299,-1.0520636051337e-07,-45.028221502166,39.34826658164
46.116499999999,1.5255902937906e-71,5.084934537654e-72,3.2408769417942e-92,0.0018086413230382,1.7319845033738,1.4470847142576,-6.0438822742263e-87,-1.3760872043617e-66,-1.6763831649911e-17,0.00029591045426984,1.1738074428746e-17,-1.173811680302e-17,-0.00062158817118505,-0.00062158782678871,7.8256761468297e-09,7.8257377183697e-09,-1.1738056063617e-17,1.173801414951e-17,-7.8256963889677e-09,-7.8257134480078e-09,-0.00062158862935694,-0.00062158897374344,-0.00022632599197556,2.2375188956992e-73,-1.3760872043617e-72,32.975437337197,-8.4696903272485,360.31504224902,100000329.02407,-1.1156354839841e-13,0.0017637716256957,-0.0018852760162781,-13.134707322247,-8.014729302132e-08,-34.287414880357,29.963180614495
46.216499999999,1.7774596507587e-79,5.9242485286457e-80,2.905410401062e-100,0.0018086413230382,1.7320062423152,1.1985010579961,-7.8986760299384e-95,-1.8474793091471e-74,-1.4547473247903e-17,0.00025678791741435,1.0186175052348e-17,-1.0186211824288e-17,-0.00053940754598163,-0.00053940724711818,6.7910377991278e-09,6.7910912302496e-09,-1.0186159115285e-17,1.0186122742673e-17,-6.7910553650379e-09,-6.79107016869e-09,-0.00053940794357828,-0.00053940824243319,-0.00019640326760184,2.0617952945539e-81,-1.8474793091471e-80,32.977201806039,-8.4734406266803,360.31504224902,100000329.02407,-1.1179253186974e-13,0.0017018217870204,-0.0017850923294182,-9.0100297863037,-5.5027820056213e-08,-23.533420040312,20.566129393373
46.316499999999,4.9533746583891e-92,1.6508175166551e-92,4.8703380916232e-113,0.0018086413230382,1.7320279598685,0.88248363139571,-2.4428105502659e-107,-5.9324092845864e-87,-1.2624141205783e-17,0.00022283779967392,8.8394534237211e-18,-8.839485334016e-18,-0.00046809208113985,-0.00046809182178935,5.8931897415491e-09,5.8932361085034e-09,-8.8394395937093e-18,8.839408029947e-18,-5.8932049850575e-09,-5.8932178315079e-09,-0.00046809242616996,-0.00046809268551304,-0.00017043664842898,3.5913678034072e-94,-5.9324092845864e-93,32.978966409635,-8.4771889287151,360.31504224902,100000329.02407,-1.1199375976546e-13,0.0016398178521097,-0.001684918678324,-4.8836009918901,-2.9854779815649e-08,-12.766224805129,11.157101137117
46.416499999999,7.6482932571012e-125,2.5472758918432e-125,1.1405724201121e-146,0.0018086413230382,1.7320496560101,0.34809752867265,-3.6981043687758e-140,-1.054857597218e-119,-1.0955092058873e-17,0.000193376212277,7.6707812775905e-18,-7.6708089689963e-18,-0.00040620520297786,-0.00040620497791632,5.1140457862986e-09,5.1140860230358e-09,-7.6707692760571e-18,7.6707418853683e-18,-5.1140590144488e-09,-5.1140701624584e-09,-0.00040620550239122,-0.00040620572744632,-0.00014790306528427,9.9293474101751e-128,-1.054857597218e-125,32.980727681193,-8.4809358851812,360.31504224902,100000329.02407,-1.1222968213069e-13,0.00157775975977,-0.0015847550609853,-0.75541986680037,-4.6370040562099e-09,-1.9858169848031,1.7360883232664
46.516499999999,8.1344163140302e-105,2.7123869634078e-105,7.9453026084222e-126,0.0018086413230382,1.7320713349236,0,5.768246945818e-120,1.2943608426809e-99,-9.5067081883422e-18,0.0001678097464453,6.6566194780253e-18,-6.6566435083222e-18,-0.00035250039968119,-0.00035250020437527,4.4379125881271e-09,4.4379475051243e-09,-6.6566090632268e-18,6.6565852938889e-18,-4.4379240673701e-09,-4.43793374149e-09,-0.0003525006595088,-0.00035250085480914,-0.00012834865000683,5.405637897189e-107,1.2943608426809e-105,9.7781565529909e-13,0,360.31504224902,100000329.02407,-1.125280545626e-13,0.0015156547135718,-0.0014846014753921,3.37403165772,1.0442278949767e-08,8.8052907311803,7.6946672889124
46.616499999999,6.8133454746626e-86,2.2714364772259e-86,1.6192560693703e-106,0.0018086413230382,1.73209300642,0,5.28595048919e-101,1.2490793748219e-80,-8.249819369086e-18,0.00014562349754708,5.7765429646604e-18,-5.7765638178943e-18,-0.00030589606489305,-0.00030589589540867,3.8511729299462e-09,3.8512032305417e-09,-5.7765339268101e-18,5.7765133000336e-18,-3.8511828915101e-09,-3.8511912866076e-09,-0.00030589629036867,-0.0003058964598482,-0.00011137958142985,1.1611672663899e-87,1.2490793748219e-86,9.7645749106603e-13,0,360.31504224902,100000329.02407,-1.1293744930421e-13,0.0014535196401319,-0.0013844579195351,7.5036261388795,2.3240529109498e-08,19.60120843576,17.129846373533
46.716499999999,5.5842884481256e-76,1.8615967191952e-76,2.3215813098635e-96,0.0018086413230382,1.7321146708675,0,4.8882998473205e-91,1.1796706375934e-70,-7.159104736801e-18,0.0001263705087878,5.0128220086371e-18,-5.0128401048497e-18,-0.0002654533231783,-0.00026545317610158,3.3420065496625e-09,3.3420328441942e-09,-5.0128141656876e-18,5.0127962659923e-18,-3.3420151942008e-09,-3.3420224793763e-09,-0.00026545351884363,-0.00026545366591615,-9.6654005781671e-05,1.7008789078831e-77,1.1796706375934e-76,9.7702384940303e-13,0,360.31504224902,100000329.02407,-1.1328439400068e-13,0.0013913551647822,-0.0012843243914055,11.633320710003,3.6061080796696e-08,30.401711849132,26.569256077623
46.816499999999,3.1425242535682e-69,1.0475772191112e-69,2.0092887221303e-89,0.0018086413230382,1.732136328257,0,3.1223198740813e-84,7.6497445709814e-64,-6.2125942810995e-18,0.00010966297170636,4.3500731569049e-18,-4.350088860604e-18,-0.00023035754582539,-0.00023035741819378,2.9001574276601e-09,2.9001802457726e-09,-4.3500663508774e-18,4.3500508177138e-18,-2.9001649292977e-09,-2.9001712512948e-09,-0.00023035771562165,-0.00023035784324961,-8.3875309223772e-05,1.4949514922878e-70,7.6497445709814e-70,9.7648219619921e-13,0,360.31504224902,100000329.02407,-1.1367991095447e-13,0.0013291612613311,-0.0011842008889958,15.763115830726,4.8895898371496e-08,41.20680297985,36.012897986013
46.916499999999,4.122945326824e-64,1.3743869410355e-64,3.7842458816173e-84,0.0018086413230382,1.7321579785794,0,4.6596748102102e-79,1.1565266162799e-58,-5.3912226626812e-18,9.5164350281003e-05,3.7749468139542e-18,-3.7749604414558e-18,-0.00019990180677848,-0.00019990169602114,2.5167255001524e-09,2.5167453014656e-09,-3.7749409077565e-18,3.7749274282439e-18,-2.516732009993e-09,-2.5167374961543e-09,-0.00019990195412586,-0.00019990206488003,-7.2786093452503e-05,2.8530278492723e-65,1.1565266162799e-64,9.772647515434e-13,0,360.31504224902,100000329.02407,-1.1404073343873e-13,0.0012669379035507,-0.0010840874102978,19.893011961099,6.1740374125554e-08,52.016483838569,45.460774038798
47.016499999999,5.4219788838265e-60,1.8074046255671e-60,6.8431120266753e-80,0.0018086413230382,1.7321796218255,0,6.977548111085e-75,1.7526198455813e-54,-4.6784451846521e-18,8.2582602162695e-05,3.2758583440289e-18,-3.2758701698286e-18,-0.00017347264319091,-0.00017347254707688,2.1839873872736e-09,2.1840045706408e-09,-3.2758532186939e-18,3.2758415213175e-18,-2.1839930364434e-09,-2.1839977972754e-09,-0.00017347277105738,-0.00017347286716867,-6.3162990981558e-05,5.2223773522957e-61,1.7526198455813e-60,9.7719430479856e-13,0,360.31504224902,100000329.02407,-1.1440155592301e-13,0.0012046850651725,-0.00098398395330503,24.02300956162,7.4610272345194e-08,62.830756438078,54.912886227475
47.116499999999,1.5069977595656e-56,5.0235120922958e-57,2.5395270129806e-76,0.0018086413230382,1.7322012579863,0,2.2095454276346e-71,5.6133938079928e-51,-4.0599045365544e-18,7.1664296134257e-05,2.8427547245104e-18,-2.8427649868125e-18,-0.00015053769858612,-0.0001505376151794,1.8952408228395e-09,1.8952557343812e-09,-2.8427502767997e-18,2.8427401259419e-18,-1.8952457251285e-09,-1.8952498565274e-09,-0.00015053780954728,-0.00015053789295162,-5.4812165902814e-05,1.9606655194739e-57,5.6133938079928e-57,9.7764098429536e-13,0,360.31504224902,100000329.02407,-1.1472768393779e-13,0.0011424027198945,-0.00088389051601201,28.153109093199,8.7493795470681e-08,73.649622793262,64.369236558572
47.216499999999,1.3652804867231e-53,4.5510825377256e-54,3.0068481006931e-73,0.0018086413230382,1.7322228870526,0,2.2814437954045e-68,5.860281725872e-48,-3.5231415984114e-18,6.2189507304463e-05,2.4669120502284e-18,-2.4669209557441e-18,-0.00013063499972539,-0.00013063492734593,1.6446696521638e-09,1.6446825922397e-09,-2.4669081905528e-18,2.4668993817473e-18,-1.6446739063176e-09,-1.6446774915012e-09,-0.00013063509601629,-0.00013063516839368,-4.7565409494855e-05,2.3477064514344e-54,5.860281725872e-54,9.7715522127353e-13,0,360.31504224902,100000329.02407,-1.1513707867938e-13,0.001080090841375,-0.00078380709641227,32.283311017175,1.0038620898747e-07,84.473084921128,73.829827045191
47.316499999999,5.3028025122323e-51,1.7676518343677e-51,1.5016844060412e-70,0.0018086413230382,1.7322445090151,0,1.0101622585766e-65,2.622927187079e-45,-3.0573444795801e-18,5.3967387212264e-05,2.1407598098743e-18,-2.1407675379852e-18,-0.0001133636511886,-0.00011336358837848,1.4272266786107e-09,1.4272379078698e-09,-2.1407564604892e-18,2.1407488163023e-18,-1.4272303703198e-09,-1.4272334815036e-09,-0.00011336373474881,-0.00011336379755713,-4.1276752033933e-05,1.1854709518418e-51,2.622927187079e-51,9.7763708836205e-13,0,360.31504224902,100000329.02407,-1.155395345271e-13,0.001017749403235,-0.00068373369250068,36.413615795341,1.1330183467681e-07,95.301144840836,83.294659704327
47.416499999999,1.0618265188827e-48,3.5395137881292e-49,3.8173087385239e-68,0.0018086413230382,1.7322661238648,0,2.3062513895336e-63,6.052277583706e-43,-2.6531307373605e-18,4.6832319610763e-05,1.8577283949578e-18,-1.8577351013296e-18,-9.8375760231377e-05,-9.837570572543e-05,1.2385319990907e-09,1.2385417437212e-09,-1.8577254883974e-18,1.857718854854e-18,-1.2385352027162e-09,-1.2385379025681e-09,-9.8375832744031e-05,-9.837588724842e-05,-3.5819522559878e-05,3.0463433874828e-49,6.052277583706e-49,9.7707294678333e-13,0,360.31504224902,100000329.02407,-1.1590729590528e-13,0.00095537837905787,-0.0005836703022731,40.544023889889,1.2624112411184e-07,106.13380457364,92.763736555797
47.516499999999,1.2483825180673e-46,4.1613736755426e-47,5.6390042249867e-66,0.0018086413230382,1.7322877315924,0,3.0918507841834e-61,8.1996944458799e-41,-2.3023583886413e-18,4.0640584497784e-05,1.6121167697161e-18,-1.6121225894336e-18,-8.5369429262654e-05,-8.5369381962977e-05,1.0747847806942e-09,1.07479323698e-09,-1.6121142474342e-18,1.6121084909164e-18,-1.074787560766e-09,-1.0747899036686e-09,-8.5369492188357e-05,-8.5369539486681e-05,-3.1083797372497e-05,4.5486465618895e-47,8.1996944458799e-47,9.7739880294871e-13,0,360.31504224902,100000329.02407,-1.1627505728345e-13,0.00089297774238876,-0.00048361692372582,44.674535763454,1.3918346734768e-07,116.97106614294,102.23705962181
47.616499999999,9.4779616643304e-45,3.1593893702533e-45,5.3337275313702e-64,0.0018086413230382,1.7323093321888,0,2.6769562162427e-59,7.1738093337984e-39,-1.9979619078328e-18,3.5267463197401e-05,1.39897763648e-18,-1.3989826867684e-18,-7.4082674791943e-05,-7.4082633745791e-05,9.326867014013e-10,9.3269403967539e-10,-1.3989754476708e-18,1.3989704522265e-18,-9.326891139178e-10,-9.3269114706352e-10,-7.4082729398193e-05,-7.4082770443171e-05,-2.6974185864128e-05,4.3484105559051e-45,7.1738093337984e-45,9.7825074440598e-13,0,360.31504224902,100000329.02407,-1.1665669644947e-13,0.00083054746673475,-0.00038357355485577,48.805151879119,1.5214665755409e-07,127.81293157427,111.71463092672
47.716499999999,4.9923758432347e-43,1.6641588407815e-43,3.4752981536214e-62,0.0018086413230382,1.7323309256447,0,1.6081185633858e-57,4.3543885290595e-37,-1.7338099076342e-18,3.0604726180744e-05,1.2140177834115e-18,-1.2140221659976e-18,-6.4288150357e-05,-6.428811473759e-05,8.0937551275055e-10,8.0938188082608e-10,-1.2140158839863e-18,1.2140115489933e-18,-8.0937760630649e-10,-8.0937937064853e-10,-6.4288197743718e-05,-6.4288233362109e-05,-2.3407909088878e-05,2.8634018087814e-43,4.3543885290595e-43,9.7874669476173e-13,0,360.31504224902,100000329.02407,-1.1700364114592e-13,0.00076808752556604,-0.00028354019366002,52.93587270039,1.6513142308481e-07,138.65940289533,121.19645249689
47.816499999999,1.9283673618867e-41,6.4280119665979e-42,1.6504963523482e-60,0.0018086413230382,1.7323525119509,0,7.0844780731321e-56,1.938183093176e-35,-1.5045816359288e-18,2.6558453023843e-05,1.053511607339e-18,-1.0535154105001e-18,-5.5788567137073e-05,-5.5788536226931e-05,7.023673862359e-10,7.0237291238352e-10,-1.0535099590382e-18,1.0535061971778e-18,-7.0236920300128e-10,-7.0237073407838e-10,-5.5788608258758e-05,-5.5788639168016e-05,-2.0313132365632e-05,1.3742702297472e-41,1.938183093176e-41,9.7725424582444e-13,0,360.31504224902,100000329.02407,-1.1739221920581e-13,0.00070559789231355,-0.00018351683813708,57.066698691188,1.7812309917061e-07,149.51048213591,130.68252636068
47.916499999999,5.7061037748787e-40,1.9020680575043e-40,5.9736800818966e-59,0.0018086413230382,1.7323740910981,0,2.3910208758717e-54,6.6089109505212e-34,-1.3056598011158e-18,2.3047140590445e-05,9.1422606980193e-19,-9.1422937014439e-19,-4.8412720010209e-05,-4.841269318672e-05,6.0950688212864e-10,6.0951167766025e-10,-9.1422463942421e-19,9.1422137492208e-19,-6.0950845869814e-10,-6.0950978735042e-10,-4.8412755695166e-05,-4.8412782517889e-05,-1.7627518328825e-05,5.0262985478085e-40,6.6089109505212e-40,9.775477610325e-13,0,360.31504224902,100000329.02407,-1.1782936952302e-13,0.00064307854037116,-8.350348628497e-05,61.197630315917,1.9113887254942e-07,160.36617132799,140.17285454835
48.016499999999,1.3396353306516e-38,4.4655250247804e-39,1.7076492635205e-57,0.0018086413230382,1.7323956630771,0,6.4028136290195e-53,1.7879777043727e-32,-1.1330375670824e-18,2.000006133335e-05,7.9335557471135e-19,-7.9335843871313e-19,-4.2012039008426e-05,-4.201201573129e-05,5.2892353295772e-10,5.289276944686e-10,-7.933543334449e-19,7.9335150054499e-19,-5.2892490108782e-10,-5.2892605407801e-10,-4.2012069975449e-05,-4.201209325192e-05,-1.5296971281436e-05,1.4519062291702e-38,1.7879777043727e-38,9.7770264419953e-13,0,360.31504224902,100000329.02407,-1.1812080306827e-13,0.0005805294430932,1.6499863896765e-05,65.328668039371,2.041747386859e-07,171.2264725057,149.66743909206
48.116499999999,2.5676670940469e-37,8.5590241607374e-38,3.9694795746876e-56,0.0018086413230382,1.7324172278787,0,1.3998320538733e-51,3.9491128775517e-31,-9.8323784443927e-19,1.7355838645927e-05,6.8846545588219e-19,-6.8846794123221e-19,-3.6457596707504e-05,-3.6457576507855e-05,4.5899416711989e-10,4.5899777843438e-10,-6.8846437872449e-19,6.8846192036434e-19,-4.5899535436851e-10,-4.5899635492103e-10,-3.6457623580355e-05,-3.6457643779426e-05,-1.3274547557975e-05,3.4103147611061e-37,3.9491128775517e-37,9.7715840214053e-13,0,360.31504224902,100000329.02407,-1.18523258916e-13,0.0005179505737973,0.00011649321440873,69.459812326797,2.1721363782626e-07,182.0913877053,159.1662820259
48.216499999999,4.1137634699983e-36,1.371274819992e-36,7.6857987819616e-55,0.0018086413230382,1.7324387854936,0,2.5582317182175e-50,7.2909735039927e-30,-8.5324325231949e-19,1.5061210567447e-05,5.9744293612045e-19,-5.9744509288053e-19,-3.1637511271958e-05,-3.1637493742919e-05,3.9831021371273e-10,3.983133475727e-10,-5.9744200137455e-19,5.9743986803599e-19,-3.9831124399434e-10,-3.9831211226308e-10,-3.1637534591929e-05,-3.1637552120467e-05,-1.1519509949188e-05,6.6720662812194e-36,7.2909735039927e-36,9.7854525001378e-13,0,360.31504224902,100000329.02407,-1.1887020361249e-13,0.00045534190576191,0.00021647656725012,73.591063643894,2.3027559080296e-07,192.96091896522,168.66938538578
48.316499999999,5.6187907532289e-35,1.8729566595977e-35,1.2646955279134e-53,0.0018086413230382,1.7324603359124,0,3.9858007701775e-49,1.147557537983e-28,-7.4043533998015e-19,1.3069956939835e-05,5.1845457004498e-19,-5.1845644165824e-19,-2.7454692845325e-05,-2.7454677633814e-05,3.4564933001957e-10,3.4565204954963e-10,-5.1845375888252e-19,5.184519075942e-19,-3.456502240869e-10,-3.456509775612e-10,-2.7454713082146e-05,-2.7454728293223e-05,-9.9965071419492e-06,1.1093250383166e-34,1.147557537983e-34,9.7736451634466e-13,0,360.31504224902,100000329.02407,-1.1924490388456e-13,0.00039270341222672,0.0003164499244201,77.722422456787,2.4336181402427e-07,203.83506832607,178.17675120954
48.416499999999,6.6522255871919e-34,2.2174383487736e-34,1.7987998049076e-52,0.0018086413230382,1.7324818791259,0,5.3829386398692e-48,1.5656115615876e-27,-6.4254184395968e-19,1.1341968405803e-05,4.4990931342493e-19,-4.4991093759084e-19,-2.3824887891838e-05,-2.3824874691451e-05,2.9995078014531e-10,2.9995314012432e-10,-4.4990860950685e-19,4.4990700297871e-19,-2.9995155600735e-10,-2.9995220986426e-10,-2.3824905453134e-05,-2.3824918653143e-05,-8.67486164601e-06,1.594224471564e-33,1.5656115615876e-33,9.7813920316365e-13,0,360.31504224902,100000329.02407,-1.1959184858105e-13,0.00033003506639327,0.00041641328791702,81.853889232038,2.5644947327481e-07,214.7138378306,187.68838153689
48.516499999999,6.9240030634483e-33,2.3080306993757e-33,2.2435984722055e-51,0.0018086413230382,1.7325034151247,0,6.3913999875724e-47,1.8778451225991e-26,-5.5759091840507e-19,9.8424384954297e-06,3.9042647514696e-19,-3.9042788458071e-19,-2.0674982097106e-05,-2.0674970641952e-05,2.6029406886073e-10,2.6029611682519e-10,-3.904258642944e-19,3.9042447016652e-19,-2.6029474214548e-10,-2.6029530955549e-10,-2.067499733661e-05,-2.0675008791437e-05,-7.5279518644691e-06,2.0090878568238e-32,1.8778451225991e-32,9.787675008491e-13,0,360.31504224902,100000329.02407,-1.1998736553484e-13,0.00026733684142482,0.00051636665973875,85.985464436667,2.6956578088156e-07,225.59722952375,197.2042784094
48.616499999999,6.4134190155193e-32,2.137832684717e-32,2.4845738983344e-50,0.0018086413230382,1.7325249438996,0,6.7533672558262e-46,2.0043687613726e-25,-4.8387141664088e-19,8.5411625275513e-06,3.3880790627623e-19,-3.3880912936772e-19,-1.794152764354e-05,-1.794151770288e-05,2.2588040028184e-10,2.2588217748343e-10,-3.3880737618494e-19,3.3880616637572e-19,-2.2588098455113e-10,-2.2588147694345e-10,-1.7941540868218e-05,-1.7941550808594e-05,-6.5326758611567e-06,2.247952110332e-31,2.0043687613726e-31,9.7737710797603e-13,0,360.31504224902,100000329.02407,-1.204383936399e-13,0.00020460871044561,0.00061631004188233,90.117148538111,2.8269319112718e-07,236.48524545262,206.72444387054
48.716499999999,5.3422843913633e-31,1.7807825411313e-31,2.4691950754268e-49,0.0018086413230382,1.7325464654411,0,6.4173362823568e-45,1.9239798781839e-24,-4.198984239409e-19,7.4119292039184e-06,2.9401386602196e-19,-2.9401492740763e-19,-1.5569465195763e-05,-1.5569456569365e-05,1.9601658791075e-10,1.9601813014722e-10,-2.9401340601442e-19,2.9401235615496e-19,-1.9601709493337e-10,-1.9601752222614e-10,-1.5569476671997e-05,-1.5569485298148e-05,-5.6689860237236e-06,2.2571829873057e-30,1.9239798781839e-30,9.7821077747775e-13,0,360.31504224902,100000329.02407,-1.2084778838152e-13,0.00014185064654136,0.00071624343634454,94.248942004286,2.9584248978346e-07,247.37788766651,216.24887996563
48.816499999999,4.0387069462095e-30,1.3462509816474e-30,2.2228303662703e-48,0.0018086413230382,1.73256797974,0,5.5344139627179e-44,1.676105661682e-23,-3.6438334723729e-19,6.4319926411292e-06,2.5514207848119e-19,-2.5514299954029e-19,-1.3511014853262e-05,-1.3511007367366e-05,1.7010109194172e-10,1.7010243027798e-10,-2.5514167929159e-19,2.5514076823481e-19,-1.701015319305e-10,-1.7010190273059e-10,-1.3511024812214e-05,-1.3511032297896e-05,-4.9194852492625e-06,2.0530020537173e-29,1.676105661682e-29,9.7747115646762e-13,0,360.31504224902,100000329.02407,-1.2122248865363e-13,7.9062622758378e-05,0.00081616684512114,98.380845303518,3.090112109202e-07,258.27515821688,225.77758874191
48.916499999999,2.7932902734279e-29,9.3110698026578e-30,1.8274829805081e-47,0.0018086413230382,1.7325894867869,0,4.3666748526253e-43,1.3358591395812e-22,-3.1620795929099e-19,5.5816142056064e-06,2.214095583058e-19,-2.21410357591e-19,-1.1724713730998e-05,-1.1724707234818e-05,1.4761190258519e-10,1.4761306397905e-10,-2.2140921189334e-19,2.2140842128805e-19,-1.4761228440274e-10,-1.4761260617908e-10,-1.172472237327e-05,-1.1724728869264e-05,-4.2690765185226e-06,1.7053128135158e-28,1.3358591395812e-28,9.7792686453279e-13,0,360.31504224902,100000329.02407,-1.2163882228914e-13,1.6244612105e-05,0.00091608027020771,102.51285890458,3.2218267196337e-07,269.17705915736,235.31057224848
49.016499999999,1.77997671672e-28,5.9333186169182e-29,1.3820467992867e-46,0.0018086413230382,1.7326109865723,0,3.1743745576546e-42,9.8094459296004e-22,-2.744018745013e-19,4.8436649229061e-06,1.9213683921127e-19,-1.9213753282239e-19,-1.0174580782188e-05,-1.0174575144873e-05,1.2809602534643e-10,1.2809703319155e-10,-1.9213653859825e-19,1.9213585251946e-19,-1.280963566836e-10,-1.2809663591765e-10,-1.0174588281859e-05,-1.0174593919013e-05,-3.7046588001729e-06,1.3029792016302e-27,9.8094459296004e-28,9.7786473385687e-13,0,360.31504224902,100000329.02407,-1.2198576698563e-13,-4.6603412449749e-05,0.0010159837135992,106.64498327671,3.3537477340796e-07,280.08359254382,244.84783253632
49.116499999999,1.0516038875876e-27,3.5053822220245e-28,9.6757120855199e-46,0.0018086413230382,1.732632479087,0,2.1394804456885e-41,6.6783305429245e-21,-2.3812300265514e-19,4.2032804527811e-06,1.6673428764584e-19,-1.6673488955413e-19,-8.8293920404703e-06,-8.8293871484686e-06,1.11160356463e-10,1.1116123106019e-10,-1.6673402677709e-19,1.6673343140527e-19,-1.1116064399385e-10,-1.1116088631016e-10,-8.8293985486044e-06,-8.8294034404662e-06,-3.2148631597843e-06,9.2163383667786e-27,6.6783305429245e-27,9.7806023858357e-13,0,360.31504224902,100000329.02407,-1.224229173029e-13,-0.00010948147797635,0.0011158771772896,110.7772188896,3.4859320362487e-07,290.99476043429,254.38937165833
49.216499999999,5.7922235329902e-27,1.930760340436e-27,6.3066252242738e-45,0.0018086413230382,1.7326539643214,0,1.3443633777304e-40,4.2388360951893e-20,-2.0664058690034e-19,3.6475616802435e-06,1.4469022593942e-19,-1.4469074826898e-19,-7.6620516828367e-06,-7.6620474376102e-06,9.6463764707487e-11,9.6464523673541e-11,-1.4468999956032e-19,1.4468948290304e-19,-9.6464014223669e-11,-9.6464224503165e-11,-7.6620573305257e-06,-7.6620615756309e-06,-2.7898237580357e-06,6.0691833877202e-26,4.2388360951893e-26,9.7813142786886e-13,0,360.31504224902,100000329.02407,-1.2279761757501e-13,-0.00017238961158381,0.0012157606632727,114.90956621336,3.618173944334e-07,301.91056488899,263.93519166929
49.316499999999,2.9891824336942e-26,9.9640373259549e-27,3.8465037138654e-44,0.0018086413230382,1.7326754422663,0,7.9148315325493e-40,2.5208054189015e-19,-1.793204842808e-19,3.1653148917002e-06,1.2556062569967e-19,-1.2556107897166e-19,-6.6490462447892e-06,-6.6490425608272e-06,8.3710220060678e-11,8.3710878683277e-11,-1.2556042925032e-19,1.2555998090068e-19,-8.3710436588143e-11,-8.3710619066435e-11,-6.6490511457931e-06,-6.6490548296498e-06,-2.420979125414e-06,3.7398522009274e-25,2.5208054189015e-25,9.7851660269447e-13,0,360.31504224902,100000329.02407,-1.2312374558979e-13,-0.00023532784042015,0.0013156341735415,119.04202571856,3.7507072989158e-07,312.83100797038,273.48529462586
49.416499999999,1.4518122570523e-25,4.8394193934148e-26,2.2052883832499e-43,0.0018086413230382,1.732696912912,0,4.3855095175048e-39,1.4108568857737e-18,-1.5561239234288e-19,2.7468263025919e-06,1.0896016385166e-19,-1.0896055719623e-19,-5.7699709941106e-06,-5.7699677972079e-06,7.2642830847999e-11,7.2643402393624e-11,-1.0895999337502e-19,1.0895960430201e-19,-7.264301874821e-11,-7.2643177100914e-11,-5.7699752471492e-06,-5.7699784439605e-06,-2.1008997105312e-06,2.1662382930321e-24,1.4108568857737e-24,9.7864720240645e-13,0,360.31504224902,100000329.02407,-1.2349150696801e-13,-0.00029829619167356,0.0014154977100883,123.17459787622,3.8833363265457e-07,323.75609174306,283.03968258662
49.516499999999,6.662910719173e-25,2.2209903996293e-25,1.1933659165365e-42,0.0018086413230382,1.7327183762493,0,2.296128530503e-38,7.4614306436978e-18,-1.3503876452149e-19,2.3836663948958e-06,9.4554461165068e-20,-9.4554802505261e-20,-5.0071189231031e-06,-5.0071161488652e-06,6.3038669230423e-11,6.3039165211584e-11,-9.4554313227266e-20,9.4553975593885e-20,-6.303883228821e-11,-6.3038969704987e-11,-5.0071226138444e-06,-5.0071253880029e-06,-1.8231382284035e-06,1.184308186829e-23,7.4614306436978e-24,9.7843972895906e-13,0,360.31504224902,100000329.02407,-1.238800850279e-13,-0.00036129469257095,0.001515351274905,127.30728315783,4.016090947076e-07,334.68581827391,292.59835761205
49.616499999999,2.8999457561122e-24,9.6665712092289e-25,6.1178493138358e-42,0.0018086413230382,1.7327398322687,0,1.1401100229858e-37,3.7422569470327e-17,-1.17185191031e-19,2.0685201233103e-06,8.2053346931341e-20,-8.2053643142698e-20,-4.3451240804607e-06,-4.3451216730068e-06,5.4704280821018e-11,5.4704711228149e-11,-8.2053218552504e-20,8.2052925557878e-20,-5.4704422320817e-11,-5.4704541569621e-11,-4.3451272832463e-06,-4.3451296906314e-06,-1.5820997942935e-06,6.1339187586002e-23,3.7422569470327e-23,9.7777191729431e-13,0,360.31504224902,100000329.02407,-1.2417151857317e-13,-0.00042432337037882,0.0016151948699828,131.4400820353,4.1490962418251e-07,345.62018963199,302.16132176453
49.716499999999,1.2009310120037e-23,4.0031377925121e-24,2.9812538722114e-41,0.0018086413230382,1.7327612809606,0,5.3864368684502e-37,1.7858600066008e-16,-1.016920515056e-19,1.7950395699986e-06,7.1205014122827e-20,-7.1205271171865e-20,-3.7706520584865e-06,-3.7706499693239e-06,4.7471787978364e-11,4.7472161481053e-11,-7.120490271705e-20,7.1204648459457e-20,-4.747191077037e-11,-4.7472014253204e-11,-3.7706548378296e-06,-3.7706569269325e-06,-1.3729292272482e-06,3.0198430912656e-22,1.7858600066008e-22,9.7791380753224e-13,0,360.31504224902,100000329.02407,-1.245739744209e-13,-0.00048738225240311,0.0017150284973122,135.57299498101,4.2822337663873e-07,356.55920788857,311.72857710836
49.816499999999,4.7462358798963e-23,1.5820918843738e-23,1.3851620714848e-40,0.0018086413230382,1.7327827223156,0,2.4286294767365e-36,8.13325331111e-16,-8.8247271250182e-20,1.5577160799394e-06,6.1790947302546e-20,-6.1791170366944e-20,-3.2721314011843e-06,-3.2721295882313e-06,4.119550828638e-11,4.1195832408007e-11,-6.1790850625808e-20,6.1790629983797e-20,-4.1195614843966e-11,-4.1195704645258e-11,-3.2721338130684e-06,-3.2721356259694e-06,-1.1914132533057e-06,1.4175237630711e-21,8.13325331111e-22,9.7948714447573e-13,0,360.31504224902,100000329.02407,-1.2496949137477e-13,-0.00055047136598902,0.0018148521588836,139.70602246779,4.4155175172343e-07,367.50287511715,321.30012570974
49.916499999999,1.7950243074114e-22,5.9834632685493e-23,6.1533802580768e-40,0.0018086413230382,1.7328041563242,0,1.0478820345619e-35,3.5446303271014e-15,-7.6580035192569e-20,1.3517693012836e-06,5.3621521118722e-20,-5.3621714691612e-20,-2.8395205229308e-06,-2.8395189496697e-06,3.5749020107409e-11,3.574930137668e-11,-5.3621437223685e-20,5.3621245752915e-20,-3.5749112576939e-11,-3.5749190505537e-11,-2.8395226159379e-06,-2.839524189154e-06,-1.0338956384324e-06,6.3618896935165e-21,3.5446303271014e-21,9.7809364573326e-13,0,360.31504224902,100000329.02407,-1.2534419164686e-13,-0.00061359073852205,0.001914665856686,143.83916496893,4.5489836225942e-07,378.45119339345,330.87596963681
50.016499999999,6.5127839549739e-22,2.1709453095535e-22,2.6202662838931e-39,0.0018086413230382,1.732825582977,0,4.3375094392238e-35,1.48201611626e-14,-6.6455332918672e-20,1.1730508954828e-06,4.6532180725558e-20,-4.6532348706036e-20,-2.4641054424026e-06,-2.4641040771436e-06,3.102261610066e-11,3.1022860183116e-11,-4.6532107922345e-20,4.6531941766066e-20,-3.1022696344726e-11,-3.1022763970328e-11,-2.4641072586918e-06,-2.4641086239118e-06,-8.9720354158277e-07,2.7368993352731e-20,1.48201611626e-20,9.7889548134924e-13,0,360.31504224902,100000329.02407,-1.257397086007e-13,-0.00067674039742714,0.0020144695927084,147.97242295818,4.682715834885e-07,389.40416479544,340.4561109596
50.116499999999,2.2721340342105e-21,7.5738391648023e-22,1.0720397302888e-38,0.0018086413230382,1.7328470022643,0,1.726397904475e-34,5.958073377227e-14,-5.7669224912553e-20,1.017960976884e-06,4.0380127193371e-20,-4.0380272965027e-20,-2.1383242559658e-06,-2.1383230712089e-06,2.6921093412837e-11,2.6921305224973e-11,-4.0380064015524e-20,4.0379919826887e-20,-2.6921163047777e-11,-2.6921221732548e-11,-2.1383258321222e-06,-2.1383270168453e-06,-7.7858360385233e-07,1.1312635023647e-19,5.958073377227e-20,9.7925756640907e-13,0,360.31504224902,100000329.02407,-1.2613522555453e-13,-0.00073992037016894,0.0021142633689394,152.10579690972,4.8164917760985e-07,400.3617914033,350.04055175009
50.216499999999,7.6381378778135e-21,2.5460653676408e-21,4.2232182010359e-38,0.0018086413230382,1.7328684141767,0,6.6210833122946e-34,2.3080491409357e-13,-5.0044734650335e-20,8.8337559591573e-07,3.5041441143058e-20,-3.5041567642138e-20,-1.8556148091811e-06,-1.8556137810627e-06,2.3361836029271e-11,2.336201983757e-11,-3.5041386318001e-20,3.5041261192648e-20,-2.3361896457725e-11,-2.3361947383739e-11,-1.8556161769534e-06,-1.8556172050425e-06,-6.7564648431571e-07,4.5023005707486e-19,2.3080491409357e-19,9.7881223090911e-13,0,360.31504224902,100000329.02407,-1.2657931476568e-13,-0.00080313068425209,0.0022140471873663,156.23928729822,4.95058039222e-07,411.32407529945,359.62929408218
50.316499999999,2.4789670590042e-20,8.2632851582119e-21,1.6051050944723e-37,0.0018086413230382,1.7328898187045,0,2.4515924909615e-33,8.6320511346112e-13,-4.3428283803365e-20,7.6658379561629e-07,3.0408586666958e-20,-3.0408696441502e-20,-1.6102824780305e-06,-1.6102815858434e-06,2.0273150658813e-11,2.0273310165683e-11,-3.0408539090362e-20,3.0408430507923e-20,-2.0273203097977e-11,-2.0273247291026e-11,-1.6102836649708e-06,-1.6102845571324e-06,-5.8631871812103e-07,1.7287458558952e-18,8.6320511346112e-19,9.8021628284614e-13,0,360.31504224902,100000329.02407,-1.2703728176463e-13,-0.00086637136722141,0.0023138210499758,160.37289459876,5.0846692689185e-07,422.29101856854,369.22234003171
50.416499999999,7.7814864604827e-20,2.59384775929e-20,5.8963744308348e-37,0.0018086413230382,1.7329112158384,0,8.7796549983825e-33,3.1224222619281e-12,-3.7686598745767e-20,6.6523294140428e-07,2.6388245258146e-20,-2.6388340519317e-20,-1.3973853288766e-06,-1.3973845546576e-06,1.7592822632586e-11,1.7592961050936e-11,-2.6388203971686e-20,2.6388109745011e-20,-1.759286813873e-11,-1.7592906488984e-11,-1.3973863588988e-06,-1.3973871330956e-06,-5.0880090275049e-07,6.4157607728797e-18,3.1224222619281e-18,9.785424089886e-13,0,360.31504224902,100000329.02407,-1.2743279871851e-13,-0.00092964244666145,0.0024135849587552,164.50661928695,5.2189656468537e-07,433.26262329751,378.81969167643
50.516499999999,2.3663738268878e-19,7.8879691767134e-20,2.0971201733885e-36,0.0018086413230382,1.7329326055686,0,3.0460519451267e-32,1.0942051426961e-11,-3.270402605489e-20,5.7728111749303e-07,2.2899436117518e-20,-2.289951878414e-20,-1.2126341225819e-06,-1.2126334507628e-06,1.5266862728407e-11,1.5266982846366e-11,-2.289940028957e-20,2.2899318520673e-20,-1.526690221815e-11,-1.5266935498089e-11,-1.2126350164525e-06,-1.2126356882524e-06,-4.4153129050238e-07,2.305263798231e-17,1.0942051426961e-17,9.7847227431279e-13,0,360.31504224902,100000329.02407,-1.278005600967e-13,-0.00099294395019675,0.0025133389156898,168.64046183881,5.3534734551511e-07,444.23889157549,388.42135109605
50.616499999999,6.9823235927517e-19,2.3274575153339e-19,7.2326892953702e-36,0.0018086413230382,1.7329539878855,0,1.025406639359e-31,3.7205203833625e-11,-2.8380202931388e-20,5.0095529686563e-07,1.9871884976448e-20,-1.9871956713656e-20,-1.0523044465347e-06,-1.0523038636723e-06,1.3248419678411e-11,1.3248523915488e-11,-1.9871853885339e-20,1.9871782927167e-20,-1.3248453947187e-11,-1.3248482827161e-11,-1.0523052223216e-06,-1.0523058051674e-06,-3.8315380103322e-07,8.0321194313106e-17,3.7205203833625e-17,9.7903253201022e-13,0,360.31504224902,100000329.02407,-1.2820301594443e-13,-0.0010562759054935,0.0026130829227651,172.77442273083,5.488180785564e-07,455.21982549391,398.02732037223
50.716499999998,2.0018322611982e-18,6.6728200845409e-19,2.4224099009289e-35,0.0018086413230382,1.7329753627797,0,3.3540898344287e-31,1.2292133677741e-10,-2.4628035614767e-20,4.3471341226881e-07,1.7244608578582e-20,-1.7244670831361e-20,-9.1315704111434e-07,-9.13156535757e-07,1.1496836454696e-11,1.1496926910512e-11,-1.7244581598052e-20,1.7244520021311e-20,-1.1496866192771e-11,-1.1496891254503e-11,-9.1315771464693e-07,-9.1315821998977e-07,-3.3248903036214e-07,2.7177524778942e-16,1.2292133677741e-16,9.7909257904196e-13,0,360.31504224902,100000329.02407,-1.2855689953483e-13,-0.001119638340256,0.0027128169819655,176.90850243997,5.6230924340474e-07,466.20542714644,407.63760158855
50.816499999998,5.583722173603e-18,1.8612532809028e-18,7.8896173698945e-35,0.0018086413230382,1.7329967302414,0,1.067457715448e-30,3.9513657908765e-10,-2.1371945074062e-20,3.7720647550242e-07,1.4964686308321e-20,-1.4964740330615e-20,-7.9235822753501e-07,-7.9235779041507e-07,9.976831323651e-12,9.976909820238e-12,-1.4964662894907e-20,1.4964609459272e-20,-9.976857130034e-12,-9.9768788783358e-12,-7.9235881301675e-07,-7.9235925012406e-07,-2.8850533492266e-07,8.9422963118074e-16,3.9513657908765e-16,9.7884660431585e-13,0,360.31504224902,100000329.02407,-1.2893853870083e-13,-0.0011830312822303,0.0028125410952754,181.04270144364,5.7581410475831e-07,477.195698629,417.25219683057
50.916499999998,1.5168895314363e-17,5.0563319145733e-18,2.5019228192303e-34,0.001808641323038,1.7330180902611,0,3.3095014413775e-30,1.2373771485324e-09,-1.8546344636998e-20,3.2723095692272e-07,1.298619422317e-20,-1.2986241103137e-20,-6.8737987613245e-07,-6.8737950124811e-07,8.6577871723273e-12,8.6578552908232e-12,-1.298617390526e-20,1.298612753439e-20,-8.6578095668295e-12,-8.6578284397724e-12,-6.8738038730373e-07,-6.873807621769e-07,-2.5028257691525e-07,2.8648167153689e-15,1.2373771485324e-15,9.7989521175235e-13,0,360.31504224902,100000329.02407,-1.2923691114e-13,-0.001246454759203,0.0029122552646783,185.17702021974,5.8933407091356e-07,488.19064203978,426.87110818578
51.016499999998,4.0157521177159e-17,1.3385927329579e-17,7.7341798512246e-34,0.0018086413230361,1.7330394428291,0,1.0007212427288e-29,3.7791543162712e-09,-1.6094318892792e-20,2.8364474102195e-07,1.1269280018365e-20,-1.1269320700297e-20,-5.9582286213407e-07,-5.9582255034087e-07,7.5131347894451e-12,7.5131939019447e-12,-1.1269262386701e-20,1.1269222146557e-20,-7.5131542231537e-12,-7.513170600891e-12,-5.9582331510033e-07,-5.9582362688324e-07,-2.1694832499735e-07,8.9467649706207e-15,3.7791543162712e-15,9.7906355274063e-13,0,360.31504224902,100000329.02407,-1.2961161141212e-13,-0.0013099087990015,0.0030119594921567,189.31145924655,6.0287279110481e-07,499.19025947912,436.49433774353
51.116499999998,1.0350607680044e-16,3.4502244811784e-17,2.3332241618306e-33,0.0018086413230319,1.7330607879358,0,2.9544212668463e-29,1.1269249173582e-08,-1.3966477257874e-20,2.4517335479548e-07,9.7793602908911e-21,-9.7793955942358e-21,-5.1501002731289e-07,-5.1500979695055e-07,6.5198176718095e-12,6.5198689690015e-12,-9.7793449903221e-21,9.7793100703569e-21,-6.5198345361731e-12,-6.5198487485975e-12,-5.1501044812199e-07,-5.1501067847363e-07,-1.8753100055532e-07,2.726692095936e-14,1.1269249173582e-14,9.7866478719559e-13,0,360.31504224902,100000329.02407,-1.3002794504767e-13,-0.0013733934294926,0.0031116537796933,193.44601900286,6.1642858917259e-07,510.19455304965,446.12188759515
51.216499999998,2.5826731545974e-16,8.6089634529544e-17,6.8762155856665e-33,0.0018086413230194,1.7330821255715,0,8.5247316070308e-29,3.2843045616634e-08,-1.2119959111672e-20,2.0990768529663e-07,8.4864239332137e-21,-8.4864545690777e-21,-4.4093108079679e-07,-4.4093099770351e-07,5.6578275571374e-12,5.6578720722876e-12,-8.4864106555443e-21,8.486380352373e-21,-5.6578421918504e-12,-5.6578545252388e-12,-4.4093152612345e-07,-4.409316092023e-07,-1.60579417858e-07,8.118131229153e-14,3.2843045616634e-14,9.7987201851624e-13,0,360.31504224902,100000329.02407,-1.3033325638072e-13,-0.0014369086785865,0.0032113381292698,197.58069996773,6.2999695403851e-07,521.20352485583,455.75375983353
51.316499999998,6.1025351525751e-16,2.0341900027579e-16,1.9815925844594e-32,0.0018086413229844,1.7331034557264,0,2.4063059173601e-28,9.3638148810024e-08,-1.0517570461853e-20,1.739640842495e-07,7.3644276242461e-21,-7.3644542097207e-21,-3.6542800215128e-07,-3.6542826204916e-07,4.9098012774883e-12,4.9098399072502e-12,-7.3644161020276e-21,7.3643898052602e-21,-4.9098139773329e-12,-4.9098246801123e-12,-3.6542861527822e-07,-3.6542835535324e-07,-1.3314793079008e-07,2.3634531937366e-13,9.3638148810024e-14,9.7978568024449e-13,0,360.31504224902,100000329.02407,-1.3074265112237e-13,-0.0015004545742362,0.003311012542867,201.7155026204,6.435849259208e-07,532.21717700357,465.38995655281
51.416499999998,1.2527622459733e-15,4.1758920806482e-16,5.5891593723478e-32,0.0018086413228869,1.733124778391,0,6.6507475852956e-28,2.6140317921896e-07,-9.1270347457484e-21,1.2792614129611e-07,6.390771238741e-21,-6.390794309332e-21,-2.6872059697476e-07,-2.6872174650718e-07,4.2606706810816e-12,4.2607042035524e-12,-6.3907612398849e-21,6.3907384198311e-21,-4.2606817018641e-12,-4.2606909896133e-12,-2.6872175680587e-07,-2.6872060720947e-07,-9.8101142064276e-08,6.7344838665403e-13,2.6140317921896e-13,9.7945785559408e-13,0,360.31504224902,100000329.02407,-1.3110347360665e-13,-0.0015640311444446,0.0034106770224655,205.85042743968,6.5720124606397e-07,543.23551159866,475.030479847
51.516499999998,1.2734973675534e-15,4.2449605891138e-16,1.5442500131761e-31,0.001808641322618,1.7331460935555,0,1.8013748779339e-27,7.1512521253752e-07,-7.9203426686155e-21,4.753488764452e-08,5.5458426025097e-21,-5.5458626229247e-21,-9.9850253116223e-08,-9.9853770834348e-08,3.6973582318029e-12,3.697387322182e-12,-5.5458339256139e-21,5.5458141226127e-21,-3.6973677955017e-12,-3.6973758552891e-12,-9.9852963542042e-08,-9.9849445658276e-08,-3.7060938678093e-08,1.8797486216418e-12,7.1512521253752e-13,9.7910837973991e-13,0,360.31504224902,100000329.02407,-1.3150592945436e-13,-0.0016276384172763,0.0035103315700456,209.98547490232,6.7082893144304e-07,554.25853074253,484.67533180627
51.616499999998,-9.361821399262e-15,-3.1206659688812e-15,4.1829021479549e-31,0.0018086413218923,1.7331674012101,0,4.7851427910164e-27,1.9187114134391e-06,-6.8731879618193e-21,-1.3024423969727e-07,4.8126224089711e-21,-4.8126397824821e-21,2.7359400991686e-07,2.735842156397e-07,3.2085112982352e-12,3.2085365423876e-12,-4.8126148792649e-21,4.8125976944243e-21,-3.2085195974616e-12,-3.2085265915999e-12,2.7358712138013e-07,2.7359691609492e-07,9.7727497549e-08,5.1437916455627e-12,1.9187114134391e-12,9.7756139599539e-13,0,360.31504224902,100000329.02407,-1.3185287415087e-13,-0.0016912764208919,0.0036099761875864,214.12064547922,6.844776747643e-07,565.28623652191,494.3245145079
51.716499999998,-1.0744653039485e-13,-3.5815999154231e-14,1.1116207208135e-30,0.0018086413199682,1.733188701345,0,1.2475739580449e-26,5.0526242359716e-06,-5.9644776447279e-21,-5.6765042729721e-07,4.1763413033758e-21,-4.1763563799474e-21,1.1924132937204e-06,1.1923870931758e-06,2.7842676553622e-12,2.784289561523e-12,-4.176334769206e-21,4.1763198563633e-21,-2.7842748572116e-12,-2.7842809264933e-12,1.1923954606735e-06,1.1924216623677e-06,4.2918931670123e-07,1.380972266931e-11,5.0526242359716e-12,9.7813968394591e-13,0,360.31504224902,100000329.02407,-1.3226920778639e-13,-0.0017549451836357,0.0037096108770665,218.25593962535,6.9815398704355e-07,576.31863098209,503.97802999287
51.816499999998,-8.2051843830347e-13,-2.7350959524411e-13,2.9004518756081e-30,0.0018086413149596,1.73320999395,0,3.1946515428748e-26,1.3068004112773e-05,-5.1759068040401e-21,-1.676039321021e-06,3.6241821422894e-21,-3.6241952256401e-21,3.5207049207002e-06,3.5206365338239e-06,2.416042297963e-12,2.4160613067332e-12,-3.6241764720793e-21,3.6241635308173e-21,-2.4160485473096e-12,-2.4160538137586e-12,3.5206590127855e-06,3.5207274026401e-06,1.2690407328293e-06,3.6401204502436e-11,1.3068004112773e-11,9.7895571655961e-13,0,360.31504224902,100000329.02407,-1.3262309137677e-13,-0.0018186447342496,0.0038092356404646,222.391357755,7.1186484870816e-07,587.35571606063,513.63588020786
51.916499999998,-5.5768845224922e-12,-1.8589841934595e-12,7.4353056831472e-30,0.0018086413021457,1.7332312790146,0,8.0399765253705e-26,3.3218084885254e-05,-4.4915890393118e-21,-4.4814856016748e-06,3.1450212306771e-21,-3.1450325844276e-21,9.4138503069855e-06,9.4136752495519e-06,2.0963188666096e-12,2.0963353592313e-12,-3.1450163103107e-21,3.1450050798802e-21,-2.096324288848e-12,-2.0963288579673e-12,9.413733681412e-06,9.4139087464393e-06,3.3949238875795e-06,9.4269160233203e-11,3.3218084885254e-11,9.793091402664e-13,0,360.31504224902,100000329.02407,-1.3301860833061e-13,-0.0018823751024009,0.0039088504797572,226.52690018101,7.2564382382567e-07,598.39749342494,523.29806686309
52.016499999998,-3.5780578542721e-11,-1.1927002257424e-11,1.8738471360881e-29,0.0018086412699132,1.7332525565269,0,1.989906961358e-25,8.3039591767071e-05,-3.8977344685312e-21,-1.1501831339669e-05,2.7292028606457e-21,-2.729212713699e-21,2.4160850035308e-05,2.4160409667522e-05,1.8184122443341e-12,1.8184265489083e-12,-2.72919859125e-21,2.729188845254e-21,-1.818416947474e-12,-1.8184209098607e-12,2.4160558269131e-05,2.4160998655966e-05,8.715318114492e-06,2.4000718448404e-10,8.3039591767071e-11,9.8022192559468e-13,0,360.31504224902,100000329.02407,-1.3335861413318e-13,-0.0019461363199377,0.0040084553969222,230.66256696873,7.395684705214e-07,609.44396408153,532.96459109031
52.116499999998,-2.2052050383436e-10,-7.3507701210818e-11,4.645525005455e-29,0.0018086411901471,1.7332738264722,0,4.8463578459224e-25,0.00020426697912331,-3.3823672986491e-21,-2.8817451709604e-05,2.3683415536549e-21,-2.3683501049723e-21,6.0534191221289e-05,6.0533101458445e-05,1.5761296899092e-12,1.5761420844977e-12,-2.3683378497978e-21,2.3683293914845e-21,-1.5761337657161e-12,-1.5761371976627e-12,6.0533472634513e-05,6.0534562444385e-05,2.1839640294919e-05,6.0109309175556e-10,2.0426697912331e-10,9.7941676650622e-13,0,360.31504224902,100000329.02408,-1.3370555882968e-13,-0.0020099284238775,0.0041080503939357,234.7983575904,7.538109472792e-07,620.49512745088,542.63545263316
52.216499999998,-1.3137448760416e-09,-4.3792005265488e-10,1.1335742832115e-28,0.0018086409958319,1.7332950888286,0,1.1621100832636e-24,0.00049471558068515,-2.9350738846211e-21,-7.0885946538327e-05,2.0551456508478e-21,-2.055153073834e-21,0.00014890362715138,0.00014890097232032,1.3631685979101e-12,1.3631793078511e-12,-2.0551424392521e-21,2.0551350972152e-21,-1.3631721213068e-12,-1.3631750834535e-12,0.00014890188438738,0.00014890453933275,5.3729308567719e-05,1.4817299155145e-09,4.9471558068515e-10,9.8003793306601e-13,0,360.31504224903,100000329.02409,-1.3408025910179e-13,-0.0020737514633448,0.0042076354727739,238.93427011913,7.6878958591091e-07,631.55097920925,552.31064795813
52.316499999998,-7.5861989912193e-09,-2.5287620413694e-09,2.7240546846399e-28,0.0018086405296129,1.7333163435583,0,2.7451093781902e-24,0.0011802765310288,-2.5467687089649e-21,-0.00017157147746271,1.7832534513439e-21,-1.7832598981934e-21,0.00036040448963743,0.00036039811907648,1.1718894295809e-12,1.1718986127441e-12,-1.7832506703966e-21,1.7832442943623e-21,-1.1718924544561e-12,-1.1718949863073e-12,0.00036040032579542,0.00036040669663008,0.00013006249839163,3.5969712893856e-09,1.1802765310288e-09,9.7968568667659e-13,0,360.31504224905,100000329.02411,-1.3444802047998e-13,-0.0021376055154986,0.0043072106354118,243.07029937768,7.8543726837482e-07,642.61150632943,561.99016591384
52.416499999998,-4.2526465506761e-08,-1.4175649327833e-08,6.4499426973857e-28,0.0018086394273573,1.7333375905868,0,6.3910441060775e-24,0.0027751729027959,-2.2094572253699e-21,-0.00040904756700141,1.5470671546872e-21,-1.5470727613508e-21,0.00085924870092068,0.00085923363598156,9.9066327172793e-13,9.906709774477e-13,-1.5470647553973e-21,1.5470592115052e-21,-9.9066581893176e-13,-9.9066792429274e-13,0.00085923889618153,0.00085925396176691,0.00031012291755745,8.6031389202445e-09,2.7751729027959e-09,9.7960634448063e-13,0,360.3150422491,100000329.02416,-1.346214928289e-13,-0.0022014907215414,0.0044067758838239,247.20643274755,8.0592435299435e-07,653.67667584898,571.67397789982
52.516499999998,-2.316741007755e-07,-7.7225565881519e-08,1.5055013253692e-27,0.0018086368582984,1.7333588297566,0,1.4672046439045e-23,0.0064336107060852,-1.915955630324e-21,-0.00096122978558012,1.341556644081e-21,-1.3415615371833e-21,0.0020191670957056,0.00201913197325,7.9804093634589e-13,7.9804700629908e-13,-1.341554593937e-21,1.3415497583258e-21,-7.9804296446928e-13,-7.9804457681849e-13,0.0020191443324641,0.0020191794564228,0.00072885048043162,2.0282096579915e-08,6.4336107060852e-09,9.7974141022092e-13,0,360.31504224921,100000329.02427,-1.3494068194978e-13,-0.0022654073669835,0.004506331219984,251.34264081451,8.350920015649e-07,664.74640978903,581.36201591235
52.616499999998,-1.2274639913104e-06,-4.0915919527214e-07,3.4656876987695e-27,0.0018086309533062,1.7333800607262,0,3.3228457693156e-23,0.014710015253162,-1.6594872790961e-21,-0.0022274096232317,1.1619768954829e-21,-1.1619812039336e-21,0.0046789144342613,0.0046788336815832,5.499518198594e-13,5.4995566137495e-13,-1.1619751883241e-21,1.1619709365798e-21,-5.4995315817909e-13,-5.4995406196549e-13,0.0046788623134568,0.0046789430695824,0.0016891227348222,4.7145737886954e-08,1.4710015253163e-08,9.8039884948307e-13,0,360.31504224946,100000329.02453,-1.3522517660124e-13,-0.002329356058037,0.0046058766458658,255.47885678416,8.8362983041162e-07,675.8205299397,591.05412421245
52.716499999998,-6.3273960915627e-06,-2.1091551059091e-06,7.871590736678e-27,0.001808617565638,1.7334012827509,0,7.4269168261725e-23,0.033175334635317,-1.432991231532e-21,-0.0050911290461144,1.0033838188334e-21,-1.0033876958202e-21,0.010694465599634,0.010694282488965,1.5183489541452e-13,1.5183497708589e-13,-1.0033824973065e-21,1.0033786847196e-21,-1.5183509443942e-13,-1.5183475052045e-13,0.010694347894927,0.010694531013394,0.0038612195545754,1.0806789783454e-07,3.3175334635317e-08,9.7988960953496e-13,0,360.31504225003,100000329.02512,-1.3546803788948e-13,-0.0023933381035063,0.0047054121634425,259.61493185775,9.7474489071211e-07,686.89863811024,600.74995450057
52.816499999998,-3.1726307123799e-05,-1.0575549917697e-05,1.7646554253574e-26,0.0018085876301449,1.7334224942166,0,1.6388615969363e-22,0.073780699319456,-1.2278056478636e-21,-0.011478393025887,8.5971236678487e-22,-8.5971603384527e-22,0.02411160075168,0.024111191404213,-6.0136767300738e-13,-6.0137492335469e-13,-8.5971157102249e-22,8.5970799327114e-22,6.0136966844069e-13,6.0137250341466e-13,0.024111338683347,0.02411174804819,0.0087064540282329,2.442048065355e-07,7.3780699319457e-08,9.7898990768965e-13,0,360.31504225132,100000329.02644,-1.3575947143545e-13,-0.0024573563276216,0.0048049377746856,263.75054012528,1.1578650383316e-06,697.97986079579,610.44874240012
52.916499999998,-0.00015450310446695,-5.1501582786278e-05,3.9057568839719e-26,0.0018085216588506,1.7334436916688,0,3.5713512189041e-22,0.16163513111559,-1.0310402276714e-21,-0.02551559589749,7.2193670628932e-22,-7.2194054324861e-22,0.053598253146432,0.05359735211934,-2.1528440492095e-12,-2.1528666169423e-12,-7.2193677668369e-22,7.2193308985099e-22,2.1528506043386e-12,2.1528586959402e-12,0.05359767862041,0.053598579685619,0.019356133348507,5.4343179385314e-07,1.6163513111559e-07,9.8042144262423e-13,0,360.31504225415,100000329.02936,-1.3609947723947e-13,-0.0025214167621807,0.0049044534815673,267.88498029505,1.5350123534796e-06,709.06231664213,620.14884126984
53.016499999998,-0.00072783375970304,-0.00024261378560664,8.5360723788434e-26,0.0018083786472084,1.7334648678596,0,7.6866679269127e-22,0.3478983113708,-8.2026199668144e-22,-0.055844968788321,5.7434918582577e-22,-5.7435391418627e-22,0.11730835196603,0.11730640521001,-5.4518111326047e-12,-5.4518664532866e-12,-5.7435087589562e-22,5.7434643366721e-22,5.4518274196886e-12,5.4518467897297e-12,0.11730711567226,0.1173090625103,0.042369855516406,1.1876882564408e-06,3.4789831137081e-07,9.7892135518391e-13,0,360.3150422603,100000329.03567,-1.3635621631818e-13,-0.0025855320524012,0.0050039592860585,272.01677602559,2.3063174662238e-06,720.14204246619,629.84678200843
53.116499999998,-0.0032873988637442,-0.0010958107423563,1.84188124696e-25,0.0018080750059507,1.7334860080445,0,1.6338171059215e-21,0.73153527468714,-5.5278807833016e-22,-0.1199557802295,3.8706309234595e-22,-3.8707014516425e-22,0.25197996293482,0.2519758612876,-1.2507398932547e-11,-1.2507524433391e-11,-3.8706800170524e-22,3.870615274426e-22,1.2507436067217e-11,1.250747961641e-11,0.25197736899832,0.25198147081735,0.091026988929468,2.5346413303488e-06,7.3153527468718e-07,9.7917093898214e-13,0,360.31504227339,100000329.04908,-1.3657132203633e-13,-0.0026497279148772,0.0051034551901295,276.14291675677,3.8269813949928e-06,731.21095214396,639.53548616599
53.216499999998,-0.013988220041925,-0.0046627852191102,3.9215130808792e-25,0.001807449038485,1.733507083754,0,3.4274570991213e-21,1.4862180892298,-1.4441379401827e-22,-0.2512370973809,1.0111798441434e-22,-1.0113023831916e-22,0.52775033178246,0.52774201187434,-2.7512611045435e-11,-2.7512885845183e-11,-1.0112942097697e-22,1.01118359601e-22,2.7512692553062e-11,2.7512787502405e-11,0.52774509342726,0.52775341368131,0.19069534759722,5.2225547326316e-06,1.48621808923e-06,9.8032838561732e-13,0,360.31504230048,100000329.07672,-1.3684193891081e-13,-0.0027140540027018,0.0052029411957508,280.25757731053,6.5994623840049e-06,742.25339170429,649.20125005957
53.316499999998,-0.054360947980768,-0.018120478504313,8.2272406139069e-25,0.0018062155822485,1.7335280448784,0,7.0872207068525e-21,2.861828024932,5.7187717105105e-22,-0.50704561212173,-4.0043160937687e-22,4.0040842545654e-22,1.0651031048714,1.0650872145225,-5.9068897433128e-11,-5.9069486099191e-11,4.0040695927995e-22,-4.0042768632389e-22,5.9069072318129e-11,5.9069275171406e-11,1.0650931495271,1.0651090405284,0.38500340032583,1.0187704848445e-05,2.8618280249325e-06,9.8078258916366e-13,0,360.31504235414,100000329.13119,-1.37140311368e-13,-0.0027785977196073,0.005302417304891,284.35048199816,1.0954717751676e-05,753.2417321973,658.81988643196
53.416499999998,-0.18432652057747,-0.061442657897768,1.6971539640118e-24,0.0018039479432164,1.7335488166292,0,1.4414258533136e-20,5.0809459312628,1.9234760504424e-21,-0.96838113476902,-1.3468262989758e-21,1.346780990907e-21,2.0341864290091,2.0341587513009,-1.244454412649e-10,-1.2444667974714e-10,1.3467752473052e-21,-1.3468155455818e-21,1.2444580976026e-10,1.2444623557833e-10,2.0341691895904,2.0341968684126,0.73570112179409,1.8292730771951e-05,5.0809459312641e-06,9.8217138627799e-13,0,360.31504245362,100000329.23133,-1.3736235599834e-13,-0.0028434895451324,0.0054018835195193,288.40625038062,1.6165254398208e-05,764.13459026257,668.35516629709
53.516499999998,-0.51943288404932,-0.17314541942253,3.4338258751806e-24,0.001800166180416,1.7335693152461,0,2.876506670242e-20,8.0918372812018,4.5384927442401e-21,-1.7135025917834,-3.1778710613107e-21,3.1777822976209e-21,3.5993903335002,3.5993477606973,-2.5743378730748e-10,-2.5743634660225e-10,3.177768280286e-21,-3.1778469891097e-21,2.5743455009685e-10,2.5743542801791e-10,3.5993639997436,3.5994065742161,1.3027305327402,2.9398160042679e-05,8.0918372812041e-06,9.8569355109722e-13,0,360.31504262132,100000329.39833,-1.3773011739944e-13,-0.002908875677066,0.0055013398416035,292.40757465629,1.9917497212871e-05,774.88534188497,677.76627097361
53.616499999998,-1.1864667020769,-0.39549090238634,6.8040959696971e-24,0.0017945476919047,1.7335894850621,0,5.6240836407485e-20,11.444840961786,9.592880744393e-21,-2.7672451577796,-6.7169730558032e-21,6.7168011646026e-21,5.8128823902282,5.8128252938786,-5.2243491189665e-10,-5.2244010126817e-10,6.7167711010523e-21,-6.7169231866001e-21,5.2243646157395e-10,5.22438237327e-10,5.8128473504973,5.8129044490272,2.105572370889,4.1859647194555e-05,1.1444840961789e-05,9.8768776917434e-13,0,360.31504287342,100000329.64644,-1.3800073427402e-13,-0.0029748534047482,0.0056007862731114,296.34280833856,2.0332627581802e-05,785.46251308694,687.02564038765
53.716499999998,-2.2338741895156,-0.744627605707,1.3208694479212e-23,0.0017870683263352,1.7336093230464,0,1.0777274329059e-19,14.624174341408,1.9243040664395e-20,-4.0774503211919,-1.3474052270083e-20,1.3473724818942e-20,8.565097629998,8.5650296408529,-1.0395370342566e-09,-1.0395473534709e-09,1.3473663968645e-20,-1.3473953154423e-20,1.0395401221423e-09,1.0395436443809e-09,8.5650562488968,8.5651242405848,3.1048633341206,5.3741900373536e-05,1.4624174341412e-05,9.8929574965448e-13,0,360.31504321238,100000329.97673,-1.3825053445101e-13,-0.0030414282676792,0.0057002228160101,300.21105716725,1.8398149451436e-05,795.86349898087,696.13098286166
53.816499999998,-3.6272212448045,-1.209077380426,2.5163551001542e-23,0.0017779040465343,1.7336288611944,0,2.0274373161293e-19,17.436845695422,3.7382785215448e-20,-5.552736622415,-2.6175571292782e-20,2.617495786028e-20,11.664080327981,11.664005752601,-2.0290883917468e-09,-2.0291085266535e-09,2.6174838831294e-20,-2.6175379678348e-20,2.029094428954e-09,2.0291012846638e-09,11.664035300537,11.66410987867,4.2308944438152,6.4297289439638e-05,1.7436845695426e-05,9.9157191702346e-13,0,360.31504363056,100000330.38142,-1.3850033461593e-13,-0.0031085447088654,0.0057996494722656,304.01864045587,1.6315809717983e-05,806.10509972529,705.09699400307
53.916499999998,-5.3222629681998,-1.7740919713355,4.7126486642933e-23,0.0017672423200372,1.733648133311,0,3.7506907491558e-19,19.971508277422,7.0949580047238e-20,-7.1135464136908,-4.9679170137416e-20,4.9678039020856e-20,14.942712369749,14.942634348367,-3.8898359901491e-09,-3.8898745862471e-09,4.967781175438e-20,-4.9678807499373e-20,3.8898475847932e-09,3.8898606955454e-09,14.942665613155,14.942743637401,5.4227152216832,7.3839683563705e-05,1.9971508277426e-05,9.9235565655394e-13,0,360.315044119,100000330.85224,-1.3885421818222e-13,-0.00317614398374,0.0058990662438441,307.77229493834,1.5111646452214e-05,816.20526767013,713.93938058307
54.016499999998,-7.3027529085244,-2.4342559611677,8.6869806718372e-23,0.0017551925705316,1.7336671593816,0,6.8315626377366e-19,22.379321228642,1.3213093823476e-19,-8.710442879959,-9.2518592066686e-20,9.2516537568988e-20,18.29714738852,18.297067696797,-7.3330699260663e-09,-7.3331426993301e-09,9.2516111944055e-20,-9.2517917934106e-20,7.3330918274781e-09,7.3331164926289e-09,18.297099966651,18.297179661297,6.6423584602425,8.2927971465324e-05,2.2379321228646e-05,9.9533470479788e-13,0,360.31504467223,100000331.38435,-1.3909014054691e-13,-0.0032441914289319,0.0059984731327105,311.47594652108,1.4721367539615e-05,826.17441729703,722.66725239936
54.116499999998,-9.5732770362587,-3.1910980374817,1.5772267279597e-22,0.0017417906395486,1.7336859464515,0,1.2259673135773e-18,24.767051647436,2.4201966589322e-19,-10.317791409487,-1.6946310047604e-19,1.6945942298815e-19,21.67353767976,21.673457203189,-1.3608505597001e-08,-1.3608640700489e-08,1.6945863909832e-19,-1.69461867197e-19,1.3608546328188e-08,1.3608592019824e-08,21.673490118702,21.673570598226,7.8701125635537,9.1960379610502e-05,2.476705164744e-05,9.9483051594576e-13,0,360.3150452883,100000331.97617,-1.3937463516368e-13,-0.0033126749444821,0.0060978701408296,315.13086991471,1.4807706625808e-05,836.01584025486,731.2834842128
54.216499999998,-12.145299375422,-4.0484395470749,2.821756968792e-22,0.0017270285592588,1.7337044938962,0,2.1685186474485e-18,27.190643460058,4.3656691531863e-19,-11.923097125371,-3.056858293263e-19,3.0567934085392e-19,25.045636680377,25.045555853031,-2.4878143090047e-08,-2.4878390222153e-08,3.0567791903629e-19,-3.0568360658895e-19,2.4878217724463e-08,2.4878301125728e-08,25.045589241663,25.045670071979,9.0963687200488,0.00010114654948465,2.7190643460063e-05,9.9760104677805e-13,0,360.31504596744,100000332.62806,-1.3965219088032e-13,-0.0033815958124341,0.0061972572701654,318.73676089609,1.5120091123392e-05,845.72858098527,739.78723247606
54.316499999998,-15.030410342255,-5.0101439591074,4.9757475408804e-22,0.0017108771767697,1.7337227974023,0,3.7816712909313e-18,29.675466689663,7.7611829396294e-19,-13.519902431005,-5.4344100286155e-19,5.4342971688179e-19,28.399879640515,28.399798695944,-4.4824765867038e-08,-4.4825211484666e-08,5.4342717502217e-19,-5.4343705373265e-19,4.4824900677001e-08,4.4825050743256e-08,28.399832471541,28.39991341909,10.316166308156,0.00011058193431893,2.9675466689669e-05,9.9668592827389e-13,0,360.31504671094,100000333.3413,-1.3992280769586e-13,-0.0034509617554302,0.0062966345226814,322.29255135188,1.552864595025e-05,855.3096258501,748.17585160919
54.416499999998,-18.238752898355,-6.0795922570625,8.6495312488671e-22,0.0016932980001716,1.7337408510473,0,6.5031147280636e-18,32.232579937271,1.360435829949e-18,-15.104289360466,-9.525823728756e-19,9.5256301808412e-19,31.728036515471,31.727955602344,-7.9625730947291e-08,-7.9626523275952e-08,9.5255853688716e-19,-9.5257545339189e-19,7.9625971063674e-08,7.9626237319966e-08,31.727989716546,31.728070632656,11.526500979977,0.00012030837082536,3.2232579937277e-05,1.0005810122959e-12,0,360.31504752054,100000334.11759,-1.4022118007888e-13,-0.0035207833116204,0.0063960019003403,325.79683609822,1.5977004811755e-05,864.7550504355,756.44589840386
54.516499999998,-21.77917498244,-7.2597337509004,1.48248058287e-21,0.00167424835218,1.733758648202,0,1.1029136092069e-17,34.867199957362,2.3519619967095e-18,-16.673414060941,-1.6468527770212e-18,1.6468200480935e-18,35.024133525229,35.024052754541,-1.3948481147307e-07,-1.3948620097606e-07,1.6468122549604e-18,-1.6468408172441e-18,1.3948523330941e-07,1.3948569923864e-07,35.024087176125,35.024167949795,12.72519534238,0.00013034578418582,3.4867199957368e-05,1.0001298869208e-12,0,360.31504839823,100000334.95882,-1.4049179687734e-13,-0.0035910722606118,0.0064953594051047,329.24805859339,1.6442680396249e-05,874.06051905985,764.59356934747
54.616499999998,-25.659546199868,-8.5531916399349,2.5055606660913e-21,0.0016536834096686,1.7337761818868,0,1.8450161339389e-17,37.582266203956,4.0112300059828e-18,-18.224942012245,-2.8086785602713e-18,2.8086239836442e-18,38.283266786911,38.283186250387,-2.4100027245979e-07,-2.4100267628862e-07,2.808610611344e-18,-2.8086581646429e-18,2.4100100354822e-07,2.4100180785026e-07,38.283220956982,38.283301496487,13.910463520392,0.00014070556541468,3.7582266203963e-05,1.0031063440736e-12,0,360.31504934608,100000335.86696,-1.4079710813555e-13,-0.0036618410017473,0.0065947070389358,332.64458444555,1.6916308641025e-05,883.22148261892,772.61487384945
54.716499999998,-29.886883868116,-9.9623050274851,4.176289797332e-21,0.0016315570244504,1.7337934449153,0,3.0447159862628e-17,40.379737497728,6.7498228457337e-18,-19.756830000143,-4.7262516941272e-18,4.7261619416914e-18,41.501144331773,41.50106410938,-4.1076147898654e-07,-4.1076558199443e-07,4.7261392976539e-18,-4.7262173710846e-18,4.1076272914769e-07,4.1076409895757e-07,41.501099084069,41.501179309438,15.080743141724,0.00015139543879598,4.0379737497736e-05,1.0031866214349e-12,0,360.31505036621,100000336.84405,-1.4112323606492e-13,-0.003733102304688,0.0066940448037952,335.98473100733,1.7392997328157e-05,892.2332583337,780.50570407103
54.816499999998,-34.467322411196,-11.489118718741,6.8657940183345e-21,0.0016078221247932,1.7338104299634,0,4.9570708979278e-17,43.261011047852,1.1208172978635e-17,-21.267232265115,-7.8480054206178e-18,7.8478598484646e-18,44.673888962721,44.673809126244,-6.9071393128536e-07,-6.9072084181636e-07,7.8478220025089e-18,-7.8479484136112e-18,6.9071604083078e-07,6.9071834278783e-07,44.673844355972,44.673924195418,16.234623124348,0.00016242102727875,4.326101104786e-05,1.0041155886138e-12,0,360.31505146082,100000337.89218,-1.4141466951339e-13,-0.0038048691881786,0.006793372701643,339.26678186656,1.7869201802599e-05,901.09106889507,788.26186920568
54.916499999998,-39.406002853864,-13.135346385314,1.1133844022531e-20,0.0015824309893719,1.7338271296168,0,7.9629540114395e-17,46.227038791428,1.8367784259426e-17,-22.754451989437,-1.2861192464695e-17,1.2860959588356e-17,47.797936348685,47.797856963789,-1.146016585811e-06,-1.1460280720914e-06,1.2860897149024e-17,-1.2861099006807e-17,1.1460200988911e-06,1.1460239163756e-06,47.797892438475,47.79797182633,17.370806418039,0.0001737862772511,4.6227038791437e-05,1.0053786594183e-12,0,360.31505263212,100000339.01344,-1.4160895843494e-13,-0.0038771548380935,0.0068926907344398,342.48899674695,1.8341714871199e-05,909.79006930007,795.87911898472
55.016499999998,-44.706926582336,-14.902321818761,1.7811042008836e-20,0.0015553354914514,1.7338435364123,0,1.2622022211455e-16,49.2783439849,2.9710101736775e-17,-24.216911867934,-2.0803126272769e-17,2.0802758817422e-17,50.869973205859,50.869894333453,-1.8763348442657e-06,-1.8763536872552e-06,2.0802657117862e-17,-2.0802975022941e-17,1.8763406186765e-06,1.8763468667015e-06,50.869930045406,50.870008920757,18.488087430198,0.00018549350719631,4.927834398491e-05,1.0060246156994e-12,0,360.31505388234,100000340.20997,-1.4183794181298e-13,-0.0039499725349966,0.0069919989041439,345.64962034302,1.8807283724602e-05,918.325370871,803.35316471884
55.116499999998,-50.37279168681,-16.790944378018,2.8109650531217e-20,0.0015264873461333,1.7338596428796,0,1.9743347788654e-16,52.415002725343,4.743712524204e-17,-25.653134715067,-3.3215655486003e-17,3.3215083575749e-17,53.88689656115,53.886818258361,-3.0317608045068e-06,-3.0317913158868e-06,3.3214920027427e-17,-3.3215413825014e-17,3.0317701733847e-06,3.0317802666511e-06,53.886854201856,53.886932507579,19.585337157277,0.00019754332406164,5.2415002725353e-05,1.009122651841e-12,0,360.31505521373,100000341.4839,-1.4212243632831e-13,-0.0040233355812491,0.0070912972127152,348.74689127435,1.9262554202088e-05,926.69206564826,810.67970066933
55.216499999998,-56.404818945106,-18.801620983894,4.3769612417149e-20,0.0014958383731827,1.733875441586,0,3.0477435438473e-16,55.636610594844,7.4771717941262e-17,-27.061730456053,-5.2355441131107e-17,5.2354563115157e-17,56.845786425886,56.845708746759,-4.8348135919751e-06,-4.8348623618269e-06,5.2354303410589e-17,-5.235505989937e-17,4.8348285979455e-06,4.8348446925048e-06,56.845744917726,56.845822599772,20.661493210443,0.00020993448337323,5.5636610594855e-05,1.0124584987355e-12,0,360.31505662851,100000342.83735,-1.4237223635939e-13,-0.0040972572238723,0.0071905856621112,351.77905160979,1.9703979958478e-05,934.88525237417,817.85442681545
55.316499999998,-62.802571141914,-20.934205892096,6.7246251440223e-20,0.0014633407813159,1.7338909251831,0,4.6433163695461e-16,58.942241613248,1.1635801989138e-16,-28.441387653061,-8.1474327718174e-17,8.1472998088856e-17,59.743887995828,59.743810991862,-7.6102195370707e-06,-7.6102964947101e-06,8.147259084281e-17,-8.1473733866829e-17,7.6102432655957e-06,7.610268600368e-06,59.743847387634,59.743924394501,21.715553315343,0.0002226637200865,5.8942241613261e-05,1.0144355132564e-12,0,360.31505812893,100000344.27243,-1.42545708542e-13,-0.0041717505713937,0.00728986425429,354.74435717522,2.0127837499527e-05,942.90006464222,824.87307352054
55.416499999998,-69.563769033477,-23.187939348122,1.019452560984e-19,0.0014289474771221,1.7339060864593,0,6.9822485077304e-16,62.33040301424,1.787838997771e-16,-29.790868443099,-1.2518516594125e-16,1.2518317979794e-16,62.578601017809,62.578524738329,-1.1824363435691e-05,-1.1824483328702e-05,1.2518254911228e-16,-1.251842524468e-16,1.1824400481485e-05,1.1824439852418e-05,62.57856135745,62.578637639811,22.746571424353,0.00023572556339524,6.2330403014253e-05,1.0168383161799e-12,0,360.31505971715,100000345.79123,-1.4278163075351e-13,-0.0042468285037286,0.0073891329912083,357.6410887596,2.0530195255245e-05,950.73170152218,831.73142836892
55.516499999998,-76.684107799223,-25.56138640442,1.5250852059399e-19,0.0013926124001887,1.7339209183947,0,1.0363432028424e-15,65.798988299923,2.7124727049202e-16,-31.109006127697,-1.8992836939739e-16,1.8992544297787e-16,65.347474726668,65.347399219097,-1.8136382066832e-05,-1.8136566486626e-05,1.8992447830267e-16,-1.8992698166604e-16,1.8136439175034e-05,1.813649958158e-05,65.347436061163,65.347511571597,23.7536558589,0.00024911214481758,6.5798988299937e-05,1.017966661184e-12,0,360.31506139534,100000347.39578,-1.4296898069083e-13,-0.0043225035746293,0.0074883918748224,360.4675642764,2.0906966276154e-05,958.37546081522,838.42536530857
55.616499999998,-84.15707860353,-28.052377440954,2.2515095703041e-19,0.0013542908847217,1.733935414222,0,1.5183683949781e-15,69.345230738559,4.0638553872173e-16,-32.394704865232,-2.8455269836662e-16,2.845484453303e-16,68.048207199026,68.048132509052,-2.746277000367e-05,-2.7463050109165e-05,2.8454698788072e-16,-2.8455061623952e-16,2.7462856935422e-05,2.7462948445736e-05,68.048169574589,68.048244267404,24.735969061261,0.00026281300787245,6.9345230738574e-05,1.0198526808911e-12,0,360.31506316557,100000349.08805,-1.4323959733763e-13,-0.0043987879066178,0.0075876409070884,363.22215189237,2.1253948860119e-05,965.8267749678,844.95087612442
55.716499999997,-91.973800705747,-30.657952201856,3.2804329722862e-19,0.0013139400467452,1.7339495674895,0,2.1960415046443e-15,72.965659431361,6.0128158961425e-16,-33.64694104712,-4.2101965414926e-16,4.2101355758532e-16,70.678648244136,70.67857441583,-4.1057007303072e-05,-4.1057427414844e-05,4.2101138247145e-16,-4.2101656853073e-16,4.105713798255e-05,4.1057274869431e-05,70.678611706186,70.678685537309,25.692728635185,0.0002768149275988,7.2965659431377e-05,1.0181625914283e-12,0,360.31506502984,100000350.86994,-1.4351021396664e-13,-0.004475693078665,0.0076868800899615,365.90328408924,2.1566835452326e-05,973.08124955352,851.30410416313
55.816499999997,-100.12287033318,-33.374309419849,4.7172913645454e-19,0.0012715191947497,1.7339633721297,0,3.1355932882672e-15,76.656060140475,8.7864973284425e-16,-34.864766020747,-6.1523388308147e-16,6.152252636527e-16,73.236805123728,73.23673219958,-6.0605020961307e-05,-6.0605643213378e-05,6.1522205680413e-16,-6.1522936616982e-16,6.0605214966964e-05,6.0605417170072e-05,73.23676971684,73.236842643779,26.6232094174,0.00029110174849945,7.6656060140492e-05,1.0179378891307e-12,0,360.31506699005,100000352.74323,-1.4380164725947e-13,-0.0045532300072587,0.0077861094253964,368.50947258402,2.1841286478223e-05,980.13470411326,857.48138012505
55.916499999997,-108.59023319262,-36.196764320048,6.6955625436905e-19,0.001226990260385,1.7339768225301,0,4.4202090519955e-15,80.411443157211,1.2681904047854e-15,-36.04730987198,-8.8799174425529e-16,8.8797972548983e-16,75.720850497576,75.720778518485,-8.8336192993767e-05,-8.8337103234733e-05,8.8797505442792e-16,-8.8798521238391e-16,8.8336477459141e-05,8.83367724291e-05,75.720816265397,75.720888247251,27.526746360356,0.00030565424989098,8.0411443157228e-05,1.0140110745153e-12,0,360.31506904798,100000354.70963,-1.4407920274661e-13,-0.0046314088218419,0.0078853289153475,371.03932398292,2.2073030185585e-05,986.98321501684,863.47925962855
56.016499999997,-117.35908797946,-39.119716456485,9.3809313013074e-19,0.001180318244486,1.7339899136062,0,6.1523473091586e-15,84.226020560763,1.8080830239144e-15,-37.193786009421,-1.2660266127026e-15,1.2660100852097e-15,78.129132053205,78.129061058419,-0.00012714809482044,-0.00012714940994515,1.2660033627589e-15,-1.2660172809258e-15,0.00012714850680795,0.00012714893178286,78.129099038334,78.129170035852,28.402738029121,0.0003204500479711,8.4226020560782e-05,1.008287713644e-12,0,360.31507120528,100000356.77066,-1.4434288042842e-13,-0.0047102387360207,0.0079845385617678,373.49155599926,2.2257931360406e-05,993.62315988001,869.2945621382
56.116499999997,-126.40982846951,-42.136630409353,1.2974924669848e-18,0.0011314716723889,1.7340026408761,0,8.455681496408e-15,88.093195227926,2.5465627729375e-15,-38.30349630796,-1.7831129484453e-15,1.7830905357314e-15,80.460183310462,80.460113337489,-0.00018074117821744,-0.00018074305507973,1.7830809758893e-15,-1.783099776253e-15,0.00018074176762027,0.00018074237237366,80.460151554307,80.460221529979,29.25065052715,0.00033546354400157,8.8093195227945e-05,1.0006369397643e-12,0,360.31507346343,100000358.92772,-1.4461349698723e-13,-0.0047897279162964,0.0080837383666106,375.86501401575,2.2392047511047e-05,1000.0512629387,874.92441073264
56.216499999997,-135.72003167347,-45.240031836772,1.7717557248184e-18,0.0010804230511726,1.7340150005355,0,1.1476393574833e-14,92.005563881064,3.5435005934109e-15,-39.375836575922,-2.4811726150147e-15,2.4811426445434e-15,82.712735105816,82.712666190298,-0.00025375737424422,-0.00025376002024634,2.4811292099734e-15,-2.4811542429438e-15,0.00025375820725501,0.00025375905733555,82.712704648423,82.712773566602,30.070021670861,0.0003506659277564,9.2005563881084e-05,9.8833725552264e-13,0,360.31507582371,100000361.18202,-1.44897991318e-13,-0.0048698833504837,0.0081829283318281,378.15868772372,2.2471784765071e-05,1006.2646406508,880.3662720727
56.316499999997,-145.26449902318,-48.421521203599,2.3888476451119e-18,0.0010271493202323,1.734026989531,0,1.5383526072896e-14,95.954936268382,4.8718785988365e-15,-40.410302112185,-3.411307969666e-15,3.4112684537669e-15,84.885727265643,84.885659441215,-0.00035191411154743,-0.00035191779691939,3.4112497947417e-15,-3.4112826471178e-15,0.00035191527470779,0.0003519164551629,84.885698145512,84.88576597256,30.860465234552,0.00036602524466158,9.5954936268403e-05,9.6846796767912e-13,0,360.31507828723,100000363.53459,-1.4516860784655e-13,-0.0049507107183141,0.0082821084593725,380.37172752645,2.2493957724342e-05,1012.260846673,885.61799582346
56.416499999997,-155.01535658379,-51.671807185693,3.1806091215903e-18,0.00097163228550172,1.7340386056303,0,2.0368103704646e-14,99.932372245459,6.6190285733724e-15,-41.406493120003,-4.6346690653182e-15,4.634617697348e-15,86.97831997853,86.978253276637,-0.0004821229159261,-0.0004821279875974,4.6345920824717e-15,-4.6346345705647e-15,0.00048212452073551,0.00048212614027609,86.978292232399,86.978358936863,31.621675087487,0.00038150653380272,9.9932372245481e-05,9.4379524974537e-13,0,360.31508085485,100000365.98622,-1.4544616325652e-13,-0.0050322142670535,0.0083812787511944,382.50346035335,2.2455890489075e-05,1018.0379152532,890.67785268844
56.516499999997,-164.94221881992,-54.980761258905,4.1824219008266e-18,0.00091385902678093,1.7340498474881,0,2.6640774253525e-14,103.92823805528,8.8874829946204e-15,-42.36411974588,-6.2230495404553e-15,6.2229837121686e-15,88.989904379908,88.989838829639,-0.00065257981588173,-0.00065258671271188,6.2229489518168e-15,-6.2230030946151e-15,0.00065258200390145,0.00065258419942107,88.98987804255,88.989943595333,32.353429046159,0.0003970720421429,0.0001039282380553,9.0687466385467e-13,0,360.3150835272,100000368.5375,-1.4570984086864e-13,-0.0051143966951996,0.0084804392092447,384.55340450137,2.2355570970738e-05,1023.5944019907,895.54457013942
56.616499999997,-175.01241847242,-58.337494324812,5.4325903559024e-18,0.00085382226708999,1.7340607147053,0,3.4427794805046e-14,107.93228247945,1.1795280089776e-14,-43.283006516666,-8.2591002211807e-15,8.2590170673164e-15,90.920111872626,90.920047500525,-0.00087281361543586,-0.00087282288441557,8.258970431455e-15,-8.2590383987981e-15,0.00087281656377253,0.00087281950508718,90.920086976629,90.92015135118,33.055592268448,0.00041268151784792,0.00010793228247947,8.5856168214886e-13,0,360.31508630464,100000371.18873,-1.4604984630667e-13,-0.0051972590474724,0.0085795898354735,386.52128309757,2.2191658065809e-05,1028.9294208637,900.21736487693
56.716499999997,-185.19130269648,-61.730455423805,6.9714240250525e-18,0.00079152069281037,1.7340712078798,0,4.396530269034e-14,111.93373278734,1.5475570433594e-14,-44.163095958353,-1.0836053660235e-14,1.0835950135869e-14,92.768821728583,92.768758558468,-0.0011536780589943,-0.0011536903718645,1.0835888268663e-14,-1.0835972299962e-14,0.0011536819859928,0.0011536858806181,92.768798304137,92.768861476632,33.728120024166,0.00042829258268071,0.00011193373278737,7.9383431877344e-13,0,360.31508918727,100000373.93998,-1.4634127948391e-13,-0.0052808006243704,0.0086787306318303,388.40703577356,2.1963604856709e-05,1034.0426764084,904.69597104387
56.816499999997,-195.44259281904,-65.147551654394,8.8400287858243e-18,0.00072695921368809,1.7340813286468,0,5.5491953857548e-14,115.92140953955,2.007539511999e-14,-45.004451196543,-1.4056868608756e-14,1.4056741603765e-14,94.536166551261,94.536104604038,-0.0015072752887725,-0.0015072914583513,1.4056660438157e-14,-1.4056762728393e-14,0.0015072804596935,0.0015072855574318,94.536144625952,94.536206575468,34.371059689077,0.00044386117999015,0.00011592140953957,7.0961515684568e-13,0,360.31509217488,100000376.79103,-1.4659107929849e-13,-0.0053650189094448,0.008777861600264,390.21082815111,2.1671710216453e-05,1038.9344899608,908.98066323888
56.916499999997,-205.728802082,-68.576287421251,1.1078842409249e-17,0.00066014915258683,1.7340910797084,0,6.9240172098555e-14,119.88385838707,2.5753545494247e-14,-45.807257362874,-1.8032731393227e-14,1.8032577886389e-14,96.222535230049,96.222474523555,-0.0019468009380072,-0.0019468219333792,1.8032472562457e-14,-1.8032595114003e-14,0.0019468076704169,0.0019468142674871,96.222514828664,96.222575537346,34.984551827968,0.00045934209119015,0.0001198838583871,6.0329432039275e-13,0,360.31509526698,100000379.74139,-1.4687557358817e-13,-0.0054499095172183,0.0088769827427227,391.93305876973,2.1317118506327e-05,1043.6058189552,913.07227344782
57.016499999997,-216.01170269059,-72.003920118318,1.372597883165e-17,0.00059110835622345,1.7341004648481,0,8.5426412976961e-14,123.80949607415,3.267747054209e-14,-46.571821663398,-2.2880890458093e-14,2.2880707710792e-14,97.828573083849,97.82851363271,-0.0024863056833339,-0.00248633264296,2.2880572502249e-14,-2.2880716943371e-14,0.0024863143518966,0.0024863227943185,97.828554228201,97.828613681417,35.568830256541,0.00047468950990868,0.00012380949607418,4.6963564427645e-13,0,360.31509846278,100000382.79027,-1.4709761784376e-13,-0.0055354661642649,0.0089760940611546,393.57436313467,2.0901886534071e-05,1048.0582684036,916.97220112616
57.116499999997,-226.25283061709,-75.417628396862,1.6815471238177e-17,0.00051986121996189,1.734109488933,0,1.0424098609894e-13,127.68676698258,4.1019266625826e-14,-47.298572003812,-2.8721848364148e-14,2.8721634150711e-14,99.355178973229,99.355120788738,-0.0031403738518746,-0.003140408093643,2.8721462404096e-14,-2.8721629777741e-14,0.0031403848922183,0.0031403955781597,99.355161682016,99.355219868455,36.124221001544,0.00048985765950501,0.00012768676698261,2.9771984362894e-13,0,360.31510176117,100000385.93658,-1.4728496764691e-13,-0.0056216806654331,0.0090751955575064,395.13561463263,2.0428915587921e-05,1052.2940938645,920.68241582552
57.216499999997,-236.41401414003,-78.804688345441,2.0375523348672e-17,0.00044643862205582,1.7341181578988,0,1.2583807851239e-13,131.50430581546,5.0950859448903e-14,-47.988054111498,-3.5675988182036e-14,3.5675741050391e-14,100.80349925495,100.80344234498,-0.0039237262826582,-0.0039237693099248,3.5675525141569e-14,-3.5675715670892e-14,0.0039237401939865,0.0039237535748003,100.80348354363,100.8035404554,36.651140112955,0.0005048014366695,0.00013150430581549,8.8545107142252e-14,0,360.31510516075,100000389.17898,-1.4756252309453e-13,-0.0057085429565084,0.0091742872337247,396.61792214601,1.9901895848998e-05,1056.3161954344,924.2054519564
57.316499999997,-246.45791024605,-82.152652290782,2.4426888056946e-17,0.00037087776539676,1.7341264787216,0,1.5032666422621e-13,135.25110147277,6.263856240444e-14,-48.64092714351,-4.385976322716e-14,4.3859482780428e-14,102.17491855608,102.17486292502,-0.0048507614421326,-0.0048508149449108,4.3859214092526e-14,-4.3859426932421e-14,0.0048507787882874,0.0048507953680004,102.1749044368,102.17496006947,37.150090319569,0.00051947706159394,0.00013525110147279,-1.7392454060694e-13,0,360.31510865982,100000392.51581,-1.4789558972425e-13,-0.0057960411438354,0.0092733690917557,398.02262429496,1.9325273076548e-05,1060.1281025625,927.54439551079
57.416499999997,-256.34853196004,-85.449524574424,2.8981490821649e-17,0.00029322192775773,1.7341344593726,0,1.7776296051927e-13,138.91665687322,7.6237260615822e-14,-49.257957820916,-5.3381624702548e-14,5.338131188924e-14,103.47104745255,103.47099310133,-0.0059350550532351,-0.0059351209038758,5.3380980815569e-14,-5.3381213801705e-14,0.0059350764619636,0.0059350967950544,103.47103493409,103.47108928672,37.621656558497,0.0005338427139419,0.00013891665687325,-4.8791917266295e-13,0,360.3151122564,100000395.94517,-1.4814538966554e-13,-0.0058841615805721,0.0093724411335446,399.35128034231,1.8704146251093e-05,1063.7339497723,930.70286281834
57.516499999997,-266.05174953766,-88.683928617153,3.4041401485589e-17,0.00021352012465616,1.7341421087595,0,2.0814500010014e-13,142.49113947326,9.1884518259812e-14,-49.840013180539,-6.4337895623505e-14,6.4337553022049e-14,104.69370724348,104.69365416955,-0.007188843479826,-0.007188923722771,6.4337148996431e-14,-6.4337398405002e-14,0.0071888696400827,0.0071888943274594,104.69369633125,104.69374940634,38.066500447776,0.00054785913375091,0.00014249113947328,-8.545592642497e-13,0,360.31511594825,100000399.4649,-1.4839518965325e-13,-0.0059728889683817,0.0094715033610365,400.6056579055,1.8044110826769e-05,1067.1384436719,933.68497166918
57.616499999997,-275.53574928764,-91.845259859587,3.9598233696801e-17,0.00013182669291001,1.7341494366544,0,2.4140973771637e-13,145.96551752419,1.0969493203981e-13,-50.388052082316,-7.6808817097218e-14,7.6808449179425e-14,105.84491211148,105.84486030887,-0.0086225191846035,-0.0086226160200991,7.6807960735088e-14,-7.6808221067178e-14,0.0086225508418162,0.0086225805249988,105.84490280751,105.84495461101,38.485353807361,0.00056149016746448,0.00014596551752422,-1.2978275842395e-12,0,360.31511973287,100000403.07259,-1.4865886748338e-13,-0.0060622064825214,0.0095705557761755,401.7877177256,1.7351165732866e-05,1070.3468219193,936.49530538643
57.716499999997,-284.77143556553,-94.923819760042,4.5633018526924e-17,4.8200823596155e-05,1.7341564536096,0,2.7743291717342e-13,149.3316776946,1.2975505236969e-13,-50.90311565194,-9.0854992115258e-14,9.0854605473332e-14,106.92684904645,106.9267985059,-0.010244167326115,-0.010244283088096,9.0854020330261e-14,-9.0854284134135e-14,0.010244205275443,0.01024424062907,106.92684134952,106.92689189063,38.879011365468,0.00057470324153649,0.00014933167769462,-1.8188219354688e-12,0,360.31512360752,100000406.76564,-1.4886703422527e-13,-0.0061520959175276,0.0096695983809052,402.89959583914,1.6631556005401e-05,1073.3648050697,939.13887066103
57.816499999997,-293.73276406524,-97.910926891695,5.2116562001812e-17,3.7294280359858e-05,1.7341631708645,0,3.1603171202551e-13,152.58252051429,1.5211916547815e-13,-51.386316871458,-1.0651443216561e-13,1.0651403568872e-13,107.94185597957,107.94180668864,-0.012059170828886,-0.012059307957569,1.0651334086767e-13,-1.0651359861112e-13,0.012059215906623,0.012059257629473,107.94184988525,107.94189917638,39.24832281252,0.00058746974927361,0.00015258252051431,-2.417875194132e-12,0,360.31512756929,100000410.54124,-1.4915846776544e-13,-0.0062425378500596,0.0097686311771688,403.94358358015,1.5891629033574e-05,1076.1985424566,941.62105015542
57.916499999997,-302.39699776016,-100.79900225591,5.9010259341389e-17,0.00012459106763454,1.7341696002441,0,3.5696994470748e-13,155.71203112309,1.7680617697123e-13,-51.838829553785,-1.2380037508974e-13,1.2379998007857e-13,108.89239862314,108.89235056642,-0.014069907196651,-0.014070068206666,1.2379916203883e-13,-1.2379940204085e-13,0.014069960270009,0.014070009074843,108.89239412399,108.89244218052,39.594184382803,0.00059976534060345,0.00015571203112312,-3.1078351874243e-12,0,360.31513161508,100000414.39643,-1.4949153474882e-13,-0.0063335118149627,0.0098676541669089,404.92210590069,1.5137708527216e-05,1078.8545534233,943.94755102997
58.016499999997,-310.74488043535,-103.58162712633,6.6267305802176e-17,0.00021361963331829,1.7341757540535,0,3.9996550702498e-13,158.71532393851,2.0379776587452e-13,-52.261876949562,-1.4269999253428e-13,1.4269961274521e-13,109.78104653818,109.78099969742,-0.016275554362569,-0.016275741807703,1.4269865754162e-13,-1.4269886596998e-13,0.016275616318176,0.01627567292075,109.78104362384,109.78109046397,39.917530153553,0.00061157010891554,0.00015871532393853,-3.8893757957391e-12,0,360.31513574164,100000418.32812,-1.4979684624451e-13,-0.0064249964903242,0.0099666673520673,405.83769853704,1.4375961338719e-05,1081.3396653309,946.12435064183
58.116499999997,-318.76072647742,-106.25357297821,7.383421843122e-17,0.00030430734257355,1.734181644969,0,4.4469946746352e-13,161.588661022,2.3303789521341e-13,-52.656720236034,-1.6317404725578e-13,1.6317369887003e-13,110.6104489541,110.61040330848,-0.018672015610946,-0.018672232046766,1.6317259232448e-13,-1.6317275326159e-13,0.018672087342468,0.018672152450127,110.61044761155,110.61049325604,40.219323252196,0.00062286867373968,0.00016158866102202,-4.78663711564e-12,0,360.3151399456,100000422.3331,-1.5007440226045e-13,-0.0065169698871649,0.010065670734586,406.69298456346,1.3612259789548e-05,1083.6609498144,948.15764070322
58.216499999997,-326.43242916194,-108.81080425094,8.165256686027e-17,0.00039657983931526,1.7341872859298,0,4.9082626830566e-13,164.3294450384,2.6443367903138e-13,-53.024647128606,-1.8515750020866e-13,1.8515720172651e-13,111.38331084616,111.38326637252,-0.021251965806797,-0.021252213752494,1.8515592960767e-13,-1.8515602518373e-13,0.021252048202119,0.021252122502382,111.38331105988,111.38335553186,40.500547155685,0.00063365016246643,0.00016432944503842,-5.7815566729767e-12,0,360.31514422353,100000426.40808,-1.5030338612239e-13,-0.0066094095394952,0.010164664316404,407.49065086686,1.2852115497972e-05,1085.8256587347,950.05377116907
58.316499999997,-333.75139287113,-111.25045575329,8.9660805241881e-17,0.00049036164504715,1.7341926900311,0,5.3798439104598e-13,166.93618868435,2.9785752439273e-13,-53.366960837336,-2.0856101038206e-13,2.0856078244586e-13,112.10236973749,112.10232641057,-0.024005013587913,-0.024005295488707,2.0855933065135e-13,-2.0855934123983e-13,0.024005107516324,0.024005191665871,112.10237148972,112.10241481437,40.762197251834,0.00064390809824398,0.00016693618868437,-6.8933613765482e-12,0,360.31514857193,100000430.54974,-1.506156368214e-13,-0.0067022926907064,0.010263648099464,408.23342504501,1.2100591377055e-05,1087.841161197,951.81919505475
58.416499999997,-340.71239731209,-113.57078740292,9.7796100984078e-17,0.00058557676899054,1.7341978704226,0,5.858068977339e-13,169.40846327285,3.3315039714255e-13,-53.684969564549,-2.3327322149613e-13,2.332730866493e-13,112.77037363775,112.77033143048,-0.026917967479479,-0.026918285670892,2.3327144138434e-13,-2.3327134585198e-13,0.026918073779316,0.026918168393757,112.77037690871,112.77041911308,41.005272812729,0.00065364020445542,0.00016940846327287,-8.1173127100253e-12,0,360.31515298726,100000434.75471,-1.5090707095539e-13,-0.0067955964726597,0.010362622085704,408.92405318136,1.1362214566072e-05,1089.7148828775,953.46041527106
58.516499999997,-347.31340376769,-115.77111964267,1.0599606753321e-16,0.00068214928566533,1.734202840212,0,6.3393132910219e-13,171.74682974713,3.7012600689969e-13,-53.979976708459,-2.5916369234901e-13,2.5916367474178e-13,113.3900604649,113.39001934863,-0.029975188595667,-0.029975545270782,2.5916182268877e-13,-2.5916159868938e-13,0.029975308062801,0.029975413707545,113.39006523303,113.3901063457,41.230769506382,0.00066284813856677,0.00017174682974715,-9.4631754942666e-12,0,360.315157466,100000439.01965,-1.5118462742398e-13,-0.0068892980743443,0.010461586277063,409.56527888935,1.0640981866946e-05,1091.4542487307,954.98393441739
58.616499999997,-353.55531464112,-117.85175328877,1.1420032574838e-16,0.00078000386939758,1.7342076123765,0,6.820085439185e-13,173.95275575996,4.0857567260999e-13,-54.253271902749,-2.8608630369494e-13,2.8608642874905e-13,113.96413922291,113.96409916771,-0.033159009006051,-0.033159406186719,2.8608435722329e-13,-2.8608398152344e-13,0.033159142383578,0.033159259566044,113.96414546515,113.96418551601,41.439672546145,0.00067153716964042,0.00017395275575997,-1.093488909014e-11,0,360.31516200464,100000443.34123,-1.5151075627737e-13,-0.0069833748975555,0.01056054067548,410.15982394354,9.9403170566017e-06,1093.0666299559,956.39620830322
58.716499999997,-359.44169807488,-119.81387773674,1.2235183898852e-16,0.0008790662787694,1.7342121996831,0,7.297102041069e-13,176.02852258531,4.4827361541442e-13,-54.506122986122,-3.1388296433022e-13,3.1388325837606e-13,114.49527313307,114.49523410797,-0.036450193069233,-0.036450632581919,3.1388095546376e-13,-3.1388040428753e-13,0.036450341038606,0.036450470201977,114.49528082505,114.49531984503,41.632950549938,0.00067971581439138,0.00017602852258533,-1.2531941220764e-11,0,360.31516659974,100000447.71616,-1.5170504627842e-13,-0.0070778046976624,0.010659485282894,410.71037074017,9.263071749701e-06,1094.5592958946,957.70360378641
58.816499999997,-364.97848929306,-121.65947140867,1.3039798842861e-16,0.00097926378634106,1.7342166146175,0,7.7673473295968e-13,177.97712556332,4.8898242916465e-13,-54.739768960459,-3.4238744156891e-13,3.4238793146924e-13,114.98606484187,114.98602681508,-0.039828418980974,-0.039828902437708,3.4238538614478e-13,-3.4238463552458e-13,0.039828582154778,0.039828723673385,114.98607395816,114.98611197898,41.811550154335,0.00068739544645942,0.00017797712556333,-1.4257345097138e-11,0,360.31517124791,100000452.14125,-1.5201035871732e-13,-0.0071725657081558,0.01075842010124,411.21954675186,8.6115319156265e-06,1095.9393713191,958.91236133334
58.916499999997,-370.17367964921,-123.39119810242,1.3829137533198e-16,0.0010805255510456,1.7342208693231,0,8.2281168816965e-13,179.80217154343,5.3045849773698e-13,-54.955413963255,-3.7142915446676e-13,3.7142986723996e-13,115.43904375951,115.43900669869,-0.04327275921263,-0.043273287997282,3.7142706946057e-13,-3.7142609558229e-13,0.043272938129101,0.043273092305469,115.43905427385,115.43909132783,41.976391403321,0.00069458989268323,0.00017980217154344,-1.6109166159936e-11,0,360.31517594585,100000456.61335,-1.5229485461277e-13,-0.0072676367482551,0.010857345132457,411.68991106778,7.9874717734642e-06,1097.2137993746,960.02856253021
59.016499999997,-375.03700327021,-125.01230253941,1.4599035454361e-16,0.0011827829325132,1.7342249755505,0,8.6770458943084e-13,181.50777642503,5.7245715859829e-13,-55.154222250447,-4.0083678937004e-13,4.0083775182579e-13,115.85665552087,115.85661939333,-0.046762141092885,-0.046762716352742,4.0083469260261e-13,-4.0083347213388e-13,0.046762336212209,0.046762503275689,115.85666740639,115.85670352616,42.128363908952,0.00070131502874947,0.00018150777642505,-1.8085247231547e-11,0,360.31518069035,100000461.12944,-1.5251690060347e-13,-0.0073629973134064,0.010956260378479,412.12394304352,7.3921529659839e-06,1098.3893102516,961.05810261451
59.116499999997,-379.57962980466,-126.52650794715,1.534593173941e-16,0.0012859697482068,1.7342289446151,0,9.1121231709246e-13,183.09846543925,6.1473744979718e-13,-55.337314160516,-4.3044162377745e-13,4.3044286217446e-13,116.24125350771,116.24121828061,-0.050275772134025,-0.050276394776469,4.3043953362021e-13,-4.3043804401313e-13,0.050275983836358,0.050276163943292,116.24126673711,116.24130195546,42.268323761839,0.00070758838481033,0.00018309846543927,-2.0189713771023e-11,0,360.31518547834,100000465.68659,-1.5273894673594e-13,-0.0074586276489492,0.011055165841244,412.52403302545,6.8263974900305e-06,1099.4723955067,962.00666795445
59.216499999997,-383.81387028526,-127.93791801351,1.606687522514e-16,0.0013900224755989,1.7342327873655,0,9.531692527023e-13,184.57907833355,6.5706631875241e-13,-55.505763010321,-4.6008047335057e-13,4.6008201308503e-13,116.59509232809,116.59505796862,-0.053793518449707,-0.053794189143604,4.6007840843904e-13,-4.6007662820034e-13,0.053793747034819,0.053793940270067,116.5951068738,116.5951412235,42.397091153733,0.00071342876976701,0.00018457907833356,-2.2417725222327e-11,0,360.31519030684,100000470.282,-1.5298180969276e-13,-0.0075545088076567,0.011154061522685,412.89247506798,6.2906063780157e-06,1100.4692878153,962.87971828786
59.316499999997,-387.75290151548,-129.2509250156,1.6759511707852e-16,0.0014948804026803,1.7342365141594,0,9.9344436429188e-13,185.95468109971,6.9922221249545e-13,-55.660592857423,-4.8959820581633e-13,4.8960007114794e-13,116.92032311588,116.92028959145,-0.057296228419528,-0.057296947600857,4.8959618478012e-13,-4.8959409370304e-13,0.057296474107933,0.057296680487597,116.92033895027,116.92037246389,42.515448662475,0.00071885592085586,0.00018595468109972,-2.4765409802732e-11,0,360.31519517303,100000474.91299,-1.5331487841303e-13,-0.0076506226921242,0.011252947424738,413.23146152167,5.7848348893476e-06,1101.3859458332,963.68247343835
59.416499999997,-391.41051290365,-130.47012543098,1.7422056109654e-16,0.0016004857308775,1.7342401348481,0,1.0319394522691e-12,187.23048541498,7.409980076115e-13,-55.80277705264,-5.188497925239e-13,5.1885200634248e-13,117.21899049033,117.21895776868,-0.06076599735845,-0.060766765239566,5.1884783373819e-13,-5.1884541309427e-13,0.060766260293834,0.060766479768975,117.21900758583,117.21904029558,42.624140141125,0.0007238901833059,0.00018723048541499,-2.7234116557503e-11,0,360.3152000742,100000479.57699,-1.5355774165476e-13,-0.0077469520832313,0.011351823549336,413.54307934311,5.3088367773446e-06,1102.228043769,964.41990415892
59.516499999997,-394.80087825908,-131.60024386989,1.8053253255592e-16,0.0017067836349758,1.7342436587675,0,1.0685867690304e-12,188.41177651612,7.822032721346e-13,-55.9332374998,-5.47701892233e-13,5.4770447586894e-13,117.49303100109,117.49299905043,-0.064186372147228,-0.064187188729139,5.4770001359683e-13,-5.4769724628594e-13,0.064186652399985,0.064186884861116,117.49304933032,117.49308126796,42.723870147871,0.00072855222304404,0.00018841177651613,-2.9824454589364e-11,0,360.3152050078,100000484.27159,-1.5384917729517e-13,-0.0078434806560415,0.011450689898412,413.82930795881,4.8621017573009e-06,1103.0009652134,965.09672670684
59.616499999997,-397.93835384793,-132.64606576027,1.8652330738828e-16,0.001813722284933,1.7342470947367,0,1.1033462109403e-12,189.50384984173,8.2266587987333e-13,-56.052844536576,-5.7603398147231e-13,5.7603695455012e-13,117.74427287791,117.74424166704,-0.067542497452948,-0.067543362539991,5.760322002161e-13,-5.7602907087508e-13,0.067542795024607,0.067543040306801,117.74429241381,117.74432361053,42.815303850963,0.00073286277388847,0.00018950384984174,-3.2526807479477e-11,0,360.31520997141,100000488.9945,-1.5418918533287e-13,-0.0079401929845848,0.0115495464739,414.09201850538,4.4438852276594e-06,1103.7098007446,965.71740072871
59.716499999997,-400.83730296469,-133.61237887207,1.9218946985984e-16,0.0019212528345558,1.7342504510601,0,1.1362022592282e-12,190.5119564515,8.622330196375e-13,-56.162417350412,-6.0373906120453e-13,6.0374244153933e-13,117.97443690435,117.97440640273,-0.070821207258919,-0.070822120475145,6.0373739372859e-13,-6.0373388880057e-13,0.070821522087233,0.070821779975635,117.97445762027,117.97448810657,42.899067342962,0.00073684241936109,0.0001905119564515,-3.5347034391082e-11,0,360.31521496273,100000493.74356,-1.5447368235732e-13,-0.008037074536995,0.011648393277731,414.3329742661,4.0532907496397e-06,1104.3593488209,966.28613002624
59.816499999997,-403.51194645064,-134.50392348977,1.9753137179599e-16,0.0020293293819348,1.7342537355365,0,1.1671608195222e-12,191.4412569728,9.0077165758588e-13,-56.262724845963,-6.3072398056527e-13,6.3072778409921e-13,118.18513823996,118.1851084178,-0.074011066931767,-0.074012027738548,6.3072244230957e-13,-6.307185500762e-13,0.074011398896318,0.074011669131881,118.18516010974,118.18518991539,42.975748300457,0.00074051140821093,0.0001914412569728,-3.8271957016484e-11,0,360.31521997962,100000498.51674,-1.5479981288113e-13,-0.0081341116624409,0.011747230311837,414.55383212524,3.689290761357e-06,1104.9541194755,966.80686577958
59.916499999997,-405.97623793864,-135.32535082764,2.0255259211338e-16,0.0021379089063296,1.7342569554697,0,1.1962460816738e-12,192.2967836251,9.3816852094297e-13,-56.354486884972,-6.5690942546221e-13,6.5691366623787e-13,118.37788902473,118.37785985304,-0.077102372018557,-0.077103379732804,6.5690803080634e-13,-6.5690374138716e-13,0.077102720946644,0.077103003231947,118.37791202277,118.37794117673,43.045896928793,0.00074388950193231,0.00019229678362511,-4.1298379823369e-11,0,360.31522502007,100000503.31214,-1.550565545993e-13,-0.0082312915712315,0.01184605757815,414.75614487014,3.350751209968e-06,1105.4983403518,967.28331182209
60.016499999997,-390.22750642007,-130.075946943,2.0044810365318e-16,0.0022464753803474,1.7342566006647,0,1.1851829269241e-12,184.67346155433,9.7379020666727e-13,-56.404516056444,-6.8184902300057e-13,6.8185657118947e-13,118.48297805323,118.48294953421,-0.080040686114185,-0.080041533423628,6.8184778536235e-13,-6.8184595525715e-13,0.080041051564187,0.080041139528416,118.48299801771,118.48302651734,43.086318586683,0.00071303336655267,0.00018467346155314,-4.4426250215272e-11,0,360.31523008221,100000508.10697,-1.5534799090499e-13,-0.0083178256866927,0.011928570863693,414.27752764031,-0.00011250570737111,1104.1914342442,966.13822343589
60.116499999997,-306.40972946058,-102.13651986601,1.3335091985801e-16,0.0023357291190562,1.7342415816127,0,7.9465003898684e-13,148.03511529542,9.7014764510494e-13,-55.250688134785,-6.7929686775458e-13,6.7930625015732e-13,116.05924904862,116.05922145654,-0.079657794732603,-0.079658526635402,6.7929580251172e-13,-6.7929542426954e-13,0.079658160945767,0.079658132241762,116.05927330802,116.05930088022,42.212639313865,0.00056955642909596,0.00014803511529532,-4.6889078275579e-11,0,360.31523432363,100000512.04883,-1.5567412130054e-13,-0.0083443100947158,0.011928570863693,411.05086299477,-6.9951077437363e-05,1095.4165461172,958.45104738576
60.216499999997,-278.26346038403,-92.754438410788,9.2648343284513e-17,0.0024161064730921,1.7342280397073,0,5.5603051429771e-13,137.71034015288,9.281346706381e-13,-53.937341957304,-6.4987965921667e-13,6.4988854684751e-13,113.30043883428,113.30041170367,-0.076075636567693,-0.076076357538573,6.4987876241853e-13,-6.4987801015546e-13,0.076075988070758,0.076075979203983,113.30046452721,113.30049163727,41.209076252808,0.00052906280387277,0.00013771034015281,-4.8602455561501e-11,0,360.31523808357,100000515.59856,-1.5595861816502e-13,-0.0083681907270459,0.011928570863693,408.14502980003,-4.8831550579627e-05,1087.5174696044,951.53131059416
60.316499999997,-255.36113344163,-85.120333083229,6.5748257455998e-17,0.0024913560429843,1.7342153517694,0,3.9723698065452e-13,129.3533796069,8.6647225728256e-13,-52.695913131367,-6.067038272903e-13,6.0671207266861e-13,110.69269831253,110.69267154093,-0.070885703192608,-0.070886390266471,6.0670308267736e-13,-6.0670210129764e-13,0.070886032018092,0.070886036494353,110.69272489891,110.69275164957,40.260292521991,0.00049632398088606,0.00012935337960685,-4.9824495383931e-11,0,360.31524160011,100000518.92175,-1.5618760374715e-13,-0.0083905662861454,0.011928570863692,405.42456528589,-4.2798487498517e-05,1080.1250056182,945.05553203027
60.416499999997,-235.60984872137,-78.53657442624,4.7506553591433e-17,0.0025622219826026,1.7342033944072,0,2.8884977291881e-13,122.06204179775,7.9595071580898e-13,-51.524375015999,-5.5732476581279e-13,5.5733231472014e-13,108.23177008105,108.23174362798,-0.06499255868678,-0.064993199275175,5.5732415328563e-13,-5.5732305161018e-13,0.064992861169048,0.064992873957213,108.23179743985,108.23182387182,39.364949039461,0.00046779726720604,0.00012206204179771,-5.0722478075147e-11,0,360.31524491022,100000522.0513,-1.5652761151399e-13,-0.0084116542197443,0.011928570863692,402.8626292145,-3.8202922488663e-05,1073.1655528333,938.9591908051
60.516499999997,-218.3632827502,-72.787721634809,3.4875574492347e-17,0.0026292335522856,1.7341920798357,0,2.1333361031584e-13,115.61655443956,7.2301119033567e-13,-50.414970716125,-5.0625258547677e-13,5.0625943167701e-13,105.90135999887,105.90133383448,-0.058928947637815,-0.058929536082099,5.0625208501363e-13,-5.0625093696115e-13,0.058929222672507,0.05892924036772,105.90138805468,105.90141419793,38.517117534084,0.00044261037219272,0.00011561655443952,-5.1391684222092e-11,0,360.31524803907,100000525.0106,-1.5678435245104e-13,-0.00843160921643,0.011928570863692,400.44011514595,-3.4367462104353e-05,1066.5867270285,933.19637307754
60.616499999997,-203.16662061639,-67.722169823737,2.59679917937e-17,0.0026928209362506,1.7341813366651,0,1.5976308139001e-13,109.86711847383,6.5145391151872e-13,-49.361068710796,-4.561482226827e-13,4.5615438822336e-13,103.68753790094,103.68751200069,-0.053004815350334,-0.053005350232819,4.561478159904e-13,-4.5614667081174e-13,0.053005063344935,0.053005083655279,103.68756659234,103.68759247151,37.711724116549,0.00042016849684405,0.0001098671184738,-5.189627886035e-11,0,360.31525100705,100000527.81866,-1.5708272666105e-13,-0.0084505570761149,0.011928570863691,398.14148255234,-3.1117516401493e-05,1060.345956423,927.72976760877
60.716499999996,-189.67185639631,-63.22391707105,1.9583134577788e-17,0.0027533410255212,1.7341711056386,0,1.2114713614005e-13,104.69897642315,5.8344566218552e-13,-48.35711627434,-4.085288689584e-13,4.0853439197995e-13,101.57863973989,101.57861408318,-0.047393927260983,-0.047394409710144,4.0852854003168e-13,-4.0852742972648e-13,0.047394149488507,0.047394170879386,101.57866901478,101.57869465054,36.944520561036,0.00040001653993802,0.00010469897642312,-5.2288337607538e-11,0,360.31525383104,100000530.49124,-1.5730477295799e-13,-0.0084686022192892,0.011928570863691,395.95383188135,-2.8335538943669e-05,1054.4079288318,922.52842702798
60.816499999996,-177.6069954656,-59.202298542017,1.4939265327904e-17,0.0028110938050833,1.7341613369253,0,9.2908595459028e-14,100.02214887568,5.2013407524046e-13,-47.39841570186,-3.6419810388792e-13,3.6420303087993e-13,99.564797524306,99.564772093656,-0.042186021154872,-0.042186453774259,3.6419783906048e-13,-3.6419678357644e-13,0.042186219351504,0.04218624080783,99.56482733787,99.564852747728,36.211913158499,0.00038179808679442,0.00010002214887565,-5.2592267379676e-11,0,360.31525652521,100000533.0416,-1.5756845254676e-13,-0.0084858324584689,0.011928570863691,393.86631605587,-2.5932933999569e-05,1048.7429677216,917.56634391962
60.916499999996,-166.75606728287,-55.585324087736,1.1516853317473e-17,0.0028663342589959,1.7341519881509,0,7.1989247429996e-14,95.764948901166,4.6203009523835e-13,-46.480950983776,-3.2351369571608e-13,3.2351807660328e-13,97.637575231247,97.637550011715,-0.03741891934684,-0.037419305533942,3.235134834894e-13,-3.2351249438093e-13,0.037419095460688,0.037419116325781,97.63760554457,97.637630743504,35.510829973323,0.00036522948462097,9.5764948901144e-05,-5.2839857187161e-11,0,360.31525910161,100000535.48101,-1.5780437649546e-13,-0.0085023224665035,0.011928570863691,391.86971233233,-2.3841503673981e-05,1043.325852546,912.82141656807
61.016499999996,-156.94521589865,-52.315041750458,8.9642306042593e-18,0.0029192812552186,1.7341430229287,0,5.6308349297923e-14,91.869470418502,4.092499117687e-13,-45.601256948303,-2.8655700377582e-13,2.8656088883383e-13,95.789693927044,95.789668905745,-0.033098639275883,-0.033098982788998,2.8655683456525e-13,-2.8655591758002e-13,0.033098795311024,0.033098815176074,95.789724706028,95.789749706932,34.838620632915,0.00035008183220964,9.1869470418482e-05,-5.30362761496e-11,0,360.31526157054,100000537.81913,-1.5808193374947e-13,-0.0085181363663487,0.01192857086369,389.95610240146,-2.2007976687848e-05,1038.1349384846,908.27467726106
61.116499999996,-148.03277808756,-49.344230475635,7.0393860409067e-18,0.0029701242984071,1.7341344097414,0,4.442687760293e-14,88.28836532879,3.6166976083e-13,-44.756319033566,-2.5324137086337e-13,2.5324480882822e-13,94.014821228654,94.014796394405,-0.029212140852958,-0.029212445538043,2.532412367286e-13,-2.5324039364267e-13,0.029212278774347,0.029212297401791,94.014852443191,94.014877257256,34.192979584581,0.00033616813094043,8.8288365328772e-05,-5.3196407494678e-11,0,360.31526394094,100000540.06434,-1.5837336873845e-13,-0.0085333297003186,0.01192857086369,388.11862901881,-2.0390230492451e-05,1033.1514875015,903.90970588896
61.216499999996,-139.90206628759,-46.633994426179,5.5732566449896e-18,0.0030190287440147,1.734126121078,0,3.5334760617086e-14,84.982495464835,3.1902566799117e-13,-43.943495363991,-2.2338196370927e-13,2.2338500066973e-13,92.307407617388,92.307382960426,-0.025735464751104,-0.02573573437284,2.2338185809993e-13,-2.2338108802195e-13,0.025735586428677,0.025735603698656,92.307439240712,92.307463877705,33.571886438464,0.0003233339344241,8.4982495464819e-05,-5.3329794251945e-11,0,360.31526622059,100000542.22393,-1.5872031483041e-13,-0.0085479509512549,0.01192857086369,386.35130793989,-1.8954541028155e-05,1028.3591518926,899.71217724203
61.316499999996,-132.45602770262,-44.151982684043,4.4461138457661e-18,0.0030661398812591,1.7341181327573,0,2.8313372591828e-14,81.919192066232,2.8097785252269e-13,-43.160455346026,-1.9674086896497e-13,1.9674354776798e-13,90.662557453148,90.662532964899,-0.022638937883127,-0.022639176024279,1.9674078649355e-13,-1.9674008679179e-13,0.022639045061211,0.022639060933946,90.662589461317,90.662613929807,32.973558963047,0.00031145042472245,8.1919192066217e-05,-5.3442724659573e-11,0,360.31526841632,100000544.30432,-1.5896317746969e-13,-0.0085620427341501,0.011928570863689,384.64888055636,-1.7673670457964e-05,1023.7435699158,895.66950657254
61.416499999996,-125.61323036241,-41.871051270912,3.5720984579212e-18,0.0031115861708459,1.734110423392,0,2.284507306085e-14,79.070945477029,2.4715216370755e-13,-42.405130692498,-1.7305610705707e-13,1.7305846704785e-13,89.075926096227,89.075901769126,-0.019890488230161,-0.019890698235761,1.7305604330251e-13,-1.7305541026221e-13,0.019890582513196,0.019890597002451,89.075958467699,89.075982775251,32.396415598705,0.00030040920498678,7.9070945477015e-05,-5.353651452722e-11,0,360.31527053417,100000546.3112,-1.592337956437e-13,-0.0085756427414062,0.011928570863689,383.00669697483,-1.6525393680653e-05,1019.2920451684,891.77056857247
61.516499999996,-119.30480421566,-39.768243512886,2.8889255332895e-18,0.0031554818417278,1.7341029739578,0,1.8552723640755e-14,76.414404879875,2.1716644787914e-13,-41.675675931177,-1.5206009449243e-13,1.5206217147011e-13,87.54363695165,87.543612778989,-0.017457728957065,-0.017457913907889,1.520600458333e-13,-1.5205947512051e-13,0.017457811805722,0.017457824960076,87.543669666947,87.543693820264,31.839045233513,0.00029011832772746,7.6414404879863e-05,-5.3616340134652e-11,0,360.31527257951,100000548.24959,-1.5949053599239e-13,-0.0085887845012024,0.011928570863689,381.4206221993,-1.5491379429762e-05,1014.9932894609,888.00547201453
61.616499999996,-113.4720804765,-37.82400315646,2.3509275206557e-18,0.0031979289953183,1.7340957674444,0,1.5158643942431e-14,73.929605005401,1.9064696560907e-13,-40.970436244196,-1.3349113924751e-13,1.3349296555631e-13,86.062213912687,86.062189888496,-0.015309236307159,-0.015309399012159,1.3349110272211e-13,-1.3349058970811e-13,0.015309309040961,0.015309320930602,86.06224695411,86.062270959164,31.300182591782,0.0002804992268158,7.392960500539e-05,-5.3687346444057e-11,0,360.31527455713,100000550.12402,-1.5978890966945e-13,-0.0086014979921968,0.011928570863689,379.8869600793,-1.455647917543e-05,1010.8372144833,884.36537716125
61.716499999996,-108.0647488314,-36.021560104263,1.9242881210984e-18,0.0032390193266218,1.7340887885709,0,1.2456376463155e-14,71.599361403771,1.6723821973011e-13,-40.287921039996,-1.1710032240317e-13,1.1710192710546e-13,84.628525846127,84.628501965062,-0.013415297942279,-0.013415440943024,1.1710029559295e-13,-1.1709983557823e-13,0.013415361746134,0.01341537245359,84.628559197522,84.628583059654,30.778688011147,0.00027148432005052,7.1599361403761e-05,-5.3749417633827e-11,0,360.31527647134,100000551.93853,-1.6007340552626e-13,-0.0086138101464509,0.011928570863688,378.40239108367,-1.3707961369607e-05,1006.8147614134,880.84234643273
61.816499999996,-103.03940374997,-34.346445852375,1.5837352394559e-18,0.0032788355441269,1.7340820235492,0,1.0291016924093e-14,69.408792542766,1.4660842365639e-13,-39.626782056029,-1.0265532710048e-13,1.0265673619556e-13,83.239740594829,83.239716852097,-0.011748313999995,-0.011748439582477,1.0265530803336e-13,-1.0265489639909e-13,0.011748369932941,0.011748379546631,83.239774241399,83.239797965395,30.273530687854,0.00026301511585012,6.9408792542757e-05,-5.3801599890033e-11,0,360.31527832601,100000553.69677,-1.6037177914053e-13,-0.0086257452644428,0.011928570863688,376.96392095129,-1.2935160504497e-05,1002.9177603613,877.42922122449
61.916499999996,-98.35838666071,-32.786107548954,1.3102191660475e-18,0.0033174525504255,1.7340754598892,0,8.5453507964511e-15,67.344938474636,1.2845210134667e-13,-38.985795077301,-8.9942259062211e-14,8.9943495726997e-14,81.893286575727,81.893262967007,-0.0102829719646,-0.010283082175261,8.9942246132802e-14,-8.9941878440073e-14,0.010283020969625,0.010283029579423,81.89332050386,81.893344094033,29.783774689654,0.00025504070351094,6.7344938474627e-05,-5.3850018732902e-11,0,360.31528012466,100000555.40206,-1.6067709162045e-13,-0.0086373253602212,0.011928570863688,375.5688379853,-1.2229010529805e-05,999.13881350814,874.11951949385
62.016499999996,-93.98885557447,-31.329597868979,1.089264521339e-18,0.0033549384310086,1.7340690862337,0,7.1299755254087e-15,65.396453846984,1.1249082255148e-13,-38.363844566626,-7.876616143246e-14,7.8767246268059e-14,80.586820494154,80.586797015552,-0.008996276286275,-0.0089963729501695,7.8766153336181e-14,-7.8765825387839e-14,0.0089963192004766,0.0089963268947274,80.586854691294,80.586878151539,29.308567197172,0.00024751653854888,6.5396453846976e-05,-5.389353277893e-11,0,360.31528187048,100000557.0574,-1.6100322075547e-13,-0.0086485704505502,0.011928570863688,374.21467727891,-1.1581806761818e-05,995.47119724085,870.9073499946
62.116499999996,-89.902031330808,-29.967323763032,9.0978843531059e-19,0.0033913552879666,1.7340628922208,0,5.9761909992503e-15,63.553358726199,9.8472751217383e-14,-37.759910658973,-6.8950698583357e-14,6.8951649857501e-14,79.318200024197,79.318176672177,-0.0078674870215413,-0.0078675717612629,6.8950694262252e-14,-6.8950402138005e-14,0.0078675245861635,0.0078675314497371,79.318234478715,79.318257812562,28.847128554516,0.00024040345735892,6.3553358726192e-05,-5.3928380736144e-11,0,360.31528356638,100000558.66552,-1.6128077760825e-13,-0.0086594987987526,0.011928570863687,372.89919054778,-1.098695602837e-05,991.90877964345,867.78733997091
62.216499999996,-86.072582290995,-28.69084135511,7.6324492721611e-19,0.0034267599472921,1.7340568683661,0,5.0308338033566e-15,61.806834804731,8.6171465310462e-14,-37.173058090061,-6.0337329765482e-14,6.03381636444e-14,78.085460552116,78.085437323463,-0.0068780039031953,-0.0068780781576591,6.0337328363615e-14,-6.0337068436311e-14,0.0068780367732439,0.0068780428863302,78.085495253215,78.085518463872,28.398743800036,0.00023366687178227,6.1806834804725e-05,-5.3965933863061e-11,0,360.31528521503,100000560.22895,-1.6158609001305e-13,-0.0086701271216263,0.011928570863687,371.62032053246,-1.043876342317e-05,988.44595050306,864.75457381909
62.316499999996,-82.478118493782,-27.492687327953,6.4299987344981e-19,0.0034612045624174,1.7340510059625,0,4.2524903571666e-15,60.149057542614,7.538435715038e-14,-36.602426718838,-5.2784189028951e-14,5.2784919795007e-14,76.886795267871,76.886772159657,-0.0060112201861089,-0.0060112852286348,5.278418985574e-14,-5.2783958794531e-14,0.0060112489393808,0.0060112543768108,76.886830205495,76.886853295885,27.962755416717,0.0002272761060395,6.0149057542608e-05,-5.399842395317e-11,0,360.31528681885,100000561.74998,-1.6184976903225e-13,-0.0086804707660408,0.011928570863687,370.37617915336,-9.9323247391848e-06,985.07756158877,861.8045407526
62.416499999996,-79.098773063051,-26.366239392331,5.4387055762721e-19,0.0034947371319839,1.7340452969944,0,3.6086976146358e-15,58.573056995549,6.5930821428829e-14,-36.04722337199,-4.6164816478972e-14,4.6165456732142e-14,75.720538033719,75.720515043269,-0.0052523624245971,-0.0052524193799558,4.6164818979056e-14,-4.6164613743637e-14,0.0052523875700361,0.0052523924009716,75.720573198479,75.720596171275,27.538557094123,0.00022120384725323,5.8573056995543e-05,-5.4025565220786e-11,0,360.31528838011,100000563.23074,-1.6205099798532e-13,-0.0086905438604686,0.011928570863686,369.16502876867,-9.4633445900426e-06,981.79887542136,858.93308990812
62.516499999996,-75.916853684456,-25.305600112622,4.6178376214168e-19,0.0035274019462673,1.7340397340633,0,3.0738574563157e-15,57.072601713949,5.7650368169049e-14,-35.506714791936,-4.0366836973625e-14,4.0367397816087e-14,74.585148570784,74.585125695646,-0.0045883267537268,-0.0045883766139682,4.0366840702103e-14,-4.0366658531069e-14,0.0045883487390709,0.0045883530269508,74.585183953891,74.585206811539,27.125588334619,0.00021542568727699,5.7072601713943e-05,-5.4054197011557e-11,0,360.31528990088,100000564.67318,-1.6233549364544e-13,-0.0087003594456616,0.011928570863686,367.9852660131,-9.0281139297564e-06,978.60552110529,856.13639164089
62.616499999996,-72.916550750832,-24.305499621966,3.935199730213e-19,0.0035592399739011,1.7340343103237,0,2.6276712410844e-15,55.642101329213,5.0400749818736e-14,-34.98022151106,-3.5290648716732e-14,3.5291139920652e-14,73.479199591276,73.479176829196,-0.0040075184345839,-0.0040075620735695,3.5290653318826e-14,-3.5290491714355e-14,0.0040075376533072,0.0040075414559666,73.479235184484,73.47925792923,26.72332976822,0.00020991973844471,5.5642101329207e-05,-5.4080197810172e-11,0,360.31529138307,100000566.0791,-1.6265468375624e-13,-0.0087099295878714,0.011928570863686,366.83540779705,-8.6233458695971e-06,975.49345607005,853.4109039986
62.716499999996,-70.083691642246,-23.361213715733,3.3652064787745e-19,0.0035902891983659,1.734029019427,0,2.2539565109661e-15,54.276524377069,4.4056158631628e-14,-34.467112507783,-3.0848161066056e-14,3.0848591225133e-14,72.401365573044,72.401342921951,-0.0034996988224429,-0.0034997370090749,3.0848166260416e-14,-3.0848022970852e-14,0.0034997156200161,0.0034997189899187,72.401401368598,72.401424002512,26.331299065577,0.00020466630956472,5.4276524377064e-05,-5.4103252652769e-11,0,360.31529282845,100000567.45019,-1.6288366822842e-13,-0.0087192654773806,0.011928570863686,365.71407912363,-8.2461896143513e-06,972.45893278358,850.75334355276
62.816499999996,-67.405532797969,-22.468494542119,2.8874202038989e-19,0.0036205849119823,1.7340238554732,0,1.9397465892017e-15,52.971328621551,3.8505527848858e-14,-33.966800525839,-2.6961605021522e-14,2.6961981687171e-14,71.350412927254,71.350390385237,-0.0030558421488626,-0.0030558755590453,2.6961610586514e-14,-2.6961483587993e-14,0.0030558568283698,0.0030558598129105,71.350448917847,71.350471442838,25.949047358297,0.00019964763131673,5.2971328621547e-05,-5.4127030583072e-11,0,360.31529423869,100000568.78801,-1.631820416227e-13,-0.0087283775146067,0.011928570863685,364.62000244401,-7.894094587252e-06,969.4984696717,848.16065991566
62.916499999996,-64.870582925116,-21.623511671775,2.4854349502012e-19,0.0036501599737837,1.734018812967,0,1.6746010996064e-15,51.722401694176,3.3650954766052e-14,-33.478737958889,-2.3562429057413e-14,2.3562758860658e-14,70.325191353625,70.325168918918,-0.002668003316247,-0.002668032543644,2.3562434819878e-14,-2.3562322297766e-14,0.0026680161434038,0.0026680187852511,70.325227532359,70.325249950186,25.576156091742,0.00019484762239725,5.1722401694172e-05,-5.4148748486206e-11,0,360.31529561532,100000570.09401,-1.6343184274334e-13,-0.0087372753856394,0.011928570863685,363.55198831986,-7.5648227202507e-06,966.60882561202,845.63001339005
63.016499999996,-62.468452005228,-20.822801766672,2.1460192943978e-19,0.0036790450365391,1.7340138867813,0,1.4500748192591e-15,50.526010293517,2.9406253375818e-14,-33.002413219201,-2.059028568297e-14,2.0590574443163e-14,69.32462621248,69.324603883443,-0.0023291971093856,-0.0023292226750517,2.0590291508998e-14,-2.0590191839706e-14,0.0023292083170077,0.0023292106544625,69.324662572826,69.324684885124,25.212234248081,0.00019025168946744,5.0526010293513e-05,-5.4170375044721e-11,0,360.31529695976,100000571.36953,-1.6377184946931e-13,-0.0087459681287501,0.011928570863685,362.50892720279,-7.2563785990795e-06,963.78697748072,843.15875529387
63.116499999996,-60.189721783115,-20.063225409722,1.8584541838675e-19,0.003707268747314,1.7340090721228,0,1.2593061586413e-15,49.378756523767,2.5695637386385e-14,-32.537347522627,-1.7992109292155e-14,1.7992362113677e-14,68.347711771269,68.347689546385,-0.0020332887105822,-0.0020333110715573,1.7992115079528e-14,-1.7992026813046e-14,0.0020332985025524,0.0020333005699101,68.347748307043,68.347770515326,24.856915887783,0.0001858465552794,4.9378756523763e-05,-5.4189240637549e-11,0,360.31529827337,100000572.61585,-1.640494061354e-13,-0.0087544641931642,0.011928570863685,361.48978217168,-6.9669814152768e-06,961.03010031795,840.74441057987
63.216499999996,-58.025834234521,-19.341929927369,1.6140185964653e-19,0.0037348579252414,1.7340043645031,0,1.0966965833318e-15,48.277540218138,2.2452529972979e-14,-32.083092032961,-1.5721282751539e-14,1.5721504109615e-14,67.393505206021,67.39348308388,-0.0017748950781681,-0.0017749146351219,1.5721288423548e-14,-1.5721210266929e-14,0.0017749036329504,0.0017749054608546,67.393541911353,67.393564017029,24.509857965984,0.00018162011041633,4.8277540218134e-05,-5.4208205889005e-11,0,360.31529955739,100000573.83414,-1.6431308499956e-13,-0.0087627714911591,0.011928570863684,360.49358249539,-6.6950530181045e-06,958.33554974826,838.3846624312
63.316499999996,-55.968995148576,-18.656317250429,1.4055879145338e-19,0.0037618377195829,1.733999759712,0,9.5765957676389e-16,47.219526301062,1.9618493873524e-14,-31.639225317832,-1.3736888253194e-14,1.3737082069882e-14,66.461121257201,66.461099236485,-0.0015492965531139,-0.0015493136571299,1.3736893753573e-14,-1.3736824555503e-14,0.00154930402686,0.001549305642641,66.461158126505,66.46118013089,24.170738387129,0.00017756128490645,4.7219526301059e-05,-5.4225149339614e-11,0,360.31530081299,100000575.02553,-1.6460451942571e-13,-0.0087708974443961,0.011928570863684,359.51941790872,-6.4391698593058e-06,955.70084635104,836.07733856593
63.416499999996,-54.012090475188,-18.00401602984,1.2273187311323e-19,0.0037882317506852,1.7339952537943,0,8.3842307820603e-16,46.202116413132,1.7142273869461e-14,-31.205351075541,-1.2003036859577e-14,1.2003206570953e-14,65.549727454691,65.549705534171,-0.0013523579535426,-0.001352372912125,1.2003042148374e-14,-1.2002980884881e-14,0.0013523644828337,0.0013523659108281,65.549764482649,65.549786386968,23.83925426684,0.00017365993664377,4.6202116413129e-05,-5.4241973800755e-11,0,360.31530204129,100000576.19105,-1.6489595383895e-13,-0.0087788490252421,0.011928570863684,358.56643350792,-6.1980518958155e-06,953.12366172327,833.82039902439
63.516499999996,-52.148613497246,-17.38285736082,1.0744002938136e-19,0.0038140622360357,1.7339908430288,0,7.3587326241535e-16,45.222924157189,1.4978942925555e-14,-30.781096098434,-1.0488270630405e-14,1.0488419245868e-14,64.658539839679,64.658518018204,-0.0011804583730468,-0.00118047145543,1.0488275680606e-14,-1.0488221441924e-14,0.0011804640773093,0.0011804653391581,64.658577021216,64.658598826618,23.515120374684,0.00016990675408095,4.5222924157186e-05,-5.4258130858916e-11,0,360.31530324332,100000577.33169,-1.6520820492144e-13,-0.0087866327937317,0.011928570863684,357.63382518564,-5.9705590086019e-06,950.60180601638,831.61192524845
63.616499999996,-50.372601217519,-16.79085357845,9.4285759094679e-20,0.0038393501032982,1.7339865239095,0,6.4743044460469e-16,44.279753430693,1.3089143038038e-14,-30.366108443423,-9.1650310642856e-15,9.1651612188487e-15,63.786819121637,63.786797398131,-0.0010304288953613,-0.0010304403371961,9.165035859074e-15,-9.1649878376459e-15,0.0010304338789932,0.0010304349939171,63.786856451912,63.786878159466,23.198067735359,0.00016629317108244,4.427975343069e-05,-5.4275736669987e-11,0,360.31530442006,100000578.44836,-1.654718837346e-13,-0.0087942549307172,0.011928570863683,356.72083553767,-5.7556327011652e-06,948.13321676144,829.45011028947
63.716499999996,-48.678578621724,-16.226179678741,8.2939465861914e-20,0.0038641150919318,1.7339822931283,0,5.7095007179874e-16,43.370579401489,1.1438411973848e-14,-29.960055784453,-8.0091876812893e-15,8.0093016816284e-15,62.933867217532,62.933845590984,-0.00089949746081069,-0.00089950746829459,8.0091922118125e-15,-8.0091496913772e-15,0.00089950181505105,0.00089950280010327,62.933904691911,62.933926302625,22.88784236903,0.00016281129218909,4.3370579401487e-05,-5.4292953349819e-11,0,360.31530557243,100000579.54194,-1.657355625363e-13,-0.0088017212676705,0.011928570863683,355.8267501825,-5.5523526573938e-06,945.71594882308,827.33325000567
63.816499999996,-47.061509697474,-15.687156991597,7.3126936164183e-20,0.0038883758447684,1.7339781475605,0,5.0464339637841e-16,42.493531754632,9.9965874452412e-15,-29.562623925333,-6.9996208257709e-15,6.9997206907393e-15,62.099024127876,62.099002597335,-0.00078524015902576,-0.00078524891253912,6.9996250893342e-15,-6.9995874350492e-15,0.00078524396359678,0.00078524483389333,62.09906174192,62.099083256742,22.584204154294,0.00015945382682499,4.2493531754629e-05,-5.430719501112e-11,0,360.31530670129,100000580.61326,-1.6604781358425e-13,-0.0088090373135515,0.011928570863683,354.95089444535,-5.3598541680605e-06,943.34816534745,825.25973513023
63.916499999996,-45.516754265805,-15.172238791342,6.4619291665933e-20,0.0039121499907352,1.7339740842503,0,4.4701366160893e-16,41.646879895599,8.7372807628801e-15,-29.173515454225,-6.1178531180273e-15,6.1179406142734e-15,61.281665110349,61.281643674922,-0.00068553827076599,-0.00068554592807005,6.1178571166335e-15,-6.1178237661626e-15,0.00068554159531412,0.00068554236424314,61.281702859803,61.281724279626,22.286925799478,0.00015621403120534,4.1646879895597e-05,-5.4321761270164e-11,0,360.31530780749,100000581.66309,-1.6630455347032e-13,-0.0088162082790762,0.011928570863683,354.09263036216,-5.1773745657435e-06,941.02812958535,823.22804410648
64.016499999996,-44.040029833397,-14.679997580801,5.7224895090926e-20,0.0039354542197455,1.7339701003988,0,3.9680456582479e-16,40.829019846901,7.6374125834823e-15,-28.792448523667,-5.3477243845796e-15,5.3478010578344e-15,60.481198117119,60.481176775963,-0.00059854043452914,-0.00059854713357625,5.3477281237529e-15,-5.3476985792492e-15,0.00059854333988894,0.00059854401929975,60.481235997899,60.481257323563,21.995791909924,0.00015308565690777,4.0829019846899e-05,-5.4337009576424e-11,0,360.31530889178,100000582.69216,-1.6656823224008e-13,-0.0088232390986919,0.011928570863682,353.25135396734,-5.0042119720342e-06,938.75419749022,821.23673660208
64.116499999996,-42.627377793824,-14.209113825052,5.0782805091557e-20,0.0039583043506418,1.7339661933526,0,3.5295848654364e-16,40.038462614027,6.6768039720111e-15,-28.419155742116,-4.675105319711e-15,4.6751725222536e-15,59.697061466412,59.697040218731,-0.00052262936774998,-0.00052263522915107,4.6751088075534e-15,-4.6750826284665e-15,0.00052263190705182,0.00052263250742524,59.697099474594,59.697120706893,21.710598140558,0.00015006290522398,4.0038462614025e-05,-5.4350124236147e-11,0,360.31530995492,100000583.70119,-1.6684578878771e-13,-0.008830134450519,0.011928570863682,352.42649283359,-4.8397230744007e-06,936.52481100338,819.28444762521
64.216499999996,-41.275133406317,-13.758365944351,4.5157464313277e-20,0.0039807153929644,1.7339623605932,0,3.145824936447e-16,39.273823829188,5.837816604034e-15,-28.053383164797,-4.0876455549639e-15,4.0877044697195e-15,58.928721722711,58.928700567752,-0.00045639262565632,-0.00045639775484609,4.0876488014033e-15,-4.0876255980391e-15,0.00045639484529674,0.00045639537589808,58.928759854519,58.928780994202,21.431150424392,0.00014714038653662,3.9273823829186e-05,-5.4362035424985e-11,0,360.31531099759,100000584.69082,-1.6708171196222e-13,-0.0088368987744798,0.011928570863682,351.61750383471,-4.6833163166827e-06,934.3384919496,817.36988217585
64.316499999996,-39.979899067329,-13.326621404656,4.02343730984e-20,0.0040027016032146,1.733958599728,0,2.8092060293007e-16,38.533814511532,5.1050365221529e-15,-27.694889373225,-3.5745522252154e-15,3.5746038868869e-15,58.17567176318,58.175650700227,-0.0003985969319029,-0.00039860142103845,3.5745552414079e-15,-3.574534669175e-15,0.00039859887239407,0.00039859934141022,58.175710014974,58.175731062756,21.157264268824,0.00014431308408579,3.853381451153e-05,-5.4376855141233e-11,0,360.31531202048,100000585.66169,-1.6740784074828e-13,-0.0088435362888181,0.011928570863681,350.82387110823,-4.5344565483782e-06,932.19383647742,815.49181037423
64.416499999996,-38.738520457793,-12.912828766723,3.5916553940256e-20,0.0040242765362015,1.7339549084817,0,2.5133104797389e-16,37.81723280323,4.4649964193611e-15,-27.343444634039,-3.1263955113211e-15,3.1264408249108e-15,57.437429010728,57.437408039104,-0.00034816566312195,-0.00034816959274695,3.1263983091809e-15,-3.1263800634576e-15,0.00034816735983519,0.00034816777449709,57.437467379001,57.437488335559,20.888764112592,0.00014157632157129,3.7817232803228e-05,-5.4389238707945e-11,0,360.31531302421,100000586.6144,-1.6765070279838e-13,-0.0088500510051736,0.011928570863681,350.04510419597,-4.3926481698254e-06,930.08950998534,813.64906301498
64.516499999996,-37.548065211252,-12.516010575472,3.2121652651459e-20,0.0040454530919851,1.7339512846883,0,2.2526760209007e-16,37.122956563315,3.9059319447915e-15,-26.998830128979,-2.7349380052523e-15,2.7349777622904e-15,56.713533816487,56.713512935546,-0.00030415911407415,-0.00030416255457667,2.7349405970844e-15,-2.7349244086462e-15,0.00030416059789026,0.00030416096458228,56.713572297854,56.71359316383,20.62548273711,0.00013892573412536,3.7122956563313e-05,-5.4399404911721e-11,0,360.31531400937,100000587.54952,-1.6796989267287e-13,-0.0088564467423685,0.011928570863681,349.28073634406,-4.2574524523596e-06,928.0242424837,811.84052750324
64.616499999996,-36.405803794735,-12.135256986965,2.8779554020184e-20,0.0040662435588689,1.733947726284,0,2.0226418042122e-16,36.449936715045,3.4175680101132e-15,-26.660837248765,-2.3929850817011e-15,2.3930199744589e-15,56.003547976552,56.003527185681,-0.00026575721097047,-0.00026576022385966,2.392987479917e-15,-2.3929731108701e-15,0.0002657585088485,0.00026575883320578,56.003586567743,56.003607343751,20.36726072668,0.00013635724224568,3.6449936715043e-05,-5.4412588758679e-11,0,360.31531497656,100000588.46759,-1.6820581581203e-13,-0.0088627271390324,0.011928570863681,348.53032294593,-4.1284451895448e-06,925.99682434679,810.06514413255
64.716499999996,-35.30919233878,-11.769720045064,2.5830414610869e-20,0.0040866596528402,1.7339442313008,0,1.8192210752126e-16,35.797191258451,2.9909315166962e-15,-26.329266944559,-2.0942537695204e-15,2.0942844034555e-15,55.30705336965,55.307032668264,-0.00023224437775833,-0.00023224701678189,2.0942559864225e-15,-2.0942432265892e-15,0.00023224551323277,0.00023224580022787,55.307092067505,55.307112754125,20.113945972717,0.00013386702834087,3.5797191258449e-05,-5.4424248636369e-11,0,360.3153159263,100000589.36913,-1.68448677837e-13,-0.0088688956651888,0.011928570863681,347.79344011418,-4.0052405207248e-06,924.00610241664,808.32190267094
64.816499999996,-34.255857187599,-11.418608531517,2.3223034893006e-20,0.0041067125538091,1.73394079786,0,1.6389955800154e-16,35.163799871177,2.6181873250909e-15,-26.003929131334,-1.8332578974454e-15,1.8332848020947e-15,54.623650703867,54.623630091404,-0.00020299629382982,-0.00020299860595191,1.8332599450648e-15,-1.8332486087756e-15,0.00020299728744515,0.00020299754146497,54.623689505325,54.623710103115,19.865393217668,0.00013145151558583,3.5163799871175e-05,-5.4434435943769e-11,0,360.31531685913,100000590.25463,-1.687054176419e-13,-0.0088749556329017,0.01192857086368,347.06968336816,-3.8874934742666e-06,922.05097642293,806.60983922407
64.916499999996,-33.243580970764,-11.081183323156,2.0913508283299e-20,0.004126412938958,1.7339374241673,0,1.4790277440981e-16,34.548899030138,2.2924946509114e-15,-25.68464213822,-1.6052075423934e-15,1.6052311809059e-15,53.95295836204,53.952937837965,-0.00017746831189557,-0.00017747033815233,1.6052094323718e-15,-1.6051993556207e-15,0.00017746918158597,0.00017746940650007,53.952997264137,53.953017773634,19.621463634843,0.00012910734882156,3.4548899030136e-05,-5.444435783041e-11,0,360.31531777554,100000591.12456,-1.689552185453e-13,-0.0088809102060759,0.01192857086368,346.35866642659,-3.7748781473738e-06,920.13039568882,804.92803334882
65.016499999996,-32.270290023023,-10.756753198516,1.8864096856557e-20,0.0041457710134791,1.7339341085072,0,1.3367874299887e-16,33.951677595398,2.0078813970422e-15,-25.371232201317,-1.405921036789e-15,1.4059418142657e-15,53.294611336365,53.294590900163,-0.00015518533189526,-0.00015518710814293,1.4059227802952e-15,-1.4059138182178e-15,0.00015518609331628,0.00015518629253739,53.294650336226,53.294670757943,19.382024440716,0.00012683137726903,3.3951677595397e-05,-5.4456767761902e-11,0,360.31531867601,100000591.97938,-1.6929522506195e-13,-0.0088867624094866,0.01192857086368,345.66002009413,-3.6670829000848e-06,918.24335609472,803.27560539297
65.116499999996,-31.334043003241,-10.444671044164,1.7042293161907e-20,0.0041647965389423,1.7339308492383,0,1.2100906902956e-16,33.371372806625,1.7591342237655e-15,-25.063532995097,-1.2317479955885e-15,1.2317662663786e-15,52.648260244058,52.648239895237,-0.00013573295102637,-0.00013573450859551,1.2317496032628e-15,-1.2317416279041e-15,0.00013573361784465,0.00013573379438225,52.648299338897,52.648319673325,19.146948536734,0.00012462063886176,3.3371372806624e-05,-5.4468100130415e-11,0,360.31531956099,100000592.81951,-1.6957278152629e-13,-0.0088925151371196,0.011928570863679,344.97339123443,-3.5638389899565e-06,916.38889727653,801.65171404029
65.216499999996,-30.433020579427,-10.144330416359,1.5420035275103e-20,0.0041834988595161,1.7339276447892,0,1.0970484181342e-16,32.807266646052,1.5417024186217e-15,-24.761385198832,-1.0795020058877e-15,1.0795180799686e-15,52.013570416601,52.01355015469,-0.0001187497315153,-0.0001187510977827,1.0795034878081e-15,-1.0794963861461e-15,0.00011875031566153,0.00011875047216934,52.013609603714,52.013629851324,18.916114177888,0.00012247234601608,3.2807266646051e-05,-5.4477489167229e-11,0,360.31532043092,100000593.64537,-1.6985033798374e-13,-0.0088981711598786,0.011928570863679,344.29844182052,-3.4648813373147e-06,914.56610003594,800.05555404146
65.316499999997,-29.565516065447,-9.8551624199603,1.3973048381927e-20,0.0042018869262337,1.7339244936541,0,9.9602318693472e-17,32.258682529852,1.3516138593203e-15,-24.46463609493,-9.4640178409097e-16,9.464159326479e-16,51.390221055999,51.390200880544,-0.00010392044687386,-0.00010392164576232,9.4640314975587e-16,-9.463968219541e-16,0.00010392095876367,0.00010392109758157,51.390260332758,51.390280494003,18.689404665697,0.00012038387268939,3.2258682529851e-05,-5.4484572914945e-11,0,360.31532128622,100000594.45735,-1.7014871111602e-13,-0.0089037331327186,0.011928570863679,343.63484805611,-3.3699770735317e-06,912.77408394405,798.48635411438
65.416499999997,-28.729926907936,-9.576632870742,1.2680291126702e-20,0.004219969319481,1.7339213943894,0,9.0559288466732e-17,31.724982293172,1.1854015684765e-15,-24.173139196338,-8.3001974948243e-16,8.3003220978706e-16,50.777904452113,50.777884362673,-9.0970184315042e-05,-9.0971236730209e-05,8.3002100780709e-16,-8.3001536566933e-16,9.0970633041811e-05,9.0970756232943e-05,50.777943815964,50.77796389128,18.466708063401,0.00011835274258972,3.1724982293171e-05,-5.4494246249446e-11,0,360.31532212728,100000595.25584,-1.704123897722e-13,-0.0089092036012597,0.011928570863678,342.98229956145,-3.278894119992e-06,911.01200512069,796.9433749984
65.516499999997,-27.924746934355,-9.3082397114027,1.1523488931988e-20,0.0042377542698617,1.7339183456099,0,8.2451999976697e-17,31.205563438467,1.0400395409143e-15,-23.88675390049,-7.2823709045587e-16,7.2824807013106e-16,50.176325255735,50.176305251887,-7.9659195967621e-05,-7.9660120179665e-05,7.2823824977831e-16,-7.2823321538318e-16,7.9659589470823e-05,7.9659698854326e-05,50.176364704191,50.176384694001,18.247916931449,0.00011637661841754,3.1205563438466e-05,-5.4505825787044e-11,0,360.3153229545,100000596.04119,-1.707038239975e-13,-0.0089145850079211,0.011928570863678,342.34049861755,-3.1914232071077e-06,909.27905417397,795.42590764904
65.616499999997,-27.148559283881,-9.0495106552117,1.0486739706787e-20,0.0042552496775816,1.7339153459858,0,7.5172562042602e-17,30.699856620719,9.1288668515714e-16,-23.605345167522,-6.392045123029e-16,6.3921419305096e-16,49.585199802653,49.585179883987,-6.9778404735553e-05,-6.9779216712581e-05,6.3920558039747e-16,-6.3920108489222e-16,6.9778749947647e-05,6.977884712759e-05,49.585239333294,49.585259238008,18.032928081543,0.00011445329203576,3.0699856620718e-05,-5.4514129460299e-11,0,360.31532376823,100000596.81375,-1.7099525821637e-13,-0.0089198796976233,0.011928570863678,341.70915946449,-3.1073898455086e-06,907.57445428648,793.93327156109
65.716499999997,-26.400029951688,-8.8000010340681,9.5561799544848e-21,0.0042724631304761,1.7339123942395,0,6.8626737429978e-17,30.207323345478,8.0163786273362e-16,-23.328783220738,-5.6130795489721e-16,5.6131649575874e-16,49.004255484451,49.004235650572,-6.1145482286114e-05,-6.1146195985448e-05,5.6130893899358e-16,-5.6130492152899e-16,6.1145785260757e-05,6.1145871651648e-05,49.004295094919,49.004314914932,17.821642347693,0.00011258067547384,3.0207323345477e-05,-5.4524541474159e-11,0,360.31532456884,100000597.57386,-1.7123118127804e-13,-0.0089250899230926,0.011928570863678,341.0880076488,-3.0265850088551e-06,905.89745943543,792.46481320914
65.816499999997,-25.677901885085,-8.5592918305948,8.7197014003464e-21,0.0042894019207979,1.733909489143,0,6.2732067038642e-17,29.727453859109,7.0428113411596e-16,-23.056943267432,-4.9313865626674e-16,4.9314619646899e-16,48.433230162063,48.433210412585,-5.3601426893931e-05,-5.3602054516528e-05,4.9313956307265e-16,-4.9313596986267e-16,5.3601692917862e-05,5.3601769767168e-05,48.43326985006,48.433289585755,17.613964372818,0.0001107567926846,2.9727453859108e-05,-5.4533037513121e-11,0,360.31532535665,100000598.32184,-1.7149485990936e-13,-0.0089302178497984,0.011928570863677,340.47677941534,-2.9488598955708e-06,904.24735273513,791.01990459532
65.916499999997,-24.980989576984,-8.3269878759314,7.966709975392e-21,0.0043060730608648,1.7339066295152,0,5.7416271475402e-17,29.259765211922,6.1906043033252e-16,-22.78970523841,-4.3346701522705e-16,4.3347367667335e-16,47.871871618623,47.871851953174,-4.7007577873702e-05,-4.7008130086365e-05,4.334678509536e-16,-4.3346463444548e-16,4.7007811564371e-05,4.7007879972366e-05,47.871911381908,47.871931033656,17.40980240967,0.00010897977197841,2.9259765211921e-05,-5.454130408611e-11,0,360.31532613201,100000599.05801,-1.7175853853468e-13,-0.0089352655605567,0.011928570863677,339.87522114066,-2.8740569230351e-06,902.62344489224,789.59794189581
66.016499999997,-24.308174109422,-8.1027161975808,7.2879203950564e-21,0.0043224832976615,1.7339038142193,0,5.2615886167726e-17,28.803799479222,5.4444296625041e-16,-22.526953544759,-3.8121977413541e-16,3.812256635809e-16,47.31993704852,47.319917466739,-4.1243011244644e-05,-4.1243497374083e-05,3.8122054452388e-16,-3.8121766266582e-16,4.12432166354e-05,4.1243277572667e-05,47.319976884909,47.31999645307,17.209068134911,0.00010724783907541,2.8803799479221e-05,-5.4550253279835e-11,0,360.31532689522,100000599.78265,-1.7203609494224e-13,-0.0089402350598292,0.011928570863677,339.28308880474,-2.8020148999956e-06,901.02507276453,788.19834419805
66.116499999997,-23.658398602275,-7.8861245023211,6.675180714944e-21,0.0043386391264804,1.7339010421609,0,4.8275093522512e-17,28.359122123368,4.79090796721e-16,-22.268576850413,-3.3546010248068e-16,3.354653134337e-16,46.777192579669,46.777173081203,-3.6202268211878e-05,-3.6202696414192e-05,3.3546081283004e-16,-3.3545822842513e-16,3.6202448826297e-05,3.6202503149153e-05,46.777232487027,46.777251971951,17.011676475291,0.00010555931071012,2.8359122123367e-05,-5.4561141166541e-11,0,360.31532764659,100000600.49606,-1.7229283466255e-13,-0.0089451282777376,0.011928570863676,338.70014749672,-2.7326092606098e-06,899.4515980143,786.82055232092
66.216499999997,-23.03066403009,-7.6768797818104,6.1213221910592e-21,0.0043545468036763,1.7338983122853,0,4.4344721719935e-17,27.925320485054,4.2183599159045e-16,-22.014467859343,-2.9537021440508e-16,2.9537482878894e-16,46.243412826466,46.243393410972,-3.1793374138039e-05,-3.1793751546705e-05,2.953708695996e-16,-2.9536854973592e-16,3.179353305477e-05,3.1793581518859e-05,46.243452802707,46.243472204736,16.817545444988,0.00010391258874157,2.7925320485053e-05,-5.4569531432211e-11,0,360.3153283864,100000601.19851,-1.7254263548359e-13,-0.0089499470738183,0.011928570863676,338.12617095334,-2.6657032272177e-06,897.90240584962,785.46402771183
66.316499999997,-22.424025372467,-7.4746670293857,5.6200305436971e-21,0.0043702123586045,1.7338956235762,0,4.0781384708106e-17,27.502002391819,3.7165897121409e-16,-21.764523116183,-2.6023619921325e-16,2.6024028881847e-16,45.718380470998,45.718361138142,-2.7936111013795e-05,-2.7936443868914e-05,2.6023680374984e-16,-2.6023471929773e-16,2.7936250923146e-05,2.7936294195412e-05,45.718420514085,45.718439833551,16.626595993231,0.00010230615472237,2.7502002391818e-05,-5.4574125512514e-11,0,360.31532911495,100000601.89027,-1.7277161961763e-13,-0.0089546932405358,0.011928570863676,337.56094112651,-2.6011713507625e-06,896.37690384592,784.12825141429
66.416499999997,-21.837588067041,-7.2791880577195,5.1657353641803e-21,0.0043856416048049,1.7338929750533,0,3.7546742099606e-17,27.088794872756,3.2766960166766e-16,-21.518642819325,-2.294347842231e-16,2.2943841197664e-16,45.201885870418,45.201866619872,-2.4560511109129e-05,-2.4560804870269e-05,2.294353422379e-16,-2.2943346740669e-16,2.4560634362425e-05,2.456067303166e-05,45.201925978356,45.201945215587,16.438751861442,0.00010073856488317,2.7088794872755e-05,-5.4582596577166e-11,0,360.31532983249,100000602.57159,-1.7303529821597e-13,-0.008959368506577,0.011928570863676,337.00424777856,-2.538913239849e-06,894.8745208423,782.81272310083
66.516499999997,-21.270504737963,-7.0901604083165,4.7535149309703e-21,0.0044008401504907,1.7338903657708,0,3.4606861083635e-17,26.685342970468,2.890906992832e-16,-21.276730645507,-2.0242178462773e-16,2.0242500570222e-16,44.693726688481,44.693707519928,-2.1605543577988e-05,-2.1605803022733e-05,2.0242229992182e-16,-2.0242061186884e-16,2.1605652230643e-05,2.1605686816777e-05,44.693766859323,44.693786014636,16.253939449177,9.9208445497589e-05,2.6685342970468e-05,-5.4589707989003e-11,0,360.3153305393,100000603.24273,-1.7336142685423e-13,-0.0089639745399392,0.011928570863675,336.45588810232,-2.4788155464844e-06,893.39470590649,781.51696016619
66.616499999997,-20.72197217499,-6.9073163445484,4.3790141400012e-21,0.0044158134083919,1.7338877948155,0,3.193166530952e-17,26.291308641444,2.5524363831287e-16,-21.038693585067,-1.7872202596922e-16,1.7872488875248e-16,44.193707549485,44.193688462611,-1.9017969368338e-05,-1.9018198678336e-05,1.7872250203317e-16,-1.7872098051899e-16,1.9018065217427e-05,1.9018096179709e-05,44.193747781321,44.193766855027,16.072087688207,9.7714488592911e-05,2.6291308641444e-05,-5.4597089749538e-11,0,360.31533123562,100000603.90392,-1.7359734986692e-13,-0.0089685129508306,0.011928570863675,335.91566636496,-2.42076803487e-06,891.93692736358,780.24049687627
66.716499999997,-20.191228540988,-6.7304019208113,4.0383736170126e-21,0.004430566605003,1.7338852613057,0,2.9494458054274e-17,25.906369737064,2.2553579419713e-16,-20.804441787059,-1.5792055190392e-16,1.5792309884634e-16,43.701639712912,43.701620707411,-1.6751342920106e-05,-1.675154575621e-05,1.5792099194118e-16,-1.5791961902558e-16,1.6751427537152e-05,1.6751455281352e-05,43.701680003874,43.701698996279,15.893127924146,9.6255447976147e-05,2.5906369737063e-05,-5.4605584859016e-11,0,360.3153319217,100000604.55539,-1.7388878402605e-13,-0.0089729852943935,0.011928570863675,335.38339357309,-2.3646912063683e-06,890.50067188345,778.98288356867
66.816499999997,-19.677550788184,-6.5591761212867,3.728168382534e-21,0.0044451047892766,1.7338827643892,0,2.7271508957374e-17,25.530219058803,1.9944958875589e-16,-20.57388841354,-1.3965495363573e-16,1.3965722199094e-16,43.217340767345,43.217321842919,-1.4765141870433e-05,-1.4765321438319e-05,1.3965536058467e-16,-1.3965412035853e-16,1.4765216630008e-05,1.476524151476e-05,43.217381115603,43.217400027006,15.716993805083,9.4830135550081e-05,2.5530219058802e-05,-5.4613538036094e-11,0,360.31533259777,100000605.19736,-1.7413164592306e-13,-0.0089773930732655,0.011928570863675,334.85888715803,-2.3104814170627e-06,889.08544362304,777.74368590109
66.916499999997,-19.180252264717,-6.3934100621197,3.4453546927104e-21,0.0044594328408055,1.7338803032426,0,2.5241695251789e-17,25.162563480645,1.7653293322539e-16,-20.34694950236,-1.2360867812185e-16,1.2361070059427e-16,42.740634342253,42.740615498607,-1.302400837754e-05,-1.3024167485004e-05,1.2360905467653e-16,-1.2360793302541e-16,1.3024074482222e-05,1.3024096824608e-05,42.740674746013,42.740693576708,15.543621176721,9.3437417892114e-05,2.5162563480644e-05,-5.4623729874926e-11,0,360.31533326406,100000605.83006,-1.7438838560326e-13,-0.0089817377399909,0.011928570863674,334.34197067954,-2.2580685487913e-06,887.69076341917,776.52248414419
67.016499999997,-18.698680495866,-6.2328862518319,3.1872238901804e-21,0.0044735554775257,1.7338778770692,0,2.3386189797793e-17,24.803123133921,1.5639089094998e-16,-20.123543837862,-1.0950519028214e-16,1.0950699559295e-16,42.271349836378,42.271331073221,-1.1497087764261e-05,-1.1497228871267e-05,1.0950553891176e-16,-1.0950452330733e-16,1.1497146266412e-05,1.1497166346883e-05,42.271390293882,42.271409044156,15.372947983555,9.2076213077007e-05,2.4803123133921e-05,-5.4628501925196e-11,0,360.31533392079,100000606.45368,-1.7472839200571e-13,-0.0089860206992897,0.011928570863674,333.83247354707,-2.2073665312168e-06,886.31616802847,775.31887251561
67.116499999997,-18.232215124946,-6.0773979049528,2.951362275706e-21,0.0044874772629783,1.7338754850984,0,2.1688189379857e-17,24.451630648977,1.3867840416784e-16,-19.903592828946,-9.7102880287778e-17,9.7104493669898e-17,41.809322161594,41.809303478641,-1.0157452007589e-05,-1.0157577269969e-05,9.7103203254811e-17,-9.7102282570986e-17,1.0157503828357e-05,1.0157521895059e-05,41.809362671117,41.809381341253,15.204914175679,9.0745487721689e-05,2.4451630648977e-05,-5.4636281204027e-11,0,360.31533456817,100000607.06844,-1.749781927829e-13,-0.0089902433101991,0.011928570863674,333.33023075683,-2.1582884002629e-06,884.96120941122,774.13245855251
67.216499999997,-17.780266000418,-5.9267483043918,2.7356161602402e-21,0.0045012026131575,1.7338731265844,0,2.0132677703015e-17,24.107830448788,1.2309394910622e-16,-19.687020393992,-8.6190620853124e-17,8.6192064483905e-17,41.354391501182,41.354372898155,-8.9815971943241e-06,-8.9817085019531e-06,8.6190920230178e-17,-8.6190084580843e-17,8.9816431402262e-06,8.9816594128124e-06,41.354432061033,41.354450651311,15.039461620843,8.9444254233046e-05,2.4107830448787e-05,-5.4643125578965e-11,0,360.31533520641,100000607.67452,-1.7522799355582e-13,-0.0089944068880919,0.011928570863673,332.83508264391,-2.110789703954e-06,883.62545405573,772.96286251967
67.316499999998,-17.342271397616,-5.7807502086731,2.5380613813873e-21,0.0045147358029748,1.7338708008052,0,1.8706218339986e-17,23.771478090867,1.093740008801e-16,-19.473752852159,-7.6583891552585e-17,7.6585184932256e-17,40.90640308149,40.906384558113,-7.9490054543393e-06,-7.9491044644741e-06,7.6584169238067e-17,-7.6583409833986e-17,7.949046231732e-06,7.94906090472e-06,40.906443690006,40.906462200703,14.876534021375,8.817156824432e-05,2.3771478090866e-05,-5.4649631212572e-11,0,360.31533583571,100000608.27211,-1.7555412215733e-13,-0.0089985127065805,0.011928570863673,332.34687464805,-2.0647810648793e-06,882.30848234067,771.80971685077
67.416499999998,-16.917696364091,-5.6392253003945,2.3569766742211e-21,0.0045280809723648,1.7338685070611,0,1.7396773577309e-17,23.442339653603,9.7288204781534e-17,-19.263718820651,-6.8121397752872e-17,6.8122558035515e-17,40.465206956134,40.465188512133,-7.0417630973512e-06,-7.0418512637581e-06,6.8121655485479e-17,-6.8120964508006e-17,7.0417993250619e-06,7.0418125707896e-06,40.465247611683,40.465266043072,14.716076835666,8.692652622499e-05,2.3442339653602e-05,-5.4655328934599e-11,0,360.31533645625,100000608.86141,-1.7580392292167e-13,-0.0090025619993196,0.011928570863673,331.86545709297,-2.0202168401951e-06,881.00988793303,770.67266562094
67.516499999998,-16.506031178552,-5.5020036725294,2.1908203742716e-21,0.004541242132056,1.7338662446744,0,1.6193545686311e-17,23.120191163214,8.6635163727357e-17,-19.056849117579,-6.0662120979894e-17,6.0663163262953e-17,40.030657801941,40.030639437049,-6.2442277388144e-06,-6.2443063372128e-06,6.0662360351997e-17,-6.0661730841646e-17,6.2442599591655e-06,6.2442719303944e-06,40.030698502923,40.030716855271,14.558037203938,8.5708263249258e-05,2.3120191163213e-05,-5.4662172970022e-11,0,360.31533706824,100000609.44257,-1.7605372368187e-13,-0.0090065559617069,0.011928570863673,331.39068497729,-1.9770093463776e-06,879.72927721892,769.55136404799
67.616499999998,-16.106789914157,-5.3689233495377,2.0382100063555e-21,0.004554223169031,1.7338640129881,0,1.5086837645095e-17,22.804818058081,7.7238763141342e-17,-18.853076669989,-5.4082745597684e-17,5.4083683175241e-17,39.602614725767,39.602596439718,-5.5427381251464e-06,-5.5428082754402e-06,5.4082968067673e-17,-5.4082393825762e-17,5.5427668135784e-06,5.5427776457866e-06,39.602655470609,39.602673744178,14.402363877952,8.4515950910509e-05,2.280481805808e-05,-5.4668856777969e-11,0,360.31533767184,100000610.01579,-1.7636597448323e-13,-0.009010495752494,0.011928570863672,330.92241777688,-1.935131153231e-06,878.4662687651,768.44547802076
67.716499999998,-15.719509098594,-5.2398298407218,1.8979043765154e-21,0.004567027851692,1.7338618113652,0,1.4067930757595e-17,22.496014688208,6.8944964593831e-17,-18.652336426777,-4.8275413711767e-17,4.8276258296156e-17,39.180941081554,39.180922874084,-4.9253611750315e-06,-4.9254238607342e-06,4.8275620615408e-17,-4.8275096117237e-17,4.9253867485047e-06,4.9253965619061e-06,39.180981868708,39.18100006376,14.249007154453,8.3348795372825e-05,2.2496014688207e-05,-5.4676027938518e-11,0,360.31533826724,100000610.58121,-1.766365919172e-13,-0.009014382495308,0.011928570863672,330.46051925788,-1.8945114296319e-06,877.22049280952,767.35468365266
67.816499999998,-15.343746463067,-5.1145757232124,1.7687878381578e-21,0.0045796598347561,1.7338596391876,0,1.3128976971353e-17,22.193583846689,6.1619008291099e-17,-18.454565276157,-4.3145766349463e-17,4.3146528265207e-17,38.765504296969,38.765486167819,-4.3816714570376e-06,-4.3817275422482e-06,4.3145958910344e-17,-4.314547922853e-17,4.3816942813671e-06,4.381703182691e-06,38.765545124914,38.765563241709,14.097918812105,8.2206035547425e-05,2.2193583846689e-05,-5.4682855532549e-11,0,360.3153388546,100000611.13901,-1.7685169819594e-13,-0.0090182172800993,0.011928570863672,330.00485729955,-1.8551081495402e-06,875.9915907788,766.27866685899
67.916499999998,-14.979079773303,-4.9930202523139,1.6498564496596e-21,0.0045921226638927,1.7338574958557,0,1.2262904001664e-17,21.897336330767,5.5142972159792e-17,-18.259701967407,-3.8611234328383e-17,3.8611922681957e-17,38.356175709022,38.356157657938,-3.9025589372721e-06,-3.9026091815119e-06,3.8611413667509e-17,-3.8610974404277e-17,3.9025793335327e-06,3.9025874175916e-06,38.356216576265,38.356234615058,13.949052051678,8.1086941384568e-05,2.1897336330767e-05,-5.4687461630038e-11,0,360.31533943409,100000611.68934,-1.7712925451614e-13,-0.0090220011645064,0.011928570863671,329.55530372635,-1.8168674558763e-06,874.77921483083,765.21712295615
68.016499999998,-14.625105736551,-4.8750289971721,1.540205779758e-21,0.0046044197801225,1.7338553807875,0,1.1463331628517e-17,21.60709053045,4.9413641949848e-17,-18.067687036607,-3.4599546900366e-17,3.4600169728801e-17,37.952830408076,37.952812434802,-3.4800613657678e-06,-3.4801064369501e-06,3.4599714044948e-17,-3.4599311272317e-17,3.4800796158877e-06,3.4800869669591e-06,37.952871313145,37.95288927419,13.802361439302,7.9990812272996e-05,2.160709053045e-05,-5.469472892325e-11,0,360.31534000586,100000612.23235,-1.7739293304478e-13,-0.0090257351751561,0.011928570863671,329.11173414877,-1.7797437927893e-06,873.58302742112,764.16975628174
68.116499999998,-14.281438978904,-4.7604734998734,1.4390201506225e-21,0.0046165545239917,1.7338532934177,0,1.0724497755977e-17,21.322672042708,4.4340652606048e-17,-17.878462736131,-3.1047430337945e-17,3.1047994738969e-17,37.555347089735,37.555329194017,-3.1072181367133e-06,-3.1072586224821e-06,3.1047586229464e-17,-3.104721643639e-17,3.1072344883597e-06,3.1072411814042e-06,37.555388031181,37.555405914731,13.657802852582,7.8916975539116e-05,2.1322672042708e-05,-5.4700032752533e-11,0,360.31534057009,100000612.7682,-1.7771906161471e-13,-0.0090294203088941,0.011928570863671,328.67402781219,-1.7436987212493e-06,872.40270089126,763.13627983398
68.216499999998,-13.947711087643,-4.6492309562358,1.3455631368572e-21,0.0046285301395343,1.7338512331975,0,1.0041193012011e-17,21.043913309355,3.984486624155e-17,-17.691972967683,-2.7899472189762e-17,2.7899984435763e-17,37.163607914172,37.163590095761,-2.7779428642789e-06,-2.7779792819239e-06,2.7899617691347e-17,-2.7899277736998e-17,2.777957535126e-06,2.777963636861e-06,37.163648890573,37.163666696876,13.515333429423,7.786478503856e-05,2.1043913309355e-05,-5.470402177344e-11,0,360.3153411269,100000613.29701,-1.7798967902994e-13,-0.0090330575339559,0.011928570863671,328.2420674535,-1.7086805651158e-06,871.23791707833,762.11641492953
68.316499999998,-13.623569713691,-4.5411839166201,1.2591691632366e-21,0.0046403497780379,1.7338491995934,0,9.4087028304419e-18,20.770653276598,3.5856956480933e-17,-17.508163218628,-2.5107130036088e-17,2.5107595673971e-17,36.777498372402,36.77748063105,-2.4869122702606e-06,-2.4869450753874e-06,2.5107265939268e-17,-2.5106953011719e-17,2.4869254517179e-06,2.4869310215648e-06,36.777539382353,36.777557111659,13.374911519376,7.6833619832291e-05,2.0770653276597e-05,-5.4710517427029e-11,0,360.31534167647,100000613.81894,-1.7824641865373e-13,-0.0090366477910774,0.01192857086367,327.81573916474,-1.6746604822423e-06,870.08836694368,761.10989087823
68.416499999998,-13.308677730254,-4.4362200054761,1.179236065084e-21,0.0046520165016224,1.7338471920871,0,8.8227560975383e-18,20.502737075438,3.2316172808102e-17,-17.326980501451,-2.2627866283935e-17,2.262829022261e-17,36.396907159096,36.396889494556,-2.2294692887389e-06,-2.2294988828539e-06,2.2627993314812e-17,-2.2627704894507e-17,2.2294811492099e-06,2.2294862401292e-06,36.396948201217,36.396965853771,13.236496637367,7.582288294392e-05,2.0502737075438e-05,-5.4716601359318e-11,0,360.31534221891,100000614.33411,-1.7853785274373e-13,-0.0090401919945519,0.01192857086367,327.3949322637,-1.6415880434297e-06,868.95375022014,760.11644467406
68.516499999998,-13.002712443069,-4.3342316581017,1.1052184928322e-21,0.0046635332866447,1.7338452101748,0,8.2794795633247e-18,20.2400157207,2.9169261927729e-17,-17.148373296143,-2.0424392903199e-17,2.0424779490261e-17,36.021726051567,36.021708463595,-2.0015385622583e-06,-2.0015652994039e-06,2.0424511728088e-17,-2.0424245555505e-17,2.0015492499881e-06,2.0015539092165e-06,36.0217671245,36.021784700543,13.100049419678,7.483200018969e-05,2.0240015720699e-05,-5.4721951727757e-11,0,360.31534275438,100000614.84267,-1.7883622572393e-13,-0.0090436910332364,0.01192857086367,326.97953917058,-1.6094473757041e-06,867.83377507657,759.1358207012
68.616499999998,-12.705364848953,-4.2351158734829,1.0366220582017e-21,0.0046749030269376,1.7338432533663,0,7.7753573242679e-18,19.982345827773,2.6369526090953e-17,-16.972291495347,-1.8464012065296e-17,1.8464365154262e-17,35.651849794537,35.651832282889,-1.7995527387365e-06,-1.7995769312979e-06,1.8464123295877e-17,-1.8463877342917e-17,1.7995623843009e-06,1.799566654002e-06,35.651890896941,35.651908396716,12.965531582018,7.3860419077519e-05,1.9982345827773e-05,-5.4729022616228e-11,0,360.31534328301,100000615.34473,-1.7907908754925e-13,-0.0090471457715059,0.011928570863669,326.56945529076,-1.5781823433598e-06,866.72815779847,758.16777045421
68.716499999998,-12.416338939245,-4.1387739821095,9.7299813245254e-22,0.0046861285368947,1.733841321185,0,7.3071947710289e-18,19.729589346021,2.38760009017e-17,-16.7986863521,-1.6718040442258e-17,1.6718363451526e-17,35.287175990365,35.2871585548,-1.6203881828596e-06,-1.6204101066467e-06,1.6718144640281e-17,-1.671791708493e-17,1.620396901342e-06,1.6204008191803e-06,35.28721712092,35.287234544669,12.832905879593,7.2907607770922e-05,1.9729589346021e-05,-5.4734969766289e-11,0,360.31534380493,100000615.84042,-1.7938439941655e-13,-0.0090505570501664,0.011928570863669,326.16457890318,-1.5477716117267e-06,865.63662248404,757.21205227179
68.816499999998,-12.135351044792,-4.0451114276424,9.1393921883732e-22,0.0046972125544084,1.7338394131671,0,6.8720864733644e-18,19.481613307293,2.1652737357344e-17,-16.627510430043,-1.5161306490818e-17,1.5161602455389e-17,34.927604994459,34.927587634737,-1.4613088939702e-06,-1.4613287926669e-06,1.5161404172396e-17,-1.5161193376273e-17,1.4613167868647e-06,1.4613203865127e-06,34.927646151865,34.927663499828,12.702136069058,7.1973054111845e-05,1.9481613307293e-05,-5.4741068788285e-11,0,360.31534432027,100000616.32986,-1.7964807791704e-13,-0.0090539256873222,0.011928570863669,325.76481105405,-1.5181843258034e-06,864.55890075469,756.26843108314
68.916499999998,-11.86212921988,-3.9540375615505,8.5907483121057e-22,0.0047081577436709,1.7338375288612,0,6.4673875402284e-18,19.238289588928,1.9668174828305e-17,-16.458717555924,-1.3771711412023e-17,1.3771983028893e-17,34.573039815509,34.573022531389,-1.3199175777822e-06,-1.3199356668419e-06,1.3771803051547e-17,-1.3771607540022e-17,1.3199247346583e-06,1.3199280462447e-06,34.573080998483,34.573098270896,12.573186872218,7.1056264699909e-05,1.9238289588927e-05,-5.4747950816643e-11,0,360.31534482914,100000616.81318,-1.7988400083883e-13,-0.009057252479204,0.011928570863669,325.37005545545,-1.4893905529492e-06,863.49473147898,755.33667816607
69.016499999998,-11.596412662107,-3.8654654497421,8.0806781938187e-22,0.0047189666978448,1.7338356678278,0,6.0906880511812e-18,18.999494689816,1.789459338237e-17,-16.292262774297,-1.2529845668107e-17,1.2530095336116e-17,34.22338602032,34.223368811564,-1.1941129546082e-06,-1.1941294246669e-06,1.2529931701827e-17,-1.2529750146376e-17,1.1941194545678e-06,1.1941225050734e-06,34.223427227598,34.223444424699,12.44602394141,7.0156764022575e-05,1.8999494689815e-05,-5.475558720694e-11,0,360.31534533168,100000617.29047,-1.801476793329e-13,-0.009060538200957,0.011928570863668,324.98021838864,-1.46135741082e-06,862.44386050948,754.4165709165
69.116499999998,-11.337951166282,-3.7793116905256,7.6061108928908e-22,0.0047296419416115,1.7338338296391,0,5.7397902057147e-18,18.765109519382,1.6307635342769e-17,-16.128102304279,-1.1418653976915e-17,1.1418883831732e-17,33.87855164298,33.878534509352,-1.0820525047233e-06,-1.0820675245887e-06,1.1418734806193e-17,-1.1418566008758e-17,1.0820584176749e-06,1.0820612312825e-06,33.878592873315,33.878609995342,12.320613826461,6.9274093635559e-05,1.8765109519382e-05,-5.4760745338413e-11,0,360.315345828,100000617.76187,-1.8049462455062e-13,-0.0090637836073949,0.011928570863668,324.59520861189,-1.4340671871273e-06,861.40604043172,753.50789262848
69.216499999999,-11.086504609476,-3.695496242961,7.1642467237541e-22,0.0047401859336032,1.7338320138782,0,5.4126878795322e-18,18.535019197782,1.4885887262365e-17,-15.966193498251,-1.0423142609743e-17,1.042335455461e-17,33.538447098108,33.538430039372,-9.821199542483e-07,-9.8213367352056e-07,1.0423218604032e-17,-1.0423061483137e-17,9.8212534202319e-07,9.8212794042708e-07,33.538488350269,33.53850539746,12.196923943124,6.8407811386973e-05,1.8535019197781e-05,-5.4766424983096e-11,0,360.31534631821,100000618.22746,-1.8079993640182e-13,-0.0090669894337178,0.011928570863668,324.21493727241,-1.407476132109e-06,860.3810303245,752.61043228426
69.316499999999,-10.841842465666,-3.6139422650759,6.7525310431411e-22,0.0047506010687256,1.7338302201392,0,5.1075483158233e-18,18.309112867356,1.3610514623925e-17,-15.806494802412,-9.5301236080455e-18,9.5303193407883e-18,33.202985097992,33.202968113913,-8.9289689447938e-07,-8.9290944584769e-07,9.5301951075992e-18,-9.5300486860201e-18,8.9290181180857e-07,8.9290421448862e-07,33.203026370767,33.203043343355,12.074922542939,6.7557490685266e-05,1.8309112867356e-05,-5.4772234654431e-11,0,360.31534680243,100000618.68737,-1.8107055378061e-13,-0.0090701563962002,0.011928570863667,323.83931782233,-1.3815825608176e-06,859.36859553115,751.72398435384
69.416499999999,-10.603743347659,-3.5345759611764,6.3686307798414e-22,0.0047608896803777,1.7338284480262,0,4.8226957116871e-18,18.087283514063,1.2464942559619e-17,-15.648965719068,-8.7279912228483e-18,8.728172259631e-18,32.872080573373,32.872063663714,-8.1313800560229e-07,-8.1314950685931e-07,8.7280585411948e-18,-8.7279219350094e-18,8.1314250097212e-07,8.1314472543612e-07,32.872121865563,32.872138763784,11.954578684411,6.6722719806017e-05,1.8087283514063e-05,-5.4777388127237e-11,0,360.31534728076,100000619.14169,-1.8138974341365e-13,-0.0090732851928458,0.011928570863667,323.46826593842,-1.3563460375917e-06,858.36850744086,750.84834860339
69.516499999999,-10.371994574815,-3.4573264377469,6.0104133988789e-22,0.0047710540425725,1.7338266971538,0,4.5565964889155e-18,17.869427798664,1.1434576740117e-17,-15.493566770568,-8.0065264809603e-18,8.0066941771756e-18,32.545650597691,32.54563376222,-7.4174942370574e-07,-7.4175997951459e-07,8.0065899071584e-18,-8.0064623160098e-18,7.4175354010761e-07,7.4175560210598e-07,32.545691908116,32.545708732203,11.835862205453,6.5903101236688e-05,1.7869427798664e-05,-5.4783781988014e-11,0,360.31534775331,100000619.59052,-1.8160484963509e-13,-0.0090763765040154,0.011928570863667,323.10169944522,-1.3317569140845e-06,857.38054327971,749.98332991222
69.616499999999,-10.14639176459,-3.3821255673063,5.6759280288501e-22,0.0047810963719661,1.7338249671457,0,4.3078460633057e-18,17.655445896655,1.0506559331067e-17,-15.340259464814,-7.3567263054002e-18,7.3568818740538e-18,32.223614314635,32.223597553118,-6.7776984923424e-07,-6.7777955267911e-07,7.3567861060967e-18,-7.3566668045353e-18,6.7777362482169e-07,6.7777553853768e-07,32.223655642129,32.223672392315,11.718743697034,6.5098251055428e-05,1.7655445896655e-05,-5.478924747616e-11,0,360.31534822019,100000620.03397,-1.8198648930738e-13,-0.0090794309930269,0.011928570863667,322.73953824172,-1.3077777726518e-06,856.40448591089,749.1287380977
69.716499999999,-9.9267384467566,-3.3089078598093,5.363388513611e-22,0.0047910188297981,1.7338232576353,0,4.0751569487118e-18,17.445241346906,9.6695555663722e-18,-15.189006262241,-6.7706540737441e-18,6.7707986016416e-18,31.905892868783,31.905876180987,-6.203540466239e-07,-6.203629805712e-07,6.7707104950509e-18,-6.7705988248292e-18,6.2035751528862e-07,6.2035929350691e-07,31.905934212195,31.905950888712,11.60319447794,6.4307798343729e-05,1.7445241346906e-05,-5.4795967591455e-11,0,360.31534868149,100000620.47212,-1.8227098446206e-13,-0.0090824493067285,0.011928570863666,322.38170423105,-1.2844011160042e-06,855.44012364351,748.28438774784
69.816499999999,-9.7128456984284,-3.2376103409897,5.0711581770934e-22,0.0048008235237491,1.7338215682651,0,3.8573480507498e-18,17.238720907831,8.9135670559009e-18,-15.039770544206,-6.2413088959503e-18,6.2414433579546e-18,31.592409339191,31.592392724884,-5.6875842982702e-07,-5.6876666812081e-07,6.2413621651567e-18,-6.241257528368e-18,5.6876162170403e-07,5.6876327596025e-07,31.592450697386,31.592467300465,11.48918657062,6.3531384628433e-05,1.7238720907831e-05,-5.4801247446841e-11,0,360.31534913731,100000620.90507,-1.8250690735666e-13,-0.0090854320760484,0.011928570863666,322.02812125337,-1.2616070503134e-06,854.48725004964,747.45009806091
69.916499999999,-9.5045317990781,-3.1681724373689,4.7977361156655e-22,0.0048105125097197,1.733819898686,0,3.6533350225879e-18,17.035794421439,8.2297684406898e-18,-14.892516582709,-5.7625112401252e-18,5.7626365117212e-18,31.283088675807,31.283072134756,-5.2232846760723e-07,-5.2233607611947e-07,5.7625615672601e-18,-5.7624634202245e-18,5.2233140951814e-07,5.2233295023156e-07,31.283130047662,31.283146577534,11.376692678056,6.2768663354307e-05,1.7035794421439e-05,-5.4806120430138e-11,0,360.31534958774,100000621.33291,-1.8278446361192e-13,-0.0090883799165224,0.011928570863666,321.67871502148,-1.2393630160408e-06,853.54566378929,746.62569269216
70.016499999999,-9.3016219037535,-3.1005358673243,4.5417448528249e-22,0.0048200877935341,1.7338182485576,0,3.4621215690456e-18,16.836374683806,7.6103644406454e-18,-14.747209511381,-5.3288028371401e-18,5.328919705515e-18,30.977857638503,30.977841170479,-4.8048767662287e-07,-4.8049471417657e-07,5.328850416398e-18,-5.3287582642115e-18,4.804903924649e-07,4.8049182905619e-07,30.977899022912,30.977915479808,11.265686161579,6.2019299381724e-05,1.6836374683805e-05,-5.4811660588424e-11,0,360.31535003289,100000621.75573,-1.8305508097049e-13,-0.0090912934287958,0.011928570863665,321.33341305901,-1.2176645743956e-06,852.61516844245,745.81099960668
70.116499999999,-9.1039477338655,-3.0346445380188,4.301919211257e-22,0.0048295513325724,1.7338166175475,0,3.2827915991196e-18,16.640377322512,7.0484647164749e-18,-14.603815297659,-4.9353590587912e-18,4.9354682326104e-18,30.676644738654,30.676628343427,-4.4272800005931e-07,-4.4273451924018e-07,4.9354040698334e-18,-4.9353174615048e-18,4.4273051114685e-07,4.4273185214275e-07,30.676686134524,30.676702518675,11.156141019621,6.1282968511315e-05,1.6640377322512e-05,-5.4815458444538e-11,0,360.31535047284,100000622.17362,-1.834020261592e-13,-0.0090941731991078,0.011928570863665,320.99214464162,-1.1964848165698e-06,851.69557234844,745.00585093864
